image_id_a,image_id_b,subject_a,subject_b,eye_a,eye_b,label,score,threshold,tail_rule
1081607,1082443,nd1S06943,nd1S05857,R,R,impostor,1.214818,1.405748,score <= 1th percentile of impostor scores (1.405748); n_impostor=100000
656700,683400,nd1S05044,nd1S05970,R,R,impostor,1.255552,1.405748,score <= 1th percentile of impostor scores (1.405748); n_impostor=100000
524469,706761,nd1S05271,nd1S05619,L,L,impostor,1.263029,1.405748,score <= 1th percentile of impostor scores (1.405748); n_impostor=100000
231391,407619,nd1S05487,nd1S05857,R,R,impostor,1.264805,1.405748,score <= 1th percentile of impostor scores (1.405748); n_impostor=100000
207911,667715,nd1S04851,nd1S05271,L,L,impostor,1.272096,1.405748,score <= 1th percentile of impostor scores (1.405748); n_impostor=100000
1129585,704800,nd1S05456,nd1S05766,L,L,impostor,1.280289,1.405748,score <= 1th percentile of impostor scores (1.405748); n_impostor=100000
1017028,707898,nd1S05889,nd1S06441,R,R,impostor,1.281624,1.405748,score <= 1th percentile of impostor scores (1.405748); n_impostor=100000
397296,656291,nd1S05281,nd1S05213,L,L,impostor,1.282000,1.405748,score <= 1th percentile of impostor scores (1.405748); n_impostor=100000
667585,901176,nd1S05308,nd1S05735,L,L,impostor,1.284481,1.405748,score <= 1th percentile of impostor scores (1.405748); n_impostor=100000
267703,396744,nd1S05682,nd1S05884,L,L,impostor,1.289388,1.405748,score <= 1th percentile of impostor scores (1.405748); n_impostor=100000
529574,706761,nd1S05271,nd1S05619,L,L,impostor,1.290923,1.405748,score <= 1th percentile of impostor scores (1.405748); n_impostor=100000
1044445,900104,nd1S05379,nd1S05766,R,L,impostor,1.291928,1.405748,score <= 1th percentile of impostor scores (1.405748); n_impostor=100000
709066,967052,nd1S06069,nd1S05619,L,R,impostor,1.293096,1.405748,score <= 1th percentile of impostor scores (1.405748); n_impostor=100000
1085407,830249,nd1S06745,nd1S05889,R,R,impostor,1.293551,1.405748,score <= 1th percentile of impostor scores (1.405748); n_impostor=100000
1056833,860409,nd1S05619,nd1S05863,R,L,impostor,1.293905,1.405748,score <= 1th percentile of impostor scores (1.405748); n_impostor=100000
1130937,416323,nd1S05953,nd1S05714,R,L,impostor,1.295480,1.405748,score <= 1th percentile of impostor scores (1.405748); n_impostor=100000
164487,177120,nd1S04684,nd1S04714,L,R,impostor,1.298791,1.405748,score <= 1th percentile of impostor scores (1.405748); n_impostor=100000
267541,856874,nd1S05315,nd1S05301,L,L,impostor,1.299746,1.405748,score <= 1th percentile of impostor scores (1.405748); n_impostor=100000
1113667,941644,nd1S05863,nd1S04418,L,L,impostor,1.303000,1.405748,score <= 1th percentile of impostor scores (1.405748); n_impostor=100000
1152103,1192238,nd1S07015,nd1S07015,R,L,impostor,1.303604,1.405748,score <= 1th percentile of impostor scores (1.405748); n_impostor=100000
615058,659433,nd1S05831,nd1S05270,L,L,impostor,1.304715,1.405748,score <= 1th percentile of impostor scores (1.405748); n_impostor=100000
243066,934720,nd1S05271,nd1S05271,R,L,impostor,1.305295,1.405748,score <= 1th percentile of impostor scores (1.405748); n_impostor=100000
206822,406409,nd1S04851,nd1S05271,L,L,impostor,1.305487,1.405748,score <= 1th percentile of impostor scores (1.405748); n_impostor=100000
529065,537280,nd1S05308,nd1S04649,L,L,impostor,1.305681,1.405748,score <= 1th percentile of impostor scores (1.405748); n_impostor=100000
1130299,584298,nd1S06118,nd1S05842,L,L,impostor,1.307332,1.405748,score <= 1th percentile of impostor scores (1.405748); n_impostor=100000
659566,723179,nd1S02463,nd1S06139,L,L,impostor,1.308559,1.405748,score <= 1th percentile of impostor scores (1.405748); n_impostor=100000
229485,659493,nd1S04851,nd1S05271,L,L,impostor,1.310032,1.405748,score <= 1th percentile of impostor scores (1.405748); n_impostor=100000
800487,821621,nd1S05889,nd1S06441,R,R,impostor,1.310503,1.405748,score <= 1th percentile of impostor scores (1.405748); n_impostor=100000
587728,662431,nd1S05974,nd1S05049,L,L,impostor,1.314575,1.405748,score <= 1th percentile of impostor scores (1.405748); n_impostor=100000
1063361,817718,nd1S06441,nd1S06217,R,L,impostor,1.315564,1.405748,score <= 1th percentile of impostor scores (1.405748); n_impostor=100000
255419,255430,nd1S05271,nd1S05271,L,R,impostor,1.315802,1.405748,score <= 1th percentile of impostor scores (1.405748); n_impostor=100000
1105365,162945,nd1S06868,nd1S04851,L,L,impostor,1.316181,1.405748,score <= 1th percentile of impostor scores (1.405748); n_impostor=100000
1134533,517951,nd1S05889,nd1S05845,L,L,impostor,1.319441,1.405748,score <= 1th percentile of impostor scores (1.405748); n_impostor=100000
1088852,696543,nd1S06927,nd1S06352,R,L,impostor,1.320418,1.405748,score <= 1th percentile of impostor scores (1.405748); n_impostor=100000
205669,546228,nd1S04851,nd1S05271,L,L,impostor,1.320533,1.405748,score <= 1th percentile of impostor scores (1.405748); n_impostor=100000
242934,659515,nd1S05289,nd1S05272,R,L,impostor,1.321268,1.405748,score <= 1th percentile of impostor scores (1.405748); n_impostor=100000
659433,728844,nd1S05270,nd1S06126,L,R,impostor,1.321271,1.405748,score <= 1th percentile of impostor scores (1.405748); n_impostor=100000
725671,971011,nd1S05735,nd1S06118,R,R,impostor,1.323085,1.405748,score <= 1th percentile of impostor scores (1.405748); n_impostor=100000
1102839,990825,nd1S05321,nd1S06793,R,L,impostor,1.323296,1.405748,score <= 1th percentile of impostor scores (1.405748); n_impostor=100000
164577,587729,nd1S04851,nd1S05974,L,L,impostor,1.323705,1.405748,score <= 1th percentile of impostor scores (1.405748); n_impostor=100000
1169180,512754,nd1S05619,nd1S05271,L,L,impostor,1.323923,1.405748,score <= 1th percentile of impostor scores (1.405748); n_impostor=100000
868761,909935,nd1S05735,nd1S02463,L,L,impostor,1.324252,1.405748,score <= 1th percentile of impostor scores (1.405748); n_impostor=100000
759736,797425,nd1S05661,nd1S06406,L,L,impostor,1.324715,1.405748,score <= 1th percentile of impostor scores (1.405748); n_impostor=100000
1057844,789397,nd1S05932,nd1S05321,L,R,impostor,1.326637,1.405748,score <= 1th percentile of impostor scores (1.405748); n_impostor=100000
725573,911381,nd1S05661,nd1S05541,L,L,impostor,1.327085,1.405748,score <= 1th percentile of impostor scores (1.405748); n_impostor=100000
721337,911381,nd1S05379,nd1S05541,L,L,impostor,1.327367,1.405748,score <= 1th percentile of impostor scores (1.405748); n_impostor=100000
856889,973678,nd1S05301,nd1S05708,R,R,impostor,1.327935,1.405748,score <= 1th percentile of impostor scores (1.405748); n_impostor=100000
655645,669202,nd1S04851,nd1S05284,L,R,impostor,1.328923,1.405748,score <= 1th percentile of impostor scores (1.405748); n_impostor=100000
1018450,704749,nd1S06181,nd1S02463,R,L,impostor,1.329107,1.405748,score <= 1th percentile of impostor scores (1.405748); n_impostor=100000
654404,942263,nd1S04684,nd1S05766,L,L,impostor,1.329658,1.405748,score <= 1th percentile of impostor scores (1.405748); n_impostor=100000
730113,905970,nd1S06505,nd1S05742,R,L,impostor,1.329944,1.405748,score <= 1th percentile of impostor scores (1.405748); n_impostor=100000
659279,665980,nd1S05096,nd1S05096,R,L,impostor,1.330493,1.405748,score <= 1th percentile of impostor scores (1.405748); n_impostor=100000
1192858,611432,nd1S04261,nd1S05308,L,L,impostor,1.330684,1.405748,score <= 1th percentile of impostor scores (1.405748); n_impostor=100000
1126602,696899,nd1S05856,nd1S05810,L,L,impostor,1.330790,1.405748,score <= 1th percentile of impostor scores (1.405748); n_impostor=100000
1090874,270694,nd1S06932,nd1S05695,R,R,impostor,1.330806,1.405748,score <= 1th percentile of impostor scores (1.405748); n_impostor=100000
1012175,1113259,nd1S06859,nd1S05853,R,L,impostor,1.331419,1.405748,score <= 1th percentile of impostor scores (1.405748); n_impostor=100000
169119,406408,nd1S04851,nd1S05271,L,L,impostor,1.331615,1.405748,score <= 1th percentile of impostor scores (1.405748); n_impostor=100000
707834,868706,nd1S06406,nd1S06441,R,R,impostor,1.331784,1.405748,score <= 1th percentile of impostor scores (1.405748); n_impostor=100000
1064607,1082443,nd1S06245,nd1S05857,L,R,impostor,1.331984,1.405748,score <= 1th percentile of impostor scores (1.405748); n_impostor=100000
1126602,869145,nd1S05856,nd1S05407,L,L,impostor,1.332655,1.405748,score <= 1th percentile of impostor scores (1.405748); n_impostor=100000
1014368,764875,nd1S06745,nd1S06128,R,R,impostor,1.333566,1.405748,score <= 1th percentile of impostor scores (1.405748); n_impostor=100000
1035705,522740,nd1S05619,nd1S05271,L,L,impostor,1.334133,1.405748,score <= 1th percentile of impostor scores (1.405748); n_impostor=100000
1105770,896420,nd1S06793,nd1S05547,R,R,impostor,1.334623,1.405748,score <= 1th percentile of impostor scores (1.405748); n_impostor=100000
531448,660384,nd1S05708,nd1S05280,L,R,impostor,1.335042,1.405748,score <= 1th percentile of impostor scores (1.405748); n_impostor=100000
615057,659433,nd1S05831,nd1S05270,L,L,impostor,1.335077,1.405748,score <= 1th percentile of impostor scores (1.405748); n_impostor=100000
441493,529065,nd1S04649,nd1S05308,L,L,impostor,1.336151,1.405748,score <= 1th percentile of impostor scores (1.405748); n_impostor=100000
374149,685159,nd1S04701,nd1S05624,L,L,impostor,1.336565,1.405748,score <= 1th percentile of impostor scores (1.405748); n_impostor=100000
1033056,1192894,nd1S05742,nd1S04261,R,L,impostor,1.336795,1.405748,score <= 1th percentile of impostor scores (1.405748); n_impostor=100000
1034350,768628,nd1S06896,nd1S05881,L,R,impostor,1.336901,1.405748,score <= 1th percentile of impostor scores (1.405748); n_impostor=100000
217105,660770,nd1S04851,nd1S05284,L,R,impostor,1.337901,1.405748,score <= 1th percentile of impostor scores (1.405748); n_impostor=100000
1135289,667798,nd1S05889,nd1S05317,R,R,impostor,1.339290,1.405748,score <= 1th percentile of impostor scores (1.405748); n_impostor=100000
410512,801354,nd1S05317,nd1S06181,R,R,impostor,1.339703,1.405748,score <= 1th percentile of impostor scores (1.405748); n_impostor=100000
304002,665866,nd1S04851,nd1S05213,L,L,impostor,1.340156,1.405748,score <= 1th percentile of impostor scores (1.405748); n_impostor=100000
790692,941407,nd1S06345,nd1S05957,L,L,impostor,1.340351,1.405748,score <= 1th percentile of impostor scores (1.405748); n_impostor=100000
1043101,516337,nd1S06350,nd1S06069,L,L,impostor,1.340433,1.405748,score <= 1th percentile of impostor scores (1.405748); n_impostor=100000
1129585,858299,nd1S05456,nd1S04649,L,L,impostor,1.340442,1.405748,score <= 1th percentile of impostor scores (1.405748); n_impostor=100000
1151784,607237,nd1S07015,nd1S06091,R,L,impostor,1.341294,1.405748,score <= 1th percentile of impostor scores (1.405748); n_impostor=100000
1103072,387820,nd1S05661,nd1S05321,L,L,impostor,1.341404,1.405748,score <= 1th percentile of impostor scores (1.405748); n_impostor=100000
579746,710750,nd1S06079,nd1S05881,L,L,impostor,1.341664,1.405748,score <= 1th percentile of impostor scores (1.405748); n_impostor=100000
201495,668505,nd1S02463,nd1S05308,L,L,impostor,1.342323,1.405748,score <= 1th percentile of impostor scores (1.405748); n_impostor=100000
661748,665218,nd1S04970,nd1S05049,R,L,impostor,1.342340,1.405748,score <= 1th percentile of impostor scores (1.405748); n_impostor=100000
162040,660373,nd1S04684,nd1S05279,L,R,impostor,1.342464,1.405748,score <= 1th percentile of impostor scores (1.405748); n_impostor=100000
799333,832047,nd1S05321,nd1S06406,L,L,impostor,1.342515,1.405748,score <= 1th percentile of impostor scores (1.405748); n_impostor=100000
664354,666468,nd1S04667,nd1S04684,L,L,impostor,1.343102,1.405748,score <= 1th percentile of impostor scores (1.405748); n_impostor=100000
579682,901178,nd1S05842,nd1S05735,L,R,impostor,1.343616,1.405748,score <= 1th percentile of impostor scores (1.405748); n_impostor=100000
724727,831997,nd1S05742,nd1S06044,R,R,impostor,1.343875,1.405748,score <= 1th percentile of impostor scores (1.405748); n_impostor=100000
723665,797431,nd1S05555,nd1S06406,R,R,impostor,1.344211,1.405748,score <= 1th percentile of impostor scores (1.405748); n_impostor=100000
1087227,759537,nd1S05456,nd1S05974,R,R,impostor,1.344238,1.405748,score <= 1th percentile of impostor scores (1.405748); n_impostor=100000
707831,790112,nd1S06406,nd1S05842,L,L,impostor,1.344610,1.405748,score <= 1th percentile of impostor scores (1.405748); n_impostor=100000
396780,660398,nd1S05708,nd1S05280,L,R,impostor,1.344656,1.405748,score <= 1th percentile of impostor scores (1.405748); n_impostor=100000
1112921,585946,nd1S05954,nd1S06126,R,R,impostor,1.344911,1.405748,score <= 1th percentile of impostor scores (1.405748); n_impostor=100000
667765,755114,nd1S05315,nd1S05974,L,L,impostor,1.345724,1.405748,score <= 1th percentile of impostor scores (1.405748); n_impostor=100000
406409,511263,nd1S05271,nd1S05999,L,R,impostor,1.345729,1.405748,score <= 1th percentile of impostor scores (1.405748); n_impostor=100000
237271,255418,nd1S05487,nd1S05271,R,L,impostor,1.345829,1.405748,score <= 1th percentile of impostor scores (1.405748); n_impostor=100000
278287,614341,nd1S05713,nd1S05999,R,L,impostor,1.345927,1.405748,score <= 1th percentile of impostor scores (1.405748); n_impostor=100000
437248,659404,nd1S05459,nd1S05269,L,L,impostor,1.345954,1.405748,score <= 1th percentile of impostor scores (1.405748); n_impostor=100000
1133078,990825,nd1S05321,nd1S06793,R,L,impostor,1.346191,1.405748,score <= 1th percentile of impostor scores (1.405748); n_impostor=100000
1156774,969972,nd1S06017,nd1S06441,R,R,impostor,1.346214,1.405748,score <= 1th percentile of impostor scores (1.405748); n_impostor=100000
1012191,1107585,nd1S06859,nd1S05455,R,R,impostor,1.346223,1.405748,score <= 1th percentile of impostor scores (1.405748); n_impostor=100000
825682,858299,nd1S05970,nd1S04649,R,L,impostor,1.346571,1.405748,score <= 1th percentile of impostor scores (1.405748); n_impostor=100000
660326,710623,nd1S05278,nd1S05974,R,L,impostor,1.347117,1.405748,score <= 1th percentile of impostor scores (1.405748); n_impostor=100000
659279,676417,nd1S05096,nd1S05619,R,L,impostor,1.347966,1.405748,score <= 1th percentile of impostor scores (1.405748); n_impostor=100000
262291,870378,nd1S05244,nd1S05541,R,R,impostor,1.348187,1.405748,score <= 1th percentile of impostor scores (1.405748); n_impostor=100000
831170,907925,nd1S06128,nd1S06406,R,R,impostor,1.348197,1.405748,score <= 1th percentile of impostor scores (1.405748); n_impostor=100000
1107417,1113163,nd1S04470,nd1S05889,L,L,impostor,1.348400,1.405748,score <= 1th percentile of impostor scores (1.405748); n_impostor=100000
268188,521342,nd1S05044,nd1S05708,L,L,impostor,1.348486,1.405748,score <= 1th percentile of impostor scores (1.405748); n_impostor=100000
1128828,765559,nd1S05963,nd1S05321,L,R,impostor,1.348708,1.405748,score <= 1th percentile of impostor scores (1.405748); n_impostor=100000
1013024,706156,nd1S06245,nd1S05555,L,L,impostor,1.348773,1.405748,score <= 1th percentile of impostor scores (1.405748); n_impostor=100000
289041,556304,nd1S05742,nd1S05881,R,L,impostor,1.349772,1.405748,score <= 1th percentile of impostor scores (1.405748); n_impostor=100000
1103809,995778,nd1S06505,nd1S06091,L,L,impostor,1.349929,1.405748,score <= 1th percentile of impostor scores (1.405748); n_impostor=100000
432868,613532,nd1S05379,nd1S05379,R,L,impostor,1.349996,1.405748,score <= 1th percentile of impostor scores (1.405748); n_impostor=100000
277036,857508,nd1S05321,nd1S05619,L,R,impostor,1.350042,1.405748,score <= 1th percentile of impostor scores (1.405748); n_impostor=100000
611526,902271,nd1S04649,nd1S05301,L,L,impostor,1.350144,1.405748,score <= 1th percentile of impostor scores (1.405748); n_impostor=100000
241321,824428,nd1S04649,nd1S06128,L,R,impostor,1.350188,1.405748,score <= 1th percentile of impostor scores (1.405748); n_impostor=100000
241947,244167,nd1S05379,nd1S05405,R,R,impostor,1.350530,1.405748,score <= 1th percentile of impostor scores (1.405748); n_impostor=100000
1132516,858299,nd1S06082,nd1S04649,R,L,impostor,1.350765,1.405748,score <= 1th percentile of impostor scores (1.405748); n_impostor=100000
760998,990703,nd1S06118,nd1S06245,L,L,impostor,1.351207,1.405748,score <= 1th percentile of impostor scores (1.405748); n_impostor=100000
241711,539036,nd1S05044,nd1S05970,R,R,impostor,1.351757,1.405748,score <= 1th percentile of impostor scores (1.405748); n_impostor=100000
1128852,1130440,nd1S05880,nd1S05954,L,L,impostor,1.351779,1.405748,score <= 1th percentile of impostor scores (1.405748); n_impostor=100000
1192894,284123,nd1S04261,nd1S05742,L,R,impostor,1.351954,1.405748,score <= 1th percentile of impostor scores (1.405748); n_impostor=100000
1157093,580593,nd1S06017,nd1S05970,R,L,impostor,1.352014,1.405748,score <= 1th percentile of impostor scores (1.405748); n_impostor=100000
241621,659512,nd1S05555,nd1S05272,L,R,impostor,1.352170,1.405748,score <= 1th percentile of impostor scores (1.405748); n_impostor=100000
1012915,906629,nd1S06793,nd1S06110,L,R,impostor,1.352628,1.405748,score <= 1th percentile of impostor scores (1.405748); n_impostor=100000
313859,656699,nd1S05682,nd1S05044,L,R,impostor,1.352923,1.405748,score <= 1th percentile of impostor scores (1.405748); n_impostor=100000
217104,237693,nd1S04851,nd1S05379,L,R,impostor,1.352935,1.405748,score <= 1th percentile of impostor scores (1.405748); n_impostor=100000
514143,540875,nd1S05880,nd1S06069,L,L,impostor,1.353269,1.405748,score <= 1th percentile of impostor scores (1.405748); n_impostor=100000
516622,706761,nd1S05271,nd1S05619,L,L,impostor,1.353973,1.405748,score <= 1th percentile of impostor scores (1.405748); n_impostor=100000
1113271,942097,nd1S05853,nd1S06745,R,R,impostor,1.354306,1.405748,score <= 1th percentile of impostor scores (1.405748); n_impostor=100000
723360,764324,nd1S05629,nd1S06221,L,R,impostor,1.354326,1.405748,score <= 1th percentile of impostor scores (1.405748); n_impostor=100000
580654,653822,nd1S05713,nd1S05049,L,R,impostor,1.354453,1.405748,score <= 1th percentile of impostor scores (1.405748); n_impostor=100000
1083269,989821,nd1S06745,nd1S06793,L,L,impostor,1.354496,1.405748,score <= 1th percentile of impostor scores (1.405748); n_impostor=100000
1017025,1081629,nd1S05889,nd1S05619,L,R,impostor,1.354661,1.405748,score <= 1th percentile of impostor scores (1.405748); n_impostor=100000
1130429,761189,nd1S05954,nd1S06406,R,R,impostor,1.354899,1.405748,score <= 1th percentile of impostor scores (1.405748); n_impostor=100000
1064394,831989,nd1S05616,nd1S06044,R,L,impostor,1.355315,1.405748,score <= 1th percentile of impostor scores (1.405748); n_impostor=100000
345078,934719,nd1S05619,nd1S05271,L,L,impostor,1.355326,1.405748,score <= 1th percentile of impostor scores (1.405748); n_impostor=100000
724762,941644,nd1S05713,nd1S04418,L,L,impostor,1.355437,1.405748,score <= 1th percentile of impostor scores (1.405748); n_impostor=100000
1036068,579746,nd1S05963,nd1S06079,R,L,impostor,1.355491,1.405748,score <= 1th percentile of impostor scores (1.405748); n_impostor=100000
396779,684005,nd1S05708,nd1S05932,L,L,impostor,1.355542,1.405748,score <= 1th percentile of impostor scores (1.405748); n_impostor=100000
1129409,788788,nd1S05856,nd1S05810,L,L,impostor,1.355614,1.405748,score <= 1th percentile of impostor scores (1.405748); n_impostor=100000
449965,945720,nd1S05597,nd1S05246,L,R,impostor,1.355741,1.405748,score <= 1th percentile of impostor scores (1.405748); n_impostor=100000
722165,831999,nd1S02463,nd1S06044,L,L,impostor,1.355757,1.405748,score <= 1th percentile of impostor scores (1.405748); n_impostor=100000
261213,520309,nd1S05619,nd1S06086,L,L,impostor,1.355807,1.405748,score <= 1th percentile of impostor scores (1.405748); n_impostor=100000
1155289,725930,nd1S07015,nd1S05880,R,L,impostor,1.355923,1.405748,score <= 1th percentile of impostor scores (1.405748); n_impostor=100000
432369,897855,nd1S05270,nd1S05379,R,R,impostor,1.356384,1.405748,score <= 1th percentile of impostor scores (1.405748); n_impostor=100000
1090875,674838,nd1S06932,nd1S05857,R,R,impostor,1.356667,1.405748,score <= 1th percentile of impostor scores (1.405748); n_impostor=100000
1086703,289045,nd1S05456,nd1S05742,L,L,impostor,1.356696,1.405748,score <= 1th percentile of impostor scores (1.405748); n_impostor=100000
241123,798965,nd1S05511,nd1S05541,L,L,impostor,1.357283,1.405748,score <= 1th percentile of impostor scores (1.405748); n_impostor=100000
791872,942860,nd1S05713,nd1S06768,R,R,impostor,1.357345,1.405748,score <= 1th percentile of impostor scores (1.405748); n_impostor=100000
1015652,1107417,nd1S02463,nd1S04470,L,L,impostor,1.357404,1.405748,score <= 1th percentile of impostor scores (1.405748); n_impostor=100000
523615,591061,nd1S06082,nd1S06202,L,R,impostor,1.357409,1.405748,score <= 1th percentile of impostor scores (1.405748); n_impostor=100000
1085401,820275,nd1S06745,nd1S06345,R,L,impostor,1.357450,1.405748,score <= 1th percentile of impostor scores (1.405748); n_impostor=100000
1064378,659699,nd1S05970,nd1S05275,L,R,impostor,1.357640,1.405748,score <= 1th percentile of impostor scores (1.405748); n_impostor=100000
759537,860413,nd1S05974,nd1S05863,R,L,impostor,1.357752,1.405748,score <= 1th percentile of impostor scores (1.405748); n_impostor=100000
415386,443623,nd1S05932,nd1S05963,L,L,impostor,1.358070,1.405748,score <= 1th percentile of impostor scores (1.405748); n_impostor=100000
1159814,231064,nd1S06017,nd1S05044,R,R,impostor,1.358150,1.405748,score <= 1th percentile of impostor scores (1.405748); n_impostor=100000
791798,824135,nd1S05889,nd1S05624,L,L,impostor,1.358298,1.405748,score <= 1th percentile of impostor scores (1.405748); n_impostor=100000
707346,721335,nd1S06085,nd1S05379,R,R,impostor,1.358350,1.405748,score <= 1th percentile of impostor scores (1.405748); n_impostor=100000
1106488,668645,nd1S06505,nd1S04970,L,R,impostor,1.358389,1.405748,score <= 1th percentile of impostor scores (1.405748); n_impostor=100000
1065066,758078,nd1S06441,nd1S05889,R,R,impostor,1.358913,1.405748,score <= 1th percentile of impostor scores (1.405748); n_impostor=100000
344130,415384,nd1S05708,nd1S05932,L,L,impostor,1.359223,1.405748,score <= 1th percentile of impostor scores (1.405748); n_impostor=100000
1057046,536709,nd1S06793,nd1S06110,R,R,impostor,1.359720,1.405748,score <= 1th percentile of impostor scores (1.405748); n_impostor=100000
659501,910061,nd1S05272,nd1S06181,L,R,impostor,1.359805,1.405748,score <= 1th percentile of impostor scores (1.405748); n_impostor=100000
659422,708636,nd1S05269,nd1S05842,L,L,impostor,1.359849,1.405748,score <= 1th percentile of impostor scores (1.405748); n_impostor=100000
658438,660395,nd1S05214,nd1S05280,R,R,impostor,1.359912,1.405748,score <= 1th percentile of impostor scores (1.405748); n_impostor=100000
660383,664251,nd1S05280,nd1S04701,R,R,impostor,1.359966,1.405748,score <= 1th percentile of impostor scores (1.405748); n_impostor=100000
662415,729738,nd1S05049,nd1S05974,L,L,impostor,1.359997,1.405748,score <= 1th percentile of impostor scores (1.405748); n_impostor=100000
1152242,665671,nd1S07015,nd1S05044,R,R,impostor,1.360093,1.405748,score <= 1th percentile of impostor scores (1.405748); n_impostor=100000
1133470,253887,nd1S05889,nd1S05624,L,R,impostor,1.360215,1.405748,score <= 1th percentile of impostor scores (1.405748); n_impostor=100000
764869,791971,nd1S06128,nd1S05714,R,L,impostor,1.360249,1.405748,score <= 1th percentile of impostor scores (1.405748); n_impostor=100000
284146,663350,nd1S05743,nd1S05244,L,L,impostor,1.360276,1.405748,score <= 1th percentile of impostor scores (1.405748); n_impostor=100000
590197,604621,nd1S05970,nd1S05033,R,R,impostor,1.360280,1.405748,score <= 1th percentile of impostor scores (1.405748); n_impostor=100000
431992,659520,nd1S05957,nd1S05272,R,R,impostor,1.360307,1.405748,score <= 1th percentile of impostor scores (1.405748); n_impostor=100000
1113891,903081,nd1S05954,nd1S05708,R,R,impostor,1.360607,1.405748,score <= 1th percentile of impostor scores (1.405748); n_impostor=100000
1160894,608172,nd1S07015,nd1S05831,R,R,impostor,1.360640,1.405748,score <= 1th percentile of impostor scores (1.405748); n_impostor=100000
422630,442235,nd1S05740,nd1S05963,L,R,impostor,1.360659,1.405748,score <= 1th percentile of impostor scores (1.405748); n_impostor=100000
727347,765351,nd1S05629,nd1S05881,L,L,impostor,1.360739,1.405748,score <= 1th percentile of impostor scores (1.405748); n_impostor=100000
256316,825118,nd1S05619,nd1S06352,L,R,impostor,1.361070,1.405748,score <= 1th percentile of impostor scores (1.405748); n_impostor=100000
229053,660772,nd1S05244,nd1S05284,L,R,impostor,1.361841,1.405748,score <= 1th percentile of impostor scores (1.405748); n_impostor=100000
583995,590600,nd1S06202,nd1S05338,R,R,impostor,1.362168,1.405748,score <= 1th percentile of impostor scores (1.405748); n_impostor=100000
763109,869798,nd1S05808,nd1S06129,R,L,impostor,1.362385,1.405748,score <= 1th percentile of impostor scores (1.405748); n_impostor=100000
653502,733038,nd1S05044,nd1S05321,R,R,impostor,1.362495,1.405748,score <= 1th percentile of impostor scores (1.405748); n_impostor=100000
1034361,1041270,nd1S06896,nd1S05889,L,L,impostor,1.362691,1.405748,score <= 1th percentile of impostor scores (1.405748); n_impostor=100000
405802,560060,nd1S05868,nd1S05624,L,R,impostor,1.362979,1.405748,score <= 1th percentile of impostor scores (1.405748); n_impostor=100000
264085,665465,nd1S05271,nd1S05260,R,R,impostor,1.363380,1.405748,score <= 1th percentile of impostor scores (1.405748); n_impostor=100000
601425,944203,nd1S06110,nd1S06793,R,R,impostor,1.363473,1.405748,score <= 1th percentile of impostor scores (1.405748); n_impostor=100000
1128861,422722,nd1S05880,nd1S05889,L,L,impostor,1.363489,1.405748,score <= 1th percentile of impostor scores (1.405748); n_impostor=100000
1129981,798909,nd1S05953,nd1S06345,R,L,impostor,1.363528,1.405748,score <= 1th percentile of impostor scores (1.405748); n_impostor=100000
276740,660387,nd1S05708,nd1S05280,L,R,impostor,1.363588,1.405748,score <= 1th percentile of impostor scores (1.405748); n_impostor=100000
1128650,237634,nd1S05857,nd1S05289,R,R,impostor,1.363750,1.405748,score <= 1th percentile of impostor scores (1.405748); n_impostor=100000
1033294,541074,nd1S06300,nd1S05321,L,L,impostor,1.363896,1.405748,score <= 1th percentile of impostor scores (1.405748); n_impostor=100000
438171,605105,nd1S05597,nd1S06110,L,R,impostor,1.363979,1.405748,score <= 1th percentile of impostor scores (1.405748); n_impostor=100000
660817,856632,nd1S05285,nd1S05321,L,R,impostor,1.364032,1.405748,score <= 1th percentile of impostor scores (1.405748); n_impostor=100000
760639,860159,nd1S05963,nd1S05675,L,L,impostor,1.364344,1.405748,score <= 1th percentile of impostor scores (1.405748); n_impostor=100000
1083305,511817,nd1S06745,nd1S05974,R,R,impostor,1.364381,1.405748,score <= 1th percentile of impostor scores (1.405748); n_impostor=100000
437245,659404,nd1S05459,nd1S05269,L,L,impostor,1.364390,1.405748,score <= 1th percentile of impostor scores (1.405748); n_impostor=100000
267541,442128,nd1S05315,nd1S05478,L,L,impostor,1.364453,1.405748,score <= 1th percentile of impostor scores (1.405748); n_impostor=100000
760308,961980,nd1S05541,nd1S06131,L,L,impostor,1.364498,1.405748,score <= 1th percentile of impostor scores (1.405748); n_impostor=100000
702197,710753,nd1S05555,nd1S05881,R,R,impostor,1.364574,1.405748,score <= 1th percentile of impostor scores (1.405748); n_impostor=100000
167630,611435,nd1S04851,nd1S05308,L,L,impostor,1.365111,1.405748,score <= 1th percentile of impostor scores (1.405748); n_impostor=100000
1153471,829726,nd1S06017,nd1S05713,L,R,impostor,1.365115,1.405748,score <= 1th percentile of impostor scores (1.405748); n_impostor=100000
660979,663351,nd1S05049,nd1S05244,L,L,impostor,1.365197,1.405748,score <= 1th percentile of impostor scores (1.405748); n_impostor=100000
1057056,896420,nd1S06793,nd1S05547,R,R,impostor,1.365204,1.405748,score <= 1th percentile of impostor scores (1.405748); n_impostor=100000
1059492,515266,nd1S04394,nd1S05870,L,L,impostor,1.365321,1.405748,score <= 1th percentile of impostor scores (1.405748); n_impostor=100000
1159814,241711,nd1S06017,nd1S05044,R,R,impostor,1.365438,1.405748,score <= 1th percentile of impostor scores (1.405748); n_impostor=100000
601782,668649,nd1S05810,nd1S04970,L,R,impostor,1.365608,1.405748,score <= 1th percentile of impostor scores (1.405748); n_impostor=100000
160439,236172,nd1S04851,nd1S05379,L,R,impostor,1.365865,1.405748,score <= 1th percentile of impostor scores (1.405748); n_impostor=100000
1020225,582713,nd1S05889,nd1S05541,L,L,impostor,1.365947,1.405748,score <= 1th percentile of impostor scores (1.405748); n_impostor=100000
1013024,938345,nd1S06245,nd1S05957,L,R,impostor,1.366231,1.405748,score <= 1th percentile of impostor scores (1.405748); n_impostor=100000
704800,725122,nd1S05766,nd1S05455,L,L,impostor,1.366328,1.405748,score <= 1th percentile of impostor scores (1.405748); n_impostor=100000
588607,659502,nd1S04649,nd1S05272,L,L,impostor,1.366531,1.405748,score <= 1th percentile of impostor scores (1.405748); n_impostor=100000
660770,665671,nd1S05284,nd1S05044,R,R,impostor,1.367049,1.405748,score <= 1th percentile of impostor scores (1.405748); n_impostor=100000
192818,253710,nd1S04394,nd1S05456,R,L,impostor,1.367113,1.405748,score <= 1th percentile of impostor scores (1.405748); n_impostor=100000
1128640,1129192,nd1S05857,nd1S05742,L,L,impostor,1.367315,1.405748,score <= 1th percentile of impostor scores (1.405748); n_impostor=100000
519413,528002,nd1S05956,nd1S05842,R,L,impostor,1.367398,1.405748,score <= 1th percentile of impostor scores (1.405748); n_impostor=100000
1018284,1034350,nd1S06868,nd1S06896,L,L,impostor,1.367400,1.405748,score <= 1th percentile of impostor scores (1.405748); n_impostor=100000
723192,905909,nd1S06139,nd1S05675,L,L,impostor,1.367540,1.405748,score <= 1th percentile of impostor scores (1.405748); n_impostor=100000
517948,822921,nd1S05845,nd1S05889,L,L,impostor,1.367889,1.405748,score <= 1th percentile of impostor scores (1.405748); n_impostor=100000
387601,410846,nd1S05044,nd1S05244,R,L,impostor,1.368030,1.405748,score <= 1th percentile of impostor scores (1.405748); n_impostor=100000
696918,900135,nd1S06413,nd1S05379,R,L,impostor,1.368121,1.405748,score <= 1th percentile of impostor scores (1.405748); n_impostor=100000
515556,591763,nd1S05459,nd1S05999,L,L,impostor,1.368228,1.405748,score <= 1th percentile of impostor scores (1.405748); n_impostor=100000
1042031,1126987,nd1S06350,nd1S05963,L,R,impostor,1.368436,1.405748,score <= 1th percentile of impostor scores (1.405748); n_impostor=100000
1041279,723360,nd1S05889,nd1S05629,L,L,impostor,1.368684,1.405748,score <= 1th percentile of impostor scores (1.405748); n_impostor=100000
1129971,994507,nd1S05953,nd1S06775,R,R,impostor,1.368712,1.405748,score <= 1th percentile of impostor scores (1.405748); n_impostor=100000
287616,767020,nd1S05555,nd1S05842,L,L,impostor,1.368804,1.405748,score <= 1th percentile of impostor scores (1.405748); n_impostor=100000
514634,522752,nd1S05974,nd1S05271,R,R,impostor,1.368888,1.405748,score <= 1th percentile of impostor scores (1.405748); n_impostor=100000
1192874,1192971,nd1S04261,nd1S04261,L,R,impostor,1.369396,1.405748,score <= 1th percentile of impostor scores (1.405748); n_impostor=100000
587575,790690,nd1S06217,nd1S06345,L,L,impostor,1.369470,1.405748,score <= 1th percentile of impostor scores (1.405748); n_impostor=100000
1019528,185648,nd1S05956,nd1S04684,R,L,impostor,1.369498,1.405748,score <= 1th percentile of impostor scores (1.405748); n_impostor=100000
1169180,659479,nd1S05619,nd1S05271,L,L,impostor,1.369525,1.405748,score <= 1th percentile of impostor scores (1.405748); n_impostor=100000
1034383,233715,nd1S06868,nd1S05033,L,R,impostor,1.369840,1.405748,score <= 1th percentile of impostor scores (1.405748); n_impostor=100000
1130429,873460,nd1S05954,nd1S06044,R,L,impostor,1.369891,1.405748,score <= 1th percentile of impostor scores (1.405748); n_impostor=100000
1019246,725671,nd1S06107,nd1S05735,R,R,impostor,1.369977,1.405748,score <= 1th percentile of impostor scores (1.405748); n_impostor=100000
406436,660671,nd1S05044,nd1S05283,L,L,impostor,1.369984,1.405748,score <= 1th percentile of impostor scores (1.405748); n_impostor=100000
818256,868861,nd1S05619,nd1S06044,L,L,impostor,1.370032,1.405748,score <= 1th percentile of impostor scores (1.405748); n_impostor=100000
202511,660810,nd1S02463,nd1S05285,L,R,impostor,1.370075,1.405748,score <= 1th percentile of impostor scores (1.405748); n_impostor=100000
406446,831170,nd1S05044,nd1S06128,R,R,impostor,1.370149,1.405748,score <= 1th percentile of impostor scores (1.405748); n_impostor=100000
1156901,820265,nd1S06017,nd1S05661,R,L,impostor,1.370219,1.405748,score <= 1th percentile of impostor scores (1.405748); n_impostor=100000
201606,602708,nd1S04667,nd1S05970,L,L,impostor,1.370220,1.405748,score <= 1th percentile of impostor scores (1.405748); n_impostor=100000
723918,820284,nd1S05766,nd1S06345,L,L,impostor,1.370224,1.405748,score <= 1th percentile of impostor scores (1.405748); n_impostor=100000
1135289,283639,nd1S05889,nd1S05317,R,R,impostor,1.370427,1.405748,score <= 1th percentile of impostor scores (1.405748); n_impostor=100000
1035705,667162,nd1S05619,nd1S05271,L,L,impostor,1.370507,1.405748,score <= 1th percentile of impostor scores (1.405748); n_impostor=100000
1111272,862716,nd1S05853,nd1S06352,L,R,impostor,1.370582,1.405748,score <= 1th percentile of impostor scores (1.405748); n_impostor=100000
725930,764875,nd1S05880,nd1S06128,L,R,impostor,1.370644,1.405748,score <= 1th percentile of impostor scores (1.405748); n_impostor=100000
1192244,660764,nd1S07015,nd1S05284,L,L,impostor,1.370659,1.405748,score <= 1th percentile of impostor scores (1.405748); n_impostor=100000
1014368,791650,nd1S06745,nd1S06300,R,L,impostor,1.370689,1.405748,score <= 1th percentile of impostor scores (1.405748); n_impostor=100000
762190,994507,nd1S05857,nd1S06775,R,R,impostor,1.370723,1.405748,score <= 1th percentile of impostor scores (1.405748); n_impostor=100000
521341,541002,nd1S05708,nd1S06126,L,R,impostor,1.370766,1.405748,score <= 1th percentile of impostor scores (1.405748); n_impostor=100000
660967,972226,nd1S05049,nd1S05246,L,R,impostor,1.370851,1.405748,score <= 1th percentile of impostor scores (1.405748); n_impostor=100000
1165947,666346,nd1S05619,nd1S04970,R,R,impostor,1.370852,1.405748,score <= 1th percentile of impostor scores (1.405748); n_impostor=100000
721335,909935,nd1S05379,nd1S02463,R,L,impostor,1.370959,1.405748,score <= 1th percentile of impostor scores (1.405748); n_impostor=100000
611526,970329,nd1S04649,nd1S05246,L,R,impostor,1.370981,1.405748,score <= 1th percentile of impostor scores (1.405748); n_impostor=100000
1128866,410508,nd1S05880,nd1S05317,R,L,impostor,1.371016,1.405748,score <= 1th percentile of impostor scores (1.405748); n_impostor=100000
407191,660276,nd1S05508,nd1S04786,L,L,impostor,1.371265,1.405748,score <= 1th percentile of impostor scores (1.405748); n_impostor=100000
345083,659489,nd1S05619,nd1S05271,L,L,impostor,1.371331,1.405748,score <= 1th percentile of impostor scores (1.405748); n_impostor=100000
241063,707831,nd1S05321,nd1S06406,L,L,impostor,1.371392,1.405748,score <= 1th percentile of impostor scores (1.405748); n_impostor=100000
237696,397282,nd1S05379,nd1S05270,R,R,impostor,1.371400,1.405748,score <= 1th percentile of impostor scores (1.405748); n_impostor=100000
668992,726899,nd1S05213,nd1S05379,L,R,impostor,1.371442,1.405748,score <= 1th percentile of impostor scores (1.405748); n_impostor=100000
1113182,683039,nd1S05889,nd1S04649,L,L,impostor,1.371754,1.405748,score <= 1th percentile of impostor scores (1.405748); n_impostor=100000
541083,669464,nd1S05321,nd1S05044,R,R,impostor,1.371817,1.405748,score <= 1th percentile of impostor scores (1.405748); n_impostor=100000
511817,729738,nd1S05974,nd1S05974,R,L,impostor,1.371886,1.405748,score <= 1th percentile of impostor scores (1.405748); n_impostor=100000
253710,438090,nd1S05456,nd1S05315,L,L,impostor,1.372243,1.405748,score <= 1th percentile of impostor scores (1.405748); n_impostor=100000
527718,947563,nd1S05999,nd1S05624,R,R,impostor,1.372289,1.405748,score <= 1th percentile of impostor scores (1.405748); n_impostor=100000
277030,907293,nd1S05321,nd1S06118,L,R,impostor,1.372321,1.405748,score <= 1th percentile of impostor scores (1.405748); n_impostor=100000
825590,903749,nd1S06516,nd1S05974,R,L,impostor,1.372597,1.405748,score <= 1th percentile of impostor scores (1.405748); n_impostor=100000
256703,662431,nd1S05508,nd1S05049,L,L,impostor,1.372646,1.405748,score <= 1th percentile of impostor scores (1.405748); n_impostor=100000
659277,660351,nd1S05096,nd1S05278,R,R,impostor,1.372734,1.405748,score <= 1th percentile of impostor scores (1.405748); n_impostor=100000
1155289,759727,nd1S07015,nd1S05661,R,L,impostor,1.373034,1.405748,score <= 1th percentile of impostor scores (1.405748); n_impostor=100000
1135296,789391,nd1S05889,nd1S05321,L,L,impostor,1.373284,1.405748,score <= 1th percentile of impostor scores (1.405748); n_impostor=100000
241316,611435,nd1S04649,nd1S05308,L,L,impostor,1.373526,1.405748,score <= 1th percentile of impostor scores (1.405748); n_impostor=100000
1113263,527769,nd1S05853,nd1S05808,R,R,impostor,1.373542,1.405748,score <= 1th percentile of impostor scores (1.405748); n_impostor=100000
271044,303551,nd1S05600,nd1S05044,L,R,impostor,1.373692,1.405748,score <= 1th percentile of impostor scores (1.405748); n_impostor=100000
390562,763264,nd1S05455,nd1S05868,L,L,impostor,1.373772,1.405748,score <= 1th percentile of impostor scores (1.405748); n_impostor=100000
696920,830740,nd1S06413,nd1S06352,R,R,impostor,1.374067,1.405748,score <= 1th percentile of impostor scores (1.405748); n_impostor=100000
1160014,696626,nd1S06017,nd1S05889,L,L,impostor,1.374255,1.405748,score <= 1th percentile of impostor scores (1.405748); n_impostor=100000
410507,757846,nd1S05317,nd1S06469,L,R,impostor,1.374258,1.405748,score <= 1th percentile of impostor scores (1.405748); n_impostor=100000
1131128,546487,nd1S06500,nd1S06078,L,R,impostor,1.374363,1.405748,score <= 1th percentile of impostor scores (1.405748); n_impostor=100000
185644,256679,nd1S04684,nd1S05478,L,L,impostor,1.374578,1.405748,score <= 1th percentile of impostor scores (1.405748); n_impostor=100000
529532,580049,nd1S05244,nd1S06107,R,R,impostor,1.374666,1.405748,score <= 1th percentile of impostor scores (1.405748); n_impostor=100000
584315,586534,nd1S06091,nd1S05375,L,R,impostor,1.374825,1.405748,score <= 1th percentile of impostor scores (1.405748); n_impostor=100000
207349,662843,nd1S04684,nd1S04714,L,R,impostor,1.374923,1.405748,score <= 1th percentile of impostor scores (1.405748); n_impostor=100000
1155318,724877,nd1S07015,nd1S05695,R,R,impostor,1.374930,1.405748,score <= 1th percentile of impostor scores (1.405748); n_impostor=100000
229505,722377,nd1S05289,nd1S05857,R,R,impostor,1.374964,1.405748,score <= 1th percentile of impostor scores (1.405748); n_impostor=100000
537287,764869,nd1S05321,nd1S06128,R,R,impostor,1.375009,1.405748,score <= 1th percentile of impostor scores (1.405748); n_impostor=100000
1089039,969415,nd1S06131,nd1S05379,L,L,impostor,1.375023,1.405748,score <= 1th percentile of impostor scores (1.405748); n_impostor=100000
1035342,831076,nd1S05456,nd1S06500,R,L,impostor,1.375114,1.405748,score <= 1th percentile of impostor scores (1.405748); n_impostor=100000
1057020,1085411,nd1S04394,nd1S06745,L,R,impostor,1.375311,1.405748,score <= 1th percentile of impostor scores (1.405748); n_impostor=100000
396779,660357,nd1S05708,nd1S05279,L,L,impostor,1.375470,1.405748,score <= 1th percentile of impostor scores (1.405748); n_impostor=100000
243868,602717,nd1S05033,nd1S05970,R,R,impostor,1.375475,1.405748,score <= 1th percentile of impostor scores (1.405748); n_impostor=100000
1012175,724182,nd1S06859,nd1S06391,R,L,impostor,1.375664,1.405748,score <= 1th percentile of impostor scores (1.405748); n_impostor=100000
1103809,970918,nd1S06505,nd1S05708,L,R,impostor,1.375683,1.405748,score <= 1th percentile of impostor scores (1.405748); n_impostor=100000
1063361,663955,nd1S06441,nd1S05133,R,R,impostor,1.375686,1.405748,score <= 1th percentile of impostor scores (1.405748); n_impostor=100000
1085406,539035,nd1S06745,nd1S05970,L,R,impostor,1.375768,1.405748,score <= 1th percentile of impostor scores (1.405748); n_impostor=100000
256818,664246,nd1S05624,nd1S04701,L,L,impostor,1.375894,1.405748,score <= 1th percentile of impostor scores (1.405748); n_impostor=100000
660794,995455,nd1S05260,nd1S06107,R,R,impostor,1.375944,1.405748,score <= 1th percentile of impostor scores (1.405748); n_impostor=100000
1018701,1041270,nd1S05956,nd1S05889,R,L,impostor,1.375960,1.405748,score <= 1th percentile of impostor scores (1.405748); n_impostor=100000
1091172,763754,nd1S05880,nd1S05842,R,L,impostor,1.376024,1.405748,score <= 1th percentile of impostor scores (1.405748); n_impostor=100000
203082,583410,nd1S04851,nd1S05033,L,R,impostor,1.376117,1.405748,score <= 1th percentile of impostor scores (1.405748); n_impostor=100000
760121,796830,nd1S06413,nd1S06044,R,R,impostor,1.376200,1.405748,score <= 1th percentile of impostor scores (1.405748); n_impostor=100000
1109575,1152103,nd1S05871,nd1S07015,R,R,impostor,1.376410,1.405748,score <= 1th percentile of impostor scores (1.405748); n_impostor=100000
1086967,668645,nd1S06505,nd1S04970,L,R,impostor,1.376428,1.405748,score <= 1th percentile of impostor scores (1.405748); n_impostor=100000
443623,608664,nd1S05963,nd1S05367,L,L,impostor,1.376477,1.405748,score <= 1th percentile of impostor scores (1.405748); n_impostor=100000
263842,660370,nd1S05675,nd1S05279,L,L,impostor,1.376727,1.405748,score <= 1th percentile of impostor scores (1.405748); n_impostor=100000
166874,391565,nd1S04851,nd1S05271,L,L,impostor,1.376731,1.405748,score <= 1th percentile of impostor scores (1.405748); n_impostor=100000
903070,970762,nd1S05742,nd1S06543,R,R,impostor,1.376752,1.405748,score <= 1th percentile of impostor scores (1.405748); n_impostor=100000
167630,934853,nd1S04851,nd1S05271,L,L,impostor,1.376832,1.405748,score <= 1th percentile of impostor scores (1.405748); n_impostor=100000
709743,759052,nd1S06352,nd1S06469,L,R,impostor,1.376948,1.405748,score <= 1th percentile of impostor scores (1.405748); n_impostor=100000
228393,516629,nd1S05271,nd1S05271,L,R,impostor,1.377006,1.405748,score <= 1th percentile of impostor scores (1.405748); n_impostor=100000
442343,665866,nd1S05695,nd1S05213,R,L,impostor,1.377233,1.405748,score <= 1th percentile of impostor scores (1.405748); n_impostor=100000
591051,989827,nd1S06202,nd1S06793,R,R,impostor,1.377331,1.405748,score <= 1th percentile of impostor scores (1.405748); n_impostor=100000
1152282,661812,nd1S07015,nd1S05244,R,L,impostor,1.377344,1.405748,score <= 1th percentile of impostor scores (1.405748); n_impostor=100000
591755,608041,nd1S05999,nd1S05863,L,L,impostor,1.377354,1.405748,score <= 1th percentile of impostor scores (1.405748); n_impostor=100000
1091834,588140,nd1S05954,nd1S05842,L,L,impostor,1.377417,1.405748,score <= 1th percentile of impostor scores (1.405748); n_impostor=100000
1128828,868861,nd1S05963,nd1S06044,L,L,impostor,1.377627,1.405748,score <= 1th percentile of impostor scores (1.405748); n_impostor=100000
729738,856877,nd1S05974,nd1S05301,L,L,impostor,1.377632,1.405748,score <= 1th percentile of impostor scores (1.405748); n_impostor=100000
1013024,431975,nd1S06245,nd1S05957,L,R,impostor,1.377680,1.405748,score <= 1th percentile of impostor scores (1.405748); n_impostor=100000
794424,911397,nd1S06217,nd1S05541,L,R,impostor,1.377693,1.405748,score <= 1th percentile of impostor scores (1.405748); n_impostor=100000
1130986,709135,nd1S05954,nd1S06139,R,L,impostor,1.377716,1.405748,score <= 1th percentile of impostor scores (1.405748); n_impostor=100000
659701,728115,nd1S05275,nd1S06406,R,R,impostor,1.377722,1.405748,score <= 1th percentile of impostor scores (1.405748); n_impostor=100000
277897,725517,nd1S05501,nd1S06079,R,R,impostor,1.377759,1.405748,score <= 1th percentile of impostor scores (1.405748); n_impostor=100000
275131,661808,nd1S05714,nd1S05249,L,R,impostor,1.377770,1.405748,score <= 1th percentile of impostor scores (1.405748); n_impostor=100000
1036615,285239,nd1S06868,nd1S05511,L,L,impostor,1.377774,1.405748,score <= 1th percentile of impostor scores (1.405748); n_impostor=100000
1089334,580718,nd1S05881,nd1S05375,R,R,impostor,1.377842,1.405748,score <= 1th percentile of impostor scores (1.405748); n_impostor=100000
760639,818256,nd1S05963,nd1S05619,L,L,impostor,1.377907,1.405748,score <= 1th percentile of impostor scores (1.405748); n_impostor=100000
602718,941413,nd1S05970,nd1S05957,R,R,impostor,1.377995,1.405748,score <= 1th percentile of impostor scores (1.405748); n_impostor=100000
661748,832204,nd1S04970,nd1S06505,R,R,impostor,1.378050,1.405748,score <= 1th percentile of impostor scores (1.405748); n_impostor=100000
664251,794764,nd1S04701,nd1S06391,R,L,impostor,1.378162,1.405748,score <= 1th percentile of impostor scores (1.405748); n_impostor=100000
1131939,216718,nd1S06082,nd1S04667,R,L,impostor,1.378340,1.405748,score <= 1th percentile of impostor scores (1.405748); n_impostor=100000
446569,614331,nd1S05868,nd1S05999,L,L,impostor,1.378420,1.405748,score <= 1th percentile of impostor scores (1.405748); n_impostor=100000
1065254,659563,nd1S06350,nd1S02463,L,L,impostor,1.378520,1.405748,score <= 1th percentile of impostor scores (1.405748); n_impostor=100000
611434,666725,nd1S05308,nd1S02463,L,L,impostor,1.378553,1.405748,score <= 1th percentile of impostor scores (1.405748); n_impostor=100000
1063361,1132529,nd1S06441,nd1S06082,R,R,impostor,1.378585,1.405748,score <= 1th percentile of impostor scores (1.405748); n_impostor=100000
610835,988360,nd1S05974,nd1S05742,R,R,impostor,1.378599,1.405748,score <= 1th percentile of impostor scores (1.405748); n_impostor=100000
410315,944600,nd1S05597,nd1S05246,L,R,impostor,1.378612,1.405748,score <= 1th percentile of impostor scores (1.405748); n_impostor=100000
1111241,410512,nd1S05889,nd1S05317,L,R,impostor,1.378686,1.405748,score <= 1th percentile of impostor scores (1.405748); n_impostor=100000
660420,665981,nd1S05281,nd1S05096,R,R,impostor,1.379180,1.405748,score <= 1th percentile of impostor scores (1.405748); n_impostor=100000
450154,660383,nd1S05708,nd1S05280,L,R,impostor,1.379207,1.405748,score <= 1th percentile of impostor scores (1.405748); n_impostor=100000
655645,659479,nd1S04851,nd1S05271,L,L,impostor,1.379368,1.405748,score <= 1th percentile of impostor scores (1.405748); n_impostor=100000
427801,659547,nd1S05842,nd1S05033,L,R,impostor,1.379380,1.405748,score <= 1th percentile of impostor scores (1.405748); n_impostor=100000
1081607,948391,nd1S06943,nd1S06768,R,L,impostor,1.379400,1.405748,score <= 1th percentile of impostor scores (1.405748); n_impostor=100000
1192888,590444,nd1S04261,nd1S05308,L,L,impostor,1.379567,1.405748,score <= 1th percentile of impostor scores (1.405748); n_impostor=100000
436378,676935,nd1S05870,nd1S05974,L,R,impostor,1.379634,1.405748,score <= 1th percentile of impostor scores (1.405748); n_impostor=100000
665865,667586,nd1S05213,nd1S05308,L,L,impostor,1.379701,1.405748,score <= 1th percentile of impostor scores (1.405748); n_impostor=100000
541050,558564,nd1S04649,nd1S06128,L,R,impostor,1.379707,1.405748,score <= 1th percentile of impostor scores (1.405748); n_impostor=100000
391578,996369,nd1S05271,nd1S05881,R,R,impostor,1.379886,1.405748,score <= 1th percentile of impostor scores (1.405748); n_impostor=100000
536586,766370,nd1S06082,nd1S06505,L,R,impostor,1.379907,1.405748,score <= 1th percentile of impostor scores (1.405748); n_impostor=100000
1089963,229070,nd1S06927,nd1S05271,R,L,impostor,1.380043,1.405748,score <= 1th percentile of impostor scores (1.405748); n_impostor=100000
229502,659415,nd1S05289,nd1S05269,L,R,impostor,1.380082,1.405748,score <= 1th percentile of impostor scores (1.405748); n_impostor=100000
1089334,756983,nd1S05881,nd1S05974,R,R,impostor,1.380298,1.405748,score <= 1th percentile of impostor scores (1.405748); n_impostor=100000
1067694,869160,nd1S06118,nd1S05407,R,R,impostor,1.380302,1.405748,score <= 1th percentile of impostor scores (1.405748); n_impostor=100000
282414,653822,nd1S05713,nd1S05049,L,R,impostor,1.380380,1.405748,score <= 1th percentile of impostor scores (1.405748); n_impostor=100000
1103568,262279,nd1S06868,nd1S05244,L,L,impostor,1.380384,1.405748,score <= 1th percentile of impostor scores (1.405748); n_impostor=100000
656710,667433,nd1S05062,nd1S05049,R,R,impostor,1.380538,1.405748,score <= 1th percentile of impostor scores (1.405748); n_impostor=100000
1066079,1112371,nd1S06927,nd1S05889,R,L,impostor,1.380688,1.405748,score <= 1th percentile of impostor scores (1.405748); n_impostor=100000
896523,911146,nd1S06300,nd1S05842,L,L,impostor,1.380726,1.405748,score <= 1th percentile of impostor scores (1.405748); n_impostor=100000
277164,728048,nd1S05044,nd1S05842,R,L,impostor,1.380741,1.405748,score <= 1th percentile of impostor scores (1.405748); n_impostor=100000
724897,819149,nd1S06110,nd1S05321,R,R,impostor,1.380757,1.405748,score <= 1th percentile of impostor scores (1.405748); n_impostor=100000
1063973,611501,nd1S02463,nd1S05842,L,L,impostor,1.380802,1.405748,score <= 1th percentile of impostor scores (1.405748); n_impostor=100000
1152282,817090,nd1S07015,nd1S06044,R,L,impostor,1.380806,1.405748,score <= 1th percentile of impostor scores (1.405748); n_impostor=100000
660764,872000,nd1S05284,nd1S06044,L,L,impostor,1.380859,1.405748,score <= 1th percentile of impostor scores (1.405748); n_impostor=100000
696918,828763,nd1S06413,nd1S05379,R,L,impostor,1.380939,1.405748,score <= 1th percentile of impostor scores (1.405748); n_impostor=100000
1113260,858167,nd1S05853,nd1S06352,R,R,impostor,1.380964,1.405748,score <= 1th percentile of impostor scores (1.405748); n_impostor=100000
707595,903060,nd1S05868,nd1S05742,L,R,impostor,1.381059,1.405748,score <= 1th percentile of impostor scores (1.405748); n_impostor=100000
539818,908184,nd1S05456,nd1S05541,R,R,impostor,1.381249,1.405748,score <= 1th percentile of impostor scores (1.405748); n_impostor=100000
700982,868862,nd1S05713,nd1S06044,L,L,impostor,1.381268,1.405748,score <= 1th percentile of impostor scores (1.405748); n_impostor=100000
229069,304002,nd1S05271,nd1S04851,L,L,impostor,1.381289,1.405748,score <= 1th percentile of impostor scores (1.405748); n_impostor=100000
659518,868614,nd1S05272,nd1S06391,L,L,impostor,1.381311,1.405748,score <= 1th percentile of impostor scores (1.405748); n_impostor=100000
529067,541045,nd1S05308,nd1S04649,L,L,impostor,1.381320,1.405748,score <= 1th percentile of impostor scores (1.405748); n_impostor=100000
1193005,262919,nd1S04261,nd1S05165,R,L,impostor,1.381454,1.405748,score <= 1th percentile of impostor scores (1.405748); n_impostor=100000
600795,831092,nd1S06128,nd1S06044,R,L,impostor,1.381585,1.405748,score <= 1th percentile of impostor scores (1.405748); n_impostor=100000
722307,791971,nd1S06300,nd1S05714,L,L,impostor,1.381602,1.405748,score <= 1th percentile of impostor scores (1.405748); n_impostor=100000
1112286,695967,nd1S05857,nd1S05455,L,L,impostor,1.381693,1.405748,score <= 1th percentile of impostor scores (1.405748); n_impostor=100000
796154,820283,nd1S05310,nd1S06345,R,L,impostor,1.381694,1.405748,score <= 1th percentile of impostor scores (1.405748); n_impostor=100000
1192881,243677,nd1S04261,nd1S05044,L,L,impostor,1.381739,1.405748,score <= 1th percentile of impostor scores (1.405748); n_impostor=100000
160439,526644,nd1S04851,nd1S05999,L,R,impostor,1.381779,1.405748,score <= 1th percentile of impostor scores (1.405748); n_impostor=100000
268803,764780,nd1S05456,nd1S06131,R,L,impostor,1.381790,1.405748,score <= 1th percentile of impostor scores (1.405748); n_impostor=100000
659447,935485,nd1S05270,nd1S05379,R,R,impostor,1.381882,1.405748,score <= 1th percentile of impostor scores (1.405748); n_impostor=100000
284026,554049,nd1S05740,nd1S05373,L,L,impostor,1.381965,1.405748,score <= 1th percentile of impostor scores (1.405748); n_impostor=100000
1105770,659277,nd1S06793,nd1S05096,R,R,impostor,1.382129,1.405748,score <= 1th percentile of impostor scores (1.405748); n_impostor=100000
660397,798325,nd1S05280,nd1S06217,R,L,impostor,1.382203,1.405748,score <= 1th percentile of impostor scores (1.405748); n_impostor=100000
1113883,902270,nd1S05954,nd1S05301,L,R,impostor,1.382205,1.405748,score <= 1th percentile of impostor scores (1.405748); n_impostor=100000
233961,724820,nd1S05508,nd1S06441,L,R,impostor,1.382211,1.405748,score <= 1th percentile of impostor scores (1.405748); n_impostor=100000
522740,603593,nd1S05271,nd1S05963,L,R,impostor,1.382258,1.405748,score <= 1th percentile of impostor scores (1.405748); n_impostor=100000
790691,794424,nd1S06345,nd1S06217,L,L,impostor,1.382264,1.405748,score <= 1th percentile of impostor scores (1.405748); n_impostor=100000
656291,658866,nd1S05213,nd1S05062,L,R,impostor,1.382315,1.405748,score <= 1th percentile of impostor scores (1.405748); n_impostor=100000
217090,307038,nd1S04851,nd1S05619,L,L,impostor,1.382386,1.405748,score <= 1th percentile of impostor scores (1.405748); n_impostor=100000
1064607,896410,nd1S06245,nd1S05547,L,R,impostor,1.382427,1.405748,score <= 1th percentile of impostor scores (1.405748); n_impostor=100000
590595,654809,nd1S05338,nd1S05129,R,R,impostor,1.382475,1.405748,score <= 1th percentile of impostor scores (1.405748); n_impostor=100000
1091839,660674,nd1S05954,nd1S05283,R,L,impostor,1.382492,1.405748,score <= 1th percentile of impostor scores (1.405748); n_impostor=100000
1103808,909935,nd1S06505,nd1S02463,L,L,impostor,1.382520,1.405748,score <= 1th percentile of impostor scores (1.405748); n_impostor=100000
256316,391565,nd1S05619,nd1S05271,L,L,impostor,1.382630,1.405748,score <= 1th percentile of impostor scores (1.405748); n_impostor=100000
1192995,255431,nd1S04261,nd1S05271,R,R,impostor,1.382716,1.405748,score <= 1th percentile of impostor scores (1.405748); n_impostor=100000
581621,655037,nd1S05619,nd1S04683,R,L,impostor,1.382773,1.405748,score <= 1th percentile of impostor scores (1.405748); n_impostor=100000
161092,555653,nd1S04684,nd1S06082,L,L,impostor,1.382900,1.405748,score <= 1th percentile of impostor scores (1.405748); n_impostor=100000
1171247,830739,nd1S05619,nd1S06352,L,R,impostor,1.382921,1.405748,score <= 1th percentile of impostor scores (1.405748); n_impostor=100000
165442,582713,nd1S04851,nd1S05541,L,L,impostor,1.382922,1.405748,score <= 1th percentile of impostor scores (1.405748); n_impostor=100000
231849,801354,nd1S05288,nd1S06181,L,R,impostor,1.382944,1.405748,score <= 1th percentile of impostor scores (1.405748); n_impostor=100000
1161576,660312,nd1S06017,nd1S05060,L,L,impostor,1.383080,1.405748,score <= 1th percentile of impostor scores (1.405748); n_impostor=100000
534641,660545,nd1S04851,nd1S05216,L,R,impostor,1.383153,1.405748,score <= 1th percentile of impostor scores (1.405748); n_impostor=100000
1018279,896832,nd1S06868,nd1S05379,L,R,impostor,1.383157,1.405748,score <= 1th percentile of impostor scores (1.405748); n_impostor=100000
392821,667427,nd1S05881,nd1S05049,L,L,impostor,1.383199,1.405748,score <= 1th percentile of impostor scores (1.405748); n_impostor=100000
659376,660979,nd1S05244,nd1S05049,R,L,impostor,1.383219,1.405748,score <= 1th percentile of impostor scores (1.405748); n_impostor=100000
710750,902266,nd1S05881,nd1S05301,L,R,impostor,1.383266,1.405748,score <= 1th percentile of impostor scores (1.405748); n_impostor=100000
1041770,792876,nd1S05379,nd1S06344,R,L,impostor,1.383306,1.405748,score <= 1th percentile of impostor scores (1.405748); n_impostor=100000
233626,436378,nd1S05340,nd1S05870,L,L,impostor,1.383307,1.405748,score <= 1th percentile of impostor scores (1.405748); n_impostor=100000
1132516,721335,nd1S06082,nd1S05379,R,R,impostor,1.383454,1.405748,score <= 1th percentile of impostor scores (1.405748); n_impostor=100000
659423,724768,nd1S05269,nd1S05713,R,R,impostor,1.383481,1.405748,score <= 1th percentile of impostor scores (1.405748); n_impostor=100000
660544,869151,nd1S05216,nd1S05407,L,L,impostor,1.383561,1.405748,score <= 1th percentile of impostor scores (1.405748); n_impostor=100000
207349,668611,nd1S04684,nd1S04714,L,R,impostor,1.383581,1.405748,score <= 1th percentile of impostor scores (1.405748); n_impostor=100000
1192885,416309,nd1S04261,nd1S05735,L,R,impostor,1.383604,1.405748,score <= 1th percentile of impostor scores (1.405748); n_impostor=100000
165847,799333,nd1S04683,nd1S05321,L,L,impostor,1.383635,1.405748,score <= 1th percentile of impostor scores (1.405748); n_impostor=100000
904960,988194,nd1S06110,nd1S06793,R,L,impostor,1.383684,1.405748,score <= 1th percentile of impostor scores (1.405748); n_impostor=100000
1082255,1166274,nd1S05661,nd1S05619,L,R,impostor,1.383779,1.405748,score <= 1th percentile of impostor scores (1.405748); n_impostor=100000
388143,611928,nd1S05863,nd1S06197,L,R,impostor,1.383803,1.405748,score <= 1th percentile of impostor scores (1.405748); n_impostor=100000
702215,831172,nd1S06406,nd1S06128,R,R,impostor,1.383830,1.405748,score <= 1th percentile of impostor scores (1.405748); n_impostor=100000
262298,406418,nd1S05244,nd1S05271,R,R,impostor,1.383838,1.405748,score <= 1th percentile of impostor scores (1.405748); n_impostor=100000
1064175,707072,nd1S05963,nd1S05808,R,R,impostor,1.384014,1.405748,score <= 1th percentile of impostor scores (1.405748); n_impostor=100000
287637,710752,nd1S05555,nd1S05881,R,R,impostor,1.384044,1.405748,score <= 1th percentile of impostor scores (1.405748); n_impostor=100000
512221,663790,nd1S05970,nd1S05044,R,R,impostor,1.384050,1.405748,score <= 1th percentile of impostor scores (1.405748); n_impostor=100000
704749,941407,nd1S02463,nd1S05957,L,L,impostor,1.384187,1.405748,score <= 1th percentile of impostor scores (1.405748); n_impostor=100000
165322,701874,nd1S04684,nd1S05714,L,L,impostor,1.384198,1.405748,score <= 1th percentile of impostor scores (1.405748); n_impostor=100000
591051,695729,nd1S06202,nd1S06079,R,L,impostor,1.384218,1.405748,score <= 1th percentile of impostor scores (1.405748); n_impostor=100000
659683,791649,nd1S04684,nd1S06300,L,L,impostor,1.384253,1.405748,score <= 1th percentile of impostor scores (1.405748); n_impostor=100000
411748,656291,nd1S05459,nd1S05213,L,L,impostor,1.384282,1.405748,score <= 1th percentile of impostor scores (1.405748); n_impostor=100000
615069,660642,nd1S05831,nd1S05214,R,R,impostor,1.384283,1.405748,score <= 1th percentile of impostor scores (1.405748); n_impostor=100000
660872,756714,nd1S05286,nd1S06406,R,L,impostor,1.384339,1.405748,score <= 1th percentile of impostor scores (1.405748); n_impostor=100000
270660,660355,nd1S05675,nd1S05279,L,L,impostor,1.384352,1.405748,score <= 1th percentile of impostor scores (1.405748); n_impostor=100000
1160894,231577,nd1S07015,nd1S05289,R,R,impostor,1.384379,1.405748,score <= 1th percentile of impostor scores (1.405748); n_impostor=100000
614028,662843,nd1S05338,nd1S04714,R,R,impostor,1.384432,1.405748,score <= 1th percentile of impostor scores (1.405748); n_impostor=100000
441495,611435,nd1S04649,nd1S05308,L,L,impostor,1.384456,1.405748,score <= 1th percentile of impostor scores (1.405748); n_impostor=100000
764095,820283,nd1S06079,nd1S06345,L,L,impostor,1.384576,1.405748,score <= 1th percentile of impostor scores (1.405748); n_impostor=100000
1042031,1065398,nd1S06350,nd1S05963,L,R,impostor,1.384672,1.405748,score <= 1th percentile of impostor scores (1.405748); n_impostor=100000
831172,832050,nd1S06128,nd1S06406,R,R,impostor,1.384706,1.405748,score <= 1th percentile of impostor scores (1.405748); n_impostor=100000
515266,904588,nd1S05870,nd1S06516,L,R,impostor,1.384734,1.405748,score <= 1th percentile of impostor scores (1.405748); n_impostor=100000
391565,529066,nd1S05271,nd1S05308,L,L,impostor,1.384887,1.405748,score <= 1th percentile of impostor scores (1.405748); n_impostor=100000
707346,764867,nd1S06085,nd1S06128,R,R,impostor,1.384978,1.405748,score <= 1th percentile of impostor scores (1.405748); n_impostor=100000
1113263,676916,nd1S05853,nd1S05932,R,L,impostor,1.385045,1.405748,score <= 1th percentile of impostor scores (1.405748); n_impostor=100000
192822,255846,nd1S04394,nd1S05044,R,R,impostor,1.385088,1.405748,score <= 1th percentile of impostor scores (1.405748); n_impostor=100000
1064738,271506,nd1S06344,nd1S05455,L,L,impostor,1.385108,1.405748,score <= 1th percentile of impostor scores (1.405748); n_impostor=100000
185678,668611,nd1S04684,nd1S04714,L,R,impostor,1.385180,1.405748,score <= 1th percentile of impostor scores (1.405748); n_impostor=100000
1018279,659699,nd1S06868,nd1S05275,L,R,impostor,1.385192,1.405748,score <= 1th percentile of impostor scores (1.405748); n_impostor=100000
1134536,693567,nd1S05889,nd1S06441,R,R,impostor,1.385287,1.405748,score <= 1th percentile of impostor scores (1.405748); n_impostor=100000
607372,904942,nd1S05695,nd1S05301,R,R,impostor,1.385333,1.405748,score <= 1th percentile of impostor scores (1.405748); n_impostor=100000
1192991,800719,nd1S04261,nd1S05661,R,L,impostor,1.385413,1.405748,score <= 1th percentile of impostor scores (1.405748); n_impostor=100000
1059241,1089811,nd1S06131,nd1S05379,L,L,impostor,1.385433,1.405748,score <= 1th percentile of impostor scores (1.405748); n_impostor=100000
1135289,302985,nd1S05889,nd1S05321,R,L,impostor,1.385472,1.405748,score <= 1th percentile of impostor scores (1.405748); n_impostor=100000
519781,660971,nd1S05974,nd1S05049,R,R,impostor,1.385565,1.405748,score <= 1th percentile of impostor scores (1.405748); n_impostor=100000
256316,865116,nd1S05619,nd1S06352,L,R,impostor,1.385567,1.405748,score <= 1th percentile of impostor scores (1.405748); n_impostor=100000
821504,988198,nd1S05857,nd1S06793,R,R,impostor,1.385595,1.405748,score <= 1th percentile of impostor scores (1.405748); n_impostor=100000
1014360,1133069,nd1S06745,nd1S05321,L,L,impostor,1.385599,1.405748,score <= 1th percentile of impostor scores (1.405748); n_impostor=100000
524469,756596,nd1S05271,nd1S05619,L,L,impostor,1.385658,1.405748,score <= 1th percentile of impostor scores (1.405748); n_impostor=100000
791089,896420,nd1S05661,nd1S05547,L,R,impostor,1.385782,1.405748,score <= 1th percentile of impostor scores (1.405748); n_impostor=100000
790691,863888,nd1S06345,nd1S06217,L,L,impostor,1.385961,1.405748,score <= 1th percentile of impostor scores (1.405748); n_impostor=100000
1192857,260781,nd1S04261,nd1S05284,L,L,impostor,1.386012,1.405748,score <= 1th percentile of impostor scores (1.405748); n_impostor=100000
229042,441913,nd1S05321,nd1S05044,L,L,impostor,1.386019,1.405748,score <= 1th percentile of impostor scores (1.405748); n_impostor=100000
523403,768445,nd1S05373,nd1S06079,L,L,impostor,1.386024,1.405748,score <= 1th percentile of impostor scores (1.405748); n_impostor=100000
1085890,819145,nd1S05456,nd1S05321,L,L,impostor,1.386042,1.405748,score <= 1th percentile of impostor scores (1.405748); n_impostor=100000
1152103,895493,nd1S07015,nd1S06217,R,L,impostor,1.386082,1.405748,score <= 1th percentile of impostor scores (1.405748); n_impostor=100000
1065572,701307,nd1S06118,nd1S06345,R,R,impostor,1.386147,1.405748,score <= 1th percentile of impostor scores (1.405748); n_impostor=100000
701824,724907,nd1S06352,nd1S06110,L,R,impostor,1.386393,1.405748,score <= 1th percentile of impostor scores (1.405748); n_impostor=100000
1017036,797425,nd1S05889,nd1S06406,L,L,impostor,1.386448,1.405748,score <= 1th percentile of impostor scores (1.405748); n_impostor=100000
764082,820285,nd1S06079,nd1S06345,L,L,impostor,1.386477,1.405748,score <= 1th percentile of impostor scores (1.405748); n_impostor=100000
1192985,906676,nd1S04261,nd1S06469,R,R,impostor,1.386512,1.405748,score <= 1th percentile of impostor scores (1.405748); n_impostor=100000
1036313,1042092,nd1S06300,nd1S05889,L,L,impostor,1.386533,1.405748,score <= 1th percentile of impostor scores (1.405748); n_impostor=100000
587202,659124,nd1S05831,nd1S04701,R,R,impostor,1.386543,1.405748,score <= 1th percentile of impostor scores (1.405748); n_impostor=100000
1087226,859020,nd1S05456,nd1S06345,L,L,impostor,1.386666,1.405748,score <= 1th percentile of impostor scores (1.405748); n_impostor=100000
1129397,668989,nd1S05856,nd1S05213,L,L,impostor,1.386722,1.405748,score <= 1th percentile of impostor scores (1.405748); n_impostor=100000
231003,829726,nd1S05244,nd1S05713,R,R,impostor,1.386737,1.405748,score <= 1th percentile of impostor scores (1.405748); n_impostor=100000
721332,789459,nd1S05379,nd1S06217,R,L,impostor,1.386944,1.405748,score <= 1th percentile of impostor scores (1.405748); n_impostor=100000
1130453,896837,nd1S05954,nd1S05379,L,L,impostor,1.386966,1.405748,score <= 1th percentile of impostor scores (1.405748); n_impostor=100000
761494,942293,nd1S06352,nd1S06181,L,R,impostor,1.387061,1.405748,score <= 1th percentile of impostor scores (1.405748); n_impostor=100000
1135295,276437,nd1S05889,nd1S05317,R,R,impostor,1.387073,1.405748,score <= 1th percentile of impostor scores (1.405748); n_impostor=100000
236265,944580,nd1S05317,nd1S05310,L,R,impostor,1.387158,1.405748,score <= 1th percentile of impostor scores (1.405748); n_impostor=100000
1133069,725573,nd1S05321,nd1S05661,L,L,impostor,1.387226,1.405748,score <= 1th percentile of impostor scores (1.405748); n_impostor=100000
1131425,608691,nd1S05456,nd1S05957,L,L,impostor,1.387246,1.405748,score <= 1th percentile of impostor scores (1.405748); n_impostor=100000
417657,665542,nd1S05932,nd1S04970,L,R,impostor,1.387373,1.405748,score <= 1th percentile of impostor scores (1.405748); n_impostor=100000
512519,868862,nd1S05455,nd1S06044,L,L,impostor,1.387455,1.405748,score <= 1th percentile of impostor scores (1.405748); n_impostor=100000
447063,667433,nd1S05742,nd1S05049,R,R,impostor,1.387549,1.405748,score <= 1th percentile of impostor scores (1.405748); n_impostor=100000
1130161,441913,nd1S06118,nd1S05044,L,L,impostor,1.387709,1.405748,score <= 1th percentile of impostor scores (1.405748); n_impostor=100000
820283,937765,nd1S06345,nd1S06745,L,R,impostor,1.387710,1.405748,score <= 1th percentile of impostor scores (1.405748); n_impostor=100000
387601,590178,nd1S05044,nd1S05970,R,R,impostor,1.387768,1.405748,score <= 1th percentile of impostor scores (1.405748); n_impostor=100000
279572,660308,nd1S05028,nd1S05060,R,L,impostor,1.387782,1.405748,score <= 1th percentile of impostor scores (1.405748); n_impostor=100000
590178,669463,nd1S05970,nd1S05044,R,R,impostor,1.387868,1.405748,score <= 1th percentile of impostor scores (1.405748); n_impostor=100000
1041270,1129585,nd1S05889,nd1S05456,L,L,impostor,1.387989,1.405748,score <= 1th percentile of impostor scores (1.405748); n_impostor=100000
1065066,283014,nd1S06441,nd1S05508,R,L,impostor,1.388008,1.405748,score <= 1th percentile of impostor scores (1.405748); n_impostor=100000
860159,895494,nd1S05675,nd1S06217,L,L,impostor,1.388093,1.405748,score <= 1th percentile of impostor scores (1.405748); n_impostor=100000
729009,870582,nd1S05675,nd1S05735,L,R,impostor,1.388124,1.405748,score <= 1th percentile of impostor scores (1.405748); n_impostor=100000
204059,280057,nd1S02463,nd1S05694,L,R,impostor,1.388138,1.405748,score <= 1th percentile of impostor scores (1.405748); n_impostor=100000
1089963,229068,nd1S06927,nd1S05271,R,L,impostor,1.388170,1.405748,score <= 1th percentile of impostor scores (1.405748); n_impostor=100000
707675,898677,nd1S05714,nd1S05735,L,L,impostor,1.388262,1.405748,score <= 1th percentile of impostor scores (1.405748); n_impostor=100000
1103818,345819,nd1S06505,nd1S05682,L,L,impostor,1.388270,1.405748,score <= 1th percentile of impostor scores (1.405748); n_impostor=100000
443623,539517,nd1S05963,nd1S05974,L,R,impostor,1.388277,1.405748,score <= 1th percentile of impostor scores (1.405748); n_impostor=100000
1056679,726510,nd1S06131,nd1S05708,L,R,impostor,1.388324,1.405748,score <= 1th percentile of impostor scores (1.405748); n_impostor=100000
1034760,237912,nd1S06793,nd1S05405,R,R,impostor,1.388346,1.405748,score <= 1th percentile of impostor scores (1.405748); n_impostor=100000
303551,831095,nd1S05044,nd1S06044,R,L,impostor,1.388429,1.405748,score <= 1th percentile of impostor scores (1.405748); n_impostor=100000
286866,607285,nd1S05600,nd1S05624,R,L,impostor,1.388437,1.405748,score <= 1th percentile of impostor scores (1.405748); n_impostor=100000
764333,895494,nd1S06221,nd1S06217,R,L,impostor,1.388456,1.405748,score <= 1th percentile of impostor scores (1.405748); n_impostor=100000
590182,994507,nd1S05970,nd1S06775,R,R,impostor,1.388465,1.405748,score <= 1th percentile of impostor scores (1.405748); n_impostor=100000
410800,511835,nd1S05511,nd1S05766,L,L,impostor,1.388505,1.405748,score <= 1th percentile of impostor scores (1.405748); n_impostor=100000
710752,764442,nd1S05881,nd1S04418,R,L,impostor,1.388507,1.405748,score <= 1th percentile of impostor scores (1.405748); n_impostor=100000
244163,539045,nd1S05405,nd1S05970,R,R,impostor,1.388575,1.405748,score <= 1th percentile of impostor scores (1.405748); n_impostor=100000
725803,789389,nd1S06118,nd1S05321,R,L,impostor,1.388862,1.405748,score <= 1th percentile of impostor scores (1.405748); n_impostor=100000
527713,705267,nd1S05999,nd1S05379,L,L,impostor,1.388868,1.405748,score <= 1th percentile of impostor scores (1.405748); n_impostor=100000
1192855,676514,nd1S04261,nd1S05742,L,R,impostor,1.388898,1.405748,score <= 1th percentile of impostor scores (1.405748); n_impostor=100000
764442,788788,nd1S04418,nd1S05810,L,L,impostor,1.388918,1.405748,score <= 1th percentile of impostor scores (1.405748); n_impostor=100000
1018280,519188,nd1S06868,nd1S06082,L,L,impostor,1.388931,1.405748,score <= 1th percentile of impostor scores (1.405748); n_impostor=100000
1064394,229191,nd1S05616,nd1S05044,R,R,impostor,1.388962,1.405748,score <= 1th percentile of impostor scores (1.405748); n_impostor=100000
415502,871254,nd1S05857,nd1S06129,R,L,impostor,1.388999,1.405748,score <= 1th percentile of impostor scores (1.405748); n_impostor=100000
241063,701360,nd1S05321,nd1S05970,L,L,impostor,1.389002,1.405748,score <= 1th percentile of impostor scores (1.405748); n_impostor=100000
1066925,755971,nd1S05871,nd1S06352,L,L,impostor,1.389037,1.405748,score <= 1th percentile of impostor scores (1.405748); n_impostor=100000
1152289,374149,nd1S07015,nd1S04701,R,L,impostor,1.389043,1.405748,score <= 1th percentile of impostor scores (1.405748); n_impostor=100000
529063,897526,nd1S05308,nd1S05735,L,L,impostor,1.389067,1.405748,score <= 1th percentile of impostor scores (1.405748); n_impostor=100000
529986,611504,nd1S05957,nd1S05842,R,L,impostor,1.389193,1.405748,score <= 1th percentile of impostor scores (1.405748); n_impostor=100000
603487,862716,nd1S05713,nd1S06352,L,R,impostor,1.389209,1.405748,score <= 1th percentile of impostor scores (1.405748); n_impostor=100000
700970,724185,nd1S05863,nd1S06391,L,L,impostor,1.389252,1.405748,score <= 1th percentile of impostor scores (1.405748); n_impostor=100000
165442,520931,nd1S04851,nd1S06079,L,L,impostor,1.389254,1.405748,score <= 1th percentile of impostor scores (1.405748); n_impostor=100000
1129398,1132232,nd1S05856,nd1S05321,L,R,impostor,1.389261,1.405748,score <= 1th percentile of impostor scores (1.405748); n_impostor=100000
229070,933168,nd1S05271,nd1S05881,L,L,impostor,1.389264,1.405748,score <= 1th percentile of impostor scores (1.405748); n_impostor=100000
437343,659280,nd1S05675,nd1S05096,L,R,impostor,1.389278,1.405748,score <= 1th percentile of impostor scores (1.405748); n_impostor=100000
185637,664353,nd1S04684,nd1S04667,L,L,impostor,1.389290,1.405748,score <= 1th percentile of impostor scores (1.405748); n_impostor=100000
1044449,911393,nd1S05379,nd1S05541,L,L,impostor,1.389328,1.405748,score <= 1th percentile of impostor scores (1.405748); n_impostor=100000
1152268,724700,nd1S07015,nd1S05808,R,R,impostor,1.389421,1.405748,score <= 1th percentile of impostor scores (1.405748); n_impostor=100000
283005,513632,nd1S05508,nd1S05884,L,L,impostor,1.389441,1.405748,score <= 1th percentile of impostor scores (1.405748); n_impostor=100000
1192239,868614,nd1S07015,nd1S06391,L,L,impostor,1.389453,1.405748,score <= 1th percentile of impostor scores (1.405748); n_impostor=100000
1107805,542146,nd1S05871,nd1S06091,R,L,impostor,1.389469,1.405748,score <= 1th percentile of impostor scores (1.405748); n_impostor=100000
415504,660181,nd1S05857,nd1S05091,R,R,impostor,1.389507,1.405748,score <= 1th percentile of impostor scores (1.405748); n_impostor=100000
511817,668551,nd1S05974,nd1S05338,R,R,impostor,1.389543,1.405748,score <= 1th percentile of impostor scores (1.405748); n_impostor=100000
869151,947571,nd1S05407,nd1S05624,L,R,impostor,1.389566,1.405748,score <= 1th percentile of impostor scores (1.405748); n_impostor=100000
1014981,660390,nd1S05889,nd1S05280,L,L,impostor,1.389576,1.405748,score <= 1th percentile of impostor scores (1.405748); n_impostor=100000
278605,664352,nd1S05694,nd1S04667,R,L,impostor,1.389586,1.405748,score <= 1th percentile of impostor scores (1.405748); n_impostor=100000
228393,231635,nd1S05271,nd1S05271,L,R,impostor,1.389616,1.405748,score <= 1th percentile of impostor scores (1.405748); n_impostor=100000
602003,944722,nd1S05857,nd1S05624,R,R,impostor,1.389692,1.405748,score <= 1th percentile of impostor scores (1.405748); n_impostor=100000
228393,511261,nd1S05271,nd1S05999,L,R,impostor,1.389831,1.405748,score <= 1th percentile of impostor scores (1.405748); n_impostor=100000
660390,934651,nd1S05280,nd1S05288,L,L,impostor,1.389908,1.405748,score <= 1th percentile of impostor scores (1.405748); n_impostor=100000
559348,832188,nd1S05321,nd1S06505,L,L,impostor,1.390073,1.405748,score <= 1th percentile of impostor scores (1.405748); n_impostor=100000
420605,858175,nd1S05810,nd1S06352,L,R,impostor,1.390121,1.405748,score <= 1th percentile of impostor scores (1.405748); n_impostor=100000
832000,990823,nd1S06044,nd1S06793,L,L,impostor,1.390122,1.405748,score <= 1th percentile of impostor scores (1.405748); n_impostor=100000
605871,660543,nd1S05270,nd1S05216,R,L,impostor,1.390186,1.405748,score <= 1th percentile of impostor scores (1.405748); n_impostor=100000
1102810,304203,nd1S06793,nd1S05653,R,L,impostor,1.390201,1.405748,score <= 1th percentile of impostor scores (1.405748); n_impostor=100000
237385,660394,nd1S05256,nd1S05280,L,L,impostor,1.390207,1.405748,score <= 1th percentile of impostor scores (1.405748); n_impostor=100000
518331,602718,nd1S05373,nd1S05970,R,R,impostor,1.390263,1.405748,score <= 1th percentile of impostor scores (1.405748); n_impostor=100000
660375,705913,nd1S05279,nd1S06344,R,L,impostor,1.390270,1.405748,score <= 1th percentile of impostor scores (1.405748); n_impostor=100000
656698,819148,nd1S05044,nd1S05321,R,R,impostor,1.390274,1.405748,score <= 1th percentile of impostor scores (1.405748); n_impostor=100000
1112190,450345,nd1S04394,nd1S05870,L,L,impostor,1.390453,1.405748,score <= 1th percentile of impostor scores (1.405748); n_impostor=100000
303476,517944,nd1S05695,nd1S05845,R,L,impostor,1.390499,1.405748,score <= 1th percentile of impostor scores (1.405748); n_impostor=100000
541046,667588,nd1S04649,nd1S05308,L,L,impostor,1.390548,1.405748,score <= 1th percentile of impostor scores (1.405748); n_impostor=100000
1013655,830750,nd1S02463,nd1S06352,L,R,impostor,1.390549,1.405748,score <= 1th percentile of impostor scores (1.405748); n_impostor=100000
449966,971416,nd1S05597,nd1S05246,L,R,impostor,1.390575,1.405748,score <= 1th percentile of impostor scores (1.405748); n_impostor=100000
160252,762337,nd1S04684,nd1S05766,L,L,impostor,1.390594,1.405748,score <= 1th percentile of impostor scores (1.405748); n_impostor=100000
665954,868614,nd1S05289,nd1S06391,L,L,impostor,1.390720,1.405748,score <= 1th percentile of impostor scores (1.405748); n_impostor=100000
256701,706256,nd1S05508,nd1S06300,L,L,impostor,1.390727,1.405748,score <= 1th percentile of impostor scores (1.405748); n_impostor=100000
415409,450154,nd1S05932,nd1S05708,L,L,impostor,1.390781,1.405748,score <= 1th percentile of impostor scores (1.405748); n_impostor=100000
615069,660645,nd1S05831,nd1S05214,R,R,impostor,1.390900,1.405748,score <= 1th percentile of impostor scores (1.405748); n_impostor=100000
1155337,519781,nd1S07015,nd1S05974,R,R,impostor,1.390911,1.405748,score <= 1th percentile of impostor scores (1.405748); n_impostor=100000
1062873,904425,nd1S05889,nd1S05742,L,L,impostor,1.390925,1.405748,score <= 1th percentile of impostor scores (1.405748); n_impostor=100000
615305,668992,nd1S05863,nd1S05213,L,L,impostor,1.390925,1.405748,score <= 1th percentile of impostor scores (1.405748); n_impostor=100000
661424,696539,nd1S04667,nd1S06352,L,L,impostor,1.390941,1.405748,score <= 1th percentile of impostor scores (1.405748); n_impostor=100000
667018,682834,nd1S05284,nd1S05742,L,R,impostor,1.391049,1.405748,score <= 1th percentile of impostor scores (1.405748); n_impostor=100000
1152104,942815,nd1S07015,nd1S06300,R,L,impostor,1.391070,1.405748,score <= 1th percentile of impostor scores (1.405748); n_impostor=100000
1018283,668903,nd1S06868,nd1S05340,L,L,impostor,1.391093,1.405748,score <= 1th percentile of impostor scores (1.405748); n_impostor=100000
266392,668645,nd1S05682,nd1S04970,L,R,impostor,1.391157,1.405748,score <= 1th percentile of impostor scores (1.405748); n_impostor=100000
539803,583410,nd1S05456,nd1S05033,L,R,impostor,1.391192,1.405748,score <= 1th percentile of impostor scores (1.405748); n_impostor=100000
1017028,667798,nd1S05889,nd1S05317,R,R,impostor,1.391219,1.405748,score <= 1th percentile of impostor scores (1.405748); n_impostor=100000
178513,939286,nd1S04394,nd1S06760,R,R,impostor,1.391301,1.405748,score <= 1th percentile of impostor scores (1.405748); n_impostor=100000
1112911,911153,nd1S05954,nd1S05842,L,L,impostor,1.391308,1.405748,score <= 1th percentile of impostor scores (1.405748); n_impostor=100000
259464,705267,nd1S05315,nd1S05379,L,L,impostor,1.391356,1.405748,score <= 1th percentile of impostor scores (1.405748); n_impostor=100000
1059241,660405,nd1S06131,nd1S05281,L,L,impostor,1.391395,1.405748,score <= 1th percentile of impostor scores (1.405748); n_impostor=100000
542470,682460,nd1S05624,nd1S06110,R,R,impostor,1.391573,1.405748,score <= 1th percentile of impostor scores (1.405748); n_impostor=100000
591982,825314,nd1S05749,nd1S06044,L,L,impostor,1.391599,1.405748,score <= 1th percentile of impostor scores (1.405748); n_impostor=100000
416600,452152,nd1S05456,nd1S05999,R,R,impostor,1.391610,1.405748,score <= 1th percentile of impostor scores (1.405748); n_impostor=100000
664808,666193,nd1S04683,nd1S05044,L,R,impostor,1.391611,1.405748,score <= 1th percentile of impostor scores (1.405748); n_impostor=100000
1012191,258134,nd1S06859,nd1S05511,R,L,impostor,1.391645,1.405748,score <= 1th percentile of impostor scores (1.405748); n_impostor=100000
1065335,529066,nd1S06927,nd1S05308,R,L,impostor,1.391648,1.405748,score <= 1th percentile of impostor scores (1.405748); n_impostor=100000
283636,554137,nd1S05317,nd1S04649,R,L,impostor,1.391650,1.405748,score <= 1th percentile of impostor scores (1.405748); n_impostor=100000
659701,725209,nd1S05275,nd1S05974,R,R,impostor,1.391685,1.405748,score <= 1th percentile of impostor scores (1.405748); n_impostor=100000
417225,513406,nd1S05271,nd1S05999,L,R,impostor,1.391768,1.405748,score <= 1th percentile of impostor scores (1.405748); n_impostor=100000
659439,660292,nd1S05270,nd1S05060,R,R,impostor,1.391778,1.405748,score <= 1th percentile of impostor scores (1.405748); n_impostor=100000
217090,659477,nd1S04851,nd1S05271,L,L,impostor,1.391817,1.405748,score <= 1th percentile of impostor scores (1.405748); n_impostor=100000
374137,542481,nd1S04701,nd1S05624,L,L,impostor,1.391910,1.405748,score <= 1th percentile of impostor scores (1.405748); n_impostor=100000
1043394,578832,nd1S05310,nd1S05713,R,L,impostor,1.392045,1.405748,score <= 1th percentile of impostor scores (1.405748); n_impostor=100000
1012909,705661,nd1S06793,nd1S06110,L,R,impostor,1.392073,1.405748,score <= 1th percentile of impostor scores (1.405748); n_impostor=100000
583995,668550,nd1S06202,nd1S05338,R,R,impostor,1.392087,1.405748,score <= 1th percentile of impostor scores (1.405748); n_impostor=100000
1035705,546228,nd1S05619,nd1S05271,L,L,impostor,1.392126,1.405748,score <= 1th percentile of impostor scores (1.405748); n_impostor=100000
659410,860409,nd1S05269,nd1S05863,L,L,impostor,1.392172,1.405748,score <= 1th percentile of impostor scores (1.405748); n_impostor=100000
660981,829089,nd1S05049,nd1S05624,R,R,impostor,1.392181,1.405748,score <= 1th percentile of impostor scores (1.405748); n_impostor=100000
903081,969902,nd1S05708,nd1S05889,R,L,impostor,1.392240,1.405748,score <= 1th percentile of impostor scores (1.405748); n_impostor=100000
432297,832189,nd1S05501,nd1S06505,R,L,impostor,1.392268,1.405748,score <= 1th percentile of impostor scores (1.405748); n_impostor=100000
541533,611427,nd1S06128,nd1S05308,R,L,impostor,1.392344,1.405748,score <= 1th percentile of impostor scores (1.405748); n_impostor=100000
661008,935116,nd1S05287,nd1S05379,R,L,impostor,1.392413,1.405748,score <= 1th percentile of impostor scores (1.405748); n_impostor=100000
237388,660394,nd1S05256,nd1S05280,L,L,impostor,1.392558,1.405748,score <= 1th percentile of impostor scores (1.405748); n_impostor=100000
1019972,659496,nd1S06868,nd1S05271,L,R,impostor,1.392741,1.405748,score <= 1th percentile of impostor scores (1.405748); n_impostor=100000
725626,871593,nd1S06345,nd1S05407,R,R,impostor,1.392753,1.405748,score <= 1th percentile of impostor scores (1.405748); n_impostor=100000
1148984,707072,nd1S07015,nd1S05808,R,R,impostor,1.392766,1.405748,score <= 1th percentile of impostor scores (1.405748); n_impostor=100000
710103,969902,nd1S06500,nd1S05889,L,L,impostor,1.392818,1.405748,score <= 1th percentile of impostor scores (1.405748); n_impostor=100000
1135295,696395,nd1S05889,nd1S05033,R,R,impostor,1.392853,1.405748,score <= 1th percentile of impostor scores (1.405748); n_impostor=100000
869796,896443,nd1S06129,nd1S05735,L,L,impostor,1.392860,1.405748,score <= 1th percentile of impostor scores (1.405748); n_impostor=100000
1192881,401487,nd1S04261,nd1S05742,L,R,impostor,1.392875,1.405748,score <= 1th percentile of impostor scores (1.405748); n_impostor=100000
1131736,694820,nd1S06118,nd1S05587,R,R,impostor,1.392957,1.405748,score <= 1th percentile of impostor scores (1.405748); n_impostor=100000
1034936,1129235,nd1S05963,nd1S05742,R,R,impostor,1.392979,1.405748,score <= 1th percentile of impostor scores (1.405748); n_impostor=100000
189040,259580,nd1S04851,nd1S05619,L,L,impostor,1.392987,1.405748,score <= 1th percentile of impostor scores (1.405748); n_impostor=100000
793028,864599,nd1S05868,nd1S05301,L,R,impostor,1.393043,1.405748,score <= 1th percentile of impostor scores (1.405748); n_impostor=100000
1135287,860159,nd1S05889,nd1S05675,L,L,impostor,1.393095,1.405748,score <= 1th percentile of impostor scores (1.405748); n_impostor=100000
587567,942642,nd1S06217,nd1S06793,L,L,impostor,1.393200,1.405748,score <= 1th percentile of impostor scores (1.405748); n_impostor=100000
758901,858309,nd1S05629,nd1S04649,L,L,impostor,1.393217,1.405748,score <= 1th percentile of impostor scores (1.405748); n_impostor=100000
531442,538532,nd1S05708,nd1S05963,L,L,impostor,1.393245,1.405748,score <= 1th percentile of impostor scores (1.405748); n_impostor=100000
856887,996717,nd1S05301,nd1S05932,L,L,impostor,1.393260,1.405748,score <= 1th percentile of impostor scores (1.405748); n_impostor=100000
540999,724277,nd1S06126,nd1S05970,R,R,impostor,1.393349,1.405748,score <= 1th percentile of impostor scores (1.405748); n_impostor=100000
1064175,723394,nd1S05963,nd1S05714,R,L,impostor,1.393369,1.405748,score <= 1th percentile of impostor scores (1.405748); n_impostor=100000
1103821,1133078,nd1S06505,nd1S05321,R,R,impostor,1.393407,1.405748,score <= 1th percentile of impostor scores (1.405748); n_impostor=100000
765353,968075,nd1S05881,nd1S05881,R,L,impostor,1.393412,1.405748,score <= 1th percentile of impostor scores (1.405748); n_impostor=100000
659490,791781,nd1S05271,nd1S06086,L,L,impostor,1.393415,1.405748,score <= 1th percentile of impostor scores (1.405748); n_impostor=100000
185568,588667,nd1S04683,nd1S05695,L,R,impostor,1.393429,1.405748,score <= 1th percentile of impostor scores (1.405748); n_impostor=100000
829089,870379,nd1S05624,nd1S05541,R,R,impostor,1.393432,1.405748,score <= 1th percentile of impostor scores (1.405748); n_impostor=100000
660542,903069,nd1S05216,nd1S05742,L,L,impostor,1.393432,1.405748,score <= 1th percentile of impostor scores (1.405748); n_impostor=100000
856108,896832,nd1S05587,nd1S05379,R,R,impostor,1.393445,1.405748,score <= 1th percentile of impostor scores (1.405748); n_impostor=100000
387196,660398,nd1S05766,nd1S05280,L,R,impostor,1.393450,1.405748,score <= 1th percentile of impostor scores (1.405748); n_impostor=100000
187714,704455,nd1S04786,nd1S05880,L,L,impostor,1.393543,1.405748,score <= 1th percentile of impostor scores (1.405748); n_impostor=100000
1113168,704800,nd1S05889,nd1S05766,L,L,impostor,1.393554,1.405748,score <= 1th percentile of impostor scores (1.405748); n_impostor=100000
399124,768547,nd1S05653,nd1S04418,L,L,impostor,1.393598,1.405748,score <= 1th percentile of impostor scores (1.405748); n_impostor=100000
1131745,541002,nd1S05954,nd1S06126,R,R,impostor,1.393611,1.405748,score <= 1th percentile of impostor scores (1.405748); n_impostor=100000
831106,902902,nd1S06044,nd1S05407,L,R,impostor,1.393693,1.405748,score <= 1th percentile of impostor scores (1.405748); n_impostor=100000
660774,661878,nd1S05284,nd1S05049,R,R,impostor,1.393771,1.405748,score <= 1th percentile of impostor scores (1.405748); n_impostor=100000
611501,760998,nd1S05842,nd1S06118,L,L,impostor,1.393790,1.405748,score <= 1th percentile of impostor scores (1.405748); n_impostor=100000
520602,663003,nd1S05970,nd1S04667,L,L,impostor,1.393862,1.405748,score <= 1th percentile of impostor scores (1.405748); n_impostor=100000
1058664,230685,nd1S06788,nd1S05310,R,R,impostor,1.393894,1.405748,score <= 1th percentile of impostor scores (1.405748); n_impostor=100000
445497,659276,nd1S05974,nd1S05096,R,R,impostor,1.393900,1.405748,score <= 1th percentile of impostor scores (1.405748); n_impostor=100000
292978,733305,nd1S05321,nd1S06505,R,R,impostor,1.393982,1.405748,score <= 1th percentile of impostor scores (1.405748); n_impostor=100000
591051,700907,nd1S06202,nd1S06441,R,R,impostor,1.393991,1.405748,score <= 1th percentile of impostor scores (1.405748); n_impostor=100000
829089,858299,nd1S05624,nd1S04649,R,L,impostor,1.393993,1.405748,score <= 1th percentile of impostor scores (1.405748); n_impostor=100000
659504,753935,nd1S05272,nd1S06118,L,L,impostor,1.393997,1.405748,score <= 1th percentile of impostor scores (1.405748); n_impostor=100000
1192860,668507,nd1S04261,nd1S05308,L,L,impostor,1.394151,1.405748,score <= 1th percentile of impostor scores (1.405748); n_impostor=100000
280294,451730,nd1S05455,nd1S05271,L,L,impostor,1.394184,1.405748,score <= 1th percentile of impostor scores (1.405748); n_impostor=100000
535523,799914,nd1S05044,nd1S05541,R,L,impostor,1.394191,1.405748,score <= 1th percentile of impostor scores (1.405748); n_impostor=100000
391598,406403,nd1S05271,nd1S05271,R,L,impostor,1.394213,1.405748,score <= 1th percentile of impostor scores (1.405748); n_impostor=100000
1130299,798670,nd1S06118,nd1S05842,L,L,impostor,1.394250,1.405748,score <= 1th percentile of impostor scores (1.405748); n_impostor=100000
1192992,262924,nd1S04261,nd1S05165,R,L,impostor,1.394302,1.405748,score <= 1th percentile of impostor scores (1.405748); n_impostor=100000
416324,793452,nd1S05714,nd1S06110,L,R,impostor,1.394309,1.405748,score <= 1th percentile of impostor scores (1.405748); n_impostor=100000
668504,791637,nd1S05308,nd1S06300,L,L,impostor,1.394349,1.405748,score <= 1th percentile of impostor scores (1.405748); n_impostor=100000
1128642,1130310,nd1S05857,nd1S05954,L,L,impostor,1.394422,1.405748,score <= 1th percentile of impostor scores (1.405748); n_impostor=100000
658871,662432,nd1S05062,nd1S05049,R,R,impostor,1.394431,1.405748,score <= 1th percentile of impostor scores (1.405748); n_impostor=100000
764149,831091,nd1S05587,nd1S06131,R,L,impostor,1.394432,1.405748,score <= 1th percentile of impostor scores (1.405748); n_impostor=100000
1112078,275971,nd1S05954,nd1S05624,R,R,impostor,1.394476,1.405748,score <= 1th percentile of impostor scores (1.405748); n_impostor=100000
313421,665221,nd1S05713,nd1S05049,L,R,impostor,1.394543,1.405748,score <= 1th percentile of impostor scores (1.405748); n_impostor=100000
1103556,541002,nd1S06868,nd1S06126,L,R,impostor,1.394568,1.405748,score <= 1th percentile of impostor scores (1.405748); n_impostor=100000
1020225,902479,nd1S05889,nd1S06469,L,R,impostor,1.394644,1.405748,score <= 1th percentile of impostor scores (1.405748); n_impostor=100000
1041977,280885,nd1S06350,nd1S05379,L,L,impostor,1.394706,1.405748,score <= 1th percentile of impostor scores (1.405748); n_impostor=100000
659685,791160,nd1S04684,nd1S06069,L,L,impostor,1.394749,1.405748,score <= 1th percentile of impostor scores (1.405748); n_impostor=100000
397294,665962,nd1S05281,nd1S05289,L,R,impostor,1.394777,1.405748,score <= 1th percentile of impostor scores (1.405748); n_impostor=100000
1156714,660573,nd1S06017,nd1S05216,L,R,impostor,1.394834,1.405748,score <= 1th percentile of impostor scores (1.405748); n_impostor=100000
189019,406409,nd1S04851,nd1S05271,L,L,impostor,1.394841,1.405748,score <= 1th percentile of impostor scores (1.405748); n_impostor=100000
1110980,820265,nd1S04394,nd1S05661,L,L,impostor,1.394982,1.405748,score <= 1th percentile of impostor scores (1.405748); n_impostor=100000
277300,538532,nd1S04851,nd1S05963,L,L,impostor,1.395000,1.405748,score <= 1th percentile of impostor scores (1.405748); n_impostor=100000
788577,799365,nd1S06344,nd1S06217,L,L,impostor,1.395146,1.405748,score <= 1th percentile of impostor scores (1.405748); n_impostor=100000
229070,522074,nd1S05271,nd1S05999,L,R,impostor,1.395212,1.405748,score <= 1th percentile of impostor scores (1.405748); n_impostor=100000
727105,800128,nd1S05857,nd1S06086,R,L,impostor,1.395214,1.405748,score <= 1th percentile of impostor scores (1.405748); n_impostor=100000
660671,934637,nd1S05283,nd1S05288,L,L,impostor,1.395244,1.405748,score <= 1th percentile of impostor scores (1.405748); n_impostor=100000
1192244,659683,nd1S07015,nd1S04684,L,L,impostor,1.395289,1.405748,score <= 1th percentile of impostor scores (1.405748); n_impostor=100000
230274,240618,nd1S05340,nd1S05501,L,R,impostor,1.395365,1.405748,score <= 1th percentile of impostor scores (1.405748); n_impostor=100000
657949,663958,nd1S05033,nd1S05133,R,R,impostor,1.395366,1.405748,score <= 1th percentile of impostor scores (1.405748); n_impostor=100000
1189974,763885,nd1S07015,nd1S06044,R,R,impostor,1.395369,1.405748,score <= 1th percentile of impostor scores (1.405748); n_impostor=100000
289041,591211,nd1S05742,nd1S05713,R,L,impostor,1.395461,1.405748,score <= 1th percentile of impostor scores (1.405748); n_impostor=100000
287628,971671,nd1S05555,nd1S06543,R,R,impostor,1.395513,1.405748,score <= 1th percentile of impostor scores (1.405748); n_impostor=100000
1090881,677074,nd1S06344,nd1S05367,L,L,impostor,1.395515,1.405748,score <= 1th percentile of impostor scores (1.405748); n_impostor=100000
609902,766146,nd1S06078,nd1S06500,R,L,impostor,1.395549,1.405748,score <= 1th percentile of impostor scores (1.405748); n_impostor=100000
1020322,727010,nd1S06350,nd1S02463,L,L,impostor,1.395568,1.405748,score <= 1th percentile of impostor scores (1.405748); n_impostor=100000
452277,538152,nd1S05932,nd1S06082,L,L,impostor,1.395599,1.405748,score <= 1th percentile of impostor scores (1.405748); n_impostor=100000
660997,682361,nd1S05287,nd1S05863,R,L,impostor,1.395617,1.405748,score <= 1th percentile of impostor scores (1.405748); n_impostor=100000
1153438,590448,nd1S06017,nd1S05308,L,L,impostor,1.395646,1.405748,score <= 1th percentile of impostor scores (1.405748); n_impostor=100000
830801,856632,nd1S06131,nd1S05321,L,R,impostor,1.395647,1.405748,score <= 1th percentile of impostor scores (1.405748); n_impostor=100000
1135299,728234,nd1S05889,nd1S04649,L,L,impostor,1.395668,1.405748,score <= 1th percentile of impostor scores (1.405748); n_impostor=100000
407296,659682,nd1S05694,nd1S04684,R,L,impostor,1.395673,1.405748,score <= 1th percentile of impostor scores (1.405748); n_impostor=100000
529525,660771,nd1S05244,nd1S05284,L,R,impostor,1.395687,1.405748,score <= 1th percentile of impostor scores (1.405748); n_impostor=100000
1067694,989360,nd1S06118,nd1S05456,R,L,impostor,1.395695,1.405748,score <= 1th percentile of impostor scores (1.405748); n_impostor=100000
1034558,1041270,nd1S05932,nd1S05889,L,L,impostor,1.395733,1.405748,score <= 1th percentile of impostor scores (1.405748); n_impostor=100000
723584,941191,nd1S05619,nd1S06406,L,R,impostor,1.395738,1.405748,score <= 1th percentile of impostor scores (1.405748); n_impostor=100000
529574,665671,nd1S05271,nd1S05044,L,R,impostor,1.395766,1.405748,score <= 1th percentile of impostor scores (1.405748); n_impostor=100000
1103833,531463,nd1S06082,nd1S05708,R,R,impostor,1.395840,1.405748,score <= 1th percentile of impostor scores (1.405748); n_impostor=100000
441495,590446,nd1S04649,nd1S05308,L,L,impostor,1.395841,1.405748,score <= 1th percentile of impostor scores (1.405748); n_impostor=100000
243683,513404,nd1S05044,nd1S05999,R,R,impostor,1.395896,1.405748,score <= 1th percentile of impostor scores (1.405748); n_impostor=100000
767720,869141,nd1S06079,nd1S05407,R,L,impostor,1.396015,1.405748,score <= 1th percentile of impostor scores (1.405748); n_impostor=100000
513404,757705,nd1S05999,nd1S05766,R,L,impostor,1.396050,1.405748,score <= 1th percentile of impostor scores (1.405748); n_impostor=100000
661008,665961,nd1S05287,nd1S05289,R,R,impostor,1.396067,1.405748,score <= 1th percentile of impostor scores (1.405748); n_impostor=100000
1192881,682820,nd1S04261,nd1S05742,L,R,impostor,1.396105,1.405748,score <= 1th percentile of impostor scores (1.405748); n_impostor=100000
660673,665978,nd1S05283,nd1S05096,L,L,impostor,1.396127,1.405748,score <= 1th percentile of impostor scores (1.405748); n_impostor=100000
1130986,591197,nd1S05954,nd1S06128,R,R,impostor,1.396149,1.405748,score <= 1th percentile of impostor scores (1.405748); n_impostor=100000
606718,897901,nd1S05375,nd1S05321,R,R,impostor,1.396170,1.405748,score <= 1th percentile of impostor scores (1.405748); n_impostor=100000
760998,790688,nd1S06118,nd1S06345,L,L,impostor,1.396185,1.405748,score <= 1th percentile of impostor scores (1.405748); n_impostor=100000
665980,755672,nd1S05096,nd1S05619,L,L,impostor,1.396220,1.405748,score <= 1th percentile of impostor scores (1.405748); n_impostor=100000
1019589,418070,nd1S05963,nd1S05271,R,R,impostor,1.396279,1.405748,score <= 1th percentile of impostor scores (1.405748); n_impostor=100000
263241,654209,nd1S05455,nd1S05256,L,L,impostor,1.396281,1.405748,score <= 1th percentile of impostor scores (1.405748); n_impostor=100000
233283,260231,nd1S05511,nd1S05624,L,R,impostor,1.396301,1.405748,score <= 1th percentile of impostor scores (1.405748); n_impostor=100000
1192239,396755,nd1S07015,nd1S05884,L,L,impostor,1.396311,1.405748,score <= 1th percentile of impostor scores (1.405748); n_impostor=100000
558558,590442,nd1S06128,nd1S05308,R,L,impostor,1.396312,1.405748,score <= 1th percentile of impostor scores (1.405748); n_impostor=100000
1155289,701174,nd1S07015,nd1S05932,R,L,impostor,1.396315,1.405748,score <= 1th percentile of impostor scores (1.405748); n_impostor=100000
256701,911385,nd1S05508,nd1S05541,L,R,impostor,1.396325,1.405748,score <= 1th percentile of impostor scores (1.405748); n_impostor=100000
1084833,830790,nd1S06943,nd1S06352,R,R,impostor,1.396391,1.405748,score <= 1th percentile of impostor scores (1.405748); n_impostor=100000
1012191,819459,nd1S06859,nd1S06441,R,R,impostor,1.396415,1.405748,score <= 1th percentile of impostor scores (1.405748); n_impostor=100000
397293,668992,nd1S05281,nd1S05213,L,L,impostor,1.396494,1.405748,score <= 1th percentile of impostor scores (1.405748); n_impostor=100000
397305,667583,nd1S05281,nd1S05308,L,L,impostor,1.396553,1.405748,score <= 1th percentile of impostor scores (1.405748); n_impostor=100000
1041792,406403,nd1S05974,nd1S05271,L,L,impostor,1.396631,1.405748,score <= 1th percentile of impostor scores (1.405748); n_impostor=100000
192843,527711,nd1S04394,nd1S05999,R,L,impostor,1.396657,1.405748,score <= 1th percentile of impostor scores (1.405748); n_impostor=100000
1013666,1105081,nd1S02463,nd1S06793,L,L,impostor,1.396676,1.405748,score <= 1th percentile of impostor scores (1.405748); n_impostor=100000
278275,660372,nd1S05713,nd1S05279,L,R,impostor,1.396682,1.405748,score <= 1th percentile of impostor scores (1.405748); n_impostor=100000
255417,822080,nd1S05271,nd1S05619,L,L,impostor,1.396693,1.405748,score <= 1th percentile of impostor scores (1.405748); n_impostor=100000
441498,591207,nd1S04649,nd1S06128,L,R,impostor,1.396749,1.405748,score <= 1th percentile of impostor scores (1.405748); n_impostor=100000
441124,701263,nd1S05970,nd1S06110,R,R,impostor,1.396770,1.405748,score <= 1th percentile of impostor scores (1.405748); n_impostor=100000
276067,664444,nd1S05653,nd1S05033,L,R,impostor,1.396828,1.405748,score <= 1th percentile of impostor scores (1.405748); n_impostor=100000
659439,994517,nd1S05270,nd1S06775,R,R,impostor,1.396958,1.405748,score <= 1th percentile of impostor scores (1.405748); n_impostor=100000
278279,660365,nd1S05713,nd1S05279,L,L,impostor,1.396983,1.405748,score <= 1th percentile of impostor scores (1.405748); n_impostor=100000
179783,709141,nd1S02463,nd1S06139,L,L,impostor,1.397013,1.405748,score <= 1th percentile of impostor scores (1.405748); n_impostor=100000
818343,897014,nd1S04394,nd1S05321,R,L,impostor,1.397062,1.405748,score <= 1th percentile of impostor scores (1.405748); n_impostor=100000
237628,655287,nd1S05289,nd1S05096,L,L,impostor,1.397177,1.405748,score <= 1th percentile of impostor scores (1.405748); n_impostor=100000
286854,432295,nd1S05600,nd1S05501,L,R,impostor,1.397201,1.405748,score <= 1th percentile of impostor scores (1.405748); n_impostor=100000
277030,707341,nd1S05321,nd1S06085,L,R,impostor,1.397215,1.405748,score <= 1th percentile of impostor scores (1.405748); n_impostor=100000
236264,660314,nd1S05317,nd1S05060,R,R,impostor,1.397256,1.405748,score <= 1th percentile of impostor scores (1.405748); n_impostor=100000
1131768,942629,nd1S05853,nd1S06793,L,L,impostor,1.397262,1.405748,score <= 1th percentile of impostor scores (1.405748); n_impostor=100000
725197,831989,nd1S05974,nd1S06044,R,L,impostor,1.397285,1.405748,score <= 1th percentile of impostor scores (1.405748); n_impostor=100000
1088852,397291,nd1S06927,nd1S05281,R,L,impostor,1.397320,1.405748,score <= 1th percentile of impostor scores (1.405748); n_impostor=100000
1149289,668546,nd1S07015,nd1S05338,R,R,impostor,1.397372,1.405748,score <= 1th percentile of impostor scores (1.405748); n_impostor=100000
527997,798325,nd1S05842,nd1S06217,L,L,impostor,1.397561,1.405748,score <= 1th percentile of impostor scores (1.405748); n_impostor=100000
452277,603290,nd1S05932,nd1S05884,L,L,impostor,1.397573,1.405748,score <= 1th percentile of impostor scores (1.405748); n_impostor=100000
936944,988470,nd1S05713,nd1S05619,R,L,impostor,1.397590,1.405748,score <= 1th percentile of impostor scores (1.405748); n_impostor=100000
315030,613532,nd1S05740,nd1S05379,L,L,impostor,1.397605,1.405748,score <= 1th percentile of impostor scores (1.405748); n_impostor=100000
202511,666346,nd1S02463,nd1S04970,L,R,impostor,1.397623,1.405748,score <= 1th percentile of impostor scores (1.405748); n_impostor=100000
1111241,760320,nd1S05889,nd1S05541,L,L,impostor,1.397638,1.405748,score <= 1th percentile of impostor scores (1.405748); n_impostor=100000
521068,970762,nd1S05455,nd1S06543,L,R,impostor,1.397669,1.405748,score <= 1th percentile of impostor scores (1.405748); n_impostor=100000
229050,667094,nd1S05321,nd1S05044,R,R,impostor,1.397680,1.405748,score <= 1th percentile of impostor scores (1.405748); n_impostor=100000
614335,901428,nd1S05999,nd1S05379,L,L,impostor,1.397706,1.405748,score <= 1th percentile of impostor scores (1.405748); n_impostor=100000
659371,724195,nd1S05244,nd1S06391,L,L,impostor,1.397765,1.405748,score <= 1th percentile of impostor scores (1.405748); n_impostor=100000
1103073,676575,nd1S05661,nd1S05321,L,L,impostor,1.397800,1.405748,score <= 1th percentile of impostor scores (1.405748); n_impostor=100000
660642,707898,nd1S05214,nd1S06441,R,R,impostor,1.397821,1.405748,score <= 1th percentile of impostor scores (1.405748); n_impostor=100000
706256,944600,nd1S06300,nd1S05246,L,R,impostor,1.397822,1.405748,score <= 1th percentile of impostor scores (1.405748); n_impostor=100000
611701,614335,nd1S05963,nd1S05999,L,L,impostor,1.397941,1.405748,score <= 1th percentile of impostor scores (1.405748); n_impostor=100000
668171,935099,nd1S05062,nd1S02463,R,L,impostor,1.397947,1.405748,score <= 1th percentile of impostor scores (1.405748); n_impostor=100000
1065299,667586,nd1S02463,nd1S05308,L,L,impostor,1.397981,1.405748,score <= 1th percentile of impostor scores (1.405748); n_impostor=100000
1112082,526642,nd1S05954,nd1S05999,R,R,impostor,1.398003,1.405748,score <= 1th percentile of impostor scores (1.405748); n_impostor=100000
160439,256316,nd1S04851,nd1S05619,L,L,impostor,1.398216,1.405748,score <= 1th percentile of impostor scores (1.405748); n_impostor=100000
1108981,406131,nd1S05974,nd1S05315,L,L,impostor,1.398222,1.405748,score <= 1th percentile of impostor scores (1.405748); n_impostor=100000
542464,868675,nd1S05624,nd1S05379,R,L,impostor,1.398256,1.405748,score <= 1th percentile of impostor scores (1.405748); n_impostor=100000
189057,264067,nd1S04851,nd1S05271,L,L,impostor,1.398272,1.405748,score <= 1th percentile of impostor scores (1.405748); n_impostor=100000
660339,765353,nd1S05278,nd1S05881,R,R,impostor,1.398303,1.405748,score <= 1th percentile of impostor scores (1.405748); n_impostor=100000
1113163,707834,nd1S05889,nd1S06406,L,R,impostor,1.398369,1.405748,score <= 1th percentile of impostor scores (1.405748); n_impostor=100000
410318,557400,nd1S05597,nd1S06110,L,R,impostor,1.398406,1.405748,score <= 1th percentile of impostor scores (1.405748); n_impostor=100000
768646,795568,nd1S05321,nd1S05661,R,L,impostor,1.398415,1.405748,score <= 1th percentile of impostor scores (1.405748); n_impostor=100000
417225,513397,nd1S05271,nd1S05999,L,R,impostor,1.398457,1.405748,score <= 1th percentile of impostor scores (1.405748); n_impostor=100000
1193003,217090,nd1S04261,nd1S04851,R,L,impostor,1.398484,1.405748,score <= 1th percentile of impostor scores (1.405748); n_impostor=100000
416444,791649,nd1S05555,nd1S06300,R,L,impostor,1.398513,1.405748,score <= 1th percentile of impostor scores (1.405748); n_impostor=100000
1109575,707831,nd1S05871,nd1S06406,R,L,impostor,1.398593,1.405748,score <= 1th percentile of impostor scores (1.405748); n_impostor=100000
556495,661749,nd1S05808,nd1S04970,R,R,impostor,1.398606,1.405748,score <= 1th percentile of impostor scores (1.405748); n_impostor=100000
229055,709563,nd1S05244,nd1S05735,L,R,impostor,1.398663,1.405748,score <= 1th percentile of impostor scores (1.405748); n_impostor=100000
1091156,668646,nd1S02463,nd1S04970,L,R,impostor,1.398685,1.405748,score <= 1th percentile of impostor scores (1.405748); n_impostor=100000
1161496,543153,nd1S06017,nd1S05367,L,L,impostor,1.398719,1.405748,score <= 1th percentile of impostor scores (1.405748); n_impostor=100000
1103838,659278,nd1S06082,nd1S05096,R,R,impostor,1.398724,1.405748,score <= 1th percentile of impostor scores (1.405748); n_impostor=100000
1021140,729793,nd1S05963,nd1S06079,R,L,impostor,1.398778,1.405748,score <= 1th percentile of impostor scores (1.405748); n_impostor=100000
417382,907341,nd1S05854,nd1S05624,R,L,impostor,1.398832,1.405748,score <= 1th percentile of impostor scores (1.405748); n_impostor=100000
522740,538541,nd1S05271,nd1S05963,L,L,impostor,1.398968,1.405748,score <= 1th percentile of impostor scores (1.405748); n_impostor=100000
1131431,995465,nd1S05456,nd1S06107,R,R,impostor,1.398978,1.405748,score <= 1th percentile of impostor scores (1.405748); n_impostor=100000
302355,374119,nd1S05044,nd1S04701,L,L,impostor,1.398980,1.405748,score <= 1th percentile of impostor scores (1.405748); n_impostor=100000
264067,557157,nd1S05271,nd1S04649,L,L,impostor,1.398984,1.405748,score <= 1th percentile of impostor scores (1.405748); n_impostor=100000
1042066,229069,nd1S06344,nd1S05271,L,L,impostor,1.398990,1.405748,score <= 1th percentile of impostor scores (1.405748); n_impostor=100000
443813,655645,nd1S05624,nd1S04851,L,L,impostor,1.398993,1.405748,score <= 1th percentile of impostor scores (1.405748); n_impostor=100000
515557,709069,nd1S05459,nd1S06069,L,L,impostor,1.399085,1.405748,score <= 1th percentile of impostor scores (1.405748); n_impostor=100000
268867,664249,nd1S05624,nd1S04701,L,L,impostor,1.399124,1.405748,score <= 1th percentile of impostor scores (1.405748); n_impostor=100000
160439,255418,nd1S04851,nd1S05271,L,L,impostor,1.399134,1.405748,score <= 1th percentile of impostor scores (1.405748); n_impostor=100000
664849,832197,nd1S04667,nd1S06505,L,L,impostor,1.399140,1.405748,score <= 1th percentile of impostor scores (1.405748); n_impostor=100000
1042350,799853,nd1S05310,nd1S06345,R,L,impostor,1.399176,1.405748,score <= 1th percentile of impostor scores (1.405748); n_impostor=100000
1149289,722625,nd1S07015,nd1S06107,R,R,impostor,1.399225,1.405748,score <= 1th percentile of impostor scores (1.405748); n_impostor=100000
659276,660782,nd1S05096,nd1S05260,R,R,impostor,1.399250,1.405748,score <= 1th percentile of impostor scores (1.405748); n_impostor=100000
1042607,591514,nd1S06500,nd1S05856,L,R,impostor,1.399284,1.405748,score <= 1th percentile of impostor scores (1.405748); n_impostor=100000
660673,661162,nd1S05283,nd1S04505,L,L,impostor,1.399297,1.405748,score <= 1th percentile of impostor scores (1.405748); n_impostor=100000
1014380,867209,nd1S06745,nd1S05863,R,L,impostor,1.399359,1.405748,score <= 1th percentile of impostor scores (1.405748); n_impostor=100000
762632,866310,nd1S06469,nd1S06352,R,R,impostor,1.399360,1.405748,score <= 1th percentile of impostor scores (1.405748); n_impostor=100000
231568,276426,nd1S05289,nd1S05317,L,L,impostor,1.399441,1.405748,score <= 1th percentile of impostor scores (1.405748); n_impostor=100000
870377,970878,nd1S05541,nd1S05957,L,L,impostor,1.399441,1.405748,score <= 1th percentile of impostor scores (1.405748); n_impostor=100000
520307,676099,nd1S05321,nd1S05661,R,L,impostor,1.399490,1.405748,score <= 1th percentile of impostor scores (1.405748); n_impostor=100000
187714,724762,nd1S04786,nd1S05713,L,L,impostor,1.399495,1.405748,score <= 1th percentile of impostor scores (1.405748); n_impostor=100000
661429,945238,nd1S04667,nd1S06768,L,R,impostor,1.399512,1.405748,score <= 1th percentile of impostor scores (1.405748); n_impostor=100000
165161,192822,nd1S04667,nd1S04394,L,R,impostor,1.399517,1.405748,score <= 1th percentile of impostor scores (1.405748); n_impostor=100000
192841,580605,nd1S04394,nd1S05970,R,R,impostor,1.399573,1.405748,score <= 1th percentile of impostor scores (1.405748); n_impostor=100000
167630,583410,nd1S04851,nd1S05033,L,R,impostor,1.399627,1.405748,score <= 1th percentile of impostor scores (1.405748); n_impostor=100000
1110959,970762,nd1S04394,nd1S06543,L,R,impostor,1.399734,1.405748,score <= 1th percentile of impostor scores (1.405748); n_impostor=100000
437241,676916,nd1S05459,nd1S05932,L,L,impostor,1.399766,1.405748,score <= 1th percentile of impostor scores (1.405748); n_impostor=100000
1192872,707354,nd1S04261,nd1S06085,L,R,impostor,1.399853,1.405748,score <= 1th percentile of impostor scores (1.405748); n_impostor=100000
1010198,766137,nd1S06793,nd1S06500,R,L,impostor,1.399900,1.405748,score <= 1th percentile of impostor scores (1.405748); n_impostor=100000
374149,660336,nd1S04701,nd1S05278,L,R,impostor,1.399925,1.405748,score <= 1th percentile of impostor scores (1.405748); n_impostor=100000
663007,696438,nd1S04667,nd1S05708,L,R,impostor,1.399938,1.405748,score <= 1th percentile of impostor scores (1.405748); n_impostor=100000
1090032,906132,nd1S06131,nd1S05810,L,L,impostor,1.399954,1.405748,score <= 1th percentile of impostor scores (1.405748); n_impostor=100000
1112200,605871,nd1S06344,nd1S05270,L,R,impostor,1.399957,1.405748,score <= 1th percentile of impostor scores (1.405748); n_impostor=100000
1013655,757435,nd1S02463,nd1S06406,L,R,impostor,1.399964,1.405748,score <= 1th percentile of impostor scores (1.405748); n_impostor=100000
607288,659122,nd1S05624,nd1S04701,L,L,impostor,1.400010,1.405748,score <= 1th percentile of impostor scores (1.405748); n_impostor=100000
209267,560058,nd1S04859,nd1S05624,R,R,impostor,1.400110,1.405748,score <= 1th percentile of impostor scores (1.405748); n_impostor=100000
604182,908490,nd1S05832,nd1S05541,R,L,impostor,1.400111,1.405748,score <= 1th percentile of impostor scores (1.405748); n_impostor=100000
1192892,397306,nd1S04261,nd1S05281,L,L,impostor,1.400112,1.405748,score <= 1th percentile of impostor scores (1.405748); n_impostor=100000
870378,895494,nd1S05541,nd1S06217,R,L,impostor,1.400133,1.405748,score <= 1th percentile of impostor scores (1.405748); n_impostor=100000
1086667,542830,nd1S06932,nd1S06044,R,R,impostor,1.400138,1.405748,score <= 1th percentile of impostor scores (1.405748); n_impostor=100000
392224,722315,nd1S05555,nd1S06300,R,L,impostor,1.400139,1.405748,score <= 1th percentile of impostor scores (1.405748); n_impostor=100000
1155759,724690,nd1S07015,nd1S05808,R,R,impostor,1.400186,1.405748,score <= 1th percentile of impostor scores (1.405748); n_impostor=100000
666764,728074,nd1S05213,nd1S06245,L,L,impostor,1.400186,1.405748,score <= 1th percentile of impostor scores (1.405748); n_impostor=100000
762337,764875,nd1S05766,nd1S06128,L,R,impostor,1.400210,1.405748,score <= 1th percentile of impostor scores (1.405748); n_impostor=100000
796310,817484,nd1S05881,nd1S05881,L,R,impostor,1.400281,1.405748,score <= 1th percentile of impostor scores (1.405748); n_impostor=100000
800719,831430,nd1S05661,nd1S06129,L,L,impostor,1.400282,1.405748,score <= 1th percentile of impostor scores (1.405748); n_impostor=100000
592802,754795,nd1S05831,nd1S05889,R,R,impostor,1.400301,1.405748,score <= 1th percentile of impostor scores (1.405748); n_impostor=100000
603292,668646,nd1S05884,nd1S04970,L,R,impostor,1.400345,1.405748,score <= 1th percentile of impostor scores (1.405748); n_impostor=100000
586815,796154,nd1S05713,nd1S05310,L,R,impostor,1.400363,1.405748,score <= 1th percentile of impostor scores (1.405748); n_impostor=100000
1063973,692938,nd1S02463,nd1S05842,L,L,impostor,1.400419,1.405748,score <= 1th percentile of impostor scores (1.405748); n_impostor=100000
309414,537394,nd1S05808,nd1S06128,R,L,impostor,1.400422,1.405748,score <= 1th percentile of impostor scores (1.405748); n_impostor=100000
1113259,911386,nd1S05853,nd1S05541,L,R,impostor,1.400452,1.405748,score <= 1th percentile of impostor scores (1.405748); n_impostor=100000
256847,696899,nd1S05624,nd1S05810,L,L,impostor,1.400489,1.405748,score <= 1th percentile of impostor scores (1.405748); n_impostor=100000
1152268,900104,nd1S07015,nd1S05766,R,L,impostor,1.400512,1.405748,score <= 1th percentile of impostor scores (1.405748); n_impostor=100000
271546,407195,nd1S05455,nd1S05508,L,L,impostor,1.400536,1.405748,score <= 1th percentile of impostor scores (1.405748); n_impostor=100000
614838,659593,nd1S05868,nd1S05273,L,R,impostor,1.400544,1.405748,score <= 1th percentile of impostor scores (1.405748); n_impostor=100000
1192864,659263,nd1S04261,nd1S05062,L,L,impostor,1.400562,1.405748,score <= 1th percentile of impostor scores (1.405748); n_impostor=100000
530494,819145,nd1S05881,nd1S05321,R,L,impostor,1.400580,1.405748,score <= 1th percentile of impostor scores (1.405748); n_impostor=100000
660273,665658,nd1S04786,nd1S05284,L,R,impostor,1.400600,1.405748,score <= 1th percentile of impostor scores (1.405748); n_impostor=100000
185643,580605,nd1S04684,nd1S05970,L,R,impostor,1.400621,1.405748,score <= 1th percentile of impostor scores (1.405748); n_impostor=100000
1044445,911384,nd1S05379,nd1S05541,R,R,impostor,1.400661,1.405748,score <= 1th percentile of impostor scores (1.405748); n_impostor=100000
1063974,764261,nd1S02463,nd1S05810,L,L,impostor,1.400693,1.405748,score <= 1th percentile of impostor scores (1.405748); n_impostor=100000
1034383,938277,nd1S06868,nd1S06406,L,L,impostor,1.400723,1.405748,score <= 1th percentile of impostor scores (1.405748); n_impostor=100000
241062,535480,nd1S05321,nd1S05044,L,L,impostor,1.400752,1.405748,score <= 1th percentile of impostor scores (1.405748); n_impostor=100000
1103567,938277,nd1S06868,nd1S06406,L,L,impostor,1.400776,1.405748,score <= 1th percentile of impostor scores (1.405748); n_impostor=100000
591758,608039,nd1S05999,nd1S05863,L,L,impostor,1.400777,1.405748,score <= 1th percentile of impostor scores (1.405748); n_impostor=100000
1059389,764908,nd1S05321,nd1S06128,R,R,impostor,1.400845,1.405748,score <= 1th percentile of impostor scores (1.405748); n_impostor=100000
517593,529064,nd1S04649,nd1S05308,L,L,impostor,1.400858,1.405748,score <= 1th percentile of impostor scores (1.405748); n_impostor=100000
764859,903069,nd1S06128,nd1S05742,L,L,impostor,1.400860,1.405748,score <= 1th percentile of impostor scores (1.405748); n_impostor=100000
233242,676015,nd1S05379,nd1S06344,R,L,impostor,1.400869,1.405748,score <= 1th percentile of impostor scores (1.405748); n_impostor=100000
587572,820275,nd1S06217,nd1S06345,L,L,impostor,1.400873,1.405748,score <= 1th percentile of impostor scores (1.405748); n_impostor=100000
243684,661749,nd1S05044,nd1S04970,R,R,impostor,1.400896,1.405748,score <= 1th percentile of impostor scores (1.405748); n_impostor=100000
1064346,790691,nd1S06745,nd1S06345,R,L,impostor,1.400906,1.405748,score <= 1th percentile of impostor scores (1.405748); n_impostor=100000
583654,659685,nd1S05661,nd1S04684,L,L,impostor,1.400915,1.405748,score <= 1th percentile of impostor scores (1.405748); n_impostor=100000
284139,659493,nd1S05743,nd1S05271,L,L,impostor,1.400931,1.405748,score <= 1th percentile of impostor scores (1.405748); n_impostor=100000
1106439,1130283,nd1S05880,nd1S06118,R,R,impostor,1.400938,1.405748,score <= 1th percentile of impostor scores (1.405748); n_impostor=100000
269635,668649,nd1S05653,nd1S04970,L,R,impostor,1.400963,1.405748,score <= 1th percentile of impostor scores (1.405748); n_impostor=100000
1104788,831076,nd1S06505,nd1S06500,L,L,impostor,1.400975,1.405748,score <= 1th percentile of impostor scores (1.405748); n_impostor=100000
583650,729793,nd1S05661,nd1S06079,L,L,impostor,1.400999,1.405748,score <= 1th percentile of impostor scores (1.405748); n_impostor=100000
592380,660312,nd1S05367,nd1S05060,L,L,impostor,1.401012,1.405748,score <= 1th percentile of impostor scores (1.405748); n_impostor=100000
315047,590604,nd1S05832,nd1S05338,R,R,impostor,1.401025,1.405748,score <= 1th percentile of impostor scores (1.405748); n_impostor=100000
286091,726899,nd1S05766,nd1S05379,L,R,impostor,1.401045,1.405748,score <= 1th percentile of impostor scores (1.405748); n_impostor=100000
437343,990703,nd1S05675,nd1S06245,L,L,impostor,1.401088,1.405748,score <= 1th percentile of impostor scores (1.405748); n_impostor=100000
262572,794822,nd1S05310,nd1S06345,R,L,impostor,1.401115,1.405748,score <= 1th percentile of impostor scores (1.405748); n_impostor=100000
1113667,584293,nd1S05863,nd1S05842,L,L,impostor,1.401141,1.405748,score <= 1th percentile of impostor scores (1.405748); n_impostor=100000
1130332,436187,nd1S05853,nd1S05857,R,R,impostor,1.401196,1.405748,score <= 1th percentile of impostor scores (1.405748); n_impostor=100000
1105770,899773,nd1S06793,nd1S05547,R,R,impostor,1.401232,1.405748,score <= 1th percentile of impostor scores (1.405748); n_impostor=100000
262155,995465,nd1S05587,nd1S06107,R,R,impostor,1.401381,1.405748,score <= 1th percentile of impostor scores (1.405748); n_impostor=100000
591207,669463,nd1S06128,nd1S05044,R,R,impostor,1.401407,1.405748,score <= 1th percentile of impostor scores (1.405748); n_impostor=100000
177509,345075,nd1S04394,nd1S05619,R,L,impostor,1.401471,1.405748,score <= 1th percentile of impostor scores (1.405748); n_impostor=100000
696537,862326,nd1S06352,nd1S05301,L,R,impostor,1.401501,1.405748,score <= 1th percentile of impostor scores (1.405748); n_impostor=100000
436032,729009,nd1S05455,nd1S05675,L,L,impostor,1.401507,1.405748,score <= 1th percentile of impostor scores (1.405748); n_impostor=100000
441703,724830,nd1S05511,nd1S06441,L,R,impostor,1.401511,1.405748,score <= 1th percentile of impostor scores (1.405748); n_impostor=100000
537379,668550,nd1S05373,nd1S05338,R,R,impostor,1.401529,1.405748,score <= 1th percentile of impostor scores (1.405748); n_impostor=100000
256310,866305,nd1S05619,nd1S06352,L,R,impostor,1.401546,1.405748,score <= 1th percentile of impostor scores (1.405748); n_impostor=100000
758408,829089,nd1S05857,nd1S05624,R,R,impostor,1.401554,1.405748,score <= 1th percentile of impostor scores (1.405748); n_impostor=100000
438178,660356,nd1S05028,nd1S05279,R,L,impostor,1.401595,1.405748,score <= 1th percentile of impostor scores (1.405748); n_impostor=100000
262947,660810,nd1S05317,nd1S05285,L,R,impostor,1.401629,1.405748,score <= 1th percentile of impostor scores (1.405748); n_impostor=100000
659712,665978,nd1S05275,nd1S05096,R,L,impostor,1.401661,1.405748,score <= 1th percentile of impostor scores (1.405748); n_impostor=100000
756983,762632,nd1S05974,nd1S06469,R,R,impostor,1.401668,1.405748,score <= 1th percentile of impostor scores (1.405748); n_impostor=100000
228776,898439,nd1S05456,nd1S06391,R,L,impostor,1.401687,1.405748,score <= 1th percentile of impostor scores (1.405748); n_impostor=100000
580049,967092,nd1S06107,nd1S05619,R,R,impostor,1.401695,1.405748,score <= 1th percentile of impostor scores (1.405748); n_impostor=100000
1087252,682750,nd1S06118,nd1S05321,L,R,impostor,1.401700,1.405748,score <= 1th percentile of impostor scores (1.405748); n_impostor=100000
527769,654809,nd1S05808,nd1S05129,R,R,impostor,1.401751,1.405748,score <= 1th percentile of impostor scores (1.405748); n_impostor=100000
665578,907293,nd1S05288,nd1S06118,L,R,impostor,1.401765,1.405748,score <= 1th percentile of impostor scores (1.405748); n_impostor=100000
288381,602716,nd1S05491,nd1S05970,R,R,impostor,1.401828,1.405748,score <= 1th percentile of impostor scores (1.405748); n_impostor=100000
170258,677064,nd1S05129,nd1S05367,R,L,impostor,1.401829,1.405748,score <= 1th percentile of impostor scores (1.405748); n_impostor=100000
755760,832197,nd1S06118,nd1S06505,L,L,impostor,1.401841,1.405748,score <= 1th percentile of impostor scores (1.405748); n_impostor=100000
170247,391947,nd1S05129,nd1S05810,R,L,impostor,1.401863,1.405748,score <= 1th percentile of impostor scores (1.405748); n_impostor=100000
764095,995637,nd1S06079,nd1S05881,L,L,impostor,1.401887,1.405748,score <= 1th percentile of impostor scores (1.405748); n_impostor=100000
1113259,896827,nd1S05853,nd1S05379,L,L,impostor,1.402011,1.405748,score <= 1th percentile of impostor scores (1.405748); n_impostor=100000
428361,614333,nd1S04394,nd1S05999,R,L,impostor,1.402042,1.405748,score <= 1th percentile of impostor scores (1.405748); n_impostor=100000
262291,415176,nd1S05244,nd1S05044,R,R,impostor,1.402194,1.405748,score <= 1th percentile of impostor scores (1.405748); n_impostor=100000
663046,767860,nd1S04701,nd1S06128,R,R,impostor,1.402251,1.405748,score <= 1th percentile of impostor scores (1.405748); n_impostor=100000
692938,995636,nd1S05842,nd1S05881,L,L,impostor,1.402312,1.405748,score <= 1th percentile of impostor scores (1.405748); n_impostor=100000
1086703,961992,nd1S05456,nd1S06131,L,L,impostor,1.402334,1.405748,score <= 1th percentile of impostor scores (1.405748); n_impostor=100000
663006,832197,nd1S04667,nd1S06505,L,L,impostor,1.402373,1.405748,score <= 1th percentile of impostor scores (1.405748); n_impostor=100000
1033850,763264,nd1S05619,nd1S05868,R,L,impostor,1.402388,1.405748,score <= 1th percentile of impostor scores (1.405748); n_impostor=100000
1192878,1192990,nd1S04261,nd1S04261,L,R,impostor,1.402421,1.405748,score <= 1th percentile of impostor scores (1.405748); n_impostor=100000
160439,256315,nd1S04851,nd1S05619,L,L,impostor,1.402424,1.405748,score <= 1th percentile of impostor scores (1.405748); n_impostor=100000
1113899,760524,nd1S05954,nd1S04394,R,R,impostor,1.402443,1.405748,score <= 1th percentile of impostor scores (1.405748); n_impostor=100000
412626,971416,nd1S05597,nd1S05246,L,R,impostor,1.402470,1.405748,score <= 1th percentile of impostor scores (1.405748); n_impostor=100000
666864,942884,nd1S05289,nd1S06768,R,R,impostor,1.402550,1.405748,score <= 1th percentile of impostor scores (1.405748); n_impostor=100000
529068,935033,nd1S05308,nd1S02463,L,L,impostor,1.402571,1.405748,score <= 1th percentile of impostor scores (1.405748); n_impostor=100000
1013666,1042031,nd1S02463,nd1S06350,L,L,impostor,1.402594,1.405748,score <= 1th percentile of impostor scores (1.405748); n_impostor=100000
1161677,757726,nd1S06017,nd1S05379,R,L,impostor,1.402626,1.405748,score <= 1th percentile of impostor scores (1.405748); n_impostor=100000
1015531,237634,nd1S05857,nd1S05289,R,R,impostor,1.402643,1.405748,score <= 1th percentile of impostor scores (1.405748); n_impostor=100000
1016516,669796,nd1S05379,nd1S05315,L,L,impostor,1.402647,1.405748,score <= 1th percentile of impostor scores (1.405748); n_impostor=100000
1113743,794824,nd1S05953,nd1S06345,R,L,impostor,1.402658,1.405748,score <= 1th percentile of impostor scores (1.405748); n_impostor=100000
664255,709069,nd1S04701,nd1S06069,R,L,impostor,1.402717,1.405748,score <= 1th percentile of impostor scores (1.405748); n_impostor=100000
237696,944375,nd1S05379,nd1S06768,R,L,impostor,1.402728,1.405748,score <= 1th percentile of impostor scores (1.405748); n_impostor=100000
613268,820283,nd1S06079,nd1S06345,L,L,impostor,1.402802,1.405748,score <= 1th percentile of impostor scores (1.405748); n_impostor=100000
1129585,1193006,nd1S05456,nd1S04261,L,R,impostor,1.402893,1.405748,score <= 1th percentile of impostor scores (1.405748); n_impostor=100000
529064,934763,nd1S05308,nd1S02463,L,L,impostor,1.402897,1.405748,score <= 1th percentile of impostor scores (1.405748); n_impostor=100000
580043,946597,nd1S05555,nd1S06793,R,R,impostor,1.402949,1.405748,score <= 1th percentile of impostor scores (1.405748); n_impostor=100000
1087227,831960,nd1S05456,nd1S06500,R,L,impostor,1.403026,1.405748,score <= 1th percentile of impostor scores (1.405748); n_impostor=100000
540468,901178,nd1S05884,nd1S05735,L,R,impostor,1.403052,1.405748,score <= 1th percentile of impostor scores (1.405748); n_impostor=100000
668504,935084,nd1S05308,nd1S05271,L,L,impostor,1.403053,1.405748,score <= 1th percentile of impostor scores (1.405748); n_impostor=100000
254684,938514,nd1S05600,nd1S06768,R,R,impostor,1.403055,1.405748,score <= 1th percentile of impostor scores (1.405748); n_impostor=100000
1043101,697806,nd1S06350,nd1S06406,L,R,impostor,1.403096,1.405748,score <= 1th percentile of impostor scores (1.405748); n_impostor=100000
1192867,1192986,nd1S04261,nd1S04261,L,R,impostor,1.403118,1.405748,score <= 1th percentile of impostor scores (1.405748); n_impostor=100000
676498,935099,nd1S06044,nd1S02463,R,L,impostor,1.403246,1.405748,score <= 1th percentile of impostor scores (1.405748); n_impostor=100000
762632,991423,nd1S06469,nd1S05857,R,R,impostor,1.403308,1.405748,score <= 1th percentile of impostor scores (1.405748); n_impostor=100000
254819,415506,nd1S05244,nd1S05857,L,R,impostor,1.403323,1.405748,score <= 1th percentile of impostor scores (1.405748); n_impostor=100000
1060175,527769,nd1S06788,nd1S05808,R,R,impostor,1.403342,1.405748,score <= 1th percentile of impostor scores (1.405748); n_impostor=100000
591823,818256,nd1S06044,nd1S05619,R,L,impostor,1.403352,1.405748,score <= 1th percentile of impostor scores (1.405748); n_impostor=100000
722809,907372,nd1S04649,nd1S06352,L,R,impostor,1.403362,1.405748,score <= 1th percentile of impostor scores (1.405748); n_impostor=100000
1081629,856632,nd1S05619,nd1S05321,R,R,impostor,1.403491,1.405748,score <= 1th percentile of impostor scores (1.405748); n_impostor=100000
256847,511156,nd1S05624,nd1S05749,L,L,impostor,1.403504,1.405748,score <= 1th percentile of impostor scores (1.405748); n_impostor=100000
1103567,653489,nd1S06868,nd1S05033,L,R,impostor,1.403548,1.405748,score <= 1th percentile of impostor scores (1.405748); n_impostor=100000
428264,660816,nd1S05884,nd1S05285,L,L,impostor,1.403586,1.405748,score <= 1th percentile of impostor scores (1.405748); n_impostor=100000
659367,935084,nd1S05244,nd1S05271,L,L,impostor,1.403592,1.405748,score <= 1th percentile of impostor scores (1.405748); n_impostor=100000
725112,760524,nd1S05455,nd1S04394,L,R,impostor,1.403604,1.405748,score <= 1th percentile of impostor scores (1.405748); n_impostor=100000
403067,708622,nd1S05766,nd1S05842,L,L,impostor,1.403628,1.405748,score <= 1th percentile of impostor scores (1.405748); n_impostor=100000
415346,657795,nd1S05742,nd1S05049,R,R,impostor,1.403644,1.405748,score <= 1th percentile of impostor scores (1.405748); n_impostor=100000
1192984,973740,nd1S04261,nd1S06245,R,L,impostor,1.403663,1.405748,score <= 1th percentile of impostor scores (1.405748); n_impostor=100000
1198457,519193,nd1S05661,nd1S06082,L,L,impostor,1.403693,1.405748,score <= 1th percentile of impostor scores (1.405748); n_impostor=100000
304208,989827,nd1S05653,nd1S06793,L,R,impostor,1.403707,1.405748,score <= 1th percentile of impostor scores (1.405748); n_impostor=100000
346731,861064,nd1S05842,nd1S05321,L,R,impostor,1.403767,1.405748,score <= 1th percentile of impostor scores (1.405748); n_impostor=100000
755792,764908,nd1S04649,nd1S06128,L,R,impostor,1.403811,1.405748,score <= 1th percentile of impostor scores (1.405748); n_impostor=100000
1085403,657293,nd1S06745,nd1S05249,L,R,impostor,1.403858,1.405748,score <= 1th percentile of impostor scores (1.405748); n_impostor=100000
1034760,1110824,nd1S06793,nd1S05673,R,R,impostor,1.403862,1.405748,score <= 1th percentile of impostor scores (1.405748); n_impostor=100000
660543,660547,nd1S05216,nd1S05216,L,R,impostor,1.403883,1.405748,score <= 1th percentile of impostor scores (1.405748); n_impostor=100000
1130649,758901,nd1S05321,nd1S05629,R,L,impostor,1.403893,1.405748,score <= 1th percentile of impostor scores (1.405748); n_impostor=100000
530292,539152,nd1S05555,nd1S05808,R,R,impostor,1.403895,1.405748,score <= 1th percentile of impostor scores (1.405748); n_impostor=100000
764261,902922,nd1S05810,nd1S05713,L,R,impostor,1.403929,1.405748,score <= 1th percentile of impostor scores (1.405748); n_impostor=100000
1192896,904794,nd1S04261,nd1S05810,L,L,impostor,1.403933,1.405748,score <= 1th percentile of impostor scores (1.405748); n_impostor=100000
178513,271092,nd1S04394,nd1S05600,R,R,impostor,1.403934,1.405748,score <= 1th percentile of impostor scores (1.405748); n_impostor=100000
661748,663790,nd1S04970,nd1S05044,R,R,impostor,1.403939,1.405748,score <= 1th percentile of impostor scores (1.405748); n_impostor=100000
615592,732921,nd1S05501,nd1S06126,R,R,impostor,1.403945,1.405748,score <= 1th percentile of impostor scores (1.405748); n_impostor=100000
161025,659522,nd1S02463,nd1S05272,L,R,impostor,1.403950,1.405748,score <= 1th percentile of impostor scores (1.405748); n_impostor=100000
659428,945238,nd1S05269,nd1S06768,R,R,impostor,1.403967,1.405748,score <= 1th percentile of impostor scores (1.405748); n_impostor=100000
1192220,728968,nd1S07015,nd1S06110,L,R,impostor,1.403972,1.405748,score <= 1th percentile of impostor scores (1.405748); n_impostor=100000
1043101,660274,nd1S06350,nd1S04786,L,L,impostor,1.403979,1.405748,score <= 1th percentile of impostor scores (1.405748); n_impostor=100000
1158245,660413,nd1S06017,nd1S05281,L,L,impostor,1.404018,1.405748,score <= 1th percentile of impostor scores (1.405748); n_impostor=100000
436038,707595,nd1S05455,nd1S05868,L,L,impostor,1.404026,1.405748,score <= 1th percentile of impostor scores (1.405748); n_impostor=100000
407195,819469,nd1S05508,nd1S06441,L,R,impostor,1.404058,1.405748,score <= 1th percentile of impostor scores (1.405748); n_impostor=100000
244618,988806,nd1S05213,nd1S06793,L,L,impostor,1.404068,1.405748,score <= 1th percentile of impostor scores (1.405748); n_impostor=100000
1127884,262922,nd1S05963,nd1S05165,R,L,impostor,1.404093,1.405748,score <= 1th percentile of impostor scores (1.405748); n_impostor=100000
1109513,511261,nd1S05455,nd1S05999,R,R,impostor,1.404141,1.405748,score <= 1th percentile of impostor scores (1.405748); n_impostor=100000
722799,902897,nd1S04649,nd1S05407,L,L,impostor,1.404143,1.405748,score <= 1th percentile of impostor scores (1.405748); n_impostor=100000
609737,660541,nd1S05999,nd1S05216,L,L,impostor,1.404199,1.405748,score <= 1th percentile of impostor scores (1.405748); n_impostor=100000
1020225,858168,nd1S05889,nd1S06352,L,R,impostor,1.404239,1.405748,score <= 1th percentile of impostor scores (1.405748); n_impostor=100000
512662,667798,nd1S05881,nd1S05317,L,R,impostor,1.404273,1.405748,score <= 1th percentile of impostor scores (1.405748); n_impostor=100000
207642,866015,nd1S04505,nd1S05856,L,R,impostor,1.404309,1.405748,score <= 1th percentile of impostor scores (1.405748); n_impostor=100000
709541,760750,nd1S05547,nd1S06441,R,R,impostor,1.404328,1.405748,score <= 1th percentile of impostor scores (1.405748); n_impostor=100000
391578,760639,nd1S05271,nd1S05963,R,L,impostor,1.404337,1.405748,score <= 1th percentile of impostor scores (1.405748); n_impostor=100000
660347,906919,nd1S05278,nd1S05881,R,R,impostor,1.404338,1.405748,score <= 1th percentile of impostor scores (1.405748); n_impostor=100000
1085401,390990,nd1S06745,nd1S05870,R,L,impostor,1.404367,1.405748,score <= 1th percentile of impostor scores (1.405748); n_impostor=100000
262920,704455,nd1S05165,nd1S05880,L,L,impostor,1.404444,1.405748,score <= 1th percentile of impostor scores (1.405748); n_impostor=100000
790701,863888,nd1S06345,nd1S06217,L,L,impostor,1.404446,1.405748,score <= 1th percentile of impostor scores (1.405748); n_impostor=100000
660770,668617,nd1S05284,nd1S04683,R,L,impostor,1.404452,1.405748,score <= 1th percentile of impostor scores (1.405748); n_impostor=100000
1112077,704412,nd1S05954,nd1S05629,L,L,impostor,1.404472,1.405748,score <= 1th percentile of impostor scores (1.405748); n_impostor=100000
391944,659546,nd1S05810,nd1S05033,L,R,impostor,1.404491,1.405748,score <= 1th percentile of impostor scores (1.405748); n_impostor=100000
256847,767860,nd1S05624,nd1S06128,L,R,impostor,1.404525,1.405748,score <= 1th percentile of impostor scores (1.405748); n_impostor=100000
584298,710623,nd1S05842,nd1S05974,L,L,impostor,1.404540,1.405748,score <= 1th percentile of impostor scores (1.405748); n_impostor=100000
254684,612118,nd1S05600,nd1S05456,R,L,impostor,1.404547,1.405748,score <= 1th percentile of impostor scores (1.405748); n_impostor=100000
1033056,760365,nd1S05742,nd1S05735,R,R,impostor,1.404549,1.405748,score <= 1th percentile of impostor scores (1.405748); n_impostor=100000
1192859,662415,nd1S04261,nd1S05049,L,L,impostor,1.404572,1.405748,score <= 1th percentile of impostor scores (1.405748); n_impostor=100000
1113757,826071,nd1S05953,nd1S05541,R,R,impostor,1.404665,1.405748,score <= 1th percentile of impostor scores (1.405748); n_impostor=100000
255417,406418,nd1S05271,nd1S05271,L,R,impostor,1.404683,1.405748,score <= 1th percentile of impostor scores (1.405748); n_impostor=100000
856887,903070,nd1S05301,nd1S05742,L,R,impostor,1.404695,1.405748,score <= 1th percentile of impostor scores (1.405748); n_impostor=100000
1087353,607572,nd1S05871,nd1S05881,R,L,impostor,1.404750,1.405748,score <= 1th percentile of impostor scores (1.405748); n_impostor=100000
1009710,668504,nd1S05616,nd1S05308,R,L,impostor,1.404786,1.405748,score <= 1th percentile of impostor scores (1.405748); n_impostor=100000
441124,659503,nd1S05970,nd1S05272,R,L,impostor,1.404801,1.405748,score <= 1th percentile of impostor scores (1.405748); n_impostor=100000
511256,795788,nd1S05999,nd1S06086,R,L,impostor,1.404839,1.405748,score <= 1th percentile of impostor scores (1.405748); n_impostor=100000
167630,303676,nd1S04851,nd1S04649,L,L,impostor,1.404863,1.405748,score <= 1th percentile of impostor scores (1.405748); n_impostor=100000
764906,963733,nd1S06128,nd1S06107,R,R,impostor,1.404866,1.405748,score <= 1th percentile of impostor scores (1.405748); n_impostor=100000
696626,860413,nd1S05889,nd1S05863,L,L,impostor,1.404949,1.405748,score <= 1th percentile of impostor scores (1.405748); n_impostor=100000
427325,660284,nd1S05478,nd1S05060,L,L,impostor,1.404954,1.405748,score <= 1th percentile of impostor scores (1.405748); n_impostor=100000
397880,791650,nd1S05842,nd1S06300,L,L,impostor,1.404963,1.405748,score <= 1th percentile of impostor scores (1.405748); n_impostor=100000
432363,659593,nd1S05270,nd1S05273,R,R,impostor,1.404977,1.405748,score <= 1th percentile of impostor scores (1.405748); n_impostor=100000
1129841,831989,nd1S05455,nd1S06044,R,L,impostor,1.405006,1.405748,score <= 1th percentile of impostor scores (1.405748); n_impostor=100000
1034558,948391,nd1S05932,nd1S06768,L,L,impostor,1.405024,1.405748,score <= 1th percentile of impostor scores (1.405748); n_impostor=100000
271512,668646,nd1S05455,nd1S04970,L,R,impostor,1.405030,1.405748,score <= 1th percentile of impostor scores (1.405748); n_impostor=100000
1108981,231213,nd1S05974,nd1S05315,L,L,impostor,1.405031,1.405748,score <= 1th percentile of impostor scores (1.405748); n_impostor=100000
1131579,539818,nd1S05455,nd1S05456,R,R,impostor,1.405038,1.405748,score <= 1th percentile of impostor scores (1.405748); n_impostor=100000
1156990,831197,nd1S06017,nd1S06128,L,L,impostor,1.405047,1.405748,score <= 1th percentile of impostor scores (1.405748); n_impostor=100000
763417,832631,nd1S05675,nd1S06129,L,L,impostor,1.405125,1.405748,score <= 1th percentile of impostor scores (1.405748); n_impostor=100000
730445,990827,nd1S05321,nd1S06793,R,L,impostor,1.405127,1.405748,score <= 1th percentile of impostor scores (1.405748); n_impostor=100000
406408,791650,nd1S05271,nd1S06300,L,L,impostor,1.405133,1.405748,score <= 1th percentile of impostor scores (1.405748); n_impostor=100000
518168,948395,nd1S05456,nd1S06768,R,R,impostor,1.405144,1.405748,score <= 1th percentile of impostor scores (1.405748); n_impostor=100000
441589,895493,nd1S05455,nd1S06217,L,L,impostor,1.405169,1.405748,score <= 1th percentile of impostor scores (1.405748); n_impostor=100000
1130446,396779,nd1S06082,nd1S05708,R,L,impostor,1.405174,1.405748,score <= 1th percentile of impostor scores (1.405748); n_impostor=100000
830753,869796,nd1S06352,nd1S06129,R,L,impostor,1.405219,1.405748,score <= 1th percentile of impostor scores (1.405748); n_impostor=100000
1107793,706765,nd1S05871,nd1S05619,R,L,impostor,1.405230,1.405748,score <= 1th percentile of impostor scores (1.405748); n_impostor=100000
520930,592387,nd1S06079,nd1S05367,L,L,impostor,1.405240,1.405748,score <= 1th percentile of impostor scores (1.405748); n_impostor=100000
1014116,725525,nd1S05713,nd1S06079,R,R,impostor,1.405257,1.405748,score <= 1th percentile of impostor scores (1.405748); n_impostor=100000
608036,995455,nd1S05863,nd1S06107,L,R,impostor,1.405343,1.405748,score <= 1th percentile of impostor scores (1.405748); n_impostor=100000
665214,933168,nd1S05049,nd1S05881,L,L,impostor,1.405383,1.405748,score <= 1th percentile of impostor scores (1.405748); n_impostor=100000
543153,591395,nd1S05367,nd1S05033,L,R,impostor,1.405404,1.405748,score <= 1th percentile of impostor scores (1.405748); n_impostor=100000
267541,676511,nd1S05315,nd1S05742,L,L,impostor,1.405406,1.405748,score <= 1th percentile of impostor scores (1.405748); n_impostor=100000
410800,603486,nd1S05511,nd1S05713,L,L,impostor,1.405433,1.405748,score <= 1th percentile of impostor scores (1.405748); n_impostor=100000
607237,799137,nd1S06091,nd1S05868,L,L,impostor,1.405441,1.405748,score <= 1th percentile of impostor scores (1.405748); n_impostor=100000
697760,946597,nd1S05555,nd1S06793,R,R,impostor,1.405443,1.405748,score <= 1th percentile of impostor scores (1.405748); n_impostor=100000
165322,442128,nd1S04684,nd1S05478,L,L,impostor,1.405452,1.405748,score <= 1th percentile of impostor scores (1.405748); n_impostor=100000
794822,942868,nd1S06345,nd1S06768,L,L,impostor,1.405468,1.405748,score <= 1th percentile of impostor scores (1.405748); n_impostor=100000
412295,659410,nd1S05624,nd1S05269,R,L,impostor,1.405473,1.405748,score <= 1th percentile of impostor scores (1.405748); n_impostor=100000
257843,660803,nd1S05270,nd1S05285,L,L,impostor,1.405539,1.405748,score <= 1th percentile of impostor scores (1.405748); n_impostor=100000
817527,868775,nd1S06181,nd1S05735,R,L,impostor,1.405606,1.405748,score <= 1th percentile of impostor scores (1.405748); n_impostor=100000
722809,759727,nd1S04649,nd1S05661,L,L,impostor,1.405607,1.405748,score <= 1th percentile of impostor scores (1.405748); n_impostor=100000
1084829,944376,nd1S06943,nd1S06768,R,R,impostor,1.405617,1.405748,score <= 1th percentile of impostor scores (1.405748); n_impostor=100000
210657,817484,nd1S04859,nd1S05881,R,R,impostor,1.405693,1.405748,score <= 1th percentile of impostor scores (1.405748); n_impostor=100000
558566,591982,nd1S06128,nd1S05749,R,L,impostor,1.405704,1.405748,score <= 1th percentile of impostor scores (1.405748); n_impostor=100000
1134536,608176,nd1S05889,nd1S05831,R,R,impostor,1.405711,1.405748,score <= 1th percentile of impostor scores (1.405748); n_impostor=100000
555932,611928,nd1S05854,nd1S06197,R,R,impostor,1.405724,1.405748,score <= 1th percentile of impostor scores (1.405748); n_impostor=100000
