image_id,n_tail_pairs,min_tail_score,partner_image_ids,filepath,subject_id,eye,quality_passed
1081607,2,1.214818,1082443;948391,/Users/odon/Desktop/intro_to_iris_recognition/Week 1/NDCVRL_002 Dataset/raw/nd1S06943/Right/1081607.tiff,nd1S06943,R,True
1082443,2,1.214818,1081607;1064607,/Users/odon/Desktop/intro_to_iris_recognition/Week 1/NDCVRL_002 Dataset/raw/nd1S05857/Right/1082443.tiff,nd1S05857,R,True
656700,1,1.255552,683400,/Users/odon/Desktop/intro_to_iris_recognition/Week 1/NDCVRL_002 Dataset/raw/nd1S05044/Right/656700.tiff,nd1S05044,R,True
683400,1,1.255552,656700,/Users/odon/Desktop/intro_to_iris_recognition/Week 1/NDCVRL_002 Dataset/raw/nd1S05970/Right/683400.tiff,nd1S05970,R,True
706761,3,1.263029,524469;529574;516622,/Users/odon/Desktop/intro_to_iris_recognition/Week 1/NDCVRL_002 Dataset/raw/nd1S05619/Left/706761.tiff,nd1S05619,L,True
524469,2,1.263029,706761;756596,/Users/odon/Desktop/intro_to_iris_recognition/Week 1/NDCVRL_002 Dataset/raw/nd1S05271/Left/524469.tiff,nd1S05271,L,True
231391,1,1.264805,407619,/Users/odon/Desktop/intro_to_iris_recognition/Week 1/NDCVRL_002 Dataset/raw/nd1S05487/Right/231391.tiff,nd1S05487,R,True
407619,1,1.264805,231391,/Users/odon/Desktop/intro_to_iris_recognition/Week 1/NDCVRL_002 Dataset/raw/nd1S05857/Right/407619.tiff,nd1S05857,R,True
207911,1,1.272096,667715,/Users/odon/Desktop/intro_to_iris_recognition/Week 1/NDCVRL_002 Dataset/raw/nd1S04851/Left/207911.tiff,nd1S04851,L,True
667715,1,1.272096,207911,/Users/odon/Desktop/intro_to_iris_recognition/Week 1/NDCVRL_002 Dataset/raw/nd1S05271/Left/667715.tiff,nd1S05271,L,True
1129585,4,1.280289,704800;858299;1041270;1193006,/Users/odon/Desktop/intro_to_iris_recognition/Week 1/NDCVRL_002 Dataset/raw/nd1S05456/Left/1129585.tiff,nd1S05456,L,True
704800,3,1.280289,1129585;725122;1113168,/Users/odon/Desktop/intro_to_iris_recognition/Week 1/NDCVRL_002 Dataset/raw/nd1S05766/Left/704800.tiff,nd1S05766,L,True
1017028,2,1.281624,707898;667798,/Users/odon/Desktop/intro_to_iris_recognition/Week 1/NDCVRL_002 Dataset/raw/nd1S05889/Right/1017028.tiff,nd1S05889,R,True
707898,2,1.281624,1017028;660642,/Users/odon/Desktop/intro_to_iris_recognition/Week 1/NDCVRL_002 Dataset/raw/nd1S06441/Right/707898.tiff,nd1S06441,R,True
656291,3,1.282000,397296;658866;411748,/Users/odon/Desktop/intro_to_iris_recognition/Week 1/NDCVRL_002 Dataset/raw/nd1S05213/Left/656291.tiff,nd1S05213,L,True
397296,1,1.282000,656291,/Users/odon/Desktop/intro_to_iris_recognition/Week 1/NDCVRL_002 Dataset/raw/nd1S05281/Left/397296.tiff,nd1S05281,L,True
667585,1,1.284481,901176,/Users/odon/Desktop/intro_to_iris_recognition/Week 1/NDCVRL_002 Dataset/raw/nd1S05308/Left/667585.tiff,nd1S05308,L,True
901176,1,1.284481,667585,/Users/odon/Desktop/intro_to_iris_recognition/Week 1/NDCVRL_002 Dataset/raw/nd1S05735/Left/901176.tiff,nd1S05735,L,True
267703,1,1.289388,396744,/Users/odon/Desktop/intro_to_iris_recognition/Week 1/NDCVRL_002 Dataset/raw/nd1S05682/Left/267703.tiff,nd1S05682,L,True
396744,1,1.289388,267703,/Users/odon/Desktop/intro_to_iris_recognition/Week 1/NDCVRL_002 Dataset/raw/nd1S05884/Left/396744.tiff,nd1S05884,L,True
529574,2,1.290923,706761;665671,/Users/odon/Desktop/intro_to_iris_recognition/Week 1/NDCVRL_002 Dataset/raw/nd1S05271/Left/529574.tiff,nd1S05271,L,True
1044445,2,1.291928,900104;911384,/Users/odon/Desktop/intro_to_iris_recognition/Week 1/NDCVRL_002 Dataset/raw/nd1S05379/Right/1044445.tiff,nd1S05379,R,True
900104,2,1.291928,1044445;1152268,/Users/odon/Desktop/intro_to_iris_recognition/Week 1/NDCVRL_002 Dataset/raw/nd1S05766/Left/900104.tiff,nd1S05766,L,True
709066,1,1.293096,967052,/Users/odon/Desktop/intro_to_iris_recognition/Week 1/NDCVRL_002 Dataset/raw/nd1S06069/Left/709066.tiff,nd1S06069,L,True
967052,1,1.293096,709066,/Users/odon/Desktop/intro_to_iris_recognition/Week 1/NDCVRL_002 Dataset/raw/nd1S05619/Right/967052.tiff,nd1S05619,R,True
1085407,1,1.293551,830249,/Users/odon/Desktop/intro_to_iris_recognition/Week 1/NDCVRL_002 Dataset/raw/nd1S06745/Right/1085407.tiff,nd1S06745,R,True
830249,1,1.293551,1085407,/Users/odon/Desktop/intro_to_iris_recognition/Week 1/NDCVRL_002 Dataset/raw/nd1S05889/Right/830249.tiff,nd1S05889,R,True
860409,2,1.293905,1056833;659410,/Users/odon/Desktop/intro_to_iris_recognition/Week 1/NDCVRL_002 Dataset/raw/nd1S05863/Left/860409.tiff,nd1S05863,L,True
1056833,1,1.293905,860409,/Users/odon/Desktop/intro_to_iris_recognition/Week 1/NDCVRL_002 Dataset/raw/nd1S05619/Right/1056833.tiff,nd1S05619,R,True
1130937,1,1.295480,416323,/Users/odon/Desktop/intro_to_iris_recognition/Week 1/NDCVRL_002 Dataset/raw/nd1S05953/Right/1130937.tiff,nd1S05953,R,True
416323,1,1.295480,1130937,/Users/odon/Desktop/intro_to_iris_recognition/Week 1/NDCVRL_002 Dataset/raw/nd1S05714/Left/416323.tiff,nd1S05714,L,True
164487,1,1.298791,177120,/Users/odon/Desktop/intro_to_iris_recognition/Week 1/NDCVRL_002 Dataset/raw/nd1S04684/Left/164487.tiff,nd1S04684,L,True
177120,1,1.298791,164487,/Users/odon/Desktop/intro_to_iris_recognition/Week 1/NDCVRL_002 Dataset/raw/nd1S04714/Right/177120.tiff,nd1S04714,R,True
267541,3,1.299746,856874;442128;676511,/Users/odon/Desktop/intro_to_iris_recognition/Week 1/NDCVRL_002 Dataset/raw/nd1S05315/Left/267541.tiff,nd1S05315,L,True
856874,1,1.299746,267541,/Users/odon/Desktop/intro_to_iris_recognition/Week 1/NDCVRL_002 Dataset/raw/nd1S05301/Left/856874.tiff,nd1S05301,L,True
1113667,2,1.303000,941644;584293,/Users/odon/Desktop/intro_to_iris_recognition/Week 1/NDCVRL_002 Dataset/raw/nd1S05863/Left/1113667.tiff,nd1S05863,L,True
941644,2,1.303000,1113667;724762,/Users/odon/Desktop/intro_to_iris_recognition/Week 1/NDCVRL_002 Dataset/raw/nd1S04418/Left/941644.tiff,nd1S04418,L,True
1152103,3,1.303604,1192238;1109575;895493,/Users/odon/Desktop/intro_to_iris_recognition/Week 1/NDCVRL_002 Dataset/raw/nd1S07015/Right/1152103.tiff,nd1S07015,R,True
1192238,1,1.303604,1152103,/Users/odon/Desktop/intro_to_iris_recognition/Week 1/NDCVRL_002 Dataset/raw/nd1S07015/Left/1192238.tiff,nd1S07015,L,True
659433,3,1.304715,615058;728844;615057,/Users/odon/Desktop/intro_to_iris_recognition/Week 1/NDCVRL_002 Dataset/raw/nd1S05270/Left/659433.tiff,nd1S05270,L,True
615058,1,1.304715,659433,/Users/odon/Desktop/intro_to_iris_recognition/Week 1/NDCVRL_002 Dataset/raw/nd1S05831/Left/615058.tiff,nd1S05831,L,True
243066,1,1.305295,934720,/Users/odon/Desktop/intro_to_iris_recognition/Week 1/NDCVRL_002 Dataset/raw/nd1S05271/Right/243066.tiff,nd1S05271,R,True
934720,1,1.305295,243066,/Users/odon/Desktop/intro_to_iris_recognition/Week 1/NDCVRL_002 Dataset/raw/nd1S05271/Left/934720.tiff,nd1S05271,L,True
406409,3,1.305487,206822;511263;189019,/Users/odon/Desktop/intro_to_iris_recognition/Week 1/NDCVRL_002 Dataset/raw/nd1S05271/Left/406409.tiff,nd1S05271,L,True
206822,1,1.305487,406409,/Users/odon/Desktop/intro_to_iris_recognition/Week 1/NDCVRL_002 Dataset/raw/nd1S04851/Left/206822.tiff,nd1S04851,L,True
529065,2,1.305681,537280;441493,/Users/odon/Desktop/intro_to_iris_recognition/Week 1/NDCVRL_002 Dataset/raw/nd1S05308/Left/529065.tiff,nd1S05308,L,True
537280,1,1.305681,529065,/Users/odon/Desktop/intro_to_iris_recognition/Week 1/NDCVRL_002 Dataset/raw/nd1S04649/Left/537280.tiff,nd1S04649,L,True
1130299,2,1.307332,584298;798670,/Users/odon/Desktop/intro_to_iris_recognition/Week 1/NDCVRL_002 Dataset/raw/nd1S06118/Left/1130299.tiff,nd1S06118,L,True
584298,2,1.307332,1130299;710623,/Users/odon/Desktop/intro_to_iris_recognition/Week 1/NDCVRL_002 Dataset/raw/nd1S05842/Left/584298.tiff,nd1S05842,L,True
659566,1,1.308559,723179,/Users/odon/Desktop/intro_to_iris_recognition/Week 1/NDCVRL_002 Dataset/raw/nd1S02463/Left/659566.tiff,nd1S02463,L,True
723179,1,1.308559,659566,/Users/odon/Desktop/intro_to_iris_recognition/Week 1/NDCVRL_002 Dataset/raw/nd1S06139/Left/723179.tiff,nd1S06139,L,True
659493,2,1.310032,229485;284139,/Users/odon/Desktop/intro_to_iris_recognition/Week 1/NDCVRL_002 Dataset/raw/nd1S05271/Left/659493.tiff,nd1S05271,L,True
229485,1,1.310032,659493,/Users/odon/Desktop/intro_to_iris_recognition/Week 1/NDCVRL_002 Dataset/raw/nd1S04851/Left/229485.tiff,nd1S04851,L,True
800487,1,1.310503,821621,/Users/odon/Desktop/intro_to_iris_recognition/Week 1/NDCVRL_002 Dataset/raw/nd1S05889/Right/800487.tiff,nd1S05889,R,True
821621,1,1.310503,800487,/Users/odon/Desktop/intro_to_iris_recognition/Week 1/NDCVRL_002 Dataset/raw/nd1S06441/Right/821621.tiff,nd1S06441,R,True
662431,2,1.314575,587728;256703,/Users/odon/Desktop/intro_to_iris_recognition/Week 1/NDCVRL_002 Dataset/raw/nd1S05049/Left/662431.tiff,nd1S05049,L,True
587728,1,1.314575,662431,/Users/odon/Desktop/intro_to_iris_recognition/Week 1/NDCVRL_002 Dataset/raw/nd1S05974/Left/587728.tiff,nd1S05974,L,True
1063361,3,1.315564,817718;663955;1132529,/Users/odon/Desktop/intro_to_iris_recognition/Week 1/NDCVRL_002 Dataset/raw/nd1S06441/Right/1063361.tiff,nd1S06441,R,True
817718,1,1.315564,1063361,/Users/odon/Desktop/intro_to_iris_recognition/Week 1/NDCVRL_002 Dataset/raw/nd1S06217/Left/817718.tiff,nd1S06217,L,True
255419,1,1.315802,255430,/Users/odon/Desktop/intro_to_iris_recognition/Week 1/NDCVRL_002 Dataset/raw/nd1S05271/Left/255419.tiff,nd1S05271,L,True
255430,1,1.315802,255419,/Users/odon/Desktop/intro_to_iris_recognition/Week 1/NDCVRL_002 Dataset/raw/nd1S05271/Right/255430.tiff,nd1S05271,R,True
1105365,1,1.316181,162945,/Users/odon/Desktop/intro_to_iris_recognition/Week 1/NDCVRL_002 Dataset/raw/nd1S06868/Left/1105365.tiff,nd1S06868,L,True
162945,1,1.316181,1105365,/Users/odon/Desktop/intro_to_iris_recognition/Week 1/NDCVRL_002 Dataset/raw/nd1S04851/Left/162945.tiff,nd1S04851,L,True
1134533,1,1.319441,517951,/Users/odon/Desktop/intro_to_iris_recognition/Week 1/NDCVRL_002 Dataset/raw/nd1S05889/Left/1134533.tiff,nd1S05889,L,True
517951,1,1.319441,1134533,/Users/odon/Desktop/intro_to_iris_recognition/Week 1/NDCVRL_002 Dataset/raw/nd1S05845/Left/517951.tiff,nd1S05845,L,True
1088852,2,1.320418,696543;397291,/Users/odon/Desktop/intro_to_iris_recognition/Week 1/NDCVRL_002 Dataset/raw/nd1S06927/Right/1088852.tiff,nd1S06927,R,True
696543,1,1.320418,1088852,/Users/odon/Desktop/intro_to_iris_recognition/Week 1/NDCVRL_002 Dataset/raw/nd1S06352/Left/696543.tiff,nd1S06352,L,True
546228,2,1.320533,205669;1035705,/Users/odon/Desktop/intro_to_iris_recognition/Week 1/NDCVRL_002 Dataset/raw/nd1S05271/Left/546228.tiff,nd1S05271,L,True
205669,1,1.320533,546228,/Users/odon/Desktop/intro_to_iris_recognition/Week 1/NDCVRL_002 Dataset/raw/nd1S04851/Left/205669.tiff,nd1S04851,L,True
242934,1,1.321268,659515,/Users/odon/Desktop/intro_to_iris_recognition/Week 1/NDCVRL_002 Dataset/raw/nd1S05289/Right/242934.tiff,nd1S05289,R,True
659515,1,1.321268,242934,/Users/odon/Desktop/intro_to_iris_recognition/Week 1/NDCVRL_002 Dataset/raw/nd1S05272/Left/659515.tiff,nd1S05272,L,True
728844,1,1.321271,659433,/Users/odon/Desktop/intro_to_iris_recognition/Week 1/NDCVRL_002 Dataset/raw/nd1S06126/Right/728844.tiff,nd1S06126,R,True
725671,2,1.323085,971011;1019246,/Users/odon/Desktop/intro_to_iris_recognition/Week 1/NDCVRL_002 Dataset/raw/nd1S05735/Right/725671.tiff,nd1S05735,R,True
971011,1,1.323085,725671,/Users/odon/Desktop/intro_to_iris_recognition/Week 1/NDCVRL_002 Dataset/raw/nd1S06118/Right/971011.tiff,nd1S06118,R,True
990825,2,1.323296,1102839;1133078,/Users/odon/Desktop/intro_to_iris_recognition/Week 1/NDCVRL_002 Dataset/raw/nd1S06793/Left/990825.tiff,nd1S06793,L,True
1102839,1,1.323296,990825,/Users/odon/Desktop/intro_to_iris_recognition/Week 1/NDCVRL_002 Dataset/raw/nd1S05321/Right/1102839.tiff,nd1S05321,R,True
164577,1,1.323705,587729,/Users/odon/Desktop/intro_to_iris_recognition/Week 1/NDCVRL_002 Dataset/raw/nd1S04851/Left/164577.tiff,nd1S04851,L,True
587729,1,1.323705,164577,/Users/odon/Desktop/intro_to_iris_recognition/Week 1/NDCVRL_002 Dataset/raw/nd1S05974/Left/587729.tiff,nd1S05974,L,True
1169180,2,1.323923,512754;659479,/Users/odon/Desktop/intro_to_iris_recognition/Week 1/NDCVRL_002 Dataset/raw/nd1S05619/Left/1169180.tiff,nd1S05619,L,True
512754,1,1.323923,1169180,/Users/odon/Desktop/intro_to_iris_recognition/Week 1/NDCVRL_002 Dataset/raw/nd1S05271/Left/512754.tiff,nd1S05271,L,True
909935,3,1.324252,868761;721335;1103808,/Users/odon/Desktop/intro_to_iris_recognition/Week 1/NDCVRL_002 Dataset/raw/nd1S02463/Left/909935.tiff,nd1S02463,L,True
868761,1,1.324252,909935,/Users/odon/Desktop/intro_to_iris_recognition/Week 1/NDCVRL_002 Dataset/raw/nd1S05735/Left/868761.tiff,nd1S05735,L,True
797425,2,1.324715,759736;1017036,/Users/odon/Desktop/intro_to_iris_recognition/Week 1/NDCVRL_002 Dataset/raw/nd1S06406/Left/797425.tiff,nd1S06406,L,True
759736,1,1.324715,797425,/Users/odon/Desktop/intro_to_iris_recognition/Week 1/NDCVRL_002 Dataset/raw/nd1S05661/Left/759736.tiff,nd1S05661,L,True
1057844,1,1.326637,789397,/Users/odon/Desktop/intro_to_iris_recognition/Week 1/NDCVRL_002 Dataset/raw/nd1S05932/Left/1057844.tiff,nd1S05932,L,True
789397,1,1.326637,1057844,/Users/odon/Desktop/intro_to_iris_recognition/Week 1/NDCVRL_002 Dataset/raw/nd1S05321/Right/789397.tiff,nd1S05321,R,True
725573,2,1.327085,911381;1133069,/Users/odon/Desktop/intro_to_iris_recognition/Week 1/NDCVRL_002 Dataset/raw/nd1S05661/Left/725573.tiff,nd1S05661,L,True
911381,2,1.327085,725573;721337,/Users/odon/Desktop/intro_to_iris_recognition/Week 1/NDCVRL_002 Dataset/raw/nd1S05541/Left/911381.tiff,nd1S05541,L,True
721337,1,1.327367,911381,/Users/odon/Desktop/intro_to_iris_recognition/Week 1/NDCVRL_002 Dataset/raw/nd1S05379/Left/721337.tiff,nd1S05379,L,True
856889,1,1.327935,973678,/Users/odon/Desktop/intro_to_iris_recognition/Week 1/NDCVRL_002 Dataset/raw/nd1S05301/Right/856889.tiff,nd1S05301,R,True
973678,1,1.327935,856889,/Users/odon/Desktop/intro_to_iris_recognition/Week 1/NDCVRL_002 Dataset/raw/nd1S05708/Right/973678.tiff,nd1S05708,R,True
655645,3,1.328923,669202;659479;443813,/Users/odon/Desktop/intro_to_iris_recognition/Week 1/NDCVRL_002 Dataset/raw/nd1S04851/Left/655645.tiff,nd1S04851,L,True
669202,1,1.328923,655645,/Users/odon/Desktop/intro_to_iris_recognition/Week 1/NDCVRL_002 Dataset/raw/nd1S05284/Right/669202.tiff,nd1S05284,R,True
704749,2,1.329107,1018450;941407,/Users/odon/Desktop/intro_to_iris_recognition/Week 1/NDCVRL_002 Dataset/raw/nd1S02463/Left/704749.tiff,nd1S02463,L,True
1018450,1,1.329107,704749,/Users/odon/Desktop/intro_to_iris_recognition/Week 1/NDCVRL_002 Dataset/raw/nd1S06181/Right/1018450.tiff,nd1S06181,R,True
654404,1,1.329658,942263,/Users/odon/Desktop/intro_to_iris_recognition/Week 1/NDCVRL_002 Dataset/raw/nd1S04684/Left/654404.tiff,nd1S04684,L,True
942263,1,1.329658,654404,/Users/odon/Desktop/intro_to_iris_recognition/Week 1/NDCVRL_002 Dataset/raw/nd1S05766/Left/942263.tiff,nd1S05766,L,True
730113,1,1.329944,905970,/Users/odon/Desktop/intro_to_iris_recognition/Week 1/NDCVRL_002 Dataset/raw/nd1S06505/Right/730113.tiff,nd1S06505,R,True
905970,1,1.329944,730113,/Users/odon/Desktop/intro_to_iris_recognition/Week 1/NDCVRL_002 Dataset/raw/nd1S05742/Left/905970.tiff,nd1S05742,L,True
659279,2,1.330493,665980;676417,/Users/odon/Desktop/intro_to_iris_recognition/Week 1/NDCVRL_002 Dataset/raw/nd1S05096/Right/659279.tiff,nd1S05096,R,True
665980,2,1.330493,659279;755672,/Users/odon/Desktop/intro_to_iris_recognition/Week 1/NDCVRL_002 Dataset/raw/nd1S05096/Left/665980.tiff,nd1S05096,L,True
1192858,1,1.330684,611432,/Users/odon/Desktop/intro_to_iris_recognition/Week 1/NDCVRL_002 Dataset/raw/nd1S04261/Left/1192858.tiff,nd1S04261,L,True
611432,1,1.330684,1192858,/Users/odon/Desktop/intro_to_iris_recognition/Week 1/NDCVRL_002 Dataset/raw/nd1S05308/Left/611432.tiff,nd1S05308,L,True
1126602,2,1.330790,696899;869145,/Users/odon/Desktop/intro_to_iris_recognition/Week 1/NDCVRL_002 Dataset/raw/nd1S05856/Left/1126602.tiff,nd1S05856,L,True
696899,2,1.330790,1126602;256847,/Users/odon/Desktop/intro_to_iris_recognition/Week 1/NDCVRL_002 Dataset/raw/nd1S05810/Left/696899.tiff,nd1S05810,L,True
1090874,1,1.330806,270694,/Users/odon/Desktop/intro_to_iris_recognition/Week 1/NDCVRL_002 Dataset/raw/nd1S06932/Right/1090874.tiff,nd1S06932,R,True
270694,1,1.330806,1090874,/Users/odon/Desktop/intro_to_iris_recognition/Week 1/NDCVRL_002 Dataset/raw/nd1S05695/Right/270694.tiff,nd1S05695,R,True
1113259,3,1.331419,1012175;911386;896827,/Users/odon/Desktop/intro_to_iris_recognition/Week 1/NDCVRL_002 Dataset/raw/nd1S05853/Left/1113259.tiff,nd1S05853,L,True
1012175,2,1.331419,1113259;724182,/Users/odon/Desktop/intro_to_iris_recognition/Week 1/NDCVRL_002 Dataset/raw/nd1S06859/Right/1012175.tiff,nd1S06859,R,True
406408,2,1.331615,169119;791650,/Users/odon/Desktop/intro_to_iris_recognition/Week 1/NDCVRL_002 Dataset/raw/nd1S05271/Left/406408.tiff,nd1S05271,L,True
169119,1,1.331615,406408,/Users/odon/Desktop/intro_to_iris_recognition/Week 1/NDCVRL_002 Dataset/raw/nd1S04851/Left/169119.tiff,nd1S04851,L,True
707834,2,1.331784,868706;1113163,/Users/odon/Desktop/intro_to_iris_recognition/Week 1/NDCVRL_002 Dataset/raw/nd1S06406/Right/707834.tiff,nd1S06406,R,True
868706,1,1.331784,707834,/Users/odon/Desktop/intro_to_iris_recognition/Week 1/NDCVRL_002 Dataset/raw/nd1S06441/Right/868706.tiff,nd1S06441,R,True
1064607,2,1.331984,1082443;896410,/Users/odon/Desktop/intro_to_iris_recognition/Week 1/NDCVRL_002 Dataset/raw/nd1S06245/Left/1064607.tiff,nd1S06245,L,True
869145,1,1.332655,1126602,/Users/odon/Desktop/intro_to_iris_recognition/Week 1/NDCVRL_002 Dataset/raw/nd1S05407/Left/869145.tiff,nd1S05407,L,True
764875,3,1.333566,1014368;725930;762337,/Users/odon/Desktop/intro_to_iris_recognition/Week 1/NDCVRL_002 Dataset/raw/nd1S06128/Right/764875.tiff,nd1S06128,R,True
1014368,2,1.333566,764875;791650,/Users/odon/Desktop/intro_to_iris_recognition/Week 1/NDCVRL_002 Dataset/raw/nd1S06745/Right/1014368.tiff,nd1S06745,R,True
1035705,3,1.334133,522740;667162;546228,/Users/odon/Desktop/intro_to_iris_recognition/Week 1/NDCVRL_002 Dataset/raw/nd1S05619/Left/1035705.tiff,nd1S05619,L,True
522740,3,1.334133,1035705;603593;538541,/Users/odon/Desktop/intro_to_iris_recognition/Week 1/NDCVRL_002 Dataset/raw/nd1S05271/Left/522740.tiff,nd1S05271,L,True
1105770,3,1.334623,896420;659277;899773,/Users/odon/Desktop/intro_to_iris_recognition/Week 1/NDCVRL_002 Dataset/raw/nd1S06793/Right/1105770.tiff,nd1S06793,R,True
896420,3,1.334623,1105770;1057056;791089,/Users/odon/Desktop/intro_to_iris_recognition/Week 1/NDCVRL_002 Dataset/raw/nd1S05547/Right/896420.tiff,nd1S05547,R,True
531448,1,1.335042,660384,/Users/odon/Desktop/intro_to_iris_recognition/Week 1/NDCVRL_002 Dataset/raw/nd1S05708/Left/531448.tiff,nd1S05708,L,True
660384,1,1.335042,531448,/Users/odon/Desktop/intro_to_iris_recognition/Week 1/NDCVRL_002 Dataset/raw/nd1S05280/Right/660384.tiff,nd1S05280,R,True
615057,1,1.335077,659433,/Users/odon/Desktop/intro_to_iris_recognition/Week 1/NDCVRL_002 Dataset/raw/nd1S05831/Left/615057.tiff,nd1S05831,L,True
441493,1,1.336151,529065,/Users/odon/Desktop/intro_to_iris_recognition/Week 1/NDCVRL_002 Dataset/raw/nd1S04649/Left/441493.tiff,nd1S04649,L,True
374149,3,1.336565,685159;1152289;660336,/Users/odon/Desktop/intro_to_iris_recognition/Week 1/NDCVRL_002 Dataset/raw/nd1S04701/Left/374149.tiff,nd1S04701,L,True
685159,1,1.336565,374149,/Users/odon/Desktop/intro_to_iris_recognition/Week 1/NDCVRL_002 Dataset/raw/nd1S05624/Left/685159.tiff,nd1S05624,L,True
1033056,2,1.336795,1192894;760365,/Users/odon/Desktop/intro_to_iris_recognition/Week 1/NDCVRL_002 Dataset/raw/nd1S05742/Right/1033056.tiff,nd1S05742,R,True
1192894,2,1.336795,1033056;284123,/Users/odon/Desktop/intro_to_iris_recognition/Week 1/NDCVRL_002 Dataset/raw/nd1S04261/Left/1192894.tiff,nd1S04261,L,True
1034350,2,1.336901,768628;1018284,/Users/odon/Desktop/intro_to_iris_recognition/Week 1/NDCVRL_002 Dataset/raw/nd1S06896/Left/1034350.tiff,nd1S06896,L,True
768628,1,1.336901,1034350,/Users/odon/Desktop/intro_to_iris_recognition/Week 1/NDCVRL_002 Dataset/raw/nd1S05881/Right/768628.tiff,nd1S05881,R,True
660770,3,1.337901,217105;665671;668617,/Users/odon/Desktop/intro_to_iris_recognition/Week 1/NDCVRL_002 Dataset/raw/nd1S05284/Right/660770.tiff,nd1S05284,R,True
217105,1,1.337901,660770,/Users/odon/Desktop/intro_to_iris_recognition/Week 1/NDCVRL_002 Dataset/raw/nd1S04851/Left/217105.tiff,nd1S04851,L,True
1135289,3,1.339290,667798;283639;302985,/Users/odon/Desktop/intro_to_iris_recognition/Week 1/NDCVRL_002 Dataset/raw/nd1S05889/Right/1135289.tiff,nd1S05889,R,True
667798,3,1.339290,1135289;1017028;512662,/Users/odon/Desktop/intro_to_iris_recognition/Week 1/NDCVRL_002 Dataset/raw/nd1S05317/Right/667798.tiff,nd1S05317,R,True
410512,2,1.339703,801354;1111241,/Users/odon/Desktop/intro_to_iris_recognition/Week 1/NDCVRL_002 Dataset/raw/nd1S05317/Right/410512.tiff,nd1S05317,R,True
801354,2,1.339703,410512;231849,/Users/odon/Desktop/intro_to_iris_recognition/Week 1/NDCVRL_002 Dataset/raw/nd1S06181/Right/801354.tiff,nd1S06181,R,True
304002,2,1.340156,665866;229069,/Users/odon/Desktop/intro_to_iris_recognition/Week 1/NDCVRL_002 Dataset/raw/nd1S04851/Left/304002.tiff,nd1S04851,L,True
665866,2,1.340156,304002;442343,/Users/odon/Desktop/intro_to_iris_recognition/Week 1/NDCVRL_002 Dataset/raw/nd1S05213/Left/665866.tiff,nd1S05213,L,True
941407,2,1.340351,790692;704749,/Users/odon/Desktop/intro_to_iris_recognition/Week 1/NDCVRL_002 Dataset/raw/nd1S05957/Left/941407.tiff,nd1S05957,L,True
790692,1,1.340351,941407,/Users/odon/Desktop/intro_to_iris_recognition/Week 1/NDCVRL_002 Dataset/raw/nd1S06345/Left/790692.tiff,nd1S06345,L,True
1043101,3,1.340433,516337;697806;660274,/Users/odon/Desktop/intro_to_iris_recognition/Week 1/NDCVRL_002 Dataset/raw/nd1S06350/Left/1043101.tiff,nd1S06350,L,True
516337,1,1.340433,1043101,/Users/odon/Desktop/intro_to_iris_recognition/Week 1/NDCVRL_002 Dataset/raw/nd1S06069/Left/516337.tiff,nd1S06069,L,True
858299,4,1.340442,1129585;825682;1132516;829089,/Users/odon/Desktop/intro_to_iris_recognition/Week 1/NDCVRL_002 Dataset/raw/nd1S04649/Left/858299.tiff,nd1S04649,L,True
607237,2,1.341294,1151784;799137,/Users/odon/Desktop/intro_to_iris_recognition/Week 1/NDCVRL_002 Dataset/raw/nd1S06091/Left/607237.tiff,nd1S06091,L,True
1151784,1,1.341294,607237,/Users/odon/Desktop/intro_to_iris_recognition/Week 1/NDCVRL_002 Dataset/raw/nd1S07015/Right/1151784.tiff,nd1S07015,R,True
1103072,1,1.341404,387820,/Users/odon/Desktop/intro_to_iris_recognition/Week 1/NDCVRL_002 Dataset/raw/nd1S05661/Left/1103072.tiff,nd1S05661,L,True
387820,1,1.341404,1103072,/Users/odon/Desktop/intro_to_iris_recognition/Week 1/NDCVRL_002 Dataset/raw/nd1S05321/Left/387820.tiff,nd1S05321,L,True
579746,2,1.341664,710750;1036068,/Users/odon/Desktop/intro_to_iris_recognition/Week 1/NDCVRL_002 Dataset/raw/nd1S06079/Left/579746.tiff,nd1S06079,L,True
710750,2,1.341664,579746;902266,/Users/odon/Desktop/intro_to_iris_recognition/Week 1/NDCVRL_002 Dataset/raw/nd1S05881/Left/710750.tiff,nd1S05881,L,True
201495,1,1.342323,668505,/Users/odon/Desktop/intro_to_iris_recognition/Week 1/NDCVRL_002 Dataset/raw/nd1S02463/Left/201495.tiff,nd1S02463,L,True
668505,1,1.342323,201495,/Users/odon/Desktop/intro_to_iris_recognition/Week 1/NDCVRL_002 Dataset/raw/nd1S05308/Left/668505.tiff,nd1S05308,L,True
661748,3,1.342340,665218;832204;663790,/Users/odon/Desktop/intro_to_iris_recognition/Week 1/NDCVRL_002 Dataset/raw/nd1S04970/Right/661748.tiff,nd1S04970,R,True
665218,1,1.342340,661748,/Users/odon/Desktop/intro_to_iris_recognition/Week 1/NDCVRL_002 Dataset/raw/nd1S05049/Left/665218.tiff,nd1S05049,L,True
162040,1,1.342464,660373,/Users/odon/Desktop/intro_to_iris_recognition/Week 1/NDCVRL_002 Dataset/raw/nd1S04684/Left/162040.tiff,nd1S04684,L,True
660373,1,1.342464,162040,/Users/odon/Desktop/intro_to_iris_recognition/Week 1/NDCVRL_002 Dataset/raw/nd1S05279/Right/660373.tiff,nd1S05279,R,True
799333,2,1.342515,832047;165847,/Users/odon/Desktop/intro_to_iris_recognition/Week 1/NDCVRL_002 Dataset/raw/nd1S05321/Left/799333.tiff,nd1S05321,L,True
832047,1,1.342515,799333,/Users/odon/Desktop/intro_to_iris_recognition/Week 1/NDCVRL_002 Dataset/raw/nd1S06406/Left/832047.tiff,nd1S06406,L,True
664354,1,1.343102,666468,/Users/odon/Desktop/intro_to_iris_recognition/Week 1/NDCVRL_002 Dataset/raw/nd1S04667/Left/664354.tiff,nd1S04667,L,True
666468,1,1.343102,664354,/Users/odon/Desktop/intro_to_iris_recognition/Week 1/NDCVRL_002 Dataset/raw/nd1S04684/Left/666468.tiff,nd1S04684,L,True
901178,2,1.343616,579682;540468,/Users/odon/Desktop/intro_to_iris_recognition/Week 1/NDCVRL_002 Dataset/raw/nd1S05735/Right/901178.tiff,nd1S05735,R,True
579682,1,1.343616,901178,/Users/odon/Desktop/intro_to_iris_recognition/Week 1/NDCVRL_002 Dataset/raw/nd1S05842/Left/579682.tiff,nd1S05842,L,True
724727,1,1.343875,831997,/Users/odon/Desktop/intro_to_iris_recognition/Week 1/NDCVRL_002 Dataset/raw/nd1S05742/Right/724727.tiff,nd1S05742,R,True
831997,1,1.343875,724727,/Users/odon/Desktop/intro_to_iris_recognition/Week 1/NDCVRL_002 Dataset/raw/nd1S06044/Right/831997.tiff,nd1S06044,R,True
723665,1,1.344211,797431,/Users/odon/Desktop/intro_to_iris_recognition/Week 1/NDCVRL_002 Dataset/raw/nd1S05555/Right/723665.tiff,nd1S05555,R,True
797431,1,1.344211,723665,/Users/odon/Desktop/intro_to_iris_recognition/Week 1/NDCVRL_002 Dataset/raw/nd1S06406/Right/797431.tiff,nd1S06406,R,True
1087227,2,1.344238,759537;831960,/Users/odon/Desktop/intro_to_iris_recognition/Week 1/NDCVRL_002 Dataset/raw/nd1S05456/Right/1087227.tiff,nd1S05456,R,True
759537,2,1.344238,1087227;860413,/Users/odon/Desktop/intro_to_iris_recognition/Week 1/NDCVRL_002 Dataset/raw/nd1S05974/Right/759537.tiff,nd1S05974,R,True
707831,3,1.344610,790112;241063;1109575,/Users/odon/Desktop/intro_to_iris_recognition/Week 1/NDCVRL_002 Dataset/raw/nd1S06406/Left/707831.tiff,nd1S06406,L,True
790112,1,1.344610,707831,/Users/odon/Desktop/intro_to_iris_recognition/Week 1/NDCVRL_002 Dataset/raw/nd1S05842/Left/790112.tiff,nd1S05842,L,True
660398,2,1.344656,396780;387196,/Users/odon/Desktop/intro_to_iris_recognition/Week 1/NDCVRL_002 Dataset/raw/nd1S05280/Right/660398.tiff,nd1S05280,R,True
396780,1,1.344656,660398,/Users/odon/Desktop/intro_to_iris_recognition/Week 1/NDCVRL_002 Dataset/raw/nd1S05708/Left/396780.tiff,nd1S05708,L,True
1112921,1,1.344911,585946,/Users/odon/Desktop/intro_to_iris_recognition/Week 1/NDCVRL_002 Dataset/raw/nd1S05954/Right/1112921.tiff,nd1S05954,R,True
585946,1,1.344911,1112921,/Users/odon/Desktop/intro_to_iris_recognition/Week 1/NDCVRL_002 Dataset/raw/nd1S06126/Right/585946.tiff,nd1S06126,R,True
667765,1,1.345724,755114,/Users/odon/Desktop/intro_to_iris_recognition/Week 1/NDCVRL_002 Dataset/raw/nd1S05315/Left/667765.tiff,nd1S05315,L,True
755114,1,1.345724,667765,/Users/odon/Desktop/intro_to_iris_recognition/Week 1/NDCVRL_002 Dataset/raw/nd1S05974/Left/755114.tiff,nd1S05974,L,True
511263,1,1.345729,406409,/Users/odon/Desktop/intro_to_iris_recognition/Week 1/NDCVRL_002 Dataset/raw/nd1S05999/Right/511263.tiff,nd1S05999,R,True
255418,2,1.345829,237271;160439,/Users/odon/Desktop/intro_to_iris_recognition/Week 1/NDCVRL_002 Dataset/raw/nd1S05271/Left/255418.tiff,nd1S05271,L,True
237271,1,1.345829,255418,/Users/odon/Desktop/intro_to_iris_recognition/Week 1/NDCVRL_002 Dataset/raw/nd1S05487/Right/237271.tiff,nd1S05487,R,True
278287,1,1.345927,614341,/Users/odon/Desktop/intro_to_iris_recognition/Week 1/NDCVRL_002 Dataset/raw/nd1S05713/Right/278287.tiff,nd1S05713,R,True
614341,1,1.345927,278287,/Users/odon/Desktop/intro_to_iris_recognition/Week 1/NDCVRL_002 Dataset/raw/nd1S05999/Left/614341.tiff,nd1S05999,L,True
659404,2,1.345954,437248;437245,/Users/odon/Desktop/intro_to_iris_recognition/Week 1/NDCVRL_002 Dataset/raw/nd1S05269/Left/659404.tiff,nd1S05269,L,True
437248,1,1.345954,659404,/Users/odon/Desktop/intro_to_iris_recognition/Week 1/NDCVRL_002 Dataset/raw/nd1S05459/Left/437248.tiff,nd1S05459,L,True
1133078,2,1.346191,990825;1103821,/Users/odon/Desktop/intro_to_iris_recognition/Week 1/NDCVRL_002 Dataset/raw/nd1S05321/Right/1133078.tiff,nd1S05321,R,True
1156774,1,1.346214,969972,/Users/odon/Desktop/intro_to_iris_recognition/Week 1/NDCVRL_002 Dataset/raw/nd1S06017/Right/1156774.tiff,nd1S06017,R,True
969972,1,1.346214,1156774,/Users/odon/Desktop/intro_to_iris_recognition/Week 1/NDCVRL_002 Dataset/raw/nd1S06441/Right/969972.tiff,nd1S06441,R,True
1012191,3,1.346223,1107585;258134;819459,/Users/odon/Desktop/intro_to_iris_recognition/Week 1/NDCVRL_002 Dataset/raw/nd1S06859/Right/1012191.tiff,nd1S06859,R,True
1107585,1,1.346223,1012191,/Users/odon/Desktop/intro_to_iris_recognition/Week 1/NDCVRL_002 Dataset/raw/nd1S05455/Right/1107585.tiff,nd1S05455,R,True
825682,1,1.346571,858299,/Users/odon/Desktop/intro_to_iris_recognition/Week 1/NDCVRL_002 Dataset/raw/nd1S05970/Right/825682.tiff,nd1S05970,R,True
710623,2,1.347117,660326;584298,/Users/odon/Desktop/intro_to_iris_recognition/Week 1/NDCVRL_002 Dataset/raw/nd1S05974/Left/710623.tiff,nd1S05974,L,True
660326,1,1.347117,710623,/Users/odon/Desktop/intro_to_iris_recognition/Week 1/NDCVRL_002 Dataset/raw/nd1S05278/Right/660326.tiff,nd1S05278,R,True
676417,1,1.347966,659279,/Users/odon/Desktop/intro_to_iris_recognition/Week 1/NDCVRL_002 Dataset/raw/nd1S05619/Left/676417.tiff,nd1S05619,L,True
262291,2,1.348187,870378;415176,/Users/odon/Desktop/intro_to_iris_recognition/Week 1/NDCVRL_002 Dataset/raw/nd1S05244/Right/262291.tiff,nd1S05244,R,True
870378,2,1.348187,262291;895494,/Users/odon/Desktop/intro_to_iris_recognition/Week 1/NDCVRL_002 Dataset/raw/nd1S05541/Right/870378.tiff,nd1S05541,R,True
831170,2,1.348197,907925;406446,/Users/odon/Desktop/intro_to_iris_recognition/Week 1/NDCVRL_002 Dataset/raw/nd1S06128/Right/831170.tiff,nd1S06128,R,True
907925,1,1.348197,831170,/Users/odon/Desktop/intro_to_iris_recognition/Week 1/NDCVRL_002 Dataset/raw/nd1S06406/Right/907925.tiff,nd1S06406,R,True
1107417,2,1.348400,1113163;1015652,/Users/odon/Desktop/intro_to_iris_recognition/Week 1/NDCVRL_002 Dataset/raw/nd1S04470/Left/1107417.tiff,nd1S04470,L,True
1113163,2,1.348400,1107417;707834,/Users/odon/Desktop/intro_to_iris_recognition/Week 1/NDCVRL_002 Dataset/raw/nd1S05889/Left/1113163.tiff,nd1S05889,L,True
268188,1,1.348486,521342,/Users/odon/Desktop/intro_to_iris_recognition/Week 1/NDCVRL_002 Dataset/raw/nd1S05044/Left/268188.tiff,nd1S05044,L,True
521342,1,1.348486,268188,/Users/odon/Desktop/intro_to_iris_recognition/Week 1/NDCVRL_002 Dataset/raw/nd1S05708/Left/521342.tiff,nd1S05708,L,True
1128828,2,1.348708,765559;868861,/Users/odon/Desktop/intro_to_iris_recognition/Week 1/NDCVRL_002 Dataset/raw/nd1S05963/Left/1128828.tiff,nd1S05963,L,True
765559,1,1.348708,1128828,/Users/odon/Desktop/intro_to_iris_recognition/Week 1/NDCVRL_002 Dataset/raw/nd1S05321/Right/765559.tiff,nd1S05321,R,True
1013024,3,1.348773,706156;938345;431975,/Users/odon/Desktop/intro_to_iris_recognition/Week 1/NDCVRL_002 Dataset/raw/nd1S06245/Left/1013024.tiff,nd1S06245,L,True
706156,1,1.348773,1013024,/Users/odon/Desktop/intro_to_iris_recognition/Week 1/NDCVRL_002 Dataset/raw/nd1S05555/Left/706156.tiff,nd1S05555,L,True
289041,2,1.349772,556304;591211,/Users/odon/Desktop/intro_to_iris_recognition/Week 1/NDCVRL_002 Dataset/raw/nd1S05742/Right/289041.tiff,nd1S05742,R,True
556304,1,1.349772,289041,/Users/odon/Desktop/intro_to_iris_recognition/Week 1/NDCVRL_002 Dataset/raw/nd1S05881/Left/556304.tiff,nd1S05881,L,True
1103809,2,1.349929,995778;970918,/Users/odon/Desktop/intro_to_iris_recognition/Week 1/NDCVRL_002 Dataset/raw/nd1S06505/Left/1103809.tiff,nd1S06505,L,True
995778,1,1.349929,1103809,/Users/odon/Desktop/intro_to_iris_recognition/Week 1/NDCVRL_002 Dataset/raw/nd1S06091/Left/995778.tiff,nd1S06091,L,True
613532,2,1.349996,432868;315030,/Users/odon/Desktop/intro_to_iris_recognition/Week 1/NDCVRL_002 Dataset/raw/nd1S05379/Left/613532.tiff,nd1S05379,L,True
432868,1,1.349996,613532,/Users/odon/Desktop/intro_to_iris_recognition/Week 1/NDCVRL_002 Dataset/raw/nd1S05379/Right/432868.tiff,nd1S05379,R,True
277036,1,1.350042,857508,/Users/odon/Desktop/intro_to_iris_recognition/Week 1/NDCVRL_002 Dataset/raw/nd1S05321/Left/277036.tiff,nd1S05321,L,True
857508,1,1.350042,277036,/Users/odon/Desktop/intro_to_iris_recognition/Week 1/NDCVRL_002 Dataset/raw/nd1S05619/Right/857508.tiff,nd1S05619,R,True
611526,2,1.350144,902271;970329,/Users/odon/Desktop/intro_to_iris_recognition/Week 1/NDCVRL_002 Dataset/raw/nd1S04649/Left/611526.tiff,nd1S04649,L,True
902271,1,1.350144,611526,/Users/odon/Desktop/intro_to_iris_recognition/Week 1/NDCVRL_002 Dataset/raw/nd1S05301/Left/902271.tiff,nd1S05301,L,True
241321,1,1.350188,824428,/Users/odon/Desktop/intro_to_iris_recognition/Week 1/NDCVRL_002 Dataset/raw/nd1S04649/Left/241321.tiff,nd1S04649,L,True
824428,1,1.350188,241321,/Users/odon/Desktop/intro_to_iris_recognition/Week 1/NDCVRL_002 Dataset/raw/nd1S06128/Right/824428.tiff,nd1S06128,R,True
241947,1,1.350530,244167,/Users/odon/Desktop/intro_to_iris_recognition/Week 1/NDCVRL_002 Dataset/raw/nd1S05379/Right/241947.tiff,nd1S05379,R,True
244167,1,1.350530,241947,/Users/odon/Desktop/intro_to_iris_recognition/Week 1/NDCVRL_002 Dataset/raw/nd1S05405/Right/244167.tiff,nd1S05405,R,True
1132516,2,1.350765,858299;721335,/Users/odon/Desktop/intro_to_iris_recognition/Week 1/NDCVRL_002 Dataset/raw/nd1S06082/Right/1132516.tiff,nd1S06082,R,True
760998,3,1.351207,990703;611501;790688,/Users/odon/Desktop/intro_to_iris_recognition/Week 1/NDCVRL_002 Dataset/raw/nd1S06118/Left/760998.tiff,nd1S06118,L,True
990703,2,1.351207,760998;437343,/Users/odon/Desktop/intro_to_iris_recognition/Week 1/NDCVRL_002 Dataset/raw/nd1S06245/Left/990703.tiff,nd1S06245,L,True
241711,2,1.351757,539036;1159814,/Users/odon/Desktop/intro_to_iris_recognition/Week 1/NDCVRL_002 Dataset/raw/nd1S05044/Right/241711.tiff,nd1S05044,R,True
539036,1,1.351757,241711,/Users/odon/Desktop/intro_to_iris_recognition/Week 1/NDCVRL_002 Dataset/raw/nd1S05970/Right/539036.tiff,nd1S05970,R,True
1128852,1,1.351779,1130440,/Users/odon/Desktop/intro_to_iris_recognition/Week 1/NDCVRL_002 Dataset/raw/nd1S05880/Left/1128852.tiff,nd1S05880,L,True
1130440,1,1.351779,1128852,/Users/odon/Desktop/intro_to_iris_recognition/Week 1/NDCVRL_002 Dataset/raw/nd1S05954/Left/1130440.tiff,nd1S05954,L,True
284123,1,1.351954,1192894,/Users/odon/Desktop/intro_to_iris_recognition/Week 1/NDCVRL_002 Dataset/raw/nd1S05742/Right/284123.tiff,nd1S05742,R,True
1157093,1,1.352014,580593,/Users/odon/Desktop/intro_to_iris_recognition/Week 1/NDCVRL_002 Dataset/raw/nd1S06017/Right/1157093.tiff,nd1S06017,R,True
580593,1,1.352014,1157093,/Users/odon/Desktop/intro_to_iris_recognition/Week 1/NDCVRL_002 Dataset/raw/nd1S05970/Left/580593.tiff,nd1S05970,L,True
241621,1,1.352170,659512,/Users/odon/Desktop/intro_to_iris_recognition/Week 1/NDCVRL_002 Dataset/raw/nd1S05555/Left/241621.tiff,nd1S05555,L,True
659512,1,1.352170,241621,/Users/odon/Desktop/intro_to_iris_recognition/Week 1/NDCVRL_002 Dataset/raw/nd1S05272/Right/659512.tiff,nd1S05272,R,True
1012915,1,1.352628,906629,/Users/odon/Desktop/intro_to_iris_recognition/Week 1/NDCVRL_002 Dataset/raw/nd1S06793/Left/1012915.tiff,nd1S06793,L,True
906629,1,1.352628,1012915,/Users/odon/Desktop/intro_to_iris_recognition/Week 1/NDCVRL_002 Dataset/raw/nd1S06110/Right/906629.tiff,nd1S06110,R,True
313859,1,1.352923,656699,/Users/odon/Desktop/intro_to_iris_recognition/Week 1/NDCVRL_002 Dataset/raw/nd1S05682/Left/313859.tiff,nd1S05682,L,True
656699,1,1.352923,313859,/Users/odon/Desktop/intro_to_iris_recognition/Week 1/NDCVRL_002 Dataset/raw/nd1S05044/Right/656699.tiff,nd1S05044,R,True
217104,1,1.352935,237693,/Users/odon/Desktop/intro_to_iris_recognition/Week 1/NDCVRL_002 Dataset/raw/nd1S04851/Left/217104.tiff,nd1S04851,L,True
237693,1,1.352935,217104,/Users/odon/Desktop/intro_to_iris_recognition/Week 1/NDCVRL_002 Dataset/raw/nd1S05379/Right/237693.tiff,nd1S05379,R,True
514143,1,1.353269,540875,/Users/odon/Desktop/intro_to_iris_recognition/Week 1/NDCVRL_002 Dataset/raw/nd1S05880/Left/514143.tiff,nd1S05880,L,True
540875,1,1.353269,514143,/Users/odon/Desktop/intro_to_iris_recognition/Week 1/NDCVRL_002 Dataset/raw/nd1S06069/Left/540875.tiff,nd1S06069,L,True
516622,1,1.353973,706761,/Users/odon/Desktop/intro_to_iris_recognition/Week 1/NDCVRL_002 Dataset/raw/nd1S05271/Left/516622.tiff,nd1S05271,L,True
1113271,1,1.354306,942097,/Users/odon/Desktop/intro_to_iris_recognition/Week 1/NDCVRL_002 Dataset/raw/nd1S05853/Right/1113271.tiff,nd1S05853,R,True
942097,1,1.354306,1113271,/Users/odon/Desktop/intro_to_iris_recognition/Week 1/NDCVRL_002 Dataset/raw/nd1S06745/Right/942097.tiff,nd1S06745,R,True
723360,2,1.354326,764324;1041279,/Users/odon/Desktop/intro_to_iris_recognition/Week 1/NDCVRL_002 Dataset/raw/nd1S05629/Left/723360.tiff,nd1S05629,L,True
764324,1,1.354326,723360,/Users/odon/Desktop/intro_to_iris_recognition/Week 1/NDCVRL_002 Dataset/raw/nd1S06221/Right/764324.tiff,nd1S06221,R,True
653822,2,1.354453,580654;282414,/Users/odon/Desktop/intro_to_iris_recognition/Week 1/NDCVRL_002 Dataset/raw/nd1S05049/Right/653822.tiff,nd1S05049,R,True
580654,1,1.354453,653822,/Users/odon/Desktop/intro_to_iris_recognition/Week 1/NDCVRL_002 Dataset/raw/nd1S05713/Left/580654.tiff,nd1S05713,L,True
1083269,1,1.354496,989821,/Users/odon/Desktop/intro_to_iris_recognition/Week 1/NDCVRL_002 Dataset/raw/nd1S06745/Left/1083269.tiff,nd1S06745,L,True
989821,1,1.354496,1083269,/Users/odon/Desktop/intro_to_iris_recognition/Week 1/NDCVRL_002 Dataset/raw/nd1S06793/Left/989821.tiff,nd1S06793,L,True
1081629,2,1.354661,1017025;856632,/Users/odon/Desktop/intro_to_iris_recognition/Week 1/NDCVRL_002 Dataset/raw/nd1S05619/Right/1081629.tiff,nd1S05619,R,True
1017025,1,1.354661,1081629,/Users/odon/Desktop/intro_to_iris_recognition/Week 1/NDCVRL_002 Dataset/raw/nd1S05889/Left/1017025.tiff,nd1S05889,L,True
1130429,2,1.354899,761189;873460,/Users/odon/Desktop/intro_to_iris_recognition/Week 1/NDCVRL_002 Dataset/raw/nd1S05954/Right/1130429.tiff,nd1S05954,R,True
761189,1,1.354899,1130429,/Users/odon/Desktop/intro_to_iris_recognition/Week 1/NDCVRL_002 Dataset/raw/nd1S06406/Right/761189.tiff,nd1S06406,R,True
831989,3,1.355315,1064394;725197;1129841,/Users/odon/Desktop/intro_to_iris_recognition/Week 1/NDCVRL_002 Dataset/raw/nd1S06044/Left/831989.tiff,nd1S06044,L,True
1064394,2,1.355315,831989;229191,/Users/odon/Desktop/intro_to_iris_recognition/Week 1/NDCVRL_002 Dataset/raw/nd1S05616/Right/1064394.tiff,nd1S05616,R,True
345078,1,1.355326,934719,/Users/odon/Desktop/intro_to_iris_recognition/Week 1/NDCVRL_002 Dataset/raw/nd1S05619/Left/345078.tiff,nd1S05619,L,True
934719,1,1.355326,345078,/Users/odon/Desktop/intro_to_iris_recognition/Week 1/NDCVRL_002 Dataset/raw/nd1S05271/Left/934719.tiff,nd1S05271,L,True
724762,2,1.355437,941644;187714,/Users/odon/Desktop/intro_to_iris_recognition/Week 1/NDCVRL_002 Dataset/raw/nd1S05713/Left/724762.tiff,nd1S05713,L,True
1036068,1,1.355491,579746,/Users/odon/Desktop/intro_to_iris_recognition/Week 1/NDCVRL_002 Dataset/raw/nd1S05963/Right/1036068.tiff,nd1S05963,R,True
396779,3,1.355542,684005;660357;1130446,/Users/odon/Desktop/intro_to_iris_recognition/Week 1/NDCVRL_002 Dataset/raw/nd1S05708/Left/396779.tiff,nd1S05708,L,True
684005,1,1.355542,396779,/Users/odon/Desktop/intro_to_iris_recognition/Week 1/NDCVRL_002 Dataset/raw/nd1S05932/Left/684005.tiff,nd1S05932,L,True
788788,2,1.355614,1129409;764442,/Users/odon/Desktop/intro_to_iris_recognition/Week 1/NDCVRL_002 Dataset/raw/nd1S05810/Left/788788.tiff,nd1S05810,L,True
1129409,1,1.355614,788788,/Users/odon/Desktop/intro_to_iris_recognition/Week 1/NDCVRL_002 Dataset/raw/nd1S05856/Left/1129409.tiff,nd1S05856,L,True
449965,1,1.355741,945720,/Users/odon/Desktop/intro_to_iris_recognition/Week 1/NDCVRL_002 Dataset/raw/nd1S05597/Left/449965.tiff,nd1S05597,L,True
945720,1,1.355741,449965,/Users/odon/Desktop/intro_to_iris_recognition/Week 1/NDCVRL_002 Dataset/raw/nd1S05246/Right/945720.tiff,nd1S05246,R,True
722165,1,1.355757,831999,/Users/odon/Desktop/intro_to_iris_recognition/Week 1/NDCVRL_002 Dataset/raw/nd1S02463/Left/722165.tiff,nd1S02463,L,True
831999,1,1.355757,722165,/Users/odon/Desktop/intro_to_iris_recognition/Week 1/NDCVRL_002 Dataset/raw/nd1S06044/Left/831999.tiff,nd1S06044,L,True
261213,1,1.355807,520309,/Users/odon/Desktop/intro_to_iris_recognition/Week 1/NDCVRL_002 Dataset/raw/nd1S05619/Left/261213.tiff,nd1S05619,L,True
520309,1,1.355807,261213,/Users/odon/Desktop/intro_to_iris_recognition/Week 1/NDCVRL_002 Dataset/raw/nd1S06086/Left/520309.tiff,nd1S06086,L,True
1155289,3,1.355923,725930;759727;701174,/Users/odon/Desktop/intro_to_iris_recognition/Week 1/NDCVRL_002 Dataset/raw/nd1S07015/Right/1155289.tiff,nd1S07015,R,True
725930,2,1.355923,1155289;764875,/Users/odon/Desktop/intro_to_iris_recognition/Week 1/NDCVRL_002 Dataset/raw/nd1S05880/Left/725930.tiff,nd1S05880,L,True
432369,1,1.356384,897855,/Users/odon/Desktop/intro_to_iris_recognition/Week 1/NDCVRL_002 Dataset/raw/nd1S05270/Right/432369.tiff,nd1S05270,R,True
897855,1,1.356384,432369,/Users/odon/Desktop/intro_to_iris_recognition/Week 1/NDCVRL_002 Dataset/raw/nd1S05379/Right/897855.tiff,nd1S05379,R,True
1090875,1,1.356667,674838,/Users/odon/Desktop/intro_to_iris_recognition/Week 1/NDCVRL_002 Dataset/raw/nd1S06932/Right/1090875.tiff,nd1S06932,R,True
674838,1,1.356667,1090875,/Users/odon/Desktop/intro_to_iris_recognition/Week 1/NDCVRL_002 Dataset/raw/nd1S05857/Right/674838.tiff,nd1S05857,R,True
1086703,2,1.356696,289045;961992,/Users/odon/Desktop/intro_to_iris_recognition/Week 1/NDCVRL_002 Dataset/raw/nd1S05456/Left/1086703.tiff,nd1S05456,L,True
289045,1,1.356696,1086703,/Users/odon/Desktop/intro_to_iris_recognition/Week 1/NDCVRL_002 Dataset/raw/nd1S05742/Left/289045.tiff,nd1S05742,L,True
241123,1,1.357283,798965,/Users/odon/Desktop/intro_to_iris_recognition/Week 1/NDCVRL_002 Dataset/raw/nd1S05511/Left/241123.tiff,nd1S05511,L,True
798965,1,1.357283,241123,/Users/odon/Desktop/intro_to_iris_recognition/Week 1/NDCVRL_002 Dataset/raw/nd1S05541/Left/798965.tiff,nd1S05541,L,True
791872,1,1.357345,942860,/Users/odon/Desktop/intro_to_iris_recognition/Week 1/NDCVRL_002 Dataset/raw/nd1S05713/Right/791872.tiff,nd1S05713,R,True
942860,1,1.357345,791872,/Users/odon/Desktop/intro_to_iris_recognition/Week 1/NDCVRL_002 Dataset/raw/nd1S06768/Right/942860.tiff,nd1S06768,R,True
1015652,1,1.357404,1107417,/Users/odon/Desktop/intro_to_iris_recognition/Week 1/NDCVRL_002 Dataset/raw/nd1S02463/Left/1015652.tiff,nd1S02463,L,True
523615,1,1.357409,591061,/Users/odon/Desktop/intro_to_iris_recognition/Week 1/NDCVRL_002 Dataset/raw/nd1S06082/Left/523615.tiff,nd1S06082,L,True
591061,1,1.357409,523615,/Users/odon/Desktop/intro_to_iris_recognition/Week 1/NDCVRL_002 Dataset/raw/nd1S06202/Right/591061.tiff,nd1S06202,R,True
1085401,2,1.357450,820275;390990,/Users/odon/Desktop/intro_to_iris_recognition/Week 1/NDCVRL_002 Dataset/raw/nd1S06745/Right/1085401.tiff,nd1S06745,R,True
820275,2,1.357450,1085401;587572,/Users/odon/Desktop/intro_to_iris_recognition/Week 1/NDCVRL_002 Dataset/raw/nd1S06345/Left/820275.tiff,nd1S06345,L,True
659699,2,1.357640,1064378;1018279,/Users/odon/Desktop/intro_to_iris_recognition/Week 1/NDCVRL_002 Dataset/raw/nd1S05275/Right/659699.tiff,nd1S05275,R,True
1064378,1,1.357640,659699,/Users/odon/Desktop/intro_to_iris_recognition/Week 1/NDCVRL_002 Dataset/raw/nd1S05970/Left/1064378.tiff,nd1S05970,L,True
860413,2,1.357752,759537;696626,/Users/odon/Desktop/intro_to_iris_recognition/Week 1/NDCVRL_002 Dataset/raw/nd1S05863/Left/860413.tiff,nd1S05863,L,True
443623,3,1.358070,415386;608664;539517,/Users/odon/Desktop/intro_to_iris_recognition/Week 1/NDCVRL_002 Dataset/raw/nd1S05963/Left/443623.tiff,nd1S05963,L,True
415386,1,1.358070,443623,/Users/odon/Desktop/intro_to_iris_recognition/Week 1/NDCVRL_002 Dataset/raw/nd1S05932/Left/415386.tiff,nd1S05932,L,True
1159814,2,1.358150,231064;241711,/Users/odon/Desktop/intro_to_iris_recognition/Week 1/NDCVRL_002 Dataset/raw/nd1S06017/Right/1159814.tiff,nd1S06017,R,True
231064,1,1.358150,1159814,/Users/odon/Desktop/intro_to_iris_recognition/Week 1/NDCVRL_002 Dataset/raw/nd1S05044/Right/231064.tiff,nd1S05044,R,True
791798,1,1.358298,824135,/Users/odon/Desktop/intro_to_iris_recognition/Week 1/NDCVRL_002 Dataset/raw/nd1S05889/Left/791798.tiff,nd1S05889,L,True
824135,1,1.358298,791798,/Users/odon/Desktop/intro_to_iris_recognition/Week 1/NDCVRL_002 Dataset/raw/nd1S05624/Left/824135.tiff,nd1S05624,L,True
721335,3,1.358350,707346;909935;1132516,/Users/odon/Desktop/intro_to_iris_recognition/Week 1/NDCVRL_002 Dataset/raw/nd1S05379/Right/721335.tiff,nd1S05379,R,True
707346,2,1.358350,721335;764867,/Users/odon/Desktop/intro_to_iris_recognition/Week 1/NDCVRL_002 Dataset/raw/nd1S06085/Right/707346.tiff,nd1S06085,R,True
668645,3,1.358389,1106488;1086967;266392,/Users/odon/Desktop/intro_to_iris_recognition/Week 1/NDCVRL_002 Dataset/raw/nd1S04970/Right/668645.tiff,nd1S04970,R,True
1106488,1,1.358389,668645,/Users/odon/Desktop/intro_to_iris_recognition/Week 1/NDCVRL_002 Dataset/raw/nd1S06505/Left/1106488.tiff,nd1S06505,L,True
1065066,2,1.358913,758078;283014,/Users/odon/Desktop/intro_to_iris_recognition/Week 1/NDCVRL_002 Dataset/raw/nd1S06441/Right/1065066.tiff,nd1S06441,R,True
758078,1,1.358913,1065066,/Users/odon/Desktop/intro_to_iris_recognition/Week 1/NDCVRL_002 Dataset/raw/nd1S05889/Right/758078.tiff,nd1S05889,R,True
344130,1,1.359223,415384,/Users/odon/Desktop/intro_to_iris_recognition/Week 1/NDCVRL_002 Dataset/raw/nd1S05708/Left/344130.tiff,nd1S05708,L,True
415384,1,1.359223,344130,/Users/odon/Desktop/intro_to_iris_recognition/Week 1/NDCVRL_002 Dataset/raw/nd1S05932/Left/415384.tiff,nd1S05932,L,True
1057046,1,1.359720,536709,/Users/odon/Desktop/intro_to_iris_recognition/Week 1/NDCVRL_002 Dataset/raw/nd1S06793/Right/1057046.tiff,nd1S06793,R,True
536709,1,1.359720,1057046,/Users/odon/Desktop/intro_to_iris_recognition/Week 1/NDCVRL_002 Dataset/raw/nd1S06110/Right/536709.tiff,nd1S06110,R,True
659501,1,1.359805,910061,/Users/odon/Desktop/intro_to_iris_recognition/Week 1/NDCVRL_002 Dataset/raw/nd1S05272/Left/659501.tiff,nd1S05272,L,True
910061,1,1.359805,659501,/Users/odon/Desktop/intro_to_iris_recognition/Week 1/NDCVRL_002 Dataset/raw/nd1S06181/Right/910061.tiff,nd1S06181,R,True
659422,1,1.359849,708636,/Users/odon/Desktop/intro_to_iris_recognition/Week 1/NDCVRL_002 Dataset/raw/nd1S05269/Left/659422.tiff,nd1S05269,L,True
708636,1,1.359849,659422,/Users/odon/Desktop/intro_to_iris_recognition/Week 1/NDCVRL_002 Dataset/raw/nd1S05842/Left/708636.tiff,nd1S05842,L,True
658438,1,1.359912,660395,/Users/odon/Desktop/intro_to_iris_recognition/Week 1/NDCVRL_002 Dataset/raw/nd1S05214/Right/658438.tiff,nd1S05214,R,True
660395,1,1.359912,658438,/Users/odon/Desktop/intro_to_iris_recognition/Week 1/NDCVRL_002 Dataset/raw/nd1S05280/Right/660395.tiff,nd1S05280,R,True
660383,2,1.359966,664251;450154,/Users/odon/Desktop/intro_to_iris_recognition/Week 1/NDCVRL_002 Dataset/raw/nd1S05280/Right/660383.tiff,nd1S05280,R,True
664251,2,1.359966,660383;794764,/Users/odon/Desktop/intro_to_iris_recognition/Week 1/NDCVRL_002 Dataset/raw/nd1S04701/Right/664251.tiff,nd1S04701,R,True
729738,3,1.359997,662415;511817;856877,/Users/odon/Desktop/intro_to_iris_recognition/Week 1/NDCVRL_002 Dataset/raw/nd1S05974/Left/729738.tiff,nd1S05974,L,True
662415,2,1.359997,729738;1192859,/Users/odon/Desktop/intro_to_iris_recognition/Week 1/NDCVRL_002 Dataset/raw/nd1S05049/Left/662415.tiff,nd1S05049,L,True
665671,3,1.360093,1152242;660770;529574,/Users/odon/Desktop/intro_to_iris_recognition/Week 1/NDCVRL_002 Dataset/raw/nd1S05044/Right/665671.tiff,nd1S05044,R,True
1152242,1,1.360093,665671,/Users/odon/Desktop/intro_to_iris_recognition/Week 1/NDCVRL_002 Dataset/raw/nd1S07015/Right/1152242.tiff,nd1S07015,R,True
1133470,1,1.360215,253887,/Users/odon/Desktop/intro_to_iris_recognition/Week 1/NDCVRL_002 Dataset/raw/nd1S05889/Left/1133470.tiff,nd1S05889,L,True
253887,1,1.360215,1133470,/Users/odon/Desktop/intro_to_iris_recognition/Week 1/NDCVRL_002 Dataset/raw/nd1S05624/Right/253887.tiff,nd1S05624,R,True
764869,2,1.360249,791971;537287,/Users/odon/Desktop/intro_to_iris_recognition/Week 1/NDCVRL_002 Dataset/raw/nd1S06128/Right/764869.tiff,nd1S06128,R,True
791971,2,1.360249,764869;722307,/Users/odon/Desktop/intro_to_iris_recognition/Week 1/NDCVRL_002 Dataset/raw/nd1S05714/Left/791971.tiff,nd1S05714,L,True
284146,1,1.360276,663350,/Users/odon/Desktop/intro_to_iris_recognition/Week 1/NDCVRL_002 Dataset/raw/nd1S05743/Left/284146.tiff,nd1S05743,L,True
663350,1,1.360276,284146,/Users/odon/Desktop/intro_to_iris_recognition/Week 1/NDCVRL_002 Dataset/raw/nd1S05244/Left/663350.tiff,nd1S05244,L,True
590197,1,1.360280,604621,/Users/odon/Desktop/intro_to_iris_recognition/Week 1/NDCVRL_002 Dataset/raw/nd1S05970/Right/590197.tiff,nd1S05970,R,True
604621,1,1.360280,590197,/Users/odon/Desktop/intro_to_iris_recognition/Week 1/NDCVRL_002 Dataset/raw/nd1S05033/Right/604621.tiff,nd1S05033,R,True
431992,1,1.360307,659520,/Users/odon/Desktop/intro_to_iris_recognition/Week 1/NDCVRL_002 Dataset/raw/nd1S05957/Right/431992.tiff,nd1S05957,R,True
659520,1,1.360307,431992,/Users/odon/Desktop/intro_to_iris_recognition/Week 1/NDCVRL_002 Dataset/raw/nd1S05272/Right/659520.tiff,nd1S05272,R,True
903081,2,1.360607,1113891;969902,/Users/odon/Desktop/intro_to_iris_recognition/Week 1/NDCVRL_002 Dataset/raw/nd1S05708/Right/903081.tiff,nd1S05708,R,True
1113891,1,1.360607,903081,/Users/odon/Desktop/intro_to_iris_recognition/Week 1/NDCVRL_002 Dataset/raw/nd1S05954/Right/1113891.tiff,nd1S05954,R,True
1160894,2,1.360640,608172;231577,/Users/odon/Desktop/intro_to_iris_recognition/Week 1/NDCVRL_002 Dataset/raw/nd1S07015/Right/1160894.tiff,nd1S07015,R,True
608172,1,1.360640,1160894,/Users/odon/Desktop/intro_to_iris_recognition/Week 1/NDCVRL_002 Dataset/raw/nd1S05831/Right/608172.tiff,nd1S05831,R,True
422630,1,1.360659,442235,/Users/odon/Desktop/intro_to_iris_recognition/Week 1/NDCVRL_002 Dataset/raw/nd1S05740/Left/422630.tiff,nd1S05740,L,True
442235,1,1.360659,422630,/Users/odon/Desktop/intro_to_iris_recognition/Week 1/NDCVRL_002 Dataset/raw/nd1S05963/Right/442235.tiff,nd1S05963,R,True
727347,1,1.360739,765351,/Users/odon/Desktop/intro_to_iris_recognition/Week 1/NDCVRL_002 Dataset/raw/nd1S05629/Left/727347.tiff,nd1S05629,L,True
765351,1,1.360739,727347,/Users/odon/Desktop/intro_to_iris_recognition/Week 1/NDCVRL_002 Dataset/raw/nd1S05881/Left/765351.tiff,nd1S05881,L,True
256316,4,1.361070,825118;391565;865116;160439,/Users/odon/Desktop/intro_to_iris_recognition/Week 1/NDCVRL_002 Dataset/raw/nd1S05619/Left/256316.tiff,nd1S05619,L,True
825118,1,1.361070,256316,/Users/odon/Desktop/intro_to_iris_recognition/Week 1/NDCVRL_002 Dataset/raw/nd1S06352/Right/825118.tiff,nd1S06352,R,True
229053,1,1.361841,660772,/Users/odon/Desktop/intro_to_iris_recognition/Week 1/NDCVRL_002 Dataset/raw/nd1S05244/Left/229053.tiff,nd1S05244,L,True
660772,1,1.361841,229053,/Users/odon/Desktop/intro_to_iris_recognition/Week 1/NDCVRL_002 Dataset/raw/nd1S05284/Right/660772.tiff,nd1S05284,R,True
583995,2,1.362168,590600;668550,/Users/odon/Desktop/intro_to_iris_recognition/Week 1/NDCVRL_002 Dataset/raw/nd1S06202/Right/583995.tiff,nd1S06202,R,True
590600,1,1.362168,583995,/Users/odon/Desktop/intro_to_iris_recognition/Week 1/NDCVRL_002 Dataset/raw/nd1S05338/Right/590600.tiff,nd1S05338,R,True
763109,1,1.362385,869798,/Users/odon/Desktop/intro_to_iris_recognition/Week 1/NDCVRL_002 Dataset/raw/nd1S05808/Right/763109.tiff,nd1S05808,R,True
869798,1,1.362385,763109,/Users/odon/Desktop/intro_to_iris_recognition/Week 1/NDCVRL_002 Dataset/raw/nd1S06129/Left/869798.tiff,nd1S06129,L,True
653502,1,1.362495,733038,/Users/odon/Desktop/intro_to_iris_recognition/Week 1/NDCVRL_002 Dataset/raw/nd1S05044/Right/653502.tiff,nd1S05044,R,True
733038,1,1.362495,653502,/Users/odon/Desktop/intro_to_iris_recognition/Week 1/NDCVRL_002 Dataset/raw/nd1S05321/Right/733038.tiff,nd1S05321,R,True
1041270,4,1.362691,1034361;1018701;1129585;1034558,/Users/odon/Desktop/intro_to_iris_recognition/Week 1/NDCVRL_002 Dataset/raw/nd1S05889/Left/1041270.tiff,nd1S05889,L,True
1034361,1,1.362691,1041270,/Users/odon/Desktop/intro_to_iris_recognition/Week 1/NDCVRL_002 Dataset/raw/nd1S06896/Left/1034361.tiff,nd1S06896,L,True
405802,1,1.362979,560060,/Users/odon/Desktop/intro_to_iris_recognition/Week 1/NDCVRL_002 Dataset/raw/nd1S05868/Left/405802.tiff,nd1S05868,L,True
560060,1,1.362979,405802,/Users/odon/Desktop/intro_to_iris_recognition/Week 1/NDCVRL_002 Dataset/raw/nd1S05624/Right/560060.tiff,nd1S05624,R,True
264085,1,1.363380,665465,/Users/odon/Desktop/intro_to_iris_recognition/Week 1/NDCVRL_002 Dataset/raw/nd1S05271/Right/264085.tiff,nd1S05271,R,True
665465,1,1.363380,264085,/Users/odon/Desktop/intro_to_iris_recognition/Week 1/NDCVRL_002 Dataset/raw/nd1S05260/Right/665465.tiff,nd1S05260,R,True
601425,1,1.363473,944203,/Users/odon/Desktop/intro_to_iris_recognition/Week 1/NDCVRL_002 Dataset/raw/nd1S06110/Right/601425.tiff,nd1S06110,R,True
944203,1,1.363473,601425,/Users/odon/Desktop/intro_to_iris_recognition/Week 1/NDCVRL_002 Dataset/raw/nd1S06793/Right/944203.tiff,nd1S06793,R,True
1128861,1,1.363489,422722,/Users/odon/Desktop/intro_to_iris_recognition/Week 1/NDCVRL_002 Dataset/raw/nd1S05880/Left/1128861.tiff,nd1S05880,L,True
422722,1,1.363489,1128861,/Users/odon/Desktop/intro_to_iris_recognition/Week 1/NDCVRL_002 Dataset/raw/nd1S05889/Left/422722.tiff,nd1S05889,L,True
1129981,1,1.363528,798909,/Users/odon/Desktop/intro_to_iris_recognition/Week 1/NDCVRL_002 Dataset/raw/nd1S05953/Right/1129981.tiff,nd1S05953,R,True
798909,1,1.363528,1129981,/Users/odon/Desktop/intro_to_iris_recognition/Week 1/NDCVRL_002 Dataset/raw/nd1S06345/Left/798909.tiff,nd1S06345,L,True
276740,1,1.363588,660387,/Users/odon/Desktop/intro_to_iris_recognition/Week 1/NDCVRL_002 Dataset/raw/nd1S05708/Left/276740.tiff,nd1S05708,L,True
660387,1,1.363588,276740,/Users/odon/Desktop/intro_to_iris_recognition/Week 1/NDCVRL_002 Dataset/raw/nd1S05280/Right/660387.tiff,nd1S05280,R,True
237634,2,1.363750,1128650;1015531,/Users/odon/Desktop/intro_to_iris_recognition/Week 1/NDCVRL_002 Dataset/raw/nd1S05289/Right/237634.tiff,nd1S05289,R,True
1128650,1,1.363750,237634,/Users/odon/Desktop/intro_to_iris_recognition/Week 1/NDCVRL_002 Dataset/raw/nd1S05857/Right/1128650.tiff,nd1S05857,R,True
1033294,1,1.363896,541074,/Users/odon/Desktop/intro_to_iris_recognition/Week 1/NDCVRL_002 Dataset/raw/nd1S06300/Left/1033294.tiff,nd1S06300,L,True
541074,1,1.363896,1033294,/Users/odon/Desktop/intro_to_iris_recognition/Week 1/NDCVRL_002 Dataset/raw/nd1S05321/Left/541074.tiff,nd1S05321,L,True
438171,1,1.363979,605105,/Users/odon/Desktop/intro_to_iris_recognition/Week 1/NDCVRL_002 Dataset/raw/nd1S05597/Left/438171.tiff,nd1S05597,L,True
605105,1,1.363979,438171,/Users/odon/Desktop/intro_to_iris_recognition/Week 1/NDCVRL_002 Dataset/raw/nd1S06110/Right/605105.tiff,nd1S06110,R,True
856632,3,1.364032,660817;830801;1081629,/Users/odon/Desktop/intro_to_iris_recognition/Week 1/NDCVRL_002 Dataset/raw/nd1S05321/Right/856632.tiff,nd1S05321,R,True
660817,1,1.364032,856632,/Users/odon/Desktop/intro_to_iris_recognition/Week 1/NDCVRL_002 Dataset/raw/nd1S05285/Left/660817.tiff,nd1S05285,L,True
760639,3,1.364344,860159;818256;391578,/Users/odon/Desktop/intro_to_iris_recognition/Week 1/NDCVRL_002 Dataset/raw/nd1S05963/Left/760639.tiff,nd1S05963,L,True
860159,3,1.364344,760639;895494;1135287,/Users/odon/Desktop/intro_to_iris_recognition/Week 1/NDCVRL_002 Dataset/raw/nd1S05675/Left/860159.tiff,nd1S05675,L,True
511817,3,1.364381,1083305;729738;668551,/Users/odon/Desktop/intro_to_iris_recognition/Week 1/NDCVRL_002 Dataset/raw/nd1S05974/Right/511817.tiff,nd1S05974,R,True
1083305,1,1.364381,511817,/Users/odon/Desktop/intro_to_iris_recognition/Week 1/NDCVRL_002 Dataset/raw/nd1S06745/Right/1083305.tiff,nd1S06745,R,True
437245,1,1.364390,659404,/Users/odon/Desktop/intro_to_iris_recognition/Week 1/NDCVRL_002 Dataset/raw/nd1S05459/Left/437245.tiff,nd1S05459,L,True
442128,2,1.364453,267541;165322,/Users/odon/Desktop/intro_to_iris_recognition/Week 1/NDCVRL_002 Dataset/raw/nd1S05478/Left/442128.tiff,nd1S05478,L,True
760308,1,1.364498,961980,/Users/odon/Desktop/intro_to_iris_recognition/Week 1/NDCVRL_002 Dataset/raw/nd1S05541/Left/760308.tiff,nd1S05541,L,True
961980,1,1.364498,760308,/Users/odon/Desktop/intro_to_iris_recognition/Week 1/NDCVRL_002 Dataset/raw/nd1S06131/Left/961980.tiff,nd1S06131,L,True
702197,1,1.364574,710753,/Users/odon/Desktop/intro_to_iris_recognition/Week 1/NDCVRL_002 Dataset/raw/nd1S05555/Right/702197.tiff,nd1S05555,R,True
710753,1,1.364574,702197,/Users/odon/Desktop/intro_to_iris_recognition/Week 1/NDCVRL_002 Dataset/raw/nd1S05881/Right/710753.tiff,nd1S05881,R,True
167630,4,1.365111,611435;934853;583410;303676,/Users/odon/Desktop/intro_to_iris_recognition/Week 1/NDCVRL_002 Dataset/raw/nd1S04851/Left/167630.tiff,nd1S04851,L,True
611435,3,1.365111,167630;241316;441495,/Users/odon/Desktop/intro_to_iris_recognition/Week 1/NDCVRL_002 Dataset/raw/nd1S05308/Left/611435.tiff,nd1S05308,L,True
829726,2,1.365115,1153471;231003,/Users/odon/Desktop/intro_to_iris_recognition/Week 1/NDCVRL_002 Dataset/raw/nd1S05713/Right/829726.tiff,nd1S05713,R,True
1153471,1,1.365115,829726,/Users/odon/Desktop/intro_to_iris_recognition/Week 1/NDCVRL_002 Dataset/raw/nd1S06017/Left/1153471.tiff,nd1S06017,L,True
660979,2,1.365197,663351;659376,/Users/odon/Desktop/intro_to_iris_recognition/Week 1/NDCVRL_002 Dataset/raw/nd1S05049/Left/660979.tiff,nd1S05049,L,True
663351,1,1.365197,660979,/Users/odon/Desktop/intro_to_iris_recognition/Week 1/NDCVRL_002 Dataset/raw/nd1S05244/Left/663351.tiff,nd1S05244,L,True
1057056,1,1.365204,896420,/Users/odon/Desktop/intro_to_iris_recognition/Week 1/NDCVRL_002 Dataset/raw/nd1S06793/Right/1057056.tiff,nd1S06793,R,True
515266,2,1.365321,1059492;904588,/Users/odon/Desktop/intro_to_iris_recognition/Week 1/NDCVRL_002 Dataset/raw/nd1S05870/Left/515266.tiff,nd1S05870,L,True
1059492,1,1.365321,515266,/Users/odon/Desktop/intro_to_iris_recognition/Week 1/NDCVRL_002 Dataset/raw/nd1S04394/Left/1059492.tiff,nd1S04394,L,True
668649,2,1.365608,601782;269635,/Users/odon/Desktop/intro_to_iris_recognition/Week 1/NDCVRL_002 Dataset/raw/nd1S04970/Right/668649.tiff,nd1S04970,R,True
601782,1,1.365608,668649,/Users/odon/Desktop/intro_to_iris_recognition/Week 1/NDCVRL_002 Dataset/raw/nd1S05810/Left/601782.tiff,nd1S05810,L,True
160439,5,1.365865,236172;526644;256316;255418;256315,/Users/odon/Desktop/intro_to_iris_recognition/Week 1/NDCVRL_002 Dataset/raw/nd1S04851/Left/160439.tiff,nd1S04851,L,True
236172,1,1.365865,160439,/Users/odon/Desktop/intro_to_iris_recognition/Week 1/NDCVRL_002 Dataset/raw/nd1S05379/Right/236172.tiff,nd1S05379,R,True
1020225,3,1.365947,582713;902479;858168,/Users/odon/Desktop/intro_to_iris_recognition/Week 1/NDCVRL_002 Dataset/raw/nd1S05889/Left/1020225.tiff,nd1S05889,L,True
582713,2,1.365947,1020225;165442,/Users/odon/Desktop/intro_to_iris_recognition/Week 1/NDCVRL_002 Dataset/raw/nd1S05541/Left/582713.tiff,nd1S05541,L,True
938345,1,1.366231,1013024,/Users/odon/Desktop/intro_to_iris_recognition/Week 1/NDCVRL_002 Dataset/raw/nd1S05957/Right/938345.tiff,nd1S05957,R,True
725122,1,1.366328,704800,/Users/odon/Desktop/intro_to_iris_recognition/Week 1/NDCVRL_002 Dataset/raw/nd1S05455/Left/725122.tiff,nd1S05455,L,True
588607,1,1.366531,659502,/Users/odon/Desktop/intro_to_iris_recognition/Week 1/NDCVRL_002 Dataset/raw/nd1S04649/Left/588607.tiff,nd1S04649,L,True
659502,1,1.366531,588607,/Users/odon/Desktop/intro_to_iris_recognition/Week 1/NDCVRL_002 Dataset/raw/nd1S05272/Left/659502.tiff,nd1S05272,L,True
253710,2,1.367113,192818;438090,/Users/odon/Desktop/intro_to_iris_recognition/Week 1/NDCVRL_002 Dataset/raw/nd1S05456/Left/253710.tiff,nd1S05456,L,True
192818,1,1.367113,253710,/Users/odon/Desktop/intro_to_iris_recognition/Week 1/NDCVRL_002 Dataset/raw/nd1S04394/Right/192818.tiff,nd1S04394,R,True
1128640,1,1.367315,1129192,/Users/odon/Desktop/intro_to_iris_recognition/Week 1/NDCVRL_002 Dataset/raw/nd1S05857/Left/1128640.tiff,nd1S05857,L,True
1129192,1,1.367315,1128640,/Users/odon/Desktop/intro_to_iris_recognition/Week 1/NDCVRL_002 Dataset/raw/nd1S05742/Left/1129192.tiff,nd1S05742,L,True
519413,1,1.367398,528002,/Users/odon/Desktop/intro_to_iris_recognition/Week 1/NDCVRL_002 Dataset/raw/nd1S05956/Right/519413.tiff,nd1S05956,R,True
528002,1,1.367398,519413,/Users/odon/Desktop/intro_to_iris_recognition/Week 1/NDCVRL_002 Dataset/raw/nd1S05842/Left/528002.tiff,nd1S05842,L,True
1018284,1,1.367400,1034350,/Users/odon/Desktop/intro_to_iris_recognition/Week 1/NDCVRL_002 Dataset/raw/nd1S06868/Left/1018284.tiff,nd1S06868,L,True
723192,1,1.367540,905909,/Users/odon/Desktop/intro_to_iris_recognition/Week 1/NDCVRL_002 Dataset/raw/nd1S06139/Left/723192.tiff,nd1S06139,L,True
905909,1,1.367540,723192,/Users/odon/Desktop/intro_to_iris_recognition/Week 1/NDCVRL_002 Dataset/raw/nd1S05675/Left/905909.tiff,nd1S05675,L,True
517948,1,1.367889,822921,/Users/odon/Desktop/intro_to_iris_recognition/Week 1/NDCVRL_002 Dataset/raw/nd1S05845/Left/517948.tiff,nd1S05845,L,True
822921,1,1.367889,517948,/Users/odon/Desktop/intro_to_iris_recognition/Week 1/NDCVRL_002 Dataset/raw/nd1S05889/Left/822921.tiff,nd1S05889,L,True
387601,2,1.368030,410846;590178,/Users/odon/Desktop/intro_to_iris_recognition/Week 1/NDCVRL_002 Dataset/raw/nd1S05044/Right/387601.tiff,nd1S05044,R,True
410846,1,1.368030,387601,/Users/odon/Desktop/intro_to_iris_recognition/Week 1/NDCVRL_002 Dataset/raw/nd1S05244/Left/410846.tiff,nd1S05244,L,True
696918,2,1.368121,900135;828763,/Users/odon/Desktop/intro_to_iris_recognition/Week 1/NDCVRL_002 Dataset/raw/nd1S06413/Right/696918.tiff,nd1S06413,R,True
900135,1,1.368121,696918,/Users/odon/Desktop/intro_to_iris_recognition/Week 1/NDCVRL_002 Dataset/raw/nd1S05379/Left/900135.tiff,nd1S05379,L,True
515556,1,1.368228,591763,/Users/odon/Desktop/intro_to_iris_recognition/Week 1/NDCVRL_002 Dataset/raw/nd1S05459/Left/515556.tiff,nd1S05459,L,True
591763,1,1.368228,515556,/Users/odon/Desktop/intro_to_iris_recognition/Week 1/NDCVRL_002 Dataset/raw/nd1S05999/Left/591763.tiff,nd1S05999,L,True
1042031,3,1.368436,1126987;1065398;1013666,/Users/odon/Desktop/intro_to_iris_recognition/Week 1/NDCVRL_002 Dataset/raw/nd1S06350/Left/1042031.tiff,nd1S06350,L,True
1126987,1,1.368436,1042031,/Users/odon/Desktop/intro_to_iris_recognition/Week 1/NDCVRL_002 Dataset/raw/nd1S05963/Right/1126987.tiff,nd1S05963,R,True
1041279,1,1.368684,723360,/Users/odon/Desktop/intro_to_iris_recognition/Week 1/NDCVRL_002 Dataset/raw/nd1S05889/Left/1041279.tiff,nd1S05889,L,True
994507,3,1.368712,1129971;762190;590182,/Users/odon/Desktop/intro_to_iris_recognition/Week 1/NDCVRL_002 Dataset/raw/nd1S06775/Right/994507.tiff,nd1S06775,R,True
1129971,1,1.368712,994507,/Users/odon/Desktop/intro_to_iris_recognition/Week 1/NDCVRL_002 Dataset/raw/nd1S05953/Right/1129971.tiff,nd1S05953,R,True
287616,1,1.368804,767020,/Users/odon/Desktop/intro_to_iris_recognition/Week 1/NDCVRL_002 Dataset/raw/nd1S05555/Left/287616.tiff,nd1S05555,L,True
767020,1,1.368804,287616,/Users/odon/Desktop/intro_to_iris_recognition/Week 1/NDCVRL_002 Dataset/raw/nd1S05842/Left/767020.tiff,nd1S05842,L,True
514634,1,1.368888,522752,/Users/odon/Desktop/intro_to_iris_recognition/Week 1/NDCVRL_002 Dataset/raw/nd1S05974/Right/514634.tiff,nd1S05974,R,True
522752,1,1.368888,514634,/Users/odon/Desktop/intro_to_iris_recognition/Week 1/NDCVRL_002 Dataset/raw/nd1S05271/Right/522752.tiff,nd1S05271,R,True
1192874,1,1.369396,1192971,/Users/odon/Desktop/intro_to_iris_recognition/Week 1/NDCVRL_002 Dataset/raw/nd1S04261/Left/1192874.tiff,nd1S04261,L,True
1192971,1,1.369396,1192874,/Users/odon/Desktop/intro_to_iris_recognition/Week 1/NDCVRL_002 Dataset/raw/nd1S04261/Right/1192971.tiff,nd1S04261,R,True
587575,1,1.369470,790690,/Users/odon/Desktop/intro_to_iris_recognition/Week 1/NDCVRL_002 Dataset/raw/nd1S06217/Left/587575.tiff,nd1S06217,L,True
790690,1,1.369470,587575,/Users/odon/Desktop/intro_to_iris_recognition/Week 1/NDCVRL_002 Dataset/raw/nd1S06345/Left/790690.tiff,nd1S06345,L,True
1019528,1,1.369498,185648,/Users/odon/Desktop/intro_to_iris_recognition/Week 1/NDCVRL_002 Dataset/raw/nd1S05956/Right/1019528.tiff,nd1S05956,R,True
185648,1,1.369498,1019528,/Users/odon/Desktop/intro_to_iris_recognition/Week 1/NDCVRL_002 Dataset/raw/nd1S04684/Left/185648.tiff,nd1S04684,L,True
659479,2,1.369525,1169180;655645,/Users/odon/Desktop/intro_to_iris_recognition/Week 1/NDCVRL_002 Dataset/raw/nd1S05271/Left/659479.tiff,nd1S05271,L,True
1034383,2,1.369840,233715;938277,/Users/odon/Desktop/intro_to_iris_recognition/Week 1/NDCVRL_002 Dataset/raw/nd1S06868/Left/1034383.tiff,nd1S06868,L,True
233715,1,1.369840,1034383,/Users/odon/Desktop/intro_to_iris_recognition/Week 1/NDCVRL_002 Dataset/raw/nd1S05033/Right/233715.tiff,nd1S05033,R,True
873460,1,1.369891,1130429,/Users/odon/Desktop/intro_to_iris_recognition/Week 1/NDCVRL_002 Dataset/raw/nd1S06044/Left/873460.tiff,nd1S06044,L,True
1019246,1,1.369977,725671,/Users/odon/Desktop/intro_to_iris_recognition/Week 1/NDCVRL_002 Dataset/raw/nd1S06107/Right/1019246.tiff,nd1S06107,R,True
660671,2,1.369984,406436;934637,/Users/odon/Desktop/intro_to_iris_recognition/Week 1/NDCVRL_002 Dataset/raw/nd1S05283/Left/660671.tiff,nd1S05283,L,True
406436,1,1.369984,660671,/Users/odon/Desktop/intro_to_iris_recognition/Week 1/NDCVRL_002 Dataset/raw/nd1S05044/Left/406436.tiff,nd1S05044,L,True
818256,3,1.370032,868861;760639;591823,/Users/odon/Desktop/intro_to_iris_recognition/Week 1/NDCVRL_002 Dataset/raw/nd1S05619/Left/818256.tiff,nd1S05619,L,True
868861,2,1.370032,818256;1128828,/Users/odon/Desktop/intro_to_iris_recognition/Week 1/NDCVRL_002 Dataset/raw/nd1S06044/Left/868861.tiff,nd1S06044,L,True
202511,2,1.370075,660810;666346,/Users/odon/Desktop/intro_to_iris_recognition/Week 1/NDCVRL_002 Dataset/raw/nd1S02463/Left/202511.tiff,nd1S02463,L,True
660810,2,1.370075,202511;262947,/Users/odon/Desktop/intro_to_iris_recognition/Week 1/NDCVRL_002 Dataset/raw/nd1S05285/Right/660810.tiff,nd1S05285,R,True
406446,1,1.370149,831170,/Users/odon/Desktop/intro_to_iris_recognition/Week 1/NDCVRL_002 Dataset/raw/nd1S05044/Right/406446.tiff,nd1S05044,R,True
820265,2,1.370219,1156901;1110980,/Users/odon/Desktop/intro_to_iris_recognition/Week 1/NDCVRL_002 Dataset/raw/nd1S05661/Left/820265.tiff,nd1S05661,L,True
1156901,1,1.370219,820265,/Users/odon/Desktop/intro_to_iris_recognition/Week 1/NDCVRL_002 Dataset/raw/nd1S06017/Right/1156901.tiff,nd1S06017,R,True
201606,1,1.370220,602708,/Users/odon/Desktop/intro_to_iris_recognition/Week 1/NDCVRL_002 Dataset/raw/nd1S04667/Left/201606.tiff,nd1S04667,L,True
602708,1,1.370220,201606,/Users/odon/Desktop/intro_to_iris_recognition/Week 1/NDCVRL_002 Dataset/raw/nd1S05970/Left/602708.tiff,nd1S05970,L,True
723918,1,1.370224,820284,/Users/odon/Desktop/intro_to_iris_recognition/Week 1/NDCVRL_002 Dataset/raw/nd1S05766/Left/723918.tiff,nd1S05766,L,True
820284,1,1.370224,723918,/Users/odon/Desktop/intro_to_iris_recognition/Week 1/NDCVRL_002 Dataset/raw/nd1S06345/Left/820284.tiff,nd1S06345,L,True
283639,1,1.370427,1135289,/Users/odon/Desktop/intro_to_iris_recognition/Week 1/NDCVRL_002 Dataset/raw/nd1S05317/Right/283639.tiff,nd1S05317,R,True
667162,1,1.370507,1035705,/Users/odon/Desktop/intro_to_iris_recognition/Week 1/NDCVRL_002 Dataset/raw/nd1S05271/Left/667162.tiff,nd1S05271,L,True
862716,2,1.370582,1111272;603487,/Users/odon/Desktop/intro_to_iris_recognition/Week 1/NDCVRL_002 Dataset/raw/nd1S06352/Right/862716.tiff,nd1S06352,R,True
1111272,1,1.370582,862716,/Users/odon/Desktop/intro_to_iris_recognition/Week 1/NDCVRL_002 Dataset/raw/nd1S05853/Left/1111272.tiff,nd1S05853,L,True
1192244,2,1.370659,660764;659683,/Users/odon/Desktop/intro_to_iris_recognition/Week 1/NDCVRL_002 Dataset/raw/nd1S07015/Left/1192244.tiff,nd1S07015,L,True
660764,2,1.370659,1192244;872000,/Users/odon/Desktop/intro_to_iris_recognition/Week 1/NDCVRL_002 Dataset/raw/nd1S05284/Left/660764.tiff,nd1S05284,L,True
791650,3,1.370689,1014368;397880;406408,/Users/odon/Desktop/intro_to_iris_recognition/Week 1/NDCVRL_002 Dataset/raw/nd1S06300/Left/791650.tiff,nd1S06300,L,True
762190,1,1.370723,994507,/Users/odon/Desktop/intro_to_iris_recognition/Week 1/NDCVRL_002 Dataset/raw/nd1S05857/Right/762190.tiff,nd1S05857,R,True
541002,3,1.370766,521341;1131745;1103556,/Users/odon/Desktop/intro_to_iris_recognition/Week 1/NDCVRL_002 Dataset/raw/nd1S06126/Right/541002.tiff,nd1S06126,R,True
521341,1,1.370766,541002,/Users/odon/Desktop/intro_to_iris_recognition/Week 1/NDCVRL_002 Dataset/raw/nd1S05708/Left/521341.tiff,nd1S05708,L,True
660967,1,1.370851,972226,/Users/odon/Desktop/intro_to_iris_recognition/Week 1/NDCVRL_002 Dataset/raw/nd1S05049/Left/660967.tiff,nd1S05049,L,True
972226,1,1.370851,660967,/Users/odon/Desktop/intro_to_iris_recognition/Week 1/NDCVRL_002 Dataset/raw/nd1S05246/Right/972226.tiff,nd1S05246,R,True
666346,2,1.370852,1165947;202511,/Users/odon/Desktop/intro_to_iris_recognition/Week 1/NDCVRL_002 Dataset/raw/nd1S04970/Right/666346.tiff,nd1S04970,R,True
1165947,1,1.370852,666346,/Users/odon/Desktop/intro_to_iris_recognition/Week 1/NDCVRL_002 Dataset/raw/nd1S05619/Right/1165947.tiff,nd1S05619,R,True
970329,1,1.370981,611526,/Users/odon/Desktop/intro_to_iris_recognition/Week 1/NDCVRL_002 Dataset/raw/nd1S05246/Right/970329.tiff,nd1S05246,R,True
1128866,1,1.371016,410508,/Users/odon/Desktop/intro_to_iris_recognition/Week 1/NDCVRL_002 Dataset/raw/nd1S05880/Right/1128866.tiff,nd1S05880,R,True
410508,1,1.371016,1128866,/Users/odon/Desktop/intro_to_iris_recognition/Week 1/NDCVRL_002 Dataset/raw/nd1S05317/Left/410508.tiff,nd1S05317,L,True
407191,1,1.371265,660276,/Users/odon/Desktop/intro_to_iris_recognition/Week 1/NDCVRL_002 Dataset/raw/nd1S05508/Left/407191.tiff,nd1S05508,L,True
660276,1,1.371265,407191,/Users/odon/Desktop/intro_to_iris_recognition/Week 1/NDCVRL_002 Dataset/raw/nd1S04786/Left/660276.tiff,nd1S04786,L,True
345083,1,1.371331,659489,/Users/odon/Desktop/intro_to_iris_recognition/Week 1/NDCVRL_002 Dataset/raw/nd1S05619/Left/345083.tiff,nd1S05619,L,True
659489,1,1.371331,345083,/Users/odon/Desktop/intro_to_iris_recognition/Week 1/NDCVRL_002 Dataset/raw/nd1S05271/Left/659489.tiff,nd1S05271,L,True
241063,2,1.371392,707831;701360,/Users/odon/Desktop/intro_to_iris_recognition/Week 1/NDCVRL_002 Dataset/raw/nd1S05321/Left/241063.tiff,nd1S05321,L,True
237696,2,1.371400,397282;944375,/Users/odon/Desktop/intro_to_iris_recognition/Week 1/NDCVRL_002 Dataset/raw/nd1S05379/Right/237696.tiff,nd1S05379,R,True
397282,1,1.371400,237696,/Users/odon/Desktop/intro_to_iris_recognition/Week 1/NDCVRL_002 Dataset/raw/nd1S05270/Right/397282.tiff,nd1S05270,R,True
668992,3,1.371442,726899;615305;397293,/Users/odon/Desktop/intro_to_iris_recognition/Week 1/NDCVRL_002 Dataset/raw/nd1S05213/Left/668992.tiff,nd1S05213,L,True
726899,2,1.371442,668992;286091,/Users/odon/Desktop/intro_to_iris_recognition/Week 1/NDCVRL_002 Dataset/raw/nd1S05379/Right/726899.tiff,nd1S05379,R,True
1113182,1,1.371754,683039,/Users/odon/Desktop/intro_to_iris_recognition/Week 1/NDCVRL_002 Dataset/raw/nd1S05889/Left/1113182.tiff,nd1S05889,L,True
683039,1,1.371754,1113182,/Users/odon/Desktop/intro_to_iris_recognition/Week 1/NDCVRL_002 Dataset/raw/nd1S04649/Left/683039.tiff,nd1S04649,L,True
541083,1,1.371817,669464,/Users/odon/Desktop/intro_to_iris_recognition/Week 1/NDCVRL_002 Dataset/raw/nd1S05321/Right/541083.tiff,nd1S05321,R,True
669464,1,1.371817,541083,/Users/odon/Desktop/intro_to_iris_recognition/Week 1/NDCVRL_002 Dataset/raw/nd1S05044/Right/669464.tiff,nd1S05044,R,True
438090,1,1.372243,253710,/Users/odon/Desktop/intro_to_iris_recognition/Week 1/NDCVRL_002 Dataset/raw/nd1S05315/Left/438090.tiff,nd1S05315,L,True
527718,1,1.372289,947563,/Users/odon/Desktop/intro_to_iris_recognition/Week 1/NDCVRL_002 Dataset/raw/nd1S05999/Right/527718.tiff,nd1S05999,R,True
947563,1,1.372289,527718,/Users/odon/Desktop/intro_to_iris_recognition/Week 1/NDCVRL_002 Dataset/raw/nd1S05624/Right/947563.tiff,nd1S05624,R,True
277030,2,1.372321,907293;707341,/Users/odon/Desktop/intro_to_iris_recognition/Week 1/NDCVRL_002 Dataset/raw/nd1S05321/Left/277030.tiff,nd1S05321,L,True
907293,2,1.372321,277030;665578,/Users/odon/Desktop/intro_to_iris_recognition/Week 1/NDCVRL_002 Dataset/raw/nd1S06118/Right/907293.tiff,nd1S06118,R,True
825590,1,1.372597,903749,/Users/odon/Desktop/intro_to_iris_recognition/Week 1/NDCVRL_002 Dataset/raw/nd1S06516/Right/825590.tiff,nd1S06516,R,True
903749,1,1.372597,825590,/Users/odon/Desktop/intro_to_iris_recognition/Week 1/NDCVRL_002 Dataset/raw/nd1S05974/Left/903749.tiff,nd1S05974,L,True
256703,1,1.372646,662431,/Users/odon/Desktop/intro_to_iris_recognition/Week 1/NDCVRL_002 Dataset/raw/nd1S05508/Left/256703.tiff,nd1S05508,L,True
659277,2,1.372734,660351;1105770,/Users/odon/Desktop/intro_to_iris_recognition/Week 1/NDCVRL_002 Dataset/raw/nd1S05096/Right/659277.tiff,nd1S05096,R,True
660351,1,1.372734,659277,/Users/odon/Desktop/intro_to_iris_recognition/Week 1/NDCVRL_002 Dataset/raw/nd1S05278/Right/660351.tiff,nd1S05278,R,True
759727,2,1.373034,1155289;722809,/Users/odon/Desktop/intro_to_iris_recognition/Week 1/NDCVRL_002 Dataset/raw/nd1S05661/Left/759727.tiff,nd1S05661,L,True
1135296,1,1.373284,789391,/Users/odon/Desktop/intro_to_iris_recognition/Week 1/NDCVRL_002 Dataset/raw/nd1S05889/Left/1135296.tiff,nd1S05889,L,True
789391,1,1.373284,1135296,/Users/odon/Desktop/intro_to_iris_recognition/Week 1/NDCVRL_002 Dataset/raw/nd1S05321/Left/789391.tiff,nd1S05321,L,True
241316,1,1.373526,611435,/Users/odon/Desktop/intro_to_iris_recognition/Week 1/NDCVRL_002 Dataset/raw/nd1S04649/Left/241316.tiff,nd1S04649,L,True
527769,3,1.373542,1113263;654809;1060175,/Users/odon/Desktop/intro_to_iris_recognition/Week 1/NDCVRL_002 Dataset/raw/nd1S05808/Right/527769.tiff,nd1S05808,R,True
1113263,2,1.373542,527769;676916,/Users/odon/Desktop/intro_to_iris_recognition/Week 1/NDCVRL_002 Dataset/raw/nd1S05853/Right/1113263.tiff,nd1S05853,R,True
303551,2,1.373692,271044;831095,/Users/odon/Desktop/intro_to_iris_recognition/Week 1/NDCVRL_002 Dataset/raw/nd1S05044/Right/303551.tiff,nd1S05044,R,True
271044,1,1.373692,303551,/Users/odon/Desktop/intro_to_iris_recognition/Week 1/NDCVRL_002 Dataset/raw/nd1S05600/Left/271044.tiff,nd1S05600,L,True
763264,2,1.373772,390562;1033850,/Users/odon/Desktop/intro_to_iris_recognition/Week 1/NDCVRL_002 Dataset/raw/nd1S05868/Left/763264.tiff,nd1S05868,L,True
390562,1,1.373772,763264,/Users/odon/Desktop/intro_to_iris_recognition/Week 1/NDCVRL_002 Dataset/raw/nd1S05455/Left/390562.tiff,nd1S05455,L,True
696920,1,1.374067,830740,/Users/odon/Desktop/intro_to_iris_recognition/Week 1/NDCVRL_002 Dataset/raw/nd1S06413/Right/696920.tiff,nd1S06413,R,True
830740,1,1.374067,696920,/Users/odon/Desktop/intro_to_iris_recognition/Week 1/NDCVRL_002 Dataset/raw/nd1S06352/Right/830740.tiff,nd1S06352,R,True
696626,2,1.374255,1160014;860413,/Users/odon/Desktop/intro_to_iris_recognition/Week 1/NDCVRL_002 Dataset/raw/nd1S05889/Left/696626.tiff,nd1S05889,L,True
1160014,1,1.374255,696626,/Users/odon/Desktop/intro_to_iris_recognition/Week 1/NDCVRL_002 Dataset/raw/nd1S06017/Left/1160014.tiff,nd1S06017,L,True
410507,1,1.374258,757846,/Users/odon/Desktop/intro_to_iris_recognition/Week 1/NDCVRL_002 Dataset/raw/nd1S05317/Left/410507.tiff,nd1S05317,L,True
757846,1,1.374258,410507,/Users/odon/Desktop/intro_to_iris_recognition/Week 1/NDCVRL_002 Dataset/raw/nd1S06469/Right/757846.tiff,nd1S06469,R,True
1131128,1,1.374363,546487,/Users/odon/Desktop/intro_to_iris_recognition/Week 1/NDCVRL_002 Dataset/raw/nd1S06500/Left/1131128.tiff,nd1S06500,L,True
546487,1,1.374363,1131128,/Users/odon/Desktop/intro_to_iris_recognition/Week 1/NDCVRL_002 Dataset/raw/nd1S06078/Right/546487.tiff,nd1S06078,R,True
185644,1,1.374578,256679,/Users/odon/Desktop/intro_to_iris_recognition/Week 1/NDCVRL_002 Dataset/raw/nd1S04684/Left/185644.tiff,nd1S04684,L,True
256679,1,1.374578,185644,/Users/odon/Desktop/intro_to_iris_recognition/Week 1/NDCVRL_002 Dataset/raw/nd1S05478/Left/256679.tiff,nd1S05478,L,True
580049,2,1.374666,529532;967092,/Users/odon/Desktop/intro_to_iris_recognition/Week 1/NDCVRL_002 Dataset/raw/nd1S06107/Right/580049.tiff,nd1S06107,R,True
529532,1,1.374666,580049,/Users/odon/Desktop/intro_to_iris_recognition/Week 1/NDCVRL_002 Dataset/raw/nd1S05244/Right/529532.tiff,nd1S05244,R,True
584315,1,1.374825,586534,/Users/odon/Desktop/intro_to_iris_recognition/Week 1/NDCVRL_002 Dataset/raw/nd1S06091/Left/584315.tiff,nd1S06091,L,True
586534,1,1.374825,584315,/Users/odon/Desktop/intro_to_iris_recognition/Week 1/NDCVRL_002 Dataset/raw/nd1S05375/Right/586534.tiff,nd1S05375,R,True
207349,2,1.374923,662843;668611,/Users/odon/Desktop/intro_to_iris_recognition/Week 1/NDCVRL_002 Dataset/raw/nd1S04684/Left/207349.tiff,nd1S04684,L,True
662843,2,1.374923,207349;614028,/Users/odon/Desktop/intro_to_iris_recognition/Week 1/NDCVRL_002 Dataset/raw/nd1S04714/Right/662843.tiff,nd1S04714,R,True
1155318,1,1.374930,724877,/Users/odon/Desktop/intro_to_iris_recognition/Week 1/NDCVRL_002 Dataset/raw/nd1S07015/Right/1155318.tiff,nd1S07015,R,True
724877,1,1.374930,1155318,/Users/odon/Desktop/intro_to_iris_recognition/Week 1/NDCVRL_002 Dataset/raw/nd1S05695/Right/724877.tiff,nd1S05695,R,True
229505,1,1.374964,722377,/Users/odon/Desktop/intro_to_iris_recognition/Week 1/NDCVRL_002 Dataset/raw/nd1S05289/Right/229505.tiff,nd1S05289,R,True
722377,1,1.374964,229505,/Users/odon/Desktop/intro_to_iris_recognition/Week 1/NDCVRL_002 Dataset/raw/nd1S05857/Right/722377.tiff,nd1S05857,R,True
537287,1,1.375009,764869,/Users/odon/Desktop/intro_to_iris_recognition/Week 1/NDCVRL_002 Dataset/raw/nd1S05321/Right/537287.tiff,nd1S05321,R,True
1089039,1,1.375023,969415,/Users/odon/Desktop/intro_to_iris_recognition/Week 1/NDCVRL_002 Dataset/raw/nd1S06131/Left/1089039.tiff,nd1S06131,L,True
969415,1,1.375023,1089039,/Users/odon/Desktop/intro_to_iris_recognition/Week 1/NDCVRL_002 Dataset/raw/nd1S05379/Left/969415.tiff,nd1S05379,L,True
831076,2,1.375114,1035342;1104788,/Users/odon/Desktop/intro_to_iris_recognition/Week 1/NDCVRL_002 Dataset/raw/nd1S06500/Left/831076.tiff,nd1S06500,L,True
1035342,1,1.375114,831076,/Users/odon/Desktop/intro_to_iris_recognition/Week 1/NDCVRL_002 Dataset/raw/nd1S05456/Right/1035342.tiff,nd1S05456,R,True
1057020,1,1.375311,1085411,/Users/odon/Desktop/intro_to_iris_recognition/Week 1/NDCVRL_002 Dataset/raw/nd1S04394/Left/1057020.tiff,nd1S04394,L,True
1085411,1,1.375311,1057020,/Users/odon/Desktop/intro_to_iris_recognition/Week 1/NDCVRL_002 Dataset/raw/nd1S06745/Right/1085411.tiff,nd1S06745,R,True
660357,1,1.375470,396779,/Users/odon/Desktop/intro_to_iris_recognition/Week 1/NDCVRL_002 Dataset/raw/nd1S05279/Left/660357.tiff,nd1S05279,L,True
243868,1,1.375475,602717,/Users/odon/Desktop/intro_to_iris_recognition/Week 1/NDCVRL_002 Dataset/raw/nd1S05033/Right/243868.tiff,nd1S05033,R,True
602717,1,1.375475,243868,/Users/odon/Desktop/intro_to_iris_recognition/Week 1/NDCVRL_002 Dataset/raw/nd1S05970/Right/602717.tiff,nd1S05970,R,True
724182,1,1.375664,1012175,/Users/odon/Desktop/intro_to_iris_recognition/Week 1/NDCVRL_002 Dataset/raw/nd1S06391/Left/724182.tiff,nd1S06391,L,True
970918,1,1.375683,1103809,/Users/odon/Desktop/intro_to_iris_recognition/Week 1/NDCVRL_002 Dataset/raw/nd1S05708/Right/970918.tiff,nd1S05708,R,True
663955,1,1.375686,1063361,/Users/odon/Desktop/intro_to_iris_recognition/Week 1/NDCVRL_002 Dataset/raw/nd1S05133/Right/663955.tiff,nd1S05133,R,True
1085406,1,1.375768,539035,/Users/odon/Desktop/intro_to_iris_recognition/Week 1/NDCVRL_002 Dataset/raw/nd1S06745/Left/1085406.tiff,nd1S06745,L,True
539035,1,1.375768,1085406,/Users/odon/Desktop/intro_to_iris_recognition/Week 1/NDCVRL_002 Dataset/raw/nd1S05970/Right/539035.tiff,nd1S05970,R,True
256818,1,1.375894,664246,/Users/odon/Desktop/intro_to_iris_recognition/Week 1/NDCVRL_002 Dataset/raw/nd1S05624/Left/256818.tiff,nd1S05624,L,True
664246,1,1.375894,256818,/Users/odon/Desktop/intro_to_iris_recognition/Week 1/NDCVRL_002 Dataset/raw/nd1S04701/Left/664246.tiff,nd1S04701,L,True
995455,2,1.375944,660794;608036,/Users/odon/Desktop/intro_to_iris_recognition/Week 1/NDCVRL_002 Dataset/raw/nd1S06107/Right/995455.tiff,nd1S06107,R,True
660794,1,1.375944,995455,/Users/odon/Desktop/intro_to_iris_recognition/Week 1/NDCVRL_002 Dataset/raw/nd1S05260/Right/660794.tiff,nd1S05260,R,True
1018701,1,1.375960,1041270,/Users/odon/Desktop/intro_to_iris_recognition/Week 1/NDCVRL_002 Dataset/raw/nd1S05956/Right/1018701.tiff,nd1S05956,R,True
1091172,1,1.376024,763754,/Users/odon/Desktop/intro_to_iris_recognition/Week 1/NDCVRL_002 Dataset/raw/nd1S05880/Right/1091172.tiff,nd1S05880,R,True
763754,1,1.376024,1091172,/Users/odon/Desktop/intro_to_iris_recognition/Week 1/NDCVRL_002 Dataset/raw/nd1S05842/Left/763754.tiff,nd1S05842,L,True
583410,3,1.376117,203082;539803;167630,/Users/odon/Desktop/intro_to_iris_recognition/Week 1/NDCVRL_002 Dataset/raw/nd1S05033/Right/583410.tiff,nd1S05033,R,True
203082,1,1.376117,583410,/Users/odon/Desktop/intro_to_iris_recognition/Week 1/NDCVRL_002 Dataset/raw/nd1S04851/Left/203082.tiff,nd1S04851,L,True
760121,1,1.376200,796830,/Users/odon/Desktop/intro_to_iris_recognition/Week 1/NDCVRL_002 Dataset/raw/nd1S06413/Right/760121.tiff,nd1S06413,R,True
796830,1,1.376200,760121,/Users/odon/Desktop/intro_to_iris_recognition/Week 1/NDCVRL_002 Dataset/raw/nd1S06044/Right/796830.tiff,nd1S06044,R,True
1109575,2,1.376410,1152103;707831,/Users/odon/Desktop/intro_to_iris_recognition/Week 1/NDCVRL_002 Dataset/raw/nd1S05871/Right/1109575.tiff,nd1S05871,R,True
1086967,1,1.376428,668645,/Users/odon/Desktop/intro_to_iris_recognition/Week 1/NDCVRL_002 Dataset/raw/nd1S06505/Left/1086967.tiff,nd1S06505,L,True
608664,1,1.376477,443623,/Users/odon/Desktop/intro_to_iris_recognition/Week 1/NDCVRL_002 Dataset/raw/nd1S05367/Left/608664.tiff,nd1S05367,L,True
263842,1,1.376727,660370,/Users/odon/Desktop/intro_to_iris_recognition/Week 1/NDCVRL_002 Dataset/raw/nd1S05675/Left/263842.tiff,nd1S05675,L,True
660370,1,1.376727,263842,/Users/odon/Desktop/intro_to_iris_recognition/Week 1/NDCVRL_002 Dataset/raw/nd1S05279/Left/660370.tiff,nd1S05279,L,True
391565,3,1.376731,166874;256316;529066,/Users/odon/Desktop/intro_to_iris_recognition/Week 1/NDCVRL_002 Dataset/raw/nd1S05271/Left/391565.tiff,nd1S05271,L,True
166874,1,1.376731,391565,/Users/odon/Desktop/intro_to_iris_recognition/Week 1/NDCVRL_002 Dataset/raw/nd1S04851/Left/166874.tiff,nd1S04851,L,True
970762,3,1.376752,903070;521068;1110959,/Users/odon/Desktop/intro_to_iris_recognition/Week 1/NDCVRL_002 Dataset/raw/nd1S06543/Right/970762.tiff,nd1S06543,R,True
903070,2,1.376752,970762;856887,/Users/odon/Desktop/intro_to_iris_recognition/Week 1/NDCVRL_002 Dataset/raw/nd1S05742/Right/903070.tiff,nd1S05742,R,True
934853,1,1.376832,167630,/Users/odon/Desktop/intro_to_iris_recognition/Week 1/NDCVRL_002 Dataset/raw/nd1S05271/Left/934853.tiff,nd1S05271,L,True
709743,1,1.376948,759052,/Users/odon/Desktop/intro_to_iris_recognition/Week 1/NDCVRL_002 Dataset/raw/nd1S06352/Left/709743.tiff,nd1S06352,L,True
759052,1,1.376948,709743,/Users/odon/Desktop/intro_to_iris_recognition/Week 1/NDCVRL_002 Dataset/raw/nd1S06469/Right/759052.tiff,nd1S06469,R,True
228393,3,1.377006,516629;231635;511261,/Users/odon/Desktop/intro_to_iris_recognition/Week 1/NDCVRL_002 Dataset/raw/nd1S05271/Left/228393.tiff,nd1S05271,L,True
516629,1,1.377006,228393,/Users/odon/Desktop/intro_to_iris_recognition/Week 1/NDCVRL_002 Dataset/raw/nd1S05271/Right/516629.tiff,nd1S05271,R,True
442343,1,1.377233,665866,/Users/odon/Desktop/intro_to_iris_recognition/Week 1/NDCVRL_002 Dataset/raw/nd1S05695/Right/442343.tiff,nd1S05695,R,True
591051,3,1.377331,989827;695729;700907,/Users/odon/Desktop/intro_to_iris_recognition/Week 1/NDCVRL_002 Dataset/raw/nd1S06202/Right/591051.tiff,nd1S06202,R,True
989827,2,1.377331,591051;304208,/Users/odon/Desktop/intro_to_iris_recognition/Week 1/NDCVRL_002 Dataset/raw/nd1S06793/Right/989827.tiff,nd1S06793,R,True
1152282,2,1.377344,661812;817090,/Users/odon/Desktop/intro_to_iris_recognition/Week 1/NDCVRL_002 Dataset/raw/nd1S07015/Right/1152282.tiff,nd1S07015,R,True
661812,1,1.377344,1152282,/Users/odon/Desktop/intro_to_iris_recognition/Week 1/NDCVRL_002 Dataset/raw/nd1S05244/Left/661812.tiff,nd1S05244,L,True
591755,1,1.377354,608041,/Users/odon/Desktop/intro_to_iris_recognition/Week 1/NDCVRL_002 Dataset/raw/nd1S05999/Left/591755.tiff,nd1S05999,L,True
608041,1,1.377354,591755,/Users/odon/Desktop/intro_to_iris_recognition/Week 1/NDCVRL_002 Dataset/raw/nd1S05863/Left/608041.tiff,nd1S05863,L,True
1091834,1,1.377417,588140,/Users/odon/Desktop/intro_to_iris_recognition/Week 1/NDCVRL_002 Dataset/raw/nd1S05954/Left/1091834.tiff,nd1S05954,L,True
588140,1,1.377417,1091834,/Users/odon/Desktop/intro_to_iris_recognition/Week 1/NDCVRL_002 Dataset/raw/nd1S05842/Left/588140.tiff,nd1S05842,L,True
856877,1,1.377632,729738,/Users/odon/Desktop/intro_to_iris_recognition/Week 1/NDCVRL_002 Dataset/raw/nd1S05301/Left/856877.tiff,nd1S05301,L,True
431975,1,1.377680,1013024,/Users/odon/Desktop/intro_to_iris_recognition/Week 1/NDCVRL_002 Dataset/raw/nd1S05957/Right/431975.tiff,nd1S05957,R,True
794424,2,1.377693,911397;790691,/Users/odon/Desktop/intro_to_iris_recognition/Week 1/NDCVRL_002 Dataset/raw/nd1S06217/Left/794424.tiff,nd1S06217,L,True
911397,1,1.377693,794424,/Users/odon/Desktop/intro_to_iris_recognition/Week 1/NDCVRL_002 Dataset/raw/nd1S05541/Right/911397.tiff,nd1S05541,R,True
1130986,2,1.377716,709135;591197,/Users/odon/Desktop/intro_to_iris_recognition/Week 1/NDCVRL_002 Dataset/raw/nd1S05954/Right/1130986.tiff,nd1S05954,R,True
709135,1,1.377716,1130986,/Users/odon/Desktop/intro_to_iris_recognition/Week 1/NDCVRL_002 Dataset/raw/nd1S06139/Left/709135.tiff,nd1S06139,L,True
659701,2,1.377722,728115;725209,/Users/odon/Desktop/intro_to_iris_recognition/Week 1/NDCVRL_002 Dataset/raw/nd1S05275/Right/659701.tiff,nd1S05275,R,True
728115,1,1.377722,659701,/Users/odon/Desktop/intro_to_iris_recognition/Week 1/NDCVRL_002 Dataset/raw/nd1S06406/Right/728115.tiff,nd1S06406,R,True
277897,1,1.377759,725517,/Users/odon/Desktop/intro_to_iris_recognition/Week 1/NDCVRL_002 Dataset/raw/nd1S05501/Right/277897.tiff,nd1S05501,R,True
725517,1,1.377759,277897,/Users/odon/Desktop/intro_to_iris_recognition/Week 1/NDCVRL_002 Dataset/raw/nd1S06079/Right/725517.tiff,nd1S06079,R,True
275131,1,1.377770,661808,/Users/odon/Desktop/intro_to_iris_recognition/Week 1/NDCVRL_002 Dataset/raw/nd1S05714/Left/275131.tiff,nd1S05714,L,True
661808,1,1.377770,275131,/Users/odon/Desktop/intro_to_iris_recognition/Week 1/NDCVRL_002 Dataset/raw/nd1S05249/Right/661808.tiff,nd1S05249,R,True
1036615,1,1.377774,285239,/Users/odon/Desktop/intro_to_iris_recognition/Week 1/NDCVRL_002 Dataset/raw/nd1S06868/Left/1036615.tiff,nd1S06868,L,True
285239,1,1.377774,1036615,/Users/odon/Desktop/intro_to_iris_recognition/Week 1/NDCVRL_002 Dataset/raw/nd1S05511/Left/285239.tiff,nd1S05511,L,True
1089334,2,1.377842,580718;756983,/Users/odon/Desktop/intro_to_iris_recognition/Week 1/NDCVRL_002 Dataset/raw/nd1S05881/Right/1089334.tiff,nd1S05881,R,True
580718,1,1.377842,1089334,/Users/odon/Desktop/intro_to_iris_recognition/Week 1/NDCVRL_002 Dataset/raw/nd1S05375/Right/580718.tiff,nd1S05375,R,True
602718,2,1.377995,941413;518331,/Users/odon/Desktop/intro_to_iris_recognition/Week 1/NDCVRL_002 Dataset/raw/nd1S05970/Right/602718.tiff,nd1S05970,R,True
941413,1,1.377995,602718,/Users/odon/Desktop/intro_to_iris_recognition/Week 1/NDCVRL_002 Dataset/raw/nd1S05957/Right/941413.tiff,nd1S05957,R,True
832204,1,1.378050,661748,/Users/odon/Desktop/intro_to_iris_recognition/Week 1/NDCVRL_002 Dataset/raw/nd1S06505/Right/832204.tiff,nd1S06505,R,True
794764,1,1.378162,664251,/Users/odon/Desktop/intro_to_iris_recognition/Week 1/NDCVRL_002 Dataset/raw/nd1S06391/Left/794764.tiff,nd1S06391,L,True
1131939,1,1.378340,216718,/Users/odon/Desktop/intro_to_iris_recognition/Week 1/NDCVRL_002 Dataset/raw/nd1S06082/Right/1131939.tiff,nd1S06082,R,True
216718,1,1.378340,1131939,/Users/odon/Desktop/intro_to_iris_recognition/Week 1/NDCVRL_002 Dataset/raw/nd1S04667/Left/216718.tiff,nd1S04667,L,True
446569,1,1.378420,614331,/Users/odon/Desktop/intro_to_iris_recognition/Week 1/NDCVRL_002 Dataset/raw/nd1S05868/Left/446569.tiff,nd1S05868,L,True
614331,1,1.378420,446569,/Users/odon/Desktop/intro_to_iris_recognition/Week 1/NDCVRL_002 Dataset/raw/nd1S05999/Left/614331.tiff,nd1S05999,L,True
1065254,1,1.378520,659563,/Users/odon/Desktop/intro_to_iris_recognition/Week 1/NDCVRL_002 Dataset/raw/nd1S06350/Left/1065254.tiff,nd1S06350,L,True
659563,1,1.378520,1065254,/Users/odon/Desktop/intro_to_iris_recognition/Week 1/NDCVRL_002 Dataset/raw/nd1S02463/Left/659563.tiff,nd1S02463,L,True
611434,1,1.378553,666725,/Users/odon/Desktop/intro_to_iris_recognition/Week 1/NDCVRL_002 Dataset/raw/nd1S05308/Left/611434.tiff,nd1S05308,L,True
666725,1,1.378553,611434,/Users/odon/Desktop/intro_to_iris_recognition/Week 1/NDCVRL_002 Dataset/raw/nd1S02463/Left/666725.tiff,nd1S02463,L,True
1132529,1,1.378585,1063361,/Users/odon/Desktop/intro_to_iris_recognition/Week 1/NDCVRL_002 Dataset/raw/nd1S06082/Right/1132529.tiff,nd1S06082,R,True
610835,1,1.378599,988360,/Users/odon/Desktop/intro_to_iris_recognition/Week 1/NDCVRL_002 Dataset/raw/nd1S05974/Right/610835.tiff,nd1S05974,R,True
988360,1,1.378599,610835,/Users/odon/Desktop/intro_to_iris_recognition/Week 1/NDCVRL_002 Dataset/raw/nd1S05742/Right/988360.tiff,nd1S05742,R,True
944600,2,1.378612,410315;706256,/Users/odon/Desktop/intro_to_iris_recognition/Week 1/NDCVRL_002 Dataset/raw/nd1S05246/Right/944600.tiff,nd1S05246,R,True
410315,1,1.378612,944600,/Users/odon/Desktop/intro_to_iris_recognition/Week 1/NDCVRL_002 Dataset/raw/nd1S05597/Left/410315.tiff,nd1S05597,L,True
1111241,2,1.378686,410512;760320,/Users/odon/Desktop/intro_to_iris_recognition/Week 1/NDCVRL_002 Dataset/raw/nd1S05889/Left/1111241.tiff,nd1S05889,L,True
660420,1,1.379180,665981,/Users/odon/Desktop/intro_to_iris_recognition/Week 1/NDCVRL_002 Dataset/raw/nd1S05281/Right/660420.tiff,nd1S05281,R,True
665981,1,1.379180,660420,/Users/odon/Desktop/intro_to_iris_recognition/Week 1/NDCVRL_002 Dataset/raw/nd1S05096/Right/665981.tiff,nd1S05096,R,True
450154,2,1.379207,660383;415409,/Users/odon/Desktop/intro_to_iris_recognition/Week 1/NDCVRL_002 Dataset/raw/nd1S05708/Left/450154.tiff,nd1S05708,L,True
427801,1,1.379380,659547,/Users/odon/Desktop/intro_to_iris_recognition/Week 1/NDCVRL_002 Dataset/raw/nd1S05842/Left/427801.tiff,nd1S05842,L,True
659547,1,1.379380,427801,/Users/odon/Desktop/intro_to_iris_recognition/Week 1/NDCVRL_002 Dataset/raw/nd1S05033/Right/659547.tiff,nd1S05033,R,True
948391,2,1.379400,1081607;1034558,/Users/odon/Desktop/intro_to_iris_recognition/Week 1/NDCVRL_002 Dataset/raw/nd1S06768/Left/948391.tiff,nd1S06768,L,True
1192888,1,1.379567,590444,/Users/odon/Desktop/intro_to_iris_recognition/Week 1/NDCVRL_002 Dataset/raw/nd1S04261/Left/1192888.tiff,nd1S04261,L,True
590444,1,1.379567,1192888,/Users/odon/Desktop/intro_to_iris_recognition/Week 1/NDCVRL_002 Dataset/raw/nd1S05308/Left/590444.tiff,nd1S05308,L,True
436378,2,1.379634,676935;233626,/Users/odon/Desktop/intro_to_iris_recognition/Week 1/NDCVRL_002 Dataset/raw/nd1S05870/Left/436378.tiff,nd1S05870,L,True
676935,1,1.379634,436378,/Users/odon/Desktop/intro_to_iris_recognition/Week 1/NDCVRL_002 Dataset/raw/nd1S05974/Right/676935.tiff,nd1S05974,R,True
667586,2,1.379701,665865;1065299,/Users/odon/Desktop/intro_to_iris_recognition/Week 1/NDCVRL_002 Dataset/raw/nd1S05308/Left/667586.tiff,nd1S05308,L,True
665865,1,1.379701,667586,/Users/odon/Desktop/intro_to_iris_recognition/Week 1/NDCVRL_002 Dataset/raw/nd1S05213/Left/665865.tiff,nd1S05213,L,True
541050,1,1.379707,558564,/Users/odon/Desktop/intro_to_iris_recognition/Week 1/NDCVRL_002 Dataset/raw/nd1S04649/Left/541050.tiff,nd1S04649,L,True
558564,1,1.379707,541050,/Users/odon/Desktop/intro_to_iris_recognition/Week 1/NDCVRL_002 Dataset/raw/nd1S06128/Right/558564.tiff,nd1S06128,R,True
391578,2,1.379886,996369;760639,/Users/odon/Desktop/intro_to_iris_recognition/Week 1/NDCVRL_002 Dataset/raw/nd1S05271/Right/391578.tiff,nd1S05271,R,True
996369,1,1.379886,391578,/Users/odon/Desktop/intro_to_iris_recognition/Week 1/NDCVRL_002 Dataset/raw/nd1S05881/Right/996369.tiff,nd1S05881,R,True
536586,1,1.379907,766370,/Users/odon/Desktop/intro_to_iris_recognition/Week 1/NDCVRL_002 Dataset/raw/nd1S06082/Left/536586.tiff,nd1S06082,L,True
766370,1,1.379907,536586,/Users/odon/Desktop/intro_to_iris_recognition/Week 1/NDCVRL_002 Dataset/raw/nd1S06505/Right/766370.tiff,nd1S06505,R,True
229070,3,1.380043,1089963;933168;522074,/Users/odon/Desktop/intro_to_iris_recognition/Week 1/NDCVRL_002 Dataset/raw/nd1S05271/Left/229070.tiff,nd1S05271,L,True
1089963,2,1.380043,229070;229068,/Users/odon/Desktop/intro_to_iris_recognition/Week 1/NDCVRL_002 Dataset/raw/nd1S06927/Right/1089963.tiff,nd1S06927,R,True
229502,1,1.380082,659415,/Users/odon/Desktop/intro_to_iris_recognition/Week 1/NDCVRL_002 Dataset/raw/nd1S05289/Left/229502.tiff,nd1S05289,L,True
659415,1,1.380082,229502,/Users/odon/Desktop/intro_to_iris_recognition/Week 1/NDCVRL_002 Dataset/raw/nd1S05269/Right/659415.tiff,nd1S05269,R,True
756983,2,1.380298,1089334;762632,/Users/odon/Desktop/intro_to_iris_recognition/Week 1/NDCVRL_002 Dataset/raw/nd1S05974/Right/756983.tiff,nd1S05974,R,True
1067694,2,1.380302,869160;989360,/Users/odon/Desktop/intro_to_iris_recognition/Week 1/NDCVRL_002 Dataset/raw/nd1S06118/Right/1067694.tiff,nd1S06118,R,True
869160,1,1.380302,1067694,/Users/odon/Desktop/intro_to_iris_recognition/Week 1/NDCVRL_002 Dataset/raw/nd1S05407/Right/869160.tiff,nd1S05407,R,True
282414,1,1.380380,653822,/Users/odon/Desktop/intro_to_iris_recognition/Week 1/NDCVRL_002 Dataset/raw/nd1S05713/Left/282414.tiff,nd1S05713,L,True
1103568,1,1.380384,262279,/Users/odon/Desktop/intro_to_iris_recognition/Week 1/NDCVRL_002 Dataset/raw/nd1S06868/Left/1103568.tiff,nd1S06868,L,True
262279,1,1.380384,1103568,/Users/odon/Desktop/intro_to_iris_recognition/Week 1/NDCVRL_002 Dataset/raw/nd1S05244/Left/262279.tiff,nd1S05244,L,True
667433,2,1.380538,656710;447063,/Users/odon/Desktop/intro_to_iris_recognition/Week 1/NDCVRL_002 Dataset/raw/nd1S05049/Right/667433.tiff,nd1S05049,R,True
656710,1,1.380538,667433,/Users/odon/Desktop/intro_to_iris_recognition/Week 1/NDCVRL_002 Dataset/raw/nd1S05062/Right/656710.tiff,nd1S05062,R,True
1066079,1,1.380688,1112371,/Users/odon/Desktop/intro_to_iris_recognition/Week 1/NDCVRL_002 Dataset/raw/nd1S06927/Right/1066079.tiff,nd1S06927,R,True
1112371,1,1.380688,1066079,/Users/odon/Desktop/intro_to_iris_recognition/Week 1/NDCVRL_002 Dataset/raw/nd1S05889/Left/1112371.tiff,nd1S05889,L,True
896523,1,1.380726,911146,/Users/odon/Desktop/intro_to_iris_recognition/Week 1/NDCVRL_002 Dataset/raw/nd1S06300/Left/896523.tiff,nd1S06300,L,True
911146,1,1.380726,896523,/Users/odon/Desktop/intro_to_iris_recognition/Week 1/NDCVRL_002 Dataset/raw/nd1S05842/Left/911146.tiff,nd1S05842,L,True
277164,1,1.380741,728048,/Users/odon/Desktop/intro_to_iris_recognition/Week 1/NDCVRL_002 Dataset/raw/nd1S05044/Right/277164.tiff,nd1S05044,R,True
728048,1,1.380741,277164,/Users/odon/Desktop/intro_to_iris_recognition/Week 1/NDCVRL_002 Dataset/raw/nd1S05842/Left/728048.tiff,nd1S05842,L,True
724897,1,1.380757,819149,/Users/odon/Desktop/intro_to_iris_recognition/Week 1/NDCVRL_002 Dataset/raw/nd1S06110/Right/724897.tiff,nd1S06110,R,True
819149,1,1.380757,724897,/Users/odon/Desktop/intro_to_iris_recognition/Week 1/NDCVRL_002 Dataset/raw/nd1S05321/Right/819149.tiff,nd1S05321,R,True
1063973,2,1.380802,611501;692938,/Users/odon/Desktop/intro_to_iris_recognition/Week 1/NDCVRL_002 Dataset/raw/nd1S02463/Left/1063973.tiff,nd1S02463,L,True
611501,2,1.380802,1063973;760998,/Users/odon/Desktop/intro_to_iris_recognition/Week 1/NDCVRL_002 Dataset/raw/nd1S05842/Left/611501.tiff,nd1S05842,L,True
817090,1,1.380806,1152282,/Users/odon/Desktop/intro_to_iris_recognition/Week 1/NDCVRL_002 Dataset/raw/nd1S06044/Left/817090.tiff,nd1S06044,L,True
872000,1,1.380859,660764,/Users/odon/Desktop/intro_to_iris_recognition/Week 1/NDCVRL_002 Dataset/raw/nd1S06044/Left/872000.tiff,nd1S06044,L,True
828763,1,1.380939,696918,/Users/odon/Desktop/intro_to_iris_recognition/Week 1/NDCVRL_002 Dataset/raw/nd1S05379/Left/828763.tiff,nd1S05379,L,True
1113260,1,1.380964,858167,/Users/odon/Desktop/intro_to_iris_recognition/Week 1/NDCVRL_002 Dataset/raw/nd1S05853/Right/1113260.tiff,nd1S05853,R,True
858167,1,1.380964,1113260,/Users/odon/Desktop/intro_to_iris_recognition/Week 1/NDCVRL_002 Dataset/raw/nd1S06352/Right/858167.tiff,nd1S06352,R,True
707595,2,1.381059,903060;436038,/Users/odon/Desktop/intro_to_iris_recognition/Week 1/NDCVRL_002 Dataset/raw/nd1S05868/Left/707595.tiff,nd1S05868,L,True
903060,1,1.381059,707595,/Users/odon/Desktop/intro_to_iris_recognition/Week 1/NDCVRL_002 Dataset/raw/nd1S05742/Right/903060.tiff,nd1S05742,R,True
539818,2,1.381249,908184;1131579,/Users/odon/Desktop/intro_to_iris_recognition/Week 1/NDCVRL_002 Dataset/raw/nd1S05456/Right/539818.tiff,nd1S05456,R,True
908184,1,1.381249,539818,/Users/odon/Desktop/intro_to_iris_recognition/Week 1/NDCVRL_002 Dataset/raw/nd1S05541/Right/908184.tiff,nd1S05541,R,True
868862,2,1.381268,700982;512519,/Users/odon/Desktop/intro_to_iris_recognition/Week 1/NDCVRL_002 Dataset/raw/nd1S06044/Left/868862.tiff,nd1S06044,L,True
700982,1,1.381268,868862,/Users/odon/Desktop/intro_to_iris_recognition/Week 1/NDCVRL_002 Dataset/raw/nd1S05713/Left/700982.tiff,nd1S05713,L,True
229069,2,1.381289,304002;1042066,/Users/odon/Desktop/intro_to_iris_recognition/Week 1/NDCVRL_002 Dataset/raw/nd1S05271/Left/229069.tiff,nd1S05271,L,True
868614,3,1.381311,659518;1192239;665954,/Users/odon/Desktop/intro_to_iris_recognition/Week 1/NDCVRL_002 Dataset/raw/nd1S06391/Left/868614.tiff,nd1S06391,L,True
659518,1,1.381311,868614,/Users/odon/Desktop/intro_to_iris_recognition/Week 1/NDCVRL_002 Dataset/raw/nd1S05272/Left/659518.tiff,nd1S05272,L,True
529067,1,1.381320,541045,/Users/odon/Desktop/intro_to_iris_recognition/Week 1/NDCVRL_002 Dataset/raw/nd1S05308/Left/529067.tiff,nd1S05308,L,True
541045,1,1.381320,529067,/Users/odon/Desktop/intro_to_iris_recognition/Week 1/NDCVRL_002 Dataset/raw/nd1S04649/Left/541045.tiff,nd1S04649,L,True
1193005,1,1.381454,262919,/Users/odon/Desktop/intro_to_iris_recognition/Week 1/NDCVRL_002 Dataset/raw/nd1S04261/Right/1193005.tiff,nd1S04261,R,True
262919,1,1.381454,1193005,/Users/odon/Desktop/intro_to_iris_recognition/Week 1/NDCVRL_002 Dataset/raw/nd1S05165/Left/262919.tiff,nd1S05165,L,True
600795,1,1.381585,831092,/Users/odon/Desktop/intro_to_iris_recognition/Week 1/NDCVRL_002 Dataset/raw/nd1S06128/Right/600795.tiff,nd1S06128,R,True
831092,1,1.381585,600795,/Users/odon/Desktop/intro_to_iris_recognition/Week 1/NDCVRL_002 Dataset/raw/nd1S06044/Left/831092.tiff,nd1S06044,L,True
722307,1,1.381602,791971,/Users/odon/Desktop/intro_to_iris_recognition/Week 1/NDCVRL_002 Dataset/raw/nd1S06300/Left/722307.tiff,nd1S06300,L,True
1112286,1,1.381693,695967,/Users/odon/Desktop/intro_to_iris_recognition/Week 1/NDCVRL_002 Dataset/raw/nd1S05857/Left/1112286.tiff,nd1S05857,L,True
695967,1,1.381693,1112286,/Users/odon/Desktop/intro_to_iris_recognition/Week 1/NDCVRL_002 Dataset/raw/nd1S05455/Left/695967.tiff,nd1S05455,L,True
820283,4,1.381694,796154;764095;937765;613268,/Users/odon/Desktop/intro_to_iris_recognition/Week 1/NDCVRL_002 Dataset/raw/nd1S06345/Left/820283.tiff,nd1S06345,L,True
796154,2,1.381694,820283;586815,/Users/odon/Desktop/intro_to_iris_recognition/Week 1/NDCVRL_002 Dataset/raw/nd1S05310/Right/796154.tiff,nd1S05310,R,True
1192881,3,1.381739,243677;401487;682820,/Users/odon/Desktop/intro_to_iris_recognition/Week 1/NDCVRL_002 Dataset/raw/nd1S04261/Left/1192881.tiff,nd1S04261,L,True
243677,1,1.381739,1192881,/Users/odon/Desktop/intro_to_iris_recognition/Week 1/NDCVRL_002 Dataset/raw/nd1S05044/Left/243677.tiff,nd1S05044,L,True
526644,1,1.381779,160439,/Users/odon/Desktop/intro_to_iris_recognition/Week 1/NDCVRL_002 Dataset/raw/nd1S05999/Right/526644.tiff,nd1S05999,R,True
268803,1,1.381790,764780,/Users/odon/Desktop/intro_to_iris_recognition/Week 1/NDCVRL_002 Dataset/raw/nd1S05456/Right/268803.tiff,nd1S05456,R,True
764780,1,1.381790,268803,/Users/odon/Desktop/intro_to_iris_recognition/Week 1/NDCVRL_002 Dataset/raw/nd1S06131/Left/764780.tiff,nd1S06131,L,True
659447,1,1.381882,935485,/Users/odon/Desktop/intro_to_iris_recognition/Week 1/NDCVRL_002 Dataset/raw/nd1S05270/Right/659447.tiff,nd1S05270,R,True
935485,1,1.381882,659447,/Users/odon/Desktop/intro_to_iris_recognition/Week 1/NDCVRL_002 Dataset/raw/nd1S05379/Right/935485.tiff,nd1S05379,R,True
284026,1,1.381965,554049,/Users/odon/Desktop/intro_to_iris_recognition/Week 1/NDCVRL_002 Dataset/raw/nd1S05740/Left/284026.tiff,nd1S05740,L,True
554049,1,1.381965,284026,/Users/odon/Desktop/intro_to_iris_recognition/Week 1/NDCVRL_002 Dataset/raw/nd1S05373/Left/554049.tiff,nd1S05373,L,True
798325,2,1.382203,660397;527997,/Users/odon/Desktop/intro_to_iris_recognition/Week 1/NDCVRL_002 Dataset/raw/nd1S06217/Left/798325.tiff,nd1S06217,L,True
660397,1,1.382203,798325,/Users/odon/Desktop/intro_to_iris_recognition/Week 1/NDCVRL_002 Dataset/raw/nd1S05280/Right/660397.tiff,nd1S05280,R,True
1113883,1,1.382205,902270,/Users/odon/Desktop/intro_to_iris_recognition/Week 1/NDCVRL_002 Dataset/raw/nd1S05954/Left/1113883.tiff,nd1S05954,L,True
902270,1,1.382205,1113883,/Users/odon/Desktop/intro_to_iris_recognition/Week 1/NDCVRL_002 Dataset/raw/nd1S05301/Right/902270.tiff,nd1S05301,R,True
233961,1,1.382211,724820,/Users/odon/Desktop/intro_to_iris_recognition/Week 1/NDCVRL_002 Dataset/raw/nd1S05508/Left/233961.tiff,nd1S05508,L,True
724820,1,1.382211,233961,/Users/odon/Desktop/intro_to_iris_recognition/Week 1/NDCVRL_002 Dataset/raw/nd1S06441/Right/724820.tiff,nd1S06441,R,True
603593,1,1.382258,522740,/Users/odon/Desktop/intro_to_iris_recognition/Week 1/NDCVRL_002 Dataset/raw/nd1S05963/Right/603593.tiff,nd1S05963,R,True
790691,3,1.382264,794424;863888;1064346,/Users/odon/Desktop/intro_to_iris_recognition/Week 1/NDCVRL_002 Dataset/raw/nd1S06345/Left/790691.tiff,nd1S06345,L,True
658866,1,1.382315,656291,/Users/odon/Desktop/intro_to_iris_recognition/Week 1/NDCVRL_002 Dataset/raw/nd1S05062/Right/658866.tiff,nd1S05062,R,True
217090,3,1.382386,307038;659477;1193003,/Users/odon/Desktop/intro_to_iris_recognition/Week 1/NDCVRL_002 Dataset/raw/nd1S04851/Left/217090.tiff,nd1S04851,L,True
307038,1,1.382386,217090,/Users/odon/Desktop/intro_to_iris_recognition/Week 1/NDCVRL_002 Dataset/raw/nd1S05619/Left/307038.tiff,nd1S05619,L,True
896410,1,1.382427,1064607,/Users/odon/Desktop/intro_to_iris_recognition/Week 1/NDCVRL_002 Dataset/raw/nd1S05547/Right/896410.tiff,nd1S05547,R,True
654809,2,1.382475,590595;527769,/Users/odon/Desktop/intro_to_iris_recognition/Week 1/NDCVRL_002 Dataset/raw/nd1S05129/Right/654809.tiff,nd1S05129,R,True
590595,1,1.382475,654809,/Users/odon/Desktop/intro_to_iris_recognition/Week 1/NDCVRL_002 Dataset/raw/nd1S05338/Right/590595.tiff,nd1S05338,R,True
1091839,1,1.382492,660674,/Users/odon/Desktop/intro_to_iris_recognition/Week 1/NDCVRL_002 Dataset/raw/nd1S05954/Right/1091839.tiff,nd1S05954,R,True
660674,1,1.382492,1091839,/Users/odon/Desktop/intro_to_iris_recognition/Week 1/NDCVRL_002 Dataset/raw/nd1S05283/Left/660674.tiff,nd1S05283,L,True
1103808,1,1.382520,909935,/Users/odon/Desktop/intro_to_iris_recognition/Week 1/NDCVRL_002 Dataset/raw/nd1S06505/Left/1103808.tiff,nd1S06505,L,True
1192995,1,1.382716,255431,/Users/odon/Desktop/intro_to_iris_recognition/Week 1/NDCVRL_002 Dataset/raw/nd1S04261/Right/1192995.tiff,nd1S04261,R,True
255431,1,1.382716,1192995,/Users/odon/Desktop/intro_to_iris_recognition/Week 1/NDCVRL_002 Dataset/raw/nd1S05271/Right/255431.tiff,nd1S05271,R,True
581621,1,1.382773,655037,/Users/odon/Desktop/intro_to_iris_recognition/Week 1/NDCVRL_002 Dataset/raw/nd1S05619/Right/581621.tiff,nd1S05619,R,True
655037,1,1.382773,581621,/Users/odon/Desktop/intro_to_iris_recognition/Week 1/NDCVRL_002 Dataset/raw/nd1S04683/Left/655037.tiff,nd1S04683,L,True
161092,1,1.382900,555653,/Users/odon/Desktop/intro_to_iris_recognition/Week 1/NDCVRL_002 Dataset/raw/nd1S04684/Left/161092.tiff,nd1S04684,L,True
555653,1,1.382900,161092,/Users/odon/Desktop/intro_to_iris_recognition/Week 1/NDCVRL_002 Dataset/raw/nd1S06082/Left/555653.tiff,nd1S06082,L,True
1171247,1,1.382921,830739,/Users/odon/Desktop/intro_to_iris_recognition/Week 1/NDCVRL_002 Dataset/raw/nd1S05619/Left/1171247.tiff,nd1S05619,L,True
830739,1,1.382921,1171247,/Users/odon/Desktop/intro_to_iris_recognition/Week 1/NDCVRL_002 Dataset/raw/nd1S06352/Right/830739.tiff,nd1S06352,R,True
165442,2,1.382922,582713;520931,/Users/odon/Desktop/intro_to_iris_recognition/Week 1/NDCVRL_002 Dataset/raw/nd1S04851/Left/165442.tiff,nd1S04851,L,True
231849,1,1.382944,801354,/Users/odon/Desktop/intro_to_iris_recognition/Week 1/NDCVRL_002 Dataset/raw/nd1S05288/Left/231849.tiff,nd1S05288,L,True
660312,2,1.383080,1161576;592380,/Users/odon/Desktop/intro_to_iris_recognition/Week 1/NDCVRL_002 Dataset/raw/nd1S05060/Left/660312.tiff,nd1S05060,L,True
1161576,1,1.383080,660312,/Users/odon/Desktop/intro_to_iris_recognition/Week 1/NDCVRL_002 Dataset/raw/nd1S06017/Left/1161576.tiff,nd1S06017,L,True
534641,1,1.383153,660545,/Users/odon/Desktop/intro_to_iris_recognition/Week 1/NDCVRL_002 Dataset/raw/nd1S04851/Left/534641.tiff,nd1S04851,L,True
660545,1,1.383153,534641,/Users/odon/Desktop/intro_to_iris_recognition/Week 1/NDCVRL_002 Dataset/raw/nd1S05216/Right/660545.tiff,nd1S05216,R,True
1018279,2,1.383157,896832;659699,/Users/odon/Desktop/intro_to_iris_recognition/Week 1/NDCVRL_002 Dataset/raw/nd1S06868/Left/1018279.tiff,nd1S06868,L,True
896832,2,1.383157,1018279;856108,/Users/odon/Desktop/intro_to_iris_recognition/Week 1/NDCVRL_002 Dataset/raw/nd1S05379/Right/896832.tiff,nd1S05379,R,True
392821,1,1.383199,667427,/Users/odon/Desktop/intro_to_iris_recognition/Week 1/NDCVRL_002 Dataset/raw/nd1S05881/Left/392821.tiff,nd1S05881,L,True
667427,1,1.383199,392821,/Users/odon/Desktop/intro_to_iris_recognition/Week 1/NDCVRL_002 Dataset/raw/nd1S05049/Left/667427.tiff,nd1S05049,L,True
659376,1,1.383219,660979,/Users/odon/Desktop/intro_to_iris_recognition/Week 1/NDCVRL_002 Dataset/raw/nd1S05244/Right/659376.tiff,nd1S05244,R,True
902266,1,1.383266,710750,/Users/odon/Desktop/intro_to_iris_recognition/Week 1/NDCVRL_002 Dataset/raw/nd1S05301/Right/902266.tiff,nd1S05301,R,True
1041770,1,1.383306,792876,/Users/odon/Desktop/intro_to_iris_recognition/Week 1/NDCVRL_002 Dataset/raw/nd1S05379/Right/1041770.tiff,nd1S05379,R,True
792876,1,1.383306,1041770,/Users/odon/Desktop/intro_to_iris_recognition/Week 1/NDCVRL_002 Dataset/raw/nd1S06344/Left/792876.tiff,nd1S06344,L,True
233626,1,1.383307,436378,/Users/odon/Desktop/intro_to_iris_recognition/Week 1/NDCVRL_002 Dataset/raw/nd1S05340/Left/233626.tiff,nd1S05340,L,True
659423,1,1.383481,724768,/Users/odon/Desktop/intro_to_iris_recognition/Week 1/NDCVRL_002 Dataset/raw/nd1S05269/Right/659423.tiff,nd1S05269,R,True
724768,1,1.383481,659423,/Users/odon/Desktop/intro_to_iris_recognition/Week 1/NDCVRL_002 Dataset/raw/nd1S05713/Right/724768.tiff,nd1S05713,R,True
869151,2,1.383561,660544;947571,/Users/odon/Desktop/intro_to_iris_recognition/Week 1/NDCVRL_002 Dataset/raw/nd1S05407/Left/869151.tiff,nd1S05407,L,True
660544,1,1.383561,869151,/Users/odon/Desktop/intro_to_iris_recognition/Week 1/NDCVRL_002 Dataset/raw/nd1S05216/Left/660544.tiff,nd1S05216,L,True
668611,2,1.383581,207349;185678,/Users/odon/Desktop/intro_to_iris_recognition/Week 1/NDCVRL_002 Dataset/raw/nd1S04714/Right/668611.tiff,nd1S04714,R,True
1192885,1,1.383604,416309,/Users/odon/Desktop/intro_to_iris_recognition/Week 1/NDCVRL_002 Dataset/raw/nd1S04261/Left/1192885.tiff,nd1S04261,L,True
416309,1,1.383604,1192885,/Users/odon/Desktop/intro_to_iris_recognition/Week 1/NDCVRL_002 Dataset/raw/nd1S05735/Right/416309.tiff,nd1S05735,R,True
165847,1,1.383635,799333,/Users/odon/Desktop/intro_to_iris_recognition/Week 1/NDCVRL_002 Dataset/raw/nd1S04683/Left/165847.tiff,nd1S04683,L,True
904960,1,1.383684,988194,/Users/odon/Desktop/intro_to_iris_recognition/Week 1/NDCVRL_002 Dataset/raw/nd1S06110/Right/904960.tiff,nd1S06110,R,True
988194,1,1.383684,904960,/Users/odon/Desktop/intro_to_iris_recognition/Week 1/NDCVRL_002 Dataset/raw/nd1S06793/Left/988194.tiff,nd1S06793,L,True
1082255,1,1.383779,1166274,/Users/odon/Desktop/intro_to_iris_recognition/Week 1/NDCVRL_002 Dataset/raw/nd1S05661/Left/1082255.tiff,nd1S05661,L,True
1166274,1,1.383779,1082255,/Users/odon/Desktop/intro_to_iris_recognition/Week 1/NDCVRL_002 Dataset/raw/nd1S05619/Right/1166274.tiff,nd1S05619,R,True
611928,2,1.383803,388143;555932,/Users/odon/Desktop/intro_to_iris_recognition/Week 1/NDCVRL_002 Dataset/raw/nd1S06197/Right/611928.tiff,nd1S06197,R,True
388143,1,1.383803,611928,/Users/odon/Desktop/intro_to_iris_recognition/Week 1/NDCVRL_002 Dataset/raw/nd1S05863/Left/388143.tiff,nd1S05863,L,True
831172,2,1.383830,702215;832050,/Users/odon/Desktop/intro_to_iris_recognition/Week 1/NDCVRL_002 Dataset/raw/nd1S06128/Right/831172.tiff,nd1S06128,R,True
702215,1,1.383830,831172,/Users/odon/Desktop/intro_to_iris_recognition/Week 1/NDCVRL_002 Dataset/raw/nd1S06406/Right/702215.tiff,nd1S06406,R,True
406418,2,1.383838,262298;255417,/Users/odon/Desktop/intro_to_iris_recognition/Week 1/NDCVRL_002 Dataset/raw/nd1S05271/Right/406418.tiff,nd1S05271,R,True
262298,1,1.383838,406418,/Users/odon/Desktop/intro_to_iris_recognition/Week 1/NDCVRL_002 Dataset/raw/nd1S05244/Right/262298.tiff,nd1S05244,R,True
1064175,2,1.384014,707072;723394,/Users/odon/Desktop/intro_to_iris_recognition/Week 1/NDCVRL_002 Dataset/raw/nd1S05963/Right/1064175.tiff,nd1S05963,R,True
707072,2,1.384014,1064175;1148984,/Users/odon/Desktop/intro_to_iris_recognition/Week 1/NDCVRL_002 Dataset/raw/nd1S05808/Right/707072.tiff,nd1S05808,R,True
710752,2,1.384044,287637;764442,/Users/odon/Desktop/intro_to_iris_recognition/Week 1/NDCVRL_002 Dataset/raw/nd1S05881/Right/710752.tiff,nd1S05881,R,True
287637,1,1.384044,710752,/Users/odon/Desktop/intro_to_iris_recognition/Week 1/NDCVRL_002 Dataset/raw/nd1S05555/Right/287637.tiff,nd1S05555,R,True
663790,2,1.384050,512221;661748,/Users/odon/Desktop/intro_to_iris_recognition/Week 1/NDCVRL_002 Dataset/raw/nd1S05044/Right/663790.tiff,nd1S05044,R,True
512221,1,1.384050,663790,/Users/odon/Desktop/intro_to_iris_recognition/Week 1/NDCVRL_002 Dataset/raw/nd1S05970/Right/512221.tiff,nd1S05970,R,True
165322,2,1.384198,701874;442128,/Users/odon/Desktop/intro_to_iris_recognition/Week 1/NDCVRL_002 Dataset/raw/nd1S04684/Left/165322.tiff,nd1S04684,L,True
701874,1,1.384198,165322,/Users/odon/Desktop/intro_to_iris_recognition/Week 1/NDCVRL_002 Dataset/raw/nd1S05714/Left/701874.tiff,nd1S05714,L,True
695729,1,1.384218,591051,/Users/odon/Desktop/intro_to_iris_recognition/Week 1/NDCVRL_002 Dataset/raw/nd1S06079/Left/695729.tiff,nd1S06079,L,True
659683,2,1.384253,791649;1192244,/Users/odon/Desktop/intro_to_iris_recognition/Week 1/NDCVRL_002 Dataset/raw/nd1S04684/Left/659683.tiff,nd1S04684,L,True
791649,2,1.384253,659683;416444,/Users/odon/Desktop/intro_to_iris_recognition/Week 1/NDCVRL_002 Dataset/raw/nd1S06300/Left/791649.tiff,nd1S06300,L,True
411748,1,1.384282,656291,/Users/odon/Desktop/intro_to_iris_recognition/Week 1/NDCVRL_002 Dataset/raw/nd1S05459/Left/411748.tiff,nd1S05459,L,True
615069,2,1.384283,660642;660645,/Users/odon/Desktop/intro_to_iris_recognition/Week 1/NDCVRL_002 Dataset/raw/nd1S05831/Right/615069.tiff,nd1S05831,R,True
660642,2,1.384283,615069;707898,/Users/odon/Desktop/intro_to_iris_recognition/Week 1/NDCVRL_002 Dataset/raw/nd1S05214/Right/660642.tiff,nd1S05214,R,True
660872,1,1.384339,756714,/Users/odon/Desktop/intro_to_iris_recognition/Week 1/NDCVRL_002 Dataset/raw/nd1S05286/Right/660872.tiff,nd1S05286,R,True
756714,1,1.384339,660872,/Users/odon/Desktop/intro_to_iris_recognition/Week 1/NDCVRL_002 Dataset/raw/nd1S06406/Left/756714.tiff,nd1S06406,L,True
270660,1,1.384352,660355,/Users/odon/Desktop/intro_to_iris_recognition/Week 1/NDCVRL_002 Dataset/raw/nd1S05675/Left/270660.tiff,nd1S05675,L,True
660355,1,1.384352,270660,/Users/odon/Desktop/intro_to_iris_recognition/Week 1/NDCVRL_002 Dataset/raw/nd1S05279/Left/660355.tiff,nd1S05279,L,True
231577,1,1.384379,1160894,/Users/odon/Desktop/intro_to_iris_recognition/Week 1/NDCVRL_002 Dataset/raw/nd1S05289/Right/231577.tiff,nd1S05289,R,True
614028,1,1.384432,662843,/Users/odon/Desktop/intro_to_iris_recognition/Week 1/NDCVRL_002 Dataset/raw/nd1S05338/Right/614028.tiff,nd1S05338,R,True
441495,2,1.384456,611435;590446,/Users/odon/Desktop/intro_to_iris_recognition/Week 1/NDCVRL_002 Dataset/raw/nd1S04649/Left/441495.tiff,nd1S04649,L,True
764095,2,1.384576,820283;995637,/Users/odon/Desktop/intro_to_iris_recognition/Week 1/NDCVRL_002 Dataset/raw/nd1S06079/Left/764095.tiff,nd1S06079,L,True
1065398,1,1.384672,1042031,/Users/odon/Desktop/intro_to_iris_recognition/Week 1/NDCVRL_002 Dataset/raw/nd1S05963/Right/1065398.tiff,nd1S05963,R,True
832050,1,1.384706,831172,/Users/odon/Desktop/intro_to_iris_recognition/Week 1/NDCVRL_002 Dataset/raw/nd1S06406/Right/832050.tiff,nd1S06406,R,True
904588,1,1.384734,515266,/Users/odon/Desktop/intro_to_iris_recognition/Week 1/NDCVRL_002 Dataset/raw/nd1S06516/Right/904588.tiff,nd1S06516,R,True
529066,2,1.384887,391565;1065335,/Users/odon/Desktop/intro_to_iris_recognition/Week 1/NDCVRL_002 Dataset/raw/nd1S05308/Left/529066.tiff,nd1S05308,L,True
764867,1,1.384978,707346,/Users/odon/Desktop/intro_to_iris_recognition/Week 1/NDCVRL_002 Dataset/raw/nd1S06128/Right/764867.tiff,nd1S06128,R,True
676916,2,1.385045,1113263;437241,/Users/odon/Desktop/intro_to_iris_recognition/Week 1/NDCVRL_002 Dataset/raw/nd1S05932/Left/676916.tiff,nd1S05932,L,True
192822,2,1.385088,255846;165161,/Users/odon/Desktop/intro_to_iris_recognition/Week 1/NDCVRL_002 Dataset/raw/nd1S04394/Right/192822.tiff,nd1S04394,R,True
255846,1,1.385088,192822,/Users/odon/Desktop/intro_to_iris_recognition/Week 1/NDCVRL_002 Dataset/raw/nd1S05044/Right/255846.tiff,nd1S05044,R,True
1064738,1,1.385108,271506,/Users/odon/Desktop/intro_to_iris_recognition/Week 1/NDCVRL_002 Dataset/raw/nd1S06344/Left/1064738.tiff,nd1S06344,L,True
271506,1,1.385108,1064738,/Users/odon/Desktop/intro_to_iris_recognition/Week 1/NDCVRL_002 Dataset/raw/nd1S05455/Left/271506.tiff,nd1S05455,L,True
185678,1,1.385180,668611,/Users/odon/Desktop/intro_to_iris_recognition/Week 1/NDCVRL_002 Dataset/raw/nd1S04684/Left/185678.tiff,nd1S04684,L,True
1134536,2,1.385287,693567;608176,/Users/odon/Desktop/intro_to_iris_recognition/Week 1/NDCVRL_002 Dataset/raw/nd1S05889/Right/1134536.tiff,nd1S05889,R,True
693567,1,1.385287,1134536,/Users/odon/Desktop/intro_to_iris_recognition/Week 1/NDCVRL_002 Dataset/raw/nd1S06441/Right/693567.tiff,nd1S06441,R,True
607372,1,1.385333,904942,/Users/odon/Desktop/intro_to_iris_recognition/Week 1/NDCVRL_002 Dataset/raw/nd1S05695/Right/607372.tiff,nd1S05695,R,True
904942,1,1.385333,607372,/Users/odon/Desktop/intro_to_iris_recognition/Week 1/NDCVRL_002 Dataset/raw/nd1S05301/Right/904942.tiff,nd1S05301,R,True
800719,2,1.385413,1192991;831430,/Users/odon/Desktop/intro_to_iris_recognition/Week 1/NDCVRL_002 Dataset/raw/nd1S05661/Left/800719.tiff,nd1S05661,L,True
1192991,1,1.385413,800719,/Users/odon/Desktop/intro_to_iris_recognition/Week 1/NDCVRL_002 Dataset/raw/nd1S04261/Right/1192991.tiff,nd1S04261,R,True
1059241,2,1.385433,1089811;660405,/Users/odon/Desktop/intro_to_iris_recognition/Week 1/NDCVRL_002 Dataset/raw/nd1S06131/Left/1059241.tiff,nd1S06131,L,True
1089811,1,1.385433,1059241,/Users/odon/Desktop/intro_to_iris_recognition/Week 1/NDCVRL_002 Dataset/raw/nd1S05379/Left/1089811.tiff,nd1S05379,L,True
302985,1,1.385472,1135289,/Users/odon/Desktop/intro_to_iris_recognition/Week 1/NDCVRL_002 Dataset/raw/nd1S05321/Left/302985.tiff,nd1S05321,L,True
519781,2,1.385565,660971;1155337,/Users/odon/Desktop/intro_to_iris_recognition/Week 1/NDCVRL_002 Dataset/raw/nd1S05974/Right/519781.tiff,nd1S05974,R,True
660971,1,1.385565,519781,/Users/odon/Desktop/intro_to_iris_recognition/Week 1/NDCVRL_002 Dataset/raw/nd1S05049/Right/660971.tiff,nd1S05049,R,True
865116,1,1.385567,256316,/Users/odon/Desktop/intro_to_iris_recognition/Week 1/NDCVRL_002 Dataset/raw/nd1S06352/Right/865116.tiff,nd1S06352,R,True
821504,1,1.385595,988198,/Users/odon/Desktop/intro_to_iris_recognition/Week 1/NDCVRL_002 Dataset/raw/nd1S05857/Right/821504.tiff,nd1S05857,R,True
988198,1,1.385595,821504,/Users/odon/Desktop/intro_to_iris_recognition/Week 1/NDCVRL_002 Dataset/raw/nd1S06793/Right/988198.tiff,nd1S06793,R,True
1133069,2,1.385599,1014360;725573,/Users/odon/Desktop/intro_to_iris_recognition/Week 1/NDCVRL_002 Dataset/raw/nd1S05321/Left/1133069.tiff,nd1S05321,L,True
1014360,1,1.385599,1133069,/Users/odon/Desktop/intro_to_iris_recognition/Week 1/NDCVRL_002 Dataset/raw/nd1S06745/Left/1014360.tiff,nd1S06745,L,True
756596,1,1.385658,524469,/Users/odon/Desktop/intro_to_iris_recognition/Week 1/NDCVRL_002 Dataset/raw/nd1S05619/Left/756596.tiff,nd1S05619,L,True
791089,1,1.385782,896420,/Users/odon/Desktop/intro_to_iris_recognition/Week 1/NDCVRL_002 Dataset/raw/nd1S05661/Left/791089.tiff,nd1S05661,L,True
863888,2,1.385961,790691;790701,/Users/odon/Desktop/intro_to_iris_recognition/Week 1/NDCVRL_002 Dataset/raw/nd1S06217/Left/863888.tiff,nd1S06217,L,True
1192857,1,1.386012,260781,/Users/odon/Desktop/intro_to_iris_recognition/Week 1/NDCVRL_002 Dataset/raw/nd1S04261/Left/1192857.tiff,nd1S04261,L,True
260781,1,1.386012,1192857,/Users/odon/Desktop/intro_to_iris_recognition/Week 1/NDCVRL_002 Dataset/raw/nd1S05284/Left/260781.tiff,nd1S05284,L,True
441913,2,1.386019,229042;1130161,/Users/odon/Desktop/intro_to_iris_recognition/Week 1/NDCVRL_002 Dataset/raw/nd1S05044/Left/441913.tiff,nd1S05044,L,True
229042,1,1.386019,441913,/Users/odon/Desktop/intro_to_iris_recognition/Week 1/NDCVRL_002 Dataset/raw/nd1S05321/Left/229042.tiff,nd1S05321,L,True
523403,1,1.386024,768445,/Users/odon/Desktop/intro_to_iris_recognition/Week 1/NDCVRL_002 Dataset/raw/nd1S05373/Left/523403.tiff,nd1S05373,L,True
768445,1,1.386024,523403,/Users/odon/Desktop/intro_to_iris_recognition/Week 1/NDCVRL_002 Dataset/raw/nd1S06079/Left/768445.tiff,nd1S06079,L,True
819145,2,1.386042,1085890;530494,/Users/odon/Desktop/intro_to_iris_recognition/Week 1/NDCVRL_002 Dataset/raw/nd1S05321/Left/819145.tiff,nd1S05321,L,True
1085890,1,1.386042,819145,/Users/odon/Desktop/intro_to_iris_recognition/Week 1/NDCVRL_002 Dataset/raw/nd1S05456/Left/1085890.tiff,nd1S05456,L,True
895493,2,1.386082,1152103;441589,/Users/odon/Desktop/intro_to_iris_recognition/Week 1/NDCVRL_002 Dataset/raw/nd1S06217/Left/895493.tiff,nd1S06217,L,True
1065572,1,1.386147,701307,/Users/odon/Desktop/intro_to_iris_recognition/Week 1/NDCVRL_002 Dataset/raw/nd1S06118/Right/1065572.tiff,nd1S06118,R,True
701307,1,1.386147,1065572,/Users/odon/Desktop/intro_to_iris_recognition/Week 1/NDCVRL_002 Dataset/raw/nd1S06345/Right/701307.tiff,nd1S06345,R,True
701824,1,1.386393,724907,/Users/odon/Desktop/intro_to_iris_recognition/Week 1/NDCVRL_002 Dataset/raw/nd1S06352/Left/701824.tiff,nd1S06352,L,True
724907,1,1.386393,701824,/Users/odon/Desktop/intro_to_iris_recognition/Week 1/NDCVRL_002 Dataset/raw/nd1S06110/Right/724907.tiff,nd1S06110,R,True
1017036,1,1.386448,797425,/Users/odon/Desktop/intro_to_iris_recognition/Week 1/NDCVRL_002 Dataset/raw/nd1S05889/Left/1017036.tiff,nd1S05889,L,True
764082,1,1.386477,820285,/Users/odon/Desktop/intro_to_iris_recognition/Week 1/NDCVRL_002 Dataset/raw/nd1S06079/Left/764082.tiff,nd1S06079,L,True
820285,1,1.386477,764082,/Users/odon/Desktop/intro_to_iris_recognition/Week 1/NDCVRL_002 Dataset/raw/nd1S06345/Left/820285.tiff,nd1S06345,L,True
1192985,1,1.386512,906676,/Users/odon/Desktop/intro_to_iris_recognition/Week 1/NDCVRL_002 Dataset/raw/nd1S04261/Right/1192985.tiff,nd1S04261,R,True
906676,1,1.386512,1192985,/Users/odon/Desktop/intro_to_iris_recognition/Week 1/NDCVRL_002 Dataset/raw/nd1S06469/Right/906676.tiff,nd1S06469,R,True
1036313,1,1.386533,1042092,/Users/odon/Desktop/intro_to_iris_recognition/Week 1/NDCVRL_002 Dataset/raw/nd1S06300/Left/1036313.tiff,nd1S06300,L,True
1042092,1,1.386533,1036313,/Users/odon/Desktop/intro_to_iris_recognition/Week 1/NDCVRL_002 Dataset/raw/nd1S05889/Left/1042092.tiff,nd1S05889,L,True
587202,1,1.386543,659124,/Users/odon/Desktop/intro_to_iris_recognition/Week 1/NDCVRL_002 Dataset/raw/nd1S05831/Right/587202.tiff,nd1S05831,R,True
659124,1,1.386543,587202,/Users/odon/Desktop/intro_to_iris_recognition/Week 1/NDCVRL_002 Dataset/raw/nd1S04701/Right/659124.tiff,nd1S04701,R,True
1087226,1,1.386666,859020,/Users/odon/Desktop/intro_to_iris_recognition/Week 1/NDCVRL_002 Dataset/raw/nd1S05456/Left/1087226.tiff,nd1S05456,L,True
859020,1,1.386666,1087226,/Users/odon/Desktop/intro_to_iris_recognition/Week 1/NDCVRL_002 Dataset/raw/nd1S06345/Left/859020.tiff,nd1S06345,L,True
1129397,1,1.386722,668989,/Users/odon/Desktop/intro_to_iris_recognition/Week 1/NDCVRL_002 Dataset/raw/nd1S05856/Left/1129397.tiff,nd1S05856,L,True
668989,1,1.386722,1129397,/Users/odon/Desktop/intro_to_iris_recognition/Week 1/NDCVRL_002 Dataset/raw/nd1S05213/Left/668989.tiff,nd1S05213,L,True
231003,1,1.386737,829726,/Users/odon/Desktop/intro_to_iris_recognition/Week 1/NDCVRL_002 Dataset/raw/nd1S05244/Right/231003.tiff,nd1S05244,R,True
721332,1,1.386944,789459,/Users/odon/Desktop/intro_to_iris_recognition/Week 1/NDCVRL_002 Dataset/raw/nd1S05379/Right/721332.tiff,nd1S05379,R,True
789459,1,1.386944,721332,/Users/odon/Desktop/intro_to_iris_recognition/Week 1/NDCVRL_002 Dataset/raw/nd1S06217/Left/789459.tiff,nd1S06217,L,True
1130453,1,1.386966,896837,/Users/odon/Desktop/intro_to_iris_recognition/Week 1/NDCVRL_002 Dataset/raw/nd1S05954/Left/1130453.tiff,nd1S05954,L,True
896837,1,1.386966,1130453,/Users/odon/Desktop/intro_to_iris_recognition/Week 1/NDCVRL_002 Dataset/raw/nd1S05379/Left/896837.tiff,nd1S05379,L,True
761494,1,1.387061,942293,/Users/odon/Desktop/intro_to_iris_recognition/Week 1/NDCVRL_002 Dataset/raw/nd1S06352/Left/761494.tiff,nd1S06352,L,True
942293,1,1.387061,761494,/Users/odon/Desktop/intro_to_iris_recognition/Week 1/NDCVRL_002 Dataset/raw/nd1S06181/Right/942293.tiff,nd1S06181,R,True
1135295,2,1.387073,276437;696395,/Users/odon/Desktop/intro_to_iris_recognition/Week 1/NDCVRL_002 Dataset/raw/nd1S05889/Right/1135295.tiff,nd1S05889,R,True
276437,1,1.387073,1135295,/Users/odon/Desktop/intro_to_iris_recognition/Week 1/NDCVRL_002 Dataset/raw/nd1S05317/Right/276437.tiff,nd1S05317,R,True
236265,1,1.387158,944580,/Users/odon/Desktop/intro_to_iris_recognition/Week 1/NDCVRL_002 Dataset/raw/nd1S05317/Left/236265.tiff,nd1S05317,L,True
944580,1,1.387158,236265,/Users/odon/Desktop/intro_to_iris_recognition/Week 1/NDCVRL_002 Dataset/raw/nd1S05310/Right/944580.tiff,nd1S05310,R,True
1131425,1,1.387246,608691,/Users/odon/Desktop/intro_to_iris_recognition/Week 1/NDCVRL_002 Dataset/raw/nd1S05456/Left/1131425.tiff,nd1S05456,L,True
608691,1,1.387246,1131425,/Users/odon/Desktop/intro_to_iris_recognition/Week 1/NDCVRL_002 Dataset/raw/nd1S05957/Left/608691.tiff,nd1S05957,L,True
417657,1,1.387373,665542,/Users/odon/Desktop/intro_to_iris_recognition/Week 1/NDCVRL_002 Dataset/raw/nd1S05932/Left/417657.tiff,nd1S05932,L,True
665542,1,1.387373,417657,/Users/odon/Desktop/intro_to_iris_recognition/Week 1/NDCVRL_002 Dataset/raw/nd1S04970/Right/665542.tiff,nd1S04970,R,True
512519,1,1.387455,868862,/Users/odon/Desktop/intro_to_iris_recognition/Week 1/NDCVRL_002 Dataset/raw/nd1S05455/Left/512519.tiff,nd1S05455,L,True
447063,1,1.387549,667433,/Users/odon/Desktop/intro_to_iris_recognition/Week 1/NDCVRL_002 Dataset/raw/nd1S05742/Right/447063.tiff,nd1S05742,R,True
1130161,1,1.387709,441913,/Users/odon/Desktop/intro_to_iris_recognition/Week 1/NDCVRL_002 Dataset/raw/nd1S06118/Left/1130161.tiff,nd1S06118,L,True
937765,1,1.387710,820283,/Users/odon/Desktop/intro_to_iris_recognition/Week 1/NDCVRL_002 Dataset/raw/nd1S06745/Right/937765.tiff,nd1S06745,R,True
590178,2,1.387768,387601;669463,/Users/odon/Desktop/intro_to_iris_recognition/Week 1/NDCVRL_002 Dataset/raw/nd1S05970/Right/590178.tiff,nd1S05970,R,True
279572,1,1.387782,660308,/Users/odon/Desktop/intro_to_iris_recognition/Week 1/NDCVRL_002 Dataset/raw/nd1S05028/Right/279572.tiff,nd1S05028,R,True
660308,1,1.387782,279572,/Users/odon/Desktop/intro_to_iris_recognition/Week 1/NDCVRL_002 Dataset/raw/nd1S05060/Left/660308.tiff,nd1S05060,L,True
669463,2,1.387868,590178;591207,/Users/odon/Desktop/intro_to_iris_recognition/Week 1/NDCVRL_002 Dataset/raw/nd1S05044/Right/669463.tiff,nd1S05044,R,True
283014,1,1.388008,1065066,/Users/odon/Desktop/intro_to_iris_recognition/Week 1/NDCVRL_002 Dataset/raw/nd1S05508/Left/283014.tiff,nd1S05508,L,True
895494,3,1.388093,860159;764333;870378,/Users/odon/Desktop/intro_to_iris_recognition/Week 1/NDCVRL_002 Dataset/raw/nd1S06217/Left/895494.tiff,nd1S06217,L,True
729009,2,1.388124,870582;436032,/Users/odon/Desktop/intro_to_iris_recognition/Week 1/NDCVRL_002 Dataset/raw/nd1S05675/Left/729009.tiff,nd1S05675,L,True
870582,1,1.388124,729009,/Users/odon/Desktop/intro_to_iris_recognition/Week 1/NDCVRL_002 Dataset/raw/nd1S05735/Right/870582.tiff,nd1S05735,R,True
204059,1,1.388138,280057,/Users/odon/Desktop/intro_to_iris_recognition/Week 1/NDCVRL_002 Dataset/raw/nd1S02463/Left/204059.tiff,nd1S02463,L,True
280057,1,1.388138,204059,/Users/odon/Desktop/intro_to_iris_recognition/Week 1/NDCVRL_002 Dataset/raw/nd1S05694/Right/280057.tiff,nd1S05694,R,True
229068,1,1.388170,1089963,/Users/odon/Desktop/intro_to_iris_recognition/Week 1/NDCVRL_002 Dataset/raw/nd1S05271/Left/229068.tiff,nd1S05271,L,True
707675,1,1.388262,898677,/Users/odon/Desktop/intro_to_iris_recognition/Week 1/NDCVRL_002 Dataset/raw/nd1S05714/Left/707675.tiff,nd1S05714,L,True
898677,1,1.388262,707675,/Users/odon/Desktop/intro_to_iris_recognition/Week 1/NDCVRL_002 Dataset/raw/nd1S05735/Left/898677.tiff,nd1S05735,L,True
1103818,1,1.388270,345819,/Users/odon/Desktop/intro_to_iris_recognition/Week 1/NDCVRL_002 Dataset/raw/nd1S06505/Left/1103818.tiff,nd1S06505,L,True
345819,1,1.388270,1103818,/Users/odon/Desktop/intro_to_iris_recognition/Week 1/NDCVRL_002 Dataset/raw/nd1S05682/Left/345819.tiff,nd1S05682,L,True
539517,1,1.388277,443623,/Users/odon/Desktop/intro_to_iris_recognition/Week 1/NDCVRL_002 Dataset/raw/nd1S05974/Right/539517.tiff,nd1S05974,R,True
1056679,1,1.388324,726510,/Users/odon/Desktop/intro_to_iris_recognition/Week 1/NDCVRL_002 Dataset/raw/nd1S06131/Left/1056679.tiff,nd1S06131,L,True
726510,1,1.388324,1056679,/Users/odon/Desktop/intro_to_iris_recognition/Week 1/NDCVRL_002 Dataset/raw/nd1S05708/Right/726510.tiff,nd1S05708,R,True
1034760,2,1.388346,237912;1110824,/Users/odon/Desktop/intro_to_iris_recognition/Week 1/NDCVRL_002 Dataset/raw/nd1S06793/Right/1034760.tiff,nd1S06793,R,True
237912,1,1.388346,1034760,/Users/odon/Desktop/intro_to_iris_recognition/Week 1/NDCVRL_002 Dataset/raw/nd1S05405/Right/237912.tiff,nd1S05405,R,True
831095,1,1.388429,303551,/Users/odon/Desktop/intro_to_iris_recognition/Week 1/NDCVRL_002 Dataset/raw/nd1S06044/Left/831095.tiff,nd1S06044,L,True
286866,1,1.388437,607285,/Users/odon/Desktop/intro_to_iris_recognition/Week 1/NDCVRL_002 Dataset/raw/nd1S05600/Right/286866.tiff,nd1S05600,R,True
607285,1,1.388437,286866,/Users/odon/Desktop/intro_to_iris_recognition/Week 1/NDCVRL_002 Dataset/raw/nd1S05624/Left/607285.tiff,nd1S05624,L,True
764333,1,1.388456,895494,/Users/odon/Desktop/intro_to_iris_recognition/Week 1/NDCVRL_002 Dataset/raw/nd1S06221/Right/764333.tiff,nd1S06221,R,True
590182,1,1.388465,994507,/Users/odon/Desktop/intro_to_iris_recognition/Week 1/NDCVRL_002 Dataset/raw/nd1S05970/Right/590182.tiff,nd1S05970,R,True
410800,2,1.388505,511835;603486,/Users/odon/Desktop/intro_to_iris_recognition/Week 1/NDCVRL_002 Dataset/raw/nd1S05511/Left/410800.tiff,nd1S05511,L,True
511835,1,1.388505,410800,/Users/odon/Desktop/intro_to_iris_recognition/Week 1/NDCVRL_002 Dataset/raw/nd1S05766/Left/511835.tiff,nd1S05766,L,True
764442,2,1.388507,710752;788788,/Users/odon/Desktop/intro_to_iris_recognition/Week 1/NDCVRL_002 Dataset/raw/nd1S04418/Left/764442.tiff,nd1S04418,L,True
244163,1,1.388575,539045,/Users/odon/Desktop/intro_to_iris_recognition/Week 1/NDCVRL_002 Dataset/raw/nd1S05405/Right/244163.tiff,nd1S05405,R,True
539045,1,1.388575,244163,/Users/odon/Desktop/intro_to_iris_recognition/Week 1/NDCVRL_002 Dataset/raw/nd1S05970/Right/539045.tiff,nd1S05970,R,True
725803,1,1.388862,789389,/Users/odon/Desktop/intro_to_iris_recognition/Week 1/NDCVRL_002 Dataset/raw/nd1S06118/Right/725803.tiff,nd1S06118,R,True
789389,1,1.388862,725803,/Users/odon/Desktop/intro_to_iris_recognition/Week 1/NDCVRL_002 Dataset/raw/nd1S05321/Left/789389.tiff,nd1S05321,L,True
705267,2,1.388868,527713;259464,/Users/odon/Desktop/intro_to_iris_recognition/Week 1/NDCVRL_002 Dataset/raw/nd1S05379/Left/705267.tiff,nd1S05379,L,True
527713,1,1.388868,705267,/Users/odon/Desktop/intro_to_iris_recognition/Week 1/NDCVRL_002 Dataset/raw/nd1S05999/Left/527713.tiff,nd1S05999,L,True
1192855,1,1.388898,676514,/Users/odon/Desktop/intro_to_iris_recognition/Week 1/NDCVRL_002 Dataset/raw/nd1S04261/Left/1192855.tiff,nd1S04261,L,True
676514,1,1.388898,1192855,/Users/odon/Desktop/intro_to_iris_recognition/Week 1/NDCVRL_002 Dataset/raw/nd1S05742/Right/676514.tiff,nd1S05742,R,True
1018280,1,1.388931,519188,/Users/odon/Desktop/intro_to_iris_recognition/Week 1/NDCVRL_002 Dataset/raw/nd1S06868/Left/1018280.tiff,nd1S06868,L,True
519188,1,1.388931,1018280,/Users/odon/Desktop/intro_to_iris_recognition/Week 1/NDCVRL_002 Dataset/raw/nd1S06082/Left/519188.tiff,nd1S06082,L,True
229191,1,1.388962,1064394,/Users/odon/Desktop/intro_to_iris_recognition/Week 1/NDCVRL_002 Dataset/raw/nd1S05044/Right/229191.tiff,nd1S05044,R,True
415502,1,1.388999,871254,/Users/odon/Desktop/intro_to_iris_recognition/Week 1/NDCVRL_002 Dataset/raw/nd1S05857/Right/415502.tiff,nd1S05857,R,True
871254,1,1.388999,415502,/Users/odon/Desktop/intro_to_iris_recognition/Week 1/NDCVRL_002 Dataset/raw/nd1S06129/Left/871254.tiff,nd1S06129,L,True
701360,1,1.389002,241063,/Users/odon/Desktop/intro_to_iris_recognition/Week 1/NDCVRL_002 Dataset/raw/nd1S05970/Left/701360.tiff,nd1S05970,L,True
1066925,1,1.389037,755971,/Users/odon/Desktop/intro_to_iris_recognition/Week 1/NDCVRL_002 Dataset/raw/nd1S05871/Left/1066925.tiff,nd1S05871,L,True
755971,1,1.389037,1066925,/Users/odon/Desktop/intro_to_iris_recognition/Week 1/NDCVRL_002 Dataset/raw/nd1S06352/Left/755971.tiff,nd1S06352,L,True
1152289,1,1.389043,374149,/Users/odon/Desktop/intro_to_iris_recognition/Week 1/NDCVRL_002 Dataset/raw/nd1S07015/Right/1152289.tiff,nd1S07015,R,True
529063,1,1.389067,897526,/Users/odon/Desktop/intro_to_iris_recognition/Week 1/NDCVRL_002 Dataset/raw/nd1S05308/Left/529063.tiff,nd1S05308,L,True
897526,1,1.389067,529063,/Users/odon/Desktop/intro_to_iris_recognition/Week 1/NDCVRL_002 Dataset/raw/nd1S05735/Left/897526.tiff,nd1S05735,L,True
529986,1,1.389193,611504,/Users/odon/Desktop/intro_to_iris_recognition/Week 1/NDCVRL_002 Dataset/raw/nd1S05957/Right/529986.tiff,nd1S05957,R,True
611504,1,1.389193,529986,/Users/odon/Desktop/intro_to_iris_recognition/Week 1/NDCVRL_002 Dataset/raw/nd1S05842/Left/611504.tiff,nd1S05842,L,True
603487,1,1.389209,862716,/Users/odon/Desktop/intro_to_iris_recognition/Week 1/NDCVRL_002 Dataset/raw/nd1S05713/Left/603487.tiff,nd1S05713,L,True
700970,1,1.389252,724185,/Users/odon/Desktop/intro_to_iris_recognition/Week 1/NDCVRL_002 Dataset/raw/nd1S05863/Left/700970.tiff,nd1S05863,L,True
724185,1,1.389252,700970,/Users/odon/Desktop/intro_to_iris_recognition/Week 1/NDCVRL_002 Dataset/raw/nd1S06391/Left/724185.tiff,nd1S06391,L,True
520931,1,1.389254,165442,/Users/odon/Desktop/intro_to_iris_recognition/Week 1/NDCVRL_002 Dataset/raw/nd1S06079/Left/520931.tiff,nd1S06079,L,True
1129398,1,1.389261,1132232,/Users/odon/Desktop/intro_to_iris_recognition/Week 1/NDCVRL_002 Dataset/raw/nd1S05856/Left/1129398.tiff,nd1S05856,L,True
1132232,1,1.389261,1129398,/Users/odon/Desktop/intro_to_iris_recognition/Week 1/NDCVRL_002 Dataset/raw/nd1S05321/Right/1132232.tiff,nd1S05321,R,True
933168,2,1.389264,229070;665214,/Users/odon/Desktop/intro_to_iris_recognition/Week 1/NDCVRL_002 Dataset/raw/nd1S05881/Left/933168.tiff,nd1S05881,L,True
437343,2,1.389278,659280;990703,/Users/odon/Desktop/intro_to_iris_recognition/Week 1/NDCVRL_002 Dataset/raw/nd1S05675/Left/437343.tiff,nd1S05675,L,True
659280,1,1.389278,437343,/Users/odon/Desktop/intro_to_iris_recognition/Week 1/NDCVRL_002 Dataset/raw/nd1S05096/Right/659280.tiff,nd1S05096,R,True
185637,1,1.389290,664353,/Users/odon/Desktop/intro_to_iris_recognition/Week 1/NDCVRL_002 Dataset/raw/nd1S04684/Left/185637.tiff,nd1S04684,L,True
664353,1,1.389290,185637,/Users/odon/Desktop/intro_to_iris_recognition/Week 1/NDCVRL_002 Dataset/raw/nd1S04667/Left/664353.tiff,nd1S04667,L,True
1044449,1,1.389328,911393,/Users/odon/Desktop/intro_to_iris_recognition/Week 1/NDCVRL_002 Dataset/raw/nd1S05379/Left/1044449.tiff,nd1S05379,L,True
911393,1,1.389328,1044449,/Users/odon/Desktop/intro_to_iris_recognition/Week 1/NDCVRL_002 Dataset/raw/nd1S05541/Left/911393.tiff,nd1S05541,L,True
1152268,2,1.389421,724700;900104,/Users/odon/Desktop/intro_to_iris_recognition/Week 1/NDCVRL_002 Dataset/raw/nd1S07015/Right/1152268.tiff,nd1S07015,R,True
724700,1,1.389421,1152268,/Users/odon/Desktop/intro_to_iris_recognition/Week 1/NDCVRL_002 Dataset/raw/nd1S05808/Right/724700.tiff,nd1S05808,R,True
283005,1,1.389441,513632,/Users/odon/Desktop/intro_to_iris_recognition/Week 1/NDCVRL_002 Dataset/raw/nd1S05508/Left/283005.tiff,nd1S05508,L,True
513632,1,1.389441,283005,/Users/odon/Desktop/intro_to_iris_recognition/Week 1/NDCVRL_002 Dataset/raw/nd1S05884/Left/513632.tiff,nd1S05884,L,True
1192239,2,1.389453,868614;396755,/Users/odon/Desktop/intro_to_iris_recognition/Week 1/NDCVRL_002 Dataset/raw/nd1S07015/Left/1192239.tiff,nd1S07015,L,True
1107805,1,1.389469,542146,/Users/odon/Desktop/intro_to_iris_recognition/Week 1/NDCVRL_002 Dataset/raw/nd1S05871/Right/1107805.tiff,nd1S05871,R,True
542146,1,1.389469,1107805,/Users/odon/Desktop/intro_to_iris_recognition/Week 1/NDCVRL_002 Dataset/raw/nd1S06091/Left/542146.tiff,nd1S06091,L,True
415504,1,1.389507,660181,/Users/odon/Desktop/intro_to_iris_recognition/Week 1/NDCVRL_002 Dataset/raw/nd1S05857/Right/415504.tiff,nd1S05857,R,True
660181,1,1.389507,415504,/Users/odon/Desktop/intro_to_iris_recognition/Week 1/NDCVRL_002 Dataset/raw/nd1S05091/Right/660181.tiff,nd1S05091,R,True
668551,1,1.389543,511817,/Users/odon/Desktop/intro_to_iris_recognition/Week 1/NDCVRL_002 Dataset/raw/nd1S05338/Right/668551.tiff,nd1S05338,R,True
947571,1,1.389566,869151,/Users/odon/Desktop/intro_to_iris_recognition/Week 1/NDCVRL_002 Dataset/raw/nd1S05624/Right/947571.tiff,nd1S05624,R,True
660390,2,1.389576,1014981;934651,/Users/odon/Desktop/intro_to_iris_recognition/Week 1/NDCVRL_002 Dataset/raw/nd1S05280/Left/660390.tiff,nd1S05280,L,True
1014981,1,1.389576,660390,/Users/odon/Desktop/intro_to_iris_recognition/Week 1/NDCVRL_002 Dataset/raw/nd1S05889/Left/1014981.tiff,nd1S05889,L,True
278605,1,1.389586,664352,/Users/odon/Desktop/intro_to_iris_recognition/Week 1/NDCVRL_002 Dataset/raw/nd1S05694/Right/278605.tiff,nd1S05694,R,True
664352,1,1.389586,278605,/Users/odon/Desktop/intro_to_iris_recognition/Week 1/NDCVRL_002 Dataset/raw/nd1S04667/Left/664352.tiff,nd1S04667,L,True
231635,1,1.389616,228393,/Users/odon/Desktop/intro_to_iris_recognition/Week 1/NDCVRL_002 Dataset/raw/nd1S05271/Right/231635.tiff,nd1S05271,R,True
602003,1,1.389692,944722,/Users/odon/Desktop/intro_to_iris_recognition/Week 1/NDCVRL_002 Dataset/raw/nd1S05857/Right/602003.tiff,nd1S05857,R,True
944722,1,1.389692,602003,/Users/odon/Desktop/intro_to_iris_recognition/Week 1/NDCVRL_002 Dataset/raw/nd1S05624/Right/944722.tiff,nd1S05624,R,True
511261,2,1.389831,228393;1109513,/Users/odon/Desktop/intro_to_iris_recognition/Week 1/NDCVRL_002 Dataset/raw/nd1S05999/Right/511261.tiff,nd1S05999,R,True
934651,1,1.389908,660390,/Users/odon/Desktop/intro_to_iris_recognition/Week 1/NDCVRL_002 Dataset/raw/nd1S05288/Left/934651.tiff,nd1S05288,L,True
559348,1,1.390073,832188,/Users/odon/Desktop/intro_to_iris_recognition/Week 1/NDCVRL_002 Dataset/raw/nd1S05321/Left/559348.tiff,nd1S05321,L,True
832188,1,1.390073,559348,/Users/odon/Desktop/intro_to_iris_recognition/Week 1/NDCVRL_002 Dataset/raw/nd1S06505/Left/832188.tiff,nd1S06505,L,True
420605,1,1.390121,858175,/Users/odon/Desktop/intro_to_iris_recognition/Week 1/NDCVRL_002 Dataset/raw/nd1S05810/Left/420605.tiff,nd1S05810,L,True
858175,1,1.390121,420605,/Users/odon/Desktop/intro_to_iris_recognition/Week 1/NDCVRL_002 Dataset/raw/nd1S06352/Right/858175.tiff,nd1S06352,R,True
832000,1,1.390122,990823,/Users/odon/Desktop/intro_to_iris_recognition/Week 1/NDCVRL_002 Dataset/raw/nd1S06044/Left/832000.tiff,nd1S06044,L,True
990823,1,1.390122,832000,/Users/odon/Desktop/intro_to_iris_recognition/Week 1/NDCVRL_002 Dataset/raw/nd1S06793/Left/990823.tiff,nd1S06793,L,True
605871,2,1.390186,660543;1112200,/Users/odon/Desktop/intro_to_iris_recognition/Week 1/NDCVRL_002 Dataset/raw/nd1S05270/Right/605871.tiff,nd1S05270,R,True
660543,2,1.390186,605871;660547,/Users/odon/Desktop/intro_to_iris_recognition/Week 1/NDCVRL_002 Dataset/raw/nd1S05216/Left/660543.tiff,nd1S05216,L,True
1102810,1,1.390201,304203,/Users/odon/Desktop/intro_to_iris_recognition/Week 1/NDCVRL_002 Dataset/raw/nd1S06793/Right/1102810.tiff,nd1S06793,R,True
304203,1,1.390201,1102810,/Users/odon/Desktop/intro_to_iris_recognition/Week 1/NDCVRL_002 Dataset/raw/nd1S05653/Left/304203.tiff,nd1S05653,L,True
660394,2,1.390207,237385;237388,/Users/odon/Desktop/intro_to_iris_recognition/Week 1/NDCVRL_002 Dataset/raw/nd1S05280/Left/660394.tiff,nd1S05280,L,True
237385,1,1.390207,660394,/Users/odon/Desktop/intro_to_iris_recognition/Week 1/NDCVRL_002 Dataset/raw/nd1S05256/Left/237385.tiff,nd1S05256,L,True
518331,1,1.390263,602718,/Users/odon/Desktop/intro_to_iris_recognition/Week 1/NDCVRL_002 Dataset/raw/nd1S05373/Right/518331.tiff,nd1S05373,R,True
660375,1,1.390270,705913,/Users/odon/Desktop/intro_to_iris_recognition/Week 1/NDCVRL_002 Dataset/raw/nd1S05279/Right/660375.tiff,nd1S05279,R,True
705913,1,1.390270,660375,/Users/odon/Desktop/intro_to_iris_recognition/Week 1/NDCVRL_002 Dataset/raw/nd1S06344/Left/705913.tiff,nd1S06344,L,True
656698,1,1.390274,819148,/Users/odon/Desktop/intro_to_iris_recognition/Week 1/NDCVRL_002 Dataset/raw/nd1S05044/Right/656698.tiff,nd1S05044,R,True
819148,1,1.390274,656698,/Users/odon/Desktop/intro_to_iris_recognition/Week 1/NDCVRL_002 Dataset/raw/nd1S05321/Right/819148.tiff,nd1S05321,R,True
1112190,1,1.390453,450345,/Users/odon/Desktop/intro_to_iris_recognition/Week 1/NDCVRL_002 Dataset/raw/nd1S04394/Left/1112190.tiff,nd1S04394,L,True
450345,1,1.390453,1112190,/Users/odon/Desktop/intro_to_iris_recognition/Week 1/NDCVRL_002 Dataset/raw/nd1S05870/Left/450345.tiff,nd1S05870,L,True
303476,1,1.390499,517944,/Users/odon/Desktop/intro_to_iris_recognition/Week 1/NDCVRL_002 Dataset/raw/nd1S05695/Right/303476.tiff,nd1S05695,R,True
517944,1,1.390499,303476,/Users/odon/Desktop/intro_to_iris_recognition/Week 1/NDCVRL_002 Dataset/raw/nd1S05845/Left/517944.tiff,nd1S05845,L,True
541046,1,1.390548,667588,/Users/odon/Desktop/intro_to_iris_recognition/Week 1/NDCVRL_002 Dataset/raw/nd1S04649/Left/541046.tiff,nd1S04649,L,True
667588,1,1.390548,541046,/Users/odon/Desktop/intro_to_iris_recognition/Week 1/NDCVRL_002 Dataset/raw/nd1S05308/Left/667588.tiff,nd1S05308,L,True
1013655,2,1.390549,830750;757435,/Users/odon/Desktop/intro_to_iris_recognition/Week 1/NDCVRL_002 Dataset/raw/nd1S02463/Left/1013655.tiff,nd1S02463,L,True
830750,1,1.390549,1013655,/Users/odon/Desktop/intro_to_iris_recognition/Week 1/NDCVRL_002 Dataset/raw/nd1S06352/Right/830750.tiff,nd1S06352,R,True
971416,2,1.390575,449966;412626,/Users/odon/Desktop/intro_to_iris_recognition/Week 1/NDCVRL_002 Dataset/raw/nd1S05246/Right/971416.tiff,nd1S05246,R,True
449966,1,1.390575,971416,/Users/odon/Desktop/intro_to_iris_recognition/Week 1/NDCVRL_002 Dataset/raw/nd1S05597/Left/449966.tiff,nd1S05597,L,True
762337,2,1.390594,160252;764875,/Users/odon/Desktop/intro_to_iris_recognition/Week 1/NDCVRL_002 Dataset/raw/nd1S05766/Left/762337.tiff,nd1S05766,L,True
160252,1,1.390594,762337,/Users/odon/Desktop/intro_to_iris_recognition/Week 1/NDCVRL_002 Dataset/raw/nd1S04684/Left/160252.tiff,nd1S04684,L,True
665954,1,1.390720,868614,/Users/odon/Desktop/intro_to_iris_recognition/Week 1/NDCVRL_002 Dataset/raw/nd1S05289/Left/665954.tiff,nd1S05289,L,True
256701,2,1.390727,706256;911385,/Users/odon/Desktop/intro_to_iris_recognition/Week 1/NDCVRL_002 Dataset/raw/nd1S05508/Left/256701.tiff,nd1S05508,L,True
706256,2,1.390727,256701;944600,/Users/odon/Desktop/intro_to_iris_recognition/Week 1/NDCVRL_002 Dataset/raw/nd1S06300/Left/706256.tiff,nd1S06300,L,True
415409,1,1.390781,450154,/Users/odon/Desktop/intro_to_iris_recognition/Week 1/NDCVRL_002 Dataset/raw/nd1S05932/Left/415409.tiff,nd1S05932,L,True
660645,1,1.390900,615069,/Users/odon/Desktop/intro_to_iris_recognition/Week 1/NDCVRL_002 Dataset/raw/nd1S05214/Right/660645.tiff,nd1S05214,R,True
1155337,1,1.390911,519781,/Users/odon/Desktop/intro_to_iris_recognition/Week 1/NDCVRL_002 Dataset/raw/nd1S07015/Right/1155337.tiff,nd1S07015,R,True
1062873,1,1.390925,904425,/Users/odon/Desktop/intro_to_iris_recognition/Week 1/NDCVRL_002 Dataset/raw/nd1S05889/Left/1062873.tiff,nd1S05889,L,True
615305,1,1.390925,668992,/Users/odon/Desktop/intro_to_iris_recognition/Week 1/NDCVRL_002 Dataset/raw/nd1S05863/Left/615305.tiff,nd1S05863,L,True
904425,1,1.390925,1062873,/Users/odon/Desktop/intro_to_iris_recognition/Week 1/NDCVRL_002 Dataset/raw/nd1S05742/Left/904425.tiff,nd1S05742,L,True
661424,1,1.390941,696539,/Users/odon/Desktop/intro_to_iris_recognition/Week 1/NDCVRL_002 Dataset/raw/nd1S04667/Left/661424.tiff,nd1S04667,L,True
696539,1,1.390941,661424,/Users/odon/Desktop/intro_to_iris_recognition/Week 1/NDCVRL_002 Dataset/raw/nd1S06352/Left/696539.tiff,nd1S06352,L,True
667018,1,1.391049,682834,/Users/odon/Desktop/intro_to_iris_recognition/Week 1/NDCVRL_002 Dataset/raw/nd1S05284/Left/667018.tiff,nd1S05284,L,True
682834,1,1.391049,667018,/Users/odon/Desktop/intro_to_iris_recognition/Week 1/NDCVRL_002 Dataset/raw/nd1S05742/Right/682834.tiff,nd1S05742,R,True
1152104,1,1.391070,942815,/Users/odon/Desktop/intro_to_iris_recognition/Week 1/NDCVRL_002 Dataset/raw/nd1S07015/Right/1152104.tiff,nd1S07015,R,True
942815,1,1.391070,1152104,/Users/odon/Desktop/intro_to_iris_recognition/Week 1/NDCVRL_002 Dataset/raw/nd1S06300/Left/942815.tiff,nd1S06300,L,True
1018283,1,1.391093,668903,/Users/odon/Desktop/intro_to_iris_recognition/Week 1/NDCVRL_002 Dataset/raw/nd1S06868/Left/1018283.tiff,nd1S06868,L,True
668903,1,1.391093,1018283,/Users/odon/Desktop/intro_to_iris_recognition/Week 1/NDCVRL_002 Dataset/raw/nd1S05340/Left/668903.tiff,nd1S05340,L,True
266392,1,1.391157,668645,/Users/odon/Desktop/intro_to_iris_recognition/Week 1/NDCVRL_002 Dataset/raw/nd1S05682/Left/266392.tiff,nd1S05682,L,True
539803,1,1.391192,583410,/Users/odon/Desktop/intro_to_iris_recognition/Week 1/NDCVRL_002 Dataset/raw/nd1S05456/Left/539803.tiff,nd1S05456,L,True
178513,2,1.391301,939286;271092,/Users/odon/Desktop/intro_to_iris_recognition/Week 1/NDCVRL_002 Dataset/raw/nd1S04394/Right/178513.tiff,nd1S04394,R,True
939286,1,1.391301,178513,/Users/odon/Desktop/intro_to_iris_recognition/Week 1/NDCVRL_002 Dataset/raw/nd1S06760/Right/939286.tiff,nd1S06760,R,True
1112911,1,1.391308,911153,/Users/odon/Desktop/intro_to_iris_recognition/Week 1/NDCVRL_002 Dataset/raw/nd1S05954/Left/1112911.tiff,nd1S05954,L,True
911153,1,1.391308,1112911,/Users/odon/Desktop/intro_to_iris_recognition/Week 1/NDCVRL_002 Dataset/raw/nd1S05842/Left/911153.tiff,nd1S05842,L,True
259464,1,1.391356,705267,/Users/odon/Desktop/intro_to_iris_recognition/Week 1/NDCVRL_002 Dataset/raw/nd1S05315/Left/259464.tiff,nd1S05315,L,True
660405,1,1.391395,1059241,/Users/odon/Desktop/intro_to_iris_recognition/Week 1/NDCVRL_002 Dataset/raw/nd1S05281/Left/660405.tiff,nd1S05281,L,True
542470,1,1.391573,682460,/Users/odon/Desktop/intro_to_iris_recognition/Week 1/NDCVRL_002 Dataset/raw/nd1S05624/Right/542470.tiff,nd1S05624,R,True
682460,1,1.391573,542470,/Users/odon/Desktop/intro_to_iris_recognition/Week 1/NDCVRL_002 Dataset/raw/nd1S06110/Right/682460.tiff,nd1S06110,R,True
591982,2,1.391599,825314;558566,/Users/odon/Desktop/intro_to_iris_recognition/Week 1/NDCVRL_002 Dataset/raw/nd1S05749/Left/591982.tiff,nd1S05749,L,True
825314,1,1.391599,591982,/Users/odon/Desktop/intro_to_iris_recognition/Week 1/NDCVRL_002 Dataset/raw/nd1S06044/Left/825314.tiff,nd1S06044,L,True
416600,1,1.391610,452152,/Users/odon/Desktop/intro_to_iris_recognition/Week 1/NDCVRL_002 Dataset/raw/nd1S05456/Right/416600.tiff,nd1S05456,R,True
452152,1,1.391610,416600,/Users/odon/Desktop/intro_to_iris_recognition/Week 1/NDCVRL_002 Dataset/raw/nd1S05999/Right/452152.tiff,nd1S05999,R,True
664808,1,1.391611,666193,/Users/odon/Desktop/intro_to_iris_recognition/Week 1/NDCVRL_002 Dataset/raw/nd1S04683/Left/664808.tiff,nd1S04683,L,True
666193,1,1.391611,664808,/Users/odon/Desktop/intro_to_iris_recognition/Week 1/NDCVRL_002 Dataset/raw/nd1S05044/Right/666193.tiff,nd1S05044,R,True
258134,1,1.391645,1012191,/Users/odon/Desktop/intro_to_iris_recognition/Week 1/NDCVRL_002 Dataset/raw/nd1S05511/Left/258134.tiff,nd1S05511,L,True
1065335,1,1.391648,529066,/Users/odon/Desktop/intro_to_iris_recognition/Week 1/NDCVRL_002 Dataset/raw/nd1S06927/Right/1065335.tiff,nd1S06927,R,True
283636,1,1.391650,554137,/Users/odon/Desktop/intro_to_iris_recognition/Week 1/NDCVRL_002 Dataset/raw/nd1S05317/Right/283636.tiff,nd1S05317,R,True
554137,1,1.391650,283636,/Users/odon/Desktop/intro_to_iris_recognition/Week 1/NDCVRL_002 Dataset/raw/nd1S04649/Left/554137.tiff,nd1S04649,L,True
725209,1,1.391685,659701,/Users/odon/Desktop/intro_to_iris_recognition/Week 1/NDCVRL_002 Dataset/raw/nd1S05974/Right/725209.tiff,nd1S05974,R,True
417225,2,1.391768,513406;513397,/Users/odon/Desktop/intro_to_iris_recognition/Week 1/NDCVRL_002 Dataset/raw/nd1S05271/Left/417225.tiff,nd1S05271,L,True
513406,1,1.391768,417225,/Users/odon/Desktop/intro_to_iris_recognition/Week 1/NDCVRL_002 Dataset/raw/nd1S05999/Right/513406.tiff,nd1S05999,R,True
659439,2,1.391778,660292;994517,/Users/odon/Desktop/intro_to_iris_recognition/Week 1/NDCVRL_002 Dataset/raw/nd1S05270/Right/659439.tiff,nd1S05270,R,True
660292,1,1.391778,659439,/Users/odon/Desktop/intro_to_iris_recognition/Week 1/NDCVRL_002 Dataset/raw/nd1S05060/Right/660292.tiff,nd1S05060,R,True
659477,1,1.391817,217090,/Users/odon/Desktop/intro_to_iris_recognition/Week 1/NDCVRL_002 Dataset/raw/nd1S05271/Left/659477.tiff,nd1S05271,L,True
374137,1,1.391910,542481,/Users/odon/Desktop/intro_to_iris_recognition/Week 1/NDCVRL_002 Dataset/raw/nd1S04701/Left/374137.tiff,nd1S04701,L,True
542481,1,1.391910,374137,/Users/odon/Desktop/intro_to_iris_recognition/Week 1/NDCVRL_002 Dataset/raw/nd1S05624/Left/542481.tiff,nd1S05624,L,True
1043394,1,1.392045,578832,/Users/odon/Desktop/intro_to_iris_recognition/Week 1/NDCVRL_002 Dataset/raw/nd1S05310/Right/1043394.tiff,nd1S05310,R,True
578832,1,1.392045,1043394,/Users/odon/Desktop/intro_to_iris_recognition/Week 1/NDCVRL_002 Dataset/raw/nd1S05713/Left/578832.tiff,nd1S05713,L,True
1012909,1,1.392073,705661,/Users/odon/Desktop/intro_to_iris_recognition/Week 1/NDCVRL_002 Dataset/raw/nd1S06793/Left/1012909.tiff,nd1S06793,L,True
705661,1,1.392073,1012909,/Users/odon/Desktop/intro_to_iris_recognition/Week 1/NDCVRL_002 Dataset/raw/nd1S06110/Right/705661.tiff,nd1S06110,R,True
668550,2,1.392087,583995;537379,/Users/odon/Desktop/intro_to_iris_recognition/Week 1/NDCVRL_002 Dataset/raw/nd1S05338/Right/668550.tiff,nd1S05338,R,True
659410,2,1.392172,860409;412295,/Users/odon/Desktop/intro_to_iris_recognition/Week 1/NDCVRL_002 Dataset/raw/nd1S05269/Left/659410.tiff,nd1S05269,L,True
829089,4,1.392181,660981;870379;858299;758408,/Users/odon/Desktop/intro_to_iris_recognition/Week 1/NDCVRL_002 Dataset/raw/nd1S05624/Right/829089.tiff,nd1S05624,R,True
660981,1,1.392181,829089,/Users/odon/Desktop/intro_to_iris_recognition/Week 1/NDCVRL_002 Dataset/raw/nd1S05049/Right/660981.tiff,nd1S05049,R,True
969902,2,1.392240,903081;710103,/Users/odon/Desktop/intro_to_iris_recognition/Week 1/NDCVRL_002 Dataset/raw/nd1S05889/Left/969902.tiff,nd1S05889,L,True
432297,1,1.392268,832189,/Users/odon/Desktop/intro_to_iris_recognition/Week 1/NDCVRL_002 Dataset/raw/nd1S05501/Right/432297.tiff,nd1S05501,R,True
832189,1,1.392268,432297,/Users/odon/Desktop/intro_to_iris_recognition/Week 1/NDCVRL_002 Dataset/raw/nd1S06505/Left/832189.tiff,nd1S06505,L,True
541533,1,1.392344,611427,/Users/odon/Desktop/intro_to_iris_recognition/Week 1/NDCVRL_002 Dataset/raw/nd1S06128/Right/541533.tiff,nd1S06128,R,True
611427,1,1.392344,541533,/Users/odon/Desktop/intro_to_iris_recognition/Week 1/NDCVRL_002 Dataset/raw/nd1S05308/Left/611427.tiff,nd1S05308,L,True
661008,2,1.392413,935116;665961,/Users/odon/Desktop/intro_to_iris_recognition/Week 1/NDCVRL_002 Dataset/raw/nd1S05287/Right/661008.tiff,nd1S05287,R,True
935116,1,1.392413,661008,/Users/odon/Desktop/intro_to_iris_recognition/Week 1/NDCVRL_002 Dataset/raw/nd1S05379/Left/935116.tiff,nd1S05379,L,True
237388,1,1.392558,660394,/Users/odon/Desktop/intro_to_iris_recognition/Week 1/NDCVRL_002 Dataset/raw/nd1S05256/Left/237388.tiff,nd1S05256,L,True
1019972,1,1.392741,659496,/Users/odon/Desktop/intro_to_iris_recognition/Week 1/NDCVRL_002 Dataset/raw/nd1S06868/Left/1019972.tiff,nd1S06868,L,True
659496,1,1.392741,1019972,/Users/odon/Desktop/intro_to_iris_recognition/Week 1/NDCVRL_002 Dataset/raw/nd1S05271/Right/659496.tiff,nd1S05271,R,True
725626,1,1.392753,871593,/Users/odon/Desktop/intro_to_iris_recognition/Week 1/NDCVRL_002 Dataset/raw/nd1S06345/Right/725626.tiff,nd1S06345,R,True
871593,1,1.392753,725626,/Users/odon/Desktop/intro_to_iris_recognition/Week 1/NDCVRL_002 Dataset/raw/nd1S05407/Right/871593.tiff,nd1S05407,R,True
1148984,1,1.392766,707072,/Users/odon/Desktop/intro_to_iris_recognition/Week 1/NDCVRL_002 Dataset/raw/nd1S07015/Right/1148984.tiff,nd1S07015,R,True
710103,1,1.392818,969902,/Users/odon/Desktop/intro_to_iris_recognition/Week 1/NDCVRL_002 Dataset/raw/nd1S06500/Left/710103.tiff,nd1S06500,L,True
696395,1,1.392853,1135295,/Users/odon/Desktop/intro_to_iris_recognition/Week 1/NDCVRL_002 Dataset/raw/nd1S05033/Right/696395.tiff,nd1S05033,R,True
869796,2,1.392860,896443;830753,/Users/odon/Desktop/intro_to_iris_recognition/Week 1/NDCVRL_002 Dataset/raw/nd1S06129/Left/869796.tiff,nd1S06129,L,True
896443,1,1.392860,869796,/Users/odon/Desktop/intro_to_iris_recognition/Week 1/NDCVRL_002 Dataset/raw/nd1S05735/Left/896443.tiff,nd1S05735,L,True
401487,1,1.392875,1192881,/Users/odon/Desktop/intro_to_iris_recognition/Week 1/NDCVRL_002 Dataset/raw/nd1S05742/Right/401487.tiff,nd1S05742,R,True
1131736,1,1.392957,694820,/Users/odon/Desktop/intro_to_iris_recognition/Week 1/NDCVRL_002 Dataset/raw/nd1S06118/Right/1131736.tiff,nd1S06118,R,True
694820,1,1.392957,1131736,/Users/odon/Desktop/intro_to_iris_recognition/Week 1/NDCVRL_002 Dataset/raw/nd1S05587/Right/694820.tiff,nd1S05587,R,True
1034936,1,1.392979,1129235,/Users/odon/Desktop/intro_to_iris_recognition/Week 1/NDCVRL_002 Dataset/raw/nd1S05963/Right/1034936.tiff,nd1S05963,R,True
1129235,1,1.392979,1034936,/Users/odon/Desktop/intro_to_iris_recognition/Week 1/NDCVRL_002 Dataset/raw/nd1S05742/Right/1129235.tiff,nd1S05742,R,True
189040,1,1.392987,259580,/Users/odon/Desktop/intro_to_iris_recognition/Week 1/NDCVRL_002 Dataset/raw/nd1S04851/Left/189040.tiff,nd1S04851,L,True
259580,1,1.392987,189040,/Users/odon/Desktop/intro_to_iris_recognition/Week 1/NDCVRL_002 Dataset/raw/nd1S05619/Left/259580.tiff,nd1S05619,L,True
793028,1,1.393043,864599,/Users/odon/Desktop/intro_to_iris_recognition/Week 1/NDCVRL_002 Dataset/raw/nd1S05868/Left/793028.tiff,nd1S05868,L,True
864599,1,1.393043,793028,/Users/odon/Desktop/intro_to_iris_recognition/Week 1/NDCVRL_002 Dataset/raw/nd1S05301/Right/864599.tiff,nd1S05301,R,True
1135287,1,1.393095,860159,/Users/odon/Desktop/intro_to_iris_recognition/Week 1/NDCVRL_002 Dataset/raw/nd1S05889/Left/1135287.tiff,nd1S05889,L,True
587567,1,1.393200,942642,/Users/odon/Desktop/intro_to_iris_recognition/Week 1/NDCVRL_002 Dataset/raw/nd1S06217/Left/587567.tiff,nd1S06217,L,True
942642,1,1.393200,587567,/Users/odon/Desktop/intro_to_iris_recognition/Week 1/NDCVRL_002 Dataset/raw/nd1S06793/Left/942642.tiff,nd1S06793,L,True
758901,2,1.393217,858309;1130649,/Users/odon/Desktop/intro_to_iris_recognition/Week 1/NDCVRL_002 Dataset/raw/nd1S05629/Left/758901.tiff,nd1S05629,L,True
858309,1,1.393217,758901,/Users/odon/Desktop/intro_to_iris_recognition/Week 1/NDCVRL_002 Dataset/raw/nd1S04649/Left/858309.tiff,nd1S04649,L,True
538532,2,1.393245,531442;277300,/Users/odon/Desktop/intro_to_iris_recognition/Week 1/NDCVRL_002 Dataset/raw/nd1S05963/Left/538532.tiff,nd1S05963,L,True
531442,1,1.393245,538532,/Users/odon/Desktop/intro_to_iris_recognition/Week 1/NDCVRL_002 Dataset/raw/nd1S05708/Left/531442.tiff,nd1S05708,L,True
856887,2,1.393260,996717;903070,/Users/odon/Desktop/intro_to_iris_recognition/Week 1/NDCVRL_002 Dataset/raw/nd1S05301/Left/856887.tiff,nd1S05301,L,True
996717,1,1.393260,856887,/Users/odon/Desktop/intro_to_iris_recognition/Week 1/NDCVRL_002 Dataset/raw/nd1S05932/Left/996717.tiff,nd1S05932,L,True
540999,1,1.393349,724277,/Users/odon/Desktop/intro_to_iris_recognition/Week 1/NDCVRL_002 Dataset/raw/nd1S06126/Right/540999.tiff,nd1S06126,R,True
724277,1,1.393349,540999,/Users/odon/Desktop/intro_to_iris_recognition/Week 1/NDCVRL_002 Dataset/raw/nd1S05970/Right/724277.tiff,nd1S05970,R,True
723394,1,1.393369,1064175,/Users/odon/Desktop/intro_to_iris_recognition/Week 1/NDCVRL_002 Dataset/raw/nd1S05714/Left/723394.tiff,nd1S05714,L,True
1103821,1,1.393407,1133078,/Users/odon/Desktop/intro_to_iris_recognition/Week 1/NDCVRL_002 Dataset/raw/nd1S06505/Right/1103821.tiff,nd1S06505,R,True
765353,2,1.393412,968075;660339,/Users/odon/Desktop/intro_to_iris_recognition/Week 1/NDCVRL_002 Dataset/raw/nd1S05881/Right/765353.tiff,nd1S05881,R,True
968075,1,1.393412,765353,/Users/odon/Desktop/intro_to_iris_recognition/Week 1/NDCVRL_002 Dataset/raw/nd1S05881/Left/968075.tiff,nd1S05881,L,True
659490,1,1.393415,791781,/Users/odon/Desktop/intro_to_iris_recognition/Week 1/NDCVRL_002 Dataset/raw/nd1S05271/Left/659490.tiff,nd1S05271,L,True
791781,1,1.393415,659490,/Users/odon/Desktop/intro_to_iris_recognition/Week 1/NDCVRL_002 Dataset/raw/nd1S06086/Left/791781.tiff,nd1S06086,L,True
185568,1,1.393429,588667,/Users/odon/Desktop/intro_to_iris_recognition/Week 1/NDCVRL_002 Dataset/raw/nd1S04683/Left/185568.tiff,nd1S04683,L,True
588667,1,1.393429,185568,/Users/odon/Desktop/intro_to_iris_recognition/Week 1/NDCVRL_002 Dataset/raw/nd1S05695/Right/588667.tiff,nd1S05695,R,True
903069,2,1.393432,660542;764859,/Users/odon/Desktop/intro_to_iris_recognition/Week 1/NDCVRL_002 Dataset/raw/nd1S05742/Left/903069.tiff,nd1S05742,L,True
660542,1,1.393432,903069,/Users/odon/Desktop/intro_to_iris_recognition/Week 1/NDCVRL_002 Dataset/raw/nd1S05216/Left/660542.tiff,nd1S05216,L,True
870379,1,1.393432,829089,/Users/odon/Desktop/intro_to_iris_recognition/Week 1/NDCVRL_002 Dataset/raw/nd1S05541/Right/870379.tiff,nd1S05541,R,True
856108,1,1.393445,896832,/Users/odon/Desktop/intro_to_iris_recognition/Week 1/NDCVRL_002 Dataset/raw/nd1S05587/Right/856108.tiff,nd1S05587,R,True
387196,1,1.393450,660398,/Users/odon/Desktop/intro_to_iris_recognition/Week 1/NDCVRL_002 Dataset/raw/nd1S05766/Left/387196.tiff,nd1S05766,L,True
187714,2,1.393543,704455;724762,/Users/odon/Desktop/intro_to_iris_recognition/Week 1/NDCVRL_002 Dataset/raw/nd1S04786/Left/187714.tiff,nd1S04786,L,True
704455,2,1.393543,187714;262920,/Users/odon/Desktop/intro_to_iris_recognition/Week 1/NDCVRL_002 Dataset/raw/nd1S05880/Left/704455.tiff,nd1S05880,L,True
1113168,1,1.393554,704800,/Users/odon/Desktop/intro_to_iris_recognition/Week 1/NDCVRL_002 Dataset/raw/nd1S05889/Left/1113168.tiff,nd1S05889,L,True
399124,1,1.393598,768547,/Users/odon/Desktop/intro_to_iris_recognition/Week 1/NDCVRL_002 Dataset/raw/nd1S05653/Left/399124.tiff,nd1S05653,L,True
768547,1,1.393598,399124,/Users/odon/Desktop/intro_to_iris_recognition/Week 1/NDCVRL_002 Dataset/raw/nd1S04418/Left/768547.tiff,nd1S04418,L,True
1131745,1,1.393611,541002,/Users/odon/Desktop/intro_to_iris_recognition/Week 1/NDCVRL_002 Dataset/raw/nd1S05954/Right/1131745.tiff,nd1S05954,R,True
831106,1,1.393693,902902,/Users/odon/Desktop/intro_to_iris_recognition/Week 1/NDCVRL_002 Dataset/raw/nd1S06044/Left/831106.tiff,nd1S06044,L,True
902902,1,1.393693,831106,/Users/odon/Desktop/intro_to_iris_recognition/Week 1/NDCVRL_002 Dataset/raw/nd1S05407/Right/902902.tiff,nd1S05407,R,True
660774,1,1.393771,661878,/Users/odon/Desktop/intro_to_iris_recognition/Week 1/NDCVRL_002 Dataset/raw/nd1S05284/Right/660774.tiff,nd1S05284,R,True
661878,1,1.393771,660774,/Users/odon/Desktop/intro_to_iris_recognition/Week 1/NDCVRL_002 Dataset/raw/nd1S05049/Right/661878.tiff,nd1S05049,R,True
520602,1,1.393862,663003,/Users/odon/Desktop/intro_to_iris_recognition/Week 1/NDCVRL_002 Dataset/raw/nd1S05970/Left/520602.tiff,nd1S05970,L,True
663003,1,1.393862,520602,/Users/odon/Desktop/intro_to_iris_recognition/Week 1/NDCVRL_002 Dataset/raw/nd1S04667/Left/663003.tiff,nd1S04667,L,True
1058664,1,1.393894,230685,/Users/odon/Desktop/intro_to_iris_recognition/Week 1/NDCVRL_002 Dataset/raw/nd1S06788/Right/1058664.tiff,nd1S06788,R,True
230685,1,1.393894,1058664,/Users/odon/Desktop/intro_to_iris_recognition/Week 1/NDCVRL_002 Dataset/raw/nd1S05310/Right/230685.tiff,nd1S05310,R,True
659276,2,1.393900,445497;660782,/Users/odon/Desktop/intro_to_iris_recognition/Week 1/NDCVRL_002 Dataset/raw/nd1S05096/Right/659276.tiff,nd1S05096,R,True
445497,1,1.393900,659276,/Users/odon/Desktop/intro_to_iris_recognition/Week 1/NDCVRL_002 Dataset/raw/nd1S05974/Right/445497.tiff,nd1S05974,R,True
292978,1,1.393982,733305,/Users/odon/Desktop/intro_to_iris_recognition/Week 1/NDCVRL_002 Dataset/raw/nd1S05321/Right/292978.tiff,nd1S05321,R,True
733305,1,1.393982,292978,/Users/odon/Desktop/intro_to_iris_recognition/Week 1/NDCVRL_002 Dataset/raw/nd1S06505/Right/733305.tiff,nd1S06505,R,True
700907,1,1.393991,591051,/Users/odon/Desktop/intro_to_iris_recognition/Week 1/NDCVRL_002 Dataset/raw/nd1S06441/Right/700907.tiff,nd1S06441,R,True
659504,1,1.393997,753935,/Users/odon/Desktop/intro_to_iris_recognition/Week 1/NDCVRL_002 Dataset/raw/nd1S05272/Left/659504.tiff,nd1S05272,L,True
753935,1,1.393997,659504,/Users/odon/Desktop/intro_to_iris_recognition/Week 1/NDCVRL_002 Dataset/raw/nd1S06118/Left/753935.tiff,nd1S06118,L,True
1192860,1,1.394151,668507,/Users/odon/Desktop/intro_to_iris_recognition/Week 1/NDCVRL_002 Dataset/raw/nd1S04261/Left/1192860.tiff,nd1S04261,L,True
668507,1,1.394151,1192860,/Users/odon/Desktop/intro_to_iris_recognition/Week 1/NDCVRL_002 Dataset/raw/nd1S05308/Left/668507.tiff,nd1S05308,L,True
280294,1,1.394184,451730,/Users/odon/Desktop/intro_to_iris_recognition/Week 1/NDCVRL_002 Dataset/raw/nd1S05455/Left/280294.tiff,nd1S05455,L,True
451730,1,1.394184,280294,/Users/odon/Desktop/intro_to_iris_recognition/Week 1/NDCVRL_002 Dataset/raw/nd1S05271/Left/451730.tiff,nd1S05271,L,True
535523,1,1.394191,799914,/Users/odon/Desktop/intro_to_iris_recognition/Week 1/NDCVRL_002 Dataset/raw/nd1S05044/Right/535523.tiff,nd1S05044,R,True
799914,1,1.394191,535523,/Users/odon/Desktop/intro_to_iris_recognition/Week 1/NDCVRL_002 Dataset/raw/nd1S05541/Left/799914.tiff,nd1S05541,L,True
406403,2,1.394213,391598;1041792,/Users/odon/Desktop/intro_to_iris_recognition/Week 1/NDCVRL_002 Dataset/raw/nd1S05271/Left/406403.tiff,nd1S05271,L,True
391598,1,1.394213,406403,/Users/odon/Desktop/intro_to_iris_recognition/Week 1/NDCVRL_002 Dataset/raw/nd1S05271/Right/391598.tiff,nd1S05271,R,True
798670,1,1.394250,1130299,/Users/odon/Desktop/intro_to_iris_recognition/Week 1/NDCVRL_002 Dataset/raw/nd1S05842/Left/798670.tiff,nd1S05842,L,True
1192992,1,1.394302,262924,/Users/odon/Desktop/intro_to_iris_recognition/Week 1/NDCVRL_002 Dataset/raw/nd1S04261/Right/1192992.tiff,nd1S04261,R,True
262924,1,1.394302,1192992,/Users/odon/Desktop/intro_to_iris_recognition/Week 1/NDCVRL_002 Dataset/raw/nd1S05165/Left/262924.tiff,nd1S05165,L,True
416324,1,1.394309,793452,/Users/odon/Desktop/intro_to_iris_recognition/Week 1/NDCVRL_002 Dataset/raw/nd1S05714/Left/416324.tiff,nd1S05714,L,True
793452,1,1.394309,416324,/Users/odon/Desktop/intro_to_iris_recognition/Week 1/NDCVRL_002 Dataset/raw/nd1S06110/Right/793452.tiff,nd1S06110,R,True
668504,3,1.394349,791637;935084;1009710,/Users/odon/Desktop/intro_to_iris_recognition/Week 1/NDCVRL_002 Dataset/raw/nd1S05308/Left/668504.tiff,nd1S05308,L,True
791637,1,1.394349,668504,/Users/odon/Desktop/intro_to_iris_recognition/Week 1/NDCVRL_002 Dataset/raw/nd1S06300/Left/791637.tiff,nd1S06300,L,True
1128642,1,1.394422,1130310,/Users/odon/Desktop/intro_to_iris_recognition/Week 1/NDCVRL_002 Dataset/raw/nd1S05857/Left/1128642.tiff,nd1S05857,L,True
1130310,1,1.394422,1128642,/Users/odon/Desktop/intro_to_iris_recognition/Week 1/NDCVRL_002 Dataset/raw/nd1S05954/Left/1130310.tiff,nd1S05954,L,True
658871,1,1.394431,662432,/Users/odon/Desktop/intro_to_iris_recognition/Week 1/NDCVRL_002 Dataset/raw/nd1S05062/Right/658871.tiff,nd1S05062,R,True
662432,1,1.394431,658871,/Users/odon/Desktop/intro_to_iris_recognition/Week 1/NDCVRL_002 Dataset/raw/nd1S05049/Right/662432.tiff,nd1S05049,R,True
764149,1,1.394432,831091,/Users/odon/Desktop/intro_to_iris_recognition/Week 1/NDCVRL_002 Dataset/raw/nd1S05587/Right/764149.tiff,nd1S05587,R,True
831091,1,1.394432,764149,/Users/odon/Desktop/intro_to_iris_recognition/Week 1/NDCVRL_002 Dataset/raw/nd1S06131/Left/831091.tiff,nd1S06131,L,True
1112078,1,1.394476,275971,/Users/odon/Desktop/intro_to_iris_recognition/Week 1/NDCVRL_002 Dataset/raw/nd1S05954/Right/1112078.tiff,nd1S05954,R,True
275971,1,1.394476,1112078,/Users/odon/Desktop/intro_to_iris_recognition/Week 1/NDCVRL_002 Dataset/raw/nd1S05624/Right/275971.tiff,nd1S05624,R,True
313421,1,1.394543,665221,/Users/odon/Desktop/intro_to_iris_recognition/Week 1/NDCVRL_002 Dataset/raw/nd1S05713/Left/313421.tiff,nd1S05713,L,True
665221,1,1.394543,313421,/Users/odon/Desktop/intro_to_iris_recognition/Week 1/NDCVRL_002 Dataset/raw/nd1S05049/Right/665221.tiff,nd1S05049,R,True
1103556,1,1.394568,541002,/Users/odon/Desktop/intro_to_iris_recognition/Week 1/NDCVRL_002 Dataset/raw/nd1S06868/Left/1103556.tiff,nd1S06868,L,True
902479,1,1.394644,1020225,/Users/odon/Desktop/intro_to_iris_recognition/Week 1/NDCVRL_002 Dataset/raw/nd1S06469/Right/902479.tiff,nd1S06469,R,True
1041977,1,1.394706,280885,/Users/odon/Desktop/intro_to_iris_recognition/Week 1/NDCVRL_002 Dataset/raw/nd1S06350/Left/1041977.tiff,nd1S06350,L,True
280885,1,1.394706,1041977,/Users/odon/Desktop/intro_to_iris_recognition/Week 1/NDCVRL_002 Dataset/raw/nd1S05379/Left/280885.tiff,nd1S05379,L,True
659685,2,1.394749,791160;583654,/Users/odon/Desktop/intro_to_iris_recognition/Week 1/NDCVRL_002 Dataset/raw/nd1S04684/Left/659685.tiff,nd1S04684,L,True
791160,1,1.394749,659685,/Users/odon/Desktop/intro_to_iris_recognition/Week 1/NDCVRL_002 Dataset/raw/nd1S06069/Left/791160.tiff,nd1S06069,L,True
397294,1,1.394777,665962,/Users/odon/Desktop/intro_to_iris_recognition/Week 1/NDCVRL_002 Dataset/raw/nd1S05281/Left/397294.tiff,nd1S05281,L,True
665962,1,1.394777,397294,/Users/odon/Desktop/intro_to_iris_recognition/Week 1/NDCVRL_002 Dataset/raw/nd1S05289/Right/665962.tiff,nd1S05289,R,True
1156714,1,1.394834,660573,/Users/odon/Desktop/intro_to_iris_recognition/Week 1/NDCVRL_002 Dataset/raw/nd1S06017/Left/1156714.tiff,nd1S06017,L,True
660573,1,1.394834,1156714,/Users/odon/Desktop/intro_to_iris_recognition/Week 1/NDCVRL_002 Dataset/raw/nd1S05216/Right/660573.tiff,nd1S05216,R,True
189019,1,1.394841,406409,/Users/odon/Desktop/intro_to_iris_recognition/Week 1/NDCVRL_002 Dataset/raw/nd1S04851/Left/189019.tiff,nd1S04851,L,True
1110980,1,1.394982,820265,/Users/odon/Desktop/intro_to_iris_recognition/Week 1/NDCVRL_002 Dataset/raw/nd1S04394/Left/1110980.tiff,nd1S04394,L,True
277300,1,1.395000,538532,/Users/odon/Desktop/intro_to_iris_recognition/Week 1/NDCVRL_002 Dataset/raw/nd1S04851/Left/277300.tiff,nd1S04851,L,True
788577,1,1.395146,799365,/Users/odon/Desktop/intro_to_iris_recognition/Week 1/NDCVRL_002 Dataset/raw/nd1S06344/Left/788577.tiff,nd1S06344,L,True
799365,1,1.395146,788577,/Users/odon/Desktop/intro_to_iris_recognition/Week 1/NDCVRL_002 Dataset/raw/nd1S06217/Left/799365.tiff,nd1S06217,L,True
522074,1,1.395212,229070,/Users/odon/Desktop/intro_to_iris_recognition/Week 1/NDCVRL_002 Dataset/raw/nd1S05999/Right/522074.tiff,nd1S05999,R,True
727105,1,1.395214,800128,/Users/odon/Desktop/intro_to_iris_recognition/Week 1/NDCVRL_002 Dataset/raw/nd1S05857/Right/727105.tiff,nd1S05857,R,True
800128,1,1.395214,727105,/Users/odon/Desktop/intro_to_iris_recognition/Week 1/NDCVRL_002 Dataset/raw/nd1S06086/Left/800128.tiff,nd1S06086,L,True
934637,1,1.395244,660671,/Users/odon/Desktop/intro_to_iris_recognition/Week 1/NDCVRL_002 Dataset/raw/nd1S05288/Left/934637.tiff,nd1S05288,L,True
230274,1,1.395365,240618,/Users/odon/Desktop/intro_to_iris_recognition/Week 1/NDCVRL_002 Dataset/raw/nd1S05340/Left/230274.tiff,nd1S05340,L,True
240618,1,1.395365,230274,/Users/odon/Desktop/intro_to_iris_recognition/Week 1/NDCVRL_002 Dataset/raw/nd1S05501/Right/240618.tiff,nd1S05501,R,True
657949,1,1.395366,663958,/Users/odon/Desktop/intro_to_iris_recognition/Week 1/NDCVRL_002 Dataset/raw/nd1S05033/Right/657949.tiff,nd1S05033,R,True
663958,1,1.395366,657949,/Users/odon/Desktop/intro_to_iris_recognition/Week 1/NDCVRL_002 Dataset/raw/nd1S05133/Right/663958.tiff,nd1S05133,R,True
1189974,1,1.395369,763885,/Users/odon/Desktop/intro_to_iris_recognition/Week 1/NDCVRL_002 Dataset/raw/nd1S07015/Right/1189974.tiff,nd1S07015,R,True
763885,1,1.395369,1189974,/Users/odon/Desktop/intro_to_iris_recognition/Week 1/NDCVRL_002 Dataset/raw/nd1S06044/Right/763885.tiff,nd1S06044,R,True
591211,1,1.395461,289041,/Users/odon/Desktop/intro_to_iris_recognition/Week 1/NDCVRL_002 Dataset/raw/nd1S05713/Left/591211.tiff,nd1S05713,L,True
287628,1,1.395513,971671,/Users/odon/Desktop/intro_to_iris_recognition/Week 1/NDCVRL_002 Dataset/raw/nd1S05555/Right/287628.tiff,nd1S05555,R,True
971671,1,1.395513,287628,/Users/odon/Desktop/intro_to_iris_recognition/Week 1/NDCVRL_002 Dataset/raw/nd1S06543/Right/971671.tiff,nd1S06543,R,True
1090881,1,1.395515,677074,/Users/odon/Desktop/intro_to_iris_recognition/Week 1/NDCVRL_002 Dataset/raw/nd1S06344/Left/1090881.tiff,nd1S06344,L,True
677074,1,1.395515,1090881,/Users/odon/Desktop/intro_to_iris_recognition/Week 1/NDCVRL_002 Dataset/raw/nd1S05367/Left/677074.tiff,nd1S05367,L,True
609902,1,1.395549,766146,/Users/odon/Desktop/intro_to_iris_recognition/Week 1/NDCVRL_002 Dataset/raw/nd1S06078/Right/609902.tiff,nd1S06078,R,True
766146,1,1.395549,609902,/Users/odon/Desktop/intro_to_iris_recognition/Week 1/NDCVRL_002 Dataset/raw/nd1S06500/Left/766146.tiff,nd1S06500,L,True
1020322,1,1.395568,727010,/Users/odon/Desktop/intro_to_iris_recognition/Week 1/NDCVRL_002 Dataset/raw/nd1S06350/Left/1020322.tiff,nd1S06350,L,True
727010,1,1.395568,1020322,/Users/odon/Desktop/intro_to_iris_recognition/Week 1/NDCVRL_002 Dataset/raw/nd1S02463/Left/727010.tiff,nd1S02463,L,True
452277,2,1.395599,538152;603290,/Users/odon/Desktop/intro_to_iris_recognition/Week 1/NDCVRL_002 Dataset/raw/nd1S05932/Left/452277.tiff,nd1S05932,L,True
538152,1,1.395599,452277,/Users/odon/Desktop/intro_to_iris_recognition/Week 1/NDCVRL_002 Dataset/raw/nd1S06082/Left/538152.tiff,nd1S06082,L,True
660997,1,1.395617,682361,/Users/odon/Desktop/intro_to_iris_recognition/Week 1/NDCVRL_002 Dataset/raw/nd1S05287/Right/660997.tiff,nd1S05287,R,True
682361,1,1.395617,660997,/Users/odon/Desktop/intro_to_iris_recognition/Week 1/NDCVRL_002 Dataset/raw/nd1S05863/Left/682361.tiff,nd1S05863,L,True
1153438,1,1.395646,590448,/Users/odon/Desktop/intro_to_iris_recognition/Week 1/NDCVRL_002 Dataset/raw/nd1S06017/Left/1153438.tiff,nd1S06017,L,True
590448,1,1.395646,1153438,/Users/odon/Desktop/intro_to_iris_recognition/Week 1/NDCVRL_002 Dataset/raw/nd1S05308/Left/590448.tiff,nd1S05308,L,True
830801,1,1.395647,856632,/Users/odon/Desktop/intro_to_iris_recognition/Week 1/NDCVRL_002 Dataset/raw/nd1S06131/Left/830801.tiff,nd1S06131,L,True
1135299,1,1.395668,728234,/Users/odon/Desktop/intro_to_iris_recognition/Week 1/NDCVRL_002 Dataset/raw/nd1S05889/Left/1135299.tiff,nd1S05889,L,True
728234,1,1.395668,1135299,/Users/odon/Desktop/intro_to_iris_recognition/Week 1/NDCVRL_002 Dataset/raw/nd1S04649/Left/728234.tiff,nd1S04649,L,True
407296,1,1.395673,659682,/Users/odon/Desktop/intro_to_iris_recognition/Week 1/NDCVRL_002 Dataset/raw/nd1S05694/Right/407296.tiff,nd1S05694,R,True
659682,1,1.395673,407296,/Users/odon/Desktop/intro_to_iris_recognition/Week 1/NDCVRL_002 Dataset/raw/nd1S04684/Left/659682.tiff,nd1S04684,L,True
529525,1,1.395687,660771,/Users/odon/Desktop/intro_to_iris_recognition/Week 1/NDCVRL_002 Dataset/raw/nd1S05244/Left/529525.tiff,nd1S05244,L,True
660771,1,1.395687,529525,/Users/odon/Desktop/intro_to_iris_recognition/Week 1/NDCVRL_002 Dataset/raw/nd1S05284/Right/660771.tiff,nd1S05284,R,True
989360,1,1.395695,1067694,/Users/odon/Desktop/intro_to_iris_recognition/Week 1/NDCVRL_002 Dataset/raw/nd1S05456/Left/989360.tiff,nd1S05456,L,True
1034558,2,1.395733,1041270;948391,/Users/odon/Desktop/intro_to_iris_recognition/Week 1/NDCVRL_002 Dataset/raw/nd1S05932/Left/1034558.tiff,nd1S05932,L,True
723584,1,1.395738,941191,/Users/odon/Desktop/intro_to_iris_recognition/Week 1/NDCVRL_002 Dataset/raw/nd1S05619/Left/723584.tiff,nd1S05619,L,True
941191,1,1.395738,723584,/Users/odon/Desktop/intro_to_iris_recognition/Week 1/NDCVRL_002 Dataset/raw/nd1S06406/Right/941191.tiff,nd1S06406,R,True
1103833,1,1.395840,531463,/Users/odon/Desktop/intro_to_iris_recognition/Week 1/NDCVRL_002 Dataset/raw/nd1S06082/Right/1103833.tiff,nd1S06082,R,True
531463,1,1.395840,1103833,/Users/odon/Desktop/intro_to_iris_recognition/Week 1/NDCVRL_002 Dataset/raw/nd1S05708/Right/531463.tiff,nd1S05708,R,True
590446,1,1.395841,441495,/Users/odon/Desktop/intro_to_iris_recognition/Week 1/NDCVRL_002 Dataset/raw/nd1S05308/Left/590446.tiff,nd1S05308,L,True
513404,2,1.395896,243683;757705,/Users/odon/Desktop/intro_to_iris_recognition/Week 1/NDCVRL_002 Dataset/raw/nd1S05999/Right/513404.tiff,nd1S05999,R,True
243683,1,1.395896,513404,/Users/odon/Desktop/intro_to_iris_recognition/Week 1/NDCVRL_002 Dataset/raw/nd1S05044/Right/243683.tiff,nd1S05044,R,True
767720,1,1.396015,869141,/Users/odon/Desktop/intro_to_iris_recognition/Week 1/NDCVRL_002 Dataset/raw/nd1S06079/Right/767720.tiff,nd1S06079,R,True
869141,1,1.396015,767720,/Users/odon/Desktop/intro_to_iris_recognition/Week 1/NDCVRL_002 Dataset/raw/nd1S05407/Left/869141.tiff,nd1S05407,L,True
757705,1,1.396050,513404,/Users/odon/Desktop/intro_to_iris_recognition/Week 1/NDCVRL_002 Dataset/raw/nd1S05766/Left/757705.tiff,nd1S05766,L,True
665961,1,1.396067,661008,/Users/odon/Desktop/intro_to_iris_recognition/Week 1/NDCVRL_002 Dataset/raw/nd1S05289/Right/665961.tiff,nd1S05289,R,True
682820,1,1.396105,1192881,/Users/odon/Desktop/intro_to_iris_recognition/Week 1/NDCVRL_002 Dataset/raw/nd1S05742/Right/682820.tiff,nd1S05742,R,True
660673,2,1.396127,665978;661162,/Users/odon/Desktop/intro_to_iris_recognition/Week 1/NDCVRL_002 Dataset/raw/nd1S05283/Left/660673.tiff,nd1S05283,L,True
665978,2,1.396127,660673;659712,/Users/odon/Desktop/intro_to_iris_recognition/Week 1/NDCVRL_002 Dataset/raw/nd1S05096/Left/665978.tiff,nd1S05096,L,True
591197,1,1.396149,1130986,/Users/odon/Desktop/intro_to_iris_recognition/Week 1/NDCVRL_002 Dataset/raw/nd1S06128/Right/591197.tiff,nd1S06128,R,True
606718,1,1.396170,897901,/Users/odon/Desktop/intro_to_iris_recognition/Week 1/NDCVRL_002 Dataset/raw/nd1S05375/Right/606718.tiff,nd1S05375,R,True
897901,1,1.396170,606718,/Users/odon/Desktop/intro_to_iris_recognition/Week 1/NDCVRL_002 Dataset/raw/nd1S05321/Right/897901.tiff,nd1S05321,R,True
790688,1,1.396185,760998,/Users/odon/Desktop/intro_to_iris_recognition/Week 1/NDCVRL_002 Dataset/raw/nd1S06345/Left/790688.tiff,nd1S06345,L,True
755672,1,1.396220,665980,/Users/odon/Desktop/intro_to_iris_recognition/Week 1/NDCVRL_002 Dataset/raw/nd1S05619/Left/755672.tiff,nd1S05619,L,True
1019589,1,1.396279,418070,/Users/odon/Desktop/intro_to_iris_recognition/Week 1/NDCVRL_002 Dataset/raw/nd1S05963/Right/1019589.tiff,nd1S05963,R,True
418070,1,1.396279,1019589,/Users/odon/Desktop/intro_to_iris_recognition/Week 1/NDCVRL_002 Dataset/raw/nd1S05271/Right/418070.tiff,nd1S05271,R,True
263241,1,1.396281,654209,/Users/odon/Desktop/intro_to_iris_recognition/Week 1/NDCVRL_002 Dataset/raw/nd1S05455/Left/263241.tiff,nd1S05455,L,True
654209,1,1.396281,263241,/Users/odon/Desktop/intro_to_iris_recognition/Week 1/NDCVRL_002 Dataset/raw/nd1S05256/Left/654209.tiff,nd1S05256,L,True
233283,1,1.396301,260231,/Users/odon/Desktop/intro_to_iris_recognition/Week 1/NDCVRL_002 Dataset/raw/nd1S05511/Left/233283.tiff,nd1S05511,L,True
260231,1,1.396301,233283,/Users/odon/Desktop/intro_to_iris_recognition/Week 1/NDCVRL_002 Dataset/raw/nd1S05624/Right/260231.tiff,nd1S05624,R,True
396755,1,1.396311,1192239,/Users/odon/Desktop/intro_to_iris_recognition/Week 1/NDCVRL_002 Dataset/raw/nd1S05884/Left/396755.tiff,nd1S05884,L,True
558558,1,1.396312,590442,/Users/odon/Desktop/intro_to_iris_recognition/Week 1/NDCVRL_002 Dataset/raw/nd1S06128/Right/558558.tiff,nd1S06128,R,True
590442,1,1.396312,558558,/Users/odon/Desktop/intro_to_iris_recognition/Week 1/NDCVRL_002 Dataset/raw/nd1S05308/Left/590442.tiff,nd1S05308,L,True
701174,1,1.396315,1155289,/Users/odon/Desktop/intro_to_iris_recognition/Week 1/NDCVRL_002 Dataset/raw/nd1S05932/Left/701174.tiff,nd1S05932,L,True
911385,1,1.396325,256701,/Users/odon/Desktop/intro_to_iris_recognition/Week 1/NDCVRL_002 Dataset/raw/nd1S05541/Right/911385.tiff,nd1S05541,R,True
1084833,1,1.396391,830790,/Users/odon/Desktop/intro_to_iris_recognition/Week 1/NDCVRL_002 Dataset/raw/nd1S06943/Right/1084833.tiff,nd1S06943,R,True
830790,1,1.396391,1084833,/Users/odon/Desktop/intro_to_iris_recognition/Week 1/NDCVRL_002 Dataset/raw/nd1S06352/Right/830790.tiff,nd1S06352,R,True
819459,1,1.396415,1012191,/Users/odon/Desktop/intro_to_iris_recognition/Week 1/NDCVRL_002 Dataset/raw/nd1S06441/Right/819459.tiff,nd1S06441,R,True
397293,1,1.396494,668992,/Users/odon/Desktop/intro_to_iris_recognition/Week 1/NDCVRL_002 Dataset/raw/nd1S05281/Left/397293.tiff,nd1S05281,L,True
397305,1,1.396553,667583,/Users/odon/Desktop/intro_to_iris_recognition/Week 1/NDCVRL_002 Dataset/raw/nd1S05281/Left/397305.tiff,nd1S05281,L,True
667583,1,1.396553,397305,/Users/odon/Desktop/intro_to_iris_recognition/Week 1/NDCVRL_002 Dataset/raw/nd1S05308/Left/667583.tiff,nd1S05308,L,True
1041792,1,1.396631,406403,/Users/odon/Desktop/intro_to_iris_recognition/Week 1/NDCVRL_002 Dataset/raw/nd1S05974/Left/1041792.tiff,nd1S05974,L,True
192843,1,1.396657,527711,/Users/odon/Desktop/intro_to_iris_recognition/Week 1/NDCVRL_002 Dataset/raw/nd1S04394/Right/192843.tiff,nd1S04394,R,True
527711,1,1.396657,192843,/Users/odon/Desktop/intro_to_iris_recognition/Week 1/NDCVRL_002 Dataset/raw/nd1S05999/Left/527711.tiff,nd1S05999,L,True
1013666,2,1.396676,1105081;1042031,/Users/odon/Desktop/intro_to_iris_recognition/Week 1/NDCVRL_002 Dataset/raw/nd1S02463/Left/1013666.tiff,nd1S02463,L,True
1105081,1,1.396676,1013666,/Users/odon/Desktop/intro_to_iris_recognition/Week 1/NDCVRL_002 Dataset/raw/nd1S06793/Left/1105081.tiff,nd1S06793,L,True
278275,1,1.396682,660372,/Users/odon/Desktop/intro_to_iris_recognition/Week 1/NDCVRL_002 Dataset/raw/nd1S05713/Left/278275.tiff,nd1S05713,L,True
660372,1,1.396682,278275,/Users/odon/Desktop/intro_to_iris_recognition/Week 1/NDCVRL_002 Dataset/raw/nd1S05279/Right/660372.tiff,nd1S05279,R,True
255417,2,1.396693,822080;406418,/Users/odon/Desktop/intro_to_iris_recognition/Week 1/NDCVRL_002 Dataset/raw/nd1S05271/Left/255417.tiff,nd1S05271,L,True
822080,1,1.396693,255417,/Users/odon/Desktop/intro_to_iris_recognition/Week 1/NDCVRL_002 Dataset/raw/nd1S05619/Left/822080.tiff,nd1S05619,L,True
591207,2,1.396749,441498;669463,/Users/odon/Desktop/intro_to_iris_recognition/Week 1/NDCVRL_002 Dataset/raw/nd1S06128/Right/591207.tiff,nd1S06128,R,True
441498,1,1.396749,591207,/Users/odon/Desktop/intro_to_iris_recognition/Week 1/NDCVRL_002 Dataset/raw/nd1S04649/Left/441498.tiff,nd1S04649,L,True
441124,2,1.396770,701263;659503,/Users/odon/Desktop/intro_to_iris_recognition/Week 1/NDCVRL_002 Dataset/raw/nd1S05970/Right/441124.tiff,nd1S05970,R,True
701263,1,1.396770,441124,/Users/odon/Desktop/intro_to_iris_recognition/Week 1/NDCVRL_002 Dataset/raw/nd1S06110/Right/701263.tiff,nd1S06110,R,True
276067,1,1.396828,664444,/Users/odon/Desktop/intro_to_iris_recognition/Week 1/NDCVRL_002 Dataset/raw/nd1S05653/Left/276067.tiff,nd1S05653,L,True
664444,1,1.396828,276067,/Users/odon/Desktop/intro_to_iris_recognition/Week 1/NDCVRL_002 Dataset/raw/nd1S05033/Right/664444.tiff,nd1S05033,R,True
994517,1,1.396958,659439,/Users/odon/Desktop/intro_to_iris_recognition/Week 1/NDCVRL_002 Dataset/raw/nd1S06775/Right/994517.tiff,nd1S06775,R,True
278279,1,1.396983,660365,/Users/odon/Desktop/intro_to_iris_recognition/Week 1/NDCVRL_002 Dataset/raw/nd1S05713/Left/278279.tiff,nd1S05713,L,True
660365,1,1.396983,278279,/Users/odon/Desktop/intro_to_iris_recognition/Week 1/NDCVRL_002 Dataset/raw/nd1S05279/Left/660365.tiff,nd1S05279,L,True
179783,1,1.397013,709141,/Users/odon/Desktop/intro_to_iris_recognition/Week 1/NDCVRL_002 Dataset/raw/nd1S02463/Left/179783.tiff,nd1S02463,L,True
709141,1,1.397013,179783,/Users/odon/Desktop/intro_to_iris_recognition/Week 1/NDCVRL_002 Dataset/raw/nd1S06139/Left/709141.tiff,nd1S06139,L,True
818343,1,1.397062,897014,/Users/odon/Desktop/intro_to_iris_recognition/Week 1/NDCVRL_002 Dataset/raw/nd1S04394/Right/818343.tiff,nd1S04394,R,True
897014,1,1.397062,818343,/Users/odon/Desktop/intro_to_iris_recognition/Week 1/NDCVRL_002 Dataset/raw/nd1S05321/Left/897014.tiff,nd1S05321,L,True
237628,1,1.397177,655287,/Users/odon/Desktop/intro_to_iris_recognition/Week 1/NDCVRL_002 Dataset/raw/nd1S05289/Left/237628.tiff,nd1S05289,L,True
655287,1,1.397177,237628,/Users/odon/Desktop/intro_to_iris_recognition/Week 1/NDCVRL_002 Dataset/raw/nd1S05096/Left/655287.tiff,nd1S05096,L,True
286854,1,1.397201,432295,/Users/odon/Desktop/intro_to_iris_recognition/Week 1/NDCVRL_002 Dataset/raw/nd1S05600/Left/286854.tiff,nd1S05600,L,True
432295,1,1.397201,286854,/Users/odon/Desktop/intro_to_iris_recognition/Week 1/NDCVRL_002 Dataset/raw/nd1S05501/Right/432295.tiff,nd1S05501,R,True
707341,1,1.397215,277030,/Users/odon/Desktop/intro_to_iris_recognition/Week 1/NDCVRL_002 Dataset/raw/nd1S06085/Right/707341.tiff,nd1S06085,R,True
236264,1,1.397256,660314,/Users/odon/Desktop/intro_to_iris_recognition/Week 1/NDCVRL_002 Dataset/raw/nd1S05317/Right/236264.tiff,nd1S05317,R,True
660314,1,1.397256,236264,/Users/odon/Desktop/intro_to_iris_recognition/Week 1/NDCVRL_002 Dataset/raw/nd1S05060/Right/660314.tiff,nd1S05060,R,True
1131768,1,1.397262,942629,/Users/odon/Desktop/intro_to_iris_recognition/Week 1/NDCVRL_002 Dataset/raw/nd1S05853/Left/1131768.tiff,nd1S05853,L,True
942629,1,1.397262,1131768,/Users/odon/Desktop/intro_to_iris_recognition/Week 1/NDCVRL_002 Dataset/raw/nd1S06793/Left/942629.tiff,nd1S06793,L,True
725197,1,1.397285,831989,/Users/odon/Desktop/intro_to_iris_recognition/Week 1/NDCVRL_002 Dataset/raw/nd1S05974/Right/725197.tiff,nd1S05974,R,True
397291,1,1.397320,1088852,/Users/odon/Desktop/intro_to_iris_recognition/Week 1/NDCVRL_002 Dataset/raw/nd1S05281/Left/397291.tiff,nd1S05281,L,True
1149289,2,1.397372,668546;722625,/Users/odon/Desktop/intro_to_iris_recognition/Week 1/NDCVRL_002 Dataset/raw/nd1S07015/Right/1149289.tiff,nd1S07015,R,True
668546,1,1.397372,1149289,/Users/odon/Desktop/intro_to_iris_recognition/Week 1/NDCVRL_002 Dataset/raw/nd1S05338/Right/668546.tiff,nd1S05338,R,True
527997,1,1.397561,798325,/Users/odon/Desktop/intro_to_iris_recognition/Week 1/NDCVRL_002 Dataset/raw/nd1S05842/Left/527997.tiff,nd1S05842,L,True
603290,1,1.397573,452277,/Users/odon/Desktop/intro_to_iris_recognition/Week 1/NDCVRL_002 Dataset/raw/nd1S05884/Left/603290.tiff,nd1S05884,L,True
936944,1,1.397590,988470,/Users/odon/Desktop/intro_to_iris_recognition/Week 1/NDCVRL_002 Dataset/raw/nd1S05713/Right/936944.tiff,nd1S05713,R,True
988470,1,1.397590,936944,/Users/odon/Desktop/intro_to_iris_recognition/Week 1/NDCVRL_002 Dataset/raw/nd1S05619/Left/988470.tiff,nd1S05619,L,True
315030,1,1.397605,613532,/Users/odon/Desktop/intro_to_iris_recognition/Week 1/NDCVRL_002 Dataset/raw/nd1S05740/Left/315030.tiff,nd1S05740,L,True
760320,1,1.397638,1111241,/Users/odon/Desktop/intro_to_iris_recognition/Week 1/NDCVRL_002 Dataset/raw/nd1S05541/Left/760320.tiff,nd1S05541,L,True
521068,1,1.397669,970762,/Users/odon/Desktop/intro_to_iris_recognition/Week 1/NDCVRL_002 Dataset/raw/nd1S05455/Left/521068.tiff,nd1S05455,L,True
229050,1,1.397680,667094,/Users/odon/Desktop/intro_to_iris_recognition/Week 1/NDCVRL_002 Dataset/raw/nd1S05321/Right/229050.tiff,nd1S05321,R,True
667094,1,1.397680,229050,/Users/odon/Desktop/intro_to_iris_recognition/Week 1/NDCVRL_002 Dataset/raw/nd1S05044/Right/667094.tiff,nd1S05044,R,True
614335,2,1.397706,901428;611701,/Users/odon/Desktop/intro_to_iris_recognition/Week 1/NDCVRL_002 Dataset/raw/nd1S05999/Left/614335.tiff,nd1S05999,L,True
901428,1,1.397706,614335,/Users/odon/Desktop/intro_to_iris_recognition/Week 1/NDCVRL_002 Dataset/raw/nd1S05379/Left/901428.tiff,nd1S05379,L,True
659371,1,1.397765,724195,/Users/odon/Desktop/intro_to_iris_recognition/Week 1/NDCVRL_002 Dataset/raw/nd1S05244/Left/659371.tiff,nd1S05244,L,True
724195,1,1.397765,659371,/Users/odon/Desktop/intro_to_iris_recognition/Week 1/NDCVRL_002 Dataset/raw/nd1S06391/Left/724195.tiff,nd1S06391,L,True
1103073,1,1.397800,676575,/Users/odon/Desktop/intro_to_iris_recognition/Week 1/NDCVRL_002 Dataset/raw/nd1S05661/Left/1103073.tiff,nd1S05661,L,True
676575,1,1.397800,1103073,/Users/odon/Desktop/intro_to_iris_recognition/Week 1/NDCVRL_002 Dataset/raw/nd1S05321/Left/676575.tiff,nd1S05321,L,True
611701,1,1.397941,614335,/Users/odon/Desktop/intro_to_iris_recognition/Week 1/NDCVRL_002 Dataset/raw/nd1S05963/Left/611701.tiff,nd1S05963,L,True
935099,2,1.397947,668171;676498,/Users/odon/Desktop/intro_to_iris_recognition/Week 1/NDCVRL_002 Dataset/raw/nd1S02463/Left/935099.tiff,nd1S02463,L,True
668171,1,1.397947,935099,/Users/odon/Desktop/intro_to_iris_recognition/Week 1/NDCVRL_002 Dataset/raw/nd1S05062/Right/668171.tiff,nd1S05062,R,True
1065299,1,1.397981,667586,/Users/odon/Desktop/intro_to_iris_recognition/Week 1/NDCVRL_002 Dataset/raw/nd1S02463/Left/1065299.tiff,nd1S02463,L,True
1112082,1,1.398003,526642,/Users/odon/Desktop/intro_to_iris_recognition/Week 1/NDCVRL_002 Dataset/raw/nd1S05954/Right/1112082.tiff,nd1S05954,R,True
526642,1,1.398003,1112082,/Users/odon/Desktop/intro_to_iris_recognition/Week 1/NDCVRL_002 Dataset/raw/nd1S05999/Right/526642.tiff,nd1S05999,R,True
1108981,2,1.398222,406131;231213,/Users/odon/Desktop/intro_to_iris_recognition/Week 1/NDCVRL_002 Dataset/raw/nd1S05974/Left/1108981.tiff,nd1S05974,L,True
406131,1,1.398222,1108981,/Users/odon/Desktop/intro_to_iris_recognition/Week 1/NDCVRL_002 Dataset/raw/nd1S05315/Left/406131.tiff,nd1S05315,L,True
542464,1,1.398256,868675,/Users/odon/Desktop/intro_to_iris_recognition/Week 1/NDCVRL_002 Dataset/raw/nd1S05624/Right/542464.tiff,nd1S05624,R,True
868675,1,1.398256,542464,/Users/odon/Desktop/intro_to_iris_recognition/Week 1/NDCVRL_002 Dataset/raw/nd1S05379/Left/868675.tiff,nd1S05379,L,True
264067,2,1.398272,189057;557157,/Users/odon/Desktop/intro_to_iris_recognition/Week 1/NDCVRL_002 Dataset/raw/nd1S05271/Left/264067.tiff,nd1S05271,L,True
189057,1,1.398272,264067,/Users/odon/Desktop/intro_to_iris_recognition/Week 1/NDCVRL_002 Dataset/raw/nd1S04851/Left/189057.tiff,nd1S04851,L,True
660339,1,1.398303,765353,/Users/odon/Desktop/intro_to_iris_recognition/Week 1/NDCVRL_002 Dataset/raw/nd1S05278/Right/660339.tiff,nd1S05278,R,True
410318,1,1.398406,557400,/Users/odon/Desktop/intro_to_iris_recognition/Week 1/NDCVRL_002 Dataset/raw/nd1S05597/Left/410318.tiff,nd1S05597,L,True
557400,1,1.398406,410318,/Users/odon/Desktop/intro_to_iris_recognition/Week 1/NDCVRL_002 Dataset/raw/nd1S06110/Right/557400.tiff,nd1S06110,R,True
768646,1,1.398415,795568,/Users/odon/Desktop/intro_to_iris_recognition/Week 1/NDCVRL_002 Dataset/raw/nd1S05321/Right/768646.tiff,nd1S05321,R,True
795568,1,1.398415,768646,/Users/odon/Desktop/intro_to_iris_recognition/Week 1/NDCVRL_002 Dataset/raw/nd1S05661/Left/795568.tiff,nd1S05661,L,True
513397,1,1.398457,417225,/Users/odon/Desktop/intro_to_iris_recognition/Week 1/NDCVRL_002 Dataset/raw/nd1S05999/Right/513397.tiff,nd1S05999,R,True
1193003,1,1.398484,217090,/Users/odon/Desktop/intro_to_iris_recognition/Week 1/NDCVRL_002 Dataset/raw/nd1S04261/Right/1193003.tiff,nd1S04261,R,True
416444,1,1.398513,791649,/Users/odon/Desktop/intro_to_iris_recognition/Week 1/NDCVRL_002 Dataset/raw/nd1S05555/Right/416444.tiff,nd1S05555,R,True
661749,2,1.398606,556495;243684,/Users/odon/Desktop/intro_to_iris_recognition/Week 1/NDCVRL_002 Dataset/raw/nd1S04970/Right/661749.tiff,nd1S04970,R,True
556495,1,1.398606,661749,/Users/odon/Desktop/intro_to_iris_recognition/Week 1/NDCVRL_002 Dataset/raw/nd1S05808/Right/556495.tiff,nd1S05808,R,True
229055,1,1.398663,709563,/Users/odon/Desktop/intro_to_iris_recognition/Week 1/NDCVRL_002 Dataset/raw/nd1S05244/Left/229055.tiff,nd1S05244,L,True
709563,1,1.398663,229055,/Users/odon/Desktop/intro_to_iris_recognition/Week 1/NDCVRL_002 Dataset/raw/nd1S05735/Right/709563.tiff,nd1S05735,R,True
668646,3,1.398685,1091156;603292;271512,/Users/odon/Desktop/intro_to_iris_recognition/Week 1/NDCVRL_002 Dataset/raw/nd1S04970/Right/668646.tiff,nd1S04970,R,True
1091156,1,1.398685,668646,/Users/odon/Desktop/intro_to_iris_recognition/Week 1/NDCVRL_002 Dataset/raw/nd1S02463/Left/1091156.tiff,nd1S02463,L,True
543153,2,1.398719,1161496;591395,/Users/odon/Desktop/intro_to_iris_recognition/Week 1/NDCVRL_002 Dataset/raw/nd1S05367/Left/543153.tiff,nd1S05367,L,True
1161496,1,1.398719,543153,/Users/odon/Desktop/intro_to_iris_recognition/Week 1/NDCVRL_002 Dataset/raw/nd1S06017/Left/1161496.tiff,nd1S06017,L,True
1103838,1,1.398724,659278,/Users/odon/Desktop/intro_to_iris_recognition/Week 1/NDCVRL_002 Dataset/raw/nd1S06082/Right/1103838.tiff,nd1S06082,R,True
659278,1,1.398724,1103838,/Users/odon/Desktop/intro_to_iris_recognition/Week 1/NDCVRL_002 Dataset/raw/nd1S05096/Right/659278.tiff,nd1S05096,R,True
729793,2,1.398778,1021140;583650,/Users/odon/Desktop/intro_to_iris_recognition/Week 1/NDCVRL_002 Dataset/raw/nd1S06079/Left/729793.tiff,nd1S06079,L,True
1021140,1,1.398778,729793,/Users/odon/Desktop/intro_to_iris_recognition/Week 1/NDCVRL_002 Dataset/raw/nd1S05963/Right/1021140.tiff,nd1S05963,R,True
417382,1,1.398832,907341,/Users/odon/Desktop/intro_to_iris_recognition/Week 1/NDCVRL_002 Dataset/raw/nd1S05854/Right/417382.tiff,nd1S05854,R,True
907341,1,1.398832,417382,/Users/odon/Desktop/intro_to_iris_recognition/Week 1/NDCVRL_002 Dataset/raw/nd1S05624/Left/907341.tiff,nd1S05624,L,True
538541,1,1.398968,522740,/Users/odon/Desktop/intro_to_iris_recognition/Week 1/NDCVRL_002 Dataset/raw/nd1S05963/Left/538541.tiff,nd1S05963,L,True
995465,2,1.398978,1131431;262155,/Users/odon/Desktop/intro_to_iris_recognition/Week 1/NDCVRL_002 Dataset/raw/nd1S06107/Right/995465.tiff,nd1S06107,R,True
1131431,1,1.398978,995465,/Users/odon/Desktop/intro_to_iris_recognition/Week 1/NDCVRL_002 Dataset/raw/nd1S05456/Right/1131431.tiff,nd1S05456,R,True
302355,1,1.398980,374119,/Users/odon/Desktop/intro_to_iris_recognition/Week 1/NDCVRL_002 Dataset/raw/nd1S05044/Left/302355.tiff,nd1S05044,L,True
374119,1,1.398980,302355,/Users/odon/Desktop/intro_to_iris_recognition/Week 1/NDCVRL_002 Dataset/raw/nd1S04701/Left/374119.tiff,nd1S04701,L,True
557157,1,1.398984,264067,/Users/odon/Desktop/intro_to_iris_recognition/Week 1/NDCVRL_002 Dataset/raw/nd1S04649/Left/557157.tiff,nd1S04649,L,True
1042066,1,1.398990,229069,/Users/odon/Desktop/intro_to_iris_recognition/Week 1/NDCVRL_002 Dataset/raw/nd1S06344/Left/1042066.tiff,nd1S06344,L,True
443813,1,1.398993,655645,/Users/odon/Desktop/intro_to_iris_recognition/Week 1/NDCVRL_002 Dataset/raw/nd1S05624/Left/443813.tiff,nd1S05624,L,True
709069,2,1.399085,515557;664255,/Users/odon/Desktop/intro_to_iris_recognition/Week 1/NDCVRL_002 Dataset/raw/nd1S06069/Left/709069.tiff,nd1S06069,L,True
515557,1,1.399085,709069,/Users/odon/Desktop/intro_to_iris_recognition/Week 1/NDCVRL_002 Dataset/raw/nd1S05459/Left/515557.tiff,nd1S05459,L,True
268867,1,1.399124,664249,/Users/odon/Desktop/intro_to_iris_recognition/Week 1/NDCVRL_002 Dataset/raw/nd1S05624/Left/268867.tiff,nd1S05624,L,True
664249,1,1.399124,268867,/Users/odon/Desktop/intro_to_iris_recognition/Week 1/NDCVRL_002 Dataset/raw/nd1S04701/Left/664249.tiff,nd1S04701,L,True
832197,3,1.399140,664849;755760;663006,/Users/odon/Desktop/intro_to_iris_recognition/Week 1/NDCVRL_002 Dataset/raw/nd1S06505/Left/832197.tiff,nd1S06505,L,True
664849,1,1.399140,832197,/Users/odon/Desktop/intro_to_iris_recognition/Week 1/NDCVRL_002 Dataset/raw/nd1S04667/Left/664849.tiff,nd1S04667,L,True
1042350,1,1.399176,799853,/Users/odon/Desktop/intro_to_iris_recognition/Week 1/NDCVRL_002 Dataset/raw/nd1S05310/Right/1042350.tiff,nd1S05310,R,True
799853,1,1.399176,1042350,/Users/odon/Desktop/intro_to_iris_recognition/Week 1/NDCVRL_002 Dataset/raw/nd1S06345/Left/799853.tiff,nd1S06345,L,True
722625,1,1.399225,1149289,/Users/odon/Desktop/intro_to_iris_recognition/Week 1/NDCVRL_002 Dataset/raw/nd1S06107/Right/722625.tiff,nd1S06107,R,True
660782,1,1.399250,659276,/Users/odon/Desktop/intro_to_iris_recognition/Week 1/NDCVRL_002 Dataset/raw/nd1S05260/Right/660782.tiff,nd1S05260,R,True
1042607,1,1.399284,591514,/Users/odon/Desktop/intro_to_iris_recognition/Week 1/NDCVRL_002 Dataset/raw/nd1S06500/Left/1042607.tiff,nd1S06500,L,True
591514,1,1.399284,1042607,/Users/odon/Desktop/intro_to_iris_recognition/Week 1/NDCVRL_002 Dataset/raw/nd1S05856/Right/591514.tiff,nd1S05856,R,True
661162,1,1.399297,660673,/Users/odon/Desktop/intro_to_iris_recognition/Week 1/NDCVRL_002 Dataset/raw/nd1S04505/Left/661162.tiff,nd1S04505,L,True
1014380,1,1.399359,867209,/Users/odon/Desktop/intro_to_iris_recognition/Week 1/NDCVRL_002 Dataset/raw/nd1S06745/Right/1014380.tiff,nd1S06745,R,True
867209,1,1.399359,1014380,/Users/odon/Desktop/intro_to_iris_recognition/Week 1/NDCVRL_002 Dataset/raw/nd1S05863/Left/867209.tiff,nd1S05863,L,True
762632,3,1.399360,866310;756983;991423,/Users/odon/Desktop/intro_to_iris_recognition/Week 1/NDCVRL_002 Dataset/raw/nd1S06469/Right/762632.tiff,nd1S06469,R,True
866310,1,1.399360,762632,/Users/odon/Desktop/intro_to_iris_recognition/Week 1/NDCVRL_002 Dataset/raw/nd1S06352/Right/866310.tiff,nd1S06352,R,True
231568,1,1.399441,276426,/Users/odon/Desktop/intro_to_iris_recognition/Week 1/NDCVRL_002 Dataset/raw/nd1S05289/Left/231568.tiff,nd1S05289,L,True
276426,1,1.399441,231568,/Users/odon/Desktop/intro_to_iris_recognition/Week 1/NDCVRL_002 Dataset/raw/nd1S05317/Left/276426.tiff,nd1S05317,L,True
870377,1,1.399441,970878,/Users/odon/Desktop/intro_to_iris_recognition/Week 1/NDCVRL_002 Dataset/raw/nd1S05541/Left/870377.tiff,nd1S05541,L,True
970878,1,1.399441,870377,/Users/odon/Desktop/intro_to_iris_recognition/Week 1/NDCVRL_002 Dataset/raw/nd1S05957/Left/970878.tiff,nd1S05957,L,True
520307,1,1.399490,676099,/Users/odon/Desktop/intro_to_iris_recognition/Week 1/NDCVRL_002 Dataset/raw/nd1S05321/Right/520307.tiff,nd1S05321,R,True
676099,1,1.399490,520307,/Users/odon/Desktop/intro_to_iris_recognition/Week 1/NDCVRL_002 Dataset/raw/nd1S05661/Left/676099.tiff,nd1S05661,L,True
945238,2,1.399512,661429;659428,/Users/odon/Desktop/intro_to_iris_recognition/Week 1/NDCVRL_002 Dataset/raw/nd1S06768/Right/945238.tiff,nd1S06768,R,True
661429,1,1.399512,945238,/Users/odon/Desktop/intro_to_iris_recognition/Week 1/NDCVRL_002 Dataset/raw/nd1S04667/Left/661429.tiff,nd1S04667,L,True
165161,1,1.399517,192822,/Users/odon/Desktop/intro_to_iris_recognition/Week 1/NDCVRL_002 Dataset/raw/nd1S04667/Left/165161.tiff,nd1S04667,L,True
580605,2,1.399573,192841;185643,/Users/odon/Desktop/intro_to_iris_recognition/Week 1/NDCVRL_002 Dataset/raw/nd1S05970/Right/580605.tiff,nd1S05970,R,True
192841,1,1.399573,580605,/Users/odon/Desktop/intro_to_iris_recognition/Week 1/NDCVRL_002 Dataset/raw/nd1S04394/Right/192841.tiff,nd1S04394,R,True
1110959,1,1.399734,970762,/Users/odon/Desktop/intro_to_iris_recognition/Week 1/NDCVRL_002 Dataset/raw/nd1S04394/Left/1110959.tiff,nd1S04394,L,True
437241,1,1.399766,676916,/Users/odon/Desktop/intro_to_iris_recognition/Week 1/NDCVRL_002 Dataset/raw/nd1S05459/Left/437241.tiff,nd1S05459,L,True
1192872,1,1.399853,707354,/Users/odon/Desktop/intro_to_iris_recognition/Week 1/NDCVRL_002 Dataset/raw/nd1S04261/Left/1192872.tiff,nd1S04261,L,True
707354,1,1.399853,1192872,/Users/odon/Desktop/intro_to_iris_recognition/Week 1/NDCVRL_002 Dataset/raw/nd1S06085/Right/707354.tiff,nd1S06085,R,True
1010198,1,1.399900,766137,/Users/odon/Desktop/intro_to_iris_recognition/Week 1/NDCVRL_002 Dataset/raw/nd1S06793/Right/1010198.tiff,nd1S06793,R,True
766137,1,1.399900,1010198,/Users/odon/Desktop/intro_to_iris_recognition/Week 1/NDCVRL_002 Dataset/raw/nd1S06500/Left/766137.tiff,nd1S06500,L,True
660336,1,1.399925,374149,/Users/odon/Desktop/intro_to_iris_recognition/Week 1/NDCVRL_002 Dataset/raw/nd1S05278/Right/660336.tiff,nd1S05278,R,True
663007,1,1.399938,696438,/Users/odon/Desktop/intro_to_iris_recognition/Week 1/NDCVRL_002 Dataset/raw/nd1S04667/Left/663007.tiff,nd1S04667,L,True
696438,1,1.399938,663007,/Users/odon/Desktop/intro_to_iris_recognition/Week 1/NDCVRL_002 Dataset/raw/nd1S05708/Right/696438.tiff,nd1S05708,R,True
1090032,1,1.399954,906132,/Users/odon/Desktop/intro_to_iris_recognition/Week 1/NDCVRL_002 Dataset/raw/nd1S06131/Left/1090032.tiff,nd1S06131,L,True
906132,1,1.399954,1090032,/Users/odon/Desktop/intro_to_iris_recognition/Week 1/NDCVRL_002 Dataset/raw/nd1S05810/Left/906132.tiff,nd1S05810,L,True
1112200,1,1.399957,605871,/Users/odon/Desktop/intro_to_iris_recognition/Week 1/NDCVRL_002 Dataset/raw/nd1S06344/Left/1112200.tiff,nd1S06344,L,True
757435,1,1.399964,1013655,/Users/odon/Desktop/intro_to_iris_recognition/Week 1/NDCVRL_002 Dataset/raw/nd1S06406/Right/757435.tiff,nd1S06406,R,True
607288,1,1.400010,659122,/Users/odon/Desktop/intro_to_iris_recognition/Week 1/NDCVRL_002 Dataset/raw/nd1S05624/Left/607288.tiff,nd1S05624,L,True
659122,1,1.400010,607288,/Users/odon/Desktop/intro_to_iris_recognition/Week 1/NDCVRL_002 Dataset/raw/nd1S04701/Left/659122.tiff,nd1S04701,L,True
209267,1,1.400110,560058,/Users/odon/Desktop/intro_to_iris_recognition/Week 1/NDCVRL_002 Dataset/raw/nd1S04859/Right/209267.tiff,nd1S04859,R,True
560058,1,1.400110,209267,/Users/odon/Desktop/intro_to_iris_recognition/Week 1/NDCVRL_002 Dataset/raw/nd1S05624/Right/560058.tiff,nd1S05624,R,True
604182,1,1.400111,908490,/Users/odon/Desktop/intro_to_iris_recognition/Week 1/NDCVRL_002 Dataset/raw/nd1S05832/Right/604182.tiff,nd1S05832,R,True
908490,1,1.400111,604182,/Users/odon/Desktop/intro_to_iris_recognition/Week 1/NDCVRL_002 Dataset/raw/nd1S05541/Left/908490.tiff,nd1S05541,L,True
1192892,1,1.400112,397306,/Users/odon/Desktop/intro_to_iris_recognition/Week 1/NDCVRL_002 Dataset/raw/nd1S04261/Left/1192892.tiff,nd1S04261,L,True
397306,1,1.400112,1192892,/Users/odon/Desktop/intro_to_iris_recognition/Week 1/NDCVRL_002 Dataset/raw/nd1S05281/Left/397306.tiff,nd1S05281,L,True
1086667,1,1.400138,542830,/Users/odon/Desktop/intro_to_iris_recognition/Week 1/NDCVRL_002 Dataset/raw/nd1S06932/Right/1086667.tiff,nd1S06932,R,True
542830,1,1.400138,1086667,/Users/odon/Desktop/intro_to_iris_recognition/Week 1/NDCVRL_002 Dataset/raw/nd1S06044/Right/542830.tiff,nd1S06044,R,True
392224,1,1.400139,722315,/Users/odon/Desktop/intro_to_iris_recognition/Week 1/NDCVRL_002 Dataset/raw/nd1S05555/Right/392224.tiff,nd1S05555,R,True
722315,1,1.400139,392224,/Users/odon/Desktop/intro_to_iris_recognition/Week 1/NDCVRL_002 Dataset/raw/nd1S06300/Left/722315.tiff,nd1S06300,L,True
1155759,1,1.400186,724690,/Users/odon/Desktop/intro_to_iris_recognition/Week 1/NDCVRL_002 Dataset/raw/nd1S07015/Right/1155759.tiff,nd1S07015,R,True
666764,1,1.400186,728074,/Users/odon/Desktop/intro_to_iris_recognition/Week 1/NDCVRL_002 Dataset/raw/nd1S05213/Left/666764.tiff,nd1S05213,L,True
724690,1,1.400186,1155759,/Users/odon/Desktop/intro_to_iris_recognition/Week 1/NDCVRL_002 Dataset/raw/nd1S05808/Right/724690.tiff,nd1S05808,R,True
728074,1,1.400186,666764,/Users/odon/Desktop/intro_to_iris_recognition/Week 1/NDCVRL_002 Dataset/raw/nd1S06245/Left/728074.tiff,nd1S06245,L,True
817484,2,1.400281,796310;210657,/Users/odon/Desktop/intro_to_iris_recognition/Week 1/NDCVRL_002 Dataset/raw/nd1S05881/Right/817484.tiff,nd1S05881,R,True
796310,1,1.400281,817484,/Users/odon/Desktop/intro_to_iris_recognition/Week 1/NDCVRL_002 Dataset/raw/nd1S05881/Left/796310.tiff,nd1S05881,L,True
831430,1,1.400282,800719,/Users/odon/Desktop/intro_to_iris_recognition/Week 1/NDCVRL_002 Dataset/raw/nd1S06129/Left/831430.tiff,nd1S06129,L,True
592802,1,1.400301,754795,/Users/odon/Desktop/intro_to_iris_recognition/Week 1/NDCVRL_002 Dataset/raw/nd1S05831/Right/592802.tiff,nd1S05831,R,True
754795,1,1.400301,592802,/Users/odon/Desktop/intro_to_iris_recognition/Week 1/NDCVRL_002 Dataset/raw/nd1S05889/Right/754795.tiff,nd1S05889,R,True
603292,1,1.400345,668646,/Users/odon/Desktop/intro_to_iris_recognition/Week 1/NDCVRL_002 Dataset/raw/nd1S05884/Left/603292.tiff,nd1S05884,L,True
586815,1,1.400363,796154,/Users/odon/Desktop/intro_to_iris_recognition/Week 1/NDCVRL_002 Dataset/raw/nd1S05713/Left/586815.tiff,nd1S05713,L,True
692938,2,1.400419,1063973;995636,/Users/odon/Desktop/intro_to_iris_recognition/Week 1/NDCVRL_002 Dataset/raw/nd1S05842/Left/692938.tiff,nd1S05842,L,True
309414,1,1.400422,537394,/Users/odon/Desktop/intro_to_iris_recognition/Week 1/NDCVRL_002 Dataset/raw/nd1S05808/Right/309414.tiff,nd1S05808,R,True
537394,1,1.400422,309414,/Users/odon/Desktop/intro_to_iris_recognition/Week 1/NDCVRL_002 Dataset/raw/nd1S06128/Left/537394.tiff,nd1S06128,L,True
911386,1,1.400452,1113259,/Users/odon/Desktop/intro_to_iris_recognition/Week 1/NDCVRL_002 Dataset/raw/nd1S05541/Right/911386.tiff,nd1S05541,R,True
256847,3,1.400489,696899;511156;767860,/Users/odon/Desktop/intro_to_iris_recognition/Week 1/NDCVRL_002 Dataset/raw/nd1S05624/Left/256847.tiff,nd1S05624,L,True
407195,2,1.400536,271546;819469,/Users/odon/Desktop/intro_to_iris_recognition/Week 1/NDCVRL_002 Dataset/raw/nd1S05508/Left/407195.tiff,nd1S05508,L,True
271546,1,1.400536,407195,/Users/odon/Desktop/intro_to_iris_recognition/Week 1/NDCVRL_002 Dataset/raw/nd1S05455/Left/271546.tiff,nd1S05455,L,True
659593,2,1.400544,614838;432363,/Users/odon/Desktop/intro_to_iris_recognition/Week 1/NDCVRL_002 Dataset/raw/nd1S05273/Right/659593.tiff,nd1S05273,R,True
614838,1,1.400544,659593,/Users/odon/Desktop/intro_to_iris_recognition/Week 1/NDCVRL_002 Dataset/raw/nd1S05868/Left/614838.tiff,nd1S05868,L,True
1192864,1,1.400562,659263,/Users/odon/Desktop/intro_to_iris_recognition/Week 1/NDCVRL_002 Dataset/raw/nd1S04261/Left/1192864.tiff,nd1S04261,L,True
659263,1,1.400562,1192864,/Users/odon/Desktop/intro_to_iris_recognition/Week 1/NDCVRL_002 Dataset/raw/nd1S05062/Left/659263.tiff,nd1S05062,L,True
530494,1,1.400580,819145,/Users/odon/Desktop/intro_to_iris_recognition/Week 1/NDCVRL_002 Dataset/raw/nd1S05881/Right/530494.tiff,nd1S05881,R,True
660273,1,1.400600,665658,/Users/odon/Desktop/intro_to_iris_recognition/Week 1/NDCVRL_002 Dataset/raw/nd1S04786/Left/660273.tiff,nd1S04786,L,True
665658,1,1.400600,660273,/Users/odon/Desktop/intro_to_iris_recognition/Week 1/NDCVRL_002 Dataset/raw/nd1S05284/Right/665658.tiff,nd1S05284,R,True
185643,1,1.400621,580605,/Users/odon/Desktop/intro_to_iris_recognition/Week 1/NDCVRL_002 Dataset/raw/nd1S04684/Left/185643.tiff,nd1S04684,L,True
911384,1,1.400661,1044445,/Users/odon/Desktop/intro_to_iris_recognition/Week 1/NDCVRL_002 Dataset/raw/nd1S05541/Right/911384.tiff,nd1S05541,R,True
764261,2,1.400693,1063974;902922,/Users/odon/Desktop/intro_to_iris_recognition/Week 1/NDCVRL_002 Dataset/raw/nd1S05810/Left/764261.tiff,nd1S05810,L,True
1063974,1,1.400693,764261,/Users/odon/Desktop/intro_to_iris_recognition/Week 1/NDCVRL_002 Dataset/raw/nd1S02463/Left/1063974.tiff,nd1S02463,L,True
938277,2,1.400723,1034383;1103567,/Users/odon/Desktop/intro_to_iris_recognition/Week 1/NDCVRL_002 Dataset/raw/nd1S06406/Left/938277.tiff,nd1S06406,L,True
241062,1,1.400752,535480,/Users/odon/Desktop/intro_to_iris_recognition/Week 1/NDCVRL_002 Dataset/raw/nd1S05321/Left/241062.tiff,nd1S05321,L,True
535480,1,1.400752,241062,/Users/odon/Desktop/intro_to_iris_recognition/Week 1/NDCVRL_002 Dataset/raw/nd1S05044/Left/535480.tiff,nd1S05044,L,True
1103567,2,1.400776,938277;653489,/Users/odon/Desktop/intro_to_iris_recognition/Week 1/NDCVRL_002 Dataset/raw/nd1S06868/Left/1103567.tiff,nd1S06868,L,True
591758,1,1.400777,608039,/Users/odon/Desktop/intro_to_iris_recognition/Week 1/NDCVRL_002 Dataset/raw/nd1S05999/Left/591758.tiff,nd1S05999,L,True
608039,1,1.400777,591758,/Users/odon/Desktop/intro_to_iris_recognition/Week 1/NDCVRL_002 Dataset/raw/nd1S05863/Left/608039.tiff,nd1S05863,L,True
764908,2,1.400845,1059389;755792,/Users/odon/Desktop/intro_to_iris_recognition/Week 1/NDCVRL_002 Dataset/raw/nd1S06128/Right/764908.tiff,nd1S06128,R,True
1059389,1,1.400845,764908,/Users/odon/Desktop/intro_to_iris_recognition/Week 1/NDCVRL_002 Dataset/raw/nd1S05321/Right/1059389.tiff,nd1S05321,R,True
529064,2,1.400858,517593;934763,/Users/odon/Desktop/intro_to_iris_recognition/Week 1/NDCVRL_002 Dataset/raw/nd1S05308/Left/529064.tiff,nd1S05308,L,True
517593,1,1.400858,529064,/Users/odon/Desktop/intro_to_iris_recognition/Week 1/NDCVRL_002 Dataset/raw/nd1S04649/Left/517593.tiff,nd1S04649,L,True
764859,1,1.400860,903069,/Users/odon/Desktop/intro_to_iris_recognition/Week 1/NDCVRL_002 Dataset/raw/nd1S06128/Left/764859.tiff,nd1S06128,L,True
233242,1,1.400869,676015,/Users/odon/Desktop/intro_to_iris_recognition/Week 1/NDCVRL_002 Dataset/raw/nd1S05379/Right/233242.tiff,nd1S05379,R,True
676015,1,1.400869,233242,/Users/odon/Desktop/intro_to_iris_recognition/Week 1/NDCVRL_002 Dataset/raw/nd1S06344/Left/676015.tiff,nd1S06344,L,True
587572,1,1.400873,820275,/Users/odon/Desktop/intro_to_iris_recognition/Week 1/NDCVRL_002 Dataset/raw/nd1S06217/Left/587572.tiff,nd1S06217,L,True
243684,1,1.400896,661749,/Users/odon/Desktop/intro_to_iris_recognition/Week 1/NDCVRL_002 Dataset/raw/nd1S05044/Right/243684.tiff,nd1S05044,R,True
1064346,1,1.400906,790691,/Users/odon/Desktop/intro_to_iris_recognition/Week 1/NDCVRL_002 Dataset/raw/nd1S06745/Right/1064346.tiff,nd1S06745,R,True
583654,1,1.400915,659685,/Users/odon/Desktop/intro_to_iris_recognition/Week 1/NDCVRL_002 Dataset/raw/nd1S05661/Left/583654.tiff,nd1S05661,L,True
284139,1,1.400931,659493,/Users/odon/Desktop/intro_to_iris_recognition/Week 1/NDCVRL_002 Dataset/raw/nd1S05743/Left/284139.tiff,nd1S05743,L,True
1106439,1,1.400938,1130283,/Users/odon/Desktop/intro_to_iris_recognition/Week 1/NDCVRL_002 Dataset/raw/nd1S05880/Right/1106439.tiff,nd1S05880,R,True
1130283,1,1.400938,1106439,/Users/odon/Desktop/intro_to_iris_recognition/Week 1/NDCVRL_002 Dataset/raw/nd1S06118/Right/1130283.tiff,nd1S06118,R,True
269635,1,1.400963,668649,/Users/odon/Desktop/intro_to_iris_recognition/Week 1/NDCVRL_002 Dataset/raw/nd1S05653/Left/269635.tiff,nd1S05653,L,True
1104788,1,1.400975,831076,/Users/odon/Desktop/intro_to_iris_recognition/Week 1/NDCVRL_002 Dataset/raw/nd1S06505/Left/1104788.tiff,nd1S06505,L,True
583650,1,1.400999,729793,/Users/odon/Desktop/intro_to_iris_recognition/Week 1/NDCVRL_002 Dataset/raw/nd1S05661/Left/583650.tiff,nd1S05661,L,True
592380,1,1.401012,660312,/Users/odon/Desktop/intro_to_iris_recognition/Week 1/NDCVRL_002 Dataset/raw/nd1S05367/Left/592380.tiff,nd1S05367,L,True
315047,1,1.401025,590604,/Users/odon/Desktop/intro_to_iris_recognition/Week 1/NDCVRL_002 Dataset/raw/nd1S05832/Right/315047.tiff,nd1S05832,R,True
590604,1,1.401025,315047,/Users/odon/Desktop/intro_to_iris_recognition/Week 1/NDCVRL_002 Dataset/raw/nd1S05338/Right/590604.tiff,nd1S05338,R,True
286091,1,1.401045,726899,/Users/odon/Desktop/intro_to_iris_recognition/Week 1/NDCVRL_002 Dataset/raw/nd1S05766/Left/286091.tiff,nd1S05766,L,True
794822,2,1.401115,262572;942868,/Users/odon/Desktop/intro_to_iris_recognition/Week 1/NDCVRL_002 Dataset/raw/nd1S06345/Left/794822.tiff,nd1S06345,L,True
262572,1,1.401115,794822,/Users/odon/Desktop/intro_to_iris_recognition/Week 1/NDCVRL_002 Dataset/raw/nd1S05310/Right/262572.tiff,nd1S05310,R,True
584293,1,1.401141,1113667,/Users/odon/Desktop/intro_to_iris_recognition/Week 1/NDCVRL_002 Dataset/raw/nd1S05842/Left/584293.tiff,nd1S05842,L,True
1130332,1,1.401196,436187,/Users/odon/Desktop/intro_to_iris_recognition/Week 1/NDCVRL_002 Dataset/raw/nd1S05853/Right/1130332.tiff,nd1S05853,R,True
436187,1,1.401196,1130332,/Users/odon/Desktop/intro_to_iris_recognition/Week 1/NDCVRL_002 Dataset/raw/nd1S05857/Right/436187.tiff,nd1S05857,R,True
899773,1,1.401232,1105770,/Users/odon/Desktop/intro_to_iris_recognition/Week 1/NDCVRL_002 Dataset/raw/nd1S05547/Right/899773.tiff,nd1S05547,R,True
262155,1,1.401381,995465,/Users/odon/Desktop/intro_to_iris_recognition/Week 1/NDCVRL_002 Dataset/raw/nd1S05587/Right/262155.tiff,nd1S05587,R,True
177509,1,1.401471,345075,/Users/odon/Desktop/intro_to_iris_recognition/Week 1/NDCVRL_002 Dataset/raw/nd1S04394/Right/177509.tiff,nd1S04394,R,True
345075,1,1.401471,177509,/Users/odon/Desktop/intro_to_iris_recognition/Week 1/NDCVRL_002 Dataset/raw/nd1S05619/Left/345075.tiff,nd1S05619,L,True
696537,1,1.401501,862326,/Users/odon/Desktop/intro_to_iris_recognition/Week 1/NDCVRL_002 Dataset/raw/nd1S06352/Left/696537.tiff,nd1S06352,L,True
862326,1,1.401501,696537,/Users/odon/Desktop/intro_to_iris_recognition/Week 1/NDCVRL_002 Dataset/raw/nd1S05301/Right/862326.tiff,nd1S05301,R,True
436032,1,1.401507,729009,/Users/odon/Desktop/intro_to_iris_recognition/Week 1/NDCVRL_002 Dataset/raw/nd1S05455/Left/436032.tiff,nd1S05455,L,True
441703,1,1.401511,724830,/Users/odon/Desktop/intro_to_iris_recognition/Week 1/NDCVRL_002 Dataset/raw/nd1S05511/Left/441703.tiff,nd1S05511,L,True
724830,1,1.401511,441703,/Users/odon/Desktop/intro_to_iris_recognition/Week 1/NDCVRL_002 Dataset/raw/nd1S06441/Right/724830.tiff,nd1S06441,R,True
537379,1,1.401529,668550,/Users/odon/Desktop/intro_to_iris_recognition/Week 1/NDCVRL_002 Dataset/raw/nd1S05373/Right/537379.tiff,nd1S05373,R,True
256310,1,1.401546,866305,/Users/odon/Desktop/intro_to_iris_recognition/Week 1/NDCVRL_002 Dataset/raw/nd1S05619/Left/256310.tiff,nd1S05619,L,True
866305,1,1.401546,256310,/Users/odon/Desktop/intro_to_iris_recognition/Week 1/NDCVRL_002 Dataset/raw/nd1S06352/Right/866305.tiff,nd1S06352,R,True
758408,1,1.401554,829089,/Users/odon/Desktop/intro_to_iris_recognition/Week 1/NDCVRL_002 Dataset/raw/nd1S05857/Right/758408.tiff,nd1S05857,R,True
438178,1,1.401595,660356,/Users/odon/Desktop/intro_to_iris_recognition/Week 1/NDCVRL_002 Dataset/raw/nd1S05028/Right/438178.tiff,nd1S05028,R,True
660356,1,1.401595,438178,/Users/odon/Desktop/intro_to_iris_recognition/Week 1/NDCVRL_002 Dataset/raw/nd1S05279/Left/660356.tiff,nd1S05279,L,True
262947,1,1.401629,660810,/Users/odon/Desktop/intro_to_iris_recognition/Week 1/NDCVRL_002 Dataset/raw/nd1S05317/Left/262947.tiff,nd1S05317,L,True
659712,1,1.401661,665978,/Users/odon/Desktop/intro_to_iris_recognition/Week 1/NDCVRL_002 Dataset/raw/nd1S05275/Right/659712.tiff,nd1S05275,R,True
228776,1,1.401687,898439,/Users/odon/Desktop/intro_to_iris_recognition/Week 1/NDCVRL_002 Dataset/raw/nd1S05456/Right/228776.tiff,nd1S05456,R,True
898439,1,1.401687,228776,/Users/odon/Desktop/intro_to_iris_recognition/Week 1/NDCVRL_002 Dataset/raw/nd1S06391/Left/898439.tiff,nd1S06391,L,True
967092,1,1.401695,580049,/Users/odon/Desktop/intro_to_iris_recognition/Week 1/NDCVRL_002 Dataset/raw/nd1S05619/Right/967092.tiff,nd1S05619,R,True
1087252,1,1.401700,682750,/Users/odon/Desktop/intro_to_iris_recognition/Week 1/NDCVRL_002 Dataset/raw/nd1S06118/Left/1087252.tiff,nd1S06118,L,True
682750,1,1.401700,1087252,/Users/odon/Desktop/intro_to_iris_recognition/Week 1/NDCVRL_002 Dataset/raw/nd1S05321/Right/682750.tiff,nd1S05321,R,True
665578,1,1.401765,907293,/Users/odon/Desktop/intro_to_iris_recognition/Week 1/NDCVRL_002 Dataset/raw/nd1S05288/Left/665578.tiff,nd1S05288,L,True
288381,1,1.401828,602716,/Users/odon/Desktop/intro_to_iris_recognition/Week 1/NDCVRL_002 Dataset/raw/nd1S05491/Right/288381.tiff,nd1S05491,R,True
602716,1,1.401828,288381,/Users/odon/Desktop/intro_to_iris_recognition/Week 1/NDCVRL_002 Dataset/raw/nd1S05970/Right/602716.tiff,nd1S05970,R,True
170258,1,1.401829,677064,/Users/odon/Desktop/intro_to_iris_recognition/Week 1/NDCVRL_002 Dataset/raw/nd1S05129/Right/170258.tiff,nd1S05129,R,True
677064,1,1.401829,170258,/Users/odon/Desktop/intro_to_iris_recognition/Week 1/NDCVRL_002 Dataset/raw/nd1S05367/Left/677064.tiff,nd1S05367,L,True
755760,1,1.401841,832197,/Users/odon/Desktop/intro_to_iris_recognition/Week 1/NDCVRL_002 Dataset/raw/nd1S06118/Left/755760.tiff,nd1S06118,L,True
170247,1,1.401863,391947,/Users/odon/Desktop/intro_to_iris_recognition/Week 1/NDCVRL_002 Dataset/raw/nd1S05129/Right/170247.tiff,nd1S05129,R,True
391947,1,1.401863,170247,/Users/odon/Desktop/intro_to_iris_recognition/Week 1/NDCVRL_002 Dataset/raw/nd1S05810/Left/391947.tiff,nd1S05810,L,True
995637,1,1.401887,764095,/Users/odon/Desktop/intro_to_iris_recognition/Week 1/NDCVRL_002 Dataset/raw/nd1S05881/Left/995637.tiff,nd1S05881,L,True
896827,1,1.402011,1113259,/Users/odon/Desktop/intro_to_iris_recognition/Week 1/NDCVRL_002 Dataset/raw/nd1S05379/Left/896827.tiff,nd1S05379,L,True
428361,1,1.402042,614333,/Users/odon/Desktop/intro_to_iris_recognition/Week 1/NDCVRL_002 Dataset/raw/nd1S04394/Right/428361.tiff,nd1S04394,R,True
614333,1,1.402042,428361,/Users/odon/Desktop/intro_to_iris_recognition/Week 1/NDCVRL_002 Dataset/raw/nd1S05999/Left/614333.tiff,nd1S05999,L,True
415176,1,1.402194,262291,/Users/odon/Desktop/intro_to_iris_recognition/Week 1/NDCVRL_002 Dataset/raw/nd1S05044/Right/415176.tiff,nd1S05044,R,True
767860,2,1.402251,663046;256847,/Users/odon/Desktop/intro_to_iris_recognition/Week 1/NDCVRL_002 Dataset/raw/nd1S06128/Right/767860.tiff,nd1S06128,R,True
663046,1,1.402251,767860,/Users/odon/Desktop/intro_to_iris_recognition/Week 1/NDCVRL_002 Dataset/raw/nd1S04701/Right/663046.tiff,nd1S04701,R,True
995636,1,1.402312,692938,/Users/odon/Desktop/intro_to_iris_recognition/Week 1/NDCVRL_002 Dataset/raw/nd1S05881/Left/995636.tiff,nd1S05881,L,True
961992,1,1.402334,1086703,/Users/odon/Desktop/intro_to_iris_recognition/Week 1/NDCVRL_002 Dataset/raw/nd1S06131/Left/961992.tiff,nd1S06131,L,True
663006,1,1.402373,832197,/Users/odon/Desktop/intro_to_iris_recognition/Week 1/NDCVRL_002 Dataset/raw/nd1S04667/Left/663006.tiff,nd1S04667,L,True
1033850,1,1.402388,763264,/Users/odon/Desktop/intro_to_iris_recognition/Week 1/NDCVRL_002 Dataset/raw/nd1S05619/Right/1033850.tiff,nd1S05619,R,True
1192878,1,1.402421,1192990,/Users/odon/Desktop/intro_to_iris_recognition/Week 1/NDCVRL_002 Dataset/raw/nd1S04261/Left/1192878.tiff,nd1S04261,L,True
1192990,1,1.402421,1192878,/Users/odon/Desktop/intro_to_iris_recognition/Week 1/NDCVRL_002 Dataset/raw/nd1S04261/Right/1192990.tiff,nd1S04261,R,True
256315,1,1.402424,160439,/Users/odon/Desktop/intro_to_iris_recognition/Week 1/NDCVRL_002 Dataset/raw/nd1S05619/Left/256315.tiff,nd1S05619,L,True
760524,2,1.402443,1113899;725112,/Users/odon/Desktop/intro_to_iris_recognition/Week 1/NDCVRL_002 Dataset/raw/nd1S04394/Right/760524.tiff,nd1S04394,R,True
1113899,1,1.402443,760524,/Users/odon/Desktop/intro_to_iris_recognition/Week 1/NDCVRL_002 Dataset/raw/nd1S05954/Right/1113899.tiff,nd1S05954,R,True
412626,1,1.402470,971416,/Users/odon/Desktop/intro_to_iris_recognition/Week 1/NDCVRL_002 Dataset/raw/nd1S05597/Left/412626.tiff,nd1S05597,L,True
666864,1,1.402550,942884,/Users/odon/Desktop/intro_to_iris_recognition/Week 1/NDCVRL_002 Dataset/raw/nd1S05289/Right/666864.tiff,nd1S05289,R,True
942884,1,1.402550,666864,/Users/odon/Desktop/intro_to_iris_recognition/Week 1/NDCVRL_002 Dataset/raw/nd1S06768/Right/942884.tiff,nd1S06768,R,True
529068,1,1.402571,935033,/Users/odon/Desktop/intro_to_iris_recognition/Week 1/NDCVRL_002 Dataset/raw/nd1S05308/Left/529068.tiff,nd1S05308,L,True
935033,1,1.402571,529068,/Users/odon/Desktop/intro_to_iris_recognition/Week 1/NDCVRL_002 Dataset/raw/nd1S02463/Left/935033.tiff,nd1S02463,L,True
1161677,1,1.402626,757726,/Users/odon/Desktop/intro_to_iris_recognition/Week 1/NDCVRL_002 Dataset/raw/nd1S06017/Right/1161677.tiff,nd1S06017,R,True
757726,1,1.402626,1161677,/Users/odon/Desktop/intro_to_iris_recognition/Week 1/NDCVRL_002 Dataset/raw/nd1S05379/Left/757726.tiff,nd1S05379,L,True
1015531,1,1.402643,237634,/Users/odon/Desktop/intro_to_iris_recognition/Week 1/NDCVRL_002 Dataset/raw/nd1S05857/Right/1015531.tiff,nd1S05857,R,True
1016516,1,1.402647,669796,/Users/odon/Desktop/intro_to_iris_recognition/Week 1/NDCVRL_002 Dataset/raw/nd1S05379/Left/1016516.tiff,nd1S05379,L,True
669796,1,1.402647,1016516,/Users/odon/Desktop/intro_to_iris_recognition/Week 1/NDCVRL_002 Dataset/raw/nd1S05315/Left/669796.tiff,nd1S05315,L,True
1113743,1,1.402658,794824,/Users/odon/Desktop/intro_to_iris_recognition/Week 1/NDCVRL_002 Dataset/raw/nd1S05953/Right/1113743.tiff,nd1S05953,R,True
794824,1,1.402658,1113743,/Users/odon/Desktop/intro_to_iris_recognition/Week 1/NDCVRL_002 Dataset/raw/nd1S06345/Left/794824.tiff,nd1S06345,L,True
664255,1,1.402717,709069,/Users/odon/Desktop/intro_to_iris_recognition/Week 1/NDCVRL_002 Dataset/raw/nd1S04701/Right/664255.tiff,nd1S04701,R,True
944375,1,1.402728,237696,/Users/odon/Desktop/intro_to_iris_recognition/Week 1/NDCVRL_002 Dataset/raw/nd1S06768/Left/944375.tiff,nd1S06768,L,True
613268,1,1.402802,820283,/Users/odon/Desktop/intro_to_iris_recognition/Week 1/NDCVRL_002 Dataset/raw/nd1S06079/Left/613268.tiff,nd1S06079,L,True
1193006,1,1.402893,1129585,/Users/odon/Desktop/intro_to_iris_recognition/Week 1/NDCVRL_002 Dataset/raw/nd1S04261/Right/1193006.tiff,nd1S04261,R,True
934763,1,1.402897,529064,/Users/odon/Desktop/intro_to_iris_recognition/Week 1/NDCVRL_002 Dataset/raw/nd1S02463/Left/934763.tiff,nd1S02463,L,True
946597,2,1.402949,580043;697760,/Users/odon/Desktop/intro_to_iris_recognition/Week 1/NDCVRL_002 Dataset/raw/nd1S06793/Right/946597.tiff,nd1S06793,R,True
580043,1,1.402949,946597,/Users/odon/Desktop/intro_to_iris_recognition/Week 1/NDCVRL_002 Dataset/raw/nd1S05555/Right/580043.tiff,nd1S05555,R,True
831960,1,1.403026,1087227,/Users/odon/Desktop/intro_to_iris_recognition/Week 1/NDCVRL_002 Dataset/raw/nd1S06500/Left/831960.tiff,nd1S06500,L,True
540468,1,1.403052,901178,/Users/odon/Desktop/intro_to_iris_recognition/Week 1/NDCVRL_002 Dataset/raw/nd1S05884/Left/540468.tiff,nd1S05884,L,True
935084,2,1.403053,668504;659367,/Users/odon/Desktop/intro_to_iris_recognition/Week 1/NDCVRL_002 Dataset/raw/nd1S05271/Left/935084.tiff,nd1S05271,L,True
254684,2,1.403055,938514;612118,/Users/odon/Desktop/intro_to_iris_recognition/Week 1/NDCVRL_002 Dataset/raw/nd1S05600/Right/254684.tiff,nd1S05600,R,True
938514,1,1.403055,254684,/Users/odon/Desktop/intro_to_iris_recognition/Week 1/NDCVRL_002 Dataset/raw/nd1S06768/Right/938514.tiff,nd1S06768,R,True
697806,1,1.403096,1043101,/Users/odon/Desktop/intro_to_iris_recognition/Week 1/NDCVRL_002 Dataset/raw/nd1S06406/Right/697806.tiff,nd1S06406,R,True
1192867,1,1.403118,1192986,/Users/odon/Desktop/intro_to_iris_recognition/Week 1/NDCVRL_002 Dataset/raw/nd1S04261/Left/1192867.tiff,nd1S04261,L,True
1192986,1,1.403118,1192867,/Users/odon/Desktop/intro_to_iris_recognition/Week 1/NDCVRL_002 Dataset/raw/nd1S04261/Right/1192986.tiff,nd1S04261,R,True
676498,1,1.403246,935099,/Users/odon/Desktop/intro_to_iris_recognition/Week 1/NDCVRL_002 Dataset/raw/nd1S06044/Right/676498.tiff,nd1S06044,R,True
991423,1,1.403308,762632,/Users/odon/Desktop/intro_to_iris_recognition/Week 1/NDCVRL_002 Dataset/raw/nd1S05857/Right/991423.tiff,nd1S05857,R,True
254819,1,1.403323,415506,/Users/odon/Desktop/intro_to_iris_recognition/Week 1/NDCVRL_002 Dataset/raw/nd1S05244/Left/254819.tiff,nd1S05244,L,True
415506,1,1.403323,254819,/Users/odon/Desktop/intro_to_iris_recognition/Week 1/NDCVRL_002 Dataset/raw/nd1S05857/Right/415506.tiff,nd1S05857,R,True
1060175,1,1.403342,527769,/Users/odon/Desktop/intro_to_iris_recognition/Week 1/NDCVRL_002 Dataset/raw/nd1S06788/Right/1060175.tiff,nd1S06788,R,True
591823,1,1.403352,818256,/Users/odon/Desktop/intro_to_iris_recognition/Week 1/NDCVRL_002 Dataset/raw/nd1S06044/Right/591823.tiff,nd1S06044,R,True
722809,2,1.403362,907372;759727,/Users/odon/Desktop/intro_to_iris_recognition/Week 1/NDCVRL_002 Dataset/raw/nd1S04649/Left/722809.tiff,nd1S04649,L,True
907372,1,1.403362,722809,/Users/odon/Desktop/intro_to_iris_recognition/Week 1/NDCVRL_002 Dataset/raw/nd1S06352/Right/907372.tiff,nd1S06352,R,True
511156,1,1.403504,256847,/Users/odon/Desktop/intro_to_iris_recognition/Week 1/NDCVRL_002 Dataset/raw/nd1S05749/Left/511156.tiff,nd1S05749,L,True
653489,1,1.403548,1103567,/Users/odon/Desktop/intro_to_iris_recognition/Week 1/NDCVRL_002 Dataset/raw/nd1S05033/Right/653489.tiff,nd1S05033,R,True
428264,1,1.403586,660816,/Users/odon/Desktop/intro_to_iris_recognition/Week 1/NDCVRL_002 Dataset/raw/nd1S05884/Left/428264.tiff,nd1S05884,L,True
660816,1,1.403586,428264,/Users/odon/Desktop/intro_to_iris_recognition/Week 1/NDCVRL_002 Dataset/raw/nd1S05285/Left/660816.tiff,nd1S05285,L,True
659367,1,1.403592,935084,/Users/odon/Desktop/intro_to_iris_recognition/Week 1/NDCVRL_002 Dataset/raw/nd1S05244/Left/659367.tiff,nd1S05244,L,True
725112,1,1.403604,760524,/Users/odon/Desktop/intro_to_iris_recognition/Week 1/NDCVRL_002 Dataset/raw/nd1S05455/Left/725112.tiff,nd1S05455,L,True
403067,1,1.403628,708622,/Users/odon/Desktop/intro_to_iris_recognition/Week 1/NDCVRL_002 Dataset/raw/nd1S05766/Left/403067.tiff,nd1S05766,L,True
708622,1,1.403628,403067,/Users/odon/Desktop/intro_to_iris_recognition/Week 1/NDCVRL_002 Dataset/raw/nd1S05842/Left/708622.tiff,nd1S05842,L,True
415346,1,1.403644,657795,/Users/odon/Desktop/intro_to_iris_recognition/Week 1/NDCVRL_002 Dataset/raw/nd1S05742/Right/415346.tiff,nd1S05742,R,True
657795,1,1.403644,415346,/Users/odon/Desktop/intro_to_iris_recognition/Week 1/NDCVRL_002 Dataset/raw/nd1S05049/Right/657795.tiff,nd1S05049,R,True
1192984,1,1.403663,973740,/Users/odon/Desktop/intro_to_iris_recognition/Week 1/NDCVRL_002 Dataset/raw/nd1S04261/Right/1192984.tiff,nd1S04261,R,True
973740,1,1.403663,1192984,/Users/odon/Desktop/intro_to_iris_recognition/Week 1/NDCVRL_002 Dataset/raw/nd1S06245/Left/973740.tiff,nd1S06245,L,True
1198457,1,1.403693,519193,/Users/odon/Desktop/intro_to_iris_recognition/Week 1/NDCVRL_002 Dataset/raw/nd1S05661/Left/1198457.tiff,nd1S05661,L,True
519193,1,1.403693,1198457,/Users/odon/Desktop/intro_to_iris_recognition/Week 1/NDCVRL_002 Dataset/raw/nd1S06082/Left/519193.tiff,nd1S06082,L,True
304208,1,1.403707,989827,/Users/odon/Desktop/intro_to_iris_recognition/Week 1/NDCVRL_002 Dataset/raw/nd1S05653/Left/304208.tiff,nd1S05653,L,True
346731,1,1.403767,861064,/Users/odon/Desktop/intro_to_iris_recognition/Week 1/NDCVRL_002 Dataset/raw/nd1S05842/Left/346731.tiff,nd1S05842,L,True
861064,1,1.403767,346731,/Users/odon/Desktop/intro_to_iris_recognition/Week 1/NDCVRL_002 Dataset/raw/nd1S05321/Right/861064.tiff,nd1S05321,R,True
755792,1,1.403811,764908,/Users/odon/Desktop/intro_to_iris_recognition/Week 1/NDCVRL_002 Dataset/raw/nd1S04649/Left/755792.tiff,nd1S04649,L,True
1085403,1,1.403858,657293,/Users/odon/Desktop/intro_to_iris_recognition/Week 1/NDCVRL_002 Dataset/raw/nd1S06745/Left/1085403.tiff,nd1S06745,L,True
657293,1,1.403858,1085403,/Users/odon/Desktop/intro_to_iris_recognition/Week 1/NDCVRL_002 Dataset/raw/nd1S05249/Right/657293.tiff,nd1S05249,R,True
1110824,1,1.403862,1034760,/Users/odon/Desktop/intro_to_iris_recognition/Week 1/NDCVRL_002 Dataset/raw/nd1S05673/Right/1110824.tiff,nd1S05673,R,True
660547,1,1.403883,660543,/Users/odon/Desktop/intro_to_iris_recognition/Week 1/NDCVRL_002 Dataset/raw/nd1S05216/Right/660547.tiff,nd1S05216,R,True
1130649,1,1.403893,758901,/Users/odon/Desktop/intro_to_iris_recognition/Week 1/NDCVRL_002 Dataset/raw/nd1S05321/Right/1130649.tiff,nd1S05321,R,True
530292,1,1.403895,539152,/Users/odon/Desktop/intro_to_iris_recognition/Week 1/NDCVRL_002 Dataset/raw/nd1S05555/Right/530292.tiff,nd1S05555,R,True
539152,1,1.403895,530292,/Users/odon/Desktop/intro_to_iris_recognition/Week 1/NDCVRL_002 Dataset/raw/nd1S05808/Right/539152.tiff,nd1S05808,R,True
902922,1,1.403929,764261,/Users/odon/Desktop/intro_to_iris_recognition/Week 1/NDCVRL_002 Dataset/raw/nd1S05713/Right/902922.tiff,nd1S05713,R,True
1192896,1,1.403933,904794,/Users/odon/Desktop/intro_to_iris_recognition/Week 1/NDCVRL_002 Dataset/raw/nd1S04261/Left/1192896.tiff,nd1S04261,L,True
904794,1,1.403933,1192896,/Users/odon/Desktop/intro_to_iris_recognition/Week 1/NDCVRL_002 Dataset/raw/nd1S05810/Left/904794.tiff,nd1S05810,L,True
271092,1,1.403934,178513,/Users/odon/Desktop/intro_to_iris_recognition/Week 1/NDCVRL_002 Dataset/raw/nd1S05600/Right/271092.tiff,nd1S05600,R,True
615592,1,1.403945,732921,/Users/odon/Desktop/intro_to_iris_recognition/Week 1/NDCVRL_002 Dataset/raw/nd1S05501/Right/615592.tiff,nd1S05501,R,True
732921,1,1.403945,615592,/Users/odon/Desktop/intro_to_iris_recognition/Week 1/NDCVRL_002 Dataset/raw/nd1S06126/Right/732921.tiff,nd1S06126,R,True
161025,1,1.403950,659522,/Users/odon/Desktop/intro_to_iris_recognition/Week 1/NDCVRL_002 Dataset/raw/nd1S02463/Left/161025.tiff,nd1S02463,L,True
659522,1,1.403950,161025,/Users/odon/Desktop/intro_to_iris_recognition/Week 1/NDCVRL_002 Dataset/raw/nd1S05272/Right/659522.tiff,nd1S05272,R,True
659428,1,1.403967,945238,/Users/odon/Desktop/intro_to_iris_recognition/Week 1/NDCVRL_002 Dataset/raw/nd1S05269/Right/659428.tiff,nd1S05269,R,True
1192220,1,1.403972,728968,/Users/odon/Desktop/intro_to_iris_recognition/Week 1/NDCVRL_002 Dataset/raw/nd1S07015/Left/1192220.tiff,nd1S07015,L,True
728968,1,1.403972,1192220,/Users/odon/Desktop/intro_to_iris_recognition/Week 1/NDCVRL_002 Dataset/raw/nd1S06110/Right/728968.tiff,nd1S06110,R,True
660274,1,1.403979,1043101,/Users/odon/Desktop/intro_to_iris_recognition/Week 1/NDCVRL_002 Dataset/raw/nd1S04786/Left/660274.tiff,nd1S04786,L,True
1158245,1,1.404018,660413,/Users/odon/Desktop/intro_to_iris_recognition/Week 1/NDCVRL_002 Dataset/raw/nd1S06017/Left/1158245.tiff,nd1S06017,L,True
660413,1,1.404018,1158245,/Users/odon/Desktop/intro_to_iris_recognition/Week 1/NDCVRL_002 Dataset/raw/nd1S05281/Left/660413.tiff,nd1S05281,L,True
436038,1,1.404026,707595,/Users/odon/Desktop/intro_to_iris_recognition/Week 1/NDCVRL_002 Dataset/raw/nd1S05455/Left/436038.tiff,nd1S05455,L,True
819469,1,1.404058,407195,/Users/odon/Desktop/intro_to_iris_recognition/Week 1/NDCVRL_002 Dataset/raw/nd1S06441/Right/819469.tiff,nd1S06441,R,True
244618,1,1.404068,988806,/Users/odon/Desktop/intro_to_iris_recognition/Week 1/NDCVRL_002 Dataset/raw/nd1S05213/Left/244618.tiff,nd1S05213,L,True
988806,1,1.404068,244618,/Users/odon/Desktop/intro_to_iris_recognition/Week 1/NDCVRL_002 Dataset/raw/nd1S06793/Left/988806.tiff,nd1S06793,L,True
1127884,1,1.404093,262922,/Users/odon/Desktop/intro_to_iris_recognition/Week 1/NDCVRL_002 Dataset/raw/nd1S05963/Right/1127884.tiff,nd1S05963,R,True
262922,1,1.404093,1127884,/Users/odon/Desktop/intro_to_iris_recognition/Week 1/NDCVRL_002 Dataset/raw/nd1S05165/Left/262922.tiff,nd1S05165,L,True
1109513,1,1.404141,511261,/Users/odon/Desktop/intro_to_iris_recognition/Week 1/NDCVRL_002 Dataset/raw/nd1S05455/Right/1109513.tiff,nd1S05455,R,True
722799,1,1.404143,902897,/Users/odon/Desktop/intro_to_iris_recognition/Week 1/NDCVRL_002 Dataset/raw/nd1S04649/Left/722799.tiff,nd1S04649,L,True
902897,1,1.404143,722799,/Users/odon/Desktop/intro_to_iris_recognition/Week 1/NDCVRL_002 Dataset/raw/nd1S05407/Left/902897.tiff,nd1S05407,L,True
609737,1,1.404199,660541,/Users/odon/Desktop/intro_to_iris_recognition/Week 1/NDCVRL_002 Dataset/raw/nd1S05999/Left/609737.tiff,nd1S05999,L,True
660541,1,1.404199,609737,/Users/odon/Desktop/intro_to_iris_recognition/Week 1/NDCVRL_002 Dataset/raw/nd1S05216/Left/660541.tiff,nd1S05216,L,True
858168,1,1.404239,1020225,/Users/odon/Desktop/intro_to_iris_recognition/Week 1/NDCVRL_002 Dataset/raw/nd1S06352/Right/858168.tiff,nd1S06352,R,True
512662,1,1.404273,667798,/Users/odon/Desktop/intro_to_iris_recognition/Week 1/NDCVRL_002 Dataset/raw/nd1S05881/Left/512662.tiff,nd1S05881,L,True
207642,1,1.404309,866015,/Users/odon/Desktop/intro_to_iris_recognition/Week 1/NDCVRL_002 Dataset/raw/nd1S04505/Left/207642.tiff,nd1S04505,L,True
866015,1,1.404309,207642,/Users/odon/Desktop/intro_to_iris_recognition/Week 1/NDCVRL_002 Dataset/raw/nd1S05856/Right/866015.tiff,nd1S05856,R,True
709541,1,1.404328,760750,/Users/odon/Desktop/intro_to_iris_recognition/Week 1/NDCVRL_002 Dataset/raw/nd1S05547/Right/709541.tiff,nd1S05547,R,True
760750,1,1.404328,709541,/Users/odon/Desktop/intro_to_iris_recognition/Week 1/NDCVRL_002 Dataset/raw/nd1S06441/Right/760750.tiff,nd1S06441,R,True
660347,1,1.404338,906919,/Users/odon/Desktop/intro_to_iris_recognition/Week 1/NDCVRL_002 Dataset/raw/nd1S05278/Right/660347.tiff,nd1S05278,R,True
906919,1,1.404338,660347,/Users/odon/Desktop/intro_to_iris_recognition/Week 1/NDCVRL_002 Dataset/raw/nd1S05881/Right/906919.tiff,nd1S05881,R,True
390990,1,1.404367,1085401,/Users/odon/Desktop/intro_to_iris_recognition/Week 1/NDCVRL_002 Dataset/raw/nd1S05870/Left/390990.tiff,nd1S05870,L,True
262920,1,1.404444,704455,/Users/odon/Desktop/intro_to_iris_recognition/Week 1/NDCVRL_002 Dataset/raw/nd1S05165/Left/262920.tiff,nd1S05165,L,True
790701,1,1.404446,863888,/Users/odon/Desktop/intro_to_iris_recognition/Week 1/NDCVRL_002 Dataset/raw/nd1S06345/Left/790701.tiff,nd1S06345,L,True
668617,1,1.404452,660770,/Users/odon/Desktop/intro_to_iris_recognition/Week 1/NDCVRL_002 Dataset/raw/nd1S04683/Left/668617.tiff,nd1S04683,L,True
1112077,1,1.404472,704412,/Users/odon/Desktop/intro_to_iris_recognition/Week 1/NDCVRL_002 Dataset/raw/nd1S05954/Left/1112077.tiff,nd1S05954,L,True
704412,1,1.404472,1112077,/Users/odon/Desktop/intro_to_iris_recognition/Week 1/NDCVRL_002 Dataset/raw/nd1S05629/Left/704412.tiff,nd1S05629,L,True
391944,1,1.404491,659546,/Users/odon/Desktop/intro_to_iris_recognition/Week 1/NDCVRL_002 Dataset/raw/nd1S05810/Left/391944.tiff,nd1S05810,L,True
659546,1,1.404491,391944,/Users/odon/Desktop/intro_to_iris_recognition/Week 1/NDCVRL_002 Dataset/raw/nd1S05033/Right/659546.tiff,nd1S05033,R,True
612118,1,1.404547,254684,/Users/odon/Desktop/intro_to_iris_recognition/Week 1/NDCVRL_002 Dataset/raw/nd1S05456/Left/612118.tiff,nd1S05456,L,True
760365,1,1.404549,1033056,/Users/odon/Desktop/intro_to_iris_recognition/Week 1/NDCVRL_002 Dataset/raw/nd1S05735/Right/760365.tiff,nd1S05735,R,True
1192859,1,1.404572,662415,/Users/odon/Desktop/intro_to_iris_recognition/Week 1/NDCVRL_002 Dataset/raw/nd1S04261/Left/1192859.tiff,nd1S04261,L,True
1113757,1,1.404665,826071,/Users/odon/Desktop/intro_to_iris_recognition/Week 1/NDCVRL_002 Dataset/raw/nd1S05953/Right/1113757.tiff,nd1S05953,R,True
826071,1,1.404665,1113757,/Users/odon/Desktop/intro_to_iris_recognition/Week 1/NDCVRL_002 Dataset/raw/nd1S05541/Right/826071.tiff,nd1S05541,R,True
1087353,1,1.404750,607572,/Users/odon/Desktop/intro_to_iris_recognition/Week 1/NDCVRL_002 Dataset/raw/nd1S05871/Right/1087353.tiff,nd1S05871,R,True
607572,1,1.404750,1087353,/Users/odon/Desktop/intro_to_iris_recognition/Week 1/NDCVRL_002 Dataset/raw/nd1S05881/Left/607572.tiff,nd1S05881,L,True
1009710,1,1.404786,668504,/Users/odon/Desktop/intro_to_iris_recognition/Week 1/NDCVRL_002 Dataset/raw/nd1S05616/Right/1009710.tiff,nd1S05616,R,True
659503,1,1.404801,441124,/Users/odon/Desktop/intro_to_iris_recognition/Week 1/NDCVRL_002 Dataset/raw/nd1S05272/Left/659503.tiff,nd1S05272,L,True
511256,1,1.404839,795788,/Users/odon/Desktop/intro_to_iris_recognition/Week 1/NDCVRL_002 Dataset/raw/nd1S05999/Right/511256.tiff,nd1S05999,R,True
795788,1,1.404839,511256,/Users/odon/Desktop/intro_to_iris_recognition/Week 1/NDCVRL_002 Dataset/raw/nd1S06086/Left/795788.tiff,nd1S06086,L,True
303676,1,1.404863,167630,/Users/odon/Desktop/intro_to_iris_recognition/Week 1/NDCVRL_002 Dataset/raw/nd1S04649/Left/303676.tiff,nd1S04649,L,True
764906,1,1.404866,963733,/Users/odon/Desktop/intro_to_iris_recognition/Week 1/NDCVRL_002 Dataset/raw/nd1S06128/Right/764906.tiff,nd1S06128,R,True
963733,1,1.404866,764906,/Users/odon/Desktop/intro_to_iris_recognition/Week 1/NDCVRL_002 Dataset/raw/nd1S06107/Right/963733.tiff,nd1S06107,R,True
427325,1,1.404954,660284,/Users/odon/Desktop/intro_to_iris_recognition/Week 1/NDCVRL_002 Dataset/raw/nd1S05478/Left/427325.tiff,nd1S05478,L,True
660284,1,1.404954,427325,/Users/odon/Desktop/intro_to_iris_recognition/Week 1/NDCVRL_002 Dataset/raw/nd1S05060/Left/660284.tiff,nd1S05060,L,True
397880,1,1.404963,791650,/Users/odon/Desktop/intro_to_iris_recognition/Week 1/NDCVRL_002 Dataset/raw/nd1S05842/Left/397880.tiff,nd1S05842,L,True
432363,1,1.404977,659593,/Users/odon/Desktop/intro_to_iris_recognition/Week 1/NDCVRL_002 Dataset/raw/nd1S05270/Right/432363.tiff,nd1S05270,R,True
1129841,1,1.405006,831989,/Users/odon/Desktop/intro_to_iris_recognition/Week 1/NDCVRL_002 Dataset/raw/nd1S05455/Right/1129841.tiff,nd1S05455,R,True
271512,1,1.405030,668646,/Users/odon/Desktop/intro_to_iris_recognition/Week 1/NDCVRL_002 Dataset/raw/nd1S05455/Left/271512.tiff,nd1S05455,L,True
231213,1,1.405031,1108981,/Users/odon/Desktop/intro_to_iris_recognition/Week 1/NDCVRL_002 Dataset/raw/nd1S05315/Left/231213.tiff,nd1S05315,L,True
1131579,1,1.405038,539818,/Users/odon/Desktop/intro_to_iris_recognition/Week 1/NDCVRL_002 Dataset/raw/nd1S05455/Right/1131579.tiff,nd1S05455,R,True
1156990,1,1.405047,831197,/Users/odon/Desktop/intro_to_iris_recognition/Week 1/NDCVRL_002 Dataset/raw/nd1S06017/Left/1156990.tiff,nd1S06017,L,True
831197,1,1.405047,1156990,/Users/odon/Desktop/intro_to_iris_recognition/Week 1/NDCVRL_002 Dataset/raw/nd1S06128/Left/831197.tiff,nd1S06128,L,True
763417,1,1.405125,832631,/Users/odon/Desktop/intro_to_iris_recognition/Week 1/NDCVRL_002 Dataset/raw/nd1S05675/Left/763417.tiff,nd1S05675,L,True
832631,1,1.405125,763417,/Users/odon/Desktop/intro_to_iris_recognition/Week 1/NDCVRL_002 Dataset/raw/nd1S06129/Left/832631.tiff,nd1S06129,L,True
730445,1,1.405127,990827,/Users/odon/Desktop/intro_to_iris_recognition/Week 1/NDCVRL_002 Dataset/raw/nd1S05321/Right/730445.tiff,nd1S05321,R,True
990827,1,1.405127,730445,/Users/odon/Desktop/intro_to_iris_recognition/Week 1/NDCVRL_002 Dataset/raw/nd1S06793/Left/990827.tiff,nd1S06793,L,True
518168,1,1.405144,948395,/Users/odon/Desktop/intro_to_iris_recognition/Week 1/NDCVRL_002 Dataset/raw/nd1S05456/Right/518168.tiff,nd1S05456,R,True
948395,1,1.405144,518168,/Users/odon/Desktop/intro_to_iris_recognition/Week 1/NDCVRL_002 Dataset/raw/nd1S06768/Right/948395.tiff,nd1S06768,R,True
441589,1,1.405169,895493,/Users/odon/Desktop/intro_to_iris_recognition/Week 1/NDCVRL_002 Dataset/raw/nd1S05455/Left/441589.tiff,nd1S05455,L,True
1130446,1,1.405174,396779,/Users/odon/Desktop/intro_to_iris_recognition/Week 1/NDCVRL_002 Dataset/raw/nd1S06082/Right/1130446.tiff,nd1S06082,R,True
830753,1,1.405219,869796,/Users/odon/Desktop/intro_to_iris_recognition/Week 1/NDCVRL_002 Dataset/raw/nd1S06352/Right/830753.tiff,nd1S06352,R,True
1107793,1,1.405230,706765,/Users/odon/Desktop/intro_to_iris_recognition/Week 1/NDCVRL_002 Dataset/raw/nd1S05871/Right/1107793.tiff,nd1S05871,R,True
706765,1,1.405230,1107793,/Users/odon/Desktop/intro_to_iris_recognition/Week 1/NDCVRL_002 Dataset/raw/nd1S05619/Left/706765.tiff,nd1S05619,L,True
520930,1,1.405240,592387,/Users/odon/Desktop/intro_to_iris_recognition/Week 1/NDCVRL_002 Dataset/raw/nd1S06079/Left/520930.tiff,nd1S06079,L,True
592387,1,1.405240,520930,/Users/odon/Desktop/intro_to_iris_recognition/Week 1/NDCVRL_002 Dataset/raw/nd1S05367/Left/592387.tiff,nd1S05367,L,True
1014116,1,1.405257,725525,/Users/odon/Desktop/intro_to_iris_recognition/Week 1/NDCVRL_002 Dataset/raw/nd1S05713/Right/1014116.tiff,nd1S05713,R,True
725525,1,1.405257,1014116,/Users/odon/Desktop/intro_to_iris_recognition/Week 1/NDCVRL_002 Dataset/raw/nd1S06079/Right/725525.tiff,nd1S06079,R,True
608036,1,1.405343,995455,/Users/odon/Desktop/intro_to_iris_recognition/Week 1/NDCVRL_002 Dataset/raw/nd1S05863/Left/608036.tiff,nd1S05863,L,True
665214,1,1.405383,933168,/Users/odon/Desktop/intro_to_iris_recognition/Week 1/NDCVRL_002 Dataset/raw/nd1S05049/Left/665214.tiff,nd1S05049,L,True
591395,1,1.405404,543153,/Users/odon/Desktop/intro_to_iris_recognition/Week 1/NDCVRL_002 Dataset/raw/nd1S05033/Right/591395.tiff,nd1S05033,R,True
676511,1,1.405406,267541,/Users/odon/Desktop/intro_to_iris_recognition/Week 1/NDCVRL_002 Dataset/raw/nd1S05742/Left/676511.tiff,nd1S05742,L,True
603486,1,1.405433,410800,/Users/odon/Desktop/intro_to_iris_recognition/Week 1/NDCVRL_002 Dataset/raw/nd1S05713/Left/603486.tiff,nd1S05713,L,True
799137,1,1.405441,607237,/Users/odon/Desktop/intro_to_iris_recognition/Week 1/NDCVRL_002 Dataset/raw/nd1S05868/Left/799137.tiff,nd1S05868,L,True
697760,1,1.405443,946597,/Users/odon/Desktop/intro_to_iris_recognition/Week 1/NDCVRL_002 Dataset/raw/nd1S05555/Right/697760.tiff,nd1S05555,R,True
942868,1,1.405468,794822,/Users/odon/Desktop/intro_to_iris_recognition/Week 1/NDCVRL_002 Dataset/raw/nd1S06768/Left/942868.tiff,nd1S06768,L,True
412295,1,1.405473,659410,/Users/odon/Desktop/intro_to_iris_recognition/Week 1/NDCVRL_002 Dataset/raw/nd1S05624/Right/412295.tiff,nd1S05624,R,True
257843,1,1.405539,660803,/Users/odon/Desktop/intro_to_iris_recognition/Week 1/NDCVRL_002 Dataset/raw/nd1S05270/Left/257843.tiff,nd1S05270,L,True
660803,1,1.405539,257843,/Users/odon/Desktop/intro_to_iris_recognition/Week 1/NDCVRL_002 Dataset/raw/nd1S05285/Left/660803.tiff,nd1S05285,L,True
817527,1,1.405606,868775,/Users/odon/Desktop/intro_to_iris_recognition/Week 1/NDCVRL_002 Dataset/raw/nd1S06181/Right/817527.tiff,nd1S06181,R,True
868775,1,1.405606,817527,/Users/odon/Desktop/intro_to_iris_recognition/Week 1/NDCVRL_002 Dataset/raw/nd1S05735/Left/868775.tiff,nd1S05735,L,True
1084829,1,1.405617,944376,/Users/odon/Desktop/intro_to_iris_recognition/Week 1/NDCVRL_002 Dataset/raw/nd1S06943/Right/1084829.tiff,nd1S06943,R,True
944376,1,1.405617,1084829,/Users/odon/Desktop/intro_to_iris_recognition/Week 1/NDCVRL_002 Dataset/raw/nd1S06768/Right/944376.tiff,nd1S06768,R,True
210657,1,1.405693,817484,/Users/odon/Desktop/intro_to_iris_recognition/Week 1/NDCVRL_002 Dataset/raw/nd1S04859/Right/210657.tiff,nd1S04859,R,True
558566,1,1.405704,591982,/Users/odon/Desktop/intro_to_iris_recognition/Week 1/NDCVRL_002 Dataset/raw/nd1S06128/Right/558566.tiff,nd1S06128,R,True
608176,1,1.405711,1134536,/Users/odon/Desktop/intro_to_iris_recognition/Week 1/NDCVRL_002 Dataset/raw/nd1S05831/Right/608176.tiff,nd1S05831,R,True
555932,1,1.405724,611928,/Users/odon/Desktop/intro_to_iris_recognition/Week 1/NDCVRL_002 Dataset/raw/nd1S05854/Right/555932.tiff,nd1S05854,R,True
