image_id,filepath,subject_id,eye,session
1013655,/Users/odon/Desktop/intro_to_iris_recognition/Week 1/NDCVRL_002 Dataset/raw/nd1S02463/Left/1013655.tiff,nd1S02463,L,10/26/11
1013666,/Users/odon/Desktop/intro_to_iris_recognition/Week 1/NDCVRL_002 Dataset/raw/nd1S02463/Left/1013666.tiff,nd1S02463,L,10/26/11
1015652,/Users/odon/Desktop/intro_to_iris_recognition/Week 1/NDCVRL_002 Dataset/raw/nd1S02463/Left/1015652.tiff,nd1S02463,L,10/26/11
1038326,/Users/odon/Desktop/intro_to_iris_recognition/Week 1/NDCVRL_002 Dataset/raw/nd1S02463/Left/1038326.tiff,nd1S02463,L,11/9/11
1063964,/Users/odon/Desktop/intro_to_iris_recognition/Week 1/NDCVRL_002 Dataset/raw/nd1S02463/Left/1063964.tiff,nd1S02463,L,2/9/12
1063973,/Users/odon/Desktop/intro_to_iris_recognition/Week 1/NDCVRL_002 Dataset/raw/nd1S02463/Left/1063973.tiff,nd1S02463,L,2/9/12
1063974,/Users/odon/Desktop/intro_to_iris_recognition/Week 1/NDCVRL_002 Dataset/raw/nd1S02463/Left/1063974.tiff,nd1S02463,L,2/9/12
1065299,/Users/odon/Desktop/intro_to_iris_recognition/Week 1/NDCVRL_002 Dataset/raw/nd1S02463/Left/1065299.tiff,nd1S02463,L,2/9/12
1090351,/Users/odon/Desktop/intro_to_iris_recognition/Week 1/NDCVRL_002 Dataset/raw/nd1S02463/Left/1090351.tiff,nd1S02463,L,2/23/12
1091156,/Users/odon/Desktop/intro_to_iris_recognition/Week 1/NDCVRL_002 Dataset/raw/nd1S02463/Left/1091156.tiff,nd1S02463,L,2/23/12
161019,/Users/odon/Desktop/intro_to_iris_recognition/Week 1/NDCVRL_002 Dataset/raw/nd1S02463/Left/161019.tiff,nd1S02463,L,9/7/04
161025,/Users/odon/Desktop/intro_to_iris_recognition/Week 1/NDCVRL_002 Dataset/raw/nd1S02463/Left/161025.tiff,nd1S02463,L,9/7/04
166784,/Users/odon/Desktop/intro_to_iris_recognition/Week 1/NDCVRL_002 Dataset/raw/nd1S02463/Left/166784.tiff,nd1S02463,L,10/26/04
167403,/Users/odon/Desktop/intro_to_iris_recognition/Week 1/NDCVRL_002 Dataset/raw/nd1S02463/Left/167403.tiff,nd1S02463,L,11/2/04
179758,/Users/odon/Desktop/intro_to_iris_recognition/Week 1/NDCVRL_002 Dataset/raw/nd1S02463/Left/179758.tiff,nd1S02463,L,1/27/04
179783,/Users/odon/Desktop/intro_to_iris_recognition/Week 1/NDCVRL_002 Dataset/raw/nd1S02463/Left/179783.tiff,nd1S02463,L,3/24/04
201495,/Users/odon/Desktop/intro_to_iris_recognition/Week 1/NDCVRL_002 Dataset/raw/nd1S02463/Left/201495.tiff,nd1S02463,L,1/18/05
202097,/Users/odon/Desktop/intro_to_iris_recognition/Week 1/NDCVRL_002 Dataset/raw/nd1S02463/Left/202097.tiff,nd1S02463,L,1/26/05
202511,/Users/odon/Desktop/intro_to_iris_recognition/Week 1/NDCVRL_002 Dataset/raw/nd1S02463/Left/202511.tiff,nd1S02463,L,2/8/05
203024,/Users/odon/Desktop/intro_to_iris_recognition/Week 1/NDCVRL_002 Dataset/raw/nd1S02463/Left/203024.tiff,nd1S02463,L,2/15/05
204059,/Users/odon/Desktop/intro_to_iris_recognition/Week 1/NDCVRL_002 Dataset/raw/nd1S02463/Left/204059.tiff,nd1S02463,L,3/1/05
204592,/Users/odon/Desktop/intro_to_iris_recognition/Week 1/NDCVRL_002 Dataset/raw/nd1S02463/Left/204592.tiff,nd1S02463,L,3/15/05
205609,/Users/odon/Desktop/intro_to_iris_recognition/Week 1/NDCVRL_002 Dataset/raw/nd1S02463/Left/205609.tiff,nd1S02463,L,3/29/05
207431,/Users/odon/Desktop/intro_to_iris_recognition/Week 1/NDCVRL_002 Dataset/raw/nd1S02463/Left/207431.tiff,nd1S02463,L,4/20/05
214777,/Users/odon/Desktop/intro_to_iris_recognition/Week 1/NDCVRL_002 Dataset/raw/nd1S02463/Left/214777.tiff,nd1S02463,L,2/3/04
515399,/Users/odon/Desktop/intro_to_iris_recognition/Week 1/NDCVRL_002 Dataset/raw/nd1S02463/Left/515399.tiff,nd1S02463,L,11/17/09
659563,/Users/odon/Desktop/intro_to_iris_recognition/Week 1/NDCVRL_002 Dataset/raw/nd1S02463/Left/659563.tiff,nd1S02463,L,11/1/06
659566,/Users/odon/Desktop/intro_to_iris_recognition/Week 1/NDCVRL_002 Dataset/raw/nd1S02463/Left/659566.tiff,nd1S02463,L,11/1/06
666725,/Users/odon/Desktop/intro_to_iris_recognition/Week 1/NDCVRL_002 Dataset/raw/nd1S02463/Left/666725.tiff,nd1S02463,L,3/1/07
666970,/Users/odon/Desktop/intro_to_iris_recognition/Week 1/NDCVRL_002 Dataset/raw/nd1S02463/Left/666970.tiff,nd1S02463,L,3/21/07
669542,/Users/odon/Desktop/intro_to_iris_recognition/Week 1/NDCVRL_002 Dataset/raw/nd1S02463/Left/669542.tiff,nd1S02463,L,4/26/07
673946,/Users/odon/Desktop/intro_to_iris_recognition/Week 1/NDCVRL_002 Dataset/raw/nd1S02463/Left/673946.tiff,nd1S02463,L,10/26/10
704749,/Users/odon/Desktop/intro_to_iris_recognition/Week 1/NDCVRL_002 Dataset/raw/nd1S02463/Left/704749.tiff,nd1S02463,L,1/25/11
722165,/Users/odon/Desktop/intro_to_iris_recognition/Week 1/NDCVRL_002 Dataset/raw/nd1S02463/Left/722165.tiff,nd1S02463,L,2/8/11
727010,/Users/odon/Desktop/intro_to_iris_recognition/Week 1/NDCVRL_002 Dataset/raw/nd1S02463/Left/727010.tiff,nd1S02463,L,2/8/11
761884,/Users/odon/Desktop/intro_to_iris_recognition/Week 1/NDCVRL_002 Dataset/raw/nd1S02463/Left/761884.tiff,nd1S02463,L,2/22/11
872071,/Users/odon/Desktop/intro_to_iris_recognition/Week 1/NDCVRL_002 Dataset/raw/nd1S02463/Left/872071.tiff,nd1S02463,L,4/14/11
909935,/Users/odon/Desktop/intro_to_iris_recognition/Week 1/NDCVRL_002 Dataset/raw/nd1S02463/Left/909935.tiff,nd1S02463,L,4/28/11
909975,/Users/odon/Desktop/intro_to_iris_recognition/Week 1/NDCVRL_002 Dataset/raw/nd1S02463/Left/909975.tiff,nd1S02463,L,4/28/11
910670,/Users/odon/Desktop/intro_to_iris_recognition/Week 1/NDCVRL_002 Dataset/raw/nd1S02463/Left/910670.tiff,nd1S02463,L,4/28/11
934687,/Users/odon/Desktop/intro_to_iris_recognition/Week 1/NDCVRL_002 Dataset/raw/nd1S02463/Left/934687.tiff,nd1S02463,L,7/17/07
934691,/Users/odon/Desktop/intro_to_iris_recognition/Week 1/NDCVRL_002 Dataset/raw/nd1S02463/Left/934691.tiff,nd1S02463,L,7/17/07
934763,/Users/odon/Desktop/intro_to_iris_recognition/Week 1/NDCVRL_002 Dataset/raw/nd1S02463/Left/934763.tiff,nd1S02463,L,8/27/07
935033,/Users/odon/Desktop/intro_to_iris_recognition/Week 1/NDCVRL_002 Dataset/raw/nd1S02463/Left/935033.tiff,nd1S02463,L,9/24/07
935099,/Users/odon/Desktop/intro_to_iris_recognition/Week 1/NDCVRL_002 Dataset/raw/nd1S02463/Left/935099.tiff,nd1S02463,L,10/1/07
1192849,/Users/odon/Desktop/intro_to_iris_recognition/Week 1/NDCVRL_002 Dataset/raw/nd1S04261/Left/1192849.tiff,nd1S04261,L,10/31/13
1192850,/Users/odon/Desktop/intro_to_iris_recognition/Week 1/NDCVRL_002 Dataset/raw/nd1S04261/Left/1192850.tiff,nd1S04261,L,10/31/13
1192851,/Users/odon/Desktop/intro_to_iris_recognition/Week 1/NDCVRL_002 Dataset/raw/nd1S04261/Left/1192851.tiff,nd1S04261,L,10/31/13
1192852,/Users/odon/Desktop/intro_to_iris_recognition/Week 1/NDCVRL_002 Dataset/raw/nd1S04261/Left/1192852.tiff,nd1S04261,L,10/31/13
1192853,/Users/odon/Desktop/intro_to_iris_recognition/Week 1/NDCVRL_002 Dataset/raw/nd1S04261/Left/1192853.tiff,nd1S04261,L,10/31/13
1192854,/Users/odon/Desktop/intro_to_iris_recognition/Week 1/NDCVRL_002 Dataset/raw/nd1S04261/Left/1192854.tiff,nd1S04261,L,10/31/13
1192855,/Users/odon/Desktop/intro_to_iris_recognition/Week 1/NDCVRL_002 Dataset/raw/nd1S04261/Left/1192855.tiff,nd1S04261,L,10/31/13
1192856,/Users/odon/Desktop/intro_to_iris_recognition/Week 1/NDCVRL_002 Dataset/raw/nd1S04261/Left/1192856.tiff,nd1S04261,L,10/31/13
1192857,/Users/odon/Desktop/intro_to_iris_recognition/Week 1/NDCVRL_002 Dataset/raw/nd1S04261/Left/1192857.tiff,nd1S04261,L,10/31/13
1192858,/Users/odon/Desktop/intro_to_iris_recognition/Week 1/NDCVRL_002 Dataset/raw/nd1S04261/Left/1192858.tiff,nd1S04261,L,10/31/13
1192859,/Users/odon/Desktop/intro_to_iris_recognition/Week 1/NDCVRL_002 Dataset/raw/nd1S04261/Left/1192859.tiff,nd1S04261,L,10/31/13
1192860,/Users/odon/Desktop/intro_to_iris_recognition/Week 1/NDCVRL_002 Dataset/raw/nd1S04261/Left/1192860.tiff,nd1S04261,L,10/31/13
1192861,/Users/odon/Desktop/intro_to_iris_recognition/Week 1/NDCVRL_002 Dataset/raw/nd1S04261/Left/1192861.tiff,nd1S04261,L,10/31/13
1192862,/Users/odon/Desktop/intro_to_iris_recognition/Week 1/NDCVRL_002 Dataset/raw/nd1S04261/Left/1192862.tiff,nd1S04261,L,10/31/13
1192863,/Users/odon/Desktop/intro_to_iris_recognition/Week 1/NDCVRL_002 Dataset/raw/nd1S04261/Left/1192863.tiff,nd1S04261,L,10/31/13
1192864,/Users/odon/Desktop/intro_to_iris_recognition/Week 1/NDCVRL_002 Dataset/raw/nd1S04261/Left/1192864.tiff,nd1S04261,L,10/31/13
1192865,/Users/odon/Desktop/intro_to_iris_recognition/Week 1/NDCVRL_002 Dataset/raw/nd1S04261/Left/1192865.tiff,nd1S04261,L,10/31/13
1192866,/Users/odon/Desktop/intro_to_iris_recognition/Week 1/NDCVRL_002 Dataset/raw/nd1S04261/Left/1192866.tiff,nd1S04261,L,10/31/13
1192867,/Users/odon/Desktop/intro_to_iris_recognition/Week 1/NDCVRL_002 Dataset/raw/nd1S04261/Left/1192867.tiff,nd1S04261,L,10/31/13
1192868,/Users/odon/Desktop/intro_to_iris_recognition/Week 1/NDCVRL_002 Dataset/raw/nd1S04261/Left/1192868.tiff,nd1S04261,L,10/31/13
1192869,/Users/odon/Desktop/intro_to_iris_recognition/Week 1/NDCVRL_002 Dataset/raw/nd1S04261/Left/1192869.tiff,nd1S04261,L,10/31/13
1192870,/Users/odon/Desktop/intro_to_iris_recognition/Week 1/NDCVRL_002 Dataset/raw/nd1S04261/Left/1192870.tiff,nd1S04261,L,10/31/13
1192871,/Users/odon/Desktop/intro_to_iris_recognition/Week 1/NDCVRL_002 Dataset/raw/nd1S04261/Left/1192871.tiff,nd1S04261,L,10/31/13
1192872,/Users/odon/Desktop/intro_to_iris_recognition/Week 1/NDCVRL_002 Dataset/raw/nd1S04261/Left/1192872.tiff,nd1S04261,L,10/31/13
1192873,/Users/odon/Desktop/intro_to_iris_recognition/Week 1/NDCVRL_002 Dataset/raw/nd1S04261/Left/1192873.tiff,nd1S04261,L,10/31/13
1192874,/Users/odon/Desktop/intro_to_iris_recognition/Week 1/NDCVRL_002 Dataset/raw/nd1S04261/Left/1192874.tiff,nd1S04261,L,10/31/13
1192875,/Users/odon/Desktop/intro_to_iris_recognition/Week 1/NDCVRL_002 Dataset/raw/nd1S04261/Left/1192875.tiff,nd1S04261,L,10/31/13
1192876,/Users/odon/Desktop/intro_to_iris_recognition/Week 1/NDCVRL_002 Dataset/raw/nd1S04261/Left/1192876.tiff,nd1S04261,L,10/31/13
1192877,/Users/odon/Desktop/intro_to_iris_recognition/Week 1/NDCVRL_002 Dataset/raw/nd1S04261/Left/1192877.tiff,nd1S04261,L,10/31/13
1192878,/Users/odon/Desktop/intro_to_iris_recognition/Week 1/NDCVRL_002 Dataset/raw/nd1S04261/Left/1192878.tiff,nd1S04261,L,10/31/13
1192879,/Users/odon/Desktop/intro_to_iris_recognition/Week 1/NDCVRL_002 Dataset/raw/nd1S04261/Left/1192879.tiff,nd1S04261,L,10/31/13
1192880,/Users/odon/Desktop/intro_to_iris_recognition/Week 1/NDCVRL_002 Dataset/raw/nd1S04261/Left/1192880.tiff,nd1S04261,L,10/31/13
1192881,/Users/odon/Desktop/intro_to_iris_recognition/Week 1/NDCVRL_002 Dataset/raw/nd1S04261/Left/1192881.tiff,nd1S04261,L,10/31/13
1192882,/Users/odon/Desktop/intro_to_iris_recognition/Week 1/NDCVRL_002 Dataset/raw/nd1S04261/Left/1192882.tiff,nd1S04261,L,10/31/13
1192883,/Users/odon/Desktop/intro_to_iris_recognition/Week 1/NDCVRL_002 Dataset/raw/nd1S04261/Left/1192883.tiff,nd1S04261,L,10/31/13
1192884,/Users/odon/Desktop/intro_to_iris_recognition/Week 1/NDCVRL_002 Dataset/raw/nd1S04261/Left/1192884.tiff,nd1S04261,L,10/31/13
1192885,/Users/odon/Desktop/intro_to_iris_recognition/Week 1/NDCVRL_002 Dataset/raw/nd1S04261/Left/1192885.tiff,nd1S04261,L,10/31/13
1192886,/Users/odon/Desktop/intro_to_iris_recognition/Week 1/NDCVRL_002 Dataset/raw/nd1S04261/Left/1192886.tiff,nd1S04261,L,10/31/13
1192887,/Users/odon/Desktop/intro_to_iris_recognition/Week 1/NDCVRL_002 Dataset/raw/nd1S04261/Left/1192887.tiff,nd1S04261,L,10/31/13
1192888,/Users/odon/Desktop/intro_to_iris_recognition/Week 1/NDCVRL_002 Dataset/raw/nd1S04261/Left/1192888.tiff,nd1S04261,L,10/31/13
1192889,/Users/odon/Desktop/intro_to_iris_recognition/Week 1/NDCVRL_002 Dataset/raw/nd1S04261/Left/1192889.tiff,nd1S04261,L,10/31/13
1192890,/Users/odon/Desktop/intro_to_iris_recognition/Week 1/NDCVRL_002 Dataset/raw/nd1S04261/Left/1192890.tiff,nd1S04261,L,10/31/13
1192891,/Users/odon/Desktop/intro_to_iris_recognition/Week 1/NDCVRL_002 Dataset/raw/nd1S04261/Left/1192891.tiff,nd1S04261,L,10/31/13
1192892,/Users/odon/Desktop/intro_to_iris_recognition/Week 1/NDCVRL_002 Dataset/raw/nd1S04261/Left/1192892.tiff,nd1S04261,L,10/31/13
1192893,/Users/odon/Desktop/intro_to_iris_recognition/Week 1/NDCVRL_002 Dataset/raw/nd1S04261/Left/1192893.tiff,nd1S04261,L,10/31/13
1192894,/Users/odon/Desktop/intro_to_iris_recognition/Week 1/NDCVRL_002 Dataset/raw/nd1S04261/Left/1192894.tiff,nd1S04261,L,10/31/13
1192895,/Users/odon/Desktop/intro_to_iris_recognition/Week 1/NDCVRL_002 Dataset/raw/nd1S04261/Left/1192895.tiff,nd1S04261,L,10/31/13
1192896,/Users/odon/Desktop/intro_to_iris_recognition/Week 1/NDCVRL_002 Dataset/raw/nd1S04261/Left/1192896.tiff,nd1S04261,L,10/31/13
1192897,/Users/odon/Desktop/intro_to_iris_recognition/Week 1/NDCVRL_002 Dataset/raw/nd1S04261/Left/1192897.tiff,nd1S04261,L,10/31/13
1192898,/Users/odon/Desktop/intro_to_iris_recognition/Week 1/NDCVRL_002 Dataset/raw/nd1S04261/Left/1192898.tiff,nd1S04261,L,10/31/13
1192959,/Users/odon/Desktop/intro_to_iris_recognition/Week 1/NDCVRL_002 Dataset/raw/nd1S04261/Right/1192959.tiff,nd1S04261,R,10/31/13
1192960,/Users/odon/Desktop/intro_to_iris_recognition/Week 1/NDCVRL_002 Dataset/raw/nd1S04261/Right/1192960.tiff,nd1S04261,R,10/31/13
1192961,/Users/odon/Desktop/intro_to_iris_recognition/Week 1/NDCVRL_002 Dataset/raw/nd1S04261/Right/1192961.tiff,nd1S04261,R,10/31/13
1192962,/Users/odon/Desktop/intro_to_iris_recognition/Week 1/NDCVRL_002 Dataset/raw/nd1S04261/Right/1192962.tiff,nd1S04261,R,10/31/13
1192966,/Users/odon/Desktop/intro_to_iris_recognition/Week 1/NDCVRL_002 Dataset/raw/nd1S04261/Right/1192966.tiff,nd1S04261,R,10/31/13
1192967,/Users/odon/Desktop/intro_to_iris_recognition/Week 1/NDCVRL_002 Dataset/raw/nd1S04261/Right/1192967.tiff,nd1S04261,R,10/31/13
1192968,/Users/odon/Desktop/intro_to_iris_recognition/Week 1/NDCVRL_002 Dataset/raw/nd1S04261/Right/1192968.tiff,nd1S04261,R,10/31/13
1192969,/Users/odon/Desktop/intro_to_iris_recognition/Week 1/NDCVRL_002 Dataset/raw/nd1S04261/Right/1192969.tiff,nd1S04261,R,10/31/13
1192970,/Users/odon/Desktop/intro_to_iris_recognition/Week 1/NDCVRL_002 Dataset/raw/nd1S04261/Right/1192970.tiff,nd1S04261,R,10/31/13
1192971,/Users/odon/Desktop/intro_to_iris_recognition/Week 1/NDCVRL_002 Dataset/raw/nd1S04261/Right/1192971.tiff,nd1S04261,R,10/31/13
1192973,/Users/odon/Desktop/intro_to_iris_recognition/Week 1/NDCVRL_002 Dataset/raw/nd1S04261/Right/1192973.tiff,nd1S04261,R,10/31/13
1192975,/Users/odon/Desktop/intro_to_iris_recognition/Week 1/NDCVRL_002 Dataset/raw/nd1S04261/Right/1192975.tiff,nd1S04261,R,10/31/13
1192976,/Users/odon/Desktop/intro_to_iris_recognition/Week 1/NDCVRL_002 Dataset/raw/nd1S04261/Right/1192976.tiff,nd1S04261,R,10/31/13
1192977,/Users/odon/Desktop/intro_to_iris_recognition/Week 1/NDCVRL_002 Dataset/raw/nd1S04261/Right/1192977.tiff,nd1S04261,R,10/31/13
1192978,/Users/odon/Desktop/intro_to_iris_recognition/Week 1/NDCVRL_002 Dataset/raw/nd1S04261/Right/1192978.tiff,nd1S04261,R,10/31/13
1192979,/Users/odon/Desktop/intro_to_iris_recognition/Week 1/NDCVRL_002 Dataset/raw/nd1S04261/Right/1192979.tiff,nd1S04261,R,10/31/13
1192980,/Users/odon/Desktop/intro_to_iris_recognition/Week 1/NDCVRL_002 Dataset/raw/nd1S04261/Right/1192980.tiff,nd1S04261,R,10/31/13
1192981,/Users/odon/Desktop/intro_to_iris_recognition/Week 1/NDCVRL_002 Dataset/raw/nd1S04261/Right/1192981.tiff,nd1S04261,R,10/31/13
1192982,/Users/odon/Desktop/intro_to_iris_recognition/Week 1/NDCVRL_002 Dataset/raw/nd1S04261/Right/1192982.tiff,nd1S04261,R,10/31/13
1192984,/Users/odon/Desktop/intro_to_iris_recognition/Week 1/NDCVRL_002 Dataset/raw/nd1S04261/Right/1192984.tiff,nd1S04261,R,10/31/13
1192985,/Users/odon/Desktop/intro_to_iris_recognition/Week 1/NDCVRL_002 Dataset/raw/nd1S04261/Right/1192985.tiff,nd1S04261,R,10/31/13
1192986,/Users/odon/Desktop/intro_to_iris_recognition/Week 1/NDCVRL_002 Dataset/raw/nd1S04261/Right/1192986.tiff,nd1S04261,R,10/31/13
1192987,/Users/odon/Desktop/intro_to_iris_recognition/Week 1/NDCVRL_002 Dataset/raw/nd1S04261/Right/1192987.tiff,nd1S04261,R,10/31/13
1192988,/Users/odon/Desktop/intro_to_iris_recognition/Week 1/NDCVRL_002 Dataset/raw/nd1S04261/Right/1192988.tiff,nd1S04261,R,10/31/13
1192989,/Users/odon/Desktop/intro_to_iris_recognition/Week 1/NDCVRL_002 Dataset/raw/nd1S04261/Right/1192989.tiff,nd1S04261,R,10/31/13
1192990,/Users/odon/Desktop/intro_to_iris_recognition/Week 1/NDCVRL_002 Dataset/raw/nd1S04261/Right/1192990.tiff,nd1S04261,R,10/31/13
1192991,/Users/odon/Desktop/intro_to_iris_recognition/Week 1/NDCVRL_002 Dataset/raw/nd1S04261/Right/1192991.tiff,nd1S04261,R,10/31/13
1192992,/Users/odon/Desktop/intro_to_iris_recognition/Week 1/NDCVRL_002 Dataset/raw/nd1S04261/Right/1192992.tiff,nd1S04261,R,10/31/13
1192993,/Users/odon/Desktop/intro_to_iris_recognition/Week 1/NDCVRL_002 Dataset/raw/nd1S04261/Right/1192993.tiff,nd1S04261,R,10/31/13
1192995,/Users/odon/Desktop/intro_to_iris_recognition/Week 1/NDCVRL_002 Dataset/raw/nd1S04261/Right/1192995.tiff,nd1S04261,R,10/31/13
1192996,/Users/odon/Desktop/intro_to_iris_recognition/Week 1/NDCVRL_002 Dataset/raw/nd1S04261/Right/1192996.tiff,nd1S04261,R,10/31/13
1192997,/Users/odon/Desktop/intro_to_iris_recognition/Week 1/NDCVRL_002 Dataset/raw/nd1S04261/Right/1192997.tiff,nd1S04261,R,10/31/13
1192998,/Users/odon/Desktop/intro_to_iris_recognition/Week 1/NDCVRL_002 Dataset/raw/nd1S04261/Right/1192998.tiff,nd1S04261,R,10/31/13
1192999,/Users/odon/Desktop/intro_to_iris_recognition/Week 1/NDCVRL_002 Dataset/raw/nd1S04261/Right/1192999.tiff,nd1S04261,R,10/31/13
1193000,/Users/odon/Desktop/intro_to_iris_recognition/Week 1/NDCVRL_002 Dataset/raw/nd1S04261/Right/1193000.tiff,nd1S04261,R,10/31/13
1193001,/Users/odon/Desktop/intro_to_iris_recognition/Week 1/NDCVRL_002 Dataset/raw/nd1S04261/Right/1193001.tiff,nd1S04261,R,10/31/13
1193002,/Users/odon/Desktop/intro_to_iris_recognition/Week 1/NDCVRL_002 Dataset/raw/nd1S04261/Right/1193002.tiff,nd1S04261,R,10/31/13
1193003,/Users/odon/Desktop/intro_to_iris_recognition/Week 1/NDCVRL_002 Dataset/raw/nd1S04261/Right/1193003.tiff,nd1S04261,R,10/31/13
1193004,/Users/odon/Desktop/intro_to_iris_recognition/Week 1/NDCVRL_002 Dataset/raw/nd1S04261/Right/1193004.tiff,nd1S04261,R,10/31/13
1193005,/Users/odon/Desktop/intro_to_iris_recognition/Week 1/NDCVRL_002 Dataset/raw/nd1S04261/Right/1193005.tiff,nd1S04261,R,10/31/13
1193006,/Users/odon/Desktop/intro_to_iris_recognition/Week 1/NDCVRL_002 Dataset/raw/nd1S04261/Right/1193006.tiff,nd1S04261,R,10/31/13
1193007,/Users/odon/Desktop/intro_to_iris_recognition/Week 1/NDCVRL_002 Dataset/raw/nd1S04261/Right/1193007.tiff,nd1S04261,R,10/31/13
1193008,/Users/odon/Desktop/intro_to_iris_recognition/Week 1/NDCVRL_002 Dataset/raw/nd1S04261/Right/1193008.tiff,nd1S04261,R,10/31/13
1057020,/Users/odon/Desktop/intro_to_iris_recognition/Week 1/NDCVRL_002 Dataset/raw/nd1S04394/Left/1057020.tiff,nd1S04394,L,2/7/12
1057021,/Users/odon/Desktop/intro_to_iris_recognition/Week 1/NDCVRL_002 Dataset/raw/nd1S04394/Left/1057021.tiff,nd1S04394,L,2/7/12
1057029,/Users/odon/Desktop/intro_to_iris_recognition/Week 1/NDCVRL_002 Dataset/raw/nd1S04394/Left/1057029.tiff,nd1S04394,L,2/7/12
1058294,/Users/odon/Desktop/intro_to_iris_recognition/Week 1/NDCVRL_002 Dataset/raw/nd1S04394/Left/1058294.tiff,nd1S04394,L,2/7/12
1058848,/Users/odon/Desktop/intro_to_iris_recognition/Week 1/NDCVRL_002 Dataset/raw/nd1S04394/Left/1058848.tiff,nd1S04394,L,2/7/12
1059492,/Users/odon/Desktop/intro_to_iris_recognition/Week 1/NDCVRL_002 Dataset/raw/nd1S04394/Left/1059492.tiff,nd1S04394,L,2/7/12
1059494,/Users/odon/Desktop/intro_to_iris_recognition/Week 1/NDCVRL_002 Dataset/raw/nd1S04394/Left/1059494.tiff,nd1S04394,L,2/7/12
1104374,/Users/odon/Desktop/intro_to_iris_recognition/Week 1/NDCVRL_002 Dataset/raw/nd1S04394/Left/1104374.tiff,nd1S04394,L,3/8/12
1110959,/Users/odon/Desktop/intro_to_iris_recognition/Week 1/NDCVRL_002 Dataset/raw/nd1S04394/Left/1110959.tiff,nd1S04394,L,3/8/12
1110980,/Users/odon/Desktop/intro_to_iris_recognition/Week 1/NDCVRL_002 Dataset/raw/nd1S04394/Left/1110980.tiff,nd1S04394,L,3/8/12
1111707,/Users/odon/Desktop/intro_to_iris_recognition/Week 1/NDCVRL_002 Dataset/raw/nd1S04394/Left/1111707.tiff,nd1S04394,L,3/8/12
1112190,/Users/odon/Desktop/intro_to_iris_recognition/Week 1/NDCVRL_002 Dataset/raw/nd1S04394/Left/1112190.tiff,nd1S04394,L,3/8/12
170317,/Users/odon/Desktop/intro_to_iris_recognition/Week 1/NDCVRL_002 Dataset/raw/nd1S04394/Right/170317.tiff,nd1S04394,R,8/31/04
170318,/Users/odon/Desktop/intro_to_iris_recognition/Week 1/NDCVRL_002 Dataset/raw/nd1S04394/Right/170318.tiff,nd1S04394,R,8/31/04
173640,/Users/odon/Desktop/intro_to_iris_recognition/Week 1/NDCVRL_002 Dataset/raw/nd1S04394/Right/173640.tiff,nd1S04394,R,9/28/04
177509,/Users/odon/Desktop/intro_to_iris_recognition/Week 1/NDCVRL_002 Dataset/raw/nd1S04394/Right/177509.tiff,nd1S04394,R,11/4/04
177718,/Users/odon/Desktop/intro_to_iris_recognition/Week 1/NDCVRL_002 Dataset/raw/nd1S04394/Right/177718.tiff,nd1S04394,R,11/9/04
178513,/Users/odon/Desktop/intro_to_iris_recognition/Week 1/NDCVRL_002 Dataset/raw/nd1S04394/Right/178513.tiff,nd1S04394,R,11/23/04
178514,/Users/odon/Desktop/intro_to_iris_recognition/Week 1/NDCVRL_002 Dataset/raw/nd1S04394/Right/178514.tiff,nd1S04394,R,11/23/04
192818,/Users/odon/Desktop/intro_to_iris_recognition/Week 1/NDCVRL_002 Dataset/raw/nd1S04394/Right/192818.tiff,nd1S04394,R,1/14/04
192822,/Users/odon/Desktop/intro_to_iris_recognition/Week 1/NDCVRL_002 Dataset/raw/nd1S04394/Right/192822.tiff,nd1S04394,R,2/3/04
192841,/Users/odon/Desktop/intro_to_iris_recognition/Week 1/NDCVRL_002 Dataset/raw/nd1S04394/Right/192841.tiff,nd1S04394,R,3/30/04
192843,/Users/odon/Desktop/intro_to_iris_recognition/Week 1/NDCVRL_002 Dataset/raw/nd1S04394/Right/192843.tiff,nd1S04394,R,3/30/04
192847,/Users/odon/Desktop/intro_to_iris_recognition/Week 1/NDCVRL_002 Dataset/raw/nd1S04394/Right/192847.tiff,nd1S04394,R,4/13/04
212383,/Users/odon/Desktop/intro_to_iris_recognition/Week 1/NDCVRL_002 Dataset/raw/nd1S04394/Right/212383.tiff,nd1S04394,R,3/30/05
217811,/Users/odon/Desktop/intro_to_iris_recognition/Week 1/NDCVRL_002 Dataset/raw/nd1S04394/Right/217811.tiff,nd1S04394,R,1/27/04
217812,/Users/odon/Desktop/intro_to_iris_recognition/Week 1/NDCVRL_002 Dataset/raw/nd1S04394/Right/217812.tiff,nd1S04394,R,1/27/04
229480,/Users/odon/Desktop/intro_to_iris_recognition/Week 1/NDCVRL_002 Dataset/raw/nd1S04394/Right/229480.tiff,nd1S04394,R,3/12/08
231649,/Users/odon/Desktop/intro_to_iris_recognition/Week 1/NDCVRL_002 Dataset/raw/nd1S04394/Right/231649.tiff,nd1S04394,R,3/26/08
428361,/Users/odon/Desktop/intro_to_iris_recognition/Week 1/NDCVRL_002 Dataset/raw/nd1S04394/Right/428361.tiff,nd1S04394,R,3/24/09
660158,/Users/odon/Desktop/intro_to_iris_recognition/Week 1/NDCVRL_002 Dataset/raw/nd1S04394/Right/660158.tiff,nd1S04394,R,11/2/06
664014,/Users/odon/Desktop/intro_to_iris_recognition/Week 1/NDCVRL_002 Dataset/raw/nd1S04394/Right/664014.tiff,nd1S04394,R,3/23/06
665777,/Users/odon/Desktop/intro_to_iris_recognition/Week 1/NDCVRL_002 Dataset/raw/nd1S04394/Right/665777.tiff,nd1S04394,R,2/7/07
683550,/Users/odon/Desktop/intro_to_iris_recognition/Week 1/NDCVRL_002 Dataset/raw/nd1S04394/Right/683550.tiff,nd1S04394,R,11/10/10
693891,/Users/odon/Desktop/intro_to_iris_recognition/Week 1/NDCVRL_002 Dataset/raw/nd1S04394/Right/693891.tiff,nd1S04394,R,11/30/10
701005,/Users/odon/Desktop/intro_to_iris_recognition/Week 1/NDCVRL_002 Dataset/raw/nd1S04394/Right/701005.tiff,nd1S04394,R,11/30/10
704656,/Users/odon/Desktop/intro_to_iris_recognition/Week 1/NDCVRL_002 Dataset/raw/nd1S04394/Right/704656.tiff,nd1S04394,R,1/25/11
760523,/Users/odon/Desktop/intro_to_iris_recognition/Week 1/NDCVRL_002 Dataset/raw/nd1S04394/Right/760523.tiff,nd1S04394,R,2/22/11
760524,/Users/odon/Desktop/intro_to_iris_recognition/Week 1/NDCVRL_002 Dataset/raw/nd1S04394/Right/760524.tiff,nd1S04394,R,2/22/11
760539,/Users/odon/Desktop/intro_to_iris_recognition/Week 1/NDCVRL_002 Dataset/raw/nd1S04394/Right/760539.tiff,nd1S04394,R,2/22/11
818343,/Users/odon/Desktop/intro_to_iris_recognition/Week 1/NDCVRL_002 Dataset/raw/nd1S04394/Right/818343.tiff,nd1S04394,R,3/22/11
704265,/Users/odon/Desktop/intro_to_iris_recognition/Week 1/NDCVRL_002 Dataset/raw/nd1S04418/Left/704265.tiff,nd1S04418,L,1/25/11
764441,/Users/odon/Desktop/intro_to_iris_recognition/Week 1/NDCVRL_002 Dataset/raw/nd1S04418/Left/764441.tiff,nd1S04418,L,2/24/11
764442,/Users/odon/Desktop/intro_to_iris_recognition/Week 1/NDCVRL_002 Dataset/raw/nd1S04418/Left/764442.tiff,nd1S04418,L,2/24/11
764467,/Users/odon/Desktop/intro_to_iris_recognition/Week 1/NDCVRL_002 Dataset/raw/nd1S04418/Left/764467.tiff,nd1S04418,L,2/24/11
764471,/Users/odon/Desktop/intro_to_iris_recognition/Week 1/NDCVRL_002 Dataset/raw/nd1S04418/Left/764471.tiff,nd1S04418,L,2/24/11
764737,/Users/odon/Desktop/intro_to_iris_recognition/Week 1/NDCVRL_002 Dataset/raw/nd1S04418/Left/764737.tiff,nd1S04418,L,2/24/11
767299,/Users/odon/Desktop/intro_to_iris_recognition/Week 1/NDCVRL_002 Dataset/raw/nd1S04418/Left/767299.tiff,nd1S04418,L,2/24/11
768547,/Users/odon/Desktop/intro_to_iris_recognition/Week 1/NDCVRL_002 Dataset/raw/nd1S04418/Left/768547.tiff,nd1S04418,L,2/24/11
936164,/Users/odon/Desktop/intro_to_iris_recognition/Week 1/NDCVRL_002 Dataset/raw/nd1S04418/Left/936164.tiff,nd1S04418,L,9/13/11
937618,/Users/odon/Desktop/intro_to_iris_recognition/Week 1/NDCVRL_002 Dataset/raw/nd1S04418/Left/937618.tiff,nd1S04418,L,9/13/11
941642,/Users/odon/Desktop/intro_to_iris_recognition/Week 1/NDCVRL_002 Dataset/raw/nd1S04418/Left/941642.tiff,nd1S04418,L,9/13/11
941644,/Users/odon/Desktop/intro_to_iris_recognition/Week 1/NDCVRL_002 Dataset/raw/nd1S04418/Left/941644.tiff,nd1S04418,L,9/13/11
1059130,/Users/odon/Desktop/intro_to_iris_recognition/Week 1/NDCVRL_002 Dataset/raw/nd1S04470/Left/1059130.tiff,nd1S04470,L,2/7/12
1085920,/Users/odon/Desktop/intro_to_iris_recognition/Week 1/NDCVRL_002 Dataset/raw/nd1S04470/Left/1085920.tiff,nd1S04470,L,2/22/12
1086712,/Users/odon/Desktop/intro_to_iris_recognition/Week 1/NDCVRL_002 Dataset/raw/nd1S04470/Left/1086712.tiff,nd1S04470,L,2/22/12
1087232,/Users/odon/Desktop/intro_to_iris_recognition/Week 1/NDCVRL_002 Dataset/raw/nd1S04470/Left/1087232.tiff,nd1S04470,L,2/22/12
1087836,/Users/odon/Desktop/intro_to_iris_recognition/Week 1/NDCVRL_002 Dataset/raw/nd1S04470/Left/1087836.tiff,nd1S04470,L,2/22/12
1107417,/Users/odon/Desktop/intro_to_iris_recognition/Week 1/NDCVRL_002 Dataset/raw/nd1S04470/Left/1107417.tiff,nd1S04470,L,3/7/12
1107423,/Users/odon/Desktop/intro_to_iris_recognition/Week 1/NDCVRL_002 Dataset/raw/nd1S04470/Left/1107423.tiff,nd1S04470,L,3/7/12
1110185,/Users/odon/Desktop/intro_to_iris_recognition/Week 1/NDCVRL_002 Dataset/raw/nd1S04470/Left/1110185.tiff,nd1S04470,L,3/7/12
206659,/Users/odon/Desktop/intro_to_iris_recognition/Week 1/NDCVRL_002 Dataset/raw/nd1S04505/Left/206659.tiff,nd1S04505,L,4/7/05
206660,/Users/odon/Desktop/intro_to_iris_recognition/Week 1/NDCVRL_002 Dataset/raw/nd1S04505/Left/206660.tiff,nd1S04505,L,4/7/05
207642,/Users/odon/Desktop/intro_to_iris_recognition/Week 1/NDCVRL_002 Dataset/raw/nd1S04505/Left/207642.tiff,nd1S04505,L,4/21/05
216438,/Users/odon/Desktop/intro_to_iris_recognition/Week 1/NDCVRL_002 Dataset/raw/nd1S04505/Left/216438.tiff,nd1S04505,L,1/22/04
216439,/Users/odon/Desktop/intro_to_iris_recognition/Week 1/NDCVRL_002 Dataset/raw/nd1S04505/Left/216439.tiff,nd1S04505,L,1/29/04
216454,/Users/odon/Desktop/intro_to_iris_recognition/Week 1/NDCVRL_002 Dataset/raw/nd1S04505/Left/216454.tiff,nd1S04505,L,2/12/04
216455,/Users/odon/Desktop/intro_to_iris_recognition/Week 1/NDCVRL_002 Dataset/raw/nd1S04505/Left/216455.tiff,nd1S04505,L,2/12/04
658742,/Users/odon/Desktop/intro_to_iris_recognition/Week 1/NDCVRL_002 Dataset/raw/nd1S04505/Left/658742.tiff,nd1S04505,L,11/17/05
658745,/Users/odon/Desktop/intro_to_iris_recognition/Week 1/NDCVRL_002 Dataset/raw/nd1S04505/Left/658745.tiff,nd1S04505,L,11/17/05
661159,/Users/odon/Desktop/intro_to_iris_recognition/Week 1/NDCVRL_002 Dataset/raw/nd1S04505/Left/661159.tiff,nd1S04505,L,2/1/06
661161,/Users/odon/Desktop/intro_to_iris_recognition/Week 1/NDCVRL_002 Dataset/raw/nd1S04505/Left/661161.tiff,nd1S04505,L,2/1/06
661162,/Users/odon/Desktop/intro_to_iris_recognition/Week 1/NDCVRL_002 Dataset/raw/nd1S04505/Left/661162.tiff,nd1S04505,L,2/1/06
662358,/Users/odon/Desktop/intro_to_iris_recognition/Week 1/NDCVRL_002 Dataset/raw/nd1S04505/Left/662358.tiff,nd1S04505,L,2/22/06
240235,/Users/odon/Desktop/intro_to_iris_recognition/Week 1/NDCVRL_002 Dataset/raw/nd1S04649/Left/240235.tiff,nd1S04649,L,4/22/08
241316,/Users/odon/Desktop/intro_to_iris_recognition/Week 1/NDCVRL_002 Dataset/raw/nd1S04649/Left/241316.tiff,nd1S04649,L,4/22/08
241318,/Users/odon/Desktop/intro_to_iris_recognition/Week 1/NDCVRL_002 Dataset/raw/nd1S04649/Left/241318.tiff,nd1S04649,L,4/22/08
241321,/Users/odon/Desktop/intro_to_iris_recognition/Week 1/NDCVRL_002 Dataset/raw/nd1S04649/Left/241321.tiff,nd1S04649,L,4/22/08
303666,/Users/odon/Desktop/intro_to_iris_recognition/Week 1/NDCVRL_002 Dataset/raw/nd1S04649/Left/303666.tiff,nd1S04649,L,12/2/08
303668,/Users/odon/Desktop/intro_to_iris_recognition/Week 1/NDCVRL_002 Dataset/raw/nd1S04649/Left/303668.tiff,nd1S04649,L,12/2/08
303673,/Users/odon/Desktop/intro_to_iris_recognition/Week 1/NDCVRL_002 Dataset/raw/nd1S04649/Left/303673.tiff,nd1S04649,L,12/2/08
303674,/Users/odon/Desktop/intro_to_iris_recognition/Week 1/NDCVRL_002 Dataset/raw/nd1S04649/Left/303674.tiff,nd1S04649,L,12/2/08
303676,/Users/odon/Desktop/intro_to_iris_recognition/Week 1/NDCVRL_002 Dataset/raw/nd1S04649/Left/303676.tiff,nd1S04649,L,12/2/08
441493,/Users/odon/Desktop/intro_to_iris_recognition/Week 1/NDCVRL_002 Dataset/raw/nd1S04649/Left/441493.tiff,nd1S04649,L,4/21/09
441495,/Users/odon/Desktop/intro_to_iris_recognition/Week 1/NDCVRL_002 Dataset/raw/nd1S04649/Left/441495.tiff,nd1S04649,L,4/21/09
441498,/Users/odon/Desktop/intro_to_iris_recognition/Week 1/NDCVRL_002 Dataset/raw/nd1S04649/Left/441498.tiff,nd1S04649,L,4/21/09
512982,/Users/odon/Desktop/intro_to_iris_recognition/Week 1/NDCVRL_002 Dataset/raw/nd1S04649/Left/512982.tiff,nd1S04649,L,11/19/09
512986,/Users/odon/Desktop/intro_to_iris_recognition/Week 1/NDCVRL_002 Dataset/raw/nd1S04649/Left/512986.tiff,nd1S04649,L,11/19/09
517592,/Users/odon/Desktop/intro_to_iris_recognition/Week 1/NDCVRL_002 Dataset/raw/nd1S04649/Left/517592.tiff,nd1S04649,L,11/19/09
517593,/Users/odon/Desktop/intro_to_iris_recognition/Week 1/NDCVRL_002 Dataset/raw/nd1S04649/Left/517593.tiff,nd1S04649,L,11/19/09
517599,/Users/odon/Desktop/intro_to_iris_recognition/Week 1/NDCVRL_002 Dataset/raw/nd1S04649/Left/517599.tiff,nd1S04649,L,11/19/09
522403,/Users/odon/Desktop/intro_to_iris_recognition/Week 1/NDCVRL_002 Dataset/raw/nd1S04649/Left/522403.tiff,nd1S04649,L,12/3/09
524387,/Users/odon/Desktop/intro_to_iris_recognition/Week 1/NDCVRL_002 Dataset/raw/nd1S04649/Left/524387.tiff,nd1S04649,L,12/3/09
524389,/Users/odon/Desktop/intro_to_iris_recognition/Week 1/NDCVRL_002 Dataset/raw/nd1S04649/Left/524389.tiff,nd1S04649,L,12/3/09
537280,/Users/odon/Desktop/intro_to_iris_recognition/Week 1/NDCVRL_002 Dataset/raw/nd1S04649/Left/537280.tiff,nd1S04649,L,1/27/10
541045,/Users/odon/Desktop/intro_to_iris_recognition/Week 1/NDCVRL_002 Dataset/raw/nd1S04649/Left/541045.tiff,nd1S04649,L,1/27/10
541046,/Users/odon/Desktop/intro_to_iris_recognition/Week 1/NDCVRL_002 Dataset/raw/nd1S04649/Left/541046.tiff,nd1S04649,L,1/27/10
541047,/Users/odon/Desktop/intro_to_iris_recognition/Week 1/NDCVRL_002 Dataset/raw/nd1S04649/Left/541047.tiff,nd1S04649,L,1/27/10
541050,/Users/odon/Desktop/intro_to_iris_recognition/Week 1/NDCVRL_002 Dataset/raw/nd1S04649/Left/541050.tiff,nd1S04649,L,1/27/10
541051,/Users/odon/Desktop/intro_to_iris_recognition/Week 1/NDCVRL_002 Dataset/raw/nd1S04649/Left/541051.tiff,nd1S04649,L,1/27/10
541053,/Users/odon/Desktop/intro_to_iris_recognition/Week 1/NDCVRL_002 Dataset/raw/nd1S04649/Left/541053.tiff,nd1S04649,L,1/27/10
541056,/Users/odon/Desktop/intro_to_iris_recognition/Week 1/NDCVRL_002 Dataset/raw/nd1S04649/Left/541056.tiff,nd1S04649,L,1/27/10
554137,/Users/odon/Desktop/intro_to_iris_recognition/Week 1/NDCVRL_002 Dataset/raw/nd1S04649/Left/554137.tiff,nd1S04649,L,2/10/10
557156,/Users/odon/Desktop/intro_to_iris_recognition/Week 1/NDCVRL_002 Dataset/raw/nd1S04649/Left/557156.tiff,nd1S04649,L,2/10/10
557157,/Users/odon/Desktop/intro_to_iris_recognition/Week 1/NDCVRL_002 Dataset/raw/nd1S04649/Left/557157.tiff,nd1S04649,L,2/10/10
557159,/Users/odon/Desktop/intro_to_iris_recognition/Week 1/NDCVRL_002 Dataset/raw/nd1S04649/Left/557159.tiff,nd1S04649,L,2/10/10
585319,/Users/odon/Desktop/intro_to_iris_recognition/Week 1/NDCVRL_002 Dataset/raw/nd1S04649/Left/585319.tiff,nd1S04649,L,2/25/10
586215,/Users/odon/Desktop/intro_to_iris_recognition/Week 1/NDCVRL_002 Dataset/raw/nd1S04649/Left/586215.tiff,nd1S04649,L,3/16/10
588607,/Users/odon/Desktop/intro_to_iris_recognition/Week 1/NDCVRL_002 Dataset/raw/nd1S04649/Left/588607.tiff,nd1S04649,L,3/16/10
611526,/Users/odon/Desktop/intro_to_iris_recognition/Week 1/NDCVRL_002 Dataset/raw/nd1S04649/Left/611526.tiff,nd1S04649,L,4/27/10
611531,/Users/odon/Desktop/intro_to_iris_recognition/Week 1/NDCVRL_002 Dataset/raw/nd1S04649/Left/611531.tiff,nd1S04649,L,4/27/10
611532,/Users/odon/Desktop/intro_to_iris_recognition/Week 1/NDCVRL_002 Dataset/raw/nd1S04649/Left/611532.tiff,nd1S04649,L,4/27/10
611533,/Users/odon/Desktop/intro_to_iris_recognition/Week 1/NDCVRL_002 Dataset/raw/nd1S04649/Left/611533.tiff,nd1S04649,L,4/27/10
674508,/Users/odon/Desktop/intro_to_iris_recognition/Week 1/NDCVRL_002 Dataset/raw/nd1S04649/Left/674508.tiff,nd1S04649,L,10/26/10
683039,/Users/odon/Desktop/intro_to_iris_recognition/Week 1/NDCVRL_002 Dataset/raw/nd1S04649/Left/683039.tiff,nd1S04649,L,11/9/10
694192,/Users/odon/Desktop/intro_to_iris_recognition/Week 1/NDCVRL_002 Dataset/raw/nd1S04649/Left/694192.tiff,nd1S04649,L,11/30/10
694200,/Users/odon/Desktop/intro_to_iris_recognition/Week 1/NDCVRL_002 Dataset/raw/nd1S04649/Left/694200.tiff,nd1S04649,L,11/30/10
701100,/Users/odon/Desktop/intro_to_iris_recognition/Week 1/NDCVRL_002 Dataset/raw/nd1S04649/Left/701100.tiff,nd1S04649,L,11/30/10
722799,/Users/odon/Desktop/intro_to_iris_recognition/Week 1/NDCVRL_002 Dataset/raw/nd1S04649/Left/722799.tiff,nd1S04649,L,2/8/11
722809,/Users/odon/Desktop/intro_to_iris_recognition/Week 1/NDCVRL_002 Dataset/raw/nd1S04649/Left/722809.tiff,nd1S04649,L,2/8/11
728234,/Users/odon/Desktop/intro_to_iris_recognition/Week 1/NDCVRL_002 Dataset/raw/nd1S04649/Left/728234.tiff,nd1S04649,L,2/8/11
755792,/Users/odon/Desktop/intro_to_iris_recognition/Week 1/NDCVRL_002 Dataset/raw/nd1S04649/Left/755792.tiff,nd1S04649,L,2/22/11
858299,/Users/odon/Desktop/intro_to_iris_recognition/Week 1/NDCVRL_002 Dataset/raw/nd1S04649/Left/858299.tiff,nd1S04649,L,4/12/11
858309,/Users/odon/Desktop/intro_to_iris_recognition/Week 1/NDCVRL_002 Dataset/raw/nd1S04649/Left/858309.tiff,nd1S04649,L,4/12/11
164341,/Users/odon/Desktop/intro_to_iris_recognition/Week 1/NDCVRL_002 Dataset/raw/nd1S04667/Left/164341.tiff,nd1S04667,L,10/5/04
165161,/Users/odon/Desktop/intro_to_iris_recognition/Week 1/NDCVRL_002 Dataset/raw/nd1S04667/Left/165161.tiff,nd1S04667,L,10/12/04
165164,/Users/odon/Desktop/intro_to_iris_recognition/Week 1/NDCVRL_002 Dataset/raw/nd1S04667/Left/165164.tiff,nd1S04667,L,10/12/04
201606,/Users/odon/Desktop/intro_to_iris_recognition/Week 1/NDCVRL_002 Dataset/raw/nd1S04667/Left/201606.tiff,nd1S04667,L,1/18/05
201609,/Users/odon/Desktop/intro_to_iris_recognition/Week 1/NDCVRL_002 Dataset/raw/nd1S04667/Left/201609.tiff,nd1S04667,L,1/18/05
201610,/Users/odon/Desktop/intro_to_iris_recognition/Week 1/NDCVRL_002 Dataset/raw/nd1S04667/Left/201610.tiff,nd1S04667,L,1/18/05
216718,/Users/odon/Desktop/intro_to_iris_recognition/Week 1/NDCVRL_002 Dataset/raw/nd1S04667/Left/216718.tiff,nd1S04667,L,2/17/04
216719,/Users/odon/Desktop/intro_to_iris_recognition/Week 1/NDCVRL_002 Dataset/raw/nd1S04667/Left/216719.tiff,nd1S04667,L,2/17/04
216720,/Users/odon/Desktop/intro_to_iris_recognition/Week 1/NDCVRL_002 Dataset/raw/nd1S04667/Left/216720.tiff,nd1S04667,L,2/17/04
661424,/Users/odon/Desktop/intro_to_iris_recognition/Week 1/NDCVRL_002 Dataset/raw/nd1S04667/Left/661424.tiff,nd1S04667,L,2/2/06
661429,/Users/odon/Desktop/intro_to_iris_recognition/Week 1/NDCVRL_002 Dataset/raw/nd1S04667/Left/661429.tiff,nd1S04667,L,2/2/06
663002,/Users/odon/Desktop/intro_to_iris_recognition/Week 1/NDCVRL_002 Dataset/raw/nd1S04667/Left/663002.tiff,nd1S04667,L,2/23/06
663003,/Users/odon/Desktop/intro_to_iris_recognition/Week 1/NDCVRL_002 Dataset/raw/nd1S04667/Left/663003.tiff,nd1S04667,L,2/23/06
663005,/Users/odon/Desktop/intro_to_iris_recognition/Week 1/NDCVRL_002 Dataset/raw/nd1S04667/Left/663005.tiff,nd1S04667,L,2/23/06
663006,/Users/odon/Desktop/intro_to_iris_recognition/Week 1/NDCVRL_002 Dataset/raw/nd1S04667/Left/663006.tiff,nd1S04667,L,2/23/06
663007,/Users/odon/Desktop/intro_to_iris_recognition/Week 1/NDCVRL_002 Dataset/raw/nd1S04667/Left/663007.tiff,nd1S04667,L,2/23/06
664352,/Users/odon/Desktop/intro_to_iris_recognition/Week 1/NDCVRL_002 Dataset/raw/nd1S04667/Left/664352.tiff,nd1S04667,L,3/23/06
664353,/Users/odon/Desktop/intro_to_iris_recognition/Week 1/NDCVRL_002 Dataset/raw/nd1S04667/Left/664353.tiff,nd1S04667,L,3/23/06
664354,/Users/odon/Desktop/intro_to_iris_recognition/Week 1/NDCVRL_002 Dataset/raw/nd1S04667/Left/664354.tiff,nd1S04667,L,3/23/06
664355,/Users/odon/Desktop/intro_to_iris_recognition/Week 1/NDCVRL_002 Dataset/raw/nd1S04667/Left/664355.tiff,nd1S04667,L,3/23/06
664357,/Users/odon/Desktop/intro_to_iris_recognition/Week 1/NDCVRL_002 Dataset/raw/nd1S04667/Left/664357.tiff,nd1S04667,L,3/23/06
664846,/Users/odon/Desktop/intro_to_iris_recognition/Week 1/NDCVRL_002 Dataset/raw/nd1S04667/Left/664846.tiff,nd1S04667,L,4/12/06
664847,/Users/odon/Desktop/intro_to_iris_recognition/Week 1/NDCVRL_002 Dataset/raw/nd1S04667/Left/664847.tiff,nd1S04667,L,4/12/06
664849,/Users/odon/Desktop/intro_to_iris_recognition/Week 1/NDCVRL_002 Dataset/raw/nd1S04667/Left/664849.tiff,nd1S04667,L,4/12/06
667254,/Users/odon/Desktop/intro_to_iris_recognition/Week 1/NDCVRL_002 Dataset/raw/nd1S04667/Left/667254.tiff,nd1S04667,L,3/22/07
667255,/Users/odon/Desktop/intro_to_iris_recognition/Week 1/NDCVRL_002 Dataset/raw/nd1S04667/Left/667255.tiff,nd1S04667,L,3/22/07
160356,/Users/odon/Desktop/intro_to_iris_recognition/Week 1/NDCVRL_002 Dataset/raw/nd1S04683/Left/160356.tiff,nd1S04683,L,8/31/04
165846,/Users/odon/Desktop/intro_to_iris_recognition/Week 1/NDCVRL_002 Dataset/raw/nd1S04683/Left/165846.tiff,nd1S04683,L,10/19/04
165847,/Users/odon/Desktop/intro_to_iris_recognition/Week 1/NDCVRL_002 Dataset/raw/nd1S04683/Left/165847.tiff,nd1S04683,L,10/19/04
185551,/Users/odon/Desktop/intro_to_iris_recognition/Week 1/NDCVRL_002 Dataset/raw/nd1S04683/Left/185551.tiff,nd1S04683,L,1/13/04
185568,/Users/odon/Desktop/intro_to_iris_recognition/Week 1/NDCVRL_002 Dataset/raw/nd1S04683/Left/185568.tiff,nd1S04683,L,2/3/04
185571,/Users/odon/Desktop/intro_to_iris_recognition/Week 1/NDCVRL_002 Dataset/raw/nd1S04683/Left/185571.tiff,nd1S04683,L,2/3/04
185586,/Users/odon/Desktop/intro_to_iris_recognition/Week 1/NDCVRL_002 Dataset/raw/nd1S04683/Left/185586.tiff,nd1S04683,L,3/17/04
185590,/Users/odon/Desktop/intro_to_iris_recognition/Week 1/NDCVRL_002 Dataset/raw/nd1S04683/Left/185590.tiff,nd1S04683,L,3/17/04
185611,/Users/odon/Desktop/intro_to_iris_recognition/Week 1/NDCVRL_002 Dataset/raw/nd1S04683/Left/185611.tiff,nd1S04683,L,4/15/04
185624,/Users/odon/Desktop/intro_to_iris_recognition/Week 1/NDCVRL_002 Dataset/raw/nd1S04683/Left/185624.tiff,nd1S04683,L,4/28/04
185626,/Users/odon/Desktop/intro_to_iris_recognition/Week 1/NDCVRL_002 Dataset/raw/nd1S04683/Left/185626.tiff,nd1S04683,L,4/28/04
185627,/Users/odon/Desktop/intro_to_iris_recognition/Week 1/NDCVRL_002 Dataset/raw/nd1S04683/Left/185627.tiff,nd1S04683,L,4/28/04
202293,/Users/odon/Desktop/intro_to_iris_recognition/Week 1/NDCVRL_002 Dataset/raw/nd1S04683/Left/202293.tiff,nd1S04683,L,1/27/05
202294,/Users/odon/Desktop/intro_to_iris_recognition/Week 1/NDCVRL_002 Dataset/raw/nd1S04683/Left/202294.tiff,nd1S04683,L,1/27/05
206316,/Users/odon/Desktop/intro_to_iris_recognition/Week 1/NDCVRL_002 Dataset/raw/nd1S04683/Left/206316.tiff,nd1S04683,L,4/6/05
206990,/Users/odon/Desktop/intro_to_iris_recognition/Week 1/NDCVRL_002 Dataset/raw/nd1S04683/Left/206990.tiff,nd1S04683,L,4/14/05
216969,/Users/odon/Desktop/intro_to_iris_recognition/Week 1/NDCVRL_002 Dataset/raw/nd1S04683/Left/216969.tiff,nd1S04683,L,2/11/04
216974,/Users/odon/Desktop/intro_to_iris_recognition/Week 1/NDCVRL_002 Dataset/raw/nd1S04683/Left/216974.tiff,nd1S04683,L,2/17/04
655037,/Users/odon/Desktop/intro_to_iris_recognition/Week 1/NDCVRL_002 Dataset/raw/nd1S04683/Left/655037.tiff,nd1S04683,L,9/28/05
655038,/Users/odon/Desktop/intro_to_iris_recognition/Week 1/NDCVRL_002 Dataset/raw/nd1S04683/Left/655038.tiff,nd1S04683,L,9/28/05
655039,/Users/odon/Desktop/intro_to_iris_recognition/Week 1/NDCVRL_002 Dataset/raw/nd1S04683/Left/655039.tiff,nd1S04683,L,9/28/05
658644,/Users/odon/Desktop/intro_to_iris_recognition/Week 1/NDCVRL_002 Dataset/raw/nd1S04683/Left/658644.tiff,nd1S04683,L,11/17/05
662827,/Users/odon/Desktop/intro_to_iris_recognition/Week 1/NDCVRL_002 Dataset/raw/nd1S04683/Left/662827.tiff,nd1S04683,L,2/23/06
662828,/Users/odon/Desktop/intro_to_iris_recognition/Week 1/NDCVRL_002 Dataset/raw/nd1S04683/Left/662828.tiff,nd1S04683,L,2/23/06
664388,/Users/odon/Desktop/intro_to_iris_recognition/Week 1/NDCVRL_002 Dataset/raw/nd1S04683/Left/664388.tiff,nd1S04683,L,3/23/06
664808,/Users/odon/Desktop/intro_to_iris_recognition/Week 1/NDCVRL_002 Dataset/raw/nd1S04683/Left/664808.tiff,nd1S04683,L,4/12/06
666063,/Users/odon/Desktop/intro_to_iris_recognition/Week 1/NDCVRL_002 Dataset/raw/nd1S04683/Left/666063.tiff,nd1S04683,L,2/9/07
666066,/Users/odon/Desktop/intro_to_iris_recognition/Week 1/NDCVRL_002 Dataset/raw/nd1S04683/Left/666066.tiff,nd1S04683,L,2/9/07
666814,/Users/odon/Desktop/intro_to_iris_recognition/Week 1/NDCVRL_002 Dataset/raw/nd1S04683/Left/666814.tiff,nd1S04683,L,3/21/07
668617,/Users/odon/Desktop/intro_to_iris_recognition/Week 1/NDCVRL_002 Dataset/raw/nd1S04683/Left/668617.tiff,nd1S04683,L,4/13/07
668618,/Users/odon/Desktop/intro_to_iris_recognition/Week 1/NDCVRL_002 Dataset/raw/nd1S04683/Left/668618.tiff,nd1S04683,L,4/13/07
669612,/Users/odon/Desktop/intro_to_iris_recognition/Week 1/NDCVRL_002 Dataset/raw/nd1S04683/Left/669612.tiff,nd1S04683,L,4/27/07
669616,/Users/odon/Desktop/intro_to_iris_recognition/Week 1/NDCVRL_002 Dataset/raw/nd1S04683/Left/669616.tiff,nd1S04683,L,4/27/07
160252,/Users/odon/Desktop/intro_to_iris_recognition/Week 1/NDCVRL_002 Dataset/raw/nd1S04684/Left/160252.tiff,nd1S04684,L,8/31/04
161092,/Users/odon/Desktop/intro_to_iris_recognition/Week 1/NDCVRL_002 Dataset/raw/nd1S04684/Left/161092.tiff,nd1S04684,L,9/7/04
161093,/Users/odon/Desktop/intro_to_iris_recognition/Week 1/NDCVRL_002 Dataset/raw/nd1S04684/Left/161093.tiff,nd1S04684,L,9/7/04
162039,/Users/odon/Desktop/intro_to_iris_recognition/Week 1/NDCVRL_002 Dataset/raw/nd1S04684/Left/162039.tiff,nd1S04684,L,9/14/04
162040,/Users/odon/Desktop/intro_to_iris_recognition/Week 1/NDCVRL_002 Dataset/raw/nd1S04684/Left/162040.tiff,nd1S04684,L,9/14/04
164487,/Users/odon/Desktop/intro_to_iris_recognition/Week 1/NDCVRL_002 Dataset/raw/nd1S04684/Left/164487.tiff,nd1S04684,L,10/5/04
164490,/Users/odon/Desktop/intro_to_iris_recognition/Week 1/NDCVRL_002 Dataset/raw/nd1S04684/Left/164490.tiff,nd1S04684,L,10/5/04
165320,/Users/odon/Desktop/intro_to_iris_recognition/Week 1/NDCVRL_002 Dataset/raw/nd1S04684/Left/165320.tiff,nd1S04684,L,10/12/04
165322,/Users/odon/Desktop/intro_to_iris_recognition/Week 1/NDCVRL_002 Dataset/raw/nd1S04684/Left/165322.tiff,nd1S04684,L,10/12/04
166615,/Users/odon/Desktop/intro_to_iris_recognition/Week 1/NDCVRL_002 Dataset/raw/nd1S04684/Left/166615.tiff,nd1S04684,L,10/26/04
185637,/Users/odon/Desktop/intro_to_iris_recognition/Week 1/NDCVRL_002 Dataset/raw/nd1S04684/Left/185637.tiff,nd1S04684,L,3/2/04
185643,/Users/odon/Desktop/intro_to_iris_recognition/Week 1/NDCVRL_002 Dataset/raw/nd1S04684/Left/185643.tiff,nd1S04684,L,3/16/04
185644,/Users/odon/Desktop/intro_to_iris_recognition/Week 1/NDCVRL_002 Dataset/raw/nd1S04684/Left/185644.tiff,nd1S04684,L,3/16/04
185648,/Users/odon/Desktop/intro_to_iris_recognition/Week 1/NDCVRL_002 Dataset/raw/nd1S04684/Left/185648.tiff,nd1S04684,L,3/23/04
185649,/Users/odon/Desktop/intro_to_iris_recognition/Week 1/NDCVRL_002 Dataset/raw/nd1S04684/Left/185649.tiff,nd1S04684,L,3/23/04
185678,/Users/odon/Desktop/intro_to_iris_recognition/Week 1/NDCVRL_002 Dataset/raw/nd1S04684/Left/185678.tiff,nd1S04684,L,4/27/04
204437,/Users/odon/Desktop/intro_to_iris_recognition/Week 1/NDCVRL_002 Dataset/raw/nd1S04684/Left/204437.tiff,nd1S04684,L,3/3/05
207349,/Users/odon/Desktop/intro_to_iris_recognition/Week 1/NDCVRL_002 Dataset/raw/nd1S04684/Left/207349.tiff,nd1S04684,L,4/19/05
208037,/Users/odon/Desktop/intro_to_iris_recognition/Week 1/NDCVRL_002 Dataset/raw/nd1S04684/Left/208037.tiff,nd1S04684,L,4/27/05
654404,/Users/odon/Desktop/intro_to_iris_recognition/Week 1/NDCVRL_002 Dataset/raw/nd1S04684/Left/654404.tiff,nd1S04684,L,9/9/05
659682,/Users/odon/Desktop/intro_to_iris_recognition/Week 1/NDCVRL_002 Dataset/raw/nd1S04684/Left/659682.tiff,nd1S04684,L,11/1/06
659683,/Users/odon/Desktop/intro_to_iris_recognition/Week 1/NDCVRL_002 Dataset/raw/nd1S04684/Left/659683.tiff,nd1S04684,L,11/1/06
659685,/Users/odon/Desktop/intro_to_iris_recognition/Week 1/NDCVRL_002 Dataset/raw/nd1S04684/Left/659685.tiff,nd1S04684,L,11/1/06
665699,/Users/odon/Desktop/intro_to_iris_recognition/Week 1/NDCVRL_002 Dataset/raw/nd1S04684/Left/665699.tiff,nd1S04684,L,2/7/07
665700,/Users/odon/Desktop/intro_to_iris_recognition/Week 1/NDCVRL_002 Dataset/raw/nd1S04684/Left/665700.tiff,nd1S04684,L,2/7/07
666468,/Users/odon/Desktop/intro_to_iris_recognition/Week 1/NDCVRL_002 Dataset/raw/nd1S04684/Left/666468.tiff,nd1S04684,L,2/28/07
201709,/Users/odon/Desktop/intro_to_iris_recognition/Week 1/NDCVRL_002 Dataset/raw/nd1S04701/Left/201709.tiff,nd1S04701,L,1/19/05
205864,/Users/odon/Desktop/intro_to_iris_recognition/Week 1/NDCVRL_002 Dataset/raw/nd1S04701/Left/205864.tiff,nd1S04701,L,3/31/05
374089,/Users/odon/Desktop/intro_to_iris_recognition/Week 1/NDCVRL_002 Dataset/raw/nd1S04701/Left/374089.tiff,nd1S04701,L,
374094,/Users/odon/Desktop/intro_to_iris_recognition/Week 1/NDCVRL_002 Dataset/raw/nd1S04701/Left/374094.tiff,nd1S04701,L,
374108,/Users/odon/Desktop/intro_to_iris_recognition/Week 1/NDCVRL_002 Dataset/raw/nd1S04701/Left/374108.tiff,nd1S04701,L,
374118,/Users/odon/Desktop/intro_to_iris_recognition/Week 1/NDCVRL_002 Dataset/raw/nd1S04701/Left/374118.tiff,nd1S04701,L,
374119,/Users/odon/Desktop/intro_to_iris_recognition/Week 1/NDCVRL_002 Dataset/raw/nd1S04701/Left/374119.tiff,nd1S04701,L,
374135,/Users/odon/Desktop/intro_to_iris_recognition/Week 1/NDCVRL_002 Dataset/raw/nd1S04701/Left/374135.tiff,nd1S04701,L,
374137,/Users/odon/Desktop/intro_to_iris_recognition/Week 1/NDCVRL_002 Dataset/raw/nd1S04701/Left/374137.tiff,nd1S04701,L,
374149,/Users/odon/Desktop/intro_to_iris_recognition/Week 1/NDCVRL_002 Dataset/raw/nd1S04701/Left/374149.tiff,nd1S04701,L,
374161,/Users/odon/Desktop/intro_to_iris_recognition/Week 1/NDCVRL_002 Dataset/raw/nd1S04701/Left/374161.tiff,nd1S04701,L,
654979,/Users/odon/Desktop/intro_to_iris_recognition/Week 1/NDCVRL_002 Dataset/raw/nd1S04701/Left/654979.tiff,nd1S04701,L,9/28/05
657779,/Users/odon/Desktop/intro_to_iris_recognition/Week 1/NDCVRL_002 Dataset/raw/nd1S04701/Left/657779.tiff,nd1S04701,L,10/28/05
659117,/Users/odon/Desktop/intro_to_iris_recognition/Week 1/NDCVRL_002 Dataset/raw/nd1S04701/Left/659117.tiff,nd1S04701,L,11/18/05
659122,/Users/odon/Desktop/intro_to_iris_recognition/Week 1/NDCVRL_002 Dataset/raw/nd1S04701/Left/659122.tiff,nd1S04701,L,11/18/05
663038,/Users/odon/Desktop/intro_to_iris_recognition/Week 1/NDCVRL_002 Dataset/raw/nd1S04701/Left/663038.tiff,nd1S04701,L,2/23/06
663040,/Users/odon/Desktop/intro_to_iris_recognition/Week 1/NDCVRL_002 Dataset/raw/nd1S04701/Left/663040.tiff,nd1S04701,L,2/23/06
664246,/Users/odon/Desktop/intro_to_iris_recognition/Week 1/NDCVRL_002 Dataset/raw/nd1S04701/Left/664246.tiff,nd1S04701,L,3/23/06
664249,/Users/odon/Desktop/intro_to_iris_recognition/Week 1/NDCVRL_002 Dataset/raw/nd1S04701/Left/664249.tiff,nd1S04701,L,3/23/06
208381,/Users/odon/Desktop/intro_to_iris_recognition/Week 1/NDCVRL_002 Dataset/raw/nd1S04701/Right/208381.tiff,nd1S04701,R,1/19/05
208382,/Users/odon/Desktop/intro_to_iris_recognition/Week 1/NDCVRL_002 Dataset/raw/nd1S04701/Right/208382.tiff,nd1S04701,R,1/19/05
209978,/Users/odon/Desktop/intro_to_iris_recognition/Week 1/NDCVRL_002 Dataset/raw/nd1S04701/Right/209978.tiff,nd1S04701,R,2/15/05
209979,/Users/odon/Desktop/intro_to_iris_recognition/Week 1/NDCVRL_002 Dataset/raw/nd1S04701/Right/209979.tiff,nd1S04701,R,2/15/05
210510,/Users/odon/Desktop/intro_to_iris_recognition/Week 1/NDCVRL_002 Dataset/raw/nd1S04701/Right/210510.tiff,nd1S04701,R,2/24/05
212448,/Users/odon/Desktop/intro_to_iris_recognition/Week 1/NDCVRL_002 Dataset/raw/nd1S04701/Right/212448.tiff,nd1S04701,R,3/31/05
214345,/Users/odon/Desktop/intro_to_iris_recognition/Week 1/NDCVRL_002 Dataset/raw/nd1S04701/Right/214345.tiff,nd1S04701,R,4/26/05
214346,/Users/odon/Desktop/intro_to_iris_recognition/Week 1/NDCVRL_002 Dataset/raw/nd1S04701/Right/214346.tiff,nd1S04701,R,4/26/05
374180,/Users/odon/Desktop/intro_to_iris_recognition/Week 1/NDCVRL_002 Dataset/raw/nd1S04701/Right/374180.tiff,nd1S04701,R,
374193,/Users/odon/Desktop/intro_to_iris_recognition/Week 1/NDCVRL_002 Dataset/raw/nd1S04701/Right/374193.tiff,nd1S04701,R,
374198,/Users/odon/Desktop/intro_to_iris_recognition/Week 1/NDCVRL_002 Dataset/raw/nd1S04701/Right/374198.tiff,nd1S04701,R,
374203,/Users/odon/Desktop/intro_to_iris_recognition/Week 1/NDCVRL_002 Dataset/raw/nd1S04701/Right/374203.tiff,nd1S04701,R,
374210,/Users/odon/Desktop/intro_to_iris_recognition/Week 1/NDCVRL_002 Dataset/raw/nd1S04701/Right/374210.tiff,nd1S04701,R,
374217,/Users/odon/Desktop/intro_to_iris_recognition/Week 1/NDCVRL_002 Dataset/raw/nd1S04701/Right/374217.tiff,nd1S04701,R,
374218,/Users/odon/Desktop/intro_to_iris_recognition/Week 1/NDCVRL_002 Dataset/raw/nd1S04701/Right/374218.tiff,nd1S04701,R,
374225,/Users/odon/Desktop/intro_to_iris_recognition/Week 1/NDCVRL_002 Dataset/raw/nd1S04701/Right/374225.tiff,nd1S04701,R,
374227,/Users/odon/Desktop/intro_to_iris_recognition/Week 1/NDCVRL_002 Dataset/raw/nd1S04701/Right/374227.tiff,nd1S04701,R,
653620,/Users/odon/Desktop/intro_to_iris_recognition/Week 1/NDCVRL_002 Dataset/raw/nd1S04701/Right/653620.tiff,nd1S04701,R,9/7/05
654986,/Users/odon/Desktop/intro_to_iris_recognition/Week 1/NDCVRL_002 Dataset/raw/nd1S04701/Right/654986.tiff,nd1S04701,R,9/28/05
657781,/Users/odon/Desktop/intro_to_iris_recognition/Week 1/NDCVRL_002 Dataset/raw/nd1S04701/Right/657781.tiff,nd1S04701,R,10/28/05
657784,/Users/odon/Desktop/intro_to_iris_recognition/Week 1/NDCVRL_002 Dataset/raw/nd1S04701/Right/657784.tiff,nd1S04701,R,10/28/05
659109,/Users/odon/Desktop/intro_to_iris_recognition/Week 1/NDCVRL_002 Dataset/raw/nd1S04701/Right/659109.tiff,nd1S04701,R,11/18/05
659123,/Users/odon/Desktop/intro_to_iris_recognition/Week 1/NDCVRL_002 Dataset/raw/nd1S04701/Right/659123.tiff,nd1S04701,R,11/18/05
659124,/Users/odon/Desktop/intro_to_iris_recognition/Week 1/NDCVRL_002 Dataset/raw/nd1S04701/Right/659124.tiff,nd1S04701,R,11/18/05
661737,/Users/odon/Desktop/intro_to_iris_recognition/Week 1/NDCVRL_002 Dataset/raw/nd1S04701/Right/661737.tiff,nd1S04701,R,2/2/06
663046,/Users/odon/Desktop/intro_to_iris_recognition/Week 1/NDCVRL_002 Dataset/raw/nd1S04701/Right/663046.tiff,nd1S04701,R,2/23/06
664251,/Users/odon/Desktop/intro_to_iris_recognition/Week 1/NDCVRL_002 Dataset/raw/nd1S04701/Right/664251.tiff,nd1S04701,R,3/23/06
664254,/Users/odon/Desktop/intro_to_iris_recognition/Week 1/NDCVRL_002 Dataset/raw/nd1S04701/Right/664254.tiff,nd1S04701,R,3/23/06
664255,/Users/odon/Desktop/intro_to_iris_recognition/Week 1/NDCVRL_002 Dataset/raw/nd1S04701/Right/664255.tiff,nd1S04701,R,3/23/06
177120,/Users/odon/Desktop/intro_to_iris_recognition/Week 1/NDCVRL_002 Dataset/raw/nd1S04714/Right/177120.tiff,nd1S04714,R,11/2/04
196865,/Users/odon/Desktop/intro_to_iris_recognition/Week 1/NDCVRL_002 Dataset/raw/nd1S04714/Right/196865.tiff,nd1S04714,R,1/14/04
196910,/Users/odon/Desktop/intro_to_iris_recognition/Week 1/NDCVRL_002 Dataset/raw/nd1S04714/Right/196910.tiff,nd1S04714,R,4/14/04
217458,/Users/odon/Desktop/intro_to_iris_recognition/Week 1/NDCVRL_002 Dataset/raw/nd1S04714/Right/217458.tiff,nd1S04714,R,1/21/04
662843,/Users/odon/Desktop/intro_to_iris_recognition/Week 1/NDCVRL_002 Dataset/raw/nd1S04714/Right/662843.tiff,nd1S04714,R,2/23/06
664500,/Users/odon/Desktop/intro_to_iris_recognition/Week 1/NDCVRL_002 Dataset/raw/nd1S04714/Right/664500.tiff,nd1S04714,R,3/24/06
665355,/Users/odon/Desktop/intro_to_iris_recognition/Week 1/NDCVRL_002 Dataset/raw/nd1S04714/Right/665355.tiff,nd1S04714,R,4/14/06
666083,/Users/odon/Desktop/intro_to_iris_recognition/Week 1/NDCVRL_002 Dataset/raw/nd1S04714/Right/666083.tiff,nd1S04714,R,2/9/07
666830,/Users/odon/Desktop/intro_to_iris_recognition/Week 1/NDCVRL_002 Dataset/raw/nd1S04714/Right/666830.tiff,nd1S04714,R,3/21/07
668611,/Users/odon/Desktop/intro_to_iris_recognition/Week 1/NDCVRL_002 Dataset/raw/nd1S04714/Right/668611.tiff,nd1S04714,R,4/13/07
669610,/Users/odon/Desktop/intro_to_iris_recognition/Week 1/NDCVRL_002 Dataset/raw/nd1S04714/Right/669610.tiff,nd1S04714,R,4/27/07
187654,/Users/odon/Desktop/intro_to_iris_recognition/Week 1/NDCVRL_002 Dataset/raw/nd1S04786/Left/187654.tiff,nd1S04786,L,2/11/04
187683,/Users/odon/Desktop/intro_to_iris_recognition/Week 1/NDCVRL_002 Dataset/raw/nd1S04786/Left/187683.tiff,nd1S04786,L,3/18/04
187684,/Users/odon/Desktop/intro_to_iris_recognition/Week 1/NDCVRL_002 Dataset/raw/nd1S04786/Left/187684.tiff,nd1S04786,L,3/18/04
187714,/Users/odon/Desktop/intro_to_iris_recognition/Week 1/NDCVRL_002 Dataset/raw/nd1S04786/Left/187714.tiff,nd1S04786,L,4/20/04
204364,/Users/odon/Desktop/intro_to_iris_recognition/Week 1/NDCVRL_002 Dataset/raw/nd1S04786/Left/204364.tiff,nd1S04786,L,3/2/05
660273,/Users/odon/Desktop/intro_to_iris_recognition/Week 1/NDCVRL_002 Dataset/raw/nd1S04786/Left/660273.tiff,nd1S04786,L,11/2/06
660274,/Users/odon/Desktop/intro_to_iris_recognition/Week 1/NDCVRL_002 Dataset/raw/nd1S04786/Left/660274.tiff,nd1S04786,L,11/2/06
660276,/Users/odon/Desktop/intro_to_iris_recognition/Week 1/NDCVRL_002 Dataset/raw/nd1S04786/Left/660276.tiff,nd1S04786,L,11/2/06
668338,/Users/odon/Desktop/intro_to_iris_recognition/Week 1/NDCVRL_002 Dataset/raw/nd1S04786/Left/668338.tiff,nd1S04786,L,4/12/07
160439,/Users/odon/Desktop/intro_to_iris_recognition/Week 1/NDCVRL_002 Dataset/raw/nd1S04851/Left/160439.tiff,nd1S04851,L,9/1/04
162945,/Users/odon/Desktop/intro_to_iris_recognition/Week 1/NDCVRL_002 Dataset/raw/nd1S04851/Left/162945.tiff,nd1S04851,L,9/22/04
164577,/Users/odon/Desktop/intro_to_iris_recognition/Week 1/NDCVRL_002 Dataset/raw/nd1S04851/Left/164577.tiff,nd1S04851,L,10/6/04
165442,/Users/odon/Desktop/intro_to_iris_recognition/Week 1/NDCVRL_002 Dataset/raw/nd1S04851/Left/165442.tiff,nd1S04851,L,10/13/04
166874,/Users/odon/Desktop/intro_to_iris_recognition/Week 1/NDCVRL_002 Dataset/raw/nd1S04851/Left/166874.tiff,nd1S04851,L,10/27/04
167630,/Users/odon/Desktop/intro_to_iris_recognition/Week 1/NDCVRL_002 Dataset/raw/nd1S04851/Left/167630.tiff,nd1S04851,L,11/3/04
168373,/Users/odon/Desktop/intro_to_iris_recognition/Week 1/NDCVRL_002 Dataset/raw/nd1S04851/Left/168373.tiff,nd1S04851,L,11/10/04
169119,/Users/odon/Desktop/intro_to_iris_recognition/Week 1/NDCVRL_002 Dataset/raw/nd1S04851/Left/169119.tiff,nd1S04851,L,11/24/04
169888,/Users/odon/Desktop/intro_to_iris_recognition/Week 1/NDCVRL_002 Dataset/raw/nd1S04851/Left/169888.tiff,nd1S04851,L,12/1/04
189019,/Users/odon/Desktop/intro_to_iris_recognition/Week 1/NDCVRL_002 Dataset/raw/nd1S04851/Left/189019.tiff,nd1S04851,L,1/13/04
189040,/Users/odon/Desktop/intro_to_iris_recognition/Week 1/NDCVRL_002 Dataset/raw/nd1S04851/Left/189040.tiff,nd1S04851,L,3/16/04
189057,/Users/odon/Desktop/intro_to_iris_recognition/Week 1/NDCVRL_002 Dataset/raw/nd1S04851/Left/189057.tiff,nd1S04851,L,3/30/04
189066,/Users/odon/Desktop/intro_to_iris_recognition/Week 1/NDCVRL_002 Dataset/raw/nd1S04851/Left/189066.tiff,nd1S04851,L,4/13/04
201677,/Users/odon/Desktop/intro_to_iris_recognition/Week 1/NDCVRL_002 Dataset/raw/nd1S04851/Left/201677.tiff,nd1S04851,L,1/19/05
201679,/Users/odon/Desktop/intro_to_iris_recognition/Week 1/NDCVRL_002 Dataset/raw/nd1S04851/Left/201679.tiff,nd1S04851,L,1/19/05
203082,/Users/odon/Desktop/intro_to_iris_recognition/Week 1/NDCVRL_002 Dataset/raw/nd1S04851/Left/203082.tiff,nd1S04851,L,2/15/05
203641,/Users/odon/Desktop/intro_to_iris_recognition/Week 1/NDCVRL_002 Dataset/raw/nd1S04851/Left/203641.tiff,nd1S04851,L,2/23/05
204264,/Users/odon/Desktop/intro_to_iris_recognition/Week 1/NDCVRL_002 Dataset/raw/nd1S04851/Left/204264.tiff,nd1S04851,L,3/2/05
205162,/Users/odon/Desktop/intro_to_iris_recognition/Week 1/NDCVRL_002 Dataset/raw/nd1S04851/Left/205162.tiff,nd1S04851,L,3/23/05
205669,/Users/odon/Desktop/intro_to_iris_recognition/Week 1/NDCVRL_002 Dataset/raw/nd1S04851/Left/205669.tiff,nd1S04851,L,3/30/05
206222,/Users/odon/Desktop/intro_to_iris_recognition/Week 1/NDCVRL_002 Dataset/raw/nd1S04851/Left/206222.tiff,nd1S04851,L,4/6/05
206822,/Users/odon/Desktop/intro_to_iris_recognition/Week 1/NDCVRL_002 Dataset/raw/nd1S04851/Left/206822.tiff,nd1S04851,L,4/13/05
206824,/Users/odon/Desktop/intro_to_iris_recognition/Week 1/NDCVRL_002 Dataset/raw/nd1S04851/Left/206824.tiff,nd1S04851,L,4/13/05
207911,/Users/odon/Desktop/intro_to_iris_recognition/Week 1/NDCVRL_002 Dataset/raw/nd1S04851/Left/207911.tiff,nd1S04851,L,4/27/05
207912,/Users/odon/Desktop/intro_to_iris_recognition/Week 1/NDCVRL_002 Dataset/raw/nd1S04851/Left/207912.tiff,nd1S04851,L,4/27/05
217090,/Users/odon/Desktop/intro_to_iris_recognition/Week 1/NDCVRL_002 Dataset/raw/nd1S04851/Left/217090.tiff,nd1S04851,L,1/27/04
217094,/Users/odon/Desktop/intro_to_iris_recognition/Week 1/NDCVRL_002 Dataset/raw/nd1S04851/Left/217094.tiff,nd1S04851,L,1/27/04
217104,/Users/odon/Desktop/intro_to_iris_recognition/Week 1/NDCVRL_002 Dataset/raw/nd1S04851/Left/217104.tiff,nd1S04851,L,2/11/04
217105,/Users/odon/Desktop/intro_to_iris_recognition/Week 1/NDCVRL_002 Dataset/raw/nd1S04851/Left/217105.tiff,nd1S04851,L,2/11/04
217107,/Users/odon/Desktop/intro_to_iris_recognition/Week 1/NDCVRL_002 Dataset/raw/nd1S04851/Left/217107.tiff,nd1S04851,L,2/11/04
229485,/Users/odon/Desktop/intro_to_iris_recognition/Week 1/NDCVRL_002 Dataset/raw/nd1S04851/Left/229485.tiff,nd1S04851,L,3/12/08
241822,/Users/odon/Desktop/intro_to_iris_recognition/Week 1/NDCVRL_002 Dataset/raw/nd1S04851/Left/241822.tiff,nd1S04851,L,4/23/08
255659,/Users/odon/Desktop/intro_to_iris_recognition/Week 1/NDCVRL_002 Dataset/raw/nd1S04851/Left/255659.tiff,nd1S04851,L,9/10/08
277300,/Users/odon/Desktop/intro_to_iris_recognition/Week 1/NDCVRL_002 Dataset/raw/nd1S04851/Left/277300.tiff,nd1S04851,L,10/29/08
304002,/Users/odon/Desktop/intro_to_iris_recognition/Week 1/NDCVRL_002 Dataset/raw/nd1S04851/Left/304002.tiff,nd1S04851,L,12/2/08
534641,/Users/odon/Desktop/intro_to_iris_recognition/Week 1/NDCVRL_002 Dataset/raw/nd1S04851/Left/534641.tiff,nd1S04851,L,11/26/05
655631,/Users/odon/Desktop/intro_to_iris_recognition/Week 1/NDCVRL_002 Dataset/raw/nd1S04851/Left/655631.tiff,nd1S04851,L,9/29/05
655645,/Users/odon/Desktop/intro_to_iris_recognition/Week 1/NDCVRL_002 Dataset/raw/nd1S04851/Left/655645.tiff,nd1S04851,L,9/29/05
657323,/Users/odon/Desktop/intro_to_iris_recognition/Week 1/NDCVRL_002 Dataset/raw/nd1S04851/Left/657323.tiff,nd1S04851,L,10/27/05
669839,/Users/odon/Desktop/intro_to_iris_recognition/Week 1/NDCVRL_002 Dataset/raw/nd1S04851/Left/669839.tiff,nd1S04851,L,4/27/07
208441,/Users/odon/Desktop/intro_to_iris_recognition/Week 1/NDCVRL_002 Dataset/raw/nd1S04859/Right/208441.tiff,nd1S04859,R,1/19/05
208443,/Users/odon/Desktop/intro_to_iris_recognition/Week 1/NDCVRL_002 Dataset/raw/nd1S04859/Right/208443.tiff,nd1S04859,R,1/19/05
209267,/Users/odon/Desktop/intro_to_iris_recognition/Week 1/NDCVRL_002 Dataset/raw/nd1S04859/Right/209267.tiff,nd1S04859,R,2/8/05
209268,/Users/odon/Desktop/intro_to_iris_recognition/Week 1/NDCVRL_002 Dataset/raw/nd1S04859/Right/209268.tiff,nd1S04859,R,2/8/05
209271,/Users/odon/Desktop/intro_to_iris_recognition/Week 1/NDCVRL_002 Dataset/raw/nd1S04859/Right/209271.tiff,nd1S04859,R,2/8/05
209635,/Users/odon/Desktop/intro_to_iris_recognition/Week 1/NDCVRL_002 Dataset/raw/nd1S04859/Right/209635.tiff,nd1S04859,R,2/15/05
210657,/Users/odon/Desktop/intro_to_iris_recognition/Week 1/NDCVRL_002 Dataset/raw/nd1S04859/Right/210657.tiff,nd1S04859,R,2/24/05
211423,/Users/odon/Desktop/intro_to_iris_recognition/Week 1/NDCVRL_002 Dataset/raw/nd1S04859/Right/211423.tiff,nd1S04859,R,3/16/05
212960,/Users/odon/Desktop/intro_to_iris_recognition/Week 1/NDCVRL_002 Dataset/raw/nd1S04859/Right/212960.tiff,nd1S04859,R,4/6/05
318780,/Users/odon/Desktop/intro_to_iris_recognition/Week 1/NDCVRL_002 Dataset/raw/nd1S04859/Right/318780.tiff,nd1S04859,R,
318786,/Users/odon/Desktop/intro_to_iris_recognition/Week 1/NDCVRL_002 Dataset/raw/nd1S04859/Right/318786.tiff,nd1S04859,R,
654119,/Users/odon/Desktop/intro_to_iris_recognition/Week 1/NDCVRL_002 Dataset/raw/nd1S04859/Right/654119.tiff,nd1S04859,R,9/8/05
655517,/Users/odon/Desktop/intro_to_iris_recognition/Week 1/NDCVRL_002 Dataset/raw/nd1S04859/Right/655517.tiff,nd1S04859,R,9/29/05
656673,/Users/odon/Desktop/intro_to_iris_recognition/Week 1/NDCVRL_002 Dataset/raw/nd1S04859/Right/656673.tiff,nd1S04859,R,10/26/05
656690,/Users/odon/Desktop/intro_to_iris_recognition/Week 1/NDCVRL_002 Dataset/raw/nd1S04859/Right/656690.tiff,nd1S04859,R,10/26/05
661940,/Users/odon/Desktop/intro_to_iris_recognition/Week 1/NDCVRL_002 Dataset/raw/nd1S04859/Right/661940.tiff,nd1S04859,R,2/3/06
664587,/Users/odon/Desktop/intro_to_iris_recognition/Week 1/NDCVRL_002 Dataset/raw/nd1S04859/Right/664587.tiff,nd1S04859,R,3/24/06
170377,/Users/odon/Desktop/intro_to_iris_recognition/Week 1/NDCVRL_002 Dataset/raw/nd1S04917/Right/170377.tiff,nd1S04917,R,8/31/04
173528,/Users/odon/Desktop/intro_to_iris_recognition/Week 1/NDCVRL_002 Dataset/raw/nd1S04917/Right/173528.tiff,nd1S04917,R,9/28/04
176428,/Users/odon/Desktop/intro_to_iris_recognition/Week 1/NDCVRL_002 Dataset/raw/nd1S04917/Right/176428.tiff,nd1S04917,R,10/26/04
201324,/Users/odon/Desktop/intro_to_iris_recognition/Week 1/NDCVRL_002 Dataset/raw/nd1S04917/Right/201324.tiff,nd1S04917,R,1/14/04
201325,/Users/odon/Desktop/intro_to_iris_recognition/Week 1/NDCVRL_002 Dataset/raw/nd1S04917/Right/201325.tiff,nd1S04917,R,1/14/04
201327,/Users/odon/Desktop/intro_to_iris_recognition/Week 1/NDCVRL_002 Dataset/raw/nd1S04917/Right/201327.tiff,nd1S04917,R,1/22/04
201357,/Users/odon/Desktop/intro_to_iris_recognition/Week 1/NDCVRL_002 Dataset/raw/nd1S04917/Right/201357.tiff,nd1S04917,R,3/25/04
201371,/Users/odon/Desktop/intro_to_iris_recognition/Week 1/NDCVRL_002 Dataset/raw/nd1S04917/Right/201371.tiff,nd1S04917,R,4/8/04
201377,/Users/odon/Desktop/intro_to_iris_recognition/Week 1/NDCVRL_002 Dataset/raw/nd1S04917/Right/201377.tiff,nd1S04917,R,4/15/04
213207,/Users/odon/Desktop/intro_to_iris_recognition/Week 1/NDCVRL_002 Dataset/raw/nd1S04917/Right/213207.tiff,nd1S04917,R,4/7/05
219099,/Users/odon/Desktop/intro_to_iris_recognition/Week 1/NDCVRL_002 Dataset/raw/nd1S04917/Right/219099.tiff,nd1S04917,R,2/12/04
655884,/Users/odon/Desktop/intro_to_iris_recognition/Week 1/NDCVRL_002 Dataset/raw/nd1S04917/Right/655884.tiff,nd1S04917,R,9/29/05
660893,/Users/odon/Desktop/intro_to_iris_recognition/Week 1/NDCVRL_002 Dataset/raw/nd1S04917/Right/660893.tiff,nd1S04917,R,11/3/06
666391,/Users/odon/Desktop/intro_to_iris_recognition/Week 1/NDCVRL_002 Dataset/raw/nd1S04917/Right/666391.tiff,nd1S04917,R,2/28/07
668161,/Users/odon/Desktop/intro_to_iris_recognition/Week 1/NDCVRL_002 Dataset/raw/nd1S04917/Right/668161.tiff,nd1S04917,R,4/11/07
669367,/Users/odon/Desktop/intro_to_iris_recognition/Week 1/NDCVRL_002 Dataset/raw/nd1S04917/Right/669367.tiff,nd1S04917,R,4/25/07
669370,/Users/odon/Desktop/intro_to_iris_recognition/Week 1/NDCVRL_002 Dataset/raw/nd1S04917/Right/669370.tiff,nd1S04917,R,4/25/07
660597,/Users/odon/Desktop/intro_to_iris_recognition/Week 1/NDCVRL_002 Dataset/raw/nd1S04970/Right/660597.tiff,nd1S04970,R,11/2/06
660598,/Users/odon/Desktop/intro_to_iris_recognition/Week 1/NDCVRL_002 Dataset/raw/nd1S04970/Right/660598.tiff,nd1S04970,R,11/2/06
661746,/Users/odon/Desktop/intro_to_iris_recognition/Week 1/NDCVRL_002 Dataset/raw/nd1S04970/Right/661746.tiff,nd1S04970,R,2/2/06
661748,/Users/odon/Desktop/intro_to_iris_recognition/Week 1/NDCVRL_002 Dataset/raw/nd1S04970/Right/661748.tiff,nd1S04970,R,2/2/06
661749,/Users/odon/Desktop/intro_to_iris_recognition/Week 1/NDCVRL_002 Dataset/raw/nd1S04970/Right/661749.tiff,nd1S04970,R,2/2/06
662911,/Users/odon/Desktop/intro_to_iris_recognition/Week 1/NDCVRL_002 Dataset/raw/nd1S04970/Right/662911.tiff,nd1S04970,R,2/23/06
664133,/Users/odon/Desktop/intro_to_iris_recognition/Week 1/NDCVRL_002 Dataset/raw/nd1S04970/Right/664133.tiff,nd1S04970,R,3/23/06
664134,/Users/odon/Desktop/intro_to_iris_recognition/Week 1/NDCVRL_002 Dataset/raw/nd1S04970/Right/664134.tiff,nd1S04970,R,3/23/06
664135,/Users/odon/Desktop/intro_to_iris_recognition/Week 1/NDCVRL_002 Dataset/raw/nd1S04970/Right/664135.tiff,nd1S04970,R,3/23/06
664138,/Users/odon/Desktop/intro_to_iris_recognition/Week 1/NDCVRL_002 Dataset/raw/nd1S04970/Right/664138.tiff,nd1S04970,R,3/23/06
664682,/Users/odon/Desktop/intro_to_iris_recognition/Week 1/NDCVRL_002 Dataset/raw/nd1S04970/Right/664682.tiff,nd1S04970,R,4/12/06
664686,/Users/odon/Desktop/intro_to_iris_recognition/Week 1/NDCVRL_002 Dataset/raw/nd1S04970/Right/664686.tiff,nd1S04970,R,4/12/06
665539,/Users/odon/Desktop/intro_to_iris_recognition/Week 1/NDCVRL_002 Dataset/raw/nd1S04970/Right/665539.tiff,nd1S04970,R,2/7/07
665542,/Users/odon/Desktop/intro_to_iris_recognition/Week 1/NDCVRL_002 Dataset/raw/nd1S04970/Right/665542.tiff,nd1S04970,R,2/7/07
666344,/Users/odon/Desktop/intro_to_iris_recognition/Week 1/NDCVRL_002 Dataset/raw/nd1S04970/Right/666344.tiff,nd1S04970,R,2/28/07
666346,/Users/odon/Desktop/intro_to_iris_recognition/Week 1/NDCVRL_002 Dataset/raw/nd1S04970/Right/666346.tiff,nd1S04970,R,2/28/07
666349,/Users/odon/Desktop/intro_to_iris_recognition/Week 1/NDCVRL_002 Dataset/raw/nd1S04970/Right/666349.tiff,nd1S04970,R,2/28/07
666949,/Users/odon/Desktop/intro_to_iris_recognition/Week 1/NDCVRL_002 Dataset/raw/nd1S04970/Right/666949.tiff,nd1S04970,R,3/21/07
666952,/Users/odon/Desktop/intro_to_iris_recognition/Week 1/NDCVRL_002 Dataset/raw/nd1S04970/Right/666952.tiff,nd1S04970,R,3/21/07
668645,/Users/odon/Desktop/intro_to_iris_recognition/Week 1/NDCVRL_002 Dataset/raw/nd1S04970/Right/668645.tiff,nd1S04970,R,4/13/07
668646,/Users/odon/Desktop/intro_to_iris_recognition/Week 1/NDCVRL_002 Dataset/raw/nd1S04970/Right/668646.tiff,nd1S04970,R,4/13/07
668649,/Users/odon/Desktop/intro_to_iris_recognition/Week 1/NDCVRL_002 Dataset/raw/nd1S04970/Right/668649.tiff,nd1S04970,R,4/13/07
231014,/Users/odon/Desktop/intro_to_iris_recognition/Week 1/NDCVRL_002 Dataset/raw/nd1S05028/Right/231014.tiff,nd1S05028,R,3/25/08
233655,/Users/odon/Desktop/intro_to_iris_recognition/Week 1/NDCVRL_002 Dataset/raw/nd1S05028/Right/233655.tiff,nd1S05028,R,4/1/08
242832,/Users/odon/Desktop/intro_to_iris_recognition/Week 1/NDCVRL_002 Dataset/raw/nd1S05028/Right/242832.tiff,nd1S05028,R,4/29/08
244119,/Users/odon/Desktop/intro_to_iris_recognition/Week 1/NDCVRL_002 Dataset/raw/nd1S05028/Right/244119.tiff,nd1S05028,R,4/29/08
261655,/Users/odon/Desktop/intro_to_iris_recognition/Week 1/NDCVRL_002 Dataset/raw/nd1S05028/Right/261655.tiff,nd1S05028,R,9/24/08
261657,/Users/odon/Desktop/intro_to_iris_recognition/Week 1/NDCVRL_002 Dataset/raw/nd1S05028/Right/261657.tiff,nd1S05028,R,9/24/08
261664,/Users/odon/Desktop/intro_to_iris_recognition/Week 1/NDCVRL_002 Dataset/raw/nd1S05028/Right/261664.tiff,nd1S05028,R,9/24/08
261682,/Users/odon/Desktop/intro_to_iris_recognition/Week 1/NDCVRL_002 Dataset/raw/nd1S05028/Right/261682.tiff,nd1S05028,R,9/24/08
266957,/Users/odon/Desktop/intro_to_iris_recognition/Week 1/NDCVRL_002 Dataset/raw/nd1S05028/Right/266957.tiff,nd1S05028,R,10/9/08
279572,/Users/odon/Desktop/intro_to_iris_recognition/Week 1/NDCVRL_002 Dataset/raw/nd1S05028/Right/279572.tiff,nd1S05028,R,10/30/08
281435,/Users/odon/Desktop/intro_to_iris_recognition/Week 1/NDCVRL_002 Dataset/raw/nd1S05028/Right/281435.tiff,nd1S05028,R,11/11/08
312838,/Users/odon/Desktop/intro_to_iris_recognition/Week 1/NDCVRL_002 Dataset/raw/nd1S05028/Right/312838.tiff,nd1S05028,R,1/22/09
396943,/Users/odon/Desktop/intro_to_iris_recognition/Week 1/NDCVRL_002 Dataset/raw/nd1S05028/Right/396943.tiff,nd1S05028,R,2/17/09
438178,/Users/odon/Desktop/intro_to_iris_recognition/Week 1/NDCVRL_002 Dataset/raw/nd1S05028/Right/438178.tiff,nd1S05028,R,3/26/09
441535,/Users/odon/Desktop/intro_to_iris_recognition/Week 1/NDCVRL_002 Dataset/raw/nd1S05028/Right/441535.tiff,nd1S05028,R,4/21/09
535162,/Users/odon/Desktop/intro_to_iris_recognition/Week 1/NDCVRL_002 Dataset/raw/nd1S05028/Right/535162.tiff,nd1S05028,R,4/6/05
657217,/Users/odon/Desktop/intro_to_iris_recognition/Week 1/NDCVRL_002 Dataset/raw/nd1S05028/Right/657217.tiff,nd1S05028,R,10/27/05
660741,/Users/odon/Desktop/intro_to_iris_recognition/Week 1/NDCVRL_002 Dataset/raw/nd1S05028/Right/660741.tiff,nd1S05028,R,11/3/06
660744,/Users/odon/Desktop/intro_to_iris_recognition/Week 1/NDCVRL_002 Dataset/raw/nd1S05028/Right/660744.tiff,nd1S05028,R,11/3/06
660745,/Users/odon/Desktop/intro_to_iris_recognition/Week 1/NDCVRL_002 Dataset/raw/nd1S05028/Right/660745.tiff,nd1S05028,R,11/3/06
665645,/Users/odon/Desktop/intro_to_iris_recognition/Week 1/NDCVRL_002 Dataset/raw/nd1S05028/Right/665645.tiff,nd1S05028,R,2/7/07
665650,/Users/odon/Desktop/intro_to_iris_recognition/Week 1/NDCVRL_002 Dataset/raw/nd1S05028/Right/665650.tiff,nd1S05028,R,2/7/07
666204,/Users/odon/Desktop/intro_to_iris_recognition/Week 1/NDCVRL_002 Dataset/raw/nd1S05028/Right/666204.tiff,nd1S05028,R,2/28/07
667033,/Users/odon/Desktop/intro_to_iris_recognition/Week 1/NDCVRL_002 Dataset/raw/nd1S05028/Right/667033.tiff,nd1S05028,R,3/21/07
669190,/Users/odon/Desktop/intro_to_iris_recognition/Week 1/NDCVRL_002 Dataset/raw/nd1S05028/Right/669190.tiff,nd1S05028,R,4/25/07
229123,/Users/odon/Desktop/intro_to_iris_recognition/Week 1/NDCVRL_002 Dataset/raw/nd1S05033/Right/229123.tiff,nd1S05033,R,3/11/08
231429,/Users/odon/Desktop/intro_to_iris_recognition/Week 1/NDCVRL_002 Dataset/raw/nd1S05033/Right/231429.tiff,nd1S05033,R,3/25/08
233715,/Users/odon/Desktop/intro_to_iris_recognition/Week 1/NDCVRL_002 Dataset/raw/nd1S05033/Right/233715.tiff,nd1S05033,R,4/1/08
241396,/Users/odon/Desktop/intro_to_iris_recognition/Week 1/NDCVRL_002 Dataset/raw/nd1S05033/Right/241396.tiff,nd1S05033,R,4/22/08
241398,/Users/odon/Desktop/intro_to_iris_recognition/Week 1/NDCVRL_002 Dataset/raw/nd1S05033/Right/241398.tiff,nd1S05033,R,4/22/08
243864,/Users/odon/Desktop/intro_to_iris_recognition/Week 1/NDCVRL_002 Dataset/raw/nd1S05033/Right/243864.tiff,nd1S05033,R,4/29/08
243868,/Users/odon/Desktop/intro_to_iris_recognition/Week 1/NDCVRL_002 Dataset/raw/nd1S05033/Right/243868.tiff,nd1S05033,R,4/29/08
276915,/Users/odon/Desktop/intro_to_iris_recognition/Week 1/NDCVRL_002 Dataset/raw/nd1S05033/Right/276915.tiff,nd1S05033,R,10/28/08
276916,/Users/odon/Desktop/intro_to_iris_recognition/Week 1/NDCVRL_002 Dataset/raw/nd1S05033/Right/276916.tiff,nd1S05033,R,10/28/08
276918,/Users/odon/Desktop/intro_to_iris_recognition/Week 1/NDCVRL_002 Dataset/raw/nd1S05033/Right/276918.tiff,nd1S05033,R,10/28/08
276919,/Users/odon/Desktop/intro_to_iris_recognition/Week 1/NDCVRL_002 Dataset/raw/nd1S05033/Right/276919.tiff,nd1S05033,R,10/28/08
397666,/Users/odon/Desktop/intro_to_iris_recognition/Week 1/NDCVRL_002 Dataset/raw/nd1S05033/Right/397666.tiff,nd1S05033,R,2/17/09
397667,/Users/odon/Desktop/intro_to_iris_recognition/Week 1/NDCVRL_002 Dataset/raw/nd1S05033/Right/397667.tiff,nd1S05033,R,2/17/09
397668,/Users/odon/Desktop/intro_to_iris_recognition/Week 1/NDCVRL_002 Dataset/raw/nd1S05033/Right/397668.tiff,nd1S05033,R,2/17/09
397670,/Users/odon/Desktop/intro_to_iris_recognition/Week 1/NDCVRL_002 Dataset/raw/nd1S05033/Right/397670.tiff,nd1S05033,R,2/17/09
535286,/Users/odon/Desktop/intro_to_iris_recognition/Week 1/NDCVRL_002 Dataset/raw/nd1S05033/Right/535286.tiff,nd1S05033,R,2/8/05
558702,/Users/odon/Desktop/intro_to_iris_recognition/Week 1/NDCVRL_002 Dataset/raw/nd1S05033/Right/558702.tiff,nd1S05033,R,2/10/10
583409,/Users/odon/Desktop/intro_to_iris_recognition/Week 1/NDCVRL_002 Dataset/raw/nd1S05033/Right/583409.tiff,nd1S05033,R,2/24/10
583410,/Users/odon/Desktop/intro_to_iris_recognition/Week 1/NDCVRL_002 Dataset/raw/nd1S05033/Right/583410.tiff,nd1S05033,R,2/24/10
583411,/Users/odon/Desktop/intro_to_iris_recognition/Week 1/NDCVRL_002 Dataset/raw/nd1S05033/Right/583411.tiff,nd1S05033,R,2/24/10
591394,/Users/odon/Desktop/intro_to_iris_recognition/Week 1/NDCVRL_002 Dataset/raw/nd1S05033/Right/591394.tiff,nd1S05033,R,3/17/10
591395,/Users/odon/Desktop/intro_to_iris_recognition/Week 1/NDCVRL_002 Dataset/raw/nd1S05033/Right/591395.tiff,nd1S05033,R,3/17/10
604620,/Users/odon/Desktop/intro_to_iris_recognition/Week 1/NDCVRL_002 Dataset/raw/nd1S05033/Right/604620.tiff,nd1S05033,R,4/13/10
604621,/Users/odon/Desktop/intro_to_iris_recognition/Week 1/NDCVRL_002 Dataset/raw/nd1S05033/Right/604621.tiff,nd1S05033,R,4/13/10
612955,/Users/odon/Desktop/intro_to_iris_recognition/Week 1/NDCVRL_002 Dataset/raw/nd1S05033/Right/612955.tiff,nd1S05033,R,4/27/10
653489,/Users/odon/Desktop/intro_to_iris_recognition/Week 1/NDCVRL_002 Dataset/raw/nd1S05033/Right/653489.tiff,nd1S05033,R,9/7/05
657949,/Users/odon/Desktop/intro_to_iris_recognition/Week 1/NDCVRL_002 Dataset/raw/nd1S05033/Right/657949.tiff,nd1S05033,R,11/16/05
657950,/Users/odon/Desktop/intro_to_iris_recognition/Week 1/NDCVRL_002 Dataset/raw/nd1S05033/Right/657950.tiff,nd1S05033,R,11/16/05
659536,/Users/odon/Desktop/intro_to_iris_recognition/Week 1/NDCVRL_002 Dataset/raw/nd1S05033/Right/659536.tiff,nd1S05033,R,11/1/06
659543,/Users/odon/Desktop/intro_to_iris_recognition/Week 1/NDCVRL_002 Dataset/raw/nd1S05033/Right/659543.tiff,nd1S05033,R,11/1/06
659544,/Users/odon/Desktop/intro_to_iris_recognition/Week 1/NDCVRL_002 Dataset/raw/nd1S05033/Right/659544.tiff,nd1S05033,R,11/1/06
659545,/Users/odon/Desktop/intro_to_iris_recognition/Week 1/NDCVRL_002 Dataset/raw/nd1S05033/Right/659545.tiff,nd1S05033,R,11/1/06
659546,/Users/odon/Desktop/intro_to_iris_recognition/Week 1/NDCVRL_002 Dataset/raw/nd1S05033/Right/659546.tiff,nd1S05033,R,11/1/06
659547,/Users/odon/Desktop/intro_to_iris_recognition/Week 1/NDCVRL_002 Dataset/raw/nd1S05033/Right/659547.tiff,nd1S05033,R,11/1/06
662621,/Users/odon/Desktop/intro_to_iris_recognition/Week 1/NDCVRL_002 Dataset/raw/nd1S05033/Right/662621.tiff,nd1S05033,R,2/22/06
664444,/Users/odon/Desktop/intro_to_iris_recognition/Week 1/NDCVRL_002 Dataset/raw/nd1S05033/Right/664444.tiff,nd1S05033,R,3/24/06
665549,/Users/odon/Desktop/intro_to_iris_recognition/Week 1/NDCVRL_002 Dataset/raw/nd1S05033/Right/665549.tiff,nd1S05033,R,2/7/07
696395,/Users/odon/Desktop/intro_to_iris_recognition/Week 1/NDCVRL_002 Dataset/raw/nd1S05033/Right/696395.tiff,nd1S05033,R,12/1/10
235847,/Users/odon/Desktop/intro_to_iris_recognition/Week 1/NDCVRL_002 Dataset/raw/nd1S05044/Left/235847.tiff,nd1S05044,L,4/8/08
237037,/Users/odon/Desktop/intro_to_iris_recognition/Week 1/NDCVRL_002 Dataset/raw/nd1S05044/Left/237037.tiff,nd1S05044,L,4/8/08
237039,/Users/odon/Desktop/intro_to_iris_recognition/Week 1/NDCVRL_002 Dataset/raw/nd1S05044/Left/237039.tiff,nd1S05044,L,4/8/08
243677,/Users/odon/Desktop/intro_to_iris_recognition/Week 1/NDCVRL_002 Dataset/raw/nd1S05044/Left/243677.tiff,nd1S05044,L,4/29/08
259396,/Users/odon/Desktop/intro_to_iris_recognition/Week 1/NDCVRL_002 Dataset/raw/nd1S05044/Left/259396.tiff,nd1S05044,L,9/23/08
268187,/Users/odon/Desktop/intro_to_iris_recognition/Week 1/NDCVRL_002 Dataset/raw/nd1S05044/Left/268187.tiff,nd1S05044,L,10/7/08
268188,/Users/odon/Desktop/intro_to_iris_recognition/Week 1/NDCVRL_002 Dataset/raw/nd1S05044/Left/268188.tiff,nd1S05044,L,10/7/08
268193,/Users/odon/Desktop/intro_to_iris_recognition/Week 1/NDCVRL_002 Dataset/raw/nd1S05044/Left/268193.tiff,nd1S05044,L,10/7/08
277153,/Users/odon/Desktop/intro_to_iris_recognition/Week 1/NDCVRL_002 Dataset/raw/nd1S05044/Left/277153.tiff,nd1S05044,L,10/29/08
302355,/Users/odon/Desktop/intro_to_iris_recognition/Week 1/NDCVRL_002 Dataset/raw/nd1S05044/Left/302355.tiff,nd1S05044,L,12/2/08
303531,/Users/odon/Desktop/intro_to_iris_recognition/Week 1/NDCVRL_002 Dataset/raw/nd1S05044/Left/303531.tiff,nd1S05044,L,12/2/08
388782,/Users/odon/Desktop/intro_to_iris_recognition/Week 1/NDCVRL_002 Dataset/raw/nd1S05044/Left/388782.tiff,nd1S05044,L,2/4/09
388784,/Users/odon/Desktop/intro_to_iris_recognition/Week 1/NDCVRL_002 Dataset/raw/nd1S05044/Left/388784.tiff,nd1S05044,L,2/4/09
388786,/Users/odon/Desktop/intro_to_iris_recognition/Week 1/NDCVRL_002 Dataset/raw/nd1S05044/Left/388786.tiff,nd1S05044,L,2/4/09
406426,/Users/odon/Desktop/intro_to_iris_recognition/Week 1/NDCVRL_002 Dataset/raw/nd1S05044/Left/406426.tiff,nd1S05044,L,2/19/09
406430,/Users/odon/Desktop/intro_to_iris_recognition/Week 1/NDCVRL_002 Dataset/raw/nd1S05044/Left/406430.tiff,nd1S05044,L,2/19/09
406436,/Users/odon/Desktop/intro_to_iris_recognition/Week 1/NDCVRL_002 Dataset/raw/nd1S05044/Left/406436.tiff,nd1S05044,L,2/19/09
415158,/Users/odon/Desktop/intro_to_iris_recognition/Week 1/NDCVRL_002 Dataset/raw/nd1S05044/Left/415158.tiff,nd1S05044,L,3/4/09
433419,/Users/odon/Desktop/intro_to_iris_recognition/Week 1/NDCVRL_002 Dataset/raw/nd1S05044/Left/433419.tiff,nd1S05044,L,3/25/09
433423,/Users/odon/Desktop/intro_to_iris_recognition/Week 1/NDCVRL_002 Dataset/raw/nd1S05044/Left/433423.tiff,nd1S05044,L,3/25/09
441895,/Users/odon/Desktop/intro_to_iris_recognition/Week 1/NDCVRL_002 Dataset/raw/nd1S05044/Left/441895.tiff,nd1S05044,L,4/21/09
441900,/Users/odon/Desktop/intro_to_iris_recognition/Week 1/NDCVRL_002 Dataset/raw/nd1S05044/Left/441900.tiff,nd1S05044,L,4/21/09
441913,/Users/odon/Desktop/intro_to_iris_recognition/Week 1/NDCVRL_002 Dataset/raw/nd1S05044/Left/441913.tiff,nd1S05044,L,4/21/09
441918,/Users/odon/Desktop/intro_to_iris_recognition/Week 1/NDCVRL_002 Dataset/raw/nd1S05044/Left/441918.tiff,nd1S05044,L,4/21/09
535391,/Users/odon/Desktop/intro_to_iris_recognition/Week 1/NDCVRL_002 Dataset/raw/nd1S05044/Left/535391.tiff,nd1S05044,L,9/1/04
535399,/Users/odon/Desktop/intro_to_iris_recognition/Week 1/NDCVRL_002 Dataset/raw/nd1S05044/Left/535399.tiff,nd1S05044,L,9/7/04
535404,/Users/odon/Desktop/intro_to_iris_recognition/Week 1/NDCVRL_002 Dataset/raw/nd1S05044/Left/535404.tiff,nd1S05044,L,9/16/04
535480,/Users/odon/Desktop/intro_to_iris_recognition/Week 1/NDCVRL_002 Dataset/raw/nd1S05044/Left/535480.tiff,nd1S05044,L,3/2/05
535481,/Users/odon/Desktop/intro_to_iris_recognition/Week 1/NDCVRL_002 Dataset/raw/nd1S05044/Left/535481.tiff,nd1S05044,L,3/2/05
535557,/Users/odon/Desktop/intro_to_iris_recognition/Week 1/NDCVRL_002 Dataset/raw/nd1S05044/Left/535557.tiff,nd1S05044,L,3/20/07
535558,/Users/odon/Desktop/intro_to_iris_recognition/Week 1/NDCVRL_002 Dataset/raw/nd1S05044/Left/535558.tiff,nd1S05044,L,4/10/07
656694,/Users/odon/Desktop/intro_to_iris_recognition/Week 1/NDCVRL_002 Dataset/raw/nd1S05044/Left/656694.tiff,nd1S05044,L,10/26/05
658526,/Users/odon/Desktop/intro_to_iris_recognition/Week 1/NDCVRL_002 Dataset/raw/nd1S05044/Left/658526.tiff,nd1S05044,L,11/17/05
662467,/Users/odon/Desktop/intro_to_iris_recognition/Week 1/NDCVRL_002 Dataset/raw/nd1S05044/Left/662467.tiff,nd1S05044,L,2/22/06
665668,/Users/odon/Desktop/intro_to_iris_recognition/Week 1/NDCVRL_002 Dataset/raw/nd1S05044/Left/665668.tiff,nd1S05044,L,2/7/07
666186,/Users/odon/Desktop/intro_to_iris_recognition/Week 1/NDCVRL_002 Dataset/raw/nd1S05044/Left/666186.tiff,nd1S05044,L,2/28/07
666187,/Users/odon/Desktop/intro_to_iris_recognition/Week 1/NDCVRL_002 Dataset/raw/nd1S05044/Left/666187.tiff,nd1S05044,L,2/28/07
667085,/Users/odon/Desktop/intro_to_iris_recognition/Week 1/NDCVRL_002 Dataset/raw/nd1S05044/Left/667085.tiff,nd1S05044,L,3/21/07
229191,/Users/odon/Desktop/intro_to_iris_recognition/Week 1/NDCVRL_002 Dataset/raw/nd1S05044/Right/229191.tiff,nd1S05044,R,3/11/08
229195,/Users/odon/Desktop/intro_to_iris_recognition/Week 1/NDCVRL_002 Dataset/raw/nd1S05044/Right/229195.tiff,nd1S05044,R,3/11/08
231064,/Users/odon/Desktop/intro_to_iris_recognition/Week 1/NDCVRL_002 Dataset/raw/nd1S05044/Right/231064.tiff,nd1S05044,R,3/25/08
234278,/Users/odon/Desktop/intro_to_iris_recognition/Week 1/NDCVRL_002 Dataset/raw/nd1S05044/Right/234278.tiff,nd1S05044,R,4/2/08
241711,/Users/odon/Desktop/intro_to_iris_recognition/Week 1/NDCVRL_002 Dataset/raw/nd1S05044/Right/241711.tiff,nd1S05044,R,4/23/08
243683,/Users/odon/Desktop/intro_to_iris_recognition/Week 1/NDCVRL_002 Dataset/raw/nd1S05044/Right/243683.tiff,nd1S05044,R,4/29/08
243684,/Users/odon/Desktop/intro_to_iris_recognition/Week 1/NDCVRL_002 Dataset/raw/nd1S05044/Right/243684.tiff,nd1S05044,R,4/29/08
255842,/Users/odon/Desktop/intro_to_iris_recognition/Week 1/NDCVRL_002 Dataset/raw/nd1S05044/Right/255842.tiff,nd1S05044,R,9/10/08
255845,/Users/odon/Desktop/intro_to_iris_recognition/Week 1/NDCVRL_002 Dataset/raw/nd1S05044/Right/255845.tiff,nd1S05044,R,9/10/08
255846,/Users/odon/Desktop/intro_to_iris_recognition/Week 1/NDCVRL_002 Dataset/raw/nd1S05044/Right/255846.tiff,nd1S05044,R,9/10/08
260439,/Users/odon/Desktop/intro_to_iris_recognition/Week 1/NDCVRL_002 Dataset/raw/nd1S05044/Right/260439.tiff,nd1S05044,R,9/23/08
277164,/Users/odon/Desktop/intro_to_iris_recognition/Week 1/NDCVRL_002 Dataset/raw/nd1S05044/Right/277164.tiff,nd1S05044,R,10/29/08
303543,/Users/odon/Desktop/intro_to_iris_recognition/Week 1/NDCVRL_002 Dataset/raw/nd1S05044/Right/303543.tiff,nd1S05044,R,12/2/08
303545,/Users/odon/Desktop/intro_to_iris_recognition/Week 1/NDCVRL_002 Dataset/raw/nd1S05044/Right/303545.tiff,nd1S05044,R,12/2/08
303551,/Users/odon/Desktop/intro_to_iris_recognition/Week 1/NDCVRL_002 Dataset/raw/nd1S05044/Right/303551.tiff,nd1S05044,R,12/2/08
387601,/Users/odon/Desktop/intro_to_iris_recognition/Week 1/NDCVRL_002 Dataset/raw/nd1S05044/Right/387601.tiff,nd1S05044,R,2/4/09
388787,/Users/odon/Desktop/intro_to_iris_recognition/Week 1/NDCVRL_002 Dataset/raw/nd1S05044/Right/388787.tiff,nd1S05044,R,2/4/09
406446,/Users/odon/Desktop/intro_to_iris_recognition/Week 1/NDCVRL_002 Dataset/raw/nd1S05044/Right/406446.tiff,nd1S05044,R,2/19/09
415176,/Users/odon/Desktop/intro_to_iris_recognition/Week 1/NDCVRL_002 Dataset/raw/nd1S05044/Right/415176.tiff,nd1S05044,R,3/4/09
433438,/Users/odon/Desktop/intro_to_iris_recognition/Week 1/NDCVRL_002 Dataset/raw/nd1S05044/Right/433438.tiff,nd1S05044,R,3/25/09
441928,/Users/odon/Desktop/intro_to_iris_recognition/Week 1/NDCVRL_002 Dataset/raw/nd1S05044/Right/441928.tiff,nd1S05044,R,4/21/09
535403,/Users/odon/Desktop/intro_to_iris_recognition/Week 1/NDCVRL_002 Dataset/raw/nd1S05044/Right/535403.tiff,nd1S05044,R,9/7/04
535409,/Users/odon/Desktop/intro_to_iris_recognition/Week 1/NDCVRL_002 Dataset/raw/nd1S05044/Right/535409.tiff,nd1S05044,R,9/16/04
535496,/Users/odon/Desktop/intro_to_iris_recognition/Week 1/NDCVRL_002 Dataset/raw/nd1S05044/Right/535496.tiff,nd1S05044,R,4/14/05
535523,/Users/odon/Desktop/intro_to_iris_recognition/Week 1/NDCVRL_002 Dataset/raw/nd1S05044/Right/535523.tiff,nd1S05044,R,9/28/05
535554,/Users/odon/Desktop/intro_to_iris_recognition/Week 1/NDCVRL_002 Dataset/raw/nd1S05044/Right/535554.tiff,nd1S05044,R,2/27/07
653502,/Users/odon/Desktop/intro_to_iris_recognition/Week 1/NDCVRL_002 Dataset/raw/nd1S05044/Right/653502.tiff,nd1S05044,R,9/7/05
655504,/Users/odon/Desktop/intro_to_iris_recognition/Week 1/NDCVRL_002 Dataset/raw/nd1S05044/Right/655504.tiff,nd1S05044,R,9/29/05
656697,/Users/odon/Desktop/intro_to_iris_recognition/Week 1/NDCVRL_002 Dataset/raw/nd1S05044/Right/656697.tiff,nd1S05044,R,10/26/05
656698,/Users/odon/Desktop/intro_to_iris_recognition/Week 1/NDCVRL_002 Dataset/raw/nd1S05044/Right/656698.tiff,nd1S05044,R,10/26/05
656699,/Users/odon/Desktop/intro_to_iris_recognition/Week 1/NDCVRL_002 Dataset/raw/nd1S05044/Right/656699.tiff,nd1S05044,R,10/26/05
656700,/Users/odon/Desktop/intro_to_iris_recognition/Week 1/NDCVRL_002 Dataset/raw/nd1S05044/Right/656700.tiff,nd1S05044,R,10/26/05
658530,/Users/odon/Desktop/intro_to_iris_recognition/Week 1/NDCVRL_002 Dataset/raw/nd1S05044/Right/658530.tiff,nd1S05044,R,11/17/05
658533,/Users/odon/Desktop/intro_to_iris_recognition/Week 1/NDCVRL_002 Dataset/raw/nd1S05044/Right/658533.tiff,nd1S05044,R,11/17/05
663790,/Users/odon/Desktop/intro_to_iris_recognition/Week 1/NDCVRL_002 Dataset/raw/nd1S05044/Right/663790.tiff,nd1S05044,R,3/22/06
665671,/Users/odon/Desktop/intro_to_iris_recognition/Week 1/NDCVRL_002 Dataset/raw/nd1S05044/Right/665671.tiff,nd1S05044,R,2/7/07
666193,/Users/odon/Desktop/intro_to_iris_recognition/Week 1/NDCVRL_002 Dataset/raw/nd1S05044/Right/666193.tiff,nd1S05044,R,2/28/07
667091,/Users/odon/Desktop/intro_to_iris_recognition/Week 1/NDCVRL_002 Dataset/raw/nd1S05044/Right/667091.tiff,nd1S05044,R,3/21/07
667094,/Users/odon/Desktop/intro_to_iris_recognition/Week 1/NDCVRL_002 Dataset/raw/nd1S05044/Right/667094.tiff,nd1S05044,R,3/21/07
668104,/Users/odon/Desktop/intro_to_iris_recognition/Week 1/NDCVRL_002 Dataset/raw/nd1S05044/Right/668104.tiff,nd1S05044,R,4/11/07
669463,/Users/odon/Desktop/intro_to_iris_recognition/Week 1/NDCVRL_002 Dataset/raw/nd1S05044/Right/669463.tiff,nd1S05044,R,4/26/07
669464,/Users/odon/Desktop/intro_to_iris_recognition/Week 1/NDCVRL_002 Dataset/raw/nd1S05044/Right/669464.tiff,nd1S05044,R,4/26/07
935155,/Users/odon/Desktop/intro_to_iris_recognition/Week 1/NDCVRL_002 Dataset/raw/nd1S05044/Right/935155.tiff,nd1S05044,R,7/16/07
935166,/Users/odon/Desktop/intro_to_iris_recognition/Week 1/NDCVRL_002 Dataset/raw/nd1S05044/Right/935166.tiff,nd1S05044,R,7/16/07
660966,/Users/odon/Desktop/intro_to_iris_recognition/Week 1/NDCVRL_002 Dataset/raw/nd1S05049/Left/660966.tiff,nd1S05049,L,11/3/06
660967,/Users/odon/Desktop/intro_to_iris_recognition/Week 1/NDCVRL_002 Dataset/raw/nd1S05049/Left/660967.tiff,nd1S05049,L,11/3/06
660974,/Users/odon/Desktop/intro_to_iris_recognition/Week 1/NDCVRL_002 Dataset/raw/nd1S05049/Left/660974.tiff,nd1S05049,L,11/3/06
660977,/Users/odon/Desktop/intro_to_iris_recognition/Week 1/NDCVRL_002 Dataset/raw/nd1S05049/Left/660977.tiff,nd1S05049,L,11/3/06
660978,/Users/odon/Desktop/intro_to_iris_recognition/Week 1/NDCVRL_002 Dataset/raw/nd1S05049/Left/660978.tiff,nd1S05049,L,11/3/06
660979,/Users/odon/Desktop/intro_to_iris_recognition/Week 1/NDCVRL_002 Dataset/raw/nd1S05049/Left/660979.tiff,nd1S05049,L,11/3/06
661873,/Users/odon/Desktop/intro_to_iris_recognition/Week 1/NDCVRL_002 Dataset/raw/nd1S05049/Left/661873.tiff,nd1S05049,L,2/3/06
662414,/Users/odon/Desktop/intro_to_iris_recognition/Week 1/NDCVRL_002 Dataset/raw/nd1S05049/Left/662414.tiff,nd1S05049,L,2/22/06
662415,/Users/odon/Desktop/intro_to_iris_recognition/Week 1/NDCVRL_002 Dataset/raw/nd1S05049/Left/662415.tiff,nd1S05049,L,2/22/06
662416,/Users/odon/Desktop/intro_to_iris_recognition/Week 1/NDCVRL_002 Dataset/raw/nd1S05049/Left/662416.tiff,nd1S05049,L,2/22/06
662431,/Users/odon/Desktop/intro_to_iris_recognition/Week 1/NDCVRL_002 Dataset/raw/nd1S05049/Left/662431.tiff,nd1S05049,L,2/22/06
664118,/Users/odon/Desktop/intro_to_iris_recognition/Week 1/NDCVRL_002 Dataset/raw/nd1S05049/Left/664118.tiff,nd1S05049,L,3/23/06
665213,/Users/odon/Desktop/intro_to_iris_recognition/Week 1/NDCVRL_002 Dataset/raw/nd1S05049/Left/665213.tiff,nd1S05049,L,4/13/06
665214,/Users/odon/Desktop/intro_to_iris_recognition/Week 1/NDCVRL_002 Dataset/raw/nd1S05049/Left/665214.tiff,nd1S05049,L,4/13/06
665218,/Users/odon/Desktop/intro_to_iris_recognition/Week 1/NDCVRL_002 Dataset/raw/nd1S05049/Left/665218.tiff,nd1S05049,L,4/13/06
665968,/Users/odon/Desktop/intro_to_iris_recognition/Week 1/NDCVRL_002 Dataset/raw/nd1S05049/Left/665968.tiff,nd1S05049,L,2/9/07
667427,/Users/odon/Desktop/intro_to_iris_recognition/Week 1/NDCVRL_002 Dataset/raw/nd1S05049/Left/667427.tiff,nd1S05049,L,3/23/07
667428,/Users/odon/Desktop/intro_to_iris_recognition/Week 1/NDCVRL_002 Dataset/raw/nd1S05049/Left/667428.tiff,nd1S05049,L,3/23/07
653822,/Users/odon/Desktop/intro_to_iris_recognition/Week 1/NDCVRL_002 Dataset/raw/nd1S05049/Right/653822.tiff,nd1S05049,R,9/8/05
657795,/Users/odon/Desktop/intro_to_iris_recognition/Week 1/NDCVRL_002 Dataset/raw/nd1S05049/Right/657795.tiff,nd1S05049,R,10/28/05
658423,/Users/odon/Desktop/intro_to_iris_recognition/Week 1/NDCVRL_002 Dataset/raw/nd1S05049/Right/658423.tiff,nd1S05049,R,11/16/05
658426,/Users/odon/Desktop/intro_to_iris_recognition/Week 1/NDCVRL_002 Dataset/raw/nd1S05049/Right/658426.tiff,nd1S05049,R,11/16/05
660971,/Users/odon/Desktop/intro_to_iris_recognition/Week 1/NDCVRL_002 Dataset/raw/nd1S05049/Right/660971.tiff,nd1S05049,R,11/3/06
660980,/Users/odon/Desktop/intro_to_iris_recognition/Week 1/NDCVRL_002 Dataset/raw/nd1S05049/Right/660980.tiff,nd1S05049,R,11/3/06
660981,/Users/odon/Desktop/intro_to_iris_recognition/Week 1/NDCVRL_002 Dataset/raw/nd1S05049/Right/660981.tiff,nd1S05049,R,11/3/06
660982,/Users/odon/Desktop/intro_to_iris_recognition/Week 1/NDCVRL_002 Dataset/raw/nd1S05049/Right/660982.tiff,nd1S05049,R,11/3/06
661878,/Users/odon/Desktop/intro_to_iris_recognition/Week 1/NDCVRL_002 Dataset/raw/nd1S05049/Right/661878.tiff,nd1S05049,R,2/3/06
662432,/Users/odon/Desktop/intro_to_iris_recognition/Week 1/NDCVRL_002 Dataset/raw/nd1S05049/Right/662432.tiff,nd1S05049,R,2/22/06
665221,/Users/odon/Desktop/intro_to_iris_recognition/Week 1/NDCVRL_002 Dataset/raw/nd1S05049/Right/665221.tiff,nd1S05049,R,4/13/06
667433,/Users/odon/Desktop/intro_to_iris_recognition/Week 1/NDCVRL_002 Dataset/raw/nd1S05049/Right/667433.tiff,nd1S05049,R,3/23/07
660284,/Users/odon/Desktop/intro_to_iris_recognition/Week 1/NDCVRL_002 Dataset/raw/nd1S05060/Left/660284.tiff,nd1S05060,L,11/2/06
660285,/Users/odon/Desktop/intro_to_iris_recognition/Week 1/NDCVRL_002 Dataset/raw/nd1S05060/Left/660285.tiff,nd1S05060,L,11/2/06
660286,/Users/odon/Desktop/intro_to_iris_recognition/Week 1/NDCVRL_002 Dataset/raw/nd1S05060/Left/660286.tiff,nd1S05060,L,11/2/06
660287,/Users/odon/Desktop/intro_to_iris_recognition/Week 1/NDCVRL_002 Dataset/raw/nd1S05060/Left/660287.tiff,nd1S05060,L,11/2/06
660288,/Users/odon/Desktop/intro_to_iris_recognition/Week 1/NDCVRL_002 Dataset/raw/nd1S05060/Left/660288.tiff,nd1S05060,L,11/2/06
660289,/Users/odon/Desktop/intro_to_iris_recognition/Week 1/NDCVRL_002 Dataset/raw/nd1S05060/Left/660289.tiff,nd1S05060,L,11/2/06
660308,/Users/odon/Desktop/intro_to_iris_recognition/Week 1/NDCVRL_002 Dataset/raw/nd1S05060/Left/660308.tiff,nd1S05060,L,11/2/06
660309,/Users/odon/Desktop/intro_to_iris_recognition/Week 1/NDCVRL_002 Dataset/raw/nd1S05060/Left/660309.tiff,nd1S05060,L,11/2/06
660311,/Users/odon/Desktop/intro_to_iris_recognition/Week 1/NDCVRL_002 Dataset/raw/nd1S05060/Left/660311.tiff,nd1S05060,L,11/2/06
660312,/Users/odon/Desktop/intro_to_iris_recognition/Week 1/NDCVRL_002 Dataset/raw/nd1S05060/Left/660312.tiff,nd1S05060,L,11/2/06
660313,/Users/odon/Desktop/intro_to_iris_recognition/Week 1/NDCVRL_002 Dataset/raw/nd1S05060/Left/660313.tiff,nd1S05060,L,11/2/06
660290,/Users/odon/Desktop/intro_to_iris_recognition/Week 1/NDCVRL_002 Dataset/raw/nd1S05060/Right/660290.tiff,nd1S05060,R,11/2/06
660291,/Users/odon/Desktop/intro_to_iris_recognition/Week 1/NDCVRL_002 Dataset/raw/nd1S05060/Right/660291.tiff,nd1S05060,R,11/2/06
660292,/Users/odon/Desktop/intro_to_iris_recognition/Week 1/NDCVRL_002 Dataset/raw/nd1S05060/Right/660292.tiff,nd1S05060,R,11/2/06
660293,/Users/odon/Desktop/intro_to_iris_recognition/Week 1/NDCVRL_002 Dataset/raw/nd1S05060/Right/660293.tiff,nd1S05060,R,11/2/06
660294,/Users/odon/Desktop/intro_to_iris_recognition/Week 1/NDCVRL_002 Dataset/raw/nd1S05060/Right/660294.tiff,nd1S05060,R,11/2/06
660295,/Users/odon/Desktop/intro_to_iris_recognition/Week 1/NDCVRL_002 Dataset/raw/nd1S05060/Right/660295.tiff,nd1S05060,R,11/2/06
660314,/Users/odon/Desktop/intro_to_iris_recognition/Week 1/NDCVRL_002 Dataset/raw/nd1S05060/Right/660314.tiff,nd1S05060,R,11/2/06
660315,/Users/odon/Desktop/intro_to_iris_recognition/Week 1/NDCVRL_002 Dataset/raw/nd1S05060/Right/660315.tiff,nd1S05060,R,11/2/06
660316,/Users/odon/Desktop/intro_to_iris_recognition/Week 1/NDCVRL_002 Dataset/raw/nd1S05060/Right/660316.tiff,nd1S05060,R,11/2/06
660317,/Users/odon/Desktop/intro_to_iris_recognition/Week 1/NDCVRL_002 Dataset/raw/nd1S05060/Right/660317.tiff,nd1S05060,R,11/2/06
660318,/Users/odon/Desktop/intro_to_iris_recognition/Week 1/NDCVRL_002 Dataset/raw/nd1S05060/Right/660318.tiff,nd1S05060,R,11/2/06
660319,/Users/odon/Desktop/intro_to_iris_recognition/Week 1/NDCVRL_002 Dataset/raw/nd1S05060/Right/660319.tiff,nd1S05060,R,11/2/06
656708,/Users/odon/Desktop/intro_to_iris_recognition/Week 1/NDCVRL_002 Dataset/raw/nd1S05062/Left/656708.tiff,nd1S05062,L,10/26/05
658865,/Users/odon/Desktop/intro_to_iris_recognition/Week 1/NDCVRL_002 Dataset/raw/nd1S05062/Left/658865.tiff,nd1S05062,L,11/17/05
659258,/Users/odon/Desktop/intro_to_iris_recognition/Week 1/NDCVRL_002 Dataset/raw/nd1S05062/Left/659258.tiff,nd1S05062,L,11/1/06
659259,/Users/odon/Desktop/intro_to_iris_recognition/Week 1/NDCVRL_002 Dataset/raw/nd1S05062/Left/659259.tiff,nd1S05062,L,11/1/06
659263,/Users/odon/Desktop/intro_to_iris_recognition/Week 1/NDCVRL_002 Dataset/raw/nd1S05062/Left/659263.tiff,nd1S05062,L,11/1/06
667270,/Users/odon/Desktop/intro_to_iris_recognition/Week 1/NDCVRL_002 Dataset/raw/nd1S05062/Left/667270.tiff,nd1S05062,L,3/22/07
668167,/Users/odon/Desktop/intro_to_iris_recognition/Week 1/NDCVRL_002 Dataset/raw/nd1S05062/Left/668167.tiff,nd1S05062,L,4/11/07
655659,/Users/odon/Desktop/intro_to_iris_recognition/Week 1/NDCVRL_002 Dataset/raw/nd1S05062/Right/655659.tiff,nd1S05062,R,9/29/05
655661,/Users/odon/Desktop/intro_to_iris_recognition/Week 1/NDCVRL_002 Dataset/raw/nd1S05062/Right/655661.tiff,nd1S05062,R,9/29/05
656710,/Users/odon/Desktop/intro_to_iris_recognition/Week 1/NDCVRL_002 Dataset/raw/nd1S05062/Right/656710.tiff,nd1S05062,R,10/26/05
656711,/Users/odon/Desktop/intro_to_iris_recognition/Week 1/NDCVRL_002 Dataset/raw/nd1S05062/Right/656711.tiff,nd1S05062,R,10/26/05
656713,/Users/odon/Desktop/intro_to_iris_recognition/Week 1/NDCVRL_002 Dataset/raw/nd1S05062/Right/656713.tiff,nd1S05062,R,10/26/05
658866,/Users/odon/Desktop/intro_to_iris_recognition/Week 1/NDCVRL_002 Dataset/raw/nd1S05062/Right/658866.tiff,nd1S05062,R,11/17/05
658870,/Users/odon/Desktop/intro_to_iris_recognition/Week 1/NDCVRL_002 Dataset/raw/nd1S05062/Right/658870.tiff,nd1S05062,R,11/17/05
658871,/Users/odon/Desktop/intro_to_iris_recognition/Week 1/NDCVRL_002 Dataset/raw/nd1S05062/Right/658871.tiff,nd1S05062,R,11/17/05
659266,/Users/odon/Desktop/intro_to_iris_recognition/Week 1/NDCVRL_002 Dataset/raw/nd1S05062/Right/659266.tiff,nd1S05062,R,11/1/06
664182,/Users/odon/Desktop/intro_to_iris_recognition/Week 1/NDCVRL_002 Dataset/raw/nd1S05062/Right/664182.tiff,nd1S05062,R,3/23/06
664183,/Users/odon/Desktop/intro_to_iris_recognition/Week 1/NDCVRL_002 Dataset/raw/nd1S05062/Right/664183.tiff,nd1S05062,R,3/23/06
665681,/Users/odon/Desktop/intro_to_iris_recognition/Week 1/NDCVRL_002 Dataset/raw/nd1S05062/Right/665681.tiff,nd1S05062,R,2/7/07
668168,/Users/odon/Desktop/intro_to_iris_recognition/Week 1/NDCVRL_002 Dataset/raw/nd1S05062/Right/668168.tiff,nd1S05062,R,4/11/07
668171,/Users/odon/Desktop/intro_to_iris_recognition/Week 1/NDCVRL_002 Dataset/raw/nd1S05062/Right/668171.tiff,nd1S05062,R,4/11/07
668173,/Users/odon/Desktop/intro_to_iris_recognition/Week 1/NDCVRL_002 Dataset/raw/nd1S05062/Right/668173.tiff,nd1S05062,R,4/11/07
654016,/Users/odon/Desktop/intro_to_iris_recognition/Week 1/NDCVRL_002 Dataset/raw/nd1S05064/Left/654016.tiff,nd1S05064,L,9/8/05
654017,/Users/odon/Desktop/intro_to_iris_recognition/Week 1/NDCVRL_002 Dataset/raw/nd1S05064/Left/654017.tiff,nd1S05064,L,9/8/05
654018,/Users/odon/Desktop/intro_to_iris_recognition/Week 1/NDCVRL_002 Dataset/raw/nd1S05064/Left/654018.tiff,nd1S05064,L,9/8/05
654021,/Users/odon/Desktop/intro_to_iris_recognition/Week 1/NDCVRL_002 Dataset/raw/nd1S05064/Right/654021.tiff,nd1S05064,R,9/8/05
654022,/Users/odon/Desktop/intro_to_iris_recognition/Week 1/NDCVRL_002 Dataset/raw/nd1S05064/Right/654022.tiff,nd1S05064,R,9/8/05
654026,/Users/odon/Desktop/intro_to_iris_recognition/Week 1/NDCVRL_002 Dataset/raw/nd1S05064/Right/654026.tiff,nd1S05064,R,9/8/05
653952,/Users/odon/Desktop/intro_to_iris_recognition/Week 1/NDCVRL_002 Dataset/raw/nd1S05091/Right/653952.tiff,nd1S05091,R,9/8/05
655799,/Users/odon/Desktop/intro_to_iris_recognition/Week 1/NDCVRL_002 Dataset/raw/nd1S05091/Right/655799.tiff,nd1S05091,R,9/29/05
658782,/Users/odon/Desktop/intro_to_iris_recognition/Week 1/NDCVRL_002 Dataset/raw/nd1S05091/Right/658782.tiff,nd1S05091,R,11/17/05
658784,/Users/odon/Desktop/intro_to_iris_recognition/Week 1/NDCVRL_002 Dataset/raw/nd1S05091/Right/658784.tiff,nd1S05091,R,11/17/05
660180,/Users/odon/Desktop/intro_to_iris_recognition/Week 1/NDCVRL_002 Dataset/raw/nd1S05091/Right/660180.tiff,nd1S05091,R,11/2/06
660181,/Users/odon/Desktop/intro_to_iris_recognition/Week 1/NDCVRL_002 Dataset/raw/nd1S05091/Right/660181.tiff,nd1S05091,R,11/2/06
661951,/Users/odon/Desktop/intro_to_iris_recognition/Week 1/NDCVRL_002 Dataset/raw/nd1S05091/Right/661951.tiff,nd1S05091,R,2/3/06
662949,/Users/odon/Desktop/intro_to_iris_recognition/Week 1/NDCVRL_002 Dataset/raw/nd1S05091/Right/662949.tiff,nd1S05091,R,2/23/06
664468,/Users/odon/Desktop/intro_to_iris_recognition/Week 1/NDCVRL_002 Dataset/raw/nd1S05091/Right/664468.tiff,nd1S05091,R,3/24/06
664471,/Users/odon/Desktop/intro_to_iris_recognition/Week 1/NDCVRL_002 Dataset/raw/nd1S05091/Right/664471.tiff,nd1S05091,R,3/24/06
655287,/Users/odon/Desktop/intro_to_iris_recognition/Week 1/NDCVRL_002 Dataset/raw/nd1S05096/Left/655287.tiff,nd1S05096,L,9/28/05
655292,/Users/odon/Desktop/intro_to_iris_recognition/Week 1/NDCVRL_002 Dataset/raw/nd1S05096/Left/655292.tiff,nd1S05096,L,9/28/05
659250,/Users/odon/Desktop/intro_to_iris_recognition/Week 1/NDCVRL_002 Dataset/raw/nd1S05096/Left/659250.tiff,nd1S05096,L,11/1/06
659271,/Users/odon/Desktop/intro_to_iris_recognition/Week 1/NDCVRL_002 Dataset/raw/nd1S05096/Left/659271.tiff,nd1S05096,L,11/1/06
659272,/Users/odon/Desktop/intro_to_iris_recognition/Week 1/NDCVRL_002 Dataset/raw/nd1S05096/Left/659272.tiff,nd1S05096,L,11/1/06
659273,/Users/odon/Desktop/intro_to_iris_recognition/Week 1/NDCVRL_002 Dataset/raw/nd1S05096/Left/659273.tiff,nd1S05096,L,11/1/06
659274,/Users/odon/Desktop/intro_to_iris_recognition/Week 1/NDCVRL_002 Dataset/raw/nd1S05096/Left/659274.tiff,nd1S05096,L,11/1/06
661217,/Users/odon/Desktop/intro_to_iris_recognition/Week 1/NDCVRL_002 Dataset/raw/nd1S05096/Left/661217.tiff,nd1S05096,L,2/1/06
665440,/Users/odon/Desktop/intro_to_iris_recognition/Week 1/NDCVRL_002 Dataset/raw/nd1S05096/Left/665440.tiff,nd1S05096,L,4/14/06
665975,/Users/odon/Desktop/intro_to_iris_recognition/Week 1/NDCVRL_002 Dataset/raw/nd1S05096/Left/665975.tiff,nd1S05096,L,2/9/07
665976,/Users/odon/Desktop/intro_to_iris_recognition/Week 1/NDCVRL_002 Dataset/raw/nd1S05096/Left/665976.tiff,nd1S05096,L,2/9/07
665977,/Users/odon/Desktop/intro_to_iris_recognition/Week 1/NDCVRL_002 Dataset/raw/nd1S05096/Left/665977.tiff,nd1S05096,L,2/9/07
665978,/Users/odon/Desktop/intro_to_iris_recognition/Week 1/NDCVRL_002 Dataset/raw/nd1S05096/Left/665978.tiff,nd1S05096,L,2/9/07
665979,/Users/odon/Desktop/intro_to_iris_recognition/Week 1/NDCVRL_002 Dataset/raw/nd1S05096/Left/665979.tiff,nd1S05096,L,2/9/07
665980,/Users/odon/Desktop/intro_to_iris_recognition/Week 1/NDCVRL_002 Dataset/raw/nd1S05096/Left/665980.tiff,nd1S05096,L,2/9/07
666307,/Users/odon/Desktop/intro_to_iris_recognition/Week 1/NDCVRL_002 Dataset/raw/nd1S05096/Left/666307.tiff,nd1S05096,L,2/28/07
656789,/Users/odon/Desktop/intro_to_iris_recognition/Week 1/NDCVRL_002 Dataset/raw/nd1S05096/Right/656789.tiff,nd1S05096,R,10/26/05
658450,/Users/odon/Desktop/intro_to_iris_recognition/Week 1/NDCVRL_002 Dataset/raw/nd1S05096/Right/658450.tiff,nd1S05096,R,11/16/05
659256,/Users/odon/Desktop/intro_to_iris_recognition/Week 1/NDCVRL_002 Dataset/raw/nd1S05096/Right/659256.tiff,nd1S05096,R,11/1/06
659276,/Users/odon/Desktop/intro_to_iris_recognition/Week 1/NDCVRL_002 Dataset/raw/nd1S05096/Right/659276.tiff,nd1S05096,R,11/1/06
659277,/Users/odon/Desktop/intro_to_iris_recognition/Week 1/NDCVRL_002 Dataset/raw/nd1S05096/Right/659277.tiff,nd1S05096,R,11/1/06
659278,/Users/odon/Desktop/intro_to_iris_recognition/Week 1/NDCVRL_002 Dataset/raw/nd1S05096/Right/659278.tiff,nd1S05096,R,11/1/06
659279,/Users/odon/Desktop/intro_to_iris_recognition/Week 1/NDCVRL_002 Dataset/raw/nd1S05096/Right/659279.tiff,nd1S05096,R,11/1/06
659280,/Users/odon/Desktop/intro_to_iris_recognition/Week 1/NDCVRL_002 Dataset/raw/nd1S05096/Right/659280.tiff,nd1S05096,R,11/1/06
659281,/Users/odon/Desktop/intro_to_iris_recognition/Week 1/NDCVRL_002 Dataset/raw/nd1S05096/Right/659281.tiff,nd1S05096,R,11/1/06
663930,/Users/odon/Desktop/intro_to_iris_recognition/Week 1/NDCVRL_002 Dataset/raw/nd1S05096/Right/663930.tiff,nd1S05096,R,3/22/06
665446,/Users/odon/Desktop/intro_to_iris_recognition/Week 1/NDCVRL_002 Dataset/raw/nd1S05096/Right/665446.tiff,nd1S05096,R,4/14/06
665981,/Users/odon/Desktop/intro_to_iris_recognition/Week 1/NDCVRL_002 Dataset/raw/nd1S05096/Right/665981.tiff,nd1S05096,R,2/9/07
665986,/Users/odon/Desktop/intro_to_iris_recognition/Week 1/NDCVRL_002 Dataset/raw/nd1S05096/Right/665986.tiff,nd1S05096,R,2/9/07
666313,/Users/odon/Desktop/intro_to_iris_recognition/Week 1/NDCVRL_002 Dataset/raw/nd1S05096/Right/666313.tiff,nd1S05096,R,2/28/07
170247,/Users/odon/Desktop/intro_to_iris_recognition/Week 1/NDCVRL_002 Dataset/raw/nd1S05129/Right/170247.tiff,nd1S05129,R,8/31/04
170248,/Users/odon/Desktop/intro_to_iris_recognition/Week 1/NDCVRL_002 Dataset/raw/nd1S05129/Right/170248.tiff,nd1S05129,R,8/31/04
170258,/Users/odon/Desktop/intro_to_iris_recognition/Week 1/NDCVRL_002 Dataset/raw/nd1S05129/Right/170258.tiff,nd1S05129,R,8/31/04
654809,/Users/odon/Desktop/intro_to_iris_recognition/Week 1/NDCVRL_002 Dataset/raw/nd1S05129/Right/654809.tiff,nd1S05129,R,9/28/05
662216,/Users/odon/Desktop/intro_to_iris_recognition/Week 1/NDCVRL_002 Dataset/raw/nd1S05133/Right/662216.tiff,nd1S05133,R,2/3/06
662217,/Users/odon/Desktop/intro_to_iris_recognition/Week 1/NDCVRL_002 Dataset/raw/nd1S05133/Right/662217.tiff,nd1S05133,R,2/3/06
662219,/Users/odon/Desktop/intro_to_iris_recognition/Week 1/NDCVRL_002 Dataset/raw/nd1S05133/Right/662219.tiff,nd1S05133,R,2/3/06
662822,/Users/odon/Desktop/intro_to_iris_recognition/Week 1/NDCVRL_002 Dataset/raw/nd1S05133/Right/662822.tiff,nd1S05133,R,2/23/06
663953,/Users/odon/Desktop/intro_to_iris_recognition/Week 1/NDCVRL_002 Dataset/raw/nd1S05133/Right/663953.tiff,nd1S05133,R,3/22/06
663954,/Users/odon/Desktop/intro_to_iris_recognition/Week 1/NDCVRL_002 Dataset/raw/nd1S05133/Right/663954.tiff,nd1S05133,R,3/22/06
663955,/Users/odon/Desktop/intro_to_iris_recognition/Week 1/NDCVRL_002 Dataset/raw/nd1S05133/Right/663955.tiff,nd1S05133,R,3/22/06
663956,/Users/odon/Desktop/intro_to_iris_recognition/Week 1/NDCVRL_002 Dataset/raw/nd1S05133/Right/663956.tiff,nd1S05133,R,3/22/06
663958,/Users/odon/Desktop/intro_to_iris_recognition/Week 1/NDCVRL_002 Dataset/raw/nd1S05133/Right/663958.tiff,nd1S05133,R,3/22/06
259992,/Users/odon/Desktop/intro_to_iris_recognition/Week 1/NDCVRL_002 Dataset/raw/nd1S05165/Left/259992.tiff,nd1S05165,L,9/25/08
262918,/Users/odon/Desktop/intro_to_iris_recognition/Week 1/NDCVRL_002 Dataset/raw/nd1S05165/Left/262918.tiff,nd1S05165,L,9/25/08
262919,/Users/odon/Desktop/intro_to_iris_recognition/Week 1/NDCVRL_002 Dataset/raw/nd1S05165/Left/262919.tiff,nd1S05165,L,9/25/08
262920,/Users/odon/Desktop/intro_to_iris_recognition/Week 1/NDCVRL_002 Dataset/raw/nd1S05165/Left/262920.tiff,nd1S05165,L,9/25/08
262922,/Users/odon/Desktop/intro_to_iris_recognition/Week 1/NDCVRL_002 Dataset/raw/nd1S05165/Left/262922.tiff,nd1S05165,L,9/25/08
262923,/Users/odon/Desktop/intro_to_iris_recognition/Week 1/NDCVRL_002 Dataset/raw/nd1S05165/Left/262923.tiff,nd1S05165,L,9/25/08
262924,/Users/odon/Desktop/intro_to_iris_recognition/Week 1/NDCVRL_002 Dataset/raw/nd1S05165/Left/262924.tiff,nd1S05165,L,9/25/08
262926,/Users/odon/Desktop/intro_to_iris_recognition/Week 1/NDCVRL_002 Dataset/raw/nd1S05165/Left/262926.tiff,nd1S05165,L,9/25/08
231691,/Users/odon/Desktop/intro_to_iris_recognition/Week 1/NDCVRL_002 Dataset/raw/nd1S05213/Left/231691.tiff,nd1S05213,L,3/26/08
234224,/Users/odon/Desktop/intro_to_iris_recognition/Week 1/NDCVRL_002 Dataset/raw/nd1S05213/Left/234224.tiff,nd1S05213,L,4/2/08
237928,/Users/odon/Desktop/intro_to_iris_recognition/Week 1/NDCVRL_002 Dataset/raw/nd1S05213/Left/237928.tiff,nd1S05213,L,4/10/08
240021,/Users/odon/Desktop/intro_to_iris_recognition/Week 1/NDCVRL_002 Dataset/raw/nd1S05213/Left/240021.tiff,nd1S05213,L,4/22/08
243087,/Users/odon/Desktop/intro_to_iris_recognition/Week 1/NDCVRL_002 Dataset/raw/nd1S05213/Left/243087.tiff,nd1S05213,L,5/1/08
244618,/Users/odon/Desktop/intro_to_iris_recognition/Week 1/NDCVRL_002 Dataset/raw/nd1S05213/Left/244618.tiff,nd1S05213,L,5/1/08
410923,/Users/odon/Desktop/intro_to_iris_recognition/Week 1/NDCVRL_002 Dataset/raw/nd1S05213/Left/410923.tiff,nd1S05213,L,3/3/09
656291,/Users/odon/Desktop/intro_to_iris_recognition/Week 1/NDCVRL_002 Dataset/raw/nd1S05213/Left/656291.tiff,nd1S05213,L,9/30/05
661455,/Users/odon/Desktop/intro_to_iris_recognition/Week 1/NDCVRL_002 Dataset/raw/nd1S05213/Left/661455.tiff,nd1S05213,L,2/2/06
661461,/Users/odon/Desktop/intro_to_iris_recognition/Week 1/NDCVRL_002 Dataset/raw/nd1S05213/Left/661461.tiff,nd1S05213,L,2/2/06
662393,/Users/odon/Desktop/intro_to_iris_recognition/Week 1/NDCVRL_002 Dataset/raw/nd1S05213/Left/662393.tiff,nd1S05213,L,2/22/06
665865,/Users/odon/Desktop/intro_to_iris_recognition/Week 1/NDCVRL_002 Dataset/raw/nd1S05213/Left/665865.tiff,nd1S05213,L,2/8/07
665866,/Users/odon/Desktop/intro_to_iris_recognition/Week 1/NDCVRL_002 Dataset/raw/nd1S05213/Left/665866.tiff,nd1S05213,L,2/8/07
665869,/Users/odon/Desktop/intro_to_iris_recognition/Week 1/NDCVRL_002 Dataset/raw/nd1S05213/Left/665869.tiff,nd1S05213,L,2/8/07
666764,/Users/odon/Desktop/intro_to_iris_recognition/Week 1/NDCVRL_002 Dataset/raw/nd1S05213/Left/666764.tiff,nd1S05213,L,3/2/07
666766,/Users/odon/Desktop/intro_to_iris_recognition/Week 1/NDCVRL_002 Dataset/raw/nd1S05213/Left/666766.tiff,nd1S05213,L,3/2/07
667932,/Users/odon/Desktop/intro_to_iris_recognition/Week 1/NDCVRL_002 Dataset/raw/nd1S05213/Left/667932.tiff,nd1S05213,L,4/11/07
668989,/Users/odon/Desktop/intro_to_iris_recognition/Week 1/NDCVRL_002 Dataset/raw/nd1S05213/Left/668989.tiff,nd1S05213,L,4/25/07
668992,/Users/odon/Desktop/intro_to_iris_recognition/Week 1/NDCVRL_002 Dataset/raw/nd1S05213/Left/668992.tiff,nd1S05213,L,4/25/07
653773,/Users/odon/Desktop/intro_to_iris_recognition/Week 1/NDCVRL_002 Dataset/raw/nd1S05214/Right/653773.tiff,nd1S05214,R,9/7/05
655825,/Users/odon/Desktop/intro_to_iris_recognition/Week 1/NDCVRL_002 Dataset/raw/nd1S05214/Right/655825.tiff,nd1S05214,R,9/29/05
655826,/Users/odon/Desktop/intro_to_iris_recognition/Week 1/NDCVRL_002 Dataset/raw/nd1S05214/Right/655826.tiff,nd1S05214,R,9/29/05
658438,/Users/odon/Desktop/intro_to_iris_recognition/Week 1/NDCVRL_002 Dataset/raw/nd1S05214/Right/658438.tiff,nd1S05214,R,11/16/05
660632,/Users/odon/Desktop/intro_to_iris_recognition/Week 1/NDCVRL_002 Dataset/raw/nd1S05214/Right/660632.tiff,nd1S05214,R,11/3/06
660641,/Users/odon/Desktop/intro_to_iris_recognition/Week 1/NDCVRL_002 Dataset/raw/nd1S05214/Right/660641.tiff,nd1S05214,R,11/3/06
660642,/Users/odon/Desktop/intro_to_iris_recognition/Week 1/NDCVRL_002 Dataset/raw/nd1S05214/Right/660642.tiff,nd1S05214,R,11/3/06
660643,/Users/odon/Desktop/intro_to_iris_recognition/Week 1/NDCVRL_002 Dataset/raw/nd1S05214/Right/660643.tiff,nd1S05214,R,11/3/06
660644,/Users/odon/Desktop/intro_to_iris_recognition/Week 1/NDCVRL_002 Dataset/raw/nd1S05214/Right/660644.tiff,nd1S05214,R,11/3/06
660645,/Users/odon/Desktop/intro_to_iris_recognition/Week 1/NDCVRL_002 Dataset/raw/nd1S05214/Right/660645.tiff,nd1S05214,R,11/3/06
660646,/Users/odon/Desktop/intro_to_iris_recognition/Week 1/NDCVRL_002 Dataset/raw/nd1S05214/Right/660646.tiff,nd1S05214,R,11/3/06
660541,/Users/odon/Desktop/intro_to_iris_recognition/Week 1/NDCVRL_002 Dataset/raw/nd1S05216/Left/660541.tiff,nd1S05216,L,11/2/06
660542,/Users/odon/Desktop/intro_to_iris_recognition/Week 1/NDCVRL_002 Dataset/raw/nd1S05216/Left/660542.tiff,nd1S05216,L,11/2/06
660543,/Users/odon/Desktop/intro_to_iris_recognition/Week 1/NDCVRL_002 Dataset/raw/nd1S05216/Left/660543.tiff,nd1S05216,L,11/2/06
660544,/Users/odon/Desktop/intro_to_iris_recognition/Week 1/NDCVRL_002 Dataset/raw/nd1S05216/Left/660544.tiff,nd1S05216,L,11/2/06
660555,/Users/odon/Desktop/intro_to_iris_recognition/Week 1/NDCVRL_002 Dataset/raw/nd1S05216/Left/660555.tiff,nd1S05216,L,11/2/06
660556,/Users/odon/Desktop/intro_to_iris_recognition/Week 1/NDCVRL_002 Dataset/raw/nd1S05216/Left/660556.tiff,nd1S05216,L,11/2/06
660567,/Users/odon/Desktop/intro_to_iris_recognition/Week 1/NDCVRL_002 Dataset/raw/nd1S05216/Left/660567.tiff,nd1S05216,L,11/2/06
660545,/Users/odon/Desktop/intro_to_iris_recognition/Week 1/NDCVRL_002 Dataset/raw/nd1S05216/Right/660545.tiff,nd1S05216,R,11/2/06
660547,/Users/odon/Desktop/intro_to_iris_recognition/Week 1/NDCVRL_002 Dataset/raw/nd1S05216/Right/660547.tiff,nd1S05216,R,11/2/06
660550,/Users/odon/Desktop/intro_to_iris_recognition/Week 1/NDCVRL_002 Dataset/raw/nd1S05216/Right/660550.tiff,nd1S05216,R,11/2/06
660560,/Users/odon/Desktop/intro_to_iris_recognition/Week 1/NDCVRL_002 Dataset/raw/nd1S05216/Right/660560.tiff,nd1S05216,R,11/2/06
660561,/Users/odon/Desktop/intro_to_iris_recognition/Week 1/NDCVRL_002 Dataset/raw/nd1S05216/Right/660561.tiff,nd1S05216,R,11/2/06
660573,/Users/odon/Desktop/intro_to_iris_recognition/Week 1/NDCVRL_002 Dataset/raw/nd1S05216/Right/660573.tiff,nd1S05216,R,11/2/06
660574,/Users/odon/Desktop/intro_to_iris_recognition/Week 1/NDCVRL_002 Dataset/raw/nd1S05216/Right/660574.tiff,nd1S05216,R,11/2/06
228389,/Users/odon/Desktop/intro_to_iris_recognition/Week 1/NDCVRL_002 Dataset/raw/nd1S05244/Left/228389.tiff,nd1S05244,L,3/11/08
229053,/Users/odon/Desktop/intro_to_iris_recognition/Week 1/NDCVRL_002 Dataset/raw/nd1S05244/Left/229053.tiff,nd1S05244,L,3/11/08
229055,/Users/odon/Desktop/intro_to_iris_recognition/Week 1/NDCVRL_002 Dataset/raw/nd1S05244/Left/229055.tiff,nd1S05244,L,3/11/08
230995,/Users/odon/Desktop/intro_to_iris_recognition/Week 1/NDCVRL_002 Dataset/raw/nd1S05244/Left/230995.tiff,nd1S05244,L,3/25/08
244593,/Users/odon/Desktop/intro_to_iris_recognition/Week 1/NDCVRL_002 Dataset/raw/nd1S05244/Left/244593.tiff,nd1S05244,L,5/1/08
254819,/Users/odon/Desktop/intro_to_iris_recognition/Week 1/NDCVRL_002 Dataset/raw/nd1S05244/Left/254819.tiff,nd1S05244,L,9/9/08
259840,/Users/odon/Desktop/intro_to_iris_recognition/Week 1/NDCVRL_002 Dataset/raw/nd1S05244/Left/259840.tiff,nd1S05244,L,9/24/08
262279,/Users/odon/Desktop/intro_to_iris_recognition/Week 1/NDCVRL_002 Dataset/raw/nd1S05244/Left/262279.tiff,nd1S05244,L,9/24/08
276920,/Users/odon/Desktop/intro_to_iris_recognition/Week 1/NDCVRL_002 Dataset/raw/nd1S05244/Left/276920.tiff,nd1S05244,L,10/28/08
281189,/Users/odon/Desktop/intro_to_iris_recognition/Week 1/NDCVRL_002 Dataset/raw/nd1S05244/Left/281189.tiff,nd1S05244,L,11/11/08
303644,/Users/odon/Desktop/intro_to_iris_recognition/Week 1/NDCVRL_002 Dataset/raw/nd1S05244/Left/303644.tiff,nd1S05244,L,12/2/08
387299,/Users/odon/Desktop/intro_to_iris_recognition/Week 1/NDCVRL_002 Dataset/raw/nd1S05244/Left/387299.tiff,nd1S05244,L,2/4/09
410846,/Users/odon/Desktop/intro_to_iris_recognition/Week 1/NDCVRL_002 Dataset/raw/nd1S05244/Left/410846.tiff,nd1S05244,L,3/3/09
410850,/Users/odon/Desktop/intro_to_iris_recognition/Week 1/NDCVRL_002 Dataset/raw/nd1S05244/Left/410850.tiff,nd1S05244,L,3/3/09
446100,/Users/odon/Desktop/intro_to_iris_recognition/Week 1/NDCVRL_002 Dataset/raw/nd1S05244/Left/446100.tiff,nd1S05244,L,4/22/09
446102,/Users/odon/Desktop/intro_to_iris_recognition/Week 1/NDCVRL_002 Dataset/raw/nd1S05244/Left/446102.tiff,nd1S05244,L,4/22/09
529525,/Users/odon/Desktop/intro_to_iris_recognition/Week 1/NDCVRL_002 Dataset/raw/nd1S05244/Left/529525.tiff,nd1S05244,L,11/4/09
530323,/Users/odon/Desktop/intro_to_iris_recognition/Week 1/NDCVRL_002 Dataset/raw/nd1S05244/Left/530323.tiff,nd1S05244,L,11/4/09
530325,/Users/odon/Desktop/intro_to_iris_recognition/Week 1/NDCVRL_002 Dataset/raw/nd1S05244/Left/530325.tiff,nd1S05244,L,11/4/09
653673,/Users/odon/Desktop/intro_to_iris_recognition/Week 1/NDCVRL_002 Dataset/raw/nd1S05244/Left/653673.tiff,nd1S05244,L,9/7/05
653685,/Users/odon/Desktop/intro_to_iris_recognition/Week 1/NDCVRL_002 Dataset/raw/nd1S05244/Left/653685.tiff,nd1S05244,L,9/7/05
658223,/Users/odon/Desktop/intro_to_iris_recognition/Week 1/NDCVRL_002 Dataset/raw/nd1S05244/Left/658223.tiff,nd1S05244,L,11/16/05
659367,/Users/odon/Desktop/intro_to_iris_recognition/Week 1/NDCVRL_002 Dataset/raw/nd1S05244/Left/659367.tiff,nd1S05244,L,11/1/06
659371,/Users/odon/Desktop/intro_to_iris_recognition/Week 1/NDCVRL_002 Dataset/raw/nd1S05244/Left/659371.tiff,nd1S05244,L,11/1/06
661811,/Users/odon/Desktop/intro_to_iris_recognition/Week 1/NDCVRL_002 Dataset/raw/nd1S05244/Left/661811.tiff,nd1S05244,L,2/3/06
661812,/Users/odon/Desktop/intro_to_iris_recognition/Week 1/NDCVRL_002 Dataset/raw/nd1S05244/Left/661812.tiff,nd1S05244,L,2/3/06
661813,/Users/odon/Desktop/intro_to_iris_recognition/Week 1/NDCVRL_002 Dataset/raw/nd1S05244/Left/661813.tiff,nd1S05244,L,2/3/06
661816,/Users/odon/Desktop/intro_to_iris_recognition/Week 1/NDCVRL_002 Dataset/raw/nd1S05244/Left/661816.tiff,nd1S05244,L,2/3/06
663348,/Users/odon/Desktop/intro_to_iris_recognition/Week 1/NDCVRL_002 Dataset/raw/nd1S05244/Left/663348.tiff,nd1S05244,L,2/24/06
663350,/Users/odon/Desktop/intro_to_iris_recognition/Week 1/NDCVRL_002 Dataset/raw/nd1S05244/Left/663350.tiff,nd1S05244,L,2/24/06
663351,/Users/odon/Desktop/intro_to_iris_recognition/Week 1/NDCVRL_002 Dataset/raw/nd1S05244/Left/663351.tiff,nd1S05244,L,2/24/06
229059,/Users/odon/Desktop/intro_to_iris_recognition/Week 1/NDCVRL_002 Dataset/raw/nd1S05244/Right/229059.tiff,nd1S05244,R,3/11/08
230229,/Users/odon/Desktop/intro_to_iris_recognition/Week 1/NDCVRL_002 Dataset/raw/nd1S05244/Right/230229.tiff,nd1S05244,R,3/25/08
231003,/Users/odon/Desktop/intro_to_iris_recognition/Week 1/NDCVRL_002 Dataset/raw/nd1S05244/Right/231003.tiff,nd1S05244,R,3/25/08
262291,/Users/odon/Desktop/intro_to_iris_recognition/Week 1/NDCVRL_002 Dataset/raw/nd1S05244/Right/262291.tiff,nd1S05244,R,9/24/08
262298,/Users/odon/Desktop/intro_to_iris_recognition/Week 1/NDCVRL_002 Dataset/raw/nd1S05244/Right/262298.tiff,nd1S05244,R,9/24/08
281200,/Users/odon/Desktop/intro_to_iris_recognition/Week 1/NDCVRL_002 Dataset/raw/nd1S05244/Right/281200.tiff,nd1S05244,R,11/11/08
303662,/Users/odon/Desktop/intro_to_iris_recognition/Week 1/NDCVRL_002 Dataset/raw/nd1S05244/Right/303662.tiff,nd1S05244,R,12/2/08
306573,/Users/odon/Desktop/intro_to_iris_recognition/Week 1/NDCVRL_002 Dataset/raw/nd1S05244/Right/306573.tiff,nd1S05244,R,1/20/09
387310,/Users/odon/Desktop/intro_to_iris_recognition/Week 1/NDCVRL_002 Dataset/raw/nd1S05244/Right/387310.tiff,nd1S05244,R,2/4/09
529532,/Users/odon/Desktop/intro_to_iris_recognition/Week 1/NDCVRL_002 Dataset/raw/nd1S05244/Right/529532.tiff,nd1S05244,R,11/4/09
653684,/Users/odon/Desktop/intro_to_iris_recognition/Week 1/NDCVRL_002 Dataset/raw/nd1S05244/Right/653684.tiff,nd1S05244,R,9/7/05
655348,/Users/odon/Desktop/intro_to_iris_recognition/Week 1/NDCVRL_002 Dataset/raw/nd1S05244/Right/655348.tiff,nd1S05244,R,9/28/05
656852,/Users/odon/Desktop/intro_to_iris_recognition/Week 1/NDCVRL_002 Dataset/raw/nd1S05244/Right/656852.tiff,nd1S05244,R,10/26/05
658229,/Users/odon/Desktop/intro_to_iris_recognition/Week 1/NDCVRL_002 Dataset/raw/nd1S05244/Right/658229.tiff,nd1S05244,R,11/16/05
659373,/Users/odon/Desktop/intro_to_iris_recognition/Week 1/NDCVRL_002 Dataset/raw/nd1S05244/Right/659373.tiff,nd1S05244,R,11/1/06
659376,/Users/odon/Desktop/intro_to_iris_recognition/Week 1/NDCVRL_002 Dataset/raw/nd1S05244/Right/659376.tiff,nd1S05244,R,11/1/06
661822,/Users/odon/Desktop/intro_to_iris_recognition/Week 1/NDCVRL_002 Dataset/raw/nd1S05244/Right/661822.tiff,nd1S05244,R,2/3/06
663358,/Users/odon/Desktop/intro_to_iris_recognition/Week 1/NDCVRL_002 Dataset/raw/nd1S05244/Right/663358.tiff,nd1S05244,R,2/24/06
873455,/Users/odon/Desktop/intro_to_iris_recognition/Week 1/NDCVRL_002 Dataset/raw/nd1S05246/Right/873455.tiff,nd1S05246,R,4/14/11
943613,/Users/odon/Desktop/intro_to_iris_recognition/Week 1/NDCVRL_002 Dataset/raw/nd1S05246/Right/943613.tiff,nd1S05246,R,9/15/11
944600,/Users/odon/Desktop/intro_to_iris_recognition/Week 1/NDCVRL_002 Dataset/raw/nd1S05246/Right/944600.tiff,nd1S05246,R,9/15/11
945720,/Users/odon/Desktop/intro_to_iris_recognition/Week 1/NDCVRL_002 Dataset/raw/nd1S05246/Right/945720.tiff,nd1S05246,R,9/15/11
945721,/Users/odon/Desktop/intro_to_iris_recognition/Week 1/NDCVRL_002 Dataset/raw/nd1S05246/Right/945721.tiff,nd1S05246,R,9/15/11
947147,/Users/odon/Desktop/intro_to_iris_recognition/Week 1/NDCVRL_002 Dataset/raw/nd1S05246/Right/947147.tiff,nd1S05246,R,9/15/11
947156,/Users/odon/Desktop/intro_to_iris_recognition/Week 1/NDCVRL_002 Dataset/raw/nd1S05246/Right/947156.tiff,nd1S05246,R,9/15/11
968898,/Users/odon/Desktop/intro_to_iris_recognition/Week 1/NDCVRL_002 Dataset/raw/nd1S05246/Right/968898.tiff,nd1S05246,R,9/29/11
970329,/Users/odon/Desktop/intro_to_iris_recognition/Week 1/NDCVRL_002 Dataset/raw/nd1S05246/Right/970329.tiff,nd1S05246,R,9/29/11
971416,/Users/odon/Desktop/intro_to_iris_recognition/Week 1/NDCVRL_002 Dataset/raw/nd1S05246/Right/971416.tiff,nd1S05246,R,9/29/11
972226,/Users/odon/Desktop/intro_to_iris_recognition/Week 1/NDCVRL_002 Dataset/raw/nd1S05246/Right/972226.tiff,nd1S05246,R,9/29/11
655421,/Users/odon/Desktop/intro_to_iris_recognition/Week 1/NDCVRL_002 Dataset/raw/nd1S05249/Right/655421.tiff,nd1S05249,R,9/29/05
657291,/Users/odon/Desktop/intro_to_iris_recognition/Week 1/NDCVRL_002 Dataset/raw/nd1S05249/Right/657291.tiff,nd1S05249,R,10/27/05
657292,/Users/odon/Desktop/intro_to_iris_recognition/Week 1/NDCVRL_002 Dataset/raw/nd1S05249/Right/657292.tiff,nd1S05249,R,10/27/05
657293,/Users/odon/Desktop/intro_to_iris_recognition/Week 1/NDCVRL_002 Dataset/raw/nd1S05249/Right/657293.tiff,nd1S05249,R,10/27/05
658499,/Users/odon/Desktop/intro_to_iris_recognition/Week 1/NDCVRL_002 Dataset/raw/nd1S05249/Right/658499.tiff,nd1S05249,R,11/17/05
661805,/Users/odon/Desktop/intro_to_iris_recognition/Week 1/NDCVRL_002 Dataset/raw/nd1S05249/Right/661805.tiff,nd1S05249,R,2/3/06
661808,/Users/odon/Desktop/intro_to_iris_recognition/Week 1/NDCVRL_002 Dataset/raw/nd1S05249/Right/661808.tiff,nd1S05249,R,2/3/06
663157,/Users/odon/Desktop/intro_to_iris_recognition/Week 1/NDCVRL_002 Dataset/raw/nd1S05249/Right/663157.tiff,nd1S05249,R,2/24/06
664721,/Users/odon/Desktop/intro_to_iris_recognition/Week 1/NDCVRL_002 Dataset/raw/nd1S05249/Right/664721.tiff,nd1S05249,R,4/12/06
664723,/Users/odon/Desktop/intro_to_iris_recognition/Week 1/NDCVRL_002 Dataset/raw/nd1S05249/Right/664723.tiff,nd1S05249,R,4/12/06
236019,/Users/odon/Desktop/intro_to_iris_recognition/Week 1/NDCVRL_002 Dataset/raw/nd1S05256/Left/236019.tiff,nd1S05256,L,4/9/08
237385,/Users/odon/Desktop/intro_to_iris_recognition/Week 1/NDCVRL_002 Dataset/raw/nd1S05256/Left/237385.tiff,nd1S05256,L,4/9/08
237387,/Users/odon/Desktop/intro_to_iris_recognition/Week 1/NDCVRL_002 Dataset/raw/nd1S05256/Left/237387.tiff,nd1S05256,L,4/9/08
237388,/Users/odon/Desktop/intro_to_iris_recognition/Week 1/NDCVRL_002 Dataset/raw/nd1S05256/Left/237388.tiff,nd1S05256,L,4/9/08
240295,/Users/odon/Desktop/intro_to_iris_recognition/Week 1/NDCVRL_002 Dataset/raw/nd1S05256/Left/240295.tiff,nd1S05256,L,4/23/08
241440,/Users/odon/Desktop/intro_to_iris_recognition/Week 1/NDCVRL_002 Dataset/raw/nd1S05256/Left/241440.tiff,nd1S05256,L,4/23/08
243101,/Users/odon/Desktop/intro_to_iris_recognition/Week 1/NDCVRL_002 Dataset/raw/nd1S05256/Left/243101.tiff,nd1S05256,L,5/1/08
244650,/Users/odon/Desktop/intro_to_iris_recognition/Week 1/NDCVRL_002 Dataset/raw/nd1S05256/Left/244650.tiff,nd1S05256,L,5/1/08
654209,/Users/odon/Desktop/intro_to_iris_recognition/Week 1/NDCVRL_002 Dataset/raw/nd1S05256/Left/654209.tiff,nd1S05256,L,9/9/05
655461,/Users/odon/Desktop/intro_to_iris_recognition/Week 1/NDCVRL_002 Dataset/raw/nd1S05256/Left/655461.tiff,nd1S05256,L,9/29/05
655462,/Users/odon/Desktop/intro_to_iris_recognition/Week 1/NDCVRL_002 Dataset/raw/nd1S05256/Left/655462.tiff,nd1S05256,L,9/29/05
655463,/Users/odon/Desktop/intro_to_iris_recognition/Week 1/NDCVRL_002 Dataset/raw/nd1S05256/Left/655463.tiff,nd1S05256,L,9/29/05
658611,/Users/odon/Desktop/intro_to_iris_recognition/Week 1/NDCVRL_002 Dataset/raw/nd1S05256/Left/658611.tiff,nd1S05256,L,11/17/05
658613,/Users/odon/Desktop/intro_to_iris_recognition/Week 1/NDCVRL_002 Dataset/raw/nd1S05256/Left/658613.tiff,nd1S05256,L,11/17/05
659331,/Users/odon/Desktop/intro_to_iris_recognition/Week 1/NDCVRL_002 Dataset/raw/nd1S05256/Left/659331.tiff,nd1S05256,L,11/1/06
659334,/Users/odon/Desktop/intro_to_iris_recognition/Week 1/NDCVRL_002 Dataset/raw/nd1S05256/Left/659334.tiff,nd1S05256,L,11/1/06
660782,/Users/odon/Desktop/intro_to_iris_recognition/Week 1/NDCVRL_002 Dataset/raw/nd1S05260/Right/660782.tiff,nd1S05260,R,11/3/06
660785,/Users/odon/Desktop/intro_to_iris_recognition/Week 1/NDCVRL_002 Dataset/raw/nd1S05260/Right/660785.tiff,nd1S05260,R,11/3/06
660794,/Users/odon/Desktop/intro_to_iris_recognition/Week 1/NDCVRL_002 Dataset/raw/nd1S05260/Right/660794.tiff,nd1S05260,R,11/3/06
660797,/Users/odon/Desktop/intro_to_iris_recognition/Week 1/NDCVRL_002 Dataset/raw/nd1S05260/Right/660797.tiff,nd1S05260,R,11/3/06
662146,/Users/odon/Desktop/intro_to_iris_recognition/Week 1/NDCVRL_002 Dataset/raw/nd1S05260/Right/662146.tiff,nd1S05260,R,2/3/06
662148,/Users/odon/Desktop/intro_to_iris_recognition/Week 1/NDCVRL_002 Dataset/raw/nd1S05260/Right/662148.tiff,nd1S05260,R,2/3/06
665463,/Users/odon/Desktop/intro_to_iris_recognition/Week 1/NDCVRL_002 Dataset/raw/nd1S05260/Right/665463.tiff,nd1S05260,R,4/14/06
665465,/Users/odon/Desktop/intro_to_iris_recognition/Week 1/NDCVRL_002 Dataset/raw/nd1S05260/Right/665465.tiff,nd1S05260,R,4/14/06
665470,/Users/odon/Desktop/intro_to_iris_recognition/Week 1/NDCVRL_002 Dataset/raw/nd1S05260/Right/665470.tiff,nd1S05260,R,4/14/06
667529,/Users/odon/Desktop/intro_to_iris_recognition/Week 1/NDCVRL_002 Dataset/raw/nd1S05260/Right/667529.tiff,nd1S05260,R,3/23/07
668695,/Users/odon/Desktop/intro_to_iris_recognition/Week 1/NDCVRL_002 Dataset/raw/nd1S05260/Right/668695.tiff,nd1S05260,R,4/13/07
669715,/Users/odon/Desktop/intro_to_iris_recognition/Week 1/NDCVRL_002 Dataset/raw/nd1S05260/Right/669715.tiff,nd1S05260,R,4/27/07
669718,/Users/odon/Desktop/intro_to_iris_recognition/Week 1/NDCVRL_002 Dataset/raw/nd1S05260/Right/669718.tiff,nd1S05260,R,4/27/07
659402,/Users/odon/Desktop/intro_to_iris_recognition/Week 1/NDCVRL_002 Dataset/raw/nd1S05269/Left/659402.tiff,nd1S05269,L,11/1/06
659403,/Users/odon/Desktop/intro_to_iris_recognition/Week 1/NDCVRL_002 Dataset/raw/nd1S05269/Left/659403.tiff,nd1S05269,L,11/1/06
659404,/Users/odon/Desktop/intro_to_iris_recognition/Week 1/NDCVRL_002 Dataset/raw/nd1S05269/Left/659404.tiff,nd1S05269,L,11/1/06
659408,/Users/odon/Desktop/intro_to_iris_recognition/Week 1/NDCVRL_002 Dataset/raw/nd1S05269/Left/659408.tiff,nd1S05269,L,11/1/06
659410,/Users/odon/Desktop/intro_to_iris_recognition/Week 1/NDCVRL_002 Dataset/raw/nd1S05269/Left/659410.tiff,nd1S05269,L,11/1/06
659417,/Users/odon/Desktop/intro_to_iris_recognition/Week 1/NDCVRL_002 Dataset/raw/nd1S05269/Left/659417.tiff,nd1S05269,L,11/1/06
659419,/Users/odon/Desktop/intro_to_iris_recognition/Week 1/NDCVRL_002 Dataset/raw/nd1S05269/Left/659419.tiff,nd1S05269,L,11/1/06
659420,/Users/odon/Desktop/intro_to_iris_recognition/Week 1/NDCVRL_002 Dataset/raw/nd1S05269/Left/659420.tiff,nd1S05269,L,11/1/06
659421,/Users/odon/Desktop/intro_to_iris_recognition/Week 1/NDCVRL_002 Dataset/raw/nd1S05269/Left/659421.tiff,nd1S05269,L,11/1/06
659422,/Users/odon/Desktop/intro_to_iris_recognition/Week 1/NDCVRL_002 Dataset/raw/nd1S05269/Left/659422.tiff,nd1S05269,L,11/1/06
659413,/Users/odon/Desktop/intro_to_iris_recognition/Week 1/NDCVRL_002 Dataset/raw/nd1S05269/Right/659413.tiff,nd1S05269,R,11/1/06
659415,/Users/odon/Desktop/intro_to_iris_recognition/Week 1/NDCVRL_002 Dataset/raw/nd1S05269/Right/659415.tiff,nd1S05269,R,11/1/06
659423,/Users/odon/Desktop/intro_to_iris_recognition/Week 1/NDCVRL_002 Dataset/raw/nd1S05269/Right/659423.tiff,nd1S05269,R,11/1/06
659425,/Users/odon/Desktop/intro_to_iris_recognition/Week 1/NDCVRL_002 Dataset/raw/nd1S05269/Right/659425.tiff,nd1S05269,R,11/1/06
659426,/Users/odon/Desktop/intro_to_iris_recognition/Week 1/NDCVRL_002 Dataset/raw/nd1S05269/Right/659426.tiff,nd1S05269,R,11/1/06
659428,/Users/odon/Desktop/intro_to_iris_recognition/Week 1/NDCVRL_002 Dataset/raw/nd1S05269/Right/659428.tiff,nd1S05269,R,11/1/06
235775,/Users/odon/Desktop/intro_to_iris_recognition/Week 1/NDCVRL_002 Dataset/raw/nd1S05270/Left/235775.tiff,nd1S05270,L,4/8/08
236894,/Users/odon/Desktop/intro_to_iris_recognition/Week 1/NDCVRL_002 Dataset/raw/nd1S05270/Left/236894.tiff,nd1S05270,L,4/8/08
236895,/Users/odon/Desktop/intro_to_iris_recognition/Week 1/NDCVRL_002 Dataset/raw/nd1S05270/Left/236895.tiff,nd1S05270,L,4/8/08
254100,/Users/odon/Desktop/intro_to_iris_recognition/Week 1/NDCVRL_002 Dataset/raw/nd1S05270/Left/254100.tiff,nd1S05270,L,9/11/08
257823,/Users/odon/Desktop/intro_to_iris_recognition/Week 1/NDCVRL_002 Dataset/raw/nd1S05270/Left/257823.tiff,nd1S05270,L,9/11/08
257825,/Users/odon/Desktop/intro_to_iris_recognition/Week 1/NDCVRL_002 Dataset/raw/nd1S05270/Left/257825.tiff,nd1S05270,L,9/11/08
257843,/Users/odon/Desktop/intro_to_iris_recognition/Week 1/NDCVRL_002 Dataset/raw/nd1S05270/Left/257843.tiff,nd1S05270,L,9/11/08
279604,/Users/odon/Desktop/intro_to_iris_recognition/Week 1/NDCVRL_002 Dataset/raw/nd1S05270/Left/279604.tiff,nd1S05270,L,10/30/08
530580,/Users/odon/Desktop/intro_to_iris_recognition/Week 1/NDCVRL_002 Dataset/raw/nd1S05270/Left/530580.tiff,nd1S05270,L,11/4/09
593151,/Users/odon/Desktop/intro_to_iris_recognition/Week 1/NDCVRL_002 Dataset/raw/nd1S05270/Left/593151.tiff,nd1S05270,L,3/18/10
593158,/Users/odon/Desktop/intro_to_iris_recognition/Week 1/NDCVRL_002 Dataset/raw/nd1S05270/Left/593158.tiff,nd1S05270,L,3/18/10
605851,/Users/odon/Desktop/intro_to_iris_recognition/Week 1/NDCVRL_002 Dataset/raw/nd1S05270/Left/605851.tiff,nd1S05270,L,4/14/10
605853,/Users/odon/Desktop/intro_to_iris_recognition/Week 1/NDCVRL_002 Dataset/raw/nd1S05270/Left/605853.tiff,nd1S05270,L,4/14/10
659431,/Users/odon/Desktop/intro_to_iris_recognition/Week 1/NDCVRL_002 Dataset/raw/nd1S05270/Left/659431.tiff,nd1S05270,L,11/1/06
659433,/Users/odon/Desktop/intro_to_iris_recognition/Week 1/NDCVRL_002 Dataset/raw/nd1S05270/Left/659433.tiff,nd1S05270,L,11/1/06
659441,/Users/odon/Desktop/intro_to_iris_recognition/Week 1/NDCVRL_002 Dataset/raw/nd1S05270/Left/659441.tiff,nd1S05270,L,11/1/06
659443,/Users/odon/Desktop/intro_to_iris_recognition/Week 1/NDCVRL_002 Dataset/raw/nd1S05270/Left/659443.tiff,nd1S05270,L,11/1/06
659444,/Users/odon/Desktop/intro_to_iris_recognition/Week 1/NDCVRL_002 Dataset/raw/nd1S05270/Left/659444.tiff,nd1S05270,L,11/1/06
659445,/Users/odon/Desktop/intro_to_iris_recognition/Week 1/NDCVRL_002 Dataset/raw/nd1S05270/Left/659445.tiff,nd1S05270,L,11/1/06
235774,/Users/odon/Desktop/intro_to_iris_recognition/Week 1/NDCVRL_002 Dataset/raw/nd1S05270/Right/235774.tiff,nd1S05270,R,4/8/08
236899,/Users/odon/Desktop/intro_to_iris_recognition/Week 1/NDCVRL_002 Dataset/raw/nd1S05270/Right/236899.tiff,nd1S05270,R,4/8/08
236900,/Users/odon/Desktop/intro_to_iris_recognition/Week 1/NDCVRL_002 Dataset/raw/nd1S05270/Right/236900.tiff,nd1S05270,R,4/8/08
257848,/Users/odon/Desktop/intro_to_iris_recognition/Week 1/NDCVRL_002 Dataset/raw/nd1S05270/Right/257848.tiff,nd1S05270,R,9/11/08
257852,/Users/odon/Desktop/intro_to_iris_recognition/Week 1/NDCVRL_002 Dataset/raw/nd1S05270/Right/257852.tiff,nd1S05270,R,9/11/08
397282,/Users/odon/Desktop/intro_to_iris_recognition/Week 1/NDCVRL_002 Dataset/raw/nd1S05270/Right/397282.tiff,nd1S05270,R,2/17/09
432363,/Users/odon/Desktop/intro_to_iris_recognition/Week 1/NDCVRL_002 Dataset/raw/nd1S05270/Right/432363.tiff,nd1S05270,R,3/25/09
432365,/Users/odon/Desktop/intro_to_iris_recognition/Week 1/NDCVRL_002 Dataset/raw/nd1S05270/Right/432365.tiff,nd1S05270,R,3/25/09
432369,/Users/odon/Desktop/intro_to_iris_recognition/Week 1/NDCVRL_002 Dataset/raw/nd1S05270/Right/432369.tiff,nd1S05270,R,3/25/09
433998,/Users/odon/Desktop/intro_to_iris_recognition/Week 1/NDCVRL_002 Dataset/raw/nd1S05270/Right/433998.tiff,nd1S05270,R,3/25/09
451849,/Users/odon/Desktop/intro_to_iris_recognition/Week 1/NDCVRL_002 Dataset/raw/nd1S05270/Right/451849.tiff,nd1S05270,R,4/23/09
529664,/Users/odon/Desktop/intro_to_iris_recognition/Week 1/NDCVRL_002 Dataset/raw/nd1S05270/Right/529664.tiff,nd1S05270,R,11/4/09
529667,/Users/odon/Desktop/intro_to_iris_recognition/Week 1/NDCVRL_002 Dataset/raw/nd1S05270/Right/529667.tiff,nd1S05270,R,11/4/09
593173,/Users/odon/Desktop/intro_to_iris_recognition/Week 1/NDCVRL_002 Dataset/raw/nd1S05270/Right/593173.tiff,nd1S05270,R,3/18/10
605871,/Users/odon/Desktop/intro_to_iris_recognition/Week 1/NDCVRL_002 Dataset/raw/nd1S05270/Right/605871.tiff,nd1S05270,R,4/14/10
605872,/Users/odon/Desktop/intro_to_iris_recognition/Week 1/NDCVRL_002 Dataset/raw/nd1S05270/Right/605872.tiff,nd1S05270,R,4/14/10
659439,/Users/odon/Desktop/intro_to_iris_recognition/Week 1/NDCVRL_002 Dataset/raw/nd1S05270/Right/659439.tiff,nd1S05270,R,11/1/06
659440,/Users/odon/Desktop/intro_to_iris_recognition/Week 1/NDCVRL_002 Dataset/raw/nd1S05270/Right/659440.tiff,nd1S05270,R,11/1/06
659447,/Users/odon/Desktop/intro_to_iris_recognition/Week 1/NDCVRL_002 Dataset/raw/nd1S05270/Right/659447.tiff,nd1S05270,R,11/1/06
659452,/Users/odon/Desktop/intro_to_iris_recognition/Week 1/NDCVRL_002 Dataset/raw/nd1S05270/Right/659452.tiff,nd1S05270,R,11/1/06
228393,/Users/odon/Desktop/intro_to_iris_recognition/Week 1/NDCVRL_002 Dataset/raw/nd1S05271/Left/228393.tiff,nd1S05271,L,3/11/08
229068,/Users/odon/Desktop/intro_to_iris_recognition/Week 1/NDCVRL_002 Dataset/raw/nd1S05271/Left/229068.tiff,nd1S05271,L,3/11/08
229069,/Users/odon/Desktop/intro_to_iris_recognition/Week 1/NDCVRL_002 Dataset/raw/nd1S05271/Left/229069.tiff,nd1S05271,L,3/11/08
229070,/Users/odon/Desktop/intro_to_iris_recognition/Week 1/NDCVRL_002 Dataset/raw/nd1S05271/Left/229070.tiff,nd1S05271,L,3/11/08
255414,/Users/odon/Desktop/intro_to_iris_recognition/Week 1/NDCVRL_002 Dataset/raw/nd1S05271/Left/255414.tiff,nd1S05271,L,9/10/08
255417,/Users/odon/Desktop/intro_to_iris_recognition/Week 1/NDCVRL_002 Dataset/raw/nd1S05271/Left/255417.tiff,nd1S05271,L,9/10/08
255418,/Users/odon/Desktop/intro_to_iris_recognition/Week 1/NDCVRL_002 Dataset/raw/nd1S05271/Left/255418.tiff,nd1S05271,L,9/10/08
255419,/Users/odon/Desktop/intro_to_iris_recognition/Week 1/NDCVRL_002 Dataset/raw/nd1S05271/Left/255419.tiff,nd1S05271,L,9/10/08
264067,/Users/odon/Desktop/intro_to_iris_recognition/Week 1/NDCVRL_002 Dataset/raw/nd1S05271/Left/264067.tiff,nd1S05271,L,9/25/08
391564,/Users/odon/Desktop/intro_to_iris_recognition/Week 1/NDCVRL_002 Dataset/raw/nd1S05271/Left/391564.tiff,nd1S05271,L,2/5/09
391565,/Users/odon/Desktop/intro_to_iris_recognition/Week 1/NDCVRL_002 Dataset/raw/nd1S05271/Left/391565.tiff,nd1S05271,L,2/5/09
406403,/Users/odon/Desktop/intro_to_iris_recognition/Week 1/NDCVRL_002 Dataset/raw/nd1S05271/Left/406403.tiff,nd1S05271,L,2/19/09
406408,/Users/odon/Desktop/intro_to_iris_recognition/Week 1/NDCVRL_002 Dataset/raw/nd1S05271/Left/406408.tiff,nd1S05271,L,2/19/09
406409,/Users/odon/Desktop/intro_to_iris_recognition/Week 1/NDCVRL_002 Dataset/raw/nd1S05271/Left/406409.tiff,nd1S05271,L,2/19/09
417225,/Users/odon/Desktop/intro_to_iris_recognition/Week 1/NDCVRL_002 Dataset/raw/nd1S05271/Left/417225.tiff,nd1S05271,L,3/4/09
451730,/Users/odon/Desktop/intro_to_iris_recognition/Week 1/NDCVRL_002 Dataset/raw/nd1S05271/Left/451730.tiff,nd1S05271,L,4/23/09
451735,/Users/odon/Desktop/intro_to_iris_recognition/Week 1/NDCVRL_002 Dataset/raw/nd1S05271/Left/451735.tiff,nd1S05271,L,4/23/09
512754,/Users/odon/Desktop/intro_to_iris_recognition/Week 1/NDCVRL_002 Dataset/raw/nd1S05271/Left/512754.tiff,nd1S05271,L,11/19/09
516616,/Users/odon/Desktop/intro_to_iris_recognition/Week 1/NDCVRL_002 Dataset/raw/nd1S05271/Left/516616.tiff,nd1S05271,L,11/19/09
516617,/Users/odon/Desktop/intro_to_iris_recognition/Week 1/NDCVRL_002 Dataset/raw/nd1S05271/Left/516617.tiff,nd1S05271,L,11/19/09
516622,/Users/odon/Desktop/intro_to_iris_recognition/Week 1/NDCVRL_002 Dataset/raw/nd1S05271/Left/516622.tiff,nd1S05271,L,11/19/09
522733,/Users/odon/Desktop/intro_to_iris_recognition/Week 1/NDCVRL_002 Dataset/raw/nd1S05271/Left/522733.tiff,nd1S05271,L,12/3/09
522740,/Users/odon/Desktop/intro_to_iris_recognition/Week 1/NDCVRL_002 Dataset/raw/nd1S05271/Left/522740.tiff,nd1S05271,L,12/3/09
524469,/Users/odon/Desktop/intro_to_iris_recognition/Week 1/NDCVRL_002 Dataset/raw/nd1S05271/Left/524469.tiff,nd1S05271,L,12/3/09
529574,/Users/odon/Desktop/intro_to_iris_recognition/Week 1/NDCVRL_002 Dataset/raw/nd1S05271/Left/529574.tiff,nd1S05271,L,11/4/09
530420,/Users/odon/Desktop/intro_to_iris_recognition/Week 1/NDCVRL_002 Dataset/raw/nd1S05271/Left/530420.tiff,nd1S05271,L,11/4/09
546226,/Users/odon/Desktop/intro_to_iris_recognition/Week 1/NDCVRL_002 Dataset/raw/nd1S05271/Left/546226.tiff,nd1S05271,L,11/19/09
546228,/Users/odon/Desktop/intro_to_iris_recognition/Week 1/NDCVRL_002 Dataset/raw/nd1S05271/Left/546228.tiff,nd1S05271,L,11/19/09
659477,/Users/odon/Desktop/intro_to_iris_recognition/Week 1/NDCVRL_002 Dataset/raw/nd1S05271/Left/659477.tiff,nd1S05271,L,11/1/06
659479,/Users/odon/Desktop/intro_to_iris_recognition/Week 1/NDCVRL_002 Dataset/raw/nd1S05271/Left/659479.tiff,nd1S05271,L,11/1/06
659489,/Users/odon/Desktop/intro_to_iris_recognition/Week 1/NDCVRL_002 Dataset/raw/nd1S05271/Left/659489.tiff,nd1S05271,L,11/1/06
659490,/Users/odon/Desktop/intro_to_iris_recognition/Week 1/NDCVRL_002 Dataset/raw/nd1S05271/Left/659490.tiff,nd1S05271,L,11/1/06
659491,/Users/odon/Desktop/intro_to_iris_recognition/Week 1/NDCVRL_002 Dataset/raw/nd1S05271/Left/659491.tiff,nd1S05271,L,11/1/06
659493,/Users/odon/Desktop/intro_to_iris_recognition/Week 1/NDCVRL_002 Dataset/raw/nd1S05271/Left/659493.tiff,nd1S05271,L,11/1/06
666543,/Users/odon/Desktop/intro_to_iris_recognition/Week 1/NDCVRL_002 Dataset/raw/nd1S05271/Left/666543.tiff,nd1S05271,L,2/28/07
666544,/Users/odon/Desktop/intro_to_iris_recognition/Week 1/NDCVRL_002 Dataset/raw/nd1S05271/Left/666544.tiff,nd1S05271,L,2/28/07
667162,/Users/odon/Desktop/intro_to_iris_recognition/Week 1/NDCVRL_002 Dataset/raw/nd1S05271/Left/667162.tiff,nd1S05271,L,3/21/07
667715,/Users/odon/Desktop/intro_to_iris_recognition/Week 1/NDCVRL_002 Dataset/raw/nd1S05271/Left/667715.tiff,nd1S05271,L,4/11/07
934719,/Users/odon/Desktop/intro_to_iris_recognition/Week 1/NDCVRL_002 Dataset/raw/nd1S05271/Left/934719.tiff,nd1S05271,L,7/25/07
934720,/Users/odon/Desktop/intro_to_iris_recognition/Week 1/NDCVRL_002 Dataset/raw/nd1S05271/Left/934720.tiff,nd1S05271,L,7/25/07
934727,/Users/odon/Desktop/intro_to_iris_recognition/Week 1/NDCVRL_002 Dataset/raw/nd1S05271/Left/934727.tiff,nd1S05271,L,7/25/07
934730,/Users/odon/Desktop/intro_to_iris_recognition/Week 1/NDCVRL_002 Dataset/raw/nd1S05271/Left/934730.tiff,nd1S05271,L,7/25/07
934731,/Users/odon/Desktop/intro_to_iris_recognition/Week 1/NDCVRL_002 Dataset/raw/nd1S05271/Left/934731.tiff,nd1S05271,L,7/25/07
934740,/Users/odon/Desktop/intro_to_iris_recognition/Week 1/NDCVRL_002 Dataset/raw/nd1S05271/Left/934740.tiff,nd1S05271,L,7/25/07
934846,/Users/odon/Desktop/intro_to_iris_recognition/Week 1/NDCVRL_002 Dataset/raw/nd1S05271/Left/934846.tiff,nd1S05271,L,9/17/07
934851,/Users/odon/Desktop/intro_to_iris_recognition/Week 1/NDCVRL_002 Dataset/raw/nd1S05271/Left/934851.tiff,nd1S05271,L,9/17/07
934853,/Users/odon/Desktop/intro_to_iris_recognition/Week 1/NDCVRL_002 Dataset/raw/nd1S05271/Left/934853.tiff,nd1S05271,L,9/17/07
935084,/Users/odon/Desktop/intro_to_iris_recognition/Week 1/NDCVRL_002 Dataset/raw/nd1S05271/Left/935084.tiff,nd1S05271,L,10/1/07
935087,/Users/odon/Desktop/intro_to_iris_recognition/Week 1/NDCVRL_002 Dataset/raw/nd1S05271/Left/935087.tiff,nd1S05271,L,10/1/07
935093,/Users/odon/Desktop/intro_to_iris_recognition/Week 1/NDCVRL_002 Dataset/raw/nd1S05271/Left/935093.tiff,nd1S05271,L,10/1/07
231635,/Users/odon/Desktop/intro_to_iris_recognition/Week 1/NDCVRL_002 Dataset/raw/nd1S05271/Right/231635.tiff,nd1S05271,R,3/26/08
243066,/Users/odon/Desktop/intro_to_iris_recognition/Week 1/NDCVRL_002 Dataset/raw/nd1S05271/Right/243066.tiff,nd1S05271,R,5/1/08
255430,/Users/odon/Desktop/intro_to_iris_recognition/Week 1/NDCVRL_002 Dataset/raw/nd1S05271/Right/255430.tiff,nd1S05271,R,9/10/08
255431,/Users/odon/Desktop/intro_to_iris_recognition/Week 1/NDCVRL_002 Dataset/raw/nd1S05271/Right/255431.tiff,nd1S05271,R,9/10/08
255437,/Users/odon/Desktop/intro_to_iris_recognition/Week 1/NDCVRL_002 Dataset/raw/nd1S05271/Right/255437.tiff,nd1S05271,R,9/10/08
264085,/Users/odon/Desktop/intro_to_iris_recognition/Week 1/NDCVRL_002 Dataset/raw/nd1S05271/Right/264085.tiff,nd1S05271,R,9/25/08
275412,/Users/odon/Desktop/intro_to_iris_recognition/Week 1/NDCVRL_002 Dataset/raw/nd1S05271/Right/275412.tiff,nd1S05271,R,10/30/08
391578,/Users/odon/Desktop/intro_to_iris_recognition/Week 1/NDCVRL_002 Dataset/raw/nd1S05271/Right/391578.tiff,nd1S05271,R,2/5/09
391598,/Users/odon/Desktop/intro_to_iris_recognition/Week 1/NDCVRL_002 Dataset/raw/nd1S05271/Right/391598.tiff,nd1S05271,R,2/5/09
406418,/Users/odon/Desktop/intro_to_iris_recognition/Week 1/NDCVRL_002 Dataset/raw/nd1S05271/Right/406418.tiff,nd1S05271,R,2/19/09
418070,/Users/odon/Desktop/intro_to_iris_recognition/Week 1/NDCVRL_002 Dataset/raw/nd1S05271/Right/418070.tiff,nd1S05271,R,3/4/09
437068,/Users/odon/Desktop/intro_to_iris_recognition/Week 1/NDCVRL_002 Dataset/raw/nd1S05271/Right/437068.tiff,nd1S05271,R,3/26/09
452790,/Users/odon/Desktop/intro_to_iris_recognition/Week 1/NDCVRL_002 Dataset/raw/nd1S05271/Right/452790.tiff,nd1S05271,R,4/23/09
516629,/Users/odon/Desktop/intro_to_iris_recognition/Week 1/NDCVRL_002 Dataset/raw/nd1S05271/Right/516629.tiff,nd1S05271,R,11/19/09
522752,/Users/odon/Desktop/intro_to_iris_recognition/Week 1/NDCVRL_002 Dataset/raw/nd1S05271/Right/522752.tiff,nd1S05271,R,12/3/09
546229,/Users/odon/Desktop/intro_to_iris_recognition/Week 1/NDCVRL_002 Dataset/raw/nd1S05271/Right/546229.tiff,nd1S05271,R,11/19/09
659485,/Users/odon/Desktop/intro_to_iris_recognition/Week 1/NDCVRL_002 Dataset/raw/nd1S05271/Right/659485.tiff,nd1S05271,R,11/1/06
659496,/Users/odon/Desktop/intro_to_iris_recognition/Week 1/NDCVRL_002 Dataset/raw/nd1S05271/Right/659496.tiff,nd1S05271,R,11/1/06
659498,/Users/odon/Desktop/intro_to_iris_recognition/Week 1/NDCVRL_002 Dataset/raw/nd1S05271/Right/659498.tiff,nd1S05271,R,11/1/06
935268,/Users/odon/Desktop/intro_to_iris_recognition/Week 1/NDCVRL_002 Dataset/raw/nd1S05271/Right/935268.tiff,nd1S05271,R,7/25/07
935269,/Users/odon/Desktop/intro_to_iris_recognition/Week 1/NDCVRL_002 Dataset/raw/nd1S05271/Right/935269.tiff,nd1S05271,R,7/25/07
935394,/Users/odon/Desktop/intro_to_iris_recognition/Week 1/NDCVRL_002 Dataset/raw/nd1S05271/Right/935394.tiff,nd1S05271,R,9/17/07
935400,/Users/odon/Desktop/intro_to_iris_recognition/Week 1/NDCVRL_002 Dataset/raw/nd1S05271/Right/935400.tiff,nd1S05271,R,9/17/07
935641,/Users/odon/Desktop/intro_to_iris_recognition/Week 1/NDCVRL_002 Dataset/raw/nd1S05271/Right/935641.tiff,nd1S05271,R,10/1/07
935649,/Users/odon/Desktop/intro_to_iris_recognition/Week 1/NDCVRL_002 Dataset/raw/nd1S05271/Right/935649.tiff,nd1S05271,R,10/1/07
659501,/Users/odon/Desktop/intro_to_iris_recognition/Week 1/NDCVRL_002 Dataset/raw/nd1S05272/Left/659501.tiff,nd1S05272,L,11/1/06
659502,/Users/odon/Desktop/intro_to_iris_recognition/Week 1/NDCVRL_002 Dataset/raw/nd1S05272/Left/659502.tiff,nd1S05272,L,11/1/06
659503,/Users/odon/Desktop/intro_to_iris_recognition/Week 1/NDCVRL_002 Dataset/raw/nd1S05272/Left/659503.tiff,nd1S05272,L,11/1/06
659504,/Users/odon/Desktop/intro_to_iris_recognition/Week 1/NDCVRL_002 Dataset/raw/nd1S05272/Left/659504.tiff,nd1S05272,L,11/1/06
659513,/Users/odon/Desktop/intro_to_iris_recognition/Week 1/NDCVRL_002 Dataset/raw/nd1S05272/Left/659513.tiff,nd1S05272,L,11/1/06
659515,/Users/odon/Desktop/intro_to_iris_recognition/Week 1/NDCVRL_002 Dataset/raw/nd1S05272/Left/659515.tiff,nd1S05272,L,11/1/06
659517,/Users/odon/Desktop/intro_to_iris_recognition/Week 1/NDCVRL_002 Dataset/raw/nd1S05272/Left/659517.tiff,nd1S05272,L,11/1/06
659518,/Users/odon/Desktop/intro_to_iris_recognition/Week 1/NDCVRL_002 Dataset/raw/nd1S05272/Left/659518.tiff,nd1S05272,L,11/1/06
666137,/Users/odon/Desktop/intro_to_iris_recognition/Week 1/NDCVRL_002 Dataset/raw/nd1S05272/Left/666137.tiff,nd1S05272,L,2/28/07
666138,/Users/odon/Desktop/intro_to_iris_recognition/Week 1/NDCVRL_002 Dataset/raw/nd1S05272/Left/666138.tiff,nd1S05272,L,2/28/07
666142,/Users/odon/Desktop/intro_to_iris_recognition/Week 1/NDCVRL_002 Dataset/raw/nd1S05272/Left/666142.tiff,nd1S05272,L,2/28/07
666143,/Users/odon/Desktop/intro_to_iris_recognition/Week 1/NDCVRL_002 Dataset/raw/nd1S05272/Left/666143.tiff,nd1S05272,L,2/28/07
666146,/Users/odon/Desktop/intro_to_iris_recognition/Week 1/NDCVRL_002 Dataset/raw/nd1S05272/Left/666146.tiff,nd1S05272,L,2/28/07
668063,/Users/odon/Desktop/intro_to_iris_recognition/Week 1/NDCVRL_002 Dataset/raw/nd1S05272/Left/668063.tiff,nd1S05272,L,4/11/07
669748,/Users/odon/Desktop/intro_to_iris_recognition/Week 1/NDCVRL_002 Dataset/raw/nd1S05272/Left/669748.tiff,nd1S05272,L,4/27/07
659507,/Users/odon/Desktop/intro_to_iris_recognition/Week 1/NDCVRL_002 Dataset/raw/nd1S05272/Right/659507.tiff,nd1S05272,R,11/1/06
659512,/Users/odon/Desktop/intro_to_iris_recognition/Week 1/NDCVRL_002 Dataset/raw/nd1S05272/Right/659512.tiff,nd1S05272,R,11/1/06
659519,/Users/odon/Desktop/intro_to_iris_recognition/Week 1/NDCVRL_002 Dataset/raw/nd1S05272/Right/659519.tiff,nd1S05272,R,11/1/06
659520,/Users/odon/Desktop/intro_to_iris_recognition/Week 1/NDCVRL_002 Dataset/raw/nd1S05272/Right/659520.tiff,nd1S05272,R,11/1/06
659521,/Users/odon/Desktop/intro_to_iris_recognition/Week 1/NDCVRL_002 Dataset/raw/nd1S05272/Right/659521.tiff,nd1S05272,R,11/1/06
659522,/Users/odon/Desktop/intro_to_iris_recognition/Week 1/NDCVRL_002 Dataset/raw/nd1S05272/Right/659522.tiff,nd1S05272,R,11/1/06
659523,/Users/odon/Desktop/intro_to_iris_recognition/Week 1/NDCVRL_002 Dataset/raw/nd1S05272/Right/659523.tiff,nd1S05272,R,11/1/06
659524,/Users/odon/Desktop/intro_to_iris_recognition/Week 1/NDCVRL_002 Dataset/raw/nd1S05272/Right/659524.tiff,nd1S05272,R,11/1/06
666149,/Users/odon/Desktop/intro_to_iris_recognition/Week 1/NDCVRL_002 Dataset/raw/nd1S05272/Right/666149.tiff,nd1S05272,R,2/28/07
666152,/Users/odon/Desktop/intro_to_iris_recognition/Week 1/NDCVRL_002 Dataset/raw/nd1S05272/Right/666152.tiff,nd1S05272,R,2/28/07
667285,/Users/odon/Desktop/intro_to_iris_recognition/Week 1/NDCVRL_002 Dataset/raw/nd1S05272/Right/667285.tiff,nd1S05272,R,3/22/07
668067,/Users/odon/Desktop/intro_to_iris_recognition/Week 1/NDCVRL_002 Dataset/raw/nd1S05272/Right/668067.tiff,nd1S05272,R,4/11/07
668068,/Users/odon/Desktop/intro_to_iris_recognition/Week 1/NDCVRL_002 Dataset/raw/nd1S05272/Right/668068.tiff,nd1S05272,R,4/11/07
669750,/Users/odon/Desktop/intro_to_iris_recognition/Week 1/NDCVRL_002 Dataset/raw/nd1S05272/Right/669750.tiff,nd1S05272,R,4/27/07
669754,/Users/odon/Desktop/intro_to_iris_recognition/Week 1/NDCVRL_002 Dataset/raw/nd1S05272/Right/669754.tiff,nd1S05272,R,4/27/07
659575,/Users/odon/Desktop/intro_to_iris_recognition/Week 1/NDCVRL_002 Dataset/raw/nd1S05273/Left/659575.tiff,nd1S05273,L,11/1/06
659576,/Users/odon/Desktop/intro_to_iris_recognition/Week 1/NDCVRL_002 Dataset/raw/nd1S05273/Left/659576.tiff,nd1S05273,L,11/1/06
659586,/Users/odon/Desktop/intro_to_iris_recognition/Week 1/NDCVRL_002 Dataset/raw/nd1S05273/Left/659586.tiff,nd1S05273,L,11/1/06
659587,/Users/odon/Desktop/intro_to_iris_recognition/Week 1/NDCVRL_002 Dataset/raw/nd1S05273/Left/659587.tiff,nd1S05273,L,11/1/06
659588,/Users/odon/Desktop/intro_to_iris_recognition/Week 1/NDCVRL_002 Dataset/raw/nd1S05273/Left/659588.tiff,nd1S05273,L,11/1/06
659581,/Users/odon/Desktop/intro_to_iris_recognition/Week 1/NDCVRL_002 Dataset/raw/nd1S05273/Right/659581.tiff,nd1S05273,R,11/1/06
659584,/Users/odon/Desktop/intro_to_iris_recognition/Week 1/NDCVRL_002 Dataset/raw/nd1S05273/Right/659584.tiff,nd1S05273,R,11/1/06
659591,/Users/odon/Desktop/intro_to_iris_recognition/Week 1/NDCVRL_002 Dataset/raw/nd1S05273/Right/659591.tiff,nd1S05273,R,11/1/06
659593,/Users/odon/Desktop/intro_to_iris_recognition/Week 1/NDCVRL_002 Dataset/raw/nd1S05273/Right/659593.tiff,nd1S05273,R,11/1/06
659594,/Users/odon/Desktop/intro_to_iris_recognition/Week 1/NDCVRL_002 Dataset/raw/nd1S05273/Right/659594.tiff,nd1S05273,R,11/1/06
659595,/Users/odon/Desktop/intro_to_iris_recognition/Week 1/NDCVRL_002 Dataset/raw/nd1S05273/Right/659595.tiff,nd1S05273,R,11/1/06
659596,/Users/odon/Desktop/intro_to_iris_recognition/Week 1/NDCVRL_002 Dataset/raw/nd1S05273/Right/659596.tiff,nd1S05273,R,11/1/06
659699,/Users/odon/Desktop/intro_to_iris_recognition/Week 1/NDCVRL_002 Dataset/raw/nd1S05275/Right/659699.tiff,nd1S05275,R,11/1/06
659700,/Users/odon/Desktop/intro_to_iris_recognition/Week 1/NDCVRL_002 Dataset/raw/nd1S05275/Right/659700.tiff,nd1S05275,R,11/1/06
659701,/Users/odon/Desktop/intro_to_iris_recognition/Week 1/NDCVRL_002 Dataset/raw/nd1S05275/Right/659701.tiff,nd1S05275,R,11/1/06
659711,/Users/odon/Desktop/intro_to_iris_recognition/Week 1/NDCVRL_002 Dataset/raw/nd1S05275/Right/659711.tiff,nd1S05275,R,11/1/06
659712,/Users/odon/Desktop/intro_to_iris_recognition/Week 1/NDCVRL_002 Dataset/raw/nd1S05275/Right/659712.tiff,nd1S05275,R,11/1/06
659713,/Users/odon/Desktop/intro_to_iris_recognition/Week 1/NDCVRL_002 Dataset/raw/nd1S05275/Right/659713.tiff,nd1S05275,R,11/1/06
660302,/Users/odon/Desktop/intro_to_iris_recognition/Week 1/NDCVRL_002 Dataset/raw/nd1S05278/Right/660302.tiff,nd1S05278,R,11/2/06
660303,/Users/odon/Desktop/intro_to_iris_recognition/Week 1/NDCVRL_002 Dataset/raw/nd1S05278/Right/660303.tiff,nd1S05278,R,11/2/06
660304,/Users/odon/Desktop/intro_to_iris_recognition/Week 1/NDCVRL_002 Dataset/raw/nd1S05278/Right/660304.tiff,nd1S05278,R,11/2/06
660305,/Users/odon/Desktop/intro_to_iris_recognition/Week 1/NDCVRL_002 Dataset/raw/nd1S05278/Right/660305.tiff,nd1S05278,R,11/2/06
660306,/Users/odon/Desktop/intro_to_iris_recognition/Week 1/NDCVRL_002 Dataset/raw/nd1S05278/Right/660306.tiff,nd1S05278,R,11/2/06
660307,/Users/odon/Desktop/intro_to_iris_recognition/Week 1/NDCVRL_002 Dataset/raw/nd1S05278/Right/660307.tiff,nd1S05278,R,11/2/06
660326,/Users/odon/Desktop/intro_to_iris_recognition/Week 1/NDCVRL_002 Dataset/raw/nd1S05278/Right/660326.tiff,nd1S05278,R,11/2/06
660327,/Users/odon/Desktop/intro_to_iris_recognition/Week 1/NDCVRL_002 Dataset/raw/nd1S05278/Right/660327.tiff,nd1S05278,R,11/2/06
660328,/Users/odon/Desktop/intro_to_iris_recognition/Week 1/NDCVRL_002 Dataset/raw/nd1S05278/Right/660328.tiff,nd1S05278,R,11/2/06
660335,/Users/odon/Desktop/intro_to_iris_recognition/Week 1/NDCVRL_002 Dataset/raw/nd1S05278/Right/660335.tiff,nd1S05278,R,11/2/06
660336,/Users/odon/Desktop/intro_to_iris_recognition/Week 1/NDCVRL_002 Dataset/raw/nd1S05278/Right/660336.tiff,nd1S05278,R,11/2/06
660337,/Users/odon/Desktop/intro_to_iris_recognition/Week 1/NDCVRL_002 Dataset/raw/nd1S05278/Right/660337.tiff,nd1S05278,R,11/2/06
660338,/Users/odon/Desktop/intro_to_iris_recognition/Week 1/NDCVRL_002 Dataset/raw/nd1S05278/Right/660338.tiff,nd1S05278,R,11/2/06
660339,/Users/odon/Desktop/intro_to_iris_recognition/Week 1/NDCVRL_002 Dataset/raw/nd1S05278/Right/660339.tiff,nd1S05278,R,11/2/06
660340,/Users/odon/Desktop/intro_to_iris_recognition/Week 1/NDCVRL_002 Dataset/raw/nd1S05278/Right/660340.tiff,nd1S05278,R,11/2/06
660347,/Users/odon/Desktop/intro_to_iris_recognition/Week 1/NDCVRL_002 Dataset/raw/nd1S05278/Right/660347.tiff,nd1S05278,R,11/2/06
660348,/Users/odon/Desktop/intro_to_iris_recognition/Week 1/NDCVRL_002 Dataset/raw/nd1S05278/Right/660348.tiff,nd1S05278,R,11/2/06
660349,/Users/odon/Desktop/intro_to_iris_recognition/Week 1/NDCVRL_002 Dataset/raw/nd1S05278/Right/660349.tiff,nd1S05278,R,11/2/06
660350,/Users/odon/Desktop/intro_to_iris_recognition/Week 1/NDCVRL_002 Dataset/raw/nd1S05278/Right/660350.tiff,nd1S05278,R,11/2/06
660351,/Users/odon/Desktop/intro_to_iris_recognition/Week 1/NDCVRL_002 Dataset/raw/nd1S05278/Right/660351.tiff,nd1S05278,R,11/2/06
660352,/Users/odon/Desktop/intro_to_iris_recognition/Week 1/NDCVRL_002 Dataset/raw/nd1S05278/Right/660352.tiff,nd1S05278,R,11/2/06
660353,/Users/odon/Desktop/intro_to_iris_recognition/Week 1/NDCVRL_002 Dataset/raw/nd1S05279/Left/660353.tiff,nd1S05279,L,11/2/06
660354,/Users/odon/Desktop/intro_to_iris_recognition/Week 1/NDCVRL_002 Dataset/raw/nd1S05279/Left/660354.tiff,nd1S05279,L,11/2/06
660355,/Users/odon/Desktop/intro_to_iris_recognition/Week 1/NDCVRL_002 Dataset/raw/nd1S05279/Left/660355.tiff,nd1S05279,L,11/2/06
660356,/Users/odon/Desktop/intro_to_iris_recognition/Week 1/NDCVRL_002 Dataset/raw/nd1S05279/Left/660356.tiff,nd1S05279,L,11/2/06
660357,/Users/odon/Desktop/intro_to_iris_recognition/Week 1/NDCVRL_002 Dataset/raw/nd1S05279/Left/660357.tiff,nd1S05279,L,11/2/06
660358,/Users/odon/Desktop/intro_to_iris_recognition/Week 1/NDCVRL_002 Dataset/raw/nd1S05279/Left/660358.tiff,nd1S05279,L,11/2/06
660365,/Users/odon/Desktop/intro_to_iris_recognition/Week 1/NDCVRL_002 Dataset/raw/nd1S05279/Left/660365.tiff,nd1S05279,L,11/2/06
660366,/Users/odon/Desktop/intro_to_iris_recognition/Week 1/NDCVRL_002 Dataset/raw/nd1S05279/Left/660366.tiff,nd1S05279,L,11/2/06
660367,/Users/odon/Desktop/intro_to_iris_recognition/Week 1/NDCVRL_002 Dataset/raw/nd1S05279/Left/660367.tiff,nd1S05279,L,11/2/06
660368,/Users/odon/Desktop/intro_to_iris_recognition/Week 1/NDCVRL_002 Dataset/raw/nd1S05279/Left/660368.tiff,nd1S05279,L,11/2/06
660369,/Users/odon/Desktop/intro_to_iris_recognition/Week 1/NDCVRL_002 Dataset/raw/nd1S05279/Left/660369.tiff,nd1S05279,L,11/2/06
660370,/Users/odon/Desktop/intro_to_iris_recognition/Week 1/NDCVRL_002 Dataset/raw/nd1S05279/Left/660370.tiff,nd1S05279,L,11/2/06
660359,/Users/odon/Desktop/intro_to_iris_recognition/Week 1/NDCVRL_002 Dataset/raw/nd1S05279/Right/660359.tiff,nd1S05279,R,11/2/06
660360,/Users/odon/Desktop/intro_to_iris_recognition/Week 1/NDCVRL_002 Dataset/raw/nd1S05279/Right/660360.tiff,nd1S05279,R,11/2/06
660372,/Users/odon/Desktop/intro_to_iris_recognition/Week 1/NDCVRL_002 Dataset/raw/nd1S05279/Right/660372.tiff,nd1S05279,R,11/2/06
660373,/Users/odon/Desktop/intro_to_iris_recognition/Week 1/NDCVRL_002 Dataset/raw/nd1S05279/Right/660373.tiff,nd1S05279,R,11/2/06
660374,/Users/odon/Desktop/intro_to_iris_recognition/Week 1/NDCVRL_002 Dataset/raw/nd1S05279/Right/660374.tiff,nd1S05279,R,11/2/06
660375,/Users/odon/Desktop/intro_to_iris_recognition/Week 1/NDCVRL_002 Dataset/raw/nd1S05279/Right/660375.tiff,nd1S05279,R,11/2/06
660376,/Users/odon/Desktop/intro_to_iris_recognition/Week 1/NDCVRL_002 Dataset/raw/nd1S05279/Right/660376.tiff,nd1S05279,R,11/2/06
660377,/Users/odon/Desktop/intro_to_iris_recognition/Week 1/NDCVRL_002 Dataset/raw/nd1S05280/Left/660377.tiff,nd1S05280,L,11/2/06
660378,/Users/odon/Desktop/intro_to_iris_recognition/Week 1/NDCVRL_002 Dataset/raw/nd1S05280/Left/660378.tiff,nd1S05280,L,11/2/06
660389,/Users/odon/Desktop/intro_to_iris_recognition/Week 1/NDCVRL_002 Dataset/raw/nd1S05280/Left/660389.tiff,nd1S05280,L,11/2/06
660390,/Users/odon/Desktop/intro_to_iris_recognition/Week 1/NDCVRL_002 Dataset/raw/nd1S05280/Left/660390.tiff,nd1S05280,L,11/2/06
660391,/Users/odon/Desktop/intro_to_iris_recognition/Week 1/NDCVRL_002 Dataset/raw/nd1S05280/Left/660391.tiff,nd1S05280,L,11/2/06
660392,/Users/odon/Desktop/intro_to_iris_recognition/Week 1/NDCVRL_002 Dataset/raw/nd1S05280/Left/660392.tiff,nd1S05280,L,11/2/06
660393,/Users/odon/Desktop/intro_to_iris_recognition/Week 1/NDCVRL_002 Dataset/raw/nd1S05280/Left/660393.tiff,nd1S05280,L,11/2/06
660394,/Users/odon/Desktop/intro_to_iris_recognition/Week 1/NDCVRL_002 Dataset/raw/nd1S05280/Left/660394.tiff,nd1S05280,L,11/2/06
660383,/Users/odon/Desktop/intro_to_iris_recognition/Week 1/NDCVRL_002 Dataset/raw/nd1S05280/Right/660383.tiff,nd1S05280,R,11/2/06
660384,/Users/odon/Desktop/intro_to_iris_recognition/Week 1/NDCVRL_002 Dataset/raw/nd1S05280/Right/660384.tiff,nd1S05280,R,11/2/06
660387,/Users/odon/Desktop/intro_to_iris_recognition/Week 1/NDCVRL_002 Dataset/raw/nd1S05280/Right/660387.tiff,nd1S05280,R,11/2/06
660388,/Users/odon/Desktop/intro_to_iris_recognition/Week 1/NDCVRL_002 Dataset/raw/nd1S05280/Right/660388.tiff,nd1S05280,R,11/2/06
660395,/Users/odon/Desktop/intro_to_iris_recognition/Week 1/NDCVRL_002 Dataset/raw/nd1S05280/Right/660395.tiff,nd1S05280,R,11/2/06
660396,/Users/odon/Desktop/intro_to_iris_recognition/Week 1/NDCVRL_002 Dataset/raw/nd1S05280/Right/660396.tiff,nd1S05280,R,11/2/06
660397,/Users/odon/Desktop/intro_to_iris_recognition/Week 1/NDCVRL_002 Dataset/raw/nd1S05280/Right/660397.tiff,nd1S05280,R,11/2/06
660398,/Users/odon/Desktop/intro_to_iris_recognition/Week 1/NDCVRL_002 Dataset/raw/nd1S05280/Right/660398.tiff,nd1S05280,R,11/2/06
660399,/Users/odon/Desktop/intro_to_iris_recognition/Week 1/NDCVRL_002 Dataset/raw/nd1S05280/Right/660399.tiff,nd1S05280,R,11/2/06
397287,/Users/odon/Desktop/intro_to_iris_recognition/Week 1/NDCVRL_002 Dataset/raw/nd1S05281/Left/397287.tiff,nd1S05281,L,2/17/09
397289,/Users/odon/Desktop/intro_to_iris_recognition/Week 1/NDCVRL_002 Dataset/raw/nd1S05281/Left/397289.tiff,nd1S05281,L,2/17/09
397290,/Users/odon/Desktop/intro_to_iris_recognition/Week 1/NDCVRL_002 Dataset/raw/nd1S05281/Left/397290.tiff,nd1S05281,L,2/17/09
397291,/Users/odon/Desktop/intro_to_iris_recognition/Week 1/NDCVRL_002 Dataset/raw/nd1S05281/Left/397291.tiff,nd1S05281,L,2/17/09
397292,/Users/odon/Desktop/intro_to_iris_recognition/Week 1/NDCVRL_002 Dataset/raw/nd1S05281/Left/397292.tiff,nd1S05281,L,2/17/09
397293,/Users/odon/Desktop/intro_to_iris_recognition/Week 1/NDCVRL_002 Dataset/raw/nd1S05281/Left/397293.tiff,nd1S05281,L,2/17/09
397294,/Users/odon/Desktop/intro_to_iris_recognition/Week 1/NDCVRL_002 Dataset/raw/nd1S05281/Left/397294.tiff,nd1S05281,L,2/17/09
397295,/Users/odon/Desktop/intro_to_iris_recognition/Week 1/NDCVRL_002 Dataset/raw/nd1S05281/Left/397295.tiff,nd1S05281,L,2/17/09
397296,/Users/odon/Desktop/intro_to_iris_recognition/Week 1/NDCVRL_002 Dataset/raw/nd1S05281/Left/397296.tiff,nd1S05281,L,2/17/09
397297,/Users/odon/Desktop/intro_to_iris_recognition/Week 1/NDCVRL_002 Dataset/raw/nd1S05281/Left/397297.tiff,nd1S05281,L,2/17/09
397298,/Users/odon/Desktop/intro_to_iris_recognition/Week 1/NDCVRL_002 Dataset/raw/nd1S05281/Left/397298.tiff,nd1S05281,L,2/17/09
397299,/Users/odon/Desktop/intro_to_iris_recognition/Week 1/NDCVRL_002 Dataset/raw/nd1S05281/Left/397299.tiff,nd1S05281,L,2/17/09
397300,/Users/odon/Desktop/intro_to_iris_recognition/Week 1/NDCVRL_002 Dataset/raw/nd1S05281/Left/397300.tiff,nd1S05281,L,2/17/09
397301,/Users/odon/Desktop/intro_to_iris_recognition/Week 1/NDCVRL_002 Dataset/raw/nd1S05281/Left/397301.tiff,nd1S05281,L,2/17/09
397304,/Users/odon/Desktop/intro_to_iris_recognition/Week 1/NDCVRL_002 Dataset/raw/nd1S05281/Left/397304.tiff,nd1S05281,L,2/17/09
397305,/Users/odon/Desktop/intro_to_iris_recognition/Week 1/NDCVRL_002 Dataset/raw/nd1S05281/Left/397305.tiff,nd1S05281,L,2/17/09
397306,/Users/odon/Desktop/intro_to_iris_recognition/Week 1/NDCVRL_002 Dataset/raw/nd1S05281/Left/397306.tiff,nd1S05281,L,2/17/09
397308,/Users/odon/Desktop/intro_to_iris_recognition/Week 1/NDCVRL_002 Dataset/raw/nd1S05281/Left/397308.tiff,nd1S05281,L,2/17/09
397309,/Users/odon/Desktop/intro_to_iris_recognition/Week 1/NDCVRL_002 Dataset/raw/nd1S05281/Left/397309.tiff,nd1S05281,L,2/17/09
397310,/Users/odon/Desktop/intro_to_iris_recognition/Week 1/NDCVRL_002 Dataset/raw/nd1S05281/Left/397310.tiff,nd1S05281,L,2/17/09
399100,/Users/odon/Desktop/intro_to_iris_recognition/Week 1/NDCVRL_002 Dataset/raw/nd1S05281/Left/399100.tiff,nd1S05281,L,2/17/09
399104,/Users/odon/Desktop/intro_to_iris_recognition/Week 1/NDCVRL_002 Dataset/raw/nd1S05281/Left/399104.tiff,nd1S05281,L,2/17/09
660401,/Users/odon/Desktop/intro_to_iris_recognition/Week 1/NDCVRL_002 Dataset/raw/nd1S05281/Left/660401.tiff,nd1S05281,L,11/2/06
660402,/Users/odon/Desktop/intro_to_iris_recognition/Week 1/NDCVRL_002 Dataset/raw/nd1S05281/Left/660402.tiff,nd1S05281,L,11/2/06
660403,/Users/odon/Desktop/intro_to_iris_recognition/Week 1/NDCVRL_002 Dataset/raw/nd1S05281/Left/660403.tiff,nd1S05281,L,11/2/06
660405,/Users/odon/Desktop/intro_to_iris_recognition/Week 1/NDCVRL_002 Dataset/raw/nd1S05281/Left/660405.tiff,nd1S05281,L,11/2/06
660406,/Users/odon/Desktop/intro_to_iris_recognition/Week 1/NDCVRL_002 Dataset/raw/nd1S05281/Left/660406.tiff,nd1S05281,L,11/2/06
660413,/Users/odon/Desktop/intro_to_iris_recognition/Week 1/NDCVRL_002 Dataset/raw/nd1S05281/Left/660413.tiff,nd1S05281,L,11/2/06
660414,/Users/odon/Desktop/intro_to_iris_recognition/Week 1/NDCVRL_002 Dataset/raw/nd1S05281/Left/660414.tiff,nd1S05281,L,11/2/06
660415,/Users/odon/Desktop/intro_to_iris_recognition/Week 1/NDCVRL_002 Dataset/raw/nd1S05281/Left/660415.tiff,nd1S05281,L,11/2/06
660416,/Users/odon/Desktop/intro_to_iris_recognition/Week 1/NDCVRL_002 Dataset/raw/nd1S05281/Left/660416.tiff,nd1S05281,L,11/2/06
660417,/Users/odon/Desktop/intro_to_iris_recognition/Week 1/NDCVRL_002 Dataset/raw/nd1S05281/Left/660417.tiff,nd1S05281,L,11/2/06
660418,/Users/odon/Desktop/intro_to_iris_recognition/Week 1/NDCVRL_002 Dataset/raw/nd1S05281/Left/660418.tiff,nd1S05281,L,11/2/06
397311,/Users/odon/Desktop/intro_to_iris_recognition/Week 1/NDCVRL_002 Dataset/raw/nd1S05281/Right/397311.tiff,nd1S05281,R,2/17/09
399103,/Users/odon/Desktop/intro_to_iris_recognition/Week 1/NDCVRL_002 Dataset/raw/nd1S05281/Right/399103.tiff,nd1S05281,R,2/17/09
660409,/Users/odon/Desktop/intro_to_iris_recognition/Week 1/NDCVRL_002 Dataset/raw/nd1S05281/Right/660409.tiff,nd1S05281,R,11/2/06
660419,/Users/odon/Desktop/intro_to_iris_recognition/Week 1/NDCVRL_002 Dataset/raw/nd1S05281/Right/660419.tiff,nd1S05281,R,11/2/06
660420,/Users/odon/Desktop/intro_to_iris_recognition/Week 1/NDCVRL_002 Dataset/raw/nd1S05281/Right/660420.tiff,nd1S05281,R,11/2/06
660421,/Users/odon/Desktop/intro_to_iris_recognition/Week 1/NDCVRL_002 Dataset/raw/nd1S05281/Right/660421.tiff,nd1S05281,R,11/2/06
660422,/Users/odon/Desktop/intro_to_iris_recognition/Week 1/NDCVRL_002 Dataset/raw/nd1S05281/Right/660422.tiff,nd1S05281,R,11/2/06
660423,/Users/odon/Desktop/intro_to_iris_recognition/Week 1/NDCVRL_002 Dataset/raw/nd1S05281/Right/660423.tiff,nd1S05281,R,11/2/06
660424,/Users/odon/Desktop/intro_to_iris_recognition/Week 1/NDCVRL_002 Dataset/raw/nd1S05281/Right/660424.tiff,nd1S05281,R,11/2/06
660671,/Users/odon/Desktop/intro_to_iris_recognition/Week 1/NDCVRL_002 Dataset/raw/nd1S05283/Left/660671.tiff,nd1S05283,L,11/3/06
660672,/Users/odon/Desktop/intro_to_iris_recognition/Week 1/NDCVRL_002 Dataset/raw/nd1S05283/Left/660672.tiff,nd1S05283,L,11/3/06
660673,/Users/odon/Desktop/intro_to_iris_recognition/Week 1/NDCVRL_002 Dataset/raw/nd1S05283/Left/660673.tiff,nd1S05283,L,11/3/06
660674,/Users/odon/Desktop/intro_to_iris_recognition/Week 1/NDCVRL_002 Dataset/raw/nd1S05283/Left/660674.tiff,nd1S05283,L,11/3/06
660683,/Users/odon/Desktop/intro_to_iris_recognition/Week 1/NDCVRL_002 Dataset/raw/nd1S05283/Left/660683.tiff,nd1S05283,L,11/3/06
660685,/Users/odon/Desktop/intro_to_iris_recognition/Week 1/NDCVRL_002 Dataset/raw/nd1S05283/Left/660685.tiff,nd1S05283,L,11/3/06
660688,/Users/odon/Desktop/intro_to_iris_recognition/Week 1/NDCVRL_002 Dataset/raw/nd1S05283/Left/660688.tiff,nd1S05283,L,11/3/06
231113,/Users/odon/Desktop/intro_to_iris_recognition/Week 1/NDCVRL_002 Dataset/raw/nd1S05284/Left/231113.tiff,nd1S05284,L,3/25/08
260766,/Users/odon/Desktop/intro_to_iris_recognition/Week 1/NDCVRL_002 Dataset/raw/nd1S05284/Left/260766.tiff,nd1S05284,L,9/23/08
260776,/Users/odon/Desktop/intro_to_iris_recognition/Week 1/NDCVRL_002 Dataset/raw/nd1S05284/Left/260776.tiff,nd1S05284,L,9/23/08
260781,/Users/odon/Desktop/intro_to_iris_recognition/Week 1/NDCVRL_002 Dataset/raw/nd1S05284/Left/260781.tiff,nd1S05284,L,9/23/08
276228,/Users/odon/Desktop/intro_to_iris_recognition/Week 1/NDCVRL_002 Dataset/raw/nd1S05284/Left/276228.tiff,nd1S05284,L,10/28/08
276229,/Users/odon/Desktop/intro_to_iris_recognition/Week 1/NDCVRL_002 Dataset/raw/nd1S05284/Left/276229.tiff,nd1S05284,L,10/28/08
281361,/Users/odon/Desktop/intro_to_iris_recognition/Week 1/NDCVRL_002 Dataset/raw/nd1S05284/Left/281361.tiff,nd1S05284,L,11/11/08
302457,/Users/odon/Desktop/intro_to_iris_recognition/Week 1/NDCVRL_002 Dataset/raw/nd1S05284/Left/302457.tiff,nd1S05284,L,12/2/08
303965,/Users/odon/Desktop/intro_to_iris_recognition/Week 1/NDCVRL_002 Dataset/raw/nd1S05284/Left/303965.tiff,nd1S05284,L,12/2/08
307638,/Users/odon/Desktop/intro_to_iris_recognition/Week 1/NDCVRL_002 Dataset/raw/nd1S05284/Left/307638.tiff,nd1S05284,L,1/20/09
432323,/Users/odon/Desktop/intro_to_iris_recognition/Week 1/NDCVRL_002 Dataset/raw/nd1S05284/Left/432323.tiff,nd1S05284,L,3/25/09
433995,/Users/odon/Desktop/intro_to_iris_recognition/Week 1/NDCVRL_002 Dataset/raw/nd1S05284/Left/433995.tiff,nd1S05284,L,3/25/09
443435,/Users/odon/Desktop/intro_to_iris_recognition/Week 1/NDCVRL_002 Dataset/raw/nd1S05284/Left/443435.tiff,nd1S05284,L,4/21/09
660757,/Users/odon/Desktop/intro_to_iris_recognition/Week 1/NDCVRL_002 Dataset/raw/nd1S05284/Left/660757.tiff,nd1S05284,L,11/3/06
660764,/Users/odon/Desktop/intro_to_iris_recognition/Week 1/NDCVRL_002 Dataset/raw/nd1S05284/Left/660764.tiff,nd1S05284,L,11/3/06
660766,/Users/odon/Desktop/intro_to_iris_recognition/Week 1/NDCVRL_002 Dataset/raw/nd1S05284/Left/660766.tiff,nd1S05284,L,11/3/06
660767,/Users/odon/Desktop/intro_to_iris_recognition/Week 1/NDCVRL_002 Dataset/raw/nd1S05284/Left/660767.tiff,nd1S05284,L,11/3/06
660768,/Users/odon/Desktop/intro_to_iris_recognition/Week 1/NDCVRL_002 Dataset/raw/nd1S05284/Left/660768.tiff,nd1S05284,L,11/3/06
665656,/Users/odon/Desktop/intro_to_iris_recognition/Week 1/NDCVRL_002 Dataset/raw/nd1S05284/Left/665656.tiff,nd1S05284,L,2/7/07
667018,/Users/odon/Desktop/intro_to_iris_recognition/Week 1/NDCVRL_002 Dataset/raw/nd1S05284/Left/667018.tiff,nd1S05284,L,3/21/07
667846,/Users/odon/Desktop/intro_to_iris_recognition/Week 1/NDCVRL_002 Dataset/raw/nd1S05284/Left/667846.tiff,nd1S05284,L,4/11/07
669196,/Users/odon/Desktop/intro_to_iris_recognition/Week 1/NDCVRL_002 Dataset/raw/nd1S05284/Left/669196.tiff,nd1S05284,L,4/25/07
228460,/Users/odon/Desktop/intro_to_iris_recognition/Week 1/NDCVRL_002 Dataset/raw/nd1S05284/Right/228460.tiff,nd1S05284,R,3/11/08
260782,/Users/odon/Desktop/intro_to_iris_recognition/Week 1/NDCVRL_002 Dataset/raw/nd1S05284/Right/260782.tiff,nd1S05284,R,9/23/08
260787,/Users/odon/Desktop/intro_to_iris_recognition/Week 1/NDCVRL_002 Dataset/raw/nd1S05284/Right/260787.tiff,nd1S05284,R,9/23/08
303966,/Users/odon/Desktop/intro_to_iris_recognition/Week 1/NDCVRL_002 Dataset/raw/nd1S05284/Right/303966.tiff,nd1S05284,R,12/2/08
306556,/Users/odon/Desktop/intro_to_iris_recognition/Week 1/NDCVRL_002 Dataset/raw/nd1S05284/Right/306556.tiff,nd1S05284,R,1/20/09
412739,/Users/odon/Desktop/intro_to_iris_recognition/Week 1/NDCVRL_002 Dataset/raw/nd1S05284/Right/412739.tiff,nd1S05284,R,3/3/09
443434,/Users/odon/Desktop/intro_to_iris_recognition/Week 1/NDCVRL_002 Dataset/raw/nd1S05284/Right/443434.tiff,nd1S05284,R,4/21/09
660770,/Users/odon/Desktop/intro_to_iris_recognition/Week 1/NDCVRL_002 Dataset/raw/nd1S05284/Right/660770.tiff,nd1S05284,R,11/3/06
660771,/Users/odon/Desktop/intro_to_iris_recognition/Week 1/NDCVRL_002 Dataset/raw/nd1S05284/Right/660771.tiff,nd1S05284,R,11/3/06
660772,/Users/odon/Desktop/intro_to_iris_recognition/Week 1/NDCVRL_002 Dataset/raw/nd1S05284/Right/660772.tiff,nd1S05284,R,11/3/06
660773,/Users/odon/Desktop/intro_to_iris_recognition/Week 1/NDCVRL_002 Dataset/raw/nd1S05284/Right/660773.tiff,nd1S05284,R,11/3/06
660774,/Users/odon/Desktop/intro_to_iris_recognition/Week 1/NDCVRL_002 Dataset/raw/nd1S05284/Right/660774.tiff,nd1S05284,R,11/3/06
665657,/Users/odon/Desktop/intro_to_iris_recognition/Week 1/NDCVRL_002 Dataset/raw/nd1S05284/Right/665657.tiff,nd1S05284,R,2/7/07
665658,/Users/odon/Desktop/intro_to_iris_recognition/Week 1/NDCVRL_002 Dataset/raw/nd1S05284/Right/665658.tiff,nd1S05284,R,2/7/07
669202,/Users/odon/Desktop/intro_to_iris_recognition/Week 1/NDCVRL_002 Dataset/raw/nd1S05284/Right/669202.tiff,nd1S05284,R,4/25/07
660800,/Users/odon/Desktop/intro_to_iris_recognition/Week 1/NDCVRL_002 Dataset/raw/nd1S05285/Left/660800.tiff,nd1S05285,L,11/3/06
660801,/Users/odon/Desktop/intro_to_iris_recognition/Week 1/NDCVRL_002 Dataset/raw/nd1S05285/Left/660801.tiff,nd1S05285,L,11/3/06
660802,/Users/odon/Desktop/intro_to_iris_recognition/Week 1/NDCVRL_002 Dataset/raw/nd1S05285/Left/660802.tiff,nd1S05285,L,11/3/06
660803,/Users/odon/Desktop/intro_to_iris_recognition/Week 1/NDCVRL_002 Dataset/raw/nd1S05285/Left/660803.tiff,nd1S05285,L,11/3/06
660812,/Users/odon/Desktop/intro_to_iris_recognition/Week 1/NDCVRL_002 Dataset/raw/nd1S05285/Left/660812.tiff,nd1S05285,L,11/3/06
660814,/Users/odon/Desktop/intro_to_iris_recognition/Week 1/NDCVRL_002 Dataset/raw/nd1S05285/Left/660814.tiff,nd1S05285,L,11/3/06
660815,/Users/odon/Desktop/intro_to_iris_recognition/Week 1/NDCVRL_002 Dataset/raw/nd1S05285/Left/660815.tiff,nd1S05285,L,11/3/06
660816,/Users/odon/Desktop/intro_to_iris_recognition/Week 1/NDCVRL_002 Dataset/raw/nd1S05285/Left/660816.tiff,nd1S05285,L,11/3/06
660817,/Users/odon/Desktop/intro_to_iris_recognition/Week 1/NDCVRL_002 Dataset/raw/nd1S05285/Left/660817.tiff,nd1S05285,L,11/3/06
660810,/Users/odon/Desktop/intro_to_iris_recognition/Week 1/NDCVRL_002 Dataset/raw/nd1S05285/Right/660810.tiff,nd1S05285,R,11/3/06
660811,/Users/odon/Desktop/intro_to_iris_recognition/Week 1/NDCVRL_002 Dataset/raw/nd1S05285/Right/660811.tiff,nd1S05285,R,11/3/06
660821,/Users/odon/Desktop/intro_to_iris_recognition/Week 1/NDCVRL_002 Dataset/raw/nd1S05285/Right/660821.tiff,nd1S05285,R,11/3/06
660823,/Users/odon/Desktop/intro_to_iris_recognition/Week 1/NDCVRL_002 Dataset/raw/nd1S05285/Right/660823.tiff,nd1S05285,R,11/3/06
660850,/Users/odon/Desktop/intro_to_iris_recognition/Week 1/NDCVRL_002 Dataset/raw/nd1S05286/Left/660850.tiff,nd1S05286,L,11/3/06
660851,/Users/odon/Desktop/intro_to_iris_recognition/Week 1/NDCVRL_002 Dataset/raw/nd1S05286/Left/660851.tiff,nd1S05286,L,11/3/06
660852,/Users/odon/Desktop/intro_to_iris_recognition/Week 1/NDCVRL_002 Dataset/raw/nd1S05286/Left/660852.tiff,nd1S05286,L,11/3/06
660853,/Users/odon/Desktop/intro_to_iris_recognition/Week 1/NDCVRL_002 Dataset/raw/nd1S05286/Left/660853.tiff,nd1S05286,L,11/3/06
660864,/Users/odon/Desktop/intro_to_iris_recognition/Week 1/NDCVRL_002 Dataset/raw/nd1S05286/Left/660864.tiff,nd1S05286,L,11/3/06
660865,/Users/odon/Desktop/intro_to_iris_recognition/Week 1/NDCVRL_002 Dataset/raw/nd1S05286/Left/660865.tiff,nd1S05286,L,11/3/06
660866,/Users/odon/Desktop/intro_to_iris_recognition/Week 1/NDCVRL_002 Dataset/raw/nd1S05286/Left/660866.tiff,nd1S05286,L,11/3/06
660854,/Users/odon/Desktop/intro_to_iris_recognition/Week 1/NDCVRL_002 Dataset/raw/nd1S05286/Right/660854.tiff,nd1S05286,R,11/3/06
660856,/Users/odon/Desktop/intro_to_iris_recognition/Week 1/NDCVRL_002 Dataset/raw/nd1S05286/Right/660856.tiff,nd1S05286,R,11/3/06
660857,/Users/odon/Desktop/intro_to_iris_recognition/Week 1/NDCVRL_002 Dataset/raw/nd1S05286/Right/660857.tiff,nd1S05286,R,11/3/06
660859,/Users/odon/Desktop/intro_to_iris_recognition/Week 1/NDCVRL_002 Dataset/raw/nd1S05286/Right/660859.tiff,nd1S05286,R,11/3/06
660861,/Users/odon/Desktop/intro_to_iris_recognition/Week 1/NDCVRL_002 Dataset/raw/nd1S05286/Right/660861.tiff,nd1S05286,R,11/3/06
660869,/Users/odon/Desktop/intro_to_iris_recognition/Week 1/NDCVRL_002 Dataset/raw/nd1S05286/Right/660869.tiff,nd1S05286,R,11/3/06
660870,/Users/odon/Desktop/intro_to_iris_recognition/Week 1/NDCVRL_002 Dataset/raw/nd1S05286/Right/660870.tiff,nd1S05286,R,11/3/06
660871,/Users/odon/Desktop/intro_to_iris_recognition/Week 1/NDCVRL_002 Dataset/raw/nd1S05286/Right/660871.tiff,nd1S05286,R,11/3/06
660872,/Users/odon/Desktop/intro_to_iris_recognition/Week 1/NDCVRL_002 Dataset/raw/nd1S05286/Right/660872.tiff,nd1S05286,R,11/3/06
660874,/Users/odon/Desktop/intro_to_iris_recognition/Week 1/NDCVRL_002 Dataset/raw/nd1S05286/Right/660874.tiff,nd1S05286,R,11/3/06
660992,/Users/odon/Desktop/intro_to_iris_recognition/Week 1/NDCVRL_002 Dataset/raw/nd1S05287/Right/660992.tiff,nd1S05287,R,11/3/06
660993,/Users/odon/Desktop/intro_to_iris_recognition/Week 1/NDCVRL_002 Dataset/raw/nd1S05287/Right/660993.tiff,nd1S05287,R,11/3/06
660994,/Users/odon/Desktop/intro_to_iris_recognition/Week 1/NDCVRL_002 Dataset/raw/nd1S05287/Right/660994.tiff,nd1S05287,R,11/3/06
660995,/Users/odon/Desktop/intro_to_iris_recognition/Week 1/NDCVRL_002 Dataset/raw/nd1S05287/Right/660995.tiff,nd1S05287,R,11/3/06
660996,/Users/odon/Desktop/intro_to_iris_recognition/Week 1/NDCVRL_002 Dataset/raw/nd1S05287/Right/660996.tiff,nd1S05287,R,11/3/06
660997,/Users/odon/Desktop/intro_to_iris_recognition/Week 1/NDCVRL_002 Dataset/raw/nd1S05287/Right/660997.tiff,nd1S05287,R,11/3/06
661004,/Users/odon/Desktop/intro_to_iris_recognition/Week 1/NDCVRL_002 Dataset/raw/nd1S05287/Right/661004.tiff,nd1S05287,R,11/3/06
661005,/Users/odon/Desktop/intro_to_iris_recognition/Week 1/NDCVRL_002 Dataset/raw/nd1S05287/Right/661005.tiff,nd1S05287,R,11/3/06
661006,/Users/odon/Desktop/intro_to_iris_recognition/Week 1/NDCVRL_002 Dataset/raw/nd1S05287/Right/661006.tiff,nd1S05287,R,11/3/06
661007,/Users/odon/Desktop/intro_to_iris_recognition/Week 1/NDCVRL_002 Dataset/raw/nd1S05287/Right/661007.tiff,nd1S05287,R,11/3/06
661008,/Users/odon/Desktop/intro_to_iris_recognition/Week 1/NDCVRL_002 Dataset/raw/nd1S05287/Right/661008.tiff,nd1S05287,R,11/3/06
661009,/Users/odon/Desktop/intro_to_iris_recognition/Week 1/NDCVRL_002 Dataset/raw/nd1S05287/Right/661009.tiff,nd1S05287,R,11/3/06
229858,/Users/odon/Desktop/intro_to_iris_recognition/Week 1/NDCVRL_002 Dataset/raw/nd1S05288/Left/229858.tiff,nd1S05288,L,3/13/08
230644,/Users/odon/Desktop/intro_to_iris_recognition/Week 1/NDCVRL_002 Dataset/raw/nd1S05288/Left/230644.tiff,nd1S05288,L,3/27/08
231849,/Users/odon/Desktop/intro_to_iris_recognition/Week 1/NDCVRL_002 Dataset/raw/nd1S05288/Left/231849.tiff,nd1S05288,L,3/27/08
234440,/Users/odon/Desktop/intro_to_iris_recognition/Week 1/NDCVRL_002 Dataset/raw/nd1S05288/Left/234440.tiff,nd1S05288,L,4/3/08
242163,/Users/odon/Desktop/intro_to_iris_recognition/Week 1/NDCVRL_002 Dataset/raw/nd1S05288/Left/242163.tiff,nd1S05288,L,4/24/08
243143,/Users/odon/Desktop/intro_to_iris_recognition/Week 1/NDCVRL_002 Dataset/raw/nd1S05288/Left/243143.tiff,nd1S05288,L,5/1/08
253944,/Users/odon/Desktop/intro_to_iris_recognition/Week 1/NDCVRL_002 Dataset/raw/nd1S05288/Left/253944.tiff,nd1S05288,L,9/11/08
260333,/Users/odon/Desktop/intro_to_iris_recognition/Week 1/NDCVRL_002 Dataset/raw/nd1S05288/Left/260333.tiff,nd1S05288,L,9/23/08
554737,/Users/odon/Desktop/intro_to_iris_recognition/Week 1/NDCVRL_002 Dataset/raw/nd1S05288/Left/554737.tiff,nd1S05288,L,2/11/10
559728,/Users/odon/Desktop/intro_to_iris_recognition/Week 1/NDCVRL_002 Dataset/raw/nd1S05288/Left/559728.tiff,nd1S05288,L,2/11/10
665573,/Users/odon/Desktop/intro_to_iris_recognition/Week 1/NDCVRL_002 Dataset/raw/nd1S05288/Left/665573.tiff,nd1S05288,L,2/7/07
665574,/Users/odon/Desktop/intro_to_iris_recognition/Week 1/NDCVRL_002 Dataset/raw/nd1S05288/Left/665574.tiff,nd1S05288,L,2/7/07
665575,/Users/odon/Desktop/intro_to_iris_recognition/Week 1/NDCVRL_002 Dataset/raw/nd1S05288/Left/665575.tiff,nd1S05288,L,2/7/07
665576,/Users/odon/Desktop/intro_to_iris_recognition/Week 1/NDCVRL_002 Dataset/raw/nd1S05288/Left/665576.tiff,nd1S05288,L,2/7/07
665577,/Users/odon/Desktop/intro_to_iris_recognition/Week 1/NDCVRL_002 Dataset/raw/nd1S05288/Left/665577.tiff,nd1S05288,L,2/7/07
665578,/Users/odon/Desktop/intro_to_iris_recognition/Week 1/NDCVRL_002 Dataset/raw/nd1S05288/Left/665578.tiff,nd1S05288,L,2/7/07
666291,/Users/odon/Desktop/intro_to_iris_recognition/Week 1/NDCVRL_002 Dataset/raw/nd1S05288/Left/666291.tiff,nd1S05288,L,2/28/07
666293,/Users/odon/Desktop/intro_to_iris_recognition/Week 1/NDCVRL_002 Dataset/raw/nd1S05288/Left/666293.tiff,nd1S05288,L,2/28/07
668629,/Users/odon/Desktop/intro_to_iris_recognition/Week 1/NDCVRL_002 Dataset/raw/nd1S05288/Left/668629.tiff,nd1S05288,L,4/13/07
669647,/Users/odon/Desktop/intro_to_iris_recognition/Week 1/NDCVRL_002 Dataset/raw/nd1S05288/Left/669647.tiff,nd1S05288,L,4/27/07
934637,/Users/odon/Desktop/intro_to_iris_recognition/Week 1/NDCVRL_002 Dataset/raw/nd1S05288/Left/934637.tiff,nd1S05288,L,7/16/07
934643,/Users/odon/Desktop/intro_to_iris_recognition/Week 1/NDCVRL_002 Dataset/raw/nd1S05288/Left/934643.tiff,nd1S05288,L,7/16/07
934651,/Users/odon/Desktop/intro_to_iris_recognition/Week 1/NDCVRL_002 Dataset/raw/nd1S05288/Left/934651.tiff,nd1S05288,L,7/16/07
934652,/Users/odon/Desktop/intro_to_iris_recognition/Week 1/NDCVRL_002 Dataset/raw/nd1S05288/Left/934652.tiff,nd1S05288,L,7/16/07
934656,/Users/odon/Desktop/intro_to_iris_recognition/Week 1/NDCVRL_002 Dataset/raw/nd1S05288/Left/934656.tiff,nd1S05288,L,7/16/07
229502,/Users/odon/Desktop/intro_to_iris_recognition/Week 1/NDCVRL_002 Dataset/raw/nd1S05289/Left/229502.tiff,nd1S05289,L,3/12/08
230520,/Users/odon/Desktop/intro_to_iris_recognition/Week 1/NDCVRL_002 Dataset/raw/nd1S05289/Left/230520.tiff,nd1S05289,L,3/26/08
231568,/Users/odon/Desktop/intro_to_iris_recognition/Week 1/NDCVRL_002 Dataset/raw/nd1S05289/Left/231568.tiff,nd1S05289,L,3/26/08
231571,/Users/odon/Desktop/intro_to_iris_recognition/Week 1/NDCVRL_002 Dataset/raw/nd1S05289/Left/231571.tiff,nd1S05289,L,3/26/08
236141,/Users/odon/Desktop/intro_to_iris_recognition/Week 1/NDCVRL_002 Dataset/raw/nd1S05289/Left/236141.tiff,nd1S05289,L,4/9/08
237628,/Users/odon/Desktop/intro_to_iris_recognition/Week 1/NDCVRL_002 Dataset/raw/nd1S05289/Left/237628.tiff,nd1S05289,L,4/9/08
237629,/Users/odon/Desktop/intro_to_iris_recognition/Week 1/NDCVRL_002 Dataset/raw/nd1S05289/Left/237629.tiff,nd1S05289,L,4/9/08
240441,/Users/odon/Desktop/intro_to_iris_recognition/Week 1/NDCVRL_002 Dataset/raw/nd1S05289/Left/240441.tiff,nd1S05289,L,4/23/08
241726,/Users/odon/Desktop/intro_to_iris_recognition/Week 1/NDCVRL_002 Dataset/raw/nd1S05289/Left/241726.tiff,nd1S05289,L,4/23/08
242937,/Users/odon/Desktop/intro_to_iris_recognition/Week 1/NDCVRL_002 Dataset/raw/nd1S05289/Left/242937.tiff,nd1S05289,L,4/30/08
244318,/Users/odon/Desktop/intro_to_iris_recognition/Week 1/NDCVRL_002 Dataset/raw/nd1S05289/Left/244318.tiff,nd1S05289,L,4/30/08
665954,/Users/odon/Desktop/intro_to_iris_recognition/Week 1/NDCVRL_002 Dataset/raw/nd1S05289/Left/665954.tiff,nd1S05289,L,2/9/07
665956,/Users/odon/Desktop/intro_to_iris_recognition/Week 1/NDCVRL_002 Dataset/raw/nd1S05289/Left/665956.tiff,nd1S05289,L,2/9/07
666862,/Users/odon/Desktop/intro_to_iris_recognition/Week 1/NDCVRL_002 Dataset/raw/nd1S05289/Left/666862.tiff,nd1S05289,L,3/21/07
229504,/Users/odon/Desktop/intro_to_iris_recognition/Week 1/NDCVRL_002 Dataset/raw/nd1S05289/Right/229504.tiff,nd1S05289,R,3/12/08
229505,/Users/odon/Desktop/intro_to_iris_recognition/Week 1/NDCVRL_002 Dataset/raw/nd1S05289/Right/229505.tiff,nd1S05289,R,3/12/08
230517,/Users/odon/Desktop/intro_to_iris_recognition/Week 1/NDCVRL_002 Dataset/raw/nd1S05289/Right/230517.tiff,nd1S05289,R,3/26/08
231573,/Users/odon/Desktop/intro_to_iris_recognition/Week 1/NDCVRL_002 Dataset/raw/nd1S05289/Right/231573.tiff,nd1S05289,R,3/26/08
231577,/Users/odon/Desktop/intro_to_iris_recognition/Week 1/NDCVRL_002 Dataset/raw/nd1S05289/Right/231577.tiff,nd1S05289,R,3/26/08
236140,/Users/odon/Desktop/intro_to_iris_recognition/Week 1/NDCVRL_002 Dataset/raw/nd1S05289/Right/236140.tiff,nd1S05289,R,4/9/08
237632,/Users/odon/Desktop/intro_to_iris_recognition/Week 1/NDCVRL_002 Dataset/raw/nd1S05289/Right/237632.tiff,nd1S05289,R,4/9/08
237634,/Users/odon/Desktop/intro_to_iris_recognition/Week 1/NDCVRL_002 Dataset/raw/nd1S05289/Right/237634.tiff,nd1S05289,R,4/9/08
241731,/Users/odon/Desktop/intro_to_iris_recognition/Week 1/NDCVRL_002 Dataset/raw/nd1S05289/Right/241731.tiff,nd1S05289,R,4/23/08
242934,/Users/odon/Desktop/intro_to_iris_recognition/Week 1/NDCVRL_002 Dataset/raw/nd1S05289/Right/242934.tiff,nd1S05289,R,4/30/08
244324,/Users/odon/Desktop/intro_to_iris_recognition/Week 1/NDCVRL_002 Dataset/raw/nd1S05289/Right/244324.tiff,nd1S05289,R,4/30/08
665957,/Users/odon/Desktop/intro_to_iris_recognition/Week 1/NDCVRL_002 Dataset/raw/nd1S05289/Right/665957.tiff,nd1S05289,R,2/9/07
665958,/Users/odon/Desktop/intro_to_iris_recognition/Week 1/NDCVRL_002 Dataset/raw/nd1S05289/Right/665958.tiff,nd1S05289,R,2/9/07
665959,/Users/odon/Desktop/intro_to_iris_recognition/Week 1/NDCVRL_002 Dataset/raw/nd1S05289/Right/665959.tiff,nd1S05289,R,2/9/07
665960,/Users/odon/Desktop/intro_to_iris_recognition/Week 1/NDCVRL_002 Dataset/raw/nd1S05289/Right/665960.tiff,nd1S05289,R,2/9/07
665961,/Users/odon/Desktop/intro_to_iris_recognition/Week 1/NDCVRL_002 Dataset/raw/nd1S05289/Right/665961.tiff,nd1S05289,R,2/9/07
665962,/Users/odon/Desktop/intro_to_iris_recognition/Week 1/NDCVRL_002 Dataset/raw/nd1S05289/Right/665962.tiff,nd1S05289,R,2/9/07
666864,/Users/odon/Desktop/intro_to_iris_recognition/Week 1/NDCVRL_002 Dataset/raw/nd1S05289/Right/666864.tiff,nd1S05289,R,3/21/07
856874,/Users/odon/Desktop/intro_to_iris_recognition/Week 1/NDCVRL_002 Dataset/raw/nd1S05301/Left/856874.tiff,nd1S05301,L,4/12/11
856877,/Users/odon/Desktop/intro_to_iris_recognition/Week 1/NDCVRL_002 Dataset/raw/nd1S05301/Left/856877.tiff,nd1S05301,L,4/12/11
856883,/Users/odon/Desktop/intro_to_iris_recognition/Week 1/NDCVRL_002 Dataset/raw/nd1S05301/Left/856883.tiff,nd1S05301,L,4/12/11
856887,/Users/odon/Desktop/intro_to_iris_recognition/Week 1/NDCVRL_002 Dataset/raw/nd1S05301/Left/856887.tiff,nd1S05301,L,4/12/11
861174,/Users/odon/Desktop/intro_to_iris_recognition/Week 1/NDCVRL_002 Dataset/raw/nd1S05301/Left/861174.tiff,nd1S05301,L,4/12/11
862325,/Users/odon/Desktop/intro_to_iris_recognition/Week 1/NDCVRL_002 Dataset/raw/nd1S05301/Left/862325.tiff,nd1S05301,L,4/12/11
864596,/Users/odon/Desktop/intro_to_iris_recognition/Week 1/NDCVRL_002 Dataset/raw/nd1S05301/Left/864596.tiff,nd1S05301,L,4/12/11
864597,/Users/odon/Desktop/intro_to_iris_recognition/Week 1/NDCVRL_002 Dataset/raw/nd1S05301/Left/864597.tiff,nd1S05301,L,4/12/11
865790,/Users/odon/Desktop/intro_to_iris_recognition/Week 1/NDCVRL_002 Dataset/raw/nd1S05301/Left/865790.tiff,nd1S05301,L,4/12/11
902261,/Users/odon/Desktop/intro_to_iris_recognition/Week 1/NDCVRL_002 Dataset/raw/nd1S05301/Left/902261.tiff,nd1S05301,L,4/27/11
902265,/Users/odon/Desktop/intro_to_iris_recognition/Week 1/NDCVRL_002 Dataset/raw/nd1S05301/Left/902265.tiff,nd1S05301,L,4/27/11
902271,/Users/odon/Desktop/intro_to_iris_recognition/Week 1/NDCVRL_002 Dataset/raw/nd1S05301/Left/902271.tiff,nd1S05301,L,4/27/11
902275,/Users/odon/Desktop/intro_to_iris_recognition/Week 1/NDCVRL_002 Dataset/raw/nd1S05301/Left/902275.tiff,nd1S05301,L,4/27/11
904063,/Users/odon/Desktop/intro_to_iris_recognition/Week 1/NDCVRL_002 Dataset/raw/nd1S05301/Left/904063.tiff,nd1S05301,L,4/27/11
905756,/Users/odon/Desktop/intro_to_iris_recognition/Week 1/NDCVRL_002 Dataset/raw/nd1S05301/Left/905756.tiff,nd1S05301,L,4/27/11
906227,/Users/odon/Desktop/intro_to_iris_recognition/Week 1/NDCVRL_002 Dataset/raw/nd1S05301/Left/906227.tiff,nd1S05301,L,4/27/11
906228,/Users/odon/Desktop/intro_to_iris_recognition/Week 1/NDCVRL_002 Dataset/raw/nd1S05301/Left/906228.tiff,nd1S05301,L,4/27/11
856880,/Users/odon/Desktop/intro_to_iris_recognition/Week 1/NDCVRL_002 Dataset/raw/nd1S05301/Right/856880.tiff,nd1S05301,R,4/12/11
856881,/Users/odon/Desktop/intro_to_iris_recognition/Week 1/NDCVRL_002 Dataset/raw/nd1S05301/Right/856881.tiff,nd1S05301,R,4/12/11
856889,/Users/odon/Desktop/intro_to_iris_recognition/Week 1/NDCVRL_002 Dataset/raw/nd1S05301/Right/856889.tiff,nd1S05301,R,4/12/11
856890,/Users/odon/Desktop/intro_to_iris_recognition/Week 1/NDCVRL_002 Dataset/raw/nd1S05301/Right/856890.tiff,nd1S05301,R,4/12/11
861178,/Users/odon/Desktop/intro_to_iris_recognition/Week 1/NDCVRL_002 Dataset/raw/nd1S05301/Right/861178.tiff,nd1S05301,R,4/12/11
862326,/Users/odon/Desktop/intro_to_iris_recognition/Week 1/NDCVRL_002 Dataset/raw/nd1S05301/Right/862326.tiff,nd1S05301,R,4/12/11
864599,/Users/odon/Desktop/intro_to_iris_recognition/Week 1/NDCVRL_002 Dataset/raw/nd1S05301/Right/864599.tiff,nd1S05301,R,4/12/11
865792,/Users/odon/Desktop/intro_to_iris_recognition/Week 1/NDCVRL_002 Dataset/raw/nd1S05301/Right/865792.tiff,nd1S05301,R,4/12/11
902266,/Users/odon/Desktop/intro_to_iris_recognition/Week 1/NDCVRL_002 Dataset/raw/nd1S05301/Right/902266.tiff,nd1S05301,R,4/27/11
902268,/Users/odon/Desktop/intro_to_iris_recognition/Week 1/NDCVRL_002 Dataset/raw/nd1S05301/Right/902268.tiff,nd1S05301,R,4/27/11
902270,/Users/odon/Desktop/intro_to_iris_recognition/Week 1/NDCVRL_002 Dataset/raw/nd1S05301/Right/902270.tiff,nd1S05301,R,4/27/11
902278,/Users/odon/Desktop/intro_to_iris_recognition/Week 1/NDCVRL_002 Dataset/raw/nd1S05301/Right/902278.tiff,nd1S05301,R,4/27/11
902280,/Users/odon/Desktop/intro_to_iris_recognition/Week 1/NDCVRL_002 Dataset/raw/nd1S05301/Right/902280.tiff,nd1S05301,R,4/27/11
904070,/Users/odon/Desktop/intro_to_iris_recognition/Week 1/NDCVRL_002 Dataset/raw/nd1S05301/Right/904070.tiff,nd1S05301,R,4/27/11
904942,/Users/odon/Desktop/intro_to_iris_recognition/Week 1/NDCVRL_002 Dataset/raw/nd1S05301/Right/904942.tiff,nd1S05301,R,4/27/11
904956,/Users/odon/Desktop/intro_to_iris_recognition/Week 1/NDCVRL_002 Dataset/raw/nd1S05301/Right/904956.tiff,nd1S05301,R,4/27/11
904975,/Users/odon/Desktop/intro_to_iris_recognition/Week 1/NDCVRL_002 Dataset/raw/nd1S05301/Right/904975.tiff,nd1S05301,R,4/27/11
906635,/Users/odon/Desktop/intro_to_iris_recognition/Week 1/NDCVRL_002 Dataset/raw/nd1S05301/Right/906635.tiff,nd1S05301,R,4/27/11
906637,/Users/odon/Desktop/intro_to_iris_recognition/Week 1/NDCVRL_002 Dataset/raw/nd1S05301/Right/906637.tiff,nd1S05301,R,4/27/11
529061,/Users/odon/Desktop/intro_to_iris_recognition/Week 1/NDCVRL_002 Dataset/raw/nd1S05308/Left/529061.tiff,nd1S05308,L,11/3/09
529062,/Users/odon/Desktop/intro_to_iris_recognition/Week 1/NDCVRL_002 Dataset/raw/nd1S05308/Left/529062.tiff,nd1S05308,L,11/3/09
529063,/Users/odon/Desktop/intro_to_iris_recognition/Week 1/NDCVRL_002 Dataset/raw/nd1S05308/Left/529063.tiff,nd1S05308,L,11/3/09
529064,/Users/odon/Desktop/intro_to_iris_recognition/Week 1/NDCVRL_002 Dataset/raw/nd1S05308/Left/529064.tiff,nd1S05308,L,11/3/09
529065,/Users/odon/Desktop/intro_to_iris_recognition/Week 1/NDCVRL_002 Dataset/raw/nd1S05308/Left/529065.tiff,nd1S05308,L,11/3/09
529066,/Users/odon/Desktop/intro_to_iris_recognition/Week 1/NDCVRL_002 Dataset/raw/nd1S05308/Left/529066.tiff,nd1S05308,L,11/3/09
529067,/Users/odon/Desktop/intro_to_iris_recognition/Week 1/NDCVRL_002 Dataset/raw/nd1S05308/Left/529067.tiff,nd1S05308,L,11/3/09
529068,/Users/odon/Desktop/intro_to_iris_recognition/Week 1/NDCVRL_002 Dataset/raw/nd1S05308/Left/529068.tiff,nd1S05308,L,11/3/09
586619,/Users/odon/Desktop/intro_to_iris_recognition/Week 1/NDCVRL_002 Dataset/raw/nd1S05308/Left/586619.tiff,nd1S05308,L,3/17/10
590438,/Users/odon/Desktop/intro_to_iris_recognition/Week 1/NDCVRL_002 Dataset/raw/nd1S05308/Left/590438.tiff,nd1S05308,L,3/17/10
590439,/Users/odon/Desktop/intro_to_iris_recognition/Week 1/NDCVRL_002 Dataset/raw/nd1S05308/Left/590439.tiff,nd1S05308,L,3/17/10
590440,/Users/odon/Desktop/intro_to_iris_recognition/Week 1/NDCVRL_002 Dataset/raw/nd1S05308/Left/590440.tiff,nd1S05308,L,3/17/10
590441,/Users/odon/Desktop/intro_to_iris_recognition/Week 1/NDCVRL_002 Dataset/raw/nd1S05308/Left/590441.tiff,nd1S05308,L,3/17/10
590442,/Users/odon/Desktop/intro_to_iris_recognition/Week 1/NDCVRL_002 Dataset/raw/nd1S05308/Left/590442.tiff,nd1S05308,L,3/17/10
590443,/Users/odon/Desktop/intro_to_iris_recognition/Week 1/NDCVRL_002 Dataset/raw/nd1S05308/Left/590443.tiff,nd1S05308,L,3/17/10
590444,/Users/odon/Desktop/intro_to_iris_recognition/Week 1/NDCVRL_002 Dataset/raw/nd1S05308/Left/590444.tiff,nd1S05308,L,3/17/10
590445,/Users/odon/Desktop/intro_to_iris_recognition/Week 1/NDCVRL_002 Dataset/raw/nd1S05308/Left/590445.tiff,nd1S05308,L,3/17/10
590446,/Users/odon/Desktop/intro_to_iris_recognition/Week 1/NDCVRL_002 Dataset/raw/nd1S05308/Left/590446.tiff,nd1S05308,L,3/17/10
590447,/Users/odon/Desktop/intro_to_iris_recognition/Week 1/NDCVRL_002 Dataset/raw/nd1S05308/Left/590447.tiff,nd1S05308,L,3/17/10
590448,/Users/odon/Desktop/intro_to_iris_recognition/Week 1/NDCVRL_002 Dataset/raw/nd1S05308/Left/590448.tiff,nd1S05308,L,3/17/10
590449,/Users/odon/Desktop/intro_to_iris_recognition/Week 1/NDCVRL_002 Dataset/raw/nd1S05308/Left/590449.tiff,nd1S05308,L,3/17/10
609035,/Users/odon/Desktop/intro_to_iris_recognition/Week 1/NDCVRL_002 Dataset/raw/nd1S05308/Left/609035.tiff,nd1S05308,L,4/27/10
609039,/Users/odon/Desktop/intro_to_iris_recognition/Week 1/NDCVRL_002 Dataset/raw/nd1S05308/Left/609039.tiff,nd1S05308,L,4/27/10
611426,/Users/odon/Desktop/intro_to_iris_recognition/Week 1/NDCVRL_002 Dataset/raw/nd1S05308/Left/611426.tiff,nd1S05308,L,4/27/10
611427,/Users/odon/Desktop/intro_to_iris_recognition/Week 1/NDCVRL_002 Dataset/raw/nd1S05308/Left/611427.tiff,nd1S05308,L,4/27/10
611428,/Users/odon/Desktop/intro_to_iris_recognition/Week 1/NDCVRL_002 Dataset/raw/nd1S05308/Left/611428.tiff,nd1S05308,L,4/27/10
611429,/Users/odon/Desktop/intro_to_iris_recognition/Week 1/NDCVRL_002 Dataset/raw/nd1S05308/Left/611429.tiff,nd1S05308,L,4/27/10
611430,/Users/odon/Desktop/intro_to_iris_recognition/Week 1/NDCVRL_002 Dataset/raw/nd1S05308/Left/611430.tiff,nd1S05308,L,4/27/10
611431,/Users/odon/Desktop/intro_to_iris_recognition/Week 1/NDCVRL_002 Dataset/raw/nd1S05308/Left/611431.tiff,nd1S05308,L,4/27/10
611432,/Users/odon/Desktop/intro_to_iris_recognition/Week 1/NDCVRL_002 Dataset/raw/nd1S05308/Left/611432.tiff,nd1S05308,L,4/27/10
611433,/Users/odon/Desktop/intro_to_iris_recognition/Week 1/NDCVRL_002 Dataset/raw/nd1S05308/Left/611433.tiff,nd1S05308,L,4/27/10
611434,/Users/odon/Desktop/intro_to_iris_recognition/Week 1/NDCVRL_002 Dataset/raw/nd1S05308/Left/611434.tiff,nd1S05308,L,4/27/10
611435,/Users/odon/Desktop/intro_to_iris_recognition/Week 1/NDCVRL_002 Dataset/raw/nd1S05308/Left/611435.tiff,nd1S05308,L,4/27/10
611436,/Users/odon/Desktop/intro_to_iris_recognition/Week 1/NDCVRL_002 Dataset/raw/nd1S05308/Left/611436.tiff,nd1S05308,L,4/27/10
611437,/Users/odon/Desktop/intro_to_iris_recognition/Week 1/NDCVRL_002 Dataset/raw/nd1S05308/Left/611437.tiff,nd1S05308,L,4/27/10
667583,/Users/odon/Desktop/intro_to_iris_recognition/Week 1/NDCVRL_002 Dataset/raw/nd1S05308/Left/667583.tiff,nd1S05308,L,3/23/07
667584,/Users/odon/Desktop/intro_to_iris_recognition/Week 1/NDCVRL_002 Dataset/raw/nd1S05308/Left/667584.tiff,nd1S05308,L,3/23/07
667585,/Users/odon/Desktop/intro_to_iris_recognition/Week 1/NDCVRL_002 Dataset/raw/nd1S05308/Left/667585.tiff,nd1S05308,L,3/23/07
667586,/Users/odon/Desktop/intro_to_iris_recognition/Week 1/NDCVRL_002 Dataset/raw/nd1S05308/Left/667586.tiff,nd1S05308,L,3/23/07
667587,/Users/odon/Desktop/intro_to_iris_recognition/Week 1/NDCVRL_002 Dataset/raw/nd1S05308/Left/667587.tiff,nd1S05308,L,3/23/07
667588,/Users/odon/Desktop/intro_to_iris_recognition/Week 1/NDCVRL_002 Dataset/raw/nd1S05308/Left/667588.tiff,nd1S05308,L,3/23/07
668504,/Users/odon/Desktop/intro_to_iris_recognition/Week 1/NDCVRL_002 Dataset/raw/nd1S05308/Left/668504.tiff,nd1S05308,L,4/12/07
668505,/Users/odon/Desktop/intro_to_iris_recognition/Week 1/NDCVRL_002 Dataset/raw/nd1S05308/Left/668505.tiff,nd1S05308,L,4/12/07
668506,/Users/odon/Desktop/intro_to_iris_recognition/Week 1/NDCVRL_002 Dataset/raw/nd1S05308/Left/668506.tiff,nd1S05308,L,4/12/07
668507,/Users/odon/Desktop/intro_to_iris_recognition/Week 1/NDCVRL_002 Dataset/raw/nd1S05308/Left/668507.tiff,nd1S05308,L,4/12/07
668508,/Users/odon/Desktop/intro_to_iris_recognition/Week 1/NDCVRL_002 Dataset/raw/nd1S05308/Left/668508.tiff,nd1S05308,L,4/12/07
668509,/Users/odon/Desktop/intro_to_iris_recognition/Week 1/NDCVRL_002 Dataset/raw/nd1S05308/Left/668509.tiff,nd1S05308,L,4/12/07
1041536,/Users/odon/Desktop/intro_to_iris_recognition/Week 1/NDCVRL_002 Dataset/raw/nd1S05310/Right/1041536.tiff,nd1S05310,R,11/10/11
1042350,/Users/odon/Desktop/intro_to_iris_recognition/Week 1/NDCVRL_002 Dataset/raw/nd1S05310/Right/1042350.tiff,nd1S05310,R,11/10/11
1043394,/Users/odon/Desktop/intro_to_iris_recognition/Week 1/NDCVRL_002 Dataset/raw/nd1S05310/Right/1043394.tiff,nd1S05310,R,11/10/11
1043410,/Users/odon/Desktop/intro_to_iris_recognition/Week 1/NDCVRL_002 Dataset/raw/nd1S05310/Right/1043410.tiff,nd1S05310,R,11/10/11
1043732,/Users/odon/Desktop/intro_to_iris_recognition/Week 1/NDCVRL_002 Dataset/raw/nd1S05310/Right/1043732.tiff,nd1S05310,R,11/10/11
230685,/Users/odon/Desktop/intro_to_iris_recognition/Week 1/NDCVRL_002 Dataset/raw/nd1S05310/Right/230685.tiff,nd1S05310,R,3/27/08
233338,/Users/odon/Desktop/intro_to_iris_recognition/Week 1/NDCVRL_002 Dataset/raw/nd1S05310/Right/233338.tiff,nd1S05310,R,4/2/08
234362,/Users/odon/Desktop/intro_to_iris_recognition/Week 1/NDCVRL_002 Dataset/raw/nd1S05310/Right/234362.tiff,nd1S05310,R,4/2/08
262572,/Users/odon/Desktop/intro_to_iris_recognition/Week 1/NDCVRL_002 Dataset/raw/nd1S05310/Right/262572.tiff,nd1S05310,R,9/25/08
417806,/Users/odon/Desktop/intro_to_iris_recognition/Week 1/NDCVRL_002 Dataset/raw/nd1S05310/Right/417806.tiff,nd1S05310,R,3/4/09
516869,/Users/odon/Desktop/intro_to_iris_recognition/Week 1/NDCVRL_002 Dataset/raw/nd1S05310/Right/516869.tiff,nd1S05310,R,11/19/09
541821,/Users/odon/Desktop/intro_to_iris_recognition/Week 1/NDCVRL_002 Dataset/raw/nd1S05310/Right/541821.tiff,nd1S05310,R,1/28/10
611567,/Users/odon/Desktop/intro_to_iris_recognition/Week 1/NDCVRL_002 Dataset/raw/nd1S05310/Right/611567.tiff,nd1S05310,R,4/27/10
667649,/Users/odon/Desktop/intro_to_iris_recognition/Week 1/NDCVRL_002 Dataset/raw/nd1S05310/Right/667649.tiff,nd1S05310,R,3/23/07
667651,/Users/odon/Desktop/intro_to_iris_recognition/Week 1/NDCVRL_002 Dataset/raw/nd1S05310/Right/667651.tiff,nd1S05310,R,3/23/07
796154,/Users/odon/Desktop/intro_to_iris_recognition/Week 1/NDCVRL_002 Dataset/raw/nd1S05310/Right/796154.tiff,nd1S05310,R,3/10/11
861419,/Users/odon/Desktop/intro_to_iris_recognition/Week 1/NDCVRL_002 Dataset/raw/nd1S05310/Right/861419.tiff,nd1S05310,R,4/12/11
944580,/Users/odon/Desktop/intro_to_iris_recognition/Week 1/NDCVRL_002 Dataset/raw/nd1S05310/Right/944580.tiff,nd1S05310,R,9/15/11
231213,/Users/odon/Desktop/intro_to_iris_recognition/Week 1/NDCVRL_002 Dataset/raw/nd1S05315/Left/231213.tiff,nd1S05315,L,3/25/08
233663,/Users/odon/Desktop/intro_to_iris_recognition/Week 1/NDCVRL_002 Dataset/raw/nd1S05315/Left/233663.tiff,nd1S05315,L,4/1/08
237961,/Users/odon/Desktop/intro_to_iris_recognition/Week 1/NDCVRL_002 Dataset/raw/nd1S05315/Left/237961.tiff,nd1S05315,L,4/10/08
237962,/Users/odon/Desktop/intro_to_iris_recognition/Week 1/NDCVRL_002 Dataset/raw/nd1S05315/Left/237962.tiff,nd1S05315,L,4/10/08
242226,/Users/odon/Desktop/intro_to_iris_recognition/Week 1/NDCVRL_002 Dataset/raw/nd1S05315/Left/242226.tiff,nd1S05315,L,4/24/08
259464,/Users/odon/Desktop/intro_to_iris_recognition/Week 1/NDCVRL_002 Dataset/raw/nd1S05315/Left/259464.tiff,nd1S05315,L,9/23/08
267541,/Users/odon/Desktop/intro_to_iris_recognition/Week 1/NDCVRL_002 Dataset/raw/nd1S05315/Left/267541.tiff,nd1S05315,L,10/7/08
267545,/Users/odon/Desktop/intro_to_iris_recognition/Week 1/NDCVRL_002 Dataset/raw/nd1S05315/Left/267545.tiff,nd1S05315,L,10/7/08
285791,/Users/odon/Desktop/intro_to_iris_recognition/Week 1/NDCVRL_002 Dataset/raw/nd1S05315/Left/285791.tiff,nd1S05315,L,12/3/08
406131,/Users/odon/Desktop/intro_to_iris_recognition/Week 1/NDCVRL_002 Dataset/raw/nd1S05315/Left/406131.tiff,nd1S05315,L,2/19/09
406132,/Users/odon/Desktop/intro_to_iris_recognition/Week 1/NDCVRL_002 Dataset/raw/nd1S05315/Left/406132.tiff,nd1S05315,L,2/19/09
417741,/Users/odon/Desktop/intro_to_iris_recognition/Week 1/NDCVRL_002 Dataset/raw/nd1S05315/Left/417741.tiff,nd1S05315,L,3/4/09
438090,/Users/odon/Desktop/intro_to_iris_recognition/Week 1/NDCVRL_002 Dataset/raw/nd1S05315/Left/438090.tiff,nd1S05315,L,3/26/09
667765,/Users/odon/Desktop/intro_to_iris_recognition/Week 1/NDCVRL_002 Dataset/raw/nd1S05315/Left/667765.tiff,nd1S05315,L,4/11/07
667766,/Users/odon/Desktop/intro_to_iris_recognition/Week 1/NDCVRL_002 Dataset/raw/nd1S05315/Left/667766.tiff,nd1S05315,L,4/11/07
669796,/Users/odon/Desktop/intro_to_iris_recognition/Week 1/NDCVRL_002 Dataset/raw/nd1S05315/Left/669796.tiff,nd1S05315,L,4/27/07
228823,/Users/odon/Desktop/intro_to_iris_recognition/Week 1/NDCVRL_002 Dataset/raw/nd1S05317/Left/228823.tiff,nd1S05317,L,3/13/08
229919,/Users/odon/Desktop/intro_to_iris_recognition/Week 1/NDCVRL_002 Dataset/raw/nd1S05317/Left/229919.tiff,nd1S05317,L,3/13/08
236265,/Users/odon/Desktop/intro_to_iris_recognition/Week 1/NDCVRL_002 Dataset/raw/nd1S05317/Left/236265.tiff,nd1S05317,L,4/10/08
241872,/Users/odon/Desktop/intro_to_iris_recognition/Week 1/NDCVRL_002 Dataset/raw/nd1S05317/Left/241872.tiff,nd1S05317,L,4/23/08
243473,/Users/odon/Desktop/intro_to_iris_recognition/Week 1/NDCVRL_002 Dataset/raw/nd1S05317/Left/243473.tiff,nd1S05317,L,4/29/08
243477,/Users/odon/Desktop/intro_to_iris_recognition/Week 1/NDCVRL_002 Dataset/raw/nd1S05317/Left/243477.tiff,nd1S05317,L,4/29/08
243478,/Users/odon/Desktop/intro_to_iris_recognition/Week 1/NDCVRL_002 Dataset/raw/nd1S05317/Left/243478.tiff,nd1S05317,L,4/29/08
254337,/Users/odon/Desktop/intro_to_iris_recognition/Week 1/NDCVRL_002 Dataset/raw/nd1S05317/Left/254337.tiff,nd1S05317,L,9/9/08
254342,/Users/odon/Desktop/intro_to_iris_recognition/Week 1/NDCVRL_002 Dataset/raw/nd1S05317/Left/254342.tiff,nd1S05317,L,9/9/08
254345,/Users/odon/Desktop/intro_to_iris_recognition/Week 1/NDCVRL_002 Dataset/raw/nd1S05317/Left/254345.tiff,nd1S05317,L,9/9/08
262947,/Users/odon/Desktop/intro_to_iris_recognition/Week 1/NDCVRL_002 Dataset/raw/nd1S05317/Left/262947.tiff,nd1S05317,L,9/25/08
262950,/Users/odon/Desktop/intro_to_iris_recognition/Week 1/NDCVRL_002 Dataset/raw/nd1S05317/Left/262950.tiff,nd1S05317,L,9/25/08
262953,/Users/odon/Desktop/intro_to_iris_recognition/Week 1/NDCVRL_002 Dataset/raw/nd1S05317/Left/262953.tiff,nd1S05317,L,9/25/08
276424,/Users/odon/Desktop/intro_to_iris_recognition/Week 1/NDCVRL_002 Dataset/raw/nd1S05317/Left/276424.tiff,nd1S05317,L,10/28/08
276426,/Users/odon/Desktop/intro_to_iris_recognition/Week 1/NDCVRL_002 Dataset/raw/nd1S05317/Left/276426.tiff,nd1S05317,L,10/28/08
283621,/Users/odon/Desktop/intro_to_iris_recognition/Week 1/NDCVRL_002 Dataset/raw/nd1S05317/Left/283621.tiff,nd1S05317,L,11/13/08
283627,/Users/odon/Desktop/intro_to_iris_recognition/Week 1/NDCVRL_002 Dataset/raw/nd1S05317/Left/283627.tiff,nd1S05317,L,11/13/08
309497,/Users/odon/Desktop/intro_to_iris_recognition/Week 1/NDCVRL_002 Dataset/raw/nd1S05317/Left/309497.tiff,nd1S05317,L,1/21/09
310574,/Users/odon/Desktop/intro_to_iris_recognition/Week 1/NDCVRL_002 Dataset/raw/nd1S05317/Left/310574.tiff,nd1S05317,L,1/21/09
410507,/Users/odon/Desktop/intro_to_iris_recognition/Week 1/NDCVRL_002 Dataset/raw/nd1S05317/Left/410507.tiff,nd1S05317,L,3/3/09
410508,/Users/odon/Desktop/intro_to_iris_recognition/Week 1/NDCVRL_002 Dataset/raw/nd1S05317/Left/410508.tiff,nd1S05317,L,3/3/09
433921,/Users/odon/Desktop/intro_to_iris_recognition/Week 1/NDCVRL_002 Dataset/raw/nd1S05317/Left/433921.tiff,nd1S05317,L,3/25/09
446644,/Users/odon/Desktop/intro_to_iris_recognition/Week 1/NDCVRL_002 Dataset/raw/nd1S05317/Left/446644.tiff,nd1S05317,L,4/22/09
446649,/Users/odon/Desktop/intro_to_iris_recognition/Week 1/NDCVRL_002 Dataset/raw/nd1S05317/Left/446649.tiff,nd1S05317,L,4/22/09
667787,/Users/odon/Desktop/intro_to_iris_recognition/Week 1/NDCVRL_002 Dataset/raw/nd1S05317/Left/667787.tiff,nd1S05317,L,4/11/07
667792,/Users/odon/Desktop/intro_to_iris_recognition/Week 1/NDCVRL_002 Dataset/raw/nd1S05317/Left/667792.tiff,nd1S05317,L,4/11/07
236264,/Users/odon/Desktop/intro_to_iris_recognition/Week 1/NDCVRL_002 Dataset/raw/nd1S05317/Right/236264.tiff,nd1S05317,R,4/10/08
241877,/Users/odon/Desktop/intro_to_iris_recognition/Week 1/NDCVRL_002 Dataset/raw/nd1S05317/Right/241877.tiff,nd1S05317,R,4/23/08
260001,/Users/odon/Desktop/intro_to_iris_recognition/Week 1/NDCVRL_002 Dataset/raw/nd1S05317/Right/260001.tiff,nd1S05317,R,9/25/08
262955,/Users/odon/Desktop/intro_to_iris_recognition/Week 1/NDCVRL_002 Dataset/raw/nd1S05317/Right/262955.tiff,nd1S05317,R,9/25/08
262956,/Users/odon/Desktop/intro_to_iris_recognition/Week 1/NDCVRL_002 Dataset/raw/nd1S05317/Right/262956.tiff,nd1S05317,R,9/25/08
262961,/Users/odon/Desktop/intro_to_iris_recognition/Week 1/NDCVRL_002 Dataset/raw/nd1S05317/Right/262961.tiff,nd1S05317,R,9/25/08
262965,/Users/odon/Desktop/intro_to_iris_recognition/Week 1/NDCVRL_002 Dataset/raw/nd1S05317/Right/262965.tiff,nd1S05317,R,9/25/08
276436,/Users/odon/Desktop/intro_to_iris_recognition/Week 1/NDCVRL_002 Dataset/raw/nd1S05317/Right/276436.tiff,nd1S05317,R,10/28/08
276437,/Users/odon/Desktop/intro_to_iris_recognition/Week 1/NDCVRL_002 Dataset/raw/nd1S05317/Right/276437.tiff,nd1S05317,R,10/28/08
280085,/Users/odon/Desktop/intro_to_iris_recognition/Week 1/NDCVRL_002 Dataset/raw/nd1S05317/Right/280085.tiff,nd1S05317,R,11/13/08
283636,/Users/odon/Desktop/intro_to_iris_recognition/Week 1/NDCVRL_002 Dataset/raw/nd1S05317/Right/283636.tiff,nd1S05317,R,11/13/08
283639,/Users/odon/Desktop/intro_to_iris_recognition/Week 1/NDCVRL_002 Dataset/raw/nd1S05317/Right/283639.tiff,nd1S05317,R,11/13/08
309507,/Users/odon/Desktop/intro_to_iris_recognition/Week 1/NDCVRL_002 Dataset/raw/nd1S05317/Right/309507.tiff,nd1S05317,R,1/21/09
309509,/Users/odon/Desktop/intro_to_iris_recognition/Week 1/NDCVRL_002 Dataset/raw/nd1S05317/Right/309509.tiff,nd1S05317,R,1/21/09
309512,/Users/odon/Desktop/intro_to_iris_recognition/Week 1/NDCVRL_002 Dataset/raw/nd1S05317/Right/309512.tiff,nd1S05317,R,1/21/09
387033,/Users/odon/Desktop/intro_to_iris_recognition/Week 1/NDCVRL_002 Dataset/raw/nd1S05317/Right/387033.tiff,nd1S05317,R,2/4/09
387040,/Users/odon/Desktop/intro_to_iris_recognition/Week 1/NDCVRL_002 Dataset/raw/nd1S05317/Right/387040.tiff,nd1S05317,R,2/4/09
407667,/Users/odon/Desktop/intro_to_iris_recognition/Week 1/NDCVRL_002 Dataset/raw/nd1S05317/Right/407667.tiff,nd1S05317,R,2/19/09
410512,/Users/odon/Desktop/intro_to_iris_recognition/Week 1/NDCVRL_002 Dataset/raw/nd1S05317/Right/410512.tiff,nd1S05317,R,3/3/09
410517,/Users/odon/Desktop/intro_to_iris_recognition/Week 1/NDCVRL_002 Dataset/raw/nd1S05317/Right/410517.tiff,nd1S05317,R,3/3/09
412669,/Users/odon/Desktop/intro_to_iris_recognition/Week 1/NDCVRL_002 Dataset/raw/nd1S05317/Right/412669.tiff,nd1S05317,R,3/3/09
432039,/Users/odon/Desktop/intro_to_iris_recognition/Week 1/NDCVRL_002 Dataset/raw/nd1S05317/Right/432039.tiff,nd1S05317,R,3/25/09
432042,/Users/odon/Desktop/intro_to_iris_recognition/Week 1/NDCVRL_002 Dataset/raw/nd1S05317/Right/432042.tiff,nd1S05317,R,3/25/09
432046,/Users/odon/Desktop/intro_to_iris_recognition/Week 1/NDCVRL_002 Dataset/raw/nd1S05317/Right/432046.tiff,nd1S05317,R,3/25/09
433924,/Users/odon/Desktop/intro_to_iris_recognition/Week 1/NDCVRL_002 Dataset/raw/nd1S05317/Right/433924.tiff,nd1S05317,R,3/25/09
446653,/Users/odon/Desktop/intro_to_iris_recognition/Week 1/NDCVRL_002 Dataset/raw/nd1S05317/Right/446653.tiff,nd1S05317,R,4/22/09
448118,/Users/odon/Desktop/intro_to_iris_recognition/Week 1/NDCVRL_002 Dataset/raw/nd1S05317/Right/448118.tiff,nd1S05317,R,4/22/09
667798,/Users/odon/Desktop/intro_to_iris_recognition/Week 1/NDCVRL_002 Dataset/raw/nd1S05317/Right/667798.tiff,nd1S05317,R,4/11/07
1104339,/Users/odon/Desktop/intro_to_iris_recognition/Week 1/NDCVRL_002 Dataset/raw/nd1S05321/Left/1104339.tiff,nd1S05321,L,3/6/12
1133069,/Users/odon/Desktop/intro_to_iris_recognition/Week 1/NDCVRL_002 Dataset/raw/nd1S05321/Left/1133069.tiff,nd1S05321,L,3/28/12
1133070,/Users/odon/Desktop/intro_to_iris_recognition/Week 1/NDCVRL_002 Dataset/raw/nd1S05321/Left/1133070.tiff,nd1S05321,L,3/28/12
228381,/Users/odon/Desktop/intro_to_iris_recognition/Week 1/NDCVRL_002 Dataset/raw/nd1S05321/Left/228381.tiff,nd1S05321,L,3/11/08
229041,/Users/odon/Desktop/intro_to_iris_recognition/Week 1/NDCVRL_002 Dataset/raw/nd1S05321/Left/229041.tiff,nd1S05321,L,3/11/08
229042,/Users/odon/Desktop/intro_to_iris_recognition/Week 1/NDCVRL_002 Dataset/raw/nd1S05321/Left/229042.tiff,nd1S05321,L,3/11/08
240107,/Users/odon/Desktop/intro_to_iris_recognition/Week 1/NDCVRL_002 Dataset/raw/nd1S05321/Left/240107.tiff,nd1S05321,L,4/22/08
241062,/Users/odon/Desktop/intro_to_iris_recognition/Week 1/NDCVRL_002 Dataset/raw/nd1S05321/Left/241062.tiff,nd1S05321,L,4/22/08
241063,/Users/odon/Desktop/intro_to_iris_recognition/Week 1/NDCVRL_002 Dataset/raw/nd1S05321/Left/241063.tiff,nd1S05321,L,4/22/08
241065,/Users/odon/Desktop/intro_to_iris_recognition/Week 1/NDCVRL_002 Dataset/raw/nd1S05321/Left/241065.tiff,nd1S05321,L,4/22/08
243031,/Users/odon/Desktop/intro_to_iris_recognition/Week 1/NDCVRL_002 Dataset/raw/nd1S05321/Left/243031.tiff,nd1S05321,L,4/30/08
256354,/Users/odon/Desktop/intro_to_iris_recognition/Week 1/NDCVRL_002 Dataset/raw/nd1S05321/Left/256354.tiff,nd1S05321,L,9/10/08
256355,/Users/odon/Desktop/intro_to_iris_recognition/Week 1/NDCVRL_002 Dataset/raw/nd1S05321/Left/256355.tiff,nd1S05321,L,9/10/08
260823,/Users/odon/Desktop/intro_to_iris_recognition/Week 1/NDCVRL_002 Dataset/raw/nd1S05321/Left/260823.tiff,nd1S05321,L,9/23/08
277030,/Users/odon/Desktop/intro_to_iris_recognition/Week 1/NDCVRL_002 Dataset/raw/nd1S05321/Left/277030.tiff,nd1S05321,L,10/29/08
277036,/Users/odon/Desktop/intro_to_iris_recognition/Week 1/NDCVRL_002 Dataset/raw/nd1S05321/Left/277036.tiff,nd1S05321,L,10/29/08
277039,/Users/odon/Desktop/intro_to_iris_recognition/Week 1/NDCVRL_002 Dataset/raw/nd1S05321/Left/277039.tiff,nd1S05321,L,10/29/08
281587,/Users/odon/Desktop/intro_to_iris_recognition/Week 1/NDCVRL_002 Dataset/raw/nd1S05321/Left/281587.tiff,nd1S05321,L,11/11/08
281596,/Users/odon/Desktop/intro_to_iris_recognition/Week 1/NDCVRL_002 Dataset/raw/nd1S05321/Left/281596.tiff,nd1S05321,L,11/11/08
302985,/Users/odon/Desktop/intro_to_iris_recognition/Week 1/NDCVRL_002 Dataset/raw/nd1S05321/Left/302985.tiff,nd1S05321,L,12/2/08
302986,/Users/odon/Desktop/intro_to_iris_recognition/Week 1/NDCVRL_002 Dataset/raw/nd1S05321/Left/302986.tiff,nd1S05321,L,12/2/08
387820,/Users/odon/Desktop/intro_to_iris_recognition/Week 1/NDCVRL_002 Dataset/raw/nd1S05321/Left/387820.tiff,nd1S05321,L,2/4/09
415635,/Users/odon/Desktop/intro_to_iris_recognition/Week 1/NDCVRL_002 Dataset/raw/nd1S05321/Left/415635.tiff,nd1S05321,L,3/4/09
512838,/Users/odon/Desktop/intro_to_iris_recognition/Week 1/NDCVRL_002 Dataset/raw/nd1S05321/Left/512838.tiff,nd1S05321,L,11/19/09
516951,/Users/odon/Desktop/intro_to_iris_recognition/Week 1/NDCVRL_002 Dataset/raw/nd1S05321/Left/516951.tiff,nd1S05321,L,11/19/09
523875,/Users/odon/Desktop/intro_to_iris_recognition/Week 1/NDCVRL_002 Dataset/raw/nd1S05321/Left/523875.tiff,nd1S05321,L,12/2/09
541070,/Users/odon/Desktop/intro_to_iris_recognition/Week 1/NDCVRL_002 Dataset/raw/nd1S05321/Left/541070.tiff,nd1S05321,L,1/27/10
541071,/Users/odon/Desktop/intro_to_iris_recognition/Week 1/NDCVRL_002 Dataset/raw/nd1S05321/Left/541071.tiff,nd1S05321,L,1/27/10
541074,/Users/odon/Desktop/intro_to_iris_recognition/Week 1/NDCVRL_002 Dataset/raw/nd1S05321/Left/541074.tiff,nd1S05321,L,1/27/10
559343,/Users/odon/Desktop/intro_to_iris_recognition/Week 1/NDCVRL_002 Dataset/raw/nd1S05321/Left/559343.tiff,nd1S05321,L,2/11/10
559346,/Users/odon/Desktop/intro_to_iris_recognition/Week 1/NDCVRL_002 Dataset/raw/nd1S05321/Left/559346.tiff,nd1S05321,L,2/11/10
559348,/Users/odon/Desktop/intro_to_iris_recognition/Week 1/NDCVRL_002 Dataset/raw/nd1S05321/Left/559348.tiff,nd1S05321,L,2/11/10
591886,/Users/odon/Desktop/intro_to_iris_recognition/Week 1/NDCVRL_002 Dataset/raw/nd1S05321/Left/591886.tiff,nd1S05321,L,3/18/10
611380,/Users/odon/Desktop/intro_to_iris_recognition/Week 1/NDCVRL_002 Dataset/raw/nd1S05321/Left/611380.tiff,nd1S05321,L,4/27/10
669047,/Users/odon/Desktop/intro_to_iris_recognition/Week 1/NDCVRL_002 Dataset/raw/nd1S05321/Left/669047.tiff,nd1S05321,L,4/25/07
676575,/Users/odon/Desktop/intro_to_iris_recognition/Week 1/NDCVRL_002 Dataset/raw/nd1S05321/Left/676575.tiff,nd1S05321,L,10/28/10
693519,/Users/odon/Desktop/intro_to_iris_recognition/Week 1/NDCVRL_002 Dataset/raw/nd1S05321/Left/693519.tiff,nd1S05321,L,11/30/10
700888,/Users/odon/Desktop/intro_to_iris_recognition/Week 1/NDCVRL_002 Dataset/raw/nd1S05321/Left/700888.tiff,nd1S05321,L,11/30/10
706846,/Users/odon/Desktop/intro_to_iris_recognition/Week 1/NDCVRL_002 Dataset/raw/nd1S05321/Left/706846.tiff,nd1S05321,L,1/26/11
725628,/Users/odon/Desktop/intro_to_iris_recognition/Week 1/NDCVRL_002 Dataset/raw/nd1S05321/Left/725628.tiff,nd1S05321,L,2/10/11
725633,/Users/odon/Desktop/intro_to_iris_recognition/Week 1/NDCVRL_002 Dataset/raw/nd1S05321/Left/725633.tiff,nd1S05321,L,2/10/11
730439,/Users/odon/Desktop/intro_to_iris_recognition/Week 1/NDCVRL_002 Dataset/raw/nd1S05321/Left/730439.tiff,nd1S05321,L,2/10/11
765553,/Users/odon/Desktop/intro_to_iris_recognition/Week 1/NDCVRL_002 Dataset/raw/nd1S05321/Left/765553.tiff,nd1S05321,L,2/24/11
765609,/Users/odon/Desktop/intro_to_iris_recognition/Week 1/NDCVRL_002 Dataset/raw/nd1S05321/Left/765609.tiff,nd1S05321,L,2/24/11
789389,/Users/odon/Desktop/intro_to_iris_recognition/Week 1/NDCVRL_002 Dataset/raw/nd1S05321/Left/789389.tiff,nd1S05321,L,3/8/11
789391,/Users/odon/Desktop/intro_to_iris_recognition/Week 1/NDCVRL_002 Dataset/raw/nd1S05321/Left/789391.tiff,nd1S05321,L,3/8/11
799333,/Users/odon/Desktop/intro_to_iris_recognition/Week 1/NDCVRL_002 Dataset/raw/nd1S05321/Left/799333.tiff,nd1S05321,L,3/8/11
799336,/Users/odon/Desktop/intro_to_iris_recognition/Week 1/NDCVRL_002 Dataset/raw/nd1S05321/Left/799336.tiff,nd1S05321,L,3/8/11
819145,/Users/odon/Desktop/intro_to_iris_recognition/Week 1/NDCVRL_002 Dataset/raw/nd1S05321/Left/819145.tiff,nd1S05321,L,3/22/11
897014,/Users/odon/Desktop/intro_to_iris_recognition/Week 1/NDCVRL_002 Dataset/raw/nd1S05321/Left/897014.tiff,nd1S05321,L,4/26/11
1056866,/Users/odon/Desktop/intro_to_iris_recognition/Week 1/NDCVRL_002 Dataset/raw/nd1S05321/Right/1056866.tiff,nd1S05321,R,2/7/12
1059389,/Users/odon/Desktop/intro_to_iris_recognition/Week 1/NDCVRL_002 Dataset/raw/nd1S05321/Right/1059389.tiff,nd1S05321,R,2/7/12
1081907,/Users/odon/Desktop/intro_to_iris_recognition/Week 1/NDCVRL_002 Dataset/raw/nd1S05321/Right/1081907.tiff,nd1S05321,R,2/21/12
1083006,/Users/odon/Desktop/intro_to_iris_recognition/Week 1/NDCVRL_002 Dataset/raw/nd1S05321/Right/1083006.tiff,nd1S05321,R,2/21/12
1083769,/Users/odon/Desktop/intro_to_iris_recognition/Week 1/NDCVRL_002 Dataset/raw/nd1S05321/Right/1083769.tiff,nd1S05321,R,2/21/12
1102839,/Users/odon/Desktop/intro_to_iris_recognition/Week 1/NDCVRL_002 Dataset/raw/nd1S05321/Right/1102839.tiff,nd1S05321,R,3/6/12
1105098,/Users/odon/Desktop/intro_to_iris_recognition/Week 1/NDCVRL_002 Dataset/raw/nd1S05321/Right/1105098.tiff,nd1S05321,R,3/6/12
1130649,/Users/odon/Desktop/intro_to_iris_recognition/Week 1/NDCVRL_002 Dataset/raw/nd1S05321/Right/1130649.tiff,nd1S05321,R,3/28/12
1132232,/Users/odon/Desktop/intro_to_iris_recognition/Week 1/NDCVRL_002 Dataset/raw/nd1S05321/Right/1132232.tiff,nd1S05321,R,3/28/12
1133064,/Users/odon/Desktop/intro_to_iris_recognition/Week 1/NDCVRL_002 Dataset/raw/nd1S05321/Right/1133064.tiff,nd1S05321,R,3/28/12
1133073,/Users/odon/Desktop/intro_to_iris_recognition/Week 1/NDCVRL_002 Dataset/raw/nd1S05321/Right/1133073.tiff,nd1S05321,R,3/28/12
1133075,/Users/odon/Desktop/intro_to_iris_recognition/Week 1/NDCVRL_002 Dataset/raw/nd1S05321/Right/1133075.tiff,nd1S05321,R,3/28/12
1133078,/Users/odon/Desktop/intro_to_iris_recognition/Week 1/NDCVRL_002 Dataset/raw/nd1S05321/Right/1133078.tiff,nd1S05321,R,3/28/12
229050,/Users/odon/Desktop/intro_to_iris_recognition/Week 1/NDCVRL_002 Dataset/raw/nd1S05321/Right/229050.tiff,nd1S05321,R,3/11/08
237573,/Users/odon/Desktop/intro_to_iris_recognition/Week 1/NDCVRL_002 Dataset/raw/nd1S05321/Right/237573.tiff,nd1S05321,R,4/9/08
243030,/Users/odon/Desktop/intro_to_iris_recognition/Week 1/NDCVRL_002 Dataset/raw/nd1S05321/Right/243030.tiff,nd1S05321,R,4/30/08
268106,/Users/odon/Desktop/intro_to_iris_recognition/Week 1/NDCVRL_002 Dataset/raw/nd1S05321/Right/268106.tiff,nd1S05321,R,10/7/08
277043,/Users/odon/Desktop/intro_to_iris_recognition/Week 1/NDCVRL_002 Dataset/raw/nd1S05321/Right/277043.tiff,nd1S05321,R,10/29/08
281599,/Users/odon/Desktop/intro_to_iris_recognition/Week 1/NDCVRL_002 Dataset/raw/nd1S05321/Right/281599.tiff,nd1S05321,R,11/11/08
281608,/Users/odon/Desktop/intro_to_iris_recognition/Week 1/NDCVRL_002 Dataset/raw/nd1S05321/Right/281608.tiff,nd1S05321,R,11/11/08
292978,/Users/odon/Desktop/intro_to_iris_recognition/Week 1/NDCVRL_002 Dataset/raw/nd1S05321/Right/292978.tiff,nd1S05321,R,11/11/08
402606,/Users/odon/Desktop/intro_to_iris_recognition/Week 1/NDCVRL_002 Dataset/raw/nd1S05321/Right/402606.tiff,nd1S05321,R,2/18/09
520307,/Users/odon/Desktop/intro_to_iris_recognition/Week 1/NDCVRL_002 Dataset/raw/nd1S05321/Right/520307.tiff,nd1S05321,R,12/2/09
537287,/Users/odon/Desktop/intro_to_iris_recognition/Week 1/NDCVRL_002 Dataset/raw/nd1S05321/Right/537287.tiff,nd1S05321,R,1/27/10
541083,/Users/odon/Desktop/intro_to_iris_recognition/Week 1/NDCVRL_002 Dataset/raw/nd1S05321/Right/541083.tiff,nd1S05321,R,1/27/10
541092,/Users/odon/Desktop/intro_to_iris_recognition/Week 1/NDCVRL_002 Dataset/raw/nd1S05321/Right/541092.tiff,nd1S05321,R,1/27/10
582316,/Users/odon/Desktop/intro_to_iris_recognition/Week 1/NDCVRL_002 Dataset/raw/nd1S05321/Right/582316.tiff,nd1S05321,R,2/24/10
582321,/Users/odon/Desktop/intro_to_iris_recognition/Week 1/NDCVRL_002 Dataset/raw/nd1S05321/Right/582321.tiff,nd1S05321,R,2/24/10
611396,/Users/odon/Desktop/intro_to_iris_recognition/Week 1/NDCVRL_002 Dataset/raw/nd1S05321/Right/611396.tiff,nd1S05321,R,4/27/10
611401,/Users/odon/Desktop/intro_to_iris_recognition/Week 1/NDCVRL_002 Dataset/raw/nd1S05321/Right/611401.tiff,nd1S05321,R,4/27/10
669058,/Users/odon/Desktop/intro_to_iris_recognition/Week 1/NDCVRL_002 Dataset/raw/nd1S05321/Right/669058.tiff,nd1S05321,R,4/25/07
682750,/Users/odon/Desktop/intro_to_iris_recognition/Week 1/NDCVRL_002 Dataset/raw/nd1S05321/Right/682750.tiff,nd1S05321,R,11/9/10
700889,/Users/odon/Desktop/intro_to_iris_recognition/Week 1/NDCVRL_002 Dataset/raw/nd1S05321/Right/700889.tiff,nd1S05321,R,11/30/10
706848,/Users/odon/Desktop/intro_to_iris_recognition/Week 1/NDCVRL_002 Dataset/raw/nd1S05321/Right/706848.tiff,nd1S05321,R,1/26/11
706854,/Users/odon/Desktop/intro_to_iris_recognition/Week 1/NDCVRL_002 Dataset/raw/nd1S05321/Right/706854.tiff,nd1S05321,R,1/26/11
730445,/Users/odon/Desktop/intro_to_iris_recognition/Week 1/NDCVRL_002 Dataset/raw/nd1S05321/Right/730445.tiff,nd1S05321,R,2/10/11
733038,/Users/odon/Desktop/intro_to_iris_recognition/Week 1/NDCVRL_002 Dataset/raw/nd1S05321/Right/733038.tiff,nd1S05321,R,2/10/11
765559,/Users/odon/Desktop/intro_to_iris_recognition/Week 1/NDCVRL_002 Dataset/raw/nd1S05321/Right/765559.tiff,nd1S05321,R,2/24/11
768646,/Users/odon/Desktop/intro_to_iris_recognition/Week 1/NDCVRL_002 Dataset/raw/nd1S05321/Right/768646.tiff,nd1S05321,R,2/24/11
789397,/Users/odon/Desktop/intro_to_iris_recognition/Week 1/NDCVRL_002 Dataset/raw/nd1S05321/Right/789397.tiff,nd1S05321,R,3/8/11
794389,/Users/odon/Desktop/intro_to_iris_recognition/Week 1/NDCVRL_002 Dataset/raw/nd1S05321/Right/794389.tiff,nd1S05321,R,3/8/11
798285,/Users/odon/Desktop/intro_to_iris_recognition/Week 1/NDCVRL_002 Dataset/raw/nd1S05321/Right/798285.tiff,nd1S05321,R,3/8/11
799339,/Users/odon/Desktop/intro_to_iris_recognition/Week 1/NDCVRL_002 Dataset/raw/nd1S05321/Right/799339.tiff,nd1S05321,R,3/8/11
819148,/Users/odon/Desktop/intro_to_iris_recognition/Week 1/NDCVRL_002 Dataset/raw/nd1S05321/Right/819148.tiff,nd1S05321,R,3/22/11
819149,/Users/odon/Desktop/intro_to_iris_recognition/Week 1/NDCVRL_002 Dataset/raw/nd1S05321/Right/819149.tiff,nd1S05321,R,3/22/11
856632,/Users/odon/Desktop/intro_to_iris_recognition/Week 1/NDCVRL_002 Dataset/raw/nd1S05321/Right/856632.tiff,nd1S05321,R,4/12/11
861064,/Users/odon/Desktop/intro_to_iris_recognition/Week 1/NDCVRL_002 Dataset/raw/nd1S05321/Right/861064.tiff,nd1S05321,R,4/12/11
897034,/Users/odon/Desktop/intro_to_iris_recognition/Week 1/NDCVRL_002 Dataset/raw/nd1S05321/Right/897034.tiff,nd1S05321,R,4/26/11
897901,/Users/odon/Desktop/intro_to_iris_recognition/Week 1/NDCVRL_002 Dataset/raw/nd1S05321/Right/897901.tiff,nd1S05321,R,4/26/11
966410,/Users/odon/Desktop/intro_to_iris_recognition/Week 1/NDCVRL_002 Dataset/raw/nd1S05321/Right/966410.tiff,nd1S05321,R,9/28/11
586658,/Users/odon/Desktop/intro_to_iris_recognition/Week 1/NDCVRL_002 Dataset/raw/nd1S05338/Right/586658.tiff,nd1S05338,R,3/17/10
590594,/Users/odon/Desktop/intro_to_iris_recognition/Week 1/NDCVRL_002 Dataset/raw/nd1S05338/Right/590594.tiff,nd1S05338,R,3/17/10
590595,/Users/odon/Desktop/intro_to_iris_recognition/Week 1/NDCVRL_002 Dataset/raw/nd1S05338/Right/590595.tiff,nd1S05338,R,3/17/10
590596,/Users/odon/Desktop/intro_to_iris_recognition/Week 1/NDCVRL_002 Dataset/raw/nd1S05338/Right/590596.tiff,nd1S05338,R,3/17/10
590599,/Users/odon/Desktop/intro_to_iris_recognition/Week 1/NDCVRL_002 Dataset/raw/nd1S05338/Right/590599.tiff,nd1S05338,R,3/17/10
590600,/Users/odon/Desktop/intro_to_iris_recognition/Week 1/NDCVRL_002 Dataset/raw/nd1S05338/Right/590600.tiff,nd1S05338,R,3/17/10
590601,/Users/odon/Desktop/intro_to_iris_recognition/Week 1/NDCVRL_002 Dataset/raw/nd1S05338/Right/590601.tiff,nd1S05338,R,3/17/10
590602,/Users/odon/Desktop/intro_to_iris_recognition/Week 1/NDCVRL_002 Dataset/raw/nd1S05338/Right/590602.tiff,nd1S05338,R,3/17/10
590603,/Users/odon/Desktop/intro_to_iris_recognition/Week 1/NDCVRL_002 Dataset/raw/nd1S05338/Right/590603.tiff,nd1S05338,R,3/17/10
590604,/Users/odon/Desktop/intro_to_iris_recognition/Week 1/NDCVRL_002 Dataset/raw/nd1S05338/Right/590604.tiff,nd1S05338,R,3/17/10
590605,/Users/odon/Desktop/intro_to_iris_recognition/Week 1/NDCVRL_002 Dataset/raw/nd1S05338/Right/590605.tiff,nd1S05338,R,3/17/10
601541,/Users/odon/Desktop/intro_to_iris_recognition/Week 1/NDCVRL_002 Dataset/raw/nd1S05338/Right/601541.tiff,nd1S05338,R,4/14/10
601543,/Users/odon/Desktop/intro_to_iris_recognition/Week 1/NDCVRL_002 Dataset/raw/nd1S05338/Right/601543.tiff,nd1S05338,R,4/14/10
601545,/Users/odon/Desktop/intro_to_iris_recognition/Week 1/NDCVRL_002 Dataset/raw/nd1S05338/Right/601545.tiff,nd1S05338,R,4/14/10
605621,/Users/odon/Desktop/intro_to_iris_recognition/Week 1/NDCVRL_002 Dataset/raw/nd1S05338/Right/605621.tiff,nd1S05338,R,4/14/10
605622,/Users/odon/Desktop/intro_to_iris_recognition/Week 1/NDCVRL_002 Dataset/raw/nd1S05338/Right/605622.tiff,nd1S05338,R,4/14/10
605624,/Users/odon/Desktop/intro_to_iris_recognition/Week 1/NDCVRL_002 Dataset/raw/nd1S05338/Right/605624.tiff,nd1S05338,R,4/14/10
605625,/Users/odon/Desktop/intro_to_iris_recognition/Week 1/NDCVRL_002 Dataset/raw/nd1S05338/Right/605625.tiff,nd1S05338,R,4/14/10
605626,/Users/odon/Desktop/intro_to_iris_recognition/Week 1/NDCVRL_002 Dataset/raw/nd1S05338/Right/605626.tiff,nd1S05338,R,4/14/10
605627,/Users/odon/Desktop/intro_to_iris_recognition/Week 1/NDCVRL_002 Dataset/raw/nd1S05338/Right/605627.tiff,nd1S05338,R,4/14/10
605628,/Users/odon/Desktop/intro_to_iris_recognition/Week 1/NDCVRL_002 Dataset/raw/nd1S05338/Right/605628.tiff,nd1S05338,R,4/14/10
605629,/Users/odon/Desktop/intro_to_iris_recognition/Week 1/NDCVRL_002 Dataset/raw/nd1S05338/Right/605629.tiff,nd1S05338,R,4/14/10
605630,/Users/odon/Desktop/intro_to_iris_recognition/Week 1/NDCVRL_002 Dataset/raw/nd1S05338/Right/605630.tiff,nd1S05338,R,4/14/10
605631,/Users/odon/Desktop/intro_to_iris_recognition/Week 1/NDCVRL_002 Dataset/raw/nd1S05338/Right/605631.tiff,nd1S05338,R,4/14/10
605632,/Users/odon/Desktop/intro_to_iris_recognition/Week 1/NDCVRL_002 Dataset/raw/nd1S05338/Right/605632.tiff,nd1S05338,R,4/14/10
609656,/Users/odon/Desktop/intro_to_iris_recognition/Week 1/NDCVRL_002 Dataset/raw/nd1S05338/Right/609656.tiff,nd1S05338,R,4/28/10
609658,/Users/odon/Desktop/intro_to_iris_recognition/Week 1/NDCVRL_002 Dataset/raw/nd1S05338/Right/609658.tiff,nd1S05338,R,4/28/10
609660,/Users/odon/Desktop/intro_to_iris_recognition/Week 1/NDCVRL_002 Dataset/raw/nd1S05338/Right/609660.tiff,nd1S05338,R,4/28/10
614024,/Users/odon/Desktop/intro_to_iris_recognition/Week 1/NDCVRL_002 Dataset/raw/nd1S05338/Right/614024.tiff,nd1S05338,R,4/28/10
614025,/Users/odon/Desktop/intro_to_iris_recognition/Week 1/NDCVRL_002 Dataset/raw/nd1S05338/Right/614025.tiff,nd1S05338,R,4/28/10
614026,/Users/odon/Desktop/intro_to_iris_recognition/Week 1/NDCVRL_002 Dataset/raw/nd1S05338/Right/614026.tiff,nd1S05338,R,4/28/10
614027,/Users/odon/Desktop/intro_to_iris_recognition/Week 1/NDCVRL_002 Dataset/raw/nd1S05338/Right/614027.tiff,nd1S05338,R,4/28/10
614028,/Users/odon/Desktop/intro_to_iris_recognition/Week 1/NDCVRL_002 Dataset/raw/nd1S05338/Right/614028.tiff,nd1S05338,R,4/28/10
614029,/Users/odon/Desktop/intro_to_iris_recognition/Week 1/NDCVRL_002 Dataset/raw/nd1S05338/Right/614029.tiff,nd1S05338,R,4/28/10
614030,/Users/odon/Desktop/intro_to_iris_recognition/Week 1/NDCVRL_002 Dataset/raw/nd1S05338/Right/614030.tiff,nd1S05338,R,4/28/10
614031,/Users/odon/Desktop/intro_to_iris_recognition/Week 1/NDCVRL_002 Dataset/raw/nd1S05338/Right/614031.tiff,nd1S05338,R,4/28/10
614032,/Users/odon/Desktop/intro_to_iris_recognition/Week 1/NDCVRL_002 Dataset/raw/nd1S05338/Right/614032.tiff,nd1S05338,R,4/28/10
614034,/Users/odon/Desktop/intro_to_iris_recognition/Week 1/NDCVRL_002 Dataset/raw/nd1S05338/Right/614034.tiff,nd1S05338,R,4/28/10
614035,/Users/odon/Desktop/intro_to_iris_recognition/Week 1/NDCVRL_002 Dataset/raw/nd1S05338/Right/614035.tiff,nd1S05338,R,4/28/10
668546,/Users/odon/Desktop/intro_to_iris_recognition/Week 1/NDCVRL_002 Dataset/raw/nd1S05338/Right/668546.tiff,nd1S05338,R,4/12/07
668547,/Users/odon/Desktop/intro_to_iris_recognition/Week 1/NDCVRL_002 Dataset/raw/nd1S05338/Right/668547.tiff,nd1S05338,R,4/12/07
668548,/Users/odon/Desktop/intro_to_iris_recognition/Week 1/NDCVRL_002 Dataset/raw/nd1S05338/Right/668548.tiff,nd1S05338,R,4/12/07
668549,/Users/odon/Desktop/intro_to_iris_recognition/Week 1/NDCVRL_002 Dataset/raw/nd1S05338/Right/668549.tiff,nd1S05338,R,4/12/07
668550,/Users/odon/Desktop/intro_to_iris_recognition/Week 1/NDCVRL_002 Dataset/raw/nd1S05338/Right/668550.tiff,nd1S05338,R,4/12/07
668551,/Users/odon/Desktop/intro_to_iris_recognition/Week 1/NDCVRL_002 Dataset/raw/nd1S05338/Right/668551.tiff,nd1S05338,R,4/12/07
230272,/Users/odon/Desktop/intro_to_iris_recognition/Week 1/NDCVRL_002 Dataset/raw/nd1S05340/Left/230272.tiff,nd1S05340,L,3/25/08
230274,/Users/odon/Desktop/intro_to_iris_recognition/Week 1/NDCVRL_002 Dataset/raw/nd1S05340/Left/230274.tiff,nd1S05340,L,3/25/08
231081,/Users/odon/Desktop/intro_to_iris_recognition/Week 1/NDCVRL_002 Dataset/raw/nd1S05340/Left/231081.tiff,nd1S05340,L,3/25/08
232981,/Users/odon/Desktop/intro_to_iris_recognition/Week 1/NDCVRL_002 Dataset/raw/nd1S05340/Left/232981.tiff,nd1S05340,L,4/1/08
233626,/Users/odon/Desktop/intro_to_iris_recognition/Week 1/NDCVRL_002 Dataset/raw/nd1S05340/Left/233626.tiff,nd1S05340,L,4/1/08
233627,/Users/odon/Desktop/intro_to_iris_recognition/Week 1/NDCVRL_002 Dataset/raw/nd1S05340/Left/233627.tiff,nd1S05340,L,4/1/08
233630,/Users/odon/Desktop/intro_to_iris_recognition/Week 1/NDCVRL_002 Dataset/raw/nd1S05340/Left/233630.tiff,nd1S05340,L,4/1/08
668903,/Users/odon/Desktop/intro_to_iris_recognition/Week 1/NDCVRL_002 Dataset/raw/nd1S05340/Left/668903.tiff,nd1S05340,L,4/13/07
543147,/Users/odon/Desktop/intro_to_iris_recognition/Week 1/NDCVRL_002 Dataset/raw/nd1S05367/Left/543147.tiff,nd1S05367,L,1/28/10
543152,/Users/odon/Desktop/intro_to_iris_recognition/Week 1/NDCVRL_002 Dataset/raw/nd1S05367/Left/543152.tiff,nd1S05367,L,1/28/10
543153,/Users/odon/Desktop/intro_to_iris_recognition/Week 1/NDCVRL_002 Dataset/raw/nd1S05367/Left/543153.tiff,nd1S05367,L,1/28/10
592380,/Users/odon/Desktop/intro_to_iris_recognition/Week 1/NDCVRL_002 Dataset/raw/nd1S05367/Left/592380.tiff,nd1S05367,L,3/18/10
592387,/Users/odon/Desktop/intro_to_iris_recognition/Week 1/NDCVRL_002 Dataset/raw/nd1S05367/Left/592387.tiff,nd1S05367,L,3/18/10
592390,/Users/odon/Desktop/intro_to_iris_recognition/Week 1/NDCVRL_002 Dataset/raw/nd1S05367/Left/592390.tiff,nd1S05367,L,3/18/10
608662,/Users/odon/Desktop/intro_to_iris_recognition/Week 1/NDCVRL_002 Dataset/raw/nd1S05367/Left/608662.tiff,nd1S05367,L,4/15/10
608664,/Users/odon/Desktop/intro_to_iris_recognition/Week 1/NDCVRL_002 Dataset/raw/nd1S05367/Left/608664.tiff,nd1S05367,L,4/15/10
608668,/Users/odon/Desktop/intro_to_iris_recognition/Week 1/NDCVRL_002 Dataset/raw/nd1S05367/Left/608668.tiff,nd1S05367,L,4/15/10
677064,/Users/odon/Desktop/intro_to_iris_recognition/Week 1/NDCVRL_002 Dataset/raw/nd1S05367/Left/677064.tiff,nd1S05367,L,10/28/10
677074,/Users/odon/Desktop/intro_to_iris_recognition/Week 1/NDCVRL_002 Dataset/raw/nd1S05367/Left/677074.tiff,nd1S05367,L,10/28/10
677079,/Users/odon/Desktop/intro_to_iris_recognition/Week 1/NDCVRL_002 Dataset/raw/nd1S05367/Left/677079.tiff,nd1S05367,L,10/28/10
518313,/Users/odon/Desktop/intro_to_iris_recognition/Week 1/NDCVRL_002 Dataset/raw/nd1S05373/Left/518313.tiff,nd1S05373,L,12/1/09
518314,/Users/odon/Desktop/intro_to_iris_recognition/Week 1/NDCVRL_002 Dataset/raw/nd1S05373/Left/518314.tiff,nd1S05373,L,12/1/09
518318,/Users/odon/Desktop/intro_to_iris_recognition/Week 1/NDCVRL_002 Dataset/raw/nd1S05373/Left/518318.tiff,nd1S05373,L,12/1/09
523403,/Users/odon/Desktop/intro_to_iris_recognition/Week 1/NDCVRL_002 Dataset/raw/nd1S05373/Left/523403.tiff,nd1S05373,L,12/1/09
537378,/Users/odon/Desktop/intro_to_iris_recognition/Week 1/NDCVRL_002 Dataset/raw/nd1S05373/Left/537378.tiff,nd1S05373,L,1/28/10
541444,/Users/odon/Desktop/intro_to_iris_recognition/Week 1/NDCVRL_002 Dataset/raw/nd1S05373/Left/541444.tiff,nd1S05373,L,1/28/10
541455,/Users/odon/Desktop/intro_to_iris_recognition/Week 1/NDCVRL_002 Dataset/raw/nd1S05373/Left/541455.tiff,nd1S05373,L,1/28/10
554049,/Users/odon/Desktop/intro_to_iris_recognition/Week 1/NDCVRL_002 Dataset/raw/nd1S05373/Left/554049.tiff,nd1S05373,L,2/9/10
556792,/Users/odon/Desktop/intro_to_iris_recognition/Week 1/NDCVRL_002 Dataset/raw/nd1S05373/Left/556792.tiff,nd1S05373,L,2/9/10
556795,/Users/odon/Desktop/intro_to_iris_recognition/Week 1/NDCVRL_002 Dataset/raw/nd1S05373/Left/556795.tiff,nd1S05373,L,2/9/10
515671,/Users/odon/Desktop/intro_to_iris_recognition/Week 1/NDCVRL_002 Dataset/raw/nd1S05373/Right/515671.tiff,nd1S05373,R,11/18/09
515672,/Users/odon/Desktop/intro_to_iris_recognition/Week 1/NDCVRL_002 Dataset/raw/nd1S05373/Right/515672.tiff,nd1S05373,R,11/18/09
518326,/Users/odon/Desktop/intro_to_iris_recognition/Week 1/NDCVRL_002 Dataset/raw/nd1S05373/Right/518326.tiff,nd1S05373,R,12/1/09
518331,/Users/odon/Desktop/intro_to_iris_recognition/Week 1/NDCVRL_002 Dataset/raw/nd1S05373/Right/518331.tiff,nd1S05373,R,12/1/09
518334,/Users/odon/Desktop/intro_to_iris_recognition/Week 1/NDCVRL_002 Dataset/raw/nd1S05373/Right/518334.tiff,nd1S05373,R,12/1/09
518335,/Users/odon/Desktop/intro_to_iris_recognition/Week 1/NDCVRL_002 Dataset/raw/nd1S05373/Right/518335.tiff,nd1S05373,R,12/1/09
537379,/Users/odon/Desktop/intro_to_iris_recognition/Week 1/NDCVRL_002 Dataset/raw/nd1S05373/Right/537379.tiff,nd1S05373,R,1/28/10
541462,/Users/odon/Desktop/intro_to_iris_recognition/Week 1/NDCVRL_002 Dataset/raw/nd1S05373/Right/541462.tiff,nd1S05373,R,1/28/10
554054,/Users/odon/Desktop/intro_to_iris_recognition/Week 1/NDCVRL_002 Dataset/raw/nd1S05373/Right/554054.tiff,nd1S05373,R,2/9/10
556804,/Users/odon/Desktop/intro_to_iris_recognition/Week 1/NDCVRL_002 Dataset/raw/nd1S05373/Right/556804.tiff,nd1S05373,R,2/9/10
528167,/Users/odon/Desktop/intro_to_iris_recognition/Week 1/NDCVRL_002 Dataset/raw/nd1S05375/Right/528167.tiff,nd1S05375,R,11/3/09
554394,/Users/odon/Desktop/intro_to_iris_recognition/Week 1/NDCVRL_002 Dataset/raw/nd1S05375/Right/554394.tiff,nd1S05375,R,2/10/10
558229,/Users/odon/Desktop/intro_to_iris_recognition/Week 1/NDCVRL_002 Dataset/raw/nd1S05375/Right/558229.tiff,nd1S05375,R,2/10/10
558231,/Users/odon/Desktop/intro_to_iris_recognition/Week 1/NDCVRL_002 Dataset/raw/nd1S05375/Right/558231.tiff,nd1S05375,R,2/10/10
580714,/Users/odon/Desktop/intro_to_iris_recognition/Week 1/NDCVRL_002 Dataset/raw/nd1S05375/Right/580714.tiff,nd1S05375,R,2/23/10
580718,/Users/odon/Desktop/intro_to_iris_recognition/Week 1/NDCVRL_002 Dataset/raw/nd1S05375/Right/580718.tiff,nd1S05375,R,2/23/10
586534,/Users/odon/Desktop/intro_to_iris_recognition/Week 1/NDCVRL_002 Dataset/raw/nd1S05375/Right/586534.tiff,nd1S05375,R,3/17/10
590058,/Users/odon/Desktop/intro_to_iris_recognition/Week 1/NDCVRL_002 Dataset/raw/nd1S05375/Right/590058.tiff,nd1S05375,R,3/17/10
590059,/Users/odon/Desktop/intro_to_iris_recognition/Week 1/NDCVRL_002 Dataset/raw/nd1S05375/Right/590059.tiff,nd1S05375,R,3/17/10
590064,/Users/odon/Desktop/intro_to_iris_recognition/Week 1/NDCVRL_002 Dataset/raw/nd1S05375/Right/590064.tiff,nd1S05375,R,3/17/10
601809,/Users/odon/Desktop/intro_to_iris_recognition/Week 1/NDCVRL_002 Dataset/raw/nd1S05375/Right/601809.tiff,nd1S05375,R,4/15/10
606712,/Users/odon/Desktop/intro_to_iris_recognition/Week 1/NDCVRL_002 Dataset/raw/nd1S05375/Right/606712.tiff,nd1S05375,R,4/15/10
606714,/Users/odon/Desktop/intro_to_iris_recognition/Week 1/NDCVRL_002 Dataset/raw/nd1S05375/Right/606714.tiff,nd1S05375,R,4/15/10
606718,/Users/odon/Desktop/intro_to_iris_recognition/Week 1/NDCVRL_002 Dataset/raw/nd1S05375/Right/606718.tiff,nd1S05375,R,4/15/10
606721,/Users/odon/Desktop/intro_to_iris_recognition/Week 1/NDCVRL_002 Dataset/raw/nd1S05375/Right/606721.tiff,nd1S05375,R,4/15/10
1016516,/Users/odon/Desktop/intro_to_iris_recognition/Week 1/NDCVRL_002 Dataset/raw/nd1S05379/Left/1016516.tiff,nd1S05379,L,10/26/11
1041765,/Users/odon/Desktop/intro_to_iris_recognition/Week 1/NDCVRL_002 Dataset/raw/nd1S05379/Left/1041765.tiff,nd1S05379,L,11/10/11
1044449,/Users/odon/Desktop/intro_to_iris_recognition/Week 1/NDCVRL_002 Dataset/raw/nd1S05379/Left/1044449.tiff,nd1S05379,L,11/10/11
1064105,/Users/odon/Desktop/intro_to_iris_recognition/Week 1/NDCVRL_002 Dataset/raw/nd1S05379/Left/1064105.tiff,nd1S05379,L,2/9/12
1089811,/Users/odon/Desktop/intro_to_iris_recognition/Week 1/NDCVRL_002 Dataset/raw/nd1S05379/Left/1089811.tiff,nd1S05379,L,2/23/12
1103595,/Users/odon/Desktop/intro_to_iris_recognition/Week 1/NDCVRL_002 Dataset/raw/nd1S05379/Left/1103595.tiff,nd1S05379,L,3/6/12
1103606,/Users/odon/Desktop/intro_to_iris_recognition/Week 1/NDCVRL_002 Dataset/raw/nd1S05379/Left/1103606.tiff,nd1S05379,L,3/6/12
1103608,/Users/odon/Desktop/intro_to_iris_recognition/Week 1/NDCVRL_002 Dataset/raw/nd1S05379/Left/1103608.tiff,nd1S05379,L,3/6/12
1133775,/Users/odon/Desktop/intro_to_iris_recognition/Week 1/NDCVRL_002 Dataset/raw/nd1S05379/Left/1133775.tiff,nd1S05379,L,3/29/12
1134260,/Users/odon/Desktop/intro_to_iris_recognition/Week 1/NDCVRL_002 Dataset/raw/nd1S05379/Left/1134260.tiff,nd1S05379,L,3/29/12
1135912,/Users/odon/Desktop/intro_to_iris_recognition/Week 1/NDCVRL_002 Dataset/raw/nd1S05379/Left/1135912.tiff,nd1S05379,L,3/29/12
1135925,/Users/odon/Desktop/intro_to_iris_recognition/Week 1/NDCVRL_002 Dataset/raw/nd1S05379/Left/1135925.tiff,nd1S05379,L,3/29/12
255785,/Users/odon/Desktop/intro_to_iris_recognition/Week 1/NDCVRL_002 Dataset/raw/nd1S05379/Left/255785.tiff,nd1S05379,L,9/10/08
263015,/Users/odon/Desktop/intro_to_iris_recognition/Week 1/NDCVRL_002 Dataset/raw/nd1S05379/Left/263015.tiff,nd1S05379,L,9/25/08
263020,/Users/odon/Desktop/intro_to_iris_recognition/Week 1/NDCVRL_002 Dataset/raw/nd1S05379/Left/263020.tiff,nd1S05379,L,9/25/08
280885,/Users/odon/Desktop/intro_to_iris_recognition/Week 1/NDCVRL_002 Dataset/raw/nd1S05379/Left/280885.tiff,nd1S05379,L,11/11/08
411366,/Users/odon/Desktop/intro_to_iris_recognition/Week 1/NDCVRL_002 Dataset/raw/nd1S05379/Left/411366.tiff,nd1S05379,L,3/3/09
511453,/Users/odon/Desktop/intro_to_iris_recognition/Week 1/NDCVRL_002 Dataset/raw/nd1S05379/Left/511453.tiff,nd1S05379,L,11/17/09
513777,/Users/odon/Desktop/intro_to_iris_recognition/Week 1/NDCVRL_002 Dataset/raw/nd1S05379/Left/513777.tiff,nd1S05379,L,11/17/09
523803,/Users/odon/Desktop/intro_to_iris_recognition/Week 1/NDCVRL_002 Dataset/raw/nd1S05379/Left/523803.tiff,nd1S05379,L,12/2/09
559951,/Users/odon/Desktop/intro_to_iris_recognition/Week 1/NDCVRL_002 Dataset/raw/nd1S05379/Left/559951.tiff,nd1S05379,L,2/11/10
581700,/Users/odon/Desktop/intro_to_iris_recognition/Week 1/NDCVRL_002 Dataset/raw/nd1S05379/Left/581700.tiff,nd1S05379,L,2/23/10
581704,/Users/odon/Desktop/intro_to_iris_recognition/Week 1/NDCVRL_002 Dataset/raw/nd1S05379/Left/581704.tiff,nd1S05379,L,2/23/10
588249,/Users/odon/Desktop/intro_to_iris_recognition/Week 1/NDCVRL_002 Dataset/raw/nd1S05379/Left/588249.tiff,nd1S05379,L,3/16/10
603534,/Users/odon/Desktop/intro_to_iris_recognition/Week 1/NDCVRL_002 Dataset/raw/nd1S05379/Left/603534.tiff,nd1S05379,L,4/13/10
613532,/Users/odon/Desktop/intro_to_iris_recognition/Week 1/NDCVRL_002 Dataset/raw/nd1S05379/Left/613532.tiff,nd1S05379,L,4/28/10
613537,/Users/odon/Desktop/intro_to_iris_recognition/Week 1/NDCVRL_002 Dataset/raw/nd1S05379/Left/613537.tiff,nd1S05379,L,4/28/10
613540,/Users/odon/Desktop/intro_to_iris_recognition/Week 1/NDCVRL_002 Dataset/raw/nd1S05379/Left/613540.tiff,nd1S05379,L,4/28/10
613543,/Users/odon/Desktop/intro_to_iris_recognition/Week 1/NDCVRL_002 Dataset/raw/nd1S05379/Left/613543.tiff,nd1S05379,L,4/28/10
705267,/Users/odon/Desktop/intro_to_iris_recognition/Week 1/NDCVRL_002 Dataset/raw/nd1S05379/Left/705267.tiff,nd1S05379,L,1/25/11
721337,/Users/odon/Desktop/intro_to_iris_recognition/Week 1/NDCVRL_002 Dataset/raw/nd1S05379/Left/721337.tiff,nd1S05379,L,2/8/11
731247,/Users/odon/Desktop/intro_to_iris_recognition/Week 1/NDCVRL_002 Dataset/raw/nd1S05379/Left/731247.tiff,nd1S05379,L,2/8/11
757726,/Users/odon/Desktop/intro_to_iris_recognition/Week 1/NDCVRL_002 Dataset/raw/nd1S05379/Left/757726.tiff,nd1S05379,L,2/23/11
762363,/Users/odon/Desktop/intro_to_iris_recognition/Week 1/NDCVRL_002 Dataset/raw/nd1S05379/Left/762363.tiff,nd1S05379,L,2/23/11
827464,/Users/odon/Desktop/intro_to_iris_recognition/Week 1/NDCVRL_002 Dataset/raw/nd1S05379/Left/827464.tiff,nd1S05379,L,3/23/11
828763,/Users/odon/Desktop/intro_to_iris_recognition/Week 1/NDCVRL_002 Dataset/raw/nd1S05379/Left/828763.tiff,nd1S05379,L,3/23/11
868675,/Users/odon/Desktop/intro_to_iris_recognition/Week 1/NDCVRL_002 Dataset/raw/nd1S05379/Left/868675.tiff,nd1S05379,L,4/14/11
872537,/Users/odon/Desktop/intro_to_iris_recognition/Week 1/NDCVRL_002 Dataset/raw/nd1S05379/Left/872537.tiff,nd1S05379,L,4/14/11
896827,/Users/odon/Desktop/intro_to_iris_recognition/Week 1/NDCVRL_002 Dataset/raw/nd1S05379/Left/896827.tiff,nd1S05379,L,4/26/11
896837,/Users/odon/Desktop/intro_to_iris_recognition/Week 1/NDCVRL_002 Dataset/raw/nd1S05379/Left/896837.tiff,nd1S05379,L,4/26/11
900135,/Users/odon/Desktop/intro_to_iris_recognition/Week 1/NDCVRL_002 Dataset/raw/nd1S05379/Left/900135.tiff,nd1S05379,L,4/26/11
901428,/Users/odon/Desktop/intro_to_iris_recognition/Week 1/NDCVRL_002 Dataset/raw/nd1S05379/Left/901428.tiff,nd1S05379,L,4/26/11
934927,/Users/odon/Desktop/intro_to_iris_recognition/Week 1/NDCVRL_002 Dataset/raw/nd1S05379/Left/934927.tiff,nd1S05379,L,9/18/07
935109,/Users/odon/Desktop/intro_to_iris_recognition/Week 1/NDCVRL_002 Dataset/raw/nd1S05379/Left/935109.tiff,nd1S05379,L,10/2/07
935116,/Users/odon/Desktop/intro_to_iris_recognition/Week 1/NDCVRL_002 Dataset/raw/nd1S05379/Left/935116.tiff,nd1S05379,L,10/2/07
943990,/Users/odon/Desktop/intro_to_iris_recognition/Week 1/NDCVRL_002 Dataset/raw/nd1S05379/Left/943990.tiff,nd1S05379,L,9/15/11
946280,/Users/odon/Desktop/intro_to_iris_recognition/Week 1/NDCVRL_002 Dataset/raw/nd1S05379/Left/946280.tiff,nd1S05379,L,9/15/11
969415,/Users/odon/Desktop/intro_to_iris_recognition/Week 1/NDCVRL_002 Dataset/raw/nd1S05379/Left/969415.tiff,nd1S05379,L,9/29/11
970837,/Users/odon/Desktop/intro_to_iris_recognition/Week 1/NDCVRL_002 Dataset/raw/nd1S05379/Left/970837.tiff,nd1S05379,L,9/29/11
997374,/Users/odon/Desktop/intro_to_iris_recognition/Week 1/NDCVRL_002 Dataset/raw/nd1S05379/Left/997374.tiff,nd1S05379,L,10/13/11
1041770,/Users/odon/Desktop/intro_to_iris_recognition/Week 1/NDCVRL_002 Dataset/raw/nd1S05379/Right/1041770.tiff,nd1S05379,R,11/10/11
1044445,/Users/odon/Desktop/intro_to_iris_recognition/Week 1/NDCVRL_002 Dataset/raw/nd1S05379/Right/1044445.tiff,nd1S05379,R,11/10/11
1103603,/Users/odon/Desktop/intro_to_iris_recognition/Week 1/NDCVRL_002 Dataset/raw/nd1S05379/Right/1103603.tiff,nd1S05379,R,3/6/12
1135920,/Users/odon/Desktop/intro_to_iris_recognition/Week 1/NDCVRL_002 Dataset/raw/nd1S05379/Right/1135920.tiff,nd1S05379,R,3/29/12
228796,/Users/odon/Desktop/intro_to_iris_recognition/Week 1/NDCVRL_002 Dataset/raw/nd1S05379/Right/228796.tiff,nd1S05379,R,3/13/08
228798,/Users/odon/Desktop/intro_to_iris_recognition/Week 1/NDCVRL_002 Dataset/raw/nd1S05379/Right/228798.tiff,nd1S05379,R,3/13/08
230475,/Users/odon/Desktop/intro_to_iris_recognition/Week 1/NDCVRL_002 Dataset/raw/nd1S05379/Right/230475.tiff,nd1S05379,R,3/26/08
233242,/Users/odon/Desktop/intro_to_iris_recognition/Week 1/NDCVRL_002 Dataset/raw/nd1S05379/Right/233242.tiff,nd1S05379,R,4/2/08
236172,/Users/odon/Desktop/intro_to_iris_recognition/Week 1/NDCVRL_002 Dataset/raw/nd1S05379/Right/236172.tiff,nd1S05379,R,4/10/08
237693,/Users/odon/Desktop/intro_to_iris_recognition/Week 1/NDCVRL_002 Dataset/raw/nd1S05379/Right/237693.tiff,nd1S05379,R,4/10/08
237696,/Users/odon/Desktop/intro_to_iris_recognition/Week 1/NDCVRL_002 Dataset/raw/nd1S05379/Right/237696.tiff,nd1S05379,R,4/10/08
241947,/Users/odon/Desktop/intro_to_iris_recognition/Week 1/NDCVRL_002 Dataset/raw/nd1S05379/Right/241947.tiff,nd1S05379,R,4/24/08
241951,/Users/odon/Desktop/intro_to_iris_recognition/Week 1/NDCVRL_002 Dataset/raw/nd1S05379/Right/241951.tiff,nd1S05379,R,4/24/08
255797,/Users/odon/Desktop/intro_to_iris_recognition/Week 1/NDCVRL_002 Dataset/raw/nd1S05379/Right/255797.tiff,nd1S05379,R,9/10/08
278768,/Users/odon/Desktop/intro_to_iris_recognition/Week 1/NDCVRL_002 Dataset/raw/nd1S05379/Right/278768.tiff,nd1S05379,R,10/30/08
285608,/Users/odon/Desktop/intro_to_iris_recognition/Week 1/NDCVRL_002 Dataset/raw/nd1S05379/Right/285608.tiff,nd1S05379,R,12/3/08
285610,/Users/odon/Desktop/intro_to_iris_recognition/Week 1/NDCVRL_002 Dataset/raw/nd1S05379/Right/285610.tiff,nd1S05379,R,12/3/08
411372,/Users/odon/Desktop/intro_to_iris_recognition/Week 1/NDCVRL_002 Dataset/raw/nd1S05379/Right/411372.tiff,nd1S05379,R,3/3/09
432868,/Users/odon/Desktop/intro_to_iris_recognition/Week 1/NDCVRL_002 Dataset/raw/nd1S05379/Right/432868.tiff,nd1S05379,R,3/25/09
441338,/Users/odon/Desktop/intro_to_iris_recognition/Week 1/NDCVRL_002 Dataset/raw/nd1S05379/Right/441338.tiff,nd1S05379,R,4/21/09
519992,/Users/odon/Desktop/intro_to_iris_recognition/Week 1/NDCVRL_002 Dataset/raw/nd1S05379/Right/519992.tiff,nd1S05379,R,12/2/09
519997,/Users/odon/Desktop/intro_to_iris_recognition/Week 1/NDCVRL_002 Dataset/raw/nd1S05379/Right/519997.tiff,nd1S05379,R,12/2/09
539336,/Users/odon/Desktop/intro_to_iris_recognition/Week 1/NDCVRL_002 Dataset/raw/nd1S05379/Right/539336.tiff,nd1S05379,R,1/26/10
581712,/Users/odon/Desktop/intro_to_iris_recognition/Week 1/NDCVRL_002 Dataset/raw/nd1S05379/Right/581712.tiff,nd1S05379,R,2/23/10
581714,/Users/odon/Desktop/intro_to_iris_recognition/Week 1/NDCVRL_002 Dataset/raw/nd1S05379/Right/581714.tiff,nd1S05379,R,2/23/10
588259,/Users/odon/Desktop/intro_to_iris_recognition/Week 1/NDCVRL_002 Dataset/raw/nd1S05379/Right/588259.tiff,nd1S05379,R,3/16/10
588265,/Users/odon/Desktop/intro_to_iris_recognition/Week 1/NDCVRL_002 Dataset/raw/nd1S05379/Right/588265.tiff,nd1S05379,R,3/16/10
588267,/Users/odon/Desktop/intro_to_iris_recognition/Week 1/NDCVRL_002 Dataset/raw/nd1S05379/Right/588267.tiff,nd1S05379,R,3/16/10
603547,/Users/odon/Desktop/intro_to_iris_recognition/Week 1/NDCVRL_002 Dataset/raw/nd1S05379/Right/603547.tiff,nd1S05379,R,4/13/10
613545,/Users/odon/Desktop/intro_to_iris_recognition/Week 1/NDCVRL_002 Dataset/raw/nd1S05379/Right/613545.tiff,nd1S05379,R,4/28/10
673352,/Users/odon/Desktop/intro_to_iris_recognition/Week 1/NDCVRL_002 Dataset/raw/nd1S05379/Right/673352.tiff,nd1S05379,R,10/26/10
673354,/Users/odon/Desktop/intro_to_iris_recognition/Week 1/NDCVRL_002 Dataset/raw/nd1S05379/Right/673354.tiff,nd1S05379,R,10/26/10
673361,/Users/odon/Desktop/intro_to_iris_recognition/Week 1/NDCVRL_002 Dataset/raw/nd1S05379/Right/673361.tiff,nd1S05379,R,10/26/10
693968,/Users/odon/Desktop/intro_to_iris_recognition/Week 1/NDCVRL_002 Dataset/raw/nd1S05379/Right/693968.tiff,nd1S05379,R,11/30/10
701027,/Users/odon/Desktop/intro_to_iris_recognition/Week 1/NDCVRL_002 Dataset/raw/nd1S05379/Right/701027.tiff,nd1S05379,R,11/30/10
721332,/Users/odon/Desktop/intro_to_iris_recognition/Week 1/NDCVRL_002 Dataset/raw/nd1S05379/Right/721332.tiff,nd1S05379,R,2/8/11
721335,/Users/odon/Desktop/intro_to_iris_recognition/Week 1/NDCVRL_002 Dataset/raw/nd1S05379/Right/721335.tiff,nd1S05379,R,2/8/11
721342,/Users/odon/Desktop/intro_to_iris_recognition/Week 1/NDCVRL_002 Dataset/raw/nd1S05379/Right/721342.tiff,nd1S05379,R,2/8/11
721345,/Users/odon/Desktop/intro_to_iris_recognition/Week 1/NDCVRL_002 Dataset/raw/nd1S05379/Right/721345.tiff,nd1S05379,R,2/8/11
726899,/Users/odon/Desktop/intro_to_iris_recognition/Week 1/NDCVRL_002 Dataset/raw/nd1S05379/Right/726899.tiff,nd1S05379,R,2/8/11
827465,/Users/odon/Desktop/intro_to_iris_recognition/Week 1/NDCVRL_002 Dataset/raw/nd1S05379/Right/827465.tiff,nd1S05379,R,3/23/11
896832,/Users/odon/Desktop/intro_to_iris_recognition/Week 1/NDCVRL_002 Dataset/raw/nd1S05379/Right/896832.tiff,nd1S05379,R,4/26/11
896838,/Users/odon/Desktop/intro_to_iris_recognition/Week 1/NDCVRL_002 Dataset/raw/nd1S05379/Right/896838.tiff,nd1S05379,R,4/26/11
896839,/Users/odon/Desktop/intro_to_iris_recognition/Week 1/NDCVRL_002 Dataset/raw/nd1S05379/Right/896839.tiff,nd1S05379,R,4/26/11
897855,/Users/odon/Desktop/intro_to_iris_recognition/Week 1/NDCVRL_002 Dataset/raw/nd1S05379/Right/897855.tiff,nd1S05379,R,4/26/11
935341,/Users/odon/Desktop/intro_to_iris_recognition/Week 1/NDCVRL_002 Dataset/raw/nd1S05379/Right/935341.tiff,nd1S05379,R,9/3/07
935485,/Users/odon/Desktop/intro_to_iris_recognition/Week 1/NDCVRL_002 Dataset/raw/nd1S05379/Right/935485.tiff,nd1S05379,R,9/18/07
935490,/Users/odon/Desktop/intro_to_iris_recognition/Week 1/NDCVRL_002 Dataset/raw/nd1S05379/Right/935490.tiff,nd1S05379,R,9/18/07
943991,/Users/odon/Desktop/intro_to_iris_recognition/Week 1/NDCVRL_002 Dataset/raw/nd1S05379/Right/943991.tiff,nd1S05379,R,9/15/11
228562,/Users/odon/Desktop/intro_to_iris_recognition/Week 1/NDCVRL_002 Dataset/raw/nd1S05405/Right/228562.tiff,nd1S05405,R,3/12/08
229407,/Users/odon/Desktop/intro_to_iris_recognition/Week 1/NDCVRL_002 Dataset/raw/nd1S05405/Right/229407.tiff,nd1S05405,R,3/12/08
231096,/Users/odon/Desktop/intro_to_iris_recognition/Week 1/NDCVRL_002 Dataset/raw/nd1S05405/Right/231096.tiff,nd1S05405,R,3/25/08
231097,/Users/odon/Desktop/intro_to_iris_recognition/Week 1/NDCVRL_002 Dataset/raw/nd1S05405/Right/231097.tiff,nd1S05405,R,3/25/08
231100,/Users/odon/Desktop/intro_to_iris_recognition/Week 1/NDCVRL_002 Dataset/raw/nd1S05405/Right/231100.tiff,nd1S05405,R,3/25/08
233068,/Users/odon/Desktop/intro_to_iris_recognition/Week 1/NDCVRL_002 Dataset/raw/nd1S05405/Right/233068.tiff,nd1S05405,R,4/1/08
233813,/Users/odon/Desktop/intro_to_iris_recognition/Week 1/NDCVRL_002 Dataset/raw/nd1S05405/Right/233813.tiff,nd1S05405,R,4/1/08
237912,/Users/odon/Desktop/intro_to_iris_recognition/Week 1/NDCVRL_002 Dataset/raw/nd1S05405/Right/237912.tiff,nd1S05405,R,4/10/08
241648,/Users/odon/Desktop/intro_to_iris_recognition/Week 1/NDCVRL_002 Dataset/raw/nd1S05405/Right/241648.tiff,nd1S05405,R,4/23/08
241651,/Users/odon/Desktop/intro_to_iris_recognition/Week 1/NDCVRL_002 Dataset/raw/nd1S05405/Right/241651.tiff,nd1S05405,R,4/23/08
244163,/Users/odon/Desktop/intro_to_iris_recognition/Week 1/NDCVRL_002 Dataset/raw/nd1S05405/Right/244163.tiff,nd1S05405,R,4/29/08
244167,/Users/odon/Desktop/intro_to_iris_recognition/Week 1/NDCVRL_002 Dataset/raw/nd1S05405/Right/244167.tiff,nd1S05405,R,4/29/08
257450,/Users/odon/Desktop/intro_to_iris_recognition/Week 1/NDCVRL_002 Dataset/raw/nd1S05405/Right/257450.tiff,nd1S05405,R,9/11/08
257456,/Users/odon/Desktop/intro_to_iris_recognition/Week 1/NDCVRL_002 Dataset/raw/nd1S05405/Right/257456.tiff,nd1S05405,R,9/11/08
263546,/Users/odon/Desktop/intro_to_iris_recognition/Week 1/NDCVRL_002 Dataset/raw/nd1S05405/Right/263546.tiff,nd1S05405,R,9/25/08
279553,/Users/odon/Desktop/intro_to_iris_recognition/Week 1/NDCVRL_002 Dataset/raw/nd1S05405/Right/279553.tiff,nd1S05405,R,10/30/08
288233,/Users/odon/Desktop/intro_to_iris_recognition/Week 1/NDCVRL_002 Dataset/raw/nd1S05405/Right/288233.tiff,nd1S05405,R,12/4/08
447212,/Users/odon/Desktop/intro_to_iris_recognition/Week 1/NDCVRL_002 Dataset/raw/nd1S05405/Right/447212.tiff,nd1S05405,R,4/22/09
447216,/Users/odon/Desktop/intro_to_iris_recognition/Week 1/NDCVRL_002 Dataset/raw/nd1S05405/Right/447216.tiff,nd1S05405,R,4/22/09
869141,/Users/odon/Desktop/intro_to_iris_recognition/Week 1/NDCVRL_002 Dataset/raw/nd1S05407/Left/869141.tiff,nd1S05407,L,4/14/11
869145,/Users/odon/Desktop/intro_to_iris_recognition/Week 1/NDCVRL_002 Dataset/raw/nd1S05407/Left/869145.tiff,nd1S05407,L,4/14/11
869151,/Users/odon/Desktop/intro_to_iris_recognition/Week 1/NDCVRL_002 Dataset/raw/nd1S05407/Left/869151.tiff,nd1S05407,L,4/14/11
869152,/Users/odon/Desktop/intro_to_iris_recognition/Week 1/NDCVRL_002 Dataset/raw/nd1S05407/Left/869152.tiff,nd1S05407,L,4/14/11
869153,/Users/odon/Desktop/intro_to_iris_recognition/Week 1/NDCVRL_002 Dataset/raw/nd1S05407/Left/869153.tiff,nd1S05407,L,4/14/11
869154,/Users/odon/Desktop/intro_to_iris_recognition/Week 1/NDCVRL_002 Dataset/raw/nd1S05407/Left/869154.tiff,nd1S05407,L,4/14/11
871122,/Users/odon/Desktop/intro_to_iris_recognition/Week 1/NDCVRL_002 Dataset/raw/nd1S05407/Left/871122.tiff,nd1S05407,L,4/14/11
871123,/Users/odon/Desktop/intro_to_iris_recognition/Week 1/NDCVRL_002 Dataset/raw/nd1S05407/Left/871123.tiff,nd1S05407,L,4/14/11
871124,/Users/odon/Desktop/intro_to_iris_recognition/Week 1/NDCVRL_002 Dataset/raw/nd1S05407/Left/871124.tiff,nd1S05407,L,4/14/11
871125,/Users/odon/Desktop/intro_to_iris_recognition/Week 1/NDCVRL_002 Dataset/raw/nd1S05407/Left/871125.tiff,nd1S05407,L,4/14/11
872055,/Users/odon/Desktop/intro_to_iris_recognition/Week 1/NDCVRL_002 Dataset/raw/nd1S05407/Left/872055.tiff,nd1S05407,L,4/14/11
872056,/Users/odon/Desktop/intro_to_iris_recognition/Week 1/NDCVRL_002 Dataset/raw/nd1S05407/Left/872056.tiff,nd1S05407,L,4/14/11
872057,/Users/odon/Desktop/intro_to_iris_recognition/Week 1/NDCVRL_002 Dataset/raw/nd1S05407/Left/872057.tiff,nd1S05407,L,4/14/11
872058,/Users/odon/Desktop/intro_to_iris_recognition/Week 1/NDCVRL_002 Dataset/raw/nd1S05407/Left/872058.tiff,nd1S05407,L,4/14/11
872723,/Users/odon/Desktop/intro_to_iris_recognition/Week 1/NDCVRL_002 Dataset/raw/nd1S05407/Left/872723.tiff,nd1S05407,L,4/14/11
872724,/Users/odon/Desktop/intro_to_iris_recognition/Week 1/NDCVRL_002 Dataset/raw/nd1S05407/Left/872724.tiff,nd1S05407,L,4/14/11
873542,/Users/odon/Desktop/intro_to_iris_recognition/Week 1/NDCVRL_002 Dataset/raw/nd1S05407/Left/873542.tiff,nd1S05407,L,4/14/11
873544,/Users/odon/Desktop/intro_to_iris_recognition/Week 1/NDCVRL_002 Dataset/raw/nd1S05407/Left/873544.tiff,nd1S05407,L,4/14/11
873546,/Users/odon/Desktop/intro_to_iris_recognition/Week 1/NDCVRL_002 Dataset/raw/nd1S05407/Left/873546.tiff,nd1S05407,L,4/14/11
902897,/Users/odon/Desktop/intro_to_iris_recognition/Week 1/NDCVRL_002 Dataset/raw/nd1S05407/Left/902897.tiff,nd1S05407,L,4/27/11
902907,/Users/odon/Desktop/intro_to_iris_recognition/Week 1/NDCVRL_002 Dataset/raw/nd1S05407/Left/902907.tiff,nd1S05407,L,4/27/11
902908,/Users/odon/Desktop/intro_to_iris_recognition/Week 1/NDCVRL_002 Dataset/raw/nd1S05407/Left/902908.tiff,nd1S05407,L,4/27/11
902909,/Users/odon/Desktop/intro_to_iris_recognition/Week 1/NDCVRL_002 Dataset/raw/nd1S05407/Left/902909.tiff,nd1S05407,L,4/27/11
904350,/Users/odon/Desktop/intro_to_iris_recognition/Week 1/NDCVRL_002 Dataset/raw/nd1S05407/Left/904350.tiff,nd1S05407,L,4/27/11
905209,/Users/odon/Desktop/intro_to_iris_recognition/Week 1/NDCVRL_002 Dataset/raw/nd1S05407/Left/905209.tiff,nd1S05407,L,4/27/11
905214,/Users/odon/Desktop/intro_to_iris_recognition/Week 1/NDCVRL_002 Dataset/raw/nd1S05407/Left/905214.tiff,nd1S05407,L,4/27/11
905882,/Users/odon/Desktop/intro_to_iris_recognition/Week 1/NDCVRL_002 Dataset/raw/nd1S05407/Left/905882.tiff,nd1S05407,L,4/27/11
905884,/Users/odon/Desktop/intro_to_iris_recognition/Week 1/NDCVRL_002 Dataset/raw/nd1S05407/Left/905884.tiff,nd1S05407,L,4/27/11
905885,/Users/odon/Desktop/intro_to_iris_recognition/Week 1/NDCVRL_002 Dataset/raw/nd1S05407/Left/905885.tiff,nd1S05407,L,4/27/11
906351,/Users/odon/Desktop/intro_to_iris_recognition/Week 1/NDCVRL_002 Dataset/raw/nd1S05407/Left/906351.tiff,nd1S05407,L,4/27/11
906352,/Users/odon/Desktop/intro_to_iris_recognition/Week 1/NDCVRL_002 Dataset/raw/nd1S05407/Left/906352.tiff,nd1S05407,L,4/27/11
906353,/Users/odon/Desktop/intro_to_iris_recognition/Week 1/NDCVRL_002 Dataset/raw/nd1S05407/Left/906353.tiff,nd1S05407,L,4/27/11
826010,/Users/odon/Desktop/intro_to_iris_recognition/Week 1/NDCVRL_002 Dataset/raw/nd1S05407/Right/826010.tiff,nd1S05407,R,3/22/11
869146,/Users/odon/Desktop/intro_to_iris_recognition/Week 1/NDCVRL_002 Dataset/raw/nd1S05407/Right/869146.tiff,nd1S05407,R,4/14/11
869157,/Users/odon/Desktop/intro_to_iris_recognition/Week 1/NDCVRL_002 Dataset/raw/nd1S05407/Right/869157.tiff,nd1S05407,R,4/14/11
869160,/Users/odon/Desktop/intro_to_iris_recognition/Week 1/NDCVRL_002 Dataset/raw/nd1S05407/Right/869160.tiff,nd1S05407,R,4/14/11
870658,/Users/odon/Desktop/intro_to_iris_recognition/Week 1/NDCVRL_002 Dataset/raw/nd1S05407/Right/870658.tiff,nd1S05407,R,4/14/11
871590,/Users/odon/Desktop/intro_to_iris_recognition/Week 1/NDCVRL_002 Dataset/raw/nd1S05407/Right/871590.tiff,nd1S05407,R,4/14/11
871593,/Users/odon/Desktop/intro_to_iris_recognition/Week 1/NDCVRL_002 Dataset/raw/nd1S05407/Right/871593.tiff,nd1S05407,R,4/14/11
872730,/Users/odon/Desktop/intro_to_iris_recognition/Week 1/NDCVRL_002 Dataset/raw/nd1S05407/Right/872730.tiff,nd1S05407,R,4/14/11
873547,/Users/odon/Desktop/intro_to_iris_recognition/Week 1/NDCVRL_002 Dataset/raw/nd1S05407/Right/873547.tiff,nd1S05407,R,4/14/11
902902,/Users/odon/Desktop/intro_to_iris_recognition/Week 1/NDCVRL_002 Dataset/raw/nd1S05407/Right/902902.tiff,nd1S05407,R,4/27/11
904354,/Users/odon/Desktop/intro_to_iris_recognition/Week 1/NDCVRL_002 Dataset/raw/nd1S05407/Right/904354.tiff,nd1S05407,R,4/27/11
905546,/Users/odon/Desktop/intro_to_iris_recognition/Week 1/NDCVRL_002 Dataset/raw/nd1S05407/Right/905546.tiff,nd1S05407,R,4/27/11
906761,/Users/odon/Desktop/intro_to_iris_recognition/Week 1/NDCVRL_002 Dataset/raw/nd1S05407/Right/906761.tiff,nd1S05407,R,4/27/11
263241,/Users/odon/Desktop/intro_to_iris_recognition/Week 1/NDCVRL_002 Dataset/raw/nd1S05455/Left/263241.tiff,nd1S05455,L,9/25/08
271501,/Users/odon/Desktop/intro_to_iris_recognition/Week 1/NDCVRL_002 Dataset/raw/nd1S05455/Left/271501.tiff,nd1S05455,L,10/9/08
271506,/Users/odon/Desktop/intro_to_iris_recognition/Week 1/NDCVRL_002 Dataset/raw/nd1S05455/Left/271506.tiff,nd1S05455,L,10/9/08
271507,/Users/odon/Desktop/intro_to_iris_recognition/Week 1/NDCVRL_002 Dataset/raw/nd1S05455/Left/271507.tiff,nd1S05455,L,10/9/08
271512,/Users/odon/Desktop/intro_to_iris_recognition/Week 1/NDCVRL_002 Dataset/raw/nd1S05455/Left/271512.tiff,nd1S05455,L,10/9/08
271515,/Users/odon/Desktop/intro_to_iris_recognition/Week 1/NDCVRL_002 Dataset/raw/nd1S05455/Left/271515.tiff,nd1S05455,L,10/9/08
271525,/Users/odon/Desktop/intro_to_iris_recognition/Week 1/NDCVRL_002 Dataset/raw/nd1S05455/Left/271525.tiff,nd1S05455,L,10/9/08
271526,/Users/odon/Desktop/intro_to_iris_recognition/Week 1/NDCVRL_002 Dataset/raw/nd1S05455/Left/271526.tiff,nd1S05455,L,10/9/08
271536,/Users/odon/Desktop/intro_to_iris_recognition/Week 1/NDCVRL_002 Dataset/raw/nd1S05455/Left/271536.tiff,nd1S05455,L,10/9/08
271537,/Users/odon/Desktop/intro_to_iris_recognition/Week 1/NDCVRL_002 Dataset/raw/nd1S05455/Left/271537.tiff,nd1S05455,L,10/9/08
271545,/Users/odon/Desktop/intro_to_iris_recognition/Week 1/NDCVRL_002 Dataset/raw/nd1S05455/Left/271545.tiff,nd1S05455,L,10/9/08
271546,/Users/odon/Desktop/intro_to_iris_recognition/Week 1/NDCVRL_002 Dataset/raw/nd1S05455/Left/271546.tiff,nd1S05455,L,10/9/08
271549,/Users/odon/Desktop/intro_to_iris_recognition/Week 1/NDCVRL_002 Dataset/raw/nd1S05455/Left/271549.tiff,nd1S05455,L,10/9/08
271551,/Users/odon/Desktop/intro_to_iris_recognition/Week 1/NDCVRL_002 Dataset/raw/nd1S05455/Left/271551.tiff,nd1S05455,L,10/9/08
271556,/Users/odon/Desktop/intro_to_iris_recognition/Week 1/NDCVRL_002 Dataset/raw/nd1S05455/Left/271556.tiff,nd1S05455,L,10/9/08
271560,/Users/odon/Desktop/intro_to_iris_recognition/Week 1/NDCVRL_002 Dataset/raw/nd1S05455/Left/271560.tiff,nd1S05455,L,10/9/08
278440,/Users/odon/Desktop/intro_to_iris_recognition/Week 1/NDCVRL_002 Dataset/raw/nd1S05455/Left/278440.tiff,nd1S05455,L,10/30/08
278445,/Users/odon/Desktop/intro_to_iris_recognition/Week 1/NDCVRL_002 Dataset/raw/nd1S05455/Left/278445.tiff,nd1S05455,L,10/30/08
280294,/Users/odon/Desktop/intro_to_iris_recognition/Week 1/NDCVRL_002 Dataset/raw/nd1S05455/Left/280294.tiff,nd1S05455,L,11/13/08
284510,/Users/odon/Desktop/intro_to_iris_recognition/Week 1/NDCVRL_002 Dataset/raw/nd1S05455/Left/284510.tiff,nd1S05455,L,11/13/08
284515,/Users/odon/Desktop/intro_to_iris_recognition/Week 1/NDCVRL_002 Dataset/raw/nd1S05455/Left/284515.tiff,nd1S05455,L,11/13/08
286941,/Users/odon/Desktop/intro_to_iris_recognition/Week 1/NDCVRL_002 Dataset/raw/nd1S05455/Left/286941.tiff,nd1S05455,L,12/3/08
286942,/Users/odon/Desktop/intro_to_iris_recognition/Week 1/NDCVRL_002 Dataset/raw/nd1S05455/Left/286942.tiff,nd1S05455,L,12/3/08
390562,/Users/odon/Desktop/intro_to_iris_recognition/Week 1/NDCVRL_002 Dataset/raw/nd1S05455/Left/390562.tiff,nd1S05455,L,2/5/09
393205,/Users/odon/Desktop/intro_to_iris_recognition/Week 1/NDCVRL_002 Dataset/raw/nd1S05455/Left/393205.tiff,nd1S05455,L,2/5/09
405148,/Users/odon/Desktop/intro_to_iris_recognition/Week 1/NDCVRL_002 Dataset/raw/nd1S05455/Left/405148.tiff,nd1S05455,L,2/19/09
420066,/Users/odon/Desktop/intro_to_iris_recognition/Week 1/NDCVRL_002 Dataset/raw/nd1S05455/Left/420066.tiff,nd1S05455,L,3/5/09
422346,/Users/odon/Desktop/intro_to_iris_recognition/Week 1/NDCVRL_002 Dataset/raw/nd1S05455/Left/422346.tiff,nd1S05455,L,3/5/09
436028,/Users/odon/Desktop/intro_to_iris_recognition/Week 1/NDCVRL_002 Dataset/raw/nd1S05455/Left/436028.tiff,nd1S05455,L,3/26/09
436032,/Users/odon/Desktop/intro_to_iris_recognition/Week 1/NDCVRL_002 Dataset/raw/nd1S05455/Left/436032.tiff,nd1S05455,L,3/26/09
436038,/Users/odon/Desktop/intro_to_iris_recognition/Week 1/NDCVRL_002 Dataset/raw/nd1S05455/Left/436038.tiff,nd1S05455,L,3/26/09
441587,/Users/odon/Desktop/intro_to_iris_recognition/Week 1/NDCVRL_002 Dataset/raw/nd1S05455/Left/441587.tiff,nd1S05455,L,4/21/09
441589,/Users/odon/Desktop/intro_to_iris_recognition/Week 1/NDCVRL_002 Dataset/raw/nd1S05455/Left/441589.tiff,nd1S05455,L,4/21/09
441601,/Users/odon/Desktop/intro_to_iris_recognition/Week 1/NDCVRL_002 Dataset/raw/nd1S05455/Left/441601.tiff,nd1S05455,L,4/21/09
512519,/Users/odon/Desktop/intro_to_iris_recognition/Week 1/NDCVRL_002 Dataset/raw/nd1S05455/Left/512519.tiff,nd1S05455,L,11/18/09
521064,/Users/odon/Desktop/intro_to_iris_recognition/Week 1/NDCVRL_002 Dataset/raw/nd1S05455/Left/521064.tiff,nd1S05455,L,12/2/09
521068,/Users/odon/Desktop/intro_to_iris_recognition/Week 1/NDCVRL_002 Dataset/raw/nd1S05455/Left/521068.tiff,nd1S05455,L,12/2/09
527341,/Users/odon/Desktop/intro_to_iris_recognition/Week 1/NDCVRL_002 Dataset/raw/nd1S05455/Left/527341.tiff,nd1S05455,L,11/3/09
557201,/Users/odon/Desktop/intro_to_iris_recognition/Week 1/NDCVRL_002 Dataset/raw/nd1S05455/Left/557201.tiff,nd1S05455,L,2/10/10
579524,/Users/odon/Desktop/intro_to_iris_recognition/Week 1/NDCVRL_002 Dataset/raw/nd1S05455/Left/579524.tiff,nd1S05455,L,2/24/10
609247,/Users/odon/Desktop/intro_to_iris_recognition/Week 1/NDCVRL_002 Dataset/raw/nd1S05455/Left/609247.tiff,nd1S05455,L,4/27/10
675820,/Users/odon/Desktop/intro_to_iris_recognition/Week 1/NDCVRL_002 Dataset/raw/nd1S05455/Left/675820.tiff,nd1S05455,L,10/27/10
695967,/Users/odon/Desktop/intro_to_iris_recognition/Week 1/NDCVRL_002 Dataset/raw/nd1S05455/Left/695967.tiff,nd1S05455,L,12/1/10
695974,/Users/odon/Desktop/intro_to_iris_recognition/Week 1/NDCVRL_002 Dataset/raw/nd1S05455/Left/695974.tiff,nd1S05455,L,12/1/10
707173,/Users/odon/Desktop/intro_to_iris_recognition/Week 1/NDCVRL_002 Dataset/raw/nd1S05455/Left/707173.tiff,nd1S05455,L,1/26/11
725112,/Users/odon/Desktop/intro_to_iris_recognition/Week 1/NDCVRL_002 Dataset/raw/nd1S05455/Left/725112.tiff,nd1S05455,L,2/9/11
725122,/Users/odon/Desktop/intro_to_iris_recognition/Week 1/NDCVRL_002 Dataset/raw/nd1S05455/Left/725122.tiff,nd1S05455,L,2/9/11
1107585,/Users/odon/Desktop/intro_to_iris_recognition/Week 1/NDCVRL_002 Dataset/raw/nd1S05455/Right/1107585.tiff,nd1S05455,R,3/7/12
1107598,/Users/odon/Desktop/intro_to_iris_recognition/Week 1/NDCVRL_002 Dataset/raw/nd1S05455/Right/1107598.tiff,nd1S05455,R,3/7/12
1109511,/Users/odon/Desktop/intro_to_iris_recognition/Week 1/NDCVRL_002 Dataset/raw/nd1S05455/Right/1109511.tiff,nd1S05455,R,3/7/12
1109513,/Users/odon/Desktop/intro_to_iris_recognition/Week 1/NDCVRL_002 Dataset/raw/nd1S05455/Right/1109513.tiff,nd1S05455,R,3/7/12
1110304,/Users/odon/Desktop/intro_to_iris_recognition/Week 1/NDCVRL_002 Dataset/raw/nd1S05455/Right/1110304.tiff,nd1S05455,R,3/7/12
1129841,/Users/odon/Desktop/intro_to_iris_recognition/Week 1/NDCVRL_002 Dataset/raw/nd1S05455/Right/1129841.tiff,nd1S05455,R,3/28/12
1130192,/Users/odon/Desktop/intro_to_iris_recognition/Week 1/NDCVRL_002 Dataset/raw/nd1S05455/Right/1130192.tiff,nd1S05455,R,3/28/12
1131578,/Users/odon/Desktop/intro_to_iris_recognition/Week 1/NDCVRL_002 Dataset/raw/nd1S05455/Right/1131578.tiff,nd1S05455,R,3/28/12
1131579,/Users/odon/Desktop/intro_to_iris_recognition/Week 1/NDCVRL_002 Dataset/raw/nd1S05455/Right/1131579.tiff,nd1S05455,R,3/28/12
1085890,/Users/odon/Desktop/intro_to_iris_recognition/Week 1/NDCVRL_002 Dataset/raw/nd1S05456/Left/1085890.tiff,nd1S05456,L,2/22/12
1086703,/Users/odon/Desktop/intro_to_iris_recognition/Week 1/NDCVRL_002 Dataset/raw/nd1S05456/Left/1086703.tiff,nd1S05456,L,2/22/12
1087226,/Users/odon/Desktop/intro_to_iris_recognition/Week 1/NDCVRL_002 Dataset/raw/nd1S05456/Left/1087226.tiff,nd1S05456,L,2/22/12
1129585,/Users/odon/Desktop/intro_to_iris_recognition/Week 1/NDCVRL_002 Dataset/raw/nd1S05456/Left/1129585.tiff,nd1S05456,L,3/28/12
1129599,/Users/odon/Desktop/intro_to_iris_recognition/Week 1/NDCVRL_002 Dataset/raw/nd1S05456/Left/1129599.tiff,nd1S05456,L,3/28/12
1130083,/Users/odon/Desktop/intro_to_iris_recognition/Week 1/NDCVRL_002 Dataset/raw/nd1S05456/Left/1130083.tiff,nd1S05456,L,3/28/12
1131425,/Users/odon/Desktop/intro_to_iris_recognition/Week 1/NDCVRL_002 Dataset/raw/nd1S05456/Left/1131425.tiff,nd1S05456,L,3/28/12
253710,/Users/odon/Desktop/intro_to_iris_recognition/Week 1/NDCVRL_002 Dataset/raw/nd1S05456/Left/253710.tiff,nd1S05456,L,9/10/08
255943,/Users/odon/Desktop/intro_to_iris_recognition/Week 1/NDCVRL_002 Dataset/raw/nd1S05456/Left/255943.tiff,nd1S05456,L,9/10/08
344074,/Users/odon/Desktop/intro_to_iris_recognition/Week 1/NDCVRL_002 Dataset/raw/nd1S05456/Left/344074.tiff,nd1S05456,L,2/3/09
539803,/Users/odon/Desktop/intro_to_iris_recognition/Week 1/NDCVRL_002 Dataset/raw/nd1S05456/Left/539803.tiff,nd1S05456,L,1/26/10
589609,/Users/odon/Desktop/intro_to_iris_recognition/Week 1/NDCVRL_002 Dataset/raw/nd1S05456/Left/589609.tiff,nd1S05456,L,3/16/10
612118,/Users/odon/Desktop/intro_to_iris_recognition/Week 1/NDCVRL_002 Dataset/raw/nd1S05456/Left/612118.tiff,nd1S05456,L,4/27/10
706507,/Users/odon/Desktop/intro_to_iris_recognition/Week 1/NDCVRL_002 Dataset/raw/nd1S05456/Left/706507.tiff,nd1S05456,L,1/26/11
989360,/Users/odon/Desktop/intro_to_iris_recognition/Week 1/NDCVRL_002 Dataset/raw/nd1S05456/Left/989360.tiff,nd1S05456,L,10/11/11
1035342,/Users/odon/Desktop/intro_to_iris_recognition/Week 1/NDCVRL_002 Dataset/raw/nd1S05456/Right/1035342.tiff,nd1S05456,R,11/8/11
1058129,/Users/odon/Desktop/intro_to_iris_recognition/Week 1/NDCVRL_002 Dataset/raw/nd1S05456/Right/1058129.tiff,nd1S05456,R,2/7/12
1087227,/Users/odon/Desktop/intro_to_iris_recognition/Week 1/NDCVRL_002 Dataset/raw/nd1S05456/Right/1087227.tiff,nd1S05456,R,2/22/12
1129593,/Users/odon/Desktop/intro_to_iris_recognition/Week 1/NDCVRL_002 Dataset/raw/nd1S05456/Right/1129593.tiff,nd1S05456,R,3/28/12
1130087,/Users/odon/Desktop/intro_to_iris_recognition/Week 1/NDCVRL_002 Dataset/raw/nd1S05456/Right/1130087.tiff,nd1S05456,R,3/28/12
1130823,/Users/odon/Desktop/intro_to_iris_recognition/Week 1/NDCVRL_002 Dataset/raw/nd1S05456/Right/1130823.tiff,nd1S05456,R,3/28/12
1131431,/Users/odon/Desktop/intro_to_iris_recognition/Week 1/NDCVRL_002 Dataset/raw/nd1S05456/Right/1131431.tiff,nd1S05456,R,3/28/12
228776,/Users/odon/Desktop/intro_to_iris_recognition/Week 1/NDCVRL_002 Dataset/raw/nd1S05456/Right/228776.tiff,nd1S05456,R,3/13/08
260219,/Users/odon/Desktop/intro_to_iris_recognition/Week 1/NDCVRL_002 Dataset/raw/nd1S05456/Right/260219.tiff,nd1S05456,R,9/25/08
268803,/Users/odon/Desktop/intro_to_iris_recognition/Week 1/NDCVRL_002 Dataset/raw/nd1S05456/Right/268803.tiff,nd1S05456,R,10/7/08
416600,/Users/odon/Desktop/intro_to_iris_recognition/Week 1/NDCVRL_002 Dataset/raw/nd1S05456/Right/416600.tiff,nd1S05456,R,3/4/09
416607,/Users/odon/Desktop/intro_to_iris_recognition/Week 1/NDCVRL_002 Dataset/raw/nd1S05456/Right/416607.tiff,nd1S05456,R,3/4/09
518168,/Users/odon/Desktop/intro_to_iris_recognition/Week 1/NDCVRL_002 Dataset/raw/nd1S05456/Right/518168.tiff,nd1S05456,R,12/1/09
539818,/Users/odon/Desktop/intro_to_iris_recognition/Week 1/NDCVRL_002 Dataset/raw/nd1S05456/Right/539818.tiff,nd1S05456,R,1/26/10
582633,/Users/odon/Desktop/intro_to_iris_recognition/Week 1/NDCVRL_002 Dataset/raw/nd1S05456/Right/582633.tiff,nd1S05456,R,2/24/10
612122,/Users/odon/Desktop/intro_to_iris_recognition/Week 1/NDCVRL_002 Dataset/raw/nd1S05456/Right/612122.tiff,nd1S05456,R,4/27/10
723346,/Users/odon/Desktop/intro_to_iris_recognition/Week 1/NDCVRL_002 Dataset/raw/nd1S05456/Right/723346.tiff,nd1S05456,R,2/9/11
757802,/Users/odon/Desktop/intro_to_iris_recognition/Week 1/NDCVRL_002 Dataset/raw/nd1S05456/Right/757802.tiff,nd1S05456,R,2/23/11
861924,/Users/odon/Desktop/intro_to_iris_recognition/Week 1/NDCVRL_002 Dataset/raw/nd1S05456/Right/861924.tiff,nd1S05456,R,4/12/11
935803,/Users/odon/Desktop/intro_to_iris_recognition/Week 1/NDCVRL_002 Dataset/raw/nd1S05456/Right/935803.tiff,nd1S05456,R,9/13/11
990090,/Users/odon/Desktop/intro_to_iris_recognition/Week 1/NDCVRL_002 Dataset/raw/nd1S05456/Right/990090.tiff,nd1S05456,R,10/11/11
990100,/Users/odon/Desktop/intro_to_iris_recognition/Week 1/NDCVRL_002 Dataset/raw/nd1S05456/Right/990100.tiff,nd1S05456,R,10/11/11
314900,/Users/odon/Desktop/intro_to_iris_recognition/Week 1/NDCVRL_002 Dataset/raw/nd1S05459/Left/314900.tiff,nd1S05459,L,1/22/09
411741,/Users/odon/Desktop/intro_to_iris_recognition/Week 1/NDCVRL_002 Dataset/raw/nd1S05459/Left/411741.tiff,nd1S05459,L,3/3/09
411742,/Users/odon/Desktop/intro_to_iris_recognition/Week 1/NDCVRL_002 Dataset/raw/nd1S05459/Left/411742.tiff,nd1S05459,L,3/3/09
411743,/Users/odon/Desktop/intro_to_iris_recognition/Week 1/NDCVRL_002 Dataset/raw/nd1S05459/Left/411743.tiff,nd1S05459,L,3/3/09
411744,/Users/odon/Desktop/intro_to_iris_recognition/Week 1/NDCVRL_002 Dataset/raw/nd1S05459/Left/411744.tiff,nd1S05459,L,3/3/09
411745,/Users/odon/Desktop/intro_to_iris_recognition/Week 1/NDCVRL_002 Dataset/raw/nd1S05459/Left/411745.tiff,nd1S05459,L,3/3/09
411746,/Users/odon/Desktop/intro_to_iris_recognition/Week 1/NDCVRL_002 Dataset/raw/nd1S05459/Left/411746.tiff,nd1S05459,L,3/3/09
411747,/Users/odon/Desktop/intro_to_iris_recognition/Week 1/NDCVRL_002 Dataset/raw/nd1S05459/Left/411747.tiff,nd1S05459,L,3/3/09
411748,/Users/odon/Desktop/intro_to_iris_recognition/Week 1/NDCVRL_002 Dataset/raw/nd1S05459/Left/411748.tiff,nd1S05459,L,3/3/09
411749,/Users/odon/Desktop/intro_to_iris_recognition/Week 1/NDCVRL_002 Dataset/raw/nd1S05459/Left/411749.tiff,nd1S05459,L,3/3/09
411750,/Users/odon/Desktop/intro_to_iris_recognition/Week 1/NDCVRL_002 Dataset/raw/nd1S05459/Left/411750.tiff,nd1S05459,L,3/3/09
411751,/Users/odon/Desktop/intro_to_iris_recognition/Week 1/NDCVRL_002 Dataset/raw/nd1S05459/Left/411751.tiff,nd1S05459,L,3/3/09
411752,/Users/odon/Desktop/intro_to_iris_recognition/Week 1/NDCVRL_002 Dataset/raw/nd1S05459/Left/411752.tiff,nd1S05459,L,3/3/09
412974,/Users/odon/Desktop/intro_to_iris_recognition/Week 1/NDCVRL_002 Dataset/raw/nd1S05459/Left/412974.tiff,nd1S05459,L,3/3/09
412976,/Users/odon/Desktop/intro_to_iris_recognition/Week 1/NDCVRL_002 Dataset/raw/nd1S05459/Left/412976.tiff,nd1S05459,L,3/3/09
412978,/Users/odon/Desktop/intro_to_iris_recognition/Week 1/NDCVRL_002 Dataset/raw/nd1S05459/Left/412978.tiff,nd1S05459,L,3/3/09
437240,/Users/odon/Desktop/intro_to_iris_recognition/Week 1/NDCVRL_002 Dataset/raw/nd1S05459/Left/437240.tiff,nd1S05459,L,3/26/09
437241,/Users/odon/Desktop/intro_to_iris_recognition/Week 1/NDCVRL_002 Dataset/raw/nd1S05459/Left/437241.tiff,nd1S05459,L,3/26/09
437242,/Users/odon/Desktop/intro_to_iris_recognition/Week 1/NDCVRL_002 Dataset/raw/nd1S05459/Left/437242.tiff,nd1S05459,L,3/26/09
437243,/Users/odon/Desktop/intro_to_iris_recognition/Week 1/NDCVRL_002 Dataset/raw/nd1S05459/Left/437243.tiff,nd1S05459,L,3/26/09
437244,/Users/odon/Desktop/intro_to_iris_recognition/Week 1/NDCVRL_002 Dataset/raw/nd1S05459/Left/437244.tiff,nd1S05459,L,3/26/09
437245,/Users/odon/Desktop/intro_to_iris_recognition/Week 1/NDCVRL_002 Dataset/raw/nd1S05459/Left/437245.tiff,nd1S05459,L,3/26/09
437246,/Users/odon/Desktop/intro_to_iris_recognition/Week 1/NDCVRL_002 Dataset/raw/nd1S05459/Left/437246.tiff,nd1S05459,L,3/26/09
437247,/Users/odon/Desktop/intro_to_iris_recognition/Week 1/NDCVRL_002 Dataset/raw/nd1S05459/Left/437247.tiff,nd1S05459,L,3/26/09
437248,/Users/odon/Desktop/intro_to_iris_recognition/Week 1/NDCVRL_002 Dataset/raw/nd1S05459/Left/437248.tiff,nd1S05459,L,3/26/09
437249,/Users/odon/Desktop/intro_to_iris_recognition/Week 1/NDCVRL_002 Dataset/raw/nd1S05459/Left/437249.tiff,nd1S05459,L,3/26/09
437251,/Users/odon/Desktop/intro_to_iris_recognition/Week 1/NDCVRL_002 Dataset/raw/nd1S05459/Left/437251.tiff,nd1S05459,L,3/26/09
438407,/Users/odon/Desktop/intro_to_iris_recognition/Week 1/NDCVRL_002 Dataset/raw/nd1S05459/Left/438407.tiff,nd1S05459,L,3/26/09
438409,/Users/odon/Desktop/intro_to_iris_recognition/Week 1/NDCVRL_002 Dataset/raw/nd1S05459/Left/438409.tiff,nd1S05459,L,3/26/09
512262,/Users/odon/Desktop/intro_to_iris_recognition/Week 1/NDCVRL_002 Dataset/raw/nd1S05459/Left/512262.tiff,nd1S05459,L,11/18/09
512263,/Users/odon/Desktop/intro_to_iris_recognition/Week 1/NDCVRL_002 Dataset/raw/nd1S05459/Left/512263.tiff,nd1S05459,L,11/18/09
512266,/Users/odon/Desktop/intro_to_iris_recognition/Week 1/NDCVRL_002 Dataset/raw/nd1S05459/Left/512266.tiff,nd1S05459,L,11/18/09
512267,/Users/odon/Desktop/intro_to_iris_recognition/Week 1/NDCVRL_002 Dataset/raw/nd1S05459/Left/512267.tiff,nd1S05459,L,11/18/09
512270,/Users/odon/Desktop/intro_to_iris_recognition/Week 1/NDCVRL_002 Dataset/raw/nd1S05459/Left/512270.tiff,nd1S05459,L,11/18/09
515556,/Users/odon/Desktop/intro_to_iris_recognition/Week 1/NDCVRL_002 Dataset/raw/nd1S05459/Left/515556.tiff,nd1S05459,L,11/18/09
515557,/Users/odon/Desktop/intro_to_iris_recognition/Week 1/NDCVRL_002 Dataset/raw/nd1S05459/Left/515557.tiff,nd1S05459,L,11/18/09
515559,/Users/odon/Desktop/intro_to_iris_recognition/Week 1/NDCVRL_002 Dataset/raw/nd1S05459/Left/515559.tiff,nd1S05459,L,11/18/09
515560,/Users/odon/Desktop/intro_to_iris_recognition/Week 1/NDCVRL_002 Dataset/raw/nd1S05459/Left/515560.tiff,nd1S05459,L,11/18/09
515562,/Users/odon/Desktop/intro_to_iris_recognition/Week 1/NDCVRL_002 Dataset/raw/nd1S05459/Left/515562.tiff,nd1S05459,L,11/18/09
515563,/Users/odon/Desktop/intro_to_iris_recognition/Week 1/NDCVRL_002 Dataset/raw/nd1S05459/Left/515563.tiff,nd1S05459,L,11/18/09
515565,/Users/odon/Desktop/intro_to_iris_recognition/Week 1/NDCVRL_002 Dataset/raw/nd1S05459/Left/515565.tiff,nd1S05459,L,11/18/09
515566,/Users/odon/Desktop/intro_to_iris_recognition/Week 1/NDCVRL_002 Dataset/raw/nd1S05459/Left/515566.tiff,nd1S05459,L,11/18/09
230288,/Users/odon/Desktop/intro_to_iris_recognition/Week 1/NDCVRL_002 Dataset/raw/nd1S05478/Left/230288.tiff,nd1S05478,L,3/25/08
256679,/Users/odon/Desktop/intro_to_iris_recognition/Week 1/NDCVRL_002 Dataset/raw/nd1S05478/Left/256679.tiff,nd1S05478,L,9/10/08
346483,/Users/odon/Desktop/intro_to_iris_recognition/Week 1/NDCVRL_002 Dataset/raw/nd1S05478/Left/346483.tiff,nd1S05478,L,2/3/09
396805,/Users/odon/Desktop/intro_to_iris_recognition/Week 1/NDCVRL_002 Dataset/raw/nd1S05478/Left/396805.tiff,nd1S05478,L,2/17/09
412474,/Users/odon/Desktop/intro_to_iris_recognition/Week 1/NDCVRL_002 Dataset/raw/nd1S05478/Left/412474.tiff,nd1S05478,L,3/3/09
427319,/Users/odon/Desktop/intro_to_iris_recognition/Week 1/NDCVRL_002 Dataset/raw/nd1S05478/Left/427319.tiff,nd1S05478,L,3/24/09
427325,/Users/odon/Desktop/intro_to_iris_recognition/Week 1/NDCVRL_002 Dataset/raw/nd1S05478/Left/427325.tiff,nd1S05478,L,3/24/09
442128,/Users/odon/Desktop/intro_to_iris_recognition/Week 1/NDCVRL_002 Dataset/raw/nd1S05478/Left/442128.tiff,nd1S05478,L,4/21/09
443603,/Users/odon/Desktop/intro_to_iris_recognition/Week 1/NDCVRL_002 Dataset/raw/nd1S05478/Left/443603.tiff,nd1S05478,L,4/21/09
230427,/Users/odon/Desktop/intro_to_iris_recognition/Week 1/NDCVRL_002 Dataset/raw/nd1S05487/Right/230427.tiff,nd1S05487,R,3/25/08
231389,/Users/odon/Desktop/intro_to_iris_recognition/Week 1/NDCVRL_002 Dataset/raw/nd1S05487/Right/231389.tiff,nd1S05487,R,3/25/08
231390,/Users/odon/Desktop/intro_to_iris_recognition/Week 1/NDCVRL_002 Dataset/raw/nd1S05487/Right/231390.tiff,nd1S05487,R,3/25/08
231391,/Users/odon/Desktop/intro_to_iris_recognition/Week 1/NDCVRL_002 Dataset/raw/nd1S05487/Right/231391.tiff,nd1S05487,R,3/25/08
237271,/Users/odon/Desktop/intro_to_iris_recognition/Week 1/NDCVRL_002 Dataset/raw/nd1S05487/Right/237271.tiff,nd1S05487,R,4/8/08
237272,/Users/odon/Desktop/intro_to_iris_recognition/Week 1/NDCVRL_002 Dataset/raw/nd1S05487/Right/237272.tiff,nd1S05487,R,4/8/08
240242,/Users/odon/Desktop/intro_to_iris_recognition/Week 1/NDCVRL_002 Dataset/raw/nd1S05487/Right/240242.tiff,nd1S05487,R,4/22/08
241335,/Users/odon/Desktop/intro_to_iris_recognition/Week 1/NDCVRL_002 Dataset/raw/nd1S05487/Right/241335.tiff,nd1S05487,R,4/22/08
241339,/Users/odon/Desktop/intro_to_iris_recognition/Week 1/NDCVRL_002 Dataset/raw/nd1S05487/Right/241339.tiff,nd1S05487,R,4/22/08
257327,/Users/odon/Desktop/intro_to_iris_recognition/Week 1/NDCVRL_002 Dataset/raw/nd1S05487/Right/257327.tiff,nd1S05487,R,9/11/08
257335,/Users/odon/Desktop/intro_to_iris_recognition/Week 1/NDCVRL_002 Dataset/raw/nd1S05487/Right/257335.tiff,nd1S05487,R,9/11/08
517418,/Users/odon/Desktop/intro_to_iris_recognition/Week 1/NDCVRL_002 Dataset/raw/nd1S05487/Right/517418.tiff,nd1S05487,R,11/19/09
518258,/Users/odon/Desktop/intro_to_iris_recognition/Week 1/NDCVRL_002 Dataset/raw/nd1S05487/Right/518258.tiff,nd1S05487,R,12/1/09
523384,/Users/odon/Desktop/intro_to_iris_recognition/Week 1/NDCVRL_002 Dataset/raw/nd1S05487/Right/523384.tiff,nd1S05487,R,12/1/09
230481,/Users/odon/Desktop/intro_to_iris_recognition/Week 1/NDCVRL_002 Dataset/raw/nd1S05491/Right/230481.tiff,nd1S05491,R,3/26/08
231497,/Users/odon/Desktop/intro_to_iris_recognition/Week 1/NDCVRL_002 Dataset/raw/nd1S05491/Right/231497.tiff,nd1S05491,R,3/26/08
254029,/Users/odon/Desktop/intro_to_iris_recognition/Week 1/NDCVRL_002 Dataset/raw/nd1S05491/Right/254029.tiff,nd1S05491,R,9/11/08
257499,/Users/odon/Desktop/intro_to_iris_recognition/Week 1/NDCVRL_002 Dataset/raw/nd1S05491/Right/257499.tiff,nd1S05491,R,9/11/08
283803,/Users/odon/Desktop/intro_to_iris_recognition/Week 1/NDCVRL_002 Dataset/raw/nd1S05491/Right/283803.tiff,nd1S05491,R,11/13/08
288381,/Users/odon/Desktop/intro_to_iris_recognition/Week 1/NDCVRL_002 Dataset/raw/nd1S05491/Right/288381.tiff,nd1S05491,R,12/4/08
392011,/Users/odon/Desktop/intro_to_iris_recognition/Week 1/NDCVRL_002 Dataset/raw/nd1S05491/Right/392011.tiff,nd1S05491,R,2/5/09
452568,/Users/odon/Desktop/intro_to_iris_recognition/Week 1/NDCVRL_002 Dataset/raw/nd1S05491/Right/452568.tiff,nd1S05491,R,4/23/09
232936,/Users/odon/Desktop/intro_to_iris_recognition/Week 1/NDCVRL_002 Dataset/raw/nd1S05501/Right/232936.tiff,nd1S05501,R,4/1/08
232940,/Users/odon/Desktop/intro_to_iris_recognition/Week 1/NDCVRL_002 Dataset/raw/nd1S05501/Right/232940.tiff,nd1S05501,R,4/1/08
240618,/Users/odon/Desktop/intro_to_iris_recognition/Week 1/NDCVRL_002 Dataset/raw/nd1S05501/Right/240618.tiff,nd1S05501,R,4/24/08
244200,/Users/odon/Desktop/intro_to_iris_recognition/Week 1/NDCVRL_002 Dataset/raw/nd1S05501/Right/244200.tiff,nd1S05501,R,4/29/08
277897,/Users/odon/Desktop/intro_to_iris_recognition/Week 1/NDCVRL_002 Dataset/raw/nd1S05501/Right/277897.tiff,nd1S05501,R,10/29/08
284976,/Users/odon/Desktop/intro_to_iris_recognition/Week 1/NDCVRL_002 Dataset/raw/nd1S05501/Right/284976.tiff,nd1S05501,R,12/3/08
286842,/Users/odon/Desktop/intro_to_iris_recognition/Week 1/NDCVRL_002 Dataset/raw/nd1S05501/Right/286842.tiff,nd1S05501,R,12/3/08
415919,/Users/odon/Desktop/intro_to_iris_recognition/Week 1/NDCVRL_002 Dataset/raw/nd1S05501/Right/415919.tiff,nd1S05501,R,3/4/09
432290,/Users/odon/Desktop/intro_to_iris_recognition/Week 1/NDCVRL_002 Dataset/raw/nd1S05501/Right/432290.tiff,nd1S05501,R,3/25/09
432295,/Users/odon/Desktop/intro_to_iris_recognition/Week 1/NDCVRL_002 Dataset/raw/nd1S05501/Right/432295.tiff,nd1S05501,R,3/25/09
432297,/Users/odon/Desktop/intro_to_iris_recognition/Week 1/NDCVRL_002 Dataset/raw/nd1S05501/Right/432297.tiff,nd1S05501,R,3/25/09
537753,/Users/odon/Desktop/intro_to_iris_recognition/Week 1/NDCVRL_002 Dataset/raw/nd1S05501/Right/537753.tiff,nd1S05501,R,1/28/10
543033,/Users/odon/Desktop/intro_to_iris_recognition/Week 1/NDCVRL_002 Dataset/raw/nd1S05501/Right/543033.tiff,nd1S05501,R,1/28/10
543034,/Users/odon/Desktop/intro_to_iris_recognition/Week 1/NDCVRL_002 Dataset/raw/nd1S05501/Right/543034.tiff,nd1S05501,R,1/28/10
585509,/Users/odon/Desktop/intro_to_iris_recognition/Week 1/NDCVRL_002 Dataset/raw/nd1S05501/Right/585509.tiff,nd1S05501,R,2/25/10
615583,/Users/odon/Desktop/intro_to_iris_recognition/Week 1/NDCVRL_002 Dataset/raw/nd1S05501/Right/615583.tiff,nd1S05501,R,4/29/10
615591,/Users/odon/Desktop/intro_to_iris_recognition/Week 1/NDCVRL_002 Dataset/raw/nd1S05501/Right/615591.tiff,nd1S05501,R,4/29/10
615592,/Users/odon/Desktop/intro_to_iris_recognition/Week 1/NDCVRL_002 Dataset/raw/nd1S05501/Right/615592.tiff,nd1S05501,R,4/29/10
233145,/Users/odon/Desktop/intro_to_iris_recognition/Week 1/NDCVRL_002 Dataset/raw/nd1S05508/Left/233145.tiff,nd1S05508,L,4/1/08
233961,/Users/odon/Desktop/intro_to_iris_recognition/Week 1/NDCVRL_002 Dataset/raw/nd1S05508/Left/233961.tiff,nd1S05508,L,4/1/08
233962,/Users/odon/Desktop/intro_to_iris_recognition/Week 1/NDCVRL_002 Dataset/raw/nd1S05508/Left/233962.tiff,nd1S05508,L,4/1/08
233964,/Users/odon/Desktop/intro_to_iris_recognition/Week 1/NDCVRL_002 Dataset/raw/nd1S05508/Left/233964.tiff,nd1S05508,L,4/1/08
233966,/Users/odon/Desktop/intro_to_iris_recognition/Week 1/NDCVRL_002 Dataset/raw/nd1S05508/Left/233966.tiff,nd1S05508,L,4/1/08
256701,/Users/odon/Desktop/intro_to_iris_recognition/Week 1/NDCVRL_002 Dataset/raw/nd1S05508/Left/256701.tiff,nd1S05508,L,9/10/08
256702,/Users/odon/Desktop/intro_to_iris_recognition/Week 1/NDCVRL_002 Dataset/raw/nd1S05508/Left/256702.tiff,nd1S05508,L,9/10/08
256703,/Users/odon/Desktop/intro_to_iris_recognition/Week 1/NDCVRL_002 Dataset/raw/nd1S05508/Left/256703.tiff,nd1S05508,L,9/10/08
256705,/Users/odon/Desktop/intro_to_iris_recognition/Week 1/NDCVRL_002 Dataset/raw/nd1S05508/Left/256705.tiff,nd1S05508,L,9/10/08
256706,/Users/odon/Desktop/intro_to_iris_recognition/Week 1/NDCVRL_002 Dataset/raw/nd1S05508/Left/256706.tiff,nd1S05508,L,9/10/08
256707,/Users/odon/Desktop/intro_to_iris_recognition/Week 1/NDCVRL_002 Dataset/raw/nd1S05508/Left/256707.tiff,nd1S05508,L,9/10/08
256711,/Users/odon/Desktop/intro_to_iris_recognition/Week 1/NDCVRL_002 Dataset/raw/nd1S05508/Left/256711.tiff,nd1S05508,L,9/10/08
256712,/Users/odon/Desktop/intro_to_iris_recognition/Week 1/NDCVRL_002 Dataset/raw/nd1S05508/Left/256712.tiff,nd1S05508,L,9/10/08
283005,/Users/odon/Desktop/intro_to_iris_recognition/Week 1/NDCVRL_002 Dataset/raw/nd1S05508/Left/283005.tiff,nd1S05508,L,11/12/08
283009,/Users/odon/Desktop/intro_to_iris_recognition/Week 1/NDCVRL_002 Dataset/raw/nd1S05508/Left/283009.tiff,nd1S05508,L,11/12/08
283014,/Users/odon/Desktop/intro_to_iris_recognition/Week 1/NDCVRL_002 Dataset/raw/nd1S05508/Left/283014.tiff,nd1S05508,L,11/12/08
407187,/Users/odon/Desktop/intro_to_iris_recognition/Week 1/NDCVRL_002 Dataset/raw/nd1S05508/Left/407187.tiff,nd1S05508,L,2/19/09
407189,/Users/odon/Desktop/intro_to_iris_recognition/Week 1/NDCVRL_002 Dataset/raw/nd1S05508/Left/407189.tiff,nd1S05508,L,2/19/09
407190,/Users/odon/Desktop/intro_to_iris_recognition/Week 1/NDCVRL_002 Dataset/raw/nd1S05508/Left/407190.tiff,nd1S05508,L,2/19/09
407191,/Users/odon/Desktop/intro_to_iris_recognition/Week 1/NDCVRL_002 Dataset/raw/nd1S05508/Left/407191.tiff,nd1S05508,L,2/19/09
407192,/Users/odon/Desktop/intro_to_iris_recognition/Week 1/NDCVRL_002 Dataset/raw/nd1S05508/Left/407192.tiff,nd1S05508,L,2/19/09
407195,/Users/odon/Desktop/intro_to_iris_recognition/Week 1/NDCVRL_002 Dataset/raw/nd1S05508/Left/407195.tiff,nd1S05508,L,2/19/09
407196,/Users/odon/Desktop/intro_to_iris_recognition/Week 1/NDCVRL_002 Dataset/raw/nd1S05508/Left/407196.tiff,nd1S05508,L,2/19/09
408072,/Users/odon/Desktop/intro_to_iris_recognition/Week 1/NDCVRL_002 Dataset/raw/nd1S05508/Left/408072.tiff,nd1S05508,L,2/19/09
408076,/Users/odon/Desktop/intro_to_iris_recognition/Week 1/NDCVRL_002 Dataset/raw/nd1S05508/Left/408076.tiff,nd1S05508,L,2/19/09
233283,/Users/odon/Desktop/intro_to_iris_recognition/Week 1/NDCVRL_002 Dataset/raw/nd1S05511/Left/233283.tiff,nd1S05511,L,4/2/08
234246,/Users/odon/Desktop/intro_to_iris_recognition/Week 1/NDCVRL_002 Dataset/raw/nd1S05511/Left/234246.tiff,nd1S05511,L,4/2/08
234247,/Users/odon/Desktop/intro_to_iris_recognition/Week 1/NDCVRL_002 Dataset/raw/nd1S05511/Left/234247.tiff,nd1S05511,L,4/2/08
234248,/Users/odon/Desktop/intro_to_iris_recognition/Week 1/NDCVRL_002 Dataset/raw/nd1S05511/Left/234248.tiff,nd1S05511,L,4/2/08
236057,/Users/odon/Desktop/intro_to_iris_recognition/Week 1/NDCVRL_002 Dataset/raw/nd1S05511/Left/236057.tiff,nd1S05511,L,4/9/08
241123,/Users/odon/Desktop/intro_to_iris_recognition/Week 1/NDCVRL_002 Dataset/raw/nd1S05511/Left/241123.tiff,nd1S05511,L,4/22/08
258134,/Users/odon/Desktop/intro_to_iris_recognition/Week 1/NDCVRL_002 Dataset/raw/nd1S05511/Left/258134.tiff,nd1S05511,L,9/11/08
258143,/Users/odon/Desktop/intro_to_iris_recognition/Week 1/NDCVRL_002 Dataset/raw/nd1S05511/Left/258143.tiff,nd1S05511,L,9/11/08
263393,/Users/odon/Desktop/intro_to_iris_recognition/Week 1/NDCVRL_002 Dataset/raw/nd1S05511/Left/263393.tiff,nd1S05511,L,9/25/08
266462,/Users/odon/Desktop/intro_to_iris_recognition/Week 1/NDCVRL_002 Dataset/raw/nd1S05511/Left/266462.tiff,nd1S05511,L,10/7/08
274601,/Users/odon/Desktop/intro_to_iris_recognition/Week 1/NDCVRL_002 Dataset/raw/nd1S05511/Left/274601.tiff,nd1S05511,L,10/28/08
285239,/Users/odon/Desktop/intro_to_iris_recognition/Week 1/NDCVRL_002 Dataset/raw/nd1S05511/Left/285239.tiff,nd1S05511,L,12/4/08
287907,/Users/odon/Desktop/intro_to_iris_recognition/Week 1/NDCVRL_002 Dataset/raw/nd1S05511/Left/287907.tiff,nd1S05511,L,12/4/08
410800,/Users/odon/Desktop/intro_to_iris_recognition/Week 1/NDCVRL_002 Dataset/raw/nd1S05511/Left/410800.tiff,nd1S05511,L,3/3/09
441703,/Users/odon/Desktop/intro_to_iris_recognition/Week 1/NDCVRL_002 Dataset/raw/nd1S05511/Left/441703.tiff,nd1S05511,L,4/21/09
275647,/Users/odon/Desktop/intro_to_iris_recognition/Week 1/NDCVRL_002 Dataset/raw/nd1S05541/Left/275647.tiff,nd1S05541,L,10/28/08
293031,/Users/odon/Desktop/intro_to_iris_recognition/Week 1/NDCVRL_002 Dataset/raw/nd1S05541/Left/293031.tiff,nd1S05541,L,11/11/08
428908,/Users/odon/Desktop/intro_to_iris_recognition/Week 1/NDCVRL_002 Dataset/raw/nd1S05541/Left/428908.tiff,nd1S05541,L,3/24/09
529926,/Users/odon/Desktop/intro_to_iris_recognition/Week 1/NDCVRL_002 Dataset/raw/nd1S05541/Left/529926.tiff,nd1S05541,L,11/4/09
541953,/Users/odon/Desktop/intro_to_iris_recognition/Week 1/NDCVRL_002 Dataset/raw/nd1S05541/Left/541953.tiff,nd1S05541,L,1/28/10
582713,/Users/odon/Desktop/intro_to_iris_recognition/Week 1/NDCVRL_002 Dataset/raw/nd1S05541/Left/582713.tiff,nd1S05541,L,2/24/10
603108,/Users/odon/Desktop/intro_to_iris_recognition/Week 1/NDCVRL_002 Dataset/raw/nd1S05541/Left/603108.tiff,nd1S05541,L,4/13/10
673499,/Users/odon/Desktop/intro_to_iris_recognition/Week 1/NDCVRL_002 Dataset/raw/nd1S05541/Left/673499.tiff,nd1S05541,L,10/26/10
696638,/Users/odon/Desktop/intro_to_iris_recognition/Week 1/NDCVRL_002 Dataset/raw/nd1S05541/Left/696638.tiff,nd1S05541,L,12/2/10
707086,/Users/odon/Desktop/intro_to_iris_recognition/Week 1/NDCVRL_002 Dataset/raw/nd1S05541/Left/707086.tiff,nd1S05541,L,1/26/11
707092,/Users/odon/Desktop/intro_to_iris_recognition/Week 1/NDCVRL_002 Dataset/raw/nd1S05541/Left/707092.tiff,nd1S05541,L,1/26/11
707093,/Users/odon/Desktop/intro_to_iris_recognition/Week 1/NDCVRL_002 Dataset/raw/nd1S05541/Left/707093.tiff,nd1S05541,L,1/26/11
725653,/Users/odon/Desktop/intro_to_iris_recognition/Week 1/NDCVRL_002 Dataset/raw/nd1S05541/Left/725653.tiff,nd1S05541,L,2/10/11
755462,/Users/odon/Desktop/intro_to_iris_recognition/Week 1/NDCVRL_002 Dataset/raw/nd1S05541/Left/755462.tiff,nd1S05541,L,2/22/11
757176,/Users/odon/Desktop/intro_to_iris_recognition/Week 1/NDCVRL_002 Dataset/raw/nd1S05541/Left/757176.tiff,nd1S05541,L,2/22/11
760308,/Users/odon/Desktop/intro_to_iris_recognition/Week 1/NDCVRL_002 Dataset/raw/nd1S05541/Left/760308.tiff,nd1S05541,L,2/22/11
760318,/Users/odon/Desktop/intro_to_iris_recognition/Week 1/NDCVRL_002 Dataset/raw/nd1S05541/Left/760318.tiff,nd1S05541,L,2/22/11
760320,/Users/odon/Desktop/intro_to_iris_recognition/Week 1/NDCVRL_002 Dataset/raw/nd1S05541/Left/760320.tiff,nd1S05541,L,2/22/11
790840,/Users/odon/Desktop/intro_to_iris_recognition/Week 1/NDCVRL_002 Dataset/raw/nd1S05541/Left/790840.tiff,nd1S05541,L,3/8/11
798965,/Users/odon/Desktop/intro_to_iris_recognition/Week 1/NDCVRL_002 Dataset/raw/nd1S05541/Left/798965.tiff,nd1S05541,L,3/8/11
799914,/Users/odon/Desktop/intro_to_iris_recognition/Week 1/NDCVRL_002 Dataset/raw/nd1S05541/Left/799914.tiff,nd1S05541,L,3/8/11
821260,/Users/odon/Desktop/intro_to_iris_recognition/Week 1/NDCVRL_002 Dataset/raw/nd1S05541/Left/821260.tiff,nd1S05541,L,3/22/11
826073,/Users/odon/Desktop/intro_to_iris_recognition/Week 1/NDCVRL_002 Dataset/raw/nd1S05541/Left/826073.tiff,nd1S05541,L,3/22/11
870377,/Users/odon/Desktop/intro_to_iris_recognition/Week 1/NDCVRL_002 Dataset/raw/nd1S05541/Left/870377.tiff,nd1S05541,L,4/14/11
870386,/Users/odon/Desktop/intro_to_iris_recognition/Week 1/NDCVRL_002 Dataset/raw/nd1S05541/Left/870386.tiff,nd1S05541,L,4/14/11
873210,/Users/odon/Desktop/intro_to_iris_recognition/Week 1/NDCVRL_002 Dataset/raw/nd1S05541/Left/873210.tiff,nd1S05541,L,4/14/11
908490,/Users/odon/Desktop/intro_to_iris_recognition/Week 1/NDCVRL_002 Dataset/raw/nd1S05541/Left/908490.tiff,nd1S05541,L,4/28/11
911381,/Users/odon/Desktop/intro_to_iris_recognition/Week 1/NDCVRL_002 Dataset/raw/nd1S05541/Left/911381.tiff,nd1S05541,L,4/28/11
911393,/Users/odon/Desktop/intro_to_iris_recognition/Week 1/NDCVRL_002 Dataset/raw/nd1S05541/Left/911393.tiff,nd1S05541,L,4/28/11
826071,/Users/odon/Desktop/intro_to_iris_recognition/Week 1/NDCVRL_002 Dataset/raw/nd1S05541/Right/826071.tiff,nd1S05541,R,3/22/11
870378,/Users/odon/Desktop/intro_to_iris_recognition/Week 1/NDCVRL_002 Dataset/raw/nd1S05541/Right/870378.tiff,nd1S05541,R,4/14/11
870379,/Users/odon/Desktop/intro_to_iris_recognition/Week 1/NDCVRL_002 Dataset/raw/nd1S05541/Right/870379.tiff,nd1S05541,R,4/14/11
870381,/Users/odon/Desktop/intro_to_iris_recognition/Week 1/NDCVRL_002 Dataset/raw/nd1S05541/Right/870381.tiff,nd1S05541,R,4/14/11
870388,/Users/odon/Desktop/intro_to_iris_recognition/Week 1/NDCVRL_002 Dataset/raw/nd1S05541/Right/870388.tiff,nd1S05541,R,4/14/11
870902,/Users/odon/Desktop/intro_to_iris_recognition/Week 1/NDCVRL_002 Dataset/raw/nd1S05541/Right/870902.tiff,nd1S05541,R,4/14/11
871835,/Users/odon/Desktop/intro_to_iris_recognition/Week 1/NDCVRL_002 Dataset/raw/nd1S05541/Right/871835.tiff,nd1S05541,R,4/14/11
871838,/Users/odon/Desktop/intro_to_iris_recognition/Week 1/NDCVRL_002 Dataset/raw/nd1S05541/Right/871838.tiff,nd1S05541,R,4/14/11
873213,/Users/odon/Desktop/intro_to_iris_recognition/Week 1/NDCVRL_002 Dataset/raw/nd1S05541/Right/873213.tiff,nd1S05541,R,4/14/11
873915,/Users/odon/Desktop/intro_to_iris_recognition/Week 1/NDCVRL_002 Dataset/raw/nd1S05541/Right/873915.tiff,nd1S05541,R,4/14/11
873917,/Users/odon/Desktop/intro_to_iris_recognition/Week 1/NDCVRL_002 Dataset/raw/nd1S05541/Right/873917.tiff,nd1S05541,R,4/14/11
908184,/Users/odon/Desktop/intro_to_iris_recognition/Week 1/NDCVRL_002 Dataset/raw/nd1S05541/Right/908184.tiff,nd1S05541,R,4/28/11
908492,/Users/odon/Desktop/intro_to_iris_recognition/Week 1/NDCVRL_002 Dataset/raw/nd1S05541/Right/908492.tiff,nd1S05541,R,4/28/11
910727,/Users/odon/Desktop/intro_to_iris_recognition/Week 1/NDCVRL_002 Dataset/raw/nd1S05541/Right/910727.tiff,nd1S05541,R,4/28/11
910728,/Users/odon/Desktop/intro_to_iris_recognition/Week 1/NDCVRL_002 Dataset/raw/nd1S05541/Right/910728.tiff,nd1S05541,R,4/28/11
910729,/Users/odon/Desktop/intro_to_iris_recognition/Week 1/NDCVRL_002 Dataset/raw/nd1S05541/Right/910729.tiff,nd1S05541,R,4/28/11
910730,/Users/odon/Desktop/intro_to_iris_recognition/Week 1/NDCVRL_002 Dataset/raw/nd1S05541/Right/910730.tiff,nd1S05541,R,4/28/11
911384,/Users/odon/Desktop/intro_to_iris_recognition/Week 1/NDCVRL_002 Dataset/raw/nd1S05541/Right/911384.tiff,nd1S05541,R,4/28/11
911385,/Users/odon/Desktop/intro_to_iris_recognition/Week 1/NDCVRL_002 Dataset/raw/nd1S05541/Right/911385.tiff,nd1S05541,R,4/28/11
911386,/Users/odon/Desktop/intro_to_iris_recognition/Week 1/NDCVRL_002 Dataset/raw/nd1S05541/Right/911386.tiff,nd1S05541,R,4/28/11
911388,/Users/odon/Desktop/intro_to_iris_recognition/Week 1/NDCVRL_002 Dataset/raw/nd1S05541/Right/911388.tiff,nd1S05541,R,4/28/11
911394,/Users/odon/Desktop/intro_to_iris_recognition/Week 1/NDCVRL_002 Dataset/raw/nd1S05541/Right/911394.tiff,nd1S05541,R,4/28/11
911395,/Users/odon/Desktop/intro_to_iris_recognition/Week 1/NDCVRL_002 Dataset/raw/nd1S05541/Right/911395.tiff,nd1S05541,R,4/28/11
911396,/Users/odon/Desktop/intro_to_iris_recognition/Week 1/NDCVRL_002 Dataset/raw/nd1S05541/Right/911396.tiff,nd1S05541,R,4/28/11
911397,/Users/odon/Desktop/intro_to_iris_recognition/Week 1/NDCVRL_002 Dataset/raw/nd1S05541/Right/911397.tiff,nd1S05541,R,4/28/11
236348,/Users/odon/Desktop/intro_to_iris_recognition/Week 1/NDCVRL_002 Dataset/raw/nd1S05547/Right/236348.tiff,nd1S05547,R,4/10/08
238051,/Users/odon/Desktop/intro_to_iris_recognition/Week 1/NDCVRL_002 Dataset/raw/nd1S05547/Right/238051.tiff,nd1S05547,R,4/10/08
238056,/Users/odon/Desktop/intro_to_iris_recognition/Week 1/NDCVRL_002 Dataset/raw/nd1S05547/Right/238056.tiff,nd1S05547,R,4/10/08
244056,/Users/odon/Desktop/intro_to_iris_recognition/Week 1/NDCVRL_002 Dataset/raw/nd1S05547/Right/244056.tiff,nd1S05547,R,4/29/08
244057,/Users/odon/Desktop/intro_to_iris_recognition/Week 1/NDCVRL_002 Dataset/raw/nd1S05547/Right/244057.tiff,nd1S05547,R,4/29/08
388530,/Users/odon/Desktop/intro_to_iris_recognition/Week 1/NDCVRL_002 Dataset/raw/nd1S05547/Right/388530.tiff,nd1S05547,R,2/4/09
388540,/Users/odon/Desktop/intro_to_iris_recognition/Week 1/NDCVRL_002 Dataset/raw/nd1S05547/Right/388540.tiff,nd1S05547,R,2/4/09
697432,/Users/odon/Desktop/intro_to_iris_recognition/Week 1/NDCVRL_002 Dataset/raw/nd1S05547/Right/697432.tiff,nd1S05547,R,12/2/10
702099,/Users/odon/Desktop/intro_to_iris_recognition/Week 1/NDCVRL_002 Dataset/raw/nd1S05547/Right/702099.tiff,nd1S05547,R,12/2/10
709525,/Users/odon/Desktop/intro_to_iris_recognition/Week 1/NDCVRL_002 Dataset/raw/nd1S05547/Right/709525.tiff,nd1S05547,R,1/27/11
709531,/Users/odon/Desktop/intro_to_iris_recognition/Week 1/NDCVRL_002 Dataset/raw/nd1S05547/Right/709531.tiff,nd1S05547,R,1/27/11
709538,/Users/odon/Desktop/intro_to_iris_recognition/Week 1/NDCVRL_002 Dataset/raw/nd1S05547/Right/709538.tiff,nd1S05547,R,1/27/11
709541,/Users/odon/Desktop/intro_to_iris_recognition/Week 1/NDCVRL_002 Dataset/raw/nd1S05547/Right/709541.tiff,nd1S05547,R,1/27/11
709546,/Users/odon/Desktop/intro_to_iris_recognition/Week 1/NDCVRL_002 Dataset/raw/nd1S05547/Right/709546.tiff,nd1S05547,R,1/27/11
756457,/Users/odon/Desktop/intro_to_iris_recognition/Week 1/NDCVRL_002 Dataset/raw/nd1S05547/Right/756457.tiff,nd1S05547,R,2/22/11
760335,/Users/odon/Desktop/intro_to_iris_recognition/Week 1/NDCVRL_002 Dataset/raw/nd1S05547/Right/760335.tiff,nd1S05547,R,2/22/11
798232,/Users/odon/Desktop/intro_to_iris_recognition/Week 1/NDCVRL_002 Dataset/raw/nd1S05547/Right/798232.tiff,nd1S05547,R,3/8/11
821249,/Users/odon/Desktop/intro_to_iris_recognition/Week 1/NDCVRL_002 Dataset/raw/nd1S05547/Right/821249.tiff,nd1S05547,R,3/22/11
896410,/Users/odon/Desktop/intro_to_iris_recognition/Week 1/NDCVRL_002 Dataset/raw/nd1S05547/Right/896410.tiff,nd1S05547,R,4/26/11
896420,/Users/odon/Desktop/intro_to_iris_recognition/Week 1/NDCVRL_002 Dataset/raw/nd1S05547/Right/896420.tiff,nd1S05547,R,4/26/11
897514,/Users/odon/Desktop/intro_to_iris_recognition/Week 1/NDCVRL_002 Dataset/raw/nd1S05547/Right/897514.tiff,nd1S05547,R,4/26/11
898668,/Users/odon/Desktop/intro_to_iris_recognition/Week 1/NDCVRL_002 Dataset/raw/nd1S05547/Right/898668.tiff,nd1S05547,R,4/26/11
899773,/Users/odon/Desktop/intro_to_iris_recognition/Week 1/NDCVRL_002 Dataset/raw/nd1S05547/Right/899773.tiff,nd1S05547,R,4/26/11
901167,/Users/odon/Desktop/intro_to_iris_recognition/Week 1/NDCVRL_002 Dataset/raw/nd1S05547/Right/901167.tiff,nd1S05547,R,4/26/11
240383,/Users/odon/Desktop/intro_to_iris_recognition/Week 1/NDCVRL_002 Dataset/raw/nd1S05555/Left/240383.tiff,nd1S05555,L,4/23/08
241616,/Users/odon/Desktop/intro_to_iris_recognition/Week 1/NDCVRL_002 Dataset/raw/nd1S05555/Left/241616.tiff,nd1S05555,L,4/23/08
241617,/Users/odon/Desktop/intro_to_iris_recognition/Week 1/NDCVRL_002 Dataset/raw/nd1S05555/Left/241617.tiff,nd1S05555,L,4/23/08
241619,/Users/odon/Desktop/intro_to_iris_recognition/Week 1/NDCVRL_002 Dataset/raw/nd1S05555/Left/241619.tiff,nd1S05555,L,4/23/08
241621,/Users/odon/Desktop/intro_to_iris_recognition/Week 1/NDCVRL_002 Dataset/raw/nd1S05555/Left/241621.tiff,nd1S05555,L,4/23/08
244793,/Users/odon/Desktop/intro_to_iris_recognition/Week 1/NDCVRL_002 Dataset/raw/nd1S05555/Left/244793.tiff,nd1S05555,L,5/1/08
244794,/Users/odon/Desktop/intro_to_iris_recognition/Week 1/NDCVRL_002 Dataset/raw/nd1S05555/Left/244794.tiff,nd1S05555,L,5/1/08
259796,/Users/odon/Desktop/intro_to_iris_recognition/Week 1/NDCVRL_002 Dataset/raw/nd1S05555/Left/259796.tiff,nd1S05555,L,9/24/08
262110,/Users/odon/Desktop/intro_to_iris_recognition/Week 1/NDCVRL_002 Dataset/raw/nd1S05555/Left/262110.tiff,nd1S05555,L,9/24/08
262112,/Users/odon/Desktop/intro_to_iris_recognition/Week 1/NDCVRL_002 Dataset/raw/nd1S05555/Left/262112.tiff,nd1S05555,L,9/24/08
277771,/Users/odon/Desktop/intro_to_iris_recognition/Week 1/NDCVRL_002 Dataset/raw/nd1S05555/Left/277771.tiff,nd1S05555,L,10/29/08
277774,/Users/odon/Desktop/intro_to_iris_recognition/Week 1/NDCVRL_002 Dataset/raw/nd1S05555/Left/277774.tiff,nd1S05555,L,10/29/08
284629,/Users/odon/Desktop/intro_to_iris_recognition/Week 1/NDCVRL_002 Dataset/raw/nd1S05555/Left/284629.tiff,nd1S05555,L,11/13/08
287610,/Users/odon/Desktop/intro_to_iris_recognition/Week 1/NDCVRL_002 Dataset/raw/nd1S05555/Left/287610.tiff,nd1S05555,L,12/4/08
287616,/Users/odon/Desktop/intro_to_iris_recognition/Week 1/NDCVRL_002 Dataset/raw/nd1S05555/Left/287616.tiff,nd1S05555,L,12/4/08
287622,/Users/odon/Desktop/intro_to_iris_recognition/Week 1/NDCVRL_002 Dataset/raw/nd1S05555/Left/287622.tiff,nd1S05555,L,12/4/08
313908,/Users/odon/Desktop/intro_to_iris_recognition/Week 1/NDCVRL_002 Dataset/raw/nd1S05555/Left/313908.tiff,nd1S05555,L,1/22/09
405823,/Users/odon/Desktop/intro_to_iris_recognition/Week 1/NDCVRL_002 Dataset/raw/nd1S05555/Left/405823.tiff,nd1S05555,L,2/19/09
405826,/Users/odon/Desktop/intro_to_iris_recognition/Week 1/NDCVRL_002 Dataset/raw/nd1S05555/Left/405826.tiff,nd1S05555,L,2/19/09
451522,/Users/odon/Desktop/intro_to_iris_recognition/Week 1/NDCVRL_002 Dataset/raw/nd1S05555/Left/451522.tiff,nd1S05555,L,4/23/09
529501,/Users/odon/Desktop/intro_to_iris_recognition/Week 1/NDCVRL_002 Dataset/raw/nd1S05555/Left/529501.tiff,nd1S05555,L,11/4/09
530280,/Users/odon/Desktop/intro_to_iris_recognition/Week 1/NDCVRL_002 Dataset/raw/nd1S05555/Left/530280.tiff,nd1S05555,L,11/4/09
530283,/Users/odon/Desktop/intro_to_iris_recognition/Week 1/NDCVRL_002 Dataset/raw/nd1S05555/Left/530283.tiff,nd1S05555,L,11/4/09
540377,/Users/odon/Desktop/intro_to_iris_recognition/Week 1/NDCVRL_002 Dataset/raw/nd1S05555/Left/540377.tiff,nd1S05555,L,1/27/10
540380,/Users/odon/Desktop/intro_to_iris_recognition/Week 1/NDCVRL_002 Dataset/raw/nd1S05555/Left/540380.tiff,nd1S05555,L,1/27/10
540383,/Users/odon/Desktop/intro_to_iris_recognition/Week 1/NDCVRL_002 Dataset/raw/nd1S05555/Left/540383.tiff,nd1S05555,L,1/27/10
557359,/Users/odon/Desktop/intro_to_iris_recognition/Week 1/NDCVRL_002 Dataset/raw/nd1S05555/Left/557359.tiff,nd1S05555,L,2/10/10
585764,/Users/odon/Desktop/intro_to_iris_recognition/Week 1/NDCVRL_002 Dataset/raw/nd1S05555/Left/585764.tiff,nd1S05555,L,2/25/10
613152,/Users/odon/Desktop/intro_to_iris_recognition/Week 1/NDCVRL_002 Dataset/raw/nd1S05555/Left/613152.tiff,nd1S05555,L,4/28/10
682613,/Users/odon/Desktop/intro_to_iris_recognition/Week 1/NDCVRL_002 Dataset/raw/nd1S05555/Left/682613.tiff,nd1S05555,L,11/9/10
697755,/Users/odon/Desktop/intro_to_iris_recognition/Week 1/NDCVRL_002 Dataset/raw/nd1S05555/Left/697755.tiff,nd1S05555,L,12/2/10
702198,/Users/odon/Desktop/intro_to_iris_recognition/Week 1/NDCVRL_002 Dataset/raw/nd1S05555/Left/702198.tiff,nd1S05555,L,12/2/10
706156,/Users/odon/Desktop/intro_to_iris_recognition/Week 1/NDCVRL_002 Dataset/raw/nd1S05555/Left/706156.tiff,nd1S05555,L,1/26/11
723662,/Users/odon/Desktop/intro_to_iris_recognition/Week 1/NDCVRL_002 Dataset/raw/nd1S05555/Left/723662.tiff,nd1S05555,L,2/9/11
723672,/Users/odon/Desktop/intro_to_iris_recognition/Week 1/NDCVRL_002 Dataset/raw/nd1S05555/Left/723672.tiff,nd1S05555,L,2/9/11
728438,/Users/odon/Desktop/intro_to_iris_recognition/Week 1/NDCVRL_002 Dataset/raw/nd1S05555/Left/728438.tiff,nd1S05555,L,2/9/11
903129,/Users/odon/Desktop/intro_to_iris_recognition/Week 1/NDCVRL_002 Dataset/raw/nd1S05555/Left/903129.tiff,nd1S05555,L,4/27/11
906398,/Users/odon/Desktop/intro_to_iris_recognition/Week 1/NDCVRL_002 Dataset/raw/nd1S05555/Left/906398.tiff,nd1S05555,L,4/27/11
240384,/Users/odon/Desktop/intro_to_iris_recognition/Week 1/NDCVRL_002 Dataset/raw/nd1S05555/Right/240384.tiff,nd1S05555,R,4/23/08
241622,/Users/odon/Desktop/intro_to_iris_recognition/Week 1/NDCVRL_002 Dataset/raw/nd1S05555/Right/241622.tiff,nd1S05555,R,4/23/08
241623,/Users/odon/Desktop/intro_to_iris_recognition/Week 1/NDCVRL_002 Dataset/raw/nd1S05555/Right/241623.tiff,nd1S05555,R,4/23/08
241625,/Users/odon/Desktop/intro_to_iris_recognition/Week 1/NDCVRL_002 Dataset/raw/nd1S05555/Right/241625.tiff,nd1S05555,R,4/23/08
244799,/Users/odon/Desktop/intro_to_iris_recognition/Week 1/NDCVRL_002 Dataset/raw/nd1S05555/Right/244799.tiff,nd1S05555,R,5/1/08
244800,/Users/odon/Desktop/intro_to_iris_recognition/Week 1/NDCVRL_002 Dataset/raw/nd1S05555/Right/244800.tiff,nd1S05555,R,5/1/08
244803,/Users/odon/Desktop/intro_to_iris_recognition/Week 1/NDCVRL_002 Dataset/raw/nd1S05555/Right/244803.tiff,nd1S05555,R,5/1/08
262121,/Users/odon/Desktop/intro_to_iris_recognition/Week 1/NDCVRL_002 Dataset/raw/nd1S05555/Right/262121.tiff,nd1S05555,R,9/24/08
267069,/Users/odon/Desktop/intro_to_iris_recognition/Week 1/NDCVRL_002 Dataset/raw/nd1S05555/Right/267069.tiff,nd1S05555,R,10/9/08
277777,/Users/odon/Desktop/intro_to_iris_recognition/Week 1/NDCVRL_002 Dataset/raw/nd1S05555/Right/277777.tiff,nd1S05555,R,10/29/08
287628,/Users/odon/Desktop/intro_to_iris_recognition/Week 1/NDCVRL_002 Dataset/raw/nd1S05555/Right/287628.tiff,nd1S05555,R,12/4/08
287634,/Users/odon/Desktop/intro_to_iris_recognition/Week 1/NDCVRL_002 Dataset/raw/nd1S05555/Right/287634.tiff,nd1S05555,R,12/4/08
287637,/Users/odon/Desktop/intro_to_iris_recognition/Week 1/NDCVRL_002 Dataset/raw/nd1S05555/Right/287637.tiff,nd1S05555,R,12/4/08
392224,/Users/odon/Desktop/intro_to_iris_recognition/Week 1/NDCVRL_002 Dataset/raw/nd1S05555/Right/392224.tiff,nd1S05555,R,2/5/09
405832,/Users/odon/Desktop/intro_to_iris_recognition/Week 1/NDCVRL_002 Dataset/raw/nd1S05555/Right/405832.tiff,nd1S05555,R,2/19/09
416444,/Users/odon/Desktop/intro_to_iris_recognition/Week 1/NDCVRL_002 Dataset/raw/nd1S05555/Right/416444.tiff,nd1S05555,R,3/4/09
416449,/Users/odon/Desktop/intro_to_iris_recognition/Week 1/NDCVRL_002 Dataset/raw/nd1S05555/Right/416449.tiff,nd1S05555,R,3/4/09
513101,/Users/odon/Desktop/intro_to_iris_recognition/Week 1/NDCVRL_002 Dataset/raw/nd1S05555/Right/513101.tiff,nd1S05555,R,11/19/09
529503,/Users/odon/Desktop/intro_to_iris_recognition/Week 1/NDCVRL_002 Dataset/raw/nd1S05555/Right/529503.tiff,nd1S05555,R,11/4/09
530292,/Users/odon/Desktop/intro_to_iris_recognition/Week 1/NDCVRL_002 Dataset/raw/nd1S05555/Right/530292.tiff,nd1S05555,R,11/4/09
540396,/Users/odon/Desktop/intro_to_iris_recognition/Week 1/NDCVRL_002 Dataset/raw/nd1S05555/Right/540396.tiff,nd1S05555,R,1/27/10
557370,/Users/odon/Desktop/intro_to_iris_recognition/Week 1/NDCVRL_002 Dataset/raw/nd1S05555/Right/557370.tiff,nd1S05555,R,2/10/10
580043,/Users/odon/Desktop/intro_to_iris_recognition/Week 1/NDCVRL_002 Dataset/raw/nd1S05555/Right/580043.tiff,nd1S05555,R,2/25/10
608656,/Users/odon/Desktop/intro_to_iris_recognition/Week 1/NDCVRL_002 Dataset/raw/nd1S05555/Right/608656.tiff,nd1S05555,R,4/15/10
682614,/Users/odon/Desktop/intro_to_iris_recognition/Week 1/NDCVRL_002 Dataset/raw/nd1S05555/Right/682614.tiff,nd1S05555,R,11/9/10
697760,/Users/odon/Desktop/intro_to_iris_recognition/Week 1/NDCVRL_002 Dataset/raw/nd1S05555/Right/697760.tiff,nd1S05555,R,12/2/10
702197,/Users/odon/Desktop/intro_to_iris_recognition/Week 1/NDCVRL_002 Dataset/raw/nd1S05555/Right/702197.tiff,nd1S05555,R,12/2/10
723665,/Users/odon/Desktop/intro_to_iris_recognition/Week 1/NDCVRL_002 Dataset/raw/nd1S05555/Right/723665.tiff,nd1S05555,R,2/9/11
723679,/Users/odon/Desktop/intro_to_iris_recognition/Week 1/NDCVRL_002 Dataset/raw/nd1S05555/Right/723679.tiff,nd1S05555,R,2/9/11
903131,/Users/odon/Desktop/intro_to_iris_recognition/Week 1/NDCVRL_002 Dataset/raw/nd1S05555/Right/903131.tiff,nd1S05555,R,4/27/11
243208,/Users/odon/Desktop/intro_to_iris_recognition/Week 1/NDCVRL_002 Dataset/raw/nd1S05587/Right/243208.tiff,nd1S05587,R,5/1/08
244860,/Users/odon/Desktop/intro_to_iris_recognition/Week 1/NDCVRL_002 Dataset/raw/nd1S05587/Right/244860.tiff,nd1S05587,R,5/1/08
244863,/Users/odon/Desktop/intro_to_iris_recognition/Week 1/NDCVRL_002 Dataset/raw/nd1S05587/Right/244863.tiff,nd1S05587,R,5/1/08
259803,/Users/odon/Desktop/intro_to_iris_recognition/Week 1/NDCVRL_002 Dataset/raw/nd1S05587/Right/259803.tiff,nd1S05587,R,9/24/08
262153,/Users/odon/Desktop/intro_to_iris_recognition/Week 1/NDCVRL_002 Dataset/raw/nd1S05587/Right/262153.tiff,nd1S05587,R,9/24/08
262154,/Users/odon/Desktop/intro_to_iris_recognition/Week 1/NDCVRL_002 Dataset/raw/nd1S05587/Right/262154.tiff,nd1S05587,R,9/24/08
262155,/Users/odon/Desktop/intro_to_iris_recognition/Week 1/NDCVRL_002 Dataset/raw/nd1S05587/Right/262155.tiff,nd1S05587,R,9/24/08
433680,/Users/odon/Desktop/intro_to_iris_recognition/Week 1/NDCVRL_002 Dataset/raw/nd1S05587/Right/433680.tiff,nd1S05587,R,3/25/09
610885,/Users/odon/Desktop/intro_to_iris_recognition/Week 1/NDCVRL_002 Dataset/raw/nd1S05587/Right/610885.tiff,nd1S05587,R,4/27/10
610894,/Users/odon/Desktop/intro_to_iris_recognition/Week 1/NDCVRL_002 Dataset/raw/nd1S05587/Right/610894.tiff,nd1S05587,R,4/27/10
683104,/Users/odon/Desktop/intro_to_iris_recognition/Week 1/NDCVRL_002 Dataset/raw/nd1S05587/Right/683104.tiff,nd1S05587,R,11/9/10
683112,/Users/odon/Desktop/intro_to_iris_recognition/Week 1/NDCVRL_002 Dataset/raw/nd1S05587/Right/683112.tiff,nd1S05587,R,11/9/10
694820,/Users/odon/Desktop/intro_to_iris_recognition/Week 1/NDCVRL_002 Dataset/raw/nd1S05587/Right/694820.tiff,nd1S05587,R,11/30/10
694825,/Users/odon/Desktop/intro_to_iris_recognition/Week 1/NDCVRL_002 Dataset/raw/nd1S05587/Right/694825.tiff,nd1S05587,R,11/30/10
764149,/Users/odon/Desktop/intro_to_iris_recognition/Week 1/NDCVRL_002 Dataset/raw/nd1S05587/Right/764149.tiff,nd1S05587,R,2/24/11
767184,/Users/odon/Desktop/intro_to_iris_recognition/Week 1/NDCVRL_002 Dataset/raw/nd1S05587/Right/767184.tiff,nd1S05587,R,2/24/11
768460,/Users/odon/Desktop/intro_to_iris_recognition/Week 1/NDCVRL_002 Dataset/raw/nd1S05587/Right/768460.tiff,nd1S05587,R,2/24/11
796319,/Users/odon/Desktop/intro_to_iris_recognition/Week 1/NDCVRL_002 Dataset/raw/nd1S05587/Right/796319.tiff,nd1S05587,R,3/10/11
801270,/Users/odon/Desktop/intro_to_iris_recognition/Week 1/NDCVRL_002 Dataset/raw/nd1S05587/Right/801270.tiff,nd1S05587,R,3/10/11
818054,/Users/odon/Desktop/intro_to_iris_recognition/Week 1/NDCVRL_002 Dataset/raw/nd1S05587/Right/818054.tiff,nd1S05587,R,3/22/11
856108,/Users/odon/Desktop/intro_to_iris_recognition/Week 1/NDCVRL_002 Dataset/raw/nd1S05587/Right/856108.tiff,nd1S05587,R,4/12/11
856118,/Users/odon/Desktop/intro_to_iris_recognition/Week 1/NDCVRL_002 Dataset/raw/nd1S05587/Right/856118.tiff,nd1S05587,R,4/12/11
864283,/Users/odon/Desktop/intro_to_iris_recognition/Week 1/NDCVRL_002 Dataset/raw/nd1S05587/Right/864283.tiff,nd1S05587,R,4/12/11
900968,/Users/odon/Desktop/intro_to_iris_recognition/Week 1/NDCVRL_002 Dataset/raw/nd1S05587/Right/900968.tiff,nd1S05587,R,4/26/11
396610,/Users/odon/Desktop/intro_to_iris_recognition/Week 1/NDCVRL_002 Dataset/raw/nd1S05597/Left/396610.tiff,nd1S05597,L,2/17/09
396611,/Users/odon/Desktop/intro_to_iris_recognition/Week 1/NDCVRL_002 Dataset/raw/nd1S05597/Left/396611.tiff,nd1S05597,L,2/17/09
398938,/Users/odon/Desktop/intro_to_iris_recognition/Week 1/NDCVRL_002 Dataset/raw/nd1S05597/Left/398938.tiff,nd1S05597,L,2/17/09
398940,/Users/odon/Desktop/intro_to_iris_recognition/Week 1/NDCVRL_002 Dataset/raw/nd1S05597/Left/398940.tiff,nd1S05597,L,2/17/09
398942,/Users/odon/Desktop/intro_to_iris_recognition/Week 1/NDCVRL_002 Dataset/raw/nd1S05597/Left/398942.tiff,nd1S05597,L,2/17/09
410313,/Users/odon/Desktop/intro_to_iris_recognition/Week 1/NDCVRL_002 Dataset/raw/nd1S05597/Left/410313.tiff,nd1S05597,L,3/3/09
410314,/Users/odon/Desktop/intro_to_iris_recognition/Week 1/NDCVRL_002 Dataset/raw/nd1S05597/Left/410314.tiff,nd1S05597,L,3/3/09
410315,/Users/odon/Desktop/intro_to_iris_recognition/Week 1/NDCVRL_002 Dataset/raw/nd1S05597/Left/410315.tiff,nd1S05597,L,3/3/09
410316,/Users/odon/Desktop/intro_to_iris_recognition/Week 1/NDCVRL_002 Dataset/raw/nd1S05597/Left/410316.tiff,nd1S05597,L,3/3/09
410317,/Users/odon/Desktop/intro_to_iris_recognition/Week 1/NDCVRL_002 Dataset/raw/nd1S05597/Left/410317.tiff,nd1S05597,L,3/3/09
410318,/Users/odon/Desktop/intro_to_iris_recognition/Week 1/NDCVRL_002 Dataset/raw/nd1S05597/Left/410318.tiff,nd1S05597,L,3/3/09
410319,/Users/odon/Desktop/intro_to_iris_recognition/Week 1/NDCVRL_002 Dataset/raw/nd1S05597/Left/410319.tiff,nd1S05597,L,3/3/09
410320,/Users/odon/Desktop/intro_to_iris_recognition/Week 1/NDCVRL_002 Dataset/raw/nd1S05597/Left/410320.tiff,nd1S05597,L,3/3/09
410321,/Users/odon/Desktop/intro_to_iris_recognition/Week 1/NDCVRL_002 Dataset/raw/nd1S05597/Left/410321.tiff,nd1S05597,L,3/3/09
410323,/Users/odon/Desktop/intro_to_iris_recognition/Week 1/NDCVRL_002 Dataset/raw/nd1S05597/Left/410323.tiff,nd1S05597,L,3/3/09
410324,/Users/odon/Desktop/intro_to_iris_recognition/Week 1/NDCVRL_002 Dataset/raw/nd1S05597/Left/410324.tiff,nd1S05597,L,3/3/09
412626,/Users/odon/Desktop/intro_to_iris_recognition/Week 1/NDCVRL_002 Dataset/raw/nd1S05597/Left/412626.tiff,nd1S05597,L,3/3/09
412628,/Users/odon/Desktop/intro_to_iris_recognition/Week 1/NDCVRL_002 Dataset/raw/nd1S05597/Left/412628.tiff,nd1S05597,L,3/3/09
436268,/Users/odon/Desktop/intro_to_iris_recognition/Week 1/NDCVRL_002 Dataset/raw/nd1S05597/Left/436268.tiff,nd1S05597,L,3/26/09
436270,/Users/odon/Desktop/intro_to_iris_recognition/Week 1/NDCVRL_002 Dataset/raw/nd1S05597/Left/436270.tiff,nd1S05597,L,3/26/09
436271,/Users/odon/Desktop/intro_to_iris_recognition/Week 1/NDCVRL_002 Dataset/raw/nd1S05597/Left/436271.tiff,nd1S05597,L,3/26/09
436272,/Users/odon/Desktop/intro_to_iris_recognition/Week 1/NDCVRL_002 Dataset/raw/nd1S05597/Left/436272.tiff,nd1S05597,L,3/26/09
436273,/Users/odon/Desktop/intro_to_iris_recognition/Week 1/NDCVRL_002 Dataset/raw/nd1S05597/Left/436273.tiff,nd1S05597,L,3/26/09
436274,/Users/odon/Desktop/intro_to_iris_recognition/Week 1/NDCVRL_002 Dataset/raw/nd1S05597/Left/436274.tiff,nd1S05597,L,3/26/09
436276,/Users/odon/Desktop/intro_to_iris_recognition/Week 1/NDCVRL_002 Dataset/raw/nd1S05597/Left/436276.tiff,nd1S05597,L,3/26/09
436278,/Users/odon/Desktop/intro_to_iris_recognition/Week 1/NDCVRL_002 Dataset/raw/nd1S05597/Left/436278.tiff,nd1S05597,L,3/26/09
436279,/Users/odon/Desktop/intro_to_iris_recognition/Week 1/NDCVRL_002 Dataset/raw/nd1S05597/Left/436279.tiff,nd1S05597,L,3/26/09
438171,/Users/odon/Desktop/intro_to_iris_recognition/Week 1/NDCVRL_002 Dataset/raw/nd1S05597/Left/438171.tiff,nd1S05597,L,3/26/09
438173,/Users/odon/Desktop/intro_to_iris_recognition/Week 1/NDCVRL_002 Dataset/raw/nd1S05597/Left/438173.tiff,nd1S05597,L,3/26/09
449960,/Users/odon/Desktop/intro_to_iris_recognition/Week 1/NDCVRL_002 Dataset/raw/nd1S05597/Left/449960.tiff,nd1S05597,L,4/23/09
449961,/Users/odon/Desktop/intro_to_iris_recognition/Week 1/NDCVRL_002 Dataset/raw/nd1S05597/Left/449961.tiff,nd1S05597,L,4/23/09
449962,/Users/odon/Desktop/intro_to_iris_recognition/Week 1/NDCVRL_002 Dataset/raw/nd1S05597/Left/449962.tiff,nd1S05597,L,4/23/09
449963,/Users/odon/Desktop/intro_to_iris_recognition/Week 1/NDCVRL_002 Dataset/raw/nd1S05597/Left/449963.tiff,nd1S05597,L,4/23/09
449964,/Users/odon/Desktop/intro_to_iris_recognition/Week 1/NDCVRL_002 Dataset/raw/nd1S05597/Left/449964.tiff,nd1S05597,L,4/23/09
449965,/Users/odon/Desktop/intro_to_iris_recognition/Week 1/NDCVRL_002 Dataset/raw/nd1S05597/Left/449965.tiff,nd1S05597,L,4/23/09
449966,/Users/odon/Desktop/intro_to_iris_recognition/Week 1/NDCVRL_002 Dataset/raw/nd1S05597/Left/449966.tiff,nd1S05597,L,4/23/09
449967,/Users/odon/Desktop/intro_to_iris_recognition/Week 1/NDCVRL_002 Dataset/raw/nd1S05597/Left/449967.tiff,nd1S05597,L,4/23/09
449968,/Users/odon/Desktop/intro_to_iris_recognition/Week 1/NDCVRL_002 Dataset/raw/nd1S05597/Left/449968.tiff,nd1S05597,L,4/23/09
449969,/Users/odon/Desktop/intro_to_iris_recognition/Week 1/NDCVRL_002 Dataset/raw/nd1S05597/Left/449969.tiff,nd1S05597,L,4/23/09
449970,/Users/odon/Desktop/intro_to_iris_recognition/Week 1/NDCVRL_002 Dataset/raw/nd1S05597/Left/449970.tiff,nd1S05597,L,4/23/09
449971,/Users/odon/Desktop/intro_to_iris_recognition/Week 1/NDCVRL_002 Dataset/raw/nd1S05597/Left/449971.tiff,nd1S05597,L,4/23/09
452369,/Users/odon/Desktop/intro_to_iris_recognition/Week 1/NDCVRL_002 Dataset/raw/nd1S05597/Left/452369.tiff,nd1S05597,L,4/23/09
452373,/Users/odon/Desktop/intro_to_iris_recognition/Week 1/NDCVRL_002 Dataset/raw/nd1S05597/Left/452373.tiff,nd1S05597,L,4/23/09
254675,/Users/odon/Desktop/intro_to_iris_recognition/Week 1/NDCVRL_002 Dataset/raw/nd1S05600/Left/254675.tiff,nd1S05600,L,9/9/08
254679,/Users/odon/Desktop/intro_to_iris_recognition/Week 1/NDCVRL_002 Dataset/raw/nd1S05600/Left/254679.tiff,nd1S05600,L,9/9/08
263768,/Users/odon/Desktop/intro_to_iris_recognition/Week 1/NDCVRL_002 Dataset/raw/nd1S05600/Left/263768.tiff,nd1S05600,L,9/25/08
263769,/Users/odon/Desktop/intro_to_iris_recognition/Week 1/NDCVRL_002 Dataset/raw/nd1S05600/Left/263769.tiff,nd1S05600,L,9/25/08
271044,/Users/odon/Desktop/intro_to_iris_recognition/Week 1/NDCVRL_002 Dataset/raw/nd1S05600/Left/271044.tiff,nd1S05600,L,10/9/08
286854,/Users/odon/Desktop/intro_to_iris_recognition/Week 1/NDCVRL_002 Dataset/raw/nd1S05600/Left/286854.tiff,nd1S05600,L,12/3/08
254684,/Users/odon/Desktop/intro_to_iris_recognition/Week 1/NDCVRL_002 Dataset/raw/nd1S05600/Right/254684.tiff,nd1S05600,R,9/9/08
254686,/Users/odon/Desktop/intro_to_iris_recognition/Week 1/NDCVRL_002 Dataset/raw/nd1S05600/Right/254686.tiff,nd1S05600,R,9/9/08
254693,/Users/odon/Desktop/intro_to_iris_recognition/Week 1/NDCVRL_002 Dataset/raw/nd1S05600/Right/254693.tiff,nd1S05600,R,9/9/08
271062,/Users/odon/Desktop/intro_to_iris_recognition/Week 1/NDCVRL_002 Dataset/raw/nd1S05600/Right/271062.tiff,nd1S05600,R,10/9/08
271067,/Users/odon/Desktop/intro_to_iris_recognition/Week 1/NDCVRL_002 Dataset/raw/nd1S05600/Right/271067.tiff,nd1S05600,R,10/9/08
271082,/Users/odon/Desktop/intro_to_iris_recognition/Week 1/NDCVRL_002 Dataset/raw/nd1S05600/Right/271082.tiff,nd1S05600,R,10/9/08
271092,/Users/odon/Desktop/intro_to_iris_recognition/Week 1/NDCVRL_002 Dataset/raw/nd1S05600/Right/271092.tiff,nd1S05600,R,10/9/08
271097,/Users/odon/Desktop/intro_to_iris_recognition/Week 1/NDCVRL_002 Dataset/raw/nd1S05600/Right/271097.tiff,nd1S05600,R,10/9/08
284986,/Users/odon/Desktop/intro_to_iris_recognition/Week 1/NDCVRL_002 Dataset/raw/nd1S05600/Right/284986.tiff,nd1S05600,R,12/3/08
286860,/Users/odon/Desktop/intro_to_iris_recognition/Week 1/NDCVRL_002 Dataset/raw/nd1S05600/Right/286860.tiff,nd1S05600,R,12/3/08
286866,/Users/odon/Desktop/intro_to_iris_recognition/Week 1/NDCVRL_002 Dataset/raw/nd1S05600/Right/286866.tiff,nd1S05600,R,12/3/08
1009710,/Users/odon/Desktop/intro_to_iris_recognition/Week 1/NDCVRL_002 Dataset/raw/nd1S05616/Right/1009710.tiff,nd1S05616,R,10/26/11
1033078,/Users/odon/Desktop/intro_to_iris_recognition/Week 1/NDCVRL_002 Dataset/raw/nd1S05616/Right/1033078.tiff,nd1S05616,R,11/8/11
1064394,/Users/odon/Desktop/intro_to_iris_recognition/Week 1/NDCVRL_002 Dataset/raw/nd1S05616/Right/1064394.tiff,nd1S05616,R,2/9/12
1064404,/Users/odon/Desktop/intro_to_iris_recognition/Week 1/NDCVRL_002 Dataset/raw/nd1S05616/Right/1064404.tiff,nd1S05616,R,2/9/12
1065475,/Users/odon/Desktop/intro_to_iris_recognition/Week 1/NDCVRL_002 Dataset/raw/nd1S05616/Right/1065475.tiff,nd1S05616,R,2/9/12
1130386,/Users/odon/Desktop/intro_to_iris_recognition/Week 1/NDCVRL_002 Dataset/raw/nd1S05616/Right/1130386.tiff,nd1S05616,R,3/28/12
1131849,/Users/odon/Desktop/intro_to_iris_recognition/Week 1/NDCVRL_002 Dataset/raw/nd1S05616/Right/1131849.tiff,nd1S05616,R,3/28/12
1132233,/Users/odon/Desktop/intro_to_iris_recognition/Week 1/NDCVRL_002 Dataset/raw/nd1S05616/Right/1132233.tiff,nd1S05616,R,3/28/12
1132357,/Users/odon/Desktop/intro_to_iris_recognition/Week 1/NDCVRL_002 Dataset/raw/nd1S05616/Right/1132357.tiff,nd1S05616,R,3/28/12
1132360,/Users/odon/Desktop/intro_to_iris_recognition/Week 1/NDCVRL_002 Dataset/raw/nd1S05616/Right/1132360.tiff,nd1S05616,R,3/28/12
256156,/Users/odon/Desktop/intro_to_iris_recognition/Week 1/NDCVRL_002 Dataset/raw/nd1S05616/Right/256156.tiff,nd1S05616,R,9/10/08
256163,/Users/odon/Desktop/intro_to_iris_recognition/Week 1/NDCVRL_002 Dataset/raw/nd1S05616/Right/256163.tiff,nd1S05616,R,9/10/08
303948,/Users/odon/Desktop/intro_to_iris_recognition/Week 1/NDCVRL_002 Dataset/raw/nd1S05616/Right/303948.tiff,nd1S05616,R,12/2/08
345779,/Users/odon/Desktop/intro_to_iris_recognition/Week 1/NDCVRL_002 Dataset/raw/nd1S05616/Right/345779.tiff,nd1S05616,R,2/3/09
429208,/Users/odon/Desktop/intro_to_iris_recognition/Week 1/NDCVRL_002 Dataset/raw/nd1S05616/Right/429208.tiff,nd1S05616,R,3/24/09
512465,/Users/odon/Desktop/intro_to_iris_recognition/Week 1/NDCVRL_002 Dataset/raw/nd1S05616/Right/512465.tiff,nd1S05616,R,11/18/09
522512,/Users/odon/Desktop/intro_to_iris_recognition/Week 1/NDCVRL_002 Dataset/raw/nd1S05616/Right/522512.tiff,nd1S05616,R,12/3/09
542932,/Users/odon/Desktop/intro_to_iris_recognition/Week 1/NDCVRL_002 Dataset/raw/nd1S05616/Right/542932.tiff,nd1S05616,R,1/28/10
579905,/Users/odon/Desktop/intro_to_iris_recognition/Week 1/NDCVRL_002 Dataset/raw/nd1S05616/Right/579905.tiff,nd1S05616,R,2/25/10
585196,/Users/odon/Desktop/intro_to_iris_recognition/Week 1/NDCVRL_002 Dataset/raw/nd1S05616/Right/585196.tiff,nd1S05616,R,2/25/10
615808,/Users/odon/Desktop/intro_to_iris_recognition/Week 1/NDCVRL_002 Dataset/raw/nd1S05616/Right/615808.tiff,nd1S05616,R,4/29/10
706553,/Users/odon/Desktop/intro_to_iris_recognition/Week 1/NDCVRL_002 Dataset/raw/nd1S05616/Right/706553.tiff,nd1S05616,R,1/26/11
765124,/Users/odon/Desktop/intro_to_iris_recognition/Week 1/NDCVRL_002 Dataset/raw/nd1S05616/Right/765124.tiff,nd1S05616,R,2/24/11
766037,/Users/odon/Desktop/intro_to_iris_recognition/Week 1/NDCVRL_002 Dataset/raw/nd1S05616/Right/766037.tiff,nd1S05616,R,2/24/11
867918,/Users/odon/Desktop/intro_to_iris_recognition/Week 1/NDCVRL_002 Dataset/raw/nd1S05616/Right/867918.tiff,nd1S05616,R,4/13/11
1035705,/Users/odon/Desktop/intro_to_iris_recognition/Week 1/NDCVRL_002 Dataset/raw/nd1S05619/Left/1035705.tiff,nd1S05619,L,11/8/11
1165941,/Users/odon/Desktop/intro_to_iris_recognition/Week 1/NDCVRL_002 Dataset/raw/nd1S05619/Left/1165941.tiff,nd1S05619,L,3/19/13
1169180,/Users/odon/Desktop/intro_to_iris_recognition/Week 1/NDCVRL_002 Dataset/raw/nd1S05619/Left/1169180.tiff,nd1S05619,L,3/28/13
1170431,/Users/odon/Desktop/intro_to_iris_recognition/Week 1/NDCVRL_002 Dataset/raw/nd1S05619/Left/1170431.tiff,nd1S05619,L,4/2/13
1171247,/Users/odon/Desktop/intro_to_iris_recognition/Week 1/NDCVRL_002 Dataset/raw/nd1S05619/Left/1171247.tiff,nd1S05619,L,4/3/13
256305,/Users/odon/Desktop/intro_to_iris_recognition/Week 1/NDCVRL_002 Dataset/raw/nd1S05619/Left/256305.tiff,nd1S05619,L,9/10/08
256310,/Users/odon/Desktop/intro_to_iris_recognition/Week 1/NDCVRL_002 Dataset/raw/nd1S05619/Left/256310.tiff,nd1S05619,L,9/10/08
256311,/Users/odon/Desktop/intro_to_iris_recognition/Week 1/NDCVRL_002 Dataset/raw/nd1S05619/Left/256311.tiff,nd1S05619,L,9/10/08
256312,/Users/odon/Desktop/intro_to_iris_recognition/Week 1/NDCVRL_002 Dataset/raw/nd1S05619/Left/256312.tiff,nd1S05619,L,9/10/08
256315,/Users/odon/Desktop/intro_to_iris_recognition/Week 1/NDCVRL_002 Dataset/raw/nd1S05619/Left/256315.tiff,nd1S05619,L,9/10/08
256316,/Users/odon/Desktop/intro_to_iris_recognition/Week 1/NDCVRL_002 Dataset/raw/nd1S05619/Left/256316.tiff,nd1S05619,L,9/10/08
259580,/Users/odon/Desktop/intro_to_iris_recognition/Week 1/NDCVRL_002 Dataset/raw/nd1S05619/Left/259580.tiff,nd1S05619,L,9/23/08
261206,/Users/odon/Desktop/intro_to_iris_recognition/Week 1/NDCVRL_002 Dataset/raw/nd1S05619/Left/261206.tiff,nd1S05619,L,9/23/08
261213,/Users/odon/Desktop/intro_to_iris_recognition/Week 1/NDCVRL_002 Dataset/raw/nd1S05619/Left/261213.tiff,nd1S05619,L,9/23/08
277637,/Users/odon/Desktop/intro_to_iris_recognition/Week 1/NDCVRL_002 Dataset/raw/nd1S05619/Left/277637.tiff,nd1S05619,L,10/29/08
277648,/Users/odon/Desktop/intro_to_iris_recognition/Week 1/NDCVRL_002 Dataset/raw/nd1S05619/Left/277648.tiff,nd1S05619,L,10/29/08
281668,/Users/odon/Desktop/intro_to_iris_recognition/Week 1/NDCVRL_002 Dataset/raw/nd1S05619/Left/281668.tiff,nd1S05619,L,11/11/08
281671,/Users/odon/Desktop/intro_to_iris_recognition/Week 1/NDCVRL_002 Dataset/raw/nd1S05619/Left/281671.tiff,nd1S05619,L,11/11/08
307038,/Users/odon/Desktop/intro_to_iris_recognition/Week 1/NDCVRL_002 Dataset/raw/nd1S05619/Left/307038.tiff,nd1S05619,L,1/20/09
345075,/Users/odon/Desktop/intro_to_iris_recognition/Week 1/NDCVRL_002 Dataset/raw/nd1S05619/Left/345075.tiff,nd1S05619,L,2/3/09
345078,/Users/odon/Desktop/intro_to_iris_recognition/Week 1/NDCVRL_002 Dataset/raw/nd1S05619/Left/345078.tiff,nd1S05619,L,2/3/09
345083,/Users/odon/Desktop/intro_to_iris_recognition/Week 1/NDCVRL_002 Dataset/raw/nd1S05619/Left/345083.tiff,nd1S05619,L,2/3/09
411099,/Users/odon/Desktop/intro_to_iris_recognition/Week 1/NDCVRL_002 Dataset/raw/nd1S05619/Left/411099.tiff,nd1S05619,L,3/3/09
512898,/Users/odon/Desktop/intro_to_iris_recognition/Week 1/NDCVRL_002 Dataset/raw/nd1S05619/Left/512898.tiff,nd1S05619,L,11/19/09
556505,/Users/odon/Desktop/intro_to_iris_recognition/Week 1/NDCVRL_002 Dataset/raw/nd1S05619/Left/556505.tiff,nd1S05619,L,2/9/10
587827,/Users/odon/Desktop/intro_to_iris_recognition/Week 1/NDCVRL_002 Dataset/raw/nd1S05619/Left/587827.tiff,nd1S05619,L,3/16/10
613994,/Users/odon/Desktop/intro_to_iris_recognition/Week 1/NDCVRL_002 Dataset/raw/nd1S05619/Left/613994.tiff,nd1S05619,L,4/28/10
676417,/Users/odon/Desktop/intro_to_iris_recognition/Week 1/NDCVRL_002 Dataset/raw/nd1S05619/Left/676417.tiff,nd1S05619,L,10/28/10
676423,/Users/odon/Desktop/intro_to_iris_recognition/Week 1/NDCVRL_002 Dataset/raw/nd1S05619/Left/676423.tiff,nd1S05619,L,10/28/10
695293,/Users/odon/Desktop/intro_to_iris_recognition/Week 1/NDCVRL_002 Dataset/raw/nd1S05619/Left/695293.tiff,nd1S05619,L,12/1/10
706761,/Users/odon/Desktop/intro_to_iris_recognition/Week 1/NDCVRL_002 Dataset/raw/nd1S05619/Left/706761.tiff,nd1S05619,L,1/26/11
706765,/Users/odon/Desktop/intro_to_iris_recognition/Week 1/NDCVRL_002 Dataset/raw/nd1S05619/Left/706765.tiff,nd1S05619,L,1/26/11
706769,/Users/odon/Desktop/intro_to_iris_recognition/Week 1/NDCVRL_002 Dataset/raw/nd1S05619/Left/706769.tiff,nd1S05619,L,1/26/11
723584,/Users/odon/Desktop/intro_to_iris_recognition/Week 1/NDCVRL_002 Dataset/raw/nd1S05619/Left/723584.tiff,nd1S05619,L,2/9/11
723590,/Users/odon/Desktop/intro_to_iris_recognition/Week 1/NDCVRL_002 Dataset/raw/nd1S05619/Left/723590.tiff,nd1S05619,L,2/9/11
728404,/Users/odon/Desktop/intro_to_iris_recognition/Week 1/NDCVRL_002 Dataset/raw/nd1S05619/Left/728404.tiff,nd1S05619,L,2/9/11
755672,/Users/odon/Desktop/intro_to_iris_recognition/Week 1/NDCVRL_002 Dataset/raw/nd1S05619/Left/755672.tiff,nd1S05619,L,2/22/11
756596,/Users/odon/Desktop/intro_to_iris_recognition/Week 1/NDCVRL_002 Dataset/raw/nd1S05619/Left/756596.tiff,nd1S05619,L,2/22/11
795050,/Users/odon/Desktop/intro_to_iris_recognition/Week 1/NDCVRL_002 Dataset/raw/nd1S05619/Left/795050.tiff,nd1S05619,L,3/9/11
818256,/Users/odon/Desktop/intro_to_iris_recognition/Week 1/NDCVRL_002 Dataset/raw/nd1S05619/Left/818256.tiff,nd1S05619,L,3/22/11
818257,/Users/odon/Desktop/intro_to_iris_recognition/Week 1/NDCVRL_002 Dataset/raw/nd1S05619/Left/818257.tiff,nd1S05619,L,3/22/11
822076,/Users/odon/Desktop/intro_to_iris_recognition/Week 1/NDCVRL_002 Dataset/raw/nd1S05619/Left/822076.tiff,nd1S05619,L,3/22/11
822080,/Users/odon/Desktop/intro_to_iris_recognition/Week 1/NDCVRL_002 Dataset/raw/nd1S05619/Left/822080.tiff,nd1S05619,L,3/22/11
861458,/Users/odon/Desktop/intro_to_iris_recognition/Week 1/NDCVRL_002 Dataset/raw/nd1S05619/Left/861458.tiff,nd1S05619,L,4/12/11
988470,/Users/odon/Desktop/intro_to_iris_recognition/Week 1/NDCVRL_002 Dataset/raw/nd1S05619/Left/988470.tiff,nd1S05619,L,10/11/11
1033849,/Users/odon/Desktop/intro_to_iris_recognition/Week 1/NDCVRL_002 Dataset/raw/nd1S05619/Right/1033849.tiff,nd1S05619,R,11/8/11
1033850,/Users/odon/Desktop/intro_to_iris_recognition/Week 1/NDCVRL_002 Dataset/raw/nd1S05619/Right/1033850.tiff,nd1S05619,R,11/8/11
1056833,/Users/odon/Desktop/intro_to_iris_recognition/Week 1/NDCVRL_002 Dataset/raw/nd1S05619/Right/1056833.tiff,nd1S05619,R,2/7/12
1056844,/Users/odon/Desktop/intro_to_iris_recognition/Week 1/NDCVRL_002 Dataset/raw/nd1S05619/Right/1056844.tiff,nd1S05619,R,2/7/12
1058217,/Users/odon/Desktop/intro_to_iris_recognition/Week 1/NDCVRL_002 Dataset/raw/nd1S05619/Right/1058217.tiff,nd1S05619,R,2/7/12
1059366,/Users/odon/Desktop/intro_to_iris_recognition/Week 1/NDCVRL_002 Dataset/raw/nd1S05619/Right/1059366.tiff,nd1S05619,R,2/7/12
1081619,/Users/odon/Desktop/intro_to_iris_recognition/Week 1/NDCVRL_002 Dataset/raw/nd1S05619/Right/1081619.tiff,nd1S05619,R,2/21/12
1081629,/Users/odon/Desktop/intro_to_iris_recognition/Week 1/NDCVRL_002 Dataset/raw/nd1S05619/Right/1081629.tiff,nd1S05619,R,2/21/12
1084820,/Users/odon/Desktop/intro_to_iris_recognition/Week 1/NDCVRL_002 Dataset/raw/nd1S05619/Right/1084820.tiff,nd1S05619,R,2/21/12
1104288,/Users/odon/Desktop/intro_to_iris_recognition/Week 1/NDCVRL_002 Dataset/raw/nd1S05619/Right/1104288.tiff,nd1S05619,R,3/6/12
1105046,/Users/odon/Desktop/intro_to_iris_recognition/Week 1/NDCVRL_002 Dataset/raw/nd1S05619/Right/1105046.tiff,nd1S05619,R,3/6/12
1105698,/Users/odon/Desktop/intro_to_iris_recognition/Week 1/NDCVRL_002 Dataset/raw/nd1S05619/Right/1105698.tiff,nd1S05619,R,3/6/12
1126309,/Users/odon/Desktop/intro_to_iris_recognition/Week 1/NDCVRL_002 Dataset/raw/nd1S05619/Right/1126309.tiff,nd1S05619,R,3/27/12
1126313,/Users/odon/Desktop/intro_to_iris_recognition/Week 1/NDCVRL_002 Dataset/raw/nd1S05619/Right/1126313.tiff,nd1S05619,R,3/27/12
1126484,/Users/odon/Desktop/intro_to_iris_recognition/Week 1/NDCVRL_002 Dataset/raw/nd1S05619/Right/1126484.tiff,nd1S05619,R,3/27/12
1165947,/Users/odon/Desktop/intro_to_iris_recognition/Week 1/NDCVRL_002 Dataset/raw/nd1S05619/Right/1165947.tiff,nd1S05619,R,3/19/13
1166274,/Users/odon/Desktop/intro_to_iris_recognition/Week 1/NDCVRL_002 Dataset/raw/nd1S05619/Right/1166274.tiff,nd1S05619,R,3/19/13
1167655,/Users/odon/Desktop/intro_to_iris_recognition/Week 1/NDCVRL_002 Dataset/raw/nd1S05619/Right/1167655.tiff,nd1S05619,R,3/26/13
1168022,/Users/odon/Desktop/intro_to_iris_recognition/Week 1/NDCVRL_002 Dataset/raw/nd1S05619/Right/1168022.tiff,nd1S05619,R,3/26/13
1169185,/Users/odon/Desktop/intro_to_iris_recognition/Week 1/NDCVRL_002 Dataset/raw/nd1S05619/Right/1169185.tiff,nd1S05619,R,3/28/13
1169756,/Users/odon/Desktop/intro_to_iris_recognition/Week 1/NDCVRL_002 Dataset/raw/nd1S05619/Right/1169756.tiff,nd1S05619,R,3/28/13
1170437,/Users/odon/Desktop/intro_to_iris_recognition/Week 1/NDCVRL_002 Dataset/raw/nd1S05619/Right/1170437.tiff,nd1S05619,R,4/2/13
1170956,/Users/odon/Desktop/intro_to_iris_recognition/Week 1/NDCVRL_002 Dataset/raw/nd1S05619/Right/1170956.tiff,nd1S05619,R,4/2/13
1170958,/Users/odon/Desktop/intro_to_iris_recognition/Week 1/NDCVRL_002 Dataset/raw/nd1S05619/Right/1170958.tiff,nd1S05619,R,4/2/13
1171253,/Users/odon/Desktop/intro_to_iris_recognition/Week 1/NDCVRL_002 Dataset/raw/nd1S05619/Right/1171253.tiff,nd1S05619,R,4/3/13
1171756,/Users/odon/Desktop/intro_to_iris_recognition/Week 1/NDCVRL_002 Dataset/raw/nd1S05619/Right/1171756.tiff,nd1S05619,R,4/3/13
1172075,/Users/odon/Desktop/intro_to_iris_recognition/Week 1/NDCVRL_002 Dataset/raw/nd1S05619/Right/1172075.tiff,nd1S05619,R,4/4/13
1172539,/Users/odon/Desktop/intro_to_iris_recognition/Week 1/NDCVRL_002 Dataset/raw/nd1S05619/Right/1172539.tiff,nd1S05619,R,4/4/13
1172544,/Users/odon/Desktop/intro_to_iris_recognition/Week 1/NDCVRL_002 Dataset/raw/nd1S05619/Right/1172544.tiff,nd1S05619,R,4/4/13
1172546,/Users/odon/Desktop/intro_to_iris_recognition/Week 1/NDCVRL_002 Dataset/raw/nd1S05619/Right/1172546.tiff,nd1S05619,R,4/4/13
256318,/Users/odon/Desktop/intro_to_iris_recognition/Week 1/NDCVRL_002 Dataset/raw/nd1S05619/Right/256318.tiff,nd1S05619,R,9/10/08
266649,/Users/odon/Desktop/intro_to_iris_recognition/Week 1/NDCVRL_002 Dataset/raw/nd1S05619/Right/266649.tiff,nd1S05619,R,10/7/08
307050,/Users/odon/Desktop/intro_to_iris_recognition/Week 1/NDCVRL_002 Dataset/raw/nd1S05619/Right/307050.tiff,nd1S05619,R,1/20/09
523782,/Users/odon/Desktop/intro_to_iris_recognition/Week 1/NDCVRL_002 Dataset/raw/nd1S05619/Right/523782.tiff,nd1S05619,R,12/2/09
556518,/Users/odon/Desktop/intro_to_iris_recognition/Week 1/NDCVRL_002 Dataset/raw/nd1S05619/Right/556518.tiff,nd1S05619,R,2/9/10
581621,/Users/odon/Desktop/intro_to_iris_recognition/Week 1/NDCVRL_002 Dataset/raw/nd1S05619/Right/581621.tiff,nd1S05619,R,2/23/10
587835,/Users/odon/Desktop/intro_to_iris_recognition/Week 1/NDCVRL_002 Dataset/raw/nd1S05619/Right/587835.tiff,nd1S05619,R,3/16/10
587838,/Users/odon/Desktop/intro_to_iris_recognition/Week 1/NDCVRL_002 Dataset/raw/nd1S05619/Right/587838.tiff,nd1S05619,R,3/16/10
614006,/Users/odon/Desktop/intro_to_iris_recognition/Week 1/NDCVRL_002 Dataset/raw/nd1S05619/Right/614006.tiff,nd1S05619,R,4/28/10
695304,/Users/odon/Desktop/intro_to_iris_recognition/Week 1/NDCVRL_002 Dataset/raw/nd1S05619/Right/695304.tiff,nd1S05619,R,12/1/10
706779,/Users/odon/Desktop/intro_to_iris_recognition/Week 1/NDCVRL_002 Dataset/raw/nd1S05619/Right/706779.tiff,nd1S05619,R,1/26/11
795054,/Users/odon/Desktop/intro_to_iris_recognition/Week 1/NDCVRL_002 Dataset/raw/nd1S05619/Right/795054.tiff,nd1S05619,R,3/9/11
818262,/Users/odon/Desktop/intro_to_iris_recognition/Week 1/NDCVRL_002 Dataset/raw/nd1S05619/Right/818262.tiff,nd1S05619,R,3/22/11
822077,/Users/odon/Desktop/intro_to_iris_recognition/Week 1/NDCVRL_002 Dataset/raw/nd1S05619/Right/822077.tiff,nd1S05619,R,3/22/11
857508,/Users/odon/Desktop/intro_to_iris_recognition/Week 1/NDCVRL_002 Dataset/raw/nd1S05619/Right/857508.tiff,nd1S05619,R,4/12/11
902140,/Users/odon/Desktop/intro_to_iris_recognition/Week 1/NDCVRL_002 Dataset/raw/nd1S05619/Right/902140.tiff,nd1S05619,R,4/27/11
935768,/Users/odon/Desktop/intro_to_iris_recognition/Week 1/NDCVRL_002 Dataset/raw/nd1S05619/Right/935768.tiff,nd1S05619,R,9/13/11
965185,/Users/odon/Desktop/intro_to_iris_recognition/Week 1/NDCVRL_002 Dataset/raw/nd1S05619/Right/965185.tiff,nd1S05619,R,9/28/11
967052,/Users/odon/Desktop/intro_to_iris_recognition/Week 1/NDCVRL_002 Dataset/raw/nd1S05619/Right/967052.tiff,nd1S05619,R,9/28/11
967092,/Users/odon/Desktop/intro_to_iris_recognition/Week 1/NDCVRL_002 Dataset/raw/nd1S05619/Right/967092.tiff,nd1S05619,R,9/28/11
987711,/Users/odon/Desktop/intro_to_iris_recognition/Week 1/NDCVRL_002 Dataset/raw/nd1S05619/Right/987711.tiff,nd1S05619,R,10/11/11
989173,/Users/odon/Desktop/intro_to_iris_recognition/Week 1/NDCVRL_002 Dataset/raw/nd1S05619/Right/989173.tiff,nd1S05619,R,10/11/11
256818,/Users/odon/Desktop/intro_to_iris_recognition/Week 1/NDCVRL_002 Dataset/raw/nd1S05624/Left/256818.tiff,nd1S05624,L,9/10/08
256839,/Users/odon/Desktop/intro_to_iris_recognition/Week 1/NDCVRL_002 Dataset/raw/nd1S05624/Left/256839.tiff,nd1S05624,L,9/10/08
256847,/Users/odon/Desktop/intro_to_iris_recognition/Week 1/NDCVRL_002 Dataset/raw/nd1S05624/Left/256847.tiff,nd1S05624,L,9/10/08
256858,/Users/odon/Desktop/intro_to_iris_recognition/Week 1/NDCVRL_002 Dataset/raw/nd1S05624/Left/256858.tiff,nd1S05624,L,9/10/08
256860,/Users/odon/Desktop/intro_to_iris_recognition/Week 1/NDCVRL_002 Dataset/raw/nd1S05624/Left/256860.tiff,nd1S05624,L,9/10/08
268867,/Users/odon/Desktop/intro_to_iris_recognition/Week 1/NDCVRL_002 Dataset/raw/nd1S05624/Left/268867.tiff,nd1S05624,L,10/7/08
268884,/Users/odon/Desktop/intro_to_iris_recognition/Week 1/NDCVRL_002 Dataset/raw/nd1S05624/Left/268884.tiff,nd1S05624,L,10/7/08
275964,/Users/odon/Desktop/intro_to_iris_recognition/Week 1/NDCVRL_002 Dataset/raw/nd1S05624/Left/275964.tiff,nd1S05624,L,10/28/08
347140,/Users/odon/Desktop/intro_to_iris_recognition/Week 1/NDCVRL_002 Dataset/raw/nd1S05624/Left/347140.tiff,nd1S05624,L,2/3/09
412277,/Users/odon/Desktop/intro_to_iris_recognition/Week 1/NDCVRL_002 Dataset/raw/nd1S05624/Left/412277.tiff,nd1S05624,L,3/3/09
442992,/Users/odon/Desktop/intro_to_iris_recognition/Week 1/NDCVRL_002 Dataset/raw/nd1S05624/Left/442992.tiff,nd1S05624,L,4/21/09
443813,/Users/odon/Desktop/intro_to_iris_recognition/Week 1/NDCVRL_002 Dataset/raw/nd1S05624/Left/443813.tiff,nd1S05624,L,4/21/09
542480,/Users/odon/Desktop/intro_to_iris_recognition/Week 1/NDCVRL_002 Dataset/raw/nd1S05624/Left/542480.tiff,nd1S05624,L,1/28/10
542481,/Users/odon/Desktop/intro_to_iris_recognition/Week 1/NDCVRL_002 Dataset/raw/nd1S05624/Left/542481.tiff,nd1S05624,L,1/28/10
542482,/Users/odon/Desktop/intro_to_iris_recognition/Week 1/NDCVRL_002 Dataset/raw/nd1S05624/Left/542482.tiff,nd1S05624,L,1/28/10
560039,/Users/odon/Desktop/intro_to_iris_recognition/Week 1/NDCVRL_002 Dataset/raw/nd1S05624/Left/560039.tiff,nd1S05624,L,2/11/10
560049,/Users/odon/Desktop/intro_to_iris_recognition/Week 1/NDCVRL_002 Dataset/raw/nd1S05624/Left/560049.tiff,nd1S05624,L,2/11/10
560057,/Users/odon/Desktop/intro_to_iris_recognition/Week 1/NDCVRL_002 Dataset/raw/nd1S05624/Left/560057.tiff,nd1S05624,L,2/11/10
607285,/Users/odon/Desktop/intro_to_iris_recognition/Week 1/NDCVRL_002 Dataset/raw/nd1S05624/Left/607285.tiff,nd1S05624,L,4/15/10
607288,/Users/odon/Desktop/intro_to_iris_recognition/Week 1/NDCVRL_002 Dataset/raw/nd1S05624/Left/607288.tiff,nd1S05624,L,4/15/10
685159,/Users/odon/Desktop/intro_to_iris_recognition/Week 1/NDCVRL_002 Dataset/raw/nd1S05624/Left/685159.tiff,nd1S05624,L,11/11/10
824135,/Users/odon/Desktop/intro_to_iris_recognition/Week 1/NDCVRL_002 Dataset/raw/nd1S05624/Left/824135.tiff,nd1S05624,L,3/24/11
824951,/Users/odon/Desktop/intro_to_iris_recognition/Week 1/NDCVRL_002 Dataset/raw/nd1S05624/Left/824951.tiff,nd1S05624,L,3/24/11
829118,/Users/odon/Desktop/intro_to_iris_recognition/Week 1/NDCVRL_002 Dataset/raw/nd1S05624/Left/829118.tiff,nd1S05624,L,3/24/11
829627,/Users/odon/Desktop/intro_to_iris_recognition/Week 1/NDCVRL_002 Dataset/raw/nd1S05624/Left/829627.tiff,nd1S05624,L,3/24/11
907331,/Users/odon/Desktop/intro_to_iris_recognition/Week 1/NDCVRL_002 Dataset/raw/nd1S05624/Left/907331.tiff,nd1S05624,L,4/28/11
907341,/Users/odon/Desktop/intro_to_iris_recognition/Week 1/NDCVRL_002 Dataset/raw/nd1S05624/Left/907341.tiff,nd1S05624,L,4/28/11
943764,/Users/odon/Desktop/intro_to_iris_recognition/Week 1/NDCVRL_002 Dataset/raw/nd1S05624/Left/943764.tiff,nd1S05624,L,9/15/11
945940,/Users/odon/Desktop/intro_to_iris_recognition/Week 1/NDCVRL_002 Dataset/raw/nd1S05624/Left/945940.tiff,nd1S05624,L,9/15/11
947567,/Users/odon/Desktop/intro_to_iris_recognition/Week 1/NDCVRL_002 Dataset/raw/nd1S05624/Left/947567.tiff,nd1S05624,L,9/15/11
253887,/Users/odon/Desktop/intro_to_iris_recognition/Week 1/NDCVRL_002 Dataset/raw/nd1S05624/Right/253887.tiff,nd1S05624,R,9/10/08
256883,/Users/odon/Desktop/intro_to_iris_recognition/Week 1/NDCVRL_002 Dataset/raw/nd1S05624/Right/256883.tiff,nd1S05624,R,9/10/08
260231,/Users/odon/Desktop/intro_to_iris_recognition/Week 1/NDCVRL_002 Dataset/raw/nd1S05624/Right/260231.tiff,nd1S05624,R,9/25/08
263921,/Users/odon/Desktop/intro_to_iris_recognition/Week 1/NDCVRL_002 Dataset/raw/nd1S05624/Right/263921.tiff,nd1S05624,R,9/25/08
263931,/Users/odon/Desktop/intro_to_iris_recognition/Week 1/NDCVRL_002 Dataset/raw/nd1S05624/Right/263931.tiff,nd1S05624,R,9/25/08
268908,/Users/odon/Desktop/intro_to_iris_recognition/Week 1/NDCVRL_002 Dataset/raw/nd1S05624/Right/268908.tiff,nd1S05624,R,10/7/08
275971,/Users/odon/Desktop/intro_to_iris_recognition/Week 1/NDCVRL_002 Dataset/raw/nd1S05624/Right/275971.tiff,nd1S05624,R,10/28/08
279991,/Users/odon/Desktop/intro_to_iris_recognition/Week 1/NDCVRL_002 Dataset/raw/nd1S05624/Right/279991.tiff,nd1S05624,R,11/12/08
283244,/Users/odon/Desktop/intro_to_iris_recognition/Week 1/NDCVRL_002 Dataset/raw/nd1S05624/Right/283244.tiff,nd1S05624,R,11/12/08
346357,/Users/odon/Desktop/intro_to_iris_recognition/Week 1/NDCVRL_002 Dataset/raw/nd1S05624/Right/346357.tiff,nd1S05624,R,2/3/09
412295,/Users/odon/Desktop/intro_to_iris_recognition/Week 1/NDCVRL_002 Dataset/raw/nd1S05624/Right/412295.tiff,nd1S05624,R,3/3/09
429311,/Users/odon/Desktop/intro_to_iris_recognition/Week 1/NDCVRL_002 Dataset/raw/nd1S05624/Right/429311.tiff,nd1S05624,R,3/24/09
442995,/Users/odon/Desktop/intro_to_iris_recognition/Week 1/NDCVRL_002 Dataset/raw/nd1S05624/Right/442995.tiff,nd1S05624,R,4/21/09
542463,/Users/odon/Desktop/intro_to_iris_recognition/Week 1/NDCVRL_002 Dataset/raw/nd1S05624/Right/542463.tiff,nd1S05624,R,1/28/10
542464,/Users/odon/Desktop/intro_to_iris_recognition/Week 1/NDCVRL_002 Dataset/raw/nd1S05624/Right/542464.tiff,nd1S05624,R,1/28/10
542469,/Users/odon/Desktop/intro_to_iris_recognition/Week 1/NDCVRL_002 Dataset/raw/nd1S05624/Right/542469.tiff,nd1S05624,R,1/28/10
542470,/Users/odon/Desktop/intro_to_iris_recognition/Week 1/NDCVRL_002 Dataset/raw/nd1S05624/Right/542470.tiff,nd1S05624,R,1/28/10
560058,/Users/odon/Desktop/intro_to_iris_recognition/Week 1/NDCVRL_002 Dataset/raw/nd1S05624/Right/560058.tiff,nd1S05624,R,2/11/10
560060,/Users/odon/Desktop/intro_to_iris_recognition/Week 1/NDCVRL_002 Dataset/raw/nd1S05624/Right/560060.tiff,nd1S05624,R,2/11/10
560062,/Users/odon/Desktop/intro_to_iris_recognition/Week 1/NDCVRL_002 Dataset/raw/nd1S05624/Right/560062.tiff,nd1S05624,R,2/11/10
607294,/Users/odon/Desktop/intro_to_iris_recognition/Week 1/NDCVRL_002 Dataset/raw/nd1S05624/Right/607294.tiff,nd1S05624,R,4/15/10
607297,/Users/odon/Desktop/intro_to_iris_recognition/Week 1/NDCVRL_002 Dataset/raw/nd1S05624/Right/607297.tiff,nd1S05624,R,4/15/10
607298,/Users/odon/Desktop/intro_to_iris_recognition/Week 1/NDCVRL_002 Dataset/raw/nd1S05624/Right/607298.tiff,nd1S05624,R,4/15/10
829089,/Users/odon/Desktop/intro_to_iris_recognition/Week 1/NDCVRL_002 Dataset/raw/nd1S05624/Right/829089.tiff,nd1S05624,R,3/24/11
907346,/Users/odon/Desktop/intro_to_iris_recognition/Week 1/NDCVRL_002 Dataset/raw/nd1S05624/Right/907346.tiff,nd1S05624,R,4/28/11
909774,/Users/odon/Desktop/intro_to_iris_recognition/Week 1/NDCVRL_002 Dataset/raw/nd1S05624/Right/909774.tiff,nd1S05624,R,4/28/11
943769,/Users/odon/Desktop/intro_to_iris_recognition/Week 1/NDCVRL_002 Dataset/raw/nd1S05624/Right/943769.tiff,nd1S05624,R,9/15/11
944722,/Users/odon/Desktop/intro_to_iris_recognition/Week 1/NDCVRL_002 Dataset/raw/nd1S05624/Right/944722.tiff,nd1S05624,R,9/15/11
945945,/Users/odon/Desktop/intro_to_iris_recognition/Week 1/NDCVRL_002 Dataset/raw/nd1S05624/Right/945945.tiff,nd1S05624,R,9/15/11
947563,/Users/odon/Desktop/intro_to_iris_recognition/Week 1/NDCVRL_002 Dataset/raw/nd1S05624/Right/947563.tiff,nd1S05624,R,9/15/11
947571,/Users/odon/Desktop/intro_to_iris_recognition/Week 1/NDCVRL_002 Dataset/raw/nd1S05624/Right/947571.tiff,nd1S05624,R,9/15/11
704409,/Users/odon/Desktop/intro_to_iris_recognition/Week 1/NDCVRL_002 Dataset/raw/nd1S05629/Left/704409.tiff,nd1S05629,L,1/25/11
704412,/Users/odon/Desktop/intro_to_iris_recognition/Week 1/NDCVRL_002 Dataset/raw/nd1S05629/Left/704412.tiff,nd1S05629,L,1/25/11
723360,/Users/odon/Desktop/intro_to_iris_recognition/Week 1/NDCVRL_002 Dataset/raw/nd1S05629/Left/723360.tiff,nd1S05629,L,2/9/11
723370,/Users/odon/Desktop/intro_to_iris_recognition/Week 1/NDCVRL_002 Dataset/raw/nd1S05629/Left/723370.tiff,nd1S05629,L,2/9/11
727347,/Users/odon/Desktop/intro_to_iris_recognition/Week 1/NDCVRL_002 Dataset/raw/nd1S05629/Left/727347.tiff,nd1S05629,L,2/9/11
729180,/Users/odon/Desktop/intro_to_iris_recognition/Week 1/NDCVRL_002 Dataset/raw/nd1S05629/Left/729180.tiff,nd1S05629,L,2/9/11
755943,/Users/odon/Desktop/intro_to_iris_recognition/Week 1/NDCVRL_002 Dataset/raw/nd1S05629/Left/755943.tiff,nd1S05629,L,2/23/11
755952,/Users/odon/Desktop/intro_to_iris_recognition/Week 1/NDCVRL_002 Dataset/raw/nd1S05629/Left/755952.tiff,nd1S05629,L,2/23/11
758901,/Users/odon/Desktop/intro_to_iris_recognition/Week 1/NDCVRL_002 Dataset/raw/nd1S05629/Left/758901.tiff,nd1S05629,L,2/23/11
762121,/Users/odon/Desktop/intro_to_iris_recognition/Week 1/NDCVRL_002 Dataset/raw/nd1S05629/Left/762121.tiff,nd1S05629,L,2/23/11
762125,/Users/odon/Desktop/intro_to_iris_recognition/Week 1/NDCVRL_002 Dataset/raw/nd1S05629/Left/762125.tiff,nd1S05629,L,2/23/11
762131,/Users/odon/Desktop/intro_to_iris_recognition/Week 1/NDCVRL_002 Dataset/raw/nd1S05629/Left/762131.tiff,nd1S05629,L,2/23/11
762132,/Users/odon/Desktop/intro_to_iris_recognition/Week 1/NDCVRL_002 Dataset/raw/nd1S05629/Left/762132.tiff,nd1S05629,L,2/23/11
762135,/Users/odon/Desktop/intro_to_iris_recognition/Week 1/NDCVRL_002 Dataset/raw/nd1S05629/Left/762135.tiff,nd1S05629,L,2/23/11
261739,/Users/odon/Desktop/intro_to_iris_recognition/Week 1/NDCVRL_002 Dataset/raw/nd1S05653/Left/261739.tiff,nd1S05653,L,9/24/08
261740,/Users/odon/Desktop/intro_to_iris_recognition/Week 1/NDCVRL_002 Dataset/raw/nd1S05653/Left/261740.tiff,nd1S05653,L,9/24/08
261747,/Users/odon/Desktop/intro_to_iris_recognition/Week 1/NDCVRL_002 Dataset/raw/nd1S05653/Left/261747.tiff,nd1S05653,L,9/24/08
269635,/Users/odon/Desktop/intro_to_iris_recognition/Week 1/NDCVRL_002 Dataset/raw/nd1S05653/Left/269635.tiff,nd1S05653,L,10/8/08
276063,/Users/odon/Desktop/intro_to_iris_recognition/Week 1/NDCVRL_002 Dataset/raw/nd1S05653/Left/276063.tiff,nd1S05653,L,10/28/08
276067,/Users/odon/Desktop/intro_to_iris_recognition/Week 1/NDCVRL_002 Dataset/raw/nd1S05653/Left/276067.tiff,nd1S05653,L,10/28/08
281386,/Users/odon/Desktop/intro_to_iris_recognition/Week 1/NDCVRL_002 Dataset/raw/nd1S05653/Left/281386.tiff,nd1S05653,L,11/11/08
304203,/Users/odon/Desktop/intro_to_iris_recognition/Week 1/NDCVRL_002 Dataset/raw/nd1S05653/Left/304203.tiff,nd1S05653,L,12/2/08
304208,/Users/odon/Desktop/intro_to_iris_recognition/Week 1/NDCVRL_002 Dataset/raw/nd1S05653/Left/304208.tiff,nd1S05653,L,12/2/08
307001,/Users/odon/Desktop/intro_to_iris_recognition/Week 1/NDCVRL_002 Dataset/raw/nd1S05653/Left/307001.tiff,nd1S05653,L,1/20/09
399124,/Users/odon/Desktop/intro_to_iris_recognition/Week 1/NDCVRL_002 Dataset/raw/nd1S05653/Left/399124.tiff,nd1S05653,L,2/17/09
422294,/Users/odon/Desktop/intro_to_iris_recognition/Week 1/NDCVRL_002 Dataset/raw/nd1S05653/Left/422294.tiff,nd1S05653,L,3/5/09
422303,/Users/odon/Desktop/intro_to_iris_recognition/Week 1/NDCVRL_002 Dataset/raw/nd1S05653/Left/422303.tiff,nd1S05653,L,3/5/09
427829,/Users/odon/Desktop/intro_to_iris_recognition/Week 1/NDCVRL_002 Dataset/raw/nd1S05653/Left/427829.tiff,nd1S05653,L,3/24/09
452631,/Users/odon/Desktop/intro_to_iris_recognition/Week 1/NDCVRL_002 Dataset/raw/nd1S05653/Left/452631.tiff,nd1S05653,L,4/23/09
452635,/Users/odon/Desktop/intro_to_iris_recognition/Week 1/NDCVRL_002 Dataset/raw/nd1S05653/Left/452635.tiff,nd1S05653,L,4/23/09
1082254,/Users/odon/Desktop/intro_to_iris_recognition/Week 1/NDCVRL_002 Dataset/raw/nd1S05661/Left/1082254.tiff,nd1S05661,L,2/21/12
1082255,/Users/odon/Desktop/intro_to_iris_recognition/Week 1/NDCVRL_002 Dataset/raw/nd1S05661/Left/1082255.tiff,nd1S05661,L,2/21/12
1103072,/Users/odon/Desktop/intro_to_iris_recognition/Week 1/NDCVRL_002 Dataset/raw/nd1S05661/Left/1103072.tiff,nd1S05661,L,3/6/12
1103073,/Users/odon/Desktop/intro_to_iris_recognition/Week 1/NDCVRL_002 Dataset/raw/nd1S05661/Left/1103073.tiff,nd1S05661,L,3/6/12
1104452,/Users/odon/Desktop/intro_to_iris_recognition/Week 1/NDCVRL_002 Dataset/raw/nd1S05661/Left/1104452.tiff,nd1S05661,L,3/6/12
1105189,/Users/odon/Desktop/intro_to_iris_recognition/Week 1/NDCVRL_002 Dataset/raw/nd1S05661/Left/1105189.tiff,nd1S05661,L,3/6/12
1198457,/Users/odon/Desktop/intro_to_iris_recognition/Week 1/NDCVRL_002 Dataset/raw/nd1S05661/Left/1198457.tiff,nd1S05661,L,12/11/15
1198458,/Users/odon/Desktop/intro_to_iris_recognition/Week 1/NDCVRL_002 Dataset/raw/nd1S05661/Left/1198458.tiff,nd1S05661,L,12/11/15
583648,/Users/odon/Desktop/intro_to_iris_recognition/Week 1/NDCVRL_002 Dataset/raw/nd1S05661/Left/583648.tiff,nd1S05661,L,0000-00-00
583650,/Users/odon/Desktop/intro_to_iris_recognition/Week 1/NDCVRL_002 Dataset/raw/nd1S05661/Left/583650.tiff,nd1S05661,L,0000-00-00
583651,/Users/odon/Desktop/intro_to_iris_recognition/Week 1/NDCVRL_002 Dataset/raw/nd1S05661/Left/583651.tiff,nd1S05661,L,0000-00-00
583652,/Users/odon/Desktop/intro_to_iris_recognition/Week 1/NDCVRL_002 Dataset/raw/nd1S05661/Left/583652.tiff,nd1S05661,L,0000-00-00
583653,/Users/odon/Desktop/intro_to_iris_recognition/Week 1/NDCVRL_002 Dataset/raw/nd1S05661/Left/583653.tiff,nd1S05661,L,0000-00-00
583654,/Users/odon/Desktop/intro_to_iris_recognition/Week 1/NDCVRL_002 Dataset/raw/nd1S05661/Left/583654.tiff,nd1S05661,L,0000-00-00
583655,/Users/odon/Desktop/intro_to_iris_recognition/Week 1/NDCVRL_002 Dataset/raw/nd1S05661/Left/583655.tiff,nd1S05661,L,0000-00-00
583657,/Users/odon/Desktop/intro_to_iris_recognition/Week 1/NDCVRL_002 Dataset/raw/nd1S05661/Left/583657.tiff,nd1S05661,L,0000-00-00
583659,/Users/odon/Desktop/intro_to_iris_recognition/Week 1/NDCVRL_002 Dataset/raw/nd1S05661/Left/583659.tiff,nd1S05661,L,0000-00-00
676097,/Users/odon/Desktop/intro_to_iris_recognition/Week 1/NDCVRL_002 Dataset/raw/nd1S05661/Left/676097.tiff,nd1S05661,L,10/28/10
676099,/Users/odon/Desktop/intro_to_iris_recognition/Week 1/NDCVRL_002 Dataset/raw/nd1S05661/Left/676099.tiff,nd1S05661,L,10/28/10
676103,/Users/odon/Desktop/intro_to_iris_recognition/Week 1/NDCVRL_002 Dataset/raw/nd1S05661/Left/676103.tiff,nd1S05661,L,10/28/10
725573,/Users/odon/Desktop/intro_to_iris_recognition/Week 1/NDCVRL_002 Dataset/raw/nd1S05661/Left/725573.tiff,nd1S05661,L,2/10/11
725584,/Users/odon/Desktop/intro_to_iris_recognition/Week 1/NDCVRL_002 Dataset/raw/nd1S05661/Left/725584.tiff,nd1S05661,L,2/10/11
729815,/Users/odon/Desktop/intro_to_iris_recognition/Week 1/NDCVRL_002 Dataset/raw/nd1S05661/Left/729815.tiff,nd1S05661,L,2/10/11
759727,/Users/odon/Desktop/intro_to_iris_recognition/Week 1/NDCVRL_002 Dataset/raw/nd1S05661/Left/759727.tiff,nd1S05661,L,2/22/11
759736,/Users/odon/Desktop/intro_to_iris_recognition/Week 1/NDCVRL_002 Dataset/raw/nd1S05661/Left/759736.tiff,nd1S05661,L,2/22/11
759737,/Users/odon/Desktop/intro_to_iris_recognition/Week 1/NDCVRL_002 Dataset/raw/nd1S05661/Left/759737.tiff,nd1S05661,L,2/22/11
791089,/Users/odon/Desktop/intro_to_iris_recognition/Week 1/NDCVRL_002 Dataset/raw/nd1S05661/Left/791089.tiff,nd1S05661,L,3/9/11
791090,/Users/odon/Desktop/intro_to_iris_recognition/Week 1/NDCVRL_002 Dataset/raw/nd1S05661/Left/791090.tiff,nd1S05661,L,3/9/11
793538,/Users/odon/Desktop/intro_to_iris_recognition/Week 1/NDCVRL_002 Dataset/raw/nd1S05661/Left/793538.tiff,nd1S05661,L,3/9/11
795566,/Users/odon/Desktop/intro_to_iris_recognition/Week 1/NDCVRL_002 Dataset/raw/nd1S05661/Left/795566.tiff,nd1S05661,L,3/9/11
795568,/Users/odon/Desktop/intro_to_iris_recognition/Week 1/NDCVRL_002 Dataset/raw/nd1S05661/Left/795568.tiff,nd1S05661,L,3/9/11
800715,/Users/odon/Desktop/intro_to_iris_recognition/Week 1/NDCVRL_002 Dataset/raw/nd1S05661/Left/800715.tiff,nd1S05661,L,3/9/11
800716,/Users/odon/Desktop/intro_to_iris_recognition/Week 1/NDCVRL_002 Dataset/raw/nd1S05661/Left/800716.tiff,nd1S05661,L,3/9/11
800719,/Users/odon/Desktop/intro_to_iris_recognition/Week 1/NDCVRL_002 Dataset/raw/nd1S05661/Left/800719.tiff,nd1S05661,L,3/9/11
820264,/Users/odon/Desktop/intro_to_iris_recognition/Week 1/NDCVRL_002 Dataset/raw/nd1S05661/Left/820264.tiff,nd1S05661,L,3/23/11
820265,/Users/odon/Desktop/intro_to_iris_recognition/Week 1/NDCVRL_002 Dataset/raw/nd1S05661/Left/820265.tiff,nd1S05661,L,3/23/11
822690,/Users/odon/Desktop/intro_to_iris_recognition/Week 1/NDCVRL_002 Dataset/raw/nd1S05661/Left/822690.tiff,nd1S05661,L,3/23/11
822691,/Users/odon/Desktop/intro_to_iris_recognition/Week 1/NDCVRL_002 Dataset/raw/nd1S05661/Left/822691.tiff,nd1S05661,L,3/23/11
1061961,/Users/odon/Desktop/intro_to_iris_recognition/Week 1/NDCVRL_002 Dataset/raw/nd1S05673/Right/1061961.tiff,nd1S05673,R,2/8/12
1085521,/Users/odon/Desktop/intro_to_iris_recognition/Week 1/NDCVRL_002 Dataset/raw/nd1S05673/Right/1085521.tiff,nd1S05673,R,2/22/12
1085534,/Users/odon/Desktop/intro_to_iris_recognition/Week 1/NDCVRL_002 Dataset/raw/nd1S05673/Right/1085534.tiff,nd1S05673,R,2/22/12
1086580,/Users/odon/Desktop/intro_to_iris_recognition/Week 1/NDCVRL_002 Dataset/raw/nd1S05673/Right/1086580.tiff,nd1S05673,R,2/22/12
1087627,/Users/odon/Desktop/intro_to_iris_recognition/Week 1/NDCVRL_002 Dataset/raw/nd1S05673/Right/1087627.tiff,nd1S05673,R,2/22/12
1108478,/Users/odon/Desktop/intro_to_iris_recognition/Week 1/NDCVRL_002 Dataset/raw/nd1S05673/Right/1108478.tiff,nd1S05673,R,3/7/12
1109775,/Users/odon/Desktop/intro_to_iris_recognition/Week 1/NDCVRL_002 Dataset/raw/nd1S05673/Right/1109775.tiff,nd1S05673,R,3/7/12
1110824,/Users/odon/Desktop/intro_to_iris_recognition/Week 1/NDCVRL_002 Dataset/raw/nd1S05673/Right/1110824.tiff,nd1S05673,R,3/7/12
260210,/Users/odon/Desktop/intro_to_iris_recognition/Week 1/NDCVRL_002 Dataset/raw/nd1S05675/Left/260210.tiff,nd1S05675,L,9/25/08
263837,/Users/odon/Desktop/intro_to_iris_recognition/Week 1/NDCVRL_002 Dataset/raw/nd1S05675/Left/263837.tiff,nd1S05675,L,9/25/08
263839,/Users/odon/Desktop/intro_to_iris_recognition/Week 1/NDCVRL_002 Dataset/raw/nd1S05675/Left/263839.tiff,nd1S05675,L,9/25/08
263840,/Users/odon/Desktop/intro_to_iris_recognition/Week 1/NDCVRL_002 Dataset/raw/nd1S05675/Left/263840.tiff,nd1S05675,L,9/25/08
263841,/Users/odon/Desktop/intro_to_iris_recognition/Week 1/NDCVRL_002 Dataset/raw/nd1S05675/Left/263841.tiff,nd1S05675,L,9/25/08
263842,/Users/odon/Desktop/intro_to_iris_recognition/Week 1/NDCVRL_002 Dataset/raw/nd1S05675/Left/263842.tiff,nd1S05675,L,9/25/08
270659,/Users/odon/Desktop/intro_to_iris_recognition/Week 1/NDCVRL_002 Dataset/raw/nd1S05675/Left/270659.tiff,nd1S05675,L,10/9/08
270660,/Users/odon/Desktop/intro_to_iris_recognition/Week 1/NDCVRL_002 Dataset/raw/nd1S05675/Left/270660.tiff,nd1S05675,L,10/9/08
270661,/Users/odon/Desktop/intro_to_iris_recognition/Week 1/NDCVRL_002 Dataset/raw/nd1S05675/Left/270661.tiff,nd1S05675,L,10/9/08
270662,/Users/odon/Desktop/intro_to_iris_recognition/Week 1/NDCVRL_002 Dataset/raw/nd1S05675/Left/270662.tiff,nd1S05675,L,10/9/08
270666,/Users/odon/Desktop/intro_to_iris_recognition/Week 1/NDCVRL_002 Dataset/raw/nd1S05675/Left/270666.tiff,nd1S05675,L,10/9/08
303483,/Users/odon/Desktop/intro_to_iris_recognition/Week 1/NDCVRL_002 Dataset/raw/nd1S05675/Left/303483.tiff,nd1S05675,L,12/2/08
437337,/Users/odon/Desktop/intro_to_iris_recognition/Week 1/NDCVRL_002 Dataset/raw/nd1S05675/Left/437337.tiff,nd1S05675,L,3/26/09
437339,/Users/odon/Desktop/intro_to_iris_recognition/Week 1/NDCVRL_002 Dataset/raw/nd1S05675/Left/437339.tiff,nd1S05675,L,3/26/09
437343,/Users/odon/Desktop/intro_to_iris_recognition/Week 1/NDCVRL_002 Dataset/raw/nd1S05675/Left/437343.tiff,nd1S05675,L,3/26/09
529570,/Users/odon/Desktop/intro_to_iris_recognition/Week 1/NDCVRL_002 Dataset/raw/nd1S05675/Left/529570.tiff,nd1S05675,L,11/4/09
613178,/Users/odon/Desktop/intro_to_iris_recognition/Week 1/NDCVRL_002 Dataset/raw/nd1S05675/Left/613178.tiff,nd1S05675,L,4/28/10
694609,/Users/odon/Desktop/intro_to_iris_recognition/Week 1/NDCVRL_002 Dataset/raw/nd1S05675/Left/694609.tiff,nd1S05675,L,11/30/10
694615,/Users/odon/Desktop/intro_to_iris_recognition/Week 1/NDCVRL_002 Dataset/raw/nd1S05675/Left/694615.tiff,nd1S05675,L,11/30/10
710282,/Users/odon/Desktop/intro_to_iris_recognition/Week 1/NDCVRL_002 Dataset/raw/nd1S05675/Left/710282.tiff,nd1S05675,L,1/27/11
710283,/Users/odon/Desktop/intro_to_iris_recognition/Week 1/NDCVRL_002 Dataset/raw/nd1S05675/Left/710283.tiff,nd1S05675,L,1/27/11
725004,/Users/odon/Desktop/intro_to_iris_recognition/Week 1/NDCVRL_002 Dataset/raw/nd1S05675/Left/725004.tiff,nd1S05675,L,2/9/11
729009,/Users/odon/Desktop/intro_to_iris_recognition/Week 1/NDCVRL_002 Dataset/raw/nd1S05675/Left/729009.tiff,nd1S05675,L,2/9/11
754917,/Users/odon/Desktop/intro_to_iris_recognition/Week 1/NDCVRL_002 Dataset/raw/nd1S05675/Left/754917.tiff,nd1S05675,L,2/23/11
759283,/Users/odon/Desktop/intro_to_iris_recognition/Week 1/NDCVRL_002 Dataset/raw/nd1S05675/Left/759283.tiff,nd1S05675,L,2/23/11
763417,/Users/odon/Desktop/intro_to_iris_recognition/Week 1/NDCVRL_002 Dataset/raw/nd1S05675/Left/763417.tiff,nd1S05675,L,2/23/11
792157,/Users/odon/Desktop/intro_to_iris_recognition/Week 1/NDCVRL_002 Dataset/raw/nd1S05675/Left/792157.tiff,nd1S05675,L,3/9/11
795281,/Users/odon/Desktop/intro_to_iris_recognition/Week 1/NDCVRL_002 Dataset/raw/nd1S05675/Left/795281.tiff,nd1S05675,L,3/9/11
860159,/Users/odon/Desktop/intro_to_iris_recognition/Week 1/NDCVRL_002 Dataset/raw/nd1S05675/Left/860159.tiff,nd1S05675,L,4/13/11
905909,/Users/odon/Desktop/intro_to_iris_recognition/Week 1/NDCVRL_002 Dataset/raw/nd1S05675/Left/905909.tiff,nd1S05675,L,4/27/11
266392,/Users/odon/Desktop/intro_to_iris_recognition/Week 1/NDCVRL_002 Dataset/raw/nd1S05682/Left/266392.tiff,nd1S05682,L,10/7/08
267703,/Users/odon/Desktop/intro_to_iris_recognition/Week 1/NDCVRL_002 Dataset/raw/nd1S05682/Left/267703.tiff,nd1S05682,L,10/7/08
267704,/Users/odon/Desktop/intro_to_iris_recognition/Week 1/NDCVRL_002 Dataset/raw/nd1S05682/Left/267704.tiff,nd1S05682,L,10/7/08
267713,/Users/odon/Desktop/intro_to_iris_recognition/Week 1/NDCVRL_002 Dataset/raw/nd1S05682/Left/267713.tiff,nd1S05682,L,10/7/08
277691,/Users/odon/Desktop/intro_to_iris_recognition/Week 1/NDCVRL_002 Dataset/raw/nd1S05682/Left/277691.tiff,nd1S05682,L,10/29/08
277693,/Users/odon/Desktop/intro_to_iris_recognition/Week 1/NDCVRL_002 Dataset/raw/nd1S05682/Left/277693.tiff,nd1S05682,L,10/29/08
277697,/Users/odon/Desktop/intro_to_iris_recognition/Week 1/NDCVRL_002 Dataset/raw/nd1S05682/Left/277697.tiff,nd1S05682,L,10/29/08
280905,/Users/odon/Desktop/intro_to_iris_recognition/Week 1/NDCVRL_002 Dataset/raw/nd1S05682/Left/280905.tiff,nd1S05682,L,11/11/08
280915,/Users/odon/Desktop/intro_to_iris_recognition/Week 1/NDCVRL_002 Dataset/raw/nd1S05682/Left/280915.tiff,nd1S05682,L,11/11/08
313852,/Users/odon/Desktop/intro_to_iris_recognition/Week 1/NDCVRL_002 Dataset/raw/nd1S05682/Left/313852.tiff,nd1S05682,L,1/22/09
313859,/Users/odon/Desktop/intro_to_iris_recognition/Week 1/NDCVRL_002 Dataset/raw/nd1S05682/Left/313859.tiff,nd1S05682,L,1/22/09
345811,/Users/odon/Desktop/intro_to_iris_recognition/Week 1/NDCVRL_002 Dataset/raw/nd1S05682/Left/345811.tiff,nd1S05682,L,2/3/09
345819,/Users/odon/Desktop/intro_to_iris_recognition/Week 1/NDCVRL_002 Dataset/raw/nd1S05682/Left/345819.tiff,nd1S05682,L,2/3/09
345821,/Users/odon/Desktop/intro_to_iris_recognition/Week 1/NDCVRL_002 Dataset/raw/nd1S05682/Left/345821.tiff,nd1S05682,L,2/3/09
450418,/Users/odon/Desktop/intro_to_iris_recognition/Week 1/NDCVRL_002 Dataset/raw/nd1S05682/Left/450418.tiff,nd1S05682,L,4/23/09
278601,/Users/odon/Desktop/intro_to_iris_recognition/Week 1/NDCVRL_002 Dataset/raw/nd1S05694/Right/278601.tiff,nd1S05694,R,10/30/08
278602,/Users/odon/Desktop/intro_to_iris_recognition/Week 1/NDCVRL_002 Dataset/raw/nd1S05694/Right/278602.tiff,nd1S05694,R,10/30/08
278605,/Users/odon/Desktop/intro_to_iris_recognition/Week 1/NDCVRL_002 Dataset/raw/nd1S05694/Right/278605.tiff,nd1S05694,R,10/30/08
280055,/Users/odon/Desktop/intro_to_iris_recognition/Week 1/NDCVRL_002 Dataset/raw/nd1S05694/Right/280055.tiff,nd1S05694,R,11/13/08
280057,/Users/odon/Desktop/intro_to_iris_recognition/Week 1/NDCVRL_002 Dataset/raw/nd1S05694/Right/280057.tiff,nd1S05694,R,11/13/08
285150,/Users/odon/Desktop/intro_to_iris_recognition/Week 1/NDCVRL_002 Dataset/raw/nd1S05694/Right/285150.tiff,nd1S05694,R,12/4/08
287551,/Users/odon/Desktop/intro_to_iris_recognition/Week 1/NDCVRL_002 Dataset/raw/nd1S05694/Right/287551.tiff,nd1S05694,R,12/4/08
287559,/Users/odon/Desktop/intro_to_iris_recognition/Week 1/NDCVRL_002 Dataset/raw/nd1S05694/Right/287559.tiff,nd1S05694,R,12/4/08
407289,/Users/odon/Desktop/intro_to_iris_recognition/Week 1/NDCVRL_002 Dataset/raw/nd1S05694/Right/407289.tiff,nd1S05694,R,2/19/09
407296,/Users/odon/Desktop/intro_to_iris_recognition/Week 1/NDCVRL_002 Dataset/raw/nd1S05694/Right/407296.tiff,nd1S05694,R,2/19/09
407297,/Users/odon/Desktop/intro_to_iris_recognition/Week 1/NDCVRL_002 Dataset/raw/nd1S05694/Right/407297.tiff,nd1S05694,R,2/19/09
408091,/Users/odon/Desktop/intro_to_iris_recognition/Week 1/NDCVRL_002 Dataset/raw/nd1S05694/Right/408091.tiff,nd1S05694,R,2/19/09
267015,/Users/odon/Desktop/intro_to_iris_recognition/Week 1/NDCVRL_002 Dataset/raw/nd1S05695/Right/267015.tiff,nd1S05695,R,10/9/08
270694,/Users/odon/Desktop/intro_to_iris_recognition/Week 1/NDCVRL_002 Dataset/raw/nd1S05695/Right/270694.tiff,nd1S05695,R,10/9/08
270695,/Users/odon/Desktop/intro_to_iris_recognition/Week 1/NDCVRL_002 Dataset/raw/nd1S05695/Right/270695.tiff,nd1S05695,R,10/9/08
270702,/Users/odon/Desktop/intro_to_iris_recognition/Week 1/NDCVRL_002 Dataset/raw/nd1S05695/Right/270702.tiff,nd1S05695,R,10/9/08
270703,/Users/odon/Desktop/intro_to_iris_recognition/Week 1/NDCVRL_002 Dataset/raw/nd1S05695/Right/270703.tiff,nd1S05695,R,10/9/08
270704,/Users/odon/Desktop/intro_to_iris_recognition/Week 1/NDCVRL_002 Dataset/raw/nd1S05695/Right/270704.tiff,nd1S05695,R,10/9/08
274508,/Users/odon/Desktop/intro_to_iris_recognition/Week 1/NDCVRL_002 Dataset/raw/nd1S05695/Right/274508.tiff,nd1S05695,R,10/28/08
275729,/Users/odon/Desktop/intro_to_iris_recognition/Week 1/NDCVRL_002 Dataset/raw/nd1S05695/Right/275729.tiff,nd1S05695,R,10/28/08
275731,/Users/odon/Desktop/intro_to_iris_recognition/Week 1/NDCVRL_002 Dataset/raw/nd1S05695/Right/275731.tiff,nd1S05695,R,10/28/08
279855,/Users/odon/Desktop/intro_to_iris_recognition/Week 1/NDCVRL_002 Dataset/raw/nd1S05695/Right/279855.tiff,nd1S05695,R,11/12/08
279859,/Users/odon/Desktop/intro_to_iris_recognition/Week 1/NDCVRL_002 Dataset/raw/nd1S05695/Right/279859.tiff,nd1S05695,R,11/12/08
303472,/Users/odon/Desktop/intro_to_iris_recognition/Week 1/NDCVRL_002 Dataset/raw/nd1S05695/Right/303472.tiff,nd1S05695,R,12/2/08
303476,/Users/odon/Desktop/intro_to_iris_recognition/Week 1/NDCVRL_002 Dataset/raw/nd1S05695/Right/303476.tiff,nd1S05695,R,12/2/08
303477,/Users/odon/Desktop/intro_to_iris_recognition/Week 1/NDCVRL_002 Dataset/raw/nd1S05695/Right/303477.tiff,nd1S05695,R,12/2/08
303479,/Users/odon/Desktop/intro_to_iris_recognition/Week 1/NDCVRL_002 Dataset/raw/nd1S05695/Right/303479.tiff,nd1S05695,R,12/2/08
310096,/Users/odon/Desktop/intro_to_iris_recognition/Week 1/NDCVRL_002 Dataset/raw/nd1S05695/Right/310096.tiff,nd1S05695,R,1/21/09
345654,/Users/odon/Desktop/intro_to_iris_recognition/Week 1/NDCVRL_002 Dataset/raw/nd1S05695/Right/345654.tiff,nd1S05695,R,2/3/09
345665,/Users/odon/Desktop/intro_to_iris_recognition/Week 1/NDCVRL_002 Dataset/raw/nd1S05695/Right/345665.tiff,nd1S05695,R,2/3/09
421538,/Users/odon/Desktop/intro_to_iris_recognition/Week 1/NDCVRL_002 Dataset/raw/nd1S05695/Right/421538.tiff,nd1S05695,R,3/5/09
442343,/Users/odon/Desktop/intro_to_iris_recognition/Week 1/NDCVRL_002 Dataset/raw/nd1S05695/Right/442343.tiff,nd1S05695,R,4/21/09
442347,/Users/odon/Desktop/intro_to_iris_recognition/Week 1/NDCVRL_002 Dataset/raw/nd1S05695/Right/442347.tiff,nd1S05695,R,4/21/09
536669,/Users/odon/Desktop/intro_to_iris_recognition/Week 1/NDCVRL_002 Dataset/raw/nd1S05695/Right/536669.tiff,nd1S05695,R,1/26/10
538502,/Users/odon/Desktop/intro_to_iris_recognition/Week 1/NDCVRL_002 Dataset/raw/nd1S05695/Right/538502.tiff,nd1S05695,R,1/26/10
538503,/Users/odon/Desktop/intro_to_iris_recognition/Week 1/NDCVRL_002 Dataset/raw/nd1S05695/Right/538503.tiff,nd1S05695,R,1/26/10
556077,/Users/odon/Desktop/intro_to_iris_recognition/Week 1/NDCVRL_002 Dataset/raw/nd1S05695/Right/556077.tiff,nd1S05695,R,2/9/10
556082,/Users/odon/Desktop/intro_to_iris_recognition/Week 1/NDCVRL_002 Dataset/raw/nd1S05695/Right/556082.tiff,nd1S05695,R,2/9/10
556085,/Users/odon/Desktop/intro_to_iris_recognition/Week 1/NDCVRL_002 Dataset/raw/nd1S05695/Right/556085.tiff,nd1S05695,R,2/9/10
556087,/Users/odon/Desktop/intro_to_iris_recognition/Week 1/NDCVRL_002 Dataset/raw/nd1S05695/Right/556087.tiff,nd1S05695,R,2/9/10
588660,/Users/odon/Desktop/intro_to_iris_recognition/Week 1/NDCVRL_002 Dataset/raw/nd1S05695/Right/588660.tiff,nd1S05695,R,3/16/10
588664,/Users/odon/Desktop/intro_to_iris_recognition/Week 1/NDCVRL_002 Dataset/raw/nd1S05695/Right/588664.tiff,nd1S05695,R,3/16/10
588667,/Users/odon/Desktop/intro_to_iris_recognition/Week 1/NDCVRL_002 Dataset/raw/nd1S05695/Right/588667.tiff,nd1S05695,R,3/16/10
607363,/Users/odon/Desktop/intro_to_iris_recognition/Week 1/NDCVRL_002 Dataset/raw/nd1S05695/Right/607363.tiff,nd1S05695,R,4/15/10
607366,/Users/odon/Desktop/intro_to_iris_recognition/Week 1/NDCVRL_002 Dataset/raw/nd1S05695/Right/607366.tiff,nd1S05695,R,4/15/10
607372,/Users/odon/Desktop/intro_to_iris_recognition/Week 1/NDCVRL_002 Dataset/raw/nd1S05695/Right/607372.tiff,nd1S05695,R,4/15/10
607374,/Users/odon/Desktop/intro_to_iris_recognition/Week 1/NDCVRL_002 Dataset/raw/nd1S05695/Right/607374.tiff,nd1S05695,R,4/15/10
613886,/Users/odon/Desktop/intro_to_iris_recognition/Week 1/NDCVRL_002 Dataset/raw/nd1S05695/Right/613886.tiff,nd1S05695,R,4/28/10
675734,/Users/odon/Desktop/intro_to_iris_recognition/Week 1/NDCVRL_002 Dataset/raw/nd1S05695/Right/675734.tiff,nd1S05695,R,10/27/10
675738,/Users/odon/Desktop/intro_to_iris_recognition/Week 1/NDCVRL_002 Dataset/raw/nd1S05695/Right/675738.tiff,nd1S05695,R,10/27/10
675743,/Users/odon/Desktop/intro_to_iris_recognition/Week 1/NDCVRL_002 Dataset/raw/nd1S05695/Right/675743.tiff,nd1S05695,R,10/27/10
694592,/Users/odon/Desktop/intro_to_iris_recognition/Week 1/NDCVRL_002 Dataset/raw/nd1S05695/Right/694592.tiff,nd1S05695,R,11/30/10
694602,/Users/odon/Desktop/intro_to_iris_recognition/Week 1/NDCVRL_002 Dataset/raw/nd1S05695/Right/694602.tiff,nd1S05695,R,11/30/10
707122,/Users/odon/Desktop/intro_to_iris_recognition/Week 1/NDCVRL_002 Dataset/raw/nd1S05695/Right/707122.tiff,nd1S05695,R,1/26/11
724877,/Users/odon/Desktop/intro_to_iris_recognition/Week 1/NDCVRL_002 Dataset/raw/nd1S05695/Right/724877.tiff,nd1S05695,R,2/9/11
724891,/Users/odon/Desktop/intro_to_iris_recognition/Week 1/NDCVRL_002 Dataset/raw/nd1S05695/Right/724891.tiff,nd1S05695,R,2/9/11
757989,/Users/odon/Desktop/intro_to_iris_recognition/Week 1/NDCVRL_002 Dataset/raw/nd1S05695/Right/757989.tiff,nd1S05695,R,2/23/11
762976,/Users/odon/Desktop/intro_to_iris_recognition/Week 1/NDCVRL_002 Dataset/raw/nd1S05695/Right/762976.tiff,nd1S05695,R,2/23/11
789043,/Users/odon/Desktop/intro_to_iris_recognition/Week 1/NDCVRL_002 Dataset/raw/nd1S05695/Right/789043.tiff,nd1S05695,R,3/8/11
896691,/Users/odon/Desktop/intro_to_iris_recognition/Week 1/NDCVRL_002 Dataset/raw/nd1S05695/Right/896691.tiff,nd1S05695,R,4/26/11
274753,/Users/odon/Desktop/intro_to_iris_recognition/Week 1/NDCVRL_002 Dataset/raw/nd1S05708/Left/274753.tiff,nd1S05708,L,10/28/08
274755,/Users/odon/Desktop/intro_to_iris_recognition/Week 1/NDCVRL_002 Dataset/raw/nd1S05708/Left/274755.tiff,nd1S05708,L,10/28/08
274757,/Users/odon/Desktop/intro_to_iris_recognition/Week 1/NDCVRL_002 Dataset/raw/nd1S05708/Left/274757.tiff,nd1S05708,L,10/28/08
276740,/Users/odon/Desktop/intro_to_iris_recognition/Week 1/NDCVRL_002 Dataset/raw/nd1S05708/Left/276740.tiff,nd1S05708,L,10/28/08
276741,/Users/odon/Desktop/intro_to_iris_recognition/Week 1/NDCVRL_002 Dataset/raw/nd1S05708/Left/276741.tiff,nd1S05708,L,10/28/08
276744,/Users/odon/Desktop/intro_to_iris_recognition/Week 1/NDCVRL_002 Dataset/raw/nd1S05708/Left/276744.tiff,nd1S05708,L,10/28/08
276746,/Users/odon/Desktop/intro_to_iris_recognition/Week 1/NDCVRL_002 Dataset/raw/nd1S05708/Left/276746.tiff,nd1S05708,L,10/28/08
276748,/Users/odon/Desktop/intro_to_iris_recognition/Week 1/NDCVRL_002 Dataset/raw/nd1S05708/Left/276748.tiff,nd1S05708,L,10/28/08
286157,/Users/odon/Desktop/intro_to_iris_recognition/Week 1/NDCVRL_002 Dataset/raw/nd1S05708/Left/286157.tiff,nd1S05708,L,12/3/08
286158,/Users/odon/Desktop/intro_to_iris_recognition/Week 1/NDCVRL_002 Dataset/raw/nd1S05708/Left/286158.tiff,nd1S05708,L,12/3/08
344129,/Users/odon/Desktop/intro_to_iris_recognition/Week 1/NDCVRL_002 Dataset/raw/nd1S05708/Left/344129.tiff,nd1S05708,L,2/3/09
344130,/Users/odon/Desktop/intro_to_iris_recognition/Week 1/NDCVRL_002 Dataset/raw/nd1S05708/Left/344130.tiff,nd1S05708,L,2/3/09
344134,/Users/odon/Desktop/intro_to_iris_recognition/Week 1/NDCVRL_002 Dataset/raw/nd1S05708/Left/344134.tiff,nd1S05708,L,2/3/09
396779,/Users/odon/Desktop/intro_to_iris_recognition/Week 1/NDCVRL_002 Dataset/raw/nd1S05708/Left/396779.tiff,nd1S05708,L,2/17/09
396780,/Users/odon/Desktop/intro_to_iris_recognition/Week 1/NDCVRL_002 Dataset/raw/nd1S05708/Left/396780.tiff,nd1S05708,L,2/17/09
437782,/Users/odon/Desktop/intro_to_iris_recognition/Week 1/NDCVRL_002 Dataset/raw/nd1S05708/Left/437782.tiff,nd1S05708,L,3/26/09
450154,/Users/odon/Desktop/intro_to_iris_recognition/Week 1/NDCVRL_002 Dataset/raw/nd1S05708/Left/450154.tiff,nd1S05708,L,4/23/09
450159,/Users/odon/Desktop/intro_to_iris_recognition/Week 1/NDCVRL_002 Dataset/raw/nd1S05708/Left/450159.tiff,nd1S05708,L,4/23/09
450160,/Users/odon/Desktop/intro_to_iris_recognition/Week 1/NDCVRL_002 Dataset/raw/nd1S05708/Left/450160.tiff,nd1S05708,L,4/23/09
452417,/Users/odon/Desktop/intro_to_iris_recognition/Week 1/NDCVRL_002 Dataset/raw/nd1S05708/Left/452417.tiff,nd1S05708,L,4/23/09
521341,/Users/odon/Desktop/intro_to_iris_recognition/Week 1/NDCVRL_002 Dataset/raw/nd1S05708/Left/521341.tiff,nd1S05708,L,12/2/09
521342,/Users/odon/Desktop/intro_to_iris_recognition/Week 1/NDCVRL_002 Dataset/raw/nd1S05708/Left/521342.tiff,nd1S05708,L,12/2/09
531442,/Users/odon/Desktop/intro_to_iris_recognition/Week 1/NDCVRL_002 Dataset/raw/nd1S05708/Left/531442.tiff,nd1S05708,L,11/5/09
531446,/Users/odon/Desktop/intro_to_iris_recognition/Week 1/NDCVRL_002 Dataset/raw/nd1S05708/Left/531446.tiff,nd1S05708,L,11/5/09
531447,/Users/odon/Desktop/intro_to_iris_recognition/Week 1/NDCVRL_002 Dataset/raw/nd1S05708/Left/531447.tiff,nd1S05708,L,11/5/09
531448,/Users/odon/Desktop/intro_to_iris_recognition/Week 1/NDCVRL_002 Dataset/raw/nd1S05708/Left/531448.tiff,nd1S05708,L,11/5/09
726502,/Users/odon/Desktop/intro_to_iris_recognition/Week 1/NDCVRL_002 Dataset/raw/nd1S05708/Left/726502.tiff,nd1S05708,L,2/10/11
726503,/Users/odon/Desktop/intro_to_iris_recognition/Week 1/NDCVRL_002 Dataset/raw/nd1S05708/Left/726503.tiff,nd1S05708,L,2/10/11
971767,/Users/odon/Desktop/intro_to_iris_recognition/Week 1/NDCVRL_002 Dataset/raw/nd1S05708/Left/971767.tiff,nd1S05708,L,9/29/11
286170,/Users/odon/Desktop/intro_to_iris_recognition/Week 1/NDCVRL_002 Dataset/raw/nd1S05708/Right/286170.tiff,nd1S05708,R,12/3/08
344146,/Users/odon/Desktop/intro_to_iris_recognition/Week 1/NDCVRL_002 Dataset/raw/nd1S05708/Right/344146.tiff,nd1S05708,R,2/3/09
344147,/Users/odon/Desktop/intro_to_iris_recognition/Week 1/NDCVRL_002 Dataset/raw/nd1S05708/Right/344147.tiff,nd1S05708,R,2/3/09
344152,/Users/odon/Desktop/intro_to_iris_recognition/Week 1/NDCVRL_002 Dataset/raw/nd1S05708/Right/344152.tiff,nd1S05708,R,2/3/09
346602,/Users/odon/Desktop/intro_to_iris_recognition/Week 1/NDCVRL_002 Dataset/raw/nd1S05708/Right/346602.tiff,nd1S05708,R,2/3/09
396783,/Users/odon/Desktop/intro_to_iris_recognition/Week 1/NDCVRL_002 Dataset/raw/nd1S05708/Right/396783.tiff,nd1S05708,R,2/17/09
396786,/Users/odon/Desktop/intro_to_iris_recognition/Week 1/NDCVRL_002 Dataset/raw/nd1S05708/Right/396786.tiff,nd1S05708,R,2/17/09
396788,/Users/odon/Desktop/intro_to_iris_recognition/Week 1/NDCVRL_002 Dataset/raw/nd1S05708/Right/396788.tiff,nd1S05708,R,2/17/09
396792,/Users/odon/Desktop/intro_to_iris_recognition/Week 1/NDCVRL_002 Dataset/raw/nd1S05708/Right/396792.tiff,nd1S05708,R,2/17/09
437783,/Users/odon/Desktop/intro_to_iris_recognition/Week 1/NDCVRL_002 Dataset/raw/nd1S05708/Right/437783.tiff,nd1S05708,R,3/26/09
521354,/Users/odon/Desktop/intro_to_iris_recognition/Week 1/NDCVRL_002 Dataset/raw/nd1S05708/Right/521354.tiff,nd1S05708,R,12/2/09
531463,/Users/odon/Desktop/intro_to_iris_recognition/Week 1/NDCVRL_002 Dataset/raw/nd1S05708/Right/531463.tiff,nd1S05708,R,11/5/09
558212,/Users/odon/Desktop/intro_to_iris_recognition/Week 1/NDCVRL_002 Dataset/raw/nd1S05708/Right/558212.tiff,nd1S05708,R,2/10/10
608453,/Users/odon/Desktop/intro_to_iris_recognition/Week 1/NDCVRL_002 Dataset/raw/nd1S05708/Right/608453.tiff,nd1S05708,R,4/15/10
616405,/Users/odon/Desktop/intro_to_iris_recognition/Week 1/NDCVRL_002 Dataset/raw/nd1S05708/Right/616405.tiff,nd1S05708,R,4/29/10
616407,/Users/odon/Desktop/intro_to_iris_recognition/Week 1/NDCVRL_002 Dataset/raw/nd1S05708/Right/616407.tiff,nd1S05708,R,4/29/10
677157,/Users/odon/Desktop/intro_to_iris_recognition/Week 1/NDCVRL_002 Dataset/raw/nd1S05708/Right/677157.tiff,nd1S05708,R,10/28/10
696428,/Users/odon/Desktop/intro_to_iris_recognition/Week 1/NDCVRL_002 Dataset/raw/nd1S05708/Right/696428.tiff,nd1S05708,R,12/1/10
696438,/Users/odon/Desktop/intro_to_iris_recognition/Week 1/NDCVRL_002 Dataset/raw/nd1S05708/Right/696438.tiff,nd1S05708,R,12/1/10
726510,/Users/odon/Desktop/intro_to_iris_recognition/Week 1/NDCVRL_002 Dataset/raw/nd1S05708/Right/726510.tiff,nd1S05708,R,2/10/11
730349,/Users/odon/Desktop/intro_to_iris_recognition/Week 1/NDCVRL_002 Dataset/raw/nd1S05708/Right/730349.tiff,nd1S05708,R,2/10/11
733544,/Users/odon/Desktop/intro_to_iris_recognition/Week 1/NDCVRL_002 Dataset/raw/nd1S05708/Right/733544.tiff,nd1S05708,R,2/10/11
792589,/Users/odon/Desktop/intro_to_iris_recognition/Week 1/NDCVRL_002 Dataset/raw/nd1S05708/Right/792589.tiff,nd1S05708,R,3/9/11
795477,/Users/odon/Desktop/intro_to_iris_recognition/Week 1/NDCVRL_002 Dataset/raw/nd1S05708/Right/795477.tiff,nd1S05708,R,3/9/11
796028,/Users/odon/Desktop/intro_to_iris_recognition/Week 1/NDCVRL_002 Dataset/raw/nd1S05708/Right/796028.tiff,nd1S05708,R,3/9/11
800636,/Users/odon/Desktop/intro_to_iris_recognition/Week 1/NDCVRL_002 Dataset/raw/nd1S05708/Right/800636.tiff,nd1S05708,R,3/9/11
903081,/Users/odon/Desktop/intro_to_iris_recognition/Week 1/NDCVRL_002 Dataset/raw/nd1S05708/Right/903081.tiff,nd1S05708,R,4/27/11
905283,/Users/odon/Desktop/intro_to_iris_recognition/Week 1/NDCVRL_002 Dataset/raw/nd1S05708/Right/905283.tiff,nd1S05708,R,4/27/11
947747,/Users/odon/Desktop/intro_to_iris_recognition/Week 1/NDCVRL_002 Dataset/raw/nd1S05708/Right/947747.tiff,nd1S05708,R,9/15/11
970918,/Users/odon/Desktop/intro_to_iris_recognition/Week 1/NDCVRL_002 Dataset/raw/nd1S05708/Right/970918.tiff,nd1S05708,R,9/29/11
971774,/Users/odon/Desktop/intro_to_iris_recognition/Week 1/NDCVRL_002 Dataset/raw/nd1S05708/Right/971774.tiff,nd1S05708,R,9/29/11
973678,/Users/odon/Desktop/intro_to_iris_recognition/Week 1/NDCVRL_002 Dataset/raw/nd1S05708/Right/973678.tiff,nd1S05708,R,9/29/11
275123,/Users/odon/Desktop/intro_to_iris_recognition/Week 1/NDCVRL_002 Dataset/raw/nd1S05713/Left/275123.tiff,nd1S05713,L,10/30/08
278270,/Users/odon/Desktop/intro_to_iris_recognition/Week 1/NDCVRL_002 Dataset/raw/nd1S05713/Left/278270.tiff,nd1S05713,L,10/30/08
278271,/Users/odon/Desktop/intro_to_iris_recognition/Week 1/NDCVRL_002 Dataset/raw/nd1S05713/Left/278271.tiff,nd1S05713,L,10/30/08
278274,/Users/odon/Desktop/intro_to_iris_recognition/Week 1/NDCVRL_002 Dataset/raw/nd1S05713/Left/278274.tiff,nd1S05713,L,10/30/08
278275,/Users/odon/Desktop/intro_to_iris_recognition/Week 1/NDCVRL_002 Dataset/raw/nd1S05713/Left/278275.tiff,nd1S05713,L,10/30/08
278276,/Users/odon/Desktop/intro_to_iris_recognition/Week 1/NDCVRL_002 Dataset/raw/nd1S05713/Left/278276.tiff,nd1S05713,L,10/30/08
278277,/Users/odon/Desktop/intro_to_iris_recognition/Week 1/NDCVRL_002 Dataset/raw/nd1S05713/Left/278277.tiff,nd1S05713,L,10/30/08
278279,/Users/odon/Desktop/intro_to_iris_recognition/Week 1/NDCVRL_002 Dataset/raw/nd1S05713/Left/278279.tiff,nd1S05713,L,10/30/08
278280,/Users/odon/Desktop/intro_to_iris_recognition/Week 1/NDCVRL_002 Dataset/raw/nd1S05713/Left/278280.tiff,nd1S05713,L,10/30/08
278281,/Users/odon/Desktop/intro_to_iris_recognition/Week 1/NDCVRL_002 Dataset/raw/nd1S05713/Left/278281.tiff,nd1S05713,L,10/30/08
282404,/Users/odon/Desktop/intro_to_iris_recognition/Week 1/NDCVRL_002 Dataset/raw/nd1S05713/Left/282404.tiff,nd1S05713,L,11/12/08
282408,/Users/odon/Desktop/intro_to_iris_recognition/Week 1/NDCVRL_002 Dataset/raw/nd1S05713/Left/282408.tiff,nd1S05713,L,11/12/08
282414,/Users/odon/Desktop/intro_to_iris_recognition/Week 1/NDCVRL_002 Dataset/raw/nd1S05713/Left/282414.tiff,nd1S05713,L,11/12/08
286252,/Users/odon/Desktop/intro_to_iris_recognition/Week 1/NDCVRL_002 Dataset/raw/nd1S05713/Left/286252.tiff,nd1S05713,L,12/3/08
286254,/Users/odon/Desktop/intro_to_iris_recognition/Week 1/NDCVRL_002 Dataset/raw/nd1S05713/Left/286254.tiff,nd1S05713,L,12/3/08
286257,/Users/odon/Desktop/intro_to_iris_recognition/Week 1/NDCVRL_002 Dataset/raw/nd1S05713/Left/286257.tiff,nd1S05713,L,12/3/08
313421,/Users/odon/Desktop/intro_to_iris_recognition/Week 1/NDCVRL_002 Dataset/raw/nd1S05713/Left/313421.tiff,nd1S05713,L,1/22/09
313422,/Users/odon/Desktop/intro_to_iris_recognition/Week 1/NDCVRL_002 Dataset/raw/nd1S05713/Left/313422.tiff,nd1S05713,L,1/22/09
313423,/Users/odon/Desktop/intro_to_iris_recognition/Week 1/NDCVRL_002 Dataset/raw/nd1S05713/Left/313423.tiff,nd1S05713,L,1/22/09
313424,/Users/odon/Desktop/intro_to_iris_recognition/Week 1/NDCVRL_002 Dataset/raw/nd1S05713/Left/313424.tiff,nd1S05713,L,1/22/09
313425,/Users/odon/Desktop/intro_to_iris_recognition/Week 1/NDCVRL_002 Dataset/raw/nd1S05713/Left/313425.tiff,nd1S05713,L,1/22/09
314858,/Users/odon/Desktop/intro_to_iris_recognition/Week 1/NDCVRL_002 Dataset/raw/nd1S05713/Left/314858.tiff,nd1S05713,L,1/22/09
397724,/Users/odon/Desktop/intro_to_iris_recognition/Week 1/NDCVRL_002 Dataset/raw/nd1S05713/Left/397724.tiff,nd1S05713,L,2/17/09
397725,/Users/odon/Desktop/intro_to_iris_recognition/Week 1/NDCVRL_002 Dataset/raw/nd1S05713/Left/397725.tiff,nd1S05713,L,2/17/09
397732,/Users/odon/Desktop/intro_to_iris_recognition/Week 1/NDCVRL_002 Dataset/raw/nd1S05713/Left/397732.tiff,nd1S05713,L,2/17/09
521980,/Users/odon/Desktop/intro_to_iris_recognition/Week 1/NDCVRL_002 Dataset/raw/nd1S05713/Left/521980.tiff,nd1S05713,L,12/3/09
521981,/Users/odon/Desktop/intro_to_iris_recognition/Week 1/NDCVRL_002 Dataset/raw/nd1S05713/Left/521981.tiff,nd1S05713,L,12/3/09
578832,/Users/odon/Desktop/intro_to_iris_recognition/Week 1/NDCVRL_002 Dataset/raw/nd1S05713/Left/578832.tiff,nd1S05713,L,2/23/10
580648,/Users/odon/Desktop/intro_to_iris_recognition/Week 1/NDCVRL_002 Dataset/raw/nd1S05713/Left/580648.tiff,nd1S05713,L,2/23/10
580649,/Users/odon/Desktop/intro_to_iris_recognition/Week 1/NDCVRL_002 Dataset/raw/nd1S05713/Left/580649.tiff,nd1S05713,L,2/23/10
580653,/Users/odon/Desktop/intro_to_iris_recognition/Week 1/NDCVRL_002 Dataset/raw/nd1S05713/Left/580653.tiff,nd1S05713,L,2/23/10
580654,/Users/odon/Desktop/intro_to_iris_recognition/Week 1/NDCVRL_002 Dataset/raw/nd1S05713/Left/580654.tiff,nd1S05713,L,2/23/10
580657,/Users/odon/Desktop/intro_to_iris_recognition/Week 1/NDCVRL_002 Dataset/raw/nd1S05713/Left/580657.tiff,nd1S05713,L,2/23/10
580658,/Users/odon/Desktop/intro_to_iris_recognition/Week 1/NDCVRL_002 Dataset/raw/nd1S05713/Left/580658.tiff,nd1S05713,L,2/23/10
580659,/Users/odon/Desktop/intro_to_iris_recognition/Week 1/NDCVRL_002 Dataset/raw/nd1S05713/Left/580659.tiff,nd1S05713,L,2/23/10
586815,/Users/odon/Desktop/intro_to_iris_recognition/Week 1/NDCVRL_002 Dataset/raw/nd1S05713/Left/586815.tiff,nd1S05713,L,3/17/10
591209,/Users/odon/Desktop/intro_to_iris_recognition/Week 1/NDCVRL_002 Dataset/raw/nd1S05713/Left/591209.tiff,nd1S05713,L,3/17/10
591211,/Users/odon/Desktop/intro_to_iris_recognition/Week 1/NDCVRL_002 Dataset/raw/nd1S05713/Left/591211.tiff,nd1S05713,L,3/17/10
591212,/Users/odon/Desktop/intro_to_iris_recognition/Week 1/NDCVRL_002 Dataset/raw/nd1S05713/Left/591212.tiff,nd1S05713,L,3/17/10
591213,/Users/odon/Desktop/intro_to_iris_recognition/Week 1/NDCVRL_002 Dataset/raw/nd1S05713/Left/591213.tiff,nd1S05713,L,3/17/10
591214,/Users/odon/Desktop/intro_to_iris_recognition/Week 1/NDCVRL_002 Dataset/raw/nd1S05713/Left/591214.tiff,nd1S05713,L,3/17/10
603485,/Users/odon/Desktop/intro_to_iris_recognition/Week 1/NDCVRL_002 Dataset/raw/nd1S05713/Left/603485.tiff,nd1S05713,L,4/13/10
603486,/Users/odon/Desktop/intro_to_iris_recognition/Week 1/NDCVRL_002 Dataset/raw/nd1S05713/Left/603486.tiff,nd1S05713,L,4/13/10
603487,/Users/odon/Desktop/intro_to_iris_recognition/Week 1/NDCVRL_002 Dataset/raw/nd1S05713/Left/603487.tiff,nd1S05713,L,4/13/10
700982,/Users/odon/Desktop/intro_to_iris_recognition/Week 1/NDCVRL_002 Dataset/raw/nd1S05713/Left/700982.tiff,nd1S05713,L,11/30/10
700986,/Users/odon/Desktop/intro_to_iris_recognition/Week 1/NDCVRL_002 Dataset/raw/nd1S05713/Left/700986.tiff,nd1S05713,L,11/30/10
724762,/Users/odon/Desktop/intro_to_iris_recognition/Week 1/NDCVRL_002 Dataset/raw/nd1S05713/Left/724762.tiff,nd1S05713,L,2/9/11
728907,/Users/odon/Desktop/intro_to_iris_recognition/Week 1/NDCVRL_002 Dataset/raw/nd1S05713/Left/728907.tiff,nd1S05713,L,2/9/11
732684,/Users/odon/Desktop/intro_to_iris_recognition/Week 1/NDCVRL_002 Dataset/raw/nd1S05713/Left/732684.tiff,nd1S05713,L,2/9/11
795185,/Users/odon/Desktop/intro_to_iris_recognition/Week 1/NDCVRL_002 Dataset/raw/nd1S05713/Left/795185.tiff,nd1S05713,L,3/9/11
1014116,/Users/odon/Desktop/intro_to_iris_recognition/Week 1/NDCVRL_002 Dataset/raw/nd1S05713/Right/1014116.tiff,nd1S05713,R,10/26/11
1015198,/Users/odon/Desktop/intro_to_iris_recognition/Week 1/NDCVRL_002 Dataset/raw/nd1S05713/Right/1015198.tiff,nd1S05713,R,10/26/11
1131718,/Users/odon/Desktop/intro_to_iris_recognition/Week 1/NDCVRL_002 Dataset/raw/nd1S05713/Right/1131718.tiff,nd1S05713,R,3/28/12
278287,/Users/odon/Desktop/intro_to_iris_recognition/Week 1/NDCVRL_002 Dataset/raw/nd1S05713/Right/278287.tiff,nd1S05713,R,10/30/08
278288,/Users/odon/Desktop/intro_to_iris_recognition/Week 1/NDCVRL_002 Dataset/raw/nd1S05713/Right/278288.tiff,nd1S05713,R,10/30/08
286267,/Users/odon/Desktop/intro_to_iris_recognition/Week 1/NDCVRL_002 Dataset/raw/nd1S05713/Right/286267.tiff,nd1S05713,R,12/3/08
286272,/Users/odon/Desktop/intro_to_iris_recognition/Week 1/NDCVRL_002 Dataset/raw/nd1S05713/Right/286272.tiff,nd1S05713,R,12/3/08
313433,/Users/odon/Desktop/intro_to_iris_recognition/Week 1/NDCVRL_002 Dataset/raw/nd1S05713/Right/313433.tiff,nd1S05713,R,1/22/09
313442,/Users/odon/Desktop/intro_to_iris_recognition/Week 1/NDCVRL_002 Dataset/raw/nd1S05713/Right/313442.tiff,nd1S05713,R,1/22/09
397740,/Users/odon/Desktop/intro_to_iris_recognition/Week 1/NDCVRL_002 Dataset/raw/nd1S05713/Right/397740.tiff,nd1S05713,R,2/17/09
397741,/Users/odon/Desktop/intro_to_iris_recognition/Week 1/NDCVRL_002 Dataset/raw/nd1S05713/Right/397741.tiff,nd1S05713,R,2/17/09
399207,/Users/odon/Desktop/intro_to_iris_recognition/Week 1/NDCVRL_002 Dataset/raw/nd1S05713/Right/399207.tiff,nd1S05713,R,2/17/09
522000,/Users/odon/Desktop/intro_to_iris_recognition/Week 1/NDCVRL_002 Dataset/raw/nd1S05713/Right/522000.tiff,nd1S05713,R,12/3/09
524288,/Users/odon/Desktop/intro_to_iris_recognition/Week 1/NDCVRL_002 Dataset/raw/nd1S05713/Right/524288.tiff,nd1S05713,R,12/3/09
538317,/Users/odon/Desktop/intro_to_iris_recognition/Week 1/NDCVRL_002 Dataset/raw/nd1S05713/Right/538317.tiff,nd1S05713,R,1/26/10
538326,/Users/odon/Desktop/intro_to_iris_recognition/Week 1/NDCVRL_002 Dataset/raw/nd1S05713/Right/538326.tiff,nd1S05713,R,1/26/10
556012,/Users/odon/Desktop/intro_to_iris_recognition/Week 1/NDCVRL_002 Dataset/raw/nd1S05713/Right/556012.tiff,nd1S05713,R,2/9/10
556019,/Users/odon/Desktop/intro_to_iris_recognition/Week 1/NDCVRL_002 Dataset/raw/nd1S05713/Right/556019.tiff,nd1S05713,R,2/9/10
580666,/Users/odon/Desktop/intro_to_iris_recognition/Week 1/NDCVRL_002 Dataset/raw/nd1S05713/Right/580666.tiff,nd1S05713,R,2/23/10
591221,/Users/odon/Desktop/intro_to_iris_recognition/Week 1/NDCVRL_002 Dataset/raw/nd1S05713/Right/591221.tiff,nd1S05713,R,3/17/10
591223,/Users/odon/Desktop/intro_to_iris_recognition/Week 1/NDCVRL_002 Dataset/raw/nd1S05713/Right/591223.tiff,nd1S05713,R,3/17/10
693835,/Users/odon/Desktop/intro_to_iris_recognition/Week 1/NDCVRL_002 Dataset/raw/nd1S05713/Right/693835.tiff,nd1S05713,R,11/30/10
700983,/Users/odon/Desktop/intro_to_iris_recognition/Week 1/NDCVRL_002 Dataset/raw/nd1S05713/Right/700983.tiff,nd1S05713,R,11/30/10
724768,/Users/odon/Desktop/intro_to_iris_recognition/Week 1/NDCVRL_002 Dataset/raw/nd1S05713/Right/724768.tiff,nd1S05713,R,2/9/11
791872,/Users/odon/Desktop/intro_to_iris_recognition/Week 1/NDCVRL_002 Dataset/raw/nd1S05713/Right/791872.tiff,nd1S05713,R,3/9/11
791900,/Users/odon/Desktop/intro_to_iris_recognition/Week 1/NDCVRL_002 Dataset/raw/nd1S05713/Right/791900.tiff,nd1S05713,R,3/9/11
824222,/Users/odon/Desktop/intro_to_iris_recognition/Week 1/NDCVRL_002 Dataset/raw/nd1S05713/Right/824222.tiff,nd1S05713,R,3/24/11
829726,/Users/odon/Desktop/intro_to_iris_recognition/Week 1/NDCVRL_002 Dataset/raw/nd1S05713/Right/829726.tiff,nd1S05713,R,3/24/11
830568,/Users/odon/Desktop/intro_to_iris_recognition/Week 1/NDCVRL_002 Dataset/raw/nd1S05713/Right/830568.tiff,nd1S05713,R,3/24/11
865936,/Users/odon/Desktop/intro_to_iris_recognition/Week 1/NDCVRL_002 Dataset/raw/nd1S05713/Right/865936.tiff,nd1S05713,R,4/12/11
902922,/Users/odon/Desktop/intro_to_iris_recognition/Week 1/NDCVRL_002 Dataset/raw/nd1S05713/Right/902922.tiff,nd1S05713,R,4/27/11
936944,/Users/odon/Desktop/intro_to_iris_recognition/Week 1/NDCVRL_002 Dataset/raw/nd1S05713/Right/936944.tiff,nd1S05713,R,9/13/11
942400,/Users/odon/Desktop/intro_to_iris_recognition/Week 1/NDCVRL_002 Dataset/raw/nd1S05713/Right/942400.tiff,nd1S05713,R,9/13/11
993669,/Users/odon/Desktop/intro_to_iris_recognition/Week 1/NDCVRL_002 Dataset/raw/nd1S05713/Right/993669.tiff,nd1S05713,R,10/12/11
275131,/Users/odon/Desktop/intro_to_iris_recognition/Week 1/NDCVRL_002 Dataset/raw/nd1S05714/Left/275131.tiff,nd1S05714,L,10/30/08
278328,/Users/odon/Desktop/intro_to_iris_recognition/Week 1/NDCVRL_002 Dataset/raw/nd1S05714/Left/278328.tiff,nd1S05714,L,10/30/08
281786,/Users/odon/Desktop/intro_to_iris_recognition/Week 1/NDCVRL_002 Dataset/raw/nd1S05714/Left/281786.tiff,nd1S05714,L,11/11/08
281787,/Users/odon/Desktop/intro_to_iris_recognition/Week 1/NDCVRL_002 Dataset/raw/nd1S05714/Left/281787.tiff,nd1S05714,L,11/11/08
305090,/Users/odon/Desktop/intro_to_iris_recognition/Week 1/NDCVRL_002 Dataset/raw/nd1S05714/Left/305090.tiff,nd1S05714,L,12/2/08
312464,/Users/odon/Desktop/intro_to_iris_recognition/Week 1/NDCVRL_002 Dataset/raw/nd1S05714/Left/312464.tiff,nd1S05714,L,1/22/09
312466,/Users/odon/Desktop/intro_to_iris_recognition/Week 1/NDCVRL_002 Dataset/raw/nd1S05714/Left/312466.tiff,nd1S05714,L,1/22/09
343835,/Users/odon/Desktop/intro_to_iris_recognition/Week 1/NDCVRL_002 Dataset/raw/nd1S05714/Left/343835.tiff,nd1S05714,L,2/3/09
397155,/Users/odon/Desktop/intro_to_iris_recognition/Week 1/NDCVRL_002 Dataset/raw/nd1S05714/Left/397155.tiff,nd1S05714,L,2/17/09
416319,/Users/odon/Desktop/intro_to_iris_recognition/Week 1/NDCVRL_002 Dataset/raw/nd1S05714/Left/416319.tiff,nd1S05714,L,3/4/09
416323,/Users/odon/Desktop/intro_to_iris_recognition/Week 1/NDCVRL_002 Dataset/raw/nd1S05714/Left/416323.tiff,nd1S05714,L,3/4/09
416324,/Users/odon/Desktop/intro_to_iris_recognition/Week 1/NDCVRL_002 Dataset/raw/nd1S05714/Left/416324.tiff,nd1S05714,L,3/4/09
427945,/Users/odon/Desktop/intro_to_iris_recognition/Week 1/NDCVRL_002 Dataset/raw/nd1S05714/Left/427945.tiff,nd1S05714,L,3/24/09
442889,/Users/odon/Desktop/intro_to_iris_recognition/Week 1/NDCVRL_002 Dataset/raw/nd1S05714/Left/442889.tiff,nd1S05714,L,4/21/09
443789,/Users/odon/Desktop/intro_to_iris_recognition/Week 1/NDCVRL_002 Dataset/raw/nd1S05714/Left/443789.tiff,nd1S05714,L,4/21/09
557831,/Users/odon/Desktop/intro_to_iris_recognition/Week 1/NDCVRL_002 Dataset/raw/nd1S05714/Left/557831.tiff,nd1S05714,L,2/10/10
578966,/Users/odon/Desktop/intro_to_iris_recognition/Week 1/NDCVRL_002 Dataset/raw/nd1S05714/Left/578966.tiff,nd1S05714,L,2/23/10
607303,/Users/odon/Desktop/intro_to_iris_recognition/Week 1/NDCVRL_002 Dataset/raw/nd1S05714/Left/607303.tiff,nd1S05714,L,4/15/10
607309,/Users/odon/Desktop/intro_to_iris_recognition/Week 1/NDCVRL_002 Dataset/raw/nd1S05714/Left/607309.tiff,nd1S05714,L,4/15/10
607310,/Users/odon/Desktop/intro_to_iris_recognition/Week 1/NDCVRL_002 Dataset/raw/nd1S05714/Left/607310.tiff,nd1S05714,L,4/15/10
696706,/Users/odon/Desktop/intro_to_iris_recognition/Week 1/NDCVRL_002 Dataset/raw/nd1S05714/Left/696706.tiff,nd1S05714,L,12/2/10
696708,/Users/odon/Desktop/intro_to_iris_recognition/Week 1/NDCVRL_002 Dataset/raw/nd1S05714/Left/696708.tiff,nd1S05714,L,12/2/10
701874,/Users/odon/Desktop/intro_to_iris_recognition/Week 1/NDCVRL_002 Dataset/raw/nd1S05714/Left/701874.tiff,nd1S05714,L,12/2/10
707665,/Users/odon/Desktop/intro_to_iris_recognition/Week 1/NDCVRL_002 Dataset/raw/nd1S05714/Left/707665.tiff,nd1S05714,L,1/26/11
707675,/Users/odon/Desktop/intro_to_iris_recognition/Week 1/NDCVRL_002 Dataset/raw/nd1S05714/Left/707675.tiff,nd1S05714,L,1/26/11
723394,/Users/odon/Desktop/intro_to_iris_recognition/Week 1/NDCVRL_002 Dataset/raw/nd1S05714/Left/723394.tiff,nd1S05714,L,2/9/11
791971,/Users/odon/Desktop/intro_to_iris_recognition/Week 1/NDCVRL_002 Dataset/raw/nd1S05714/Left/791971.tiff,nd1S05714,L,3/9/11
791987,/Users/odon/Desktop/intro_to_iris_recognition/Week 1/NDCVRL_002 Dataset/raw/nd1S05714/Left/791987.tiff,nd1S05714,L,3/9/11
868761,/Users/odon/Desktop/intro_to_iris_recognition/Week 1/NDCVRL_002 Dataset/raw/nd1S05735/Left/868761.tiff,nd1S05735,L,4/14/11
868775,/Users/odon/Desktop/intro_to_iris_recognition/Week 1/NDCVRL_002 Dataset/raw/nd1S05735/Left/868775.tiff,nd1S05735,L,4/14/11
871049,/Users/odon/Desktop/intro_to_iris_recognition/Week 1/NDCVRL_002 Dataset/raw/nd1S05735/Left/871049.tiff,nd1S05735,L,4/14/11
871980,/Users/odon/Desktop/intro_to_iris_recognition/Week 1/NDCVRL_002 Dataset/raw/nd1S05735/Left/871980.tiff,nd1S05735,L,4/14/11
872577,/Users/odon/Desktop/intro_to_iris_recognition/Week 1/NDCVRL_002 Dataset/raw/nd1S05735/Left/872577.tiff,nd1S05735,L,4/14/11
896443,/Users/odon/Desktop/intro_to_iris_recognition/Week 1/NDCVRL_002 Dataset/raw/nd1S05735/Left/896443.tiff,nd1S05735,L,4/26/11
896453,/Users/odon/Desktop/intro_to_iris_recognition/Week 1/NDCVRL_002 Dataset/raw/nd1S05735/Left/896453.tiff,nd1S05735,L,4/26/11
897526,/Users/odon/Desktop/intro_to_iris_recognition/Week 1/NDCVRL_002 Dataset/raw/nd1S05735/Left/897526.tiff,nd1S05735,L,4/26/11
898677,/Users/odon/Desktop/intro_to_iris_recognition/Week 1/NDCVRL_002 Dataset/raw/nd1S05735/Left/898677.tiff,nd1S05735,L,4/26/11
898679,/Users/odon/Desktop/intro_to_iris_recognition/Week 1/NDCVRL_002 Dataset/raw/nd1S05735/Left/898679.tiff,nd1S05735,L,4/26/11
899786,/Users/odon/Desktop/intro_to_iris_recognition/Week 1/NDCVRL_002 Dataset/raw/nd1S05735/Left/899786.tiff,nd1S05735,L,4/26/11
901176,/Users/odon/Desktop/intro_to_iris_recognition/Week 1/NDCVRL_002 Dataset/raw/nd1S05735/Left/901176.tiff,nd1S05735,L,4/26/11
901180,/Users/odon/Desktop/intro_to_iris_recognition/Week 1/NDCVRL_002 Dataset/raw/nd1S05735/Left/901180.tiff,nd1S05735,L,4/26/11
279997,/Users/odon/Desktop/intro_to_iris_recognition/Week 1/NDCVRL_002 Dataset/raw/nd1S05735/Right/279997.tiff,nd1S05735,R,11/12/08
283259,/Users/odon/Desktop/intro_to_iris_recognition/Week 1/NDCVRL_002 Dataset/raw/nd1S05735/Right/283259.tiff,nd1S05735,R,11/12/08
283264,/Users/odon/Desktop/intro_to_iris_recognition/Week 1/NDCVRL_002 Dataset/raw/nd1S05735/Right/283264.tiff,nd1S05735,R,11/12/08
302212,/Users/odon/Desktop/intro_to_iris_recognition/Week 1/NDCVRL_002 Dataset/raw/nd1S05735/Right/302212.tiff,nd1S05735,R,12/2/08
388506,/Users/odon/Desktop/intro_to_iris_recognition/Week 1/NDCVRL_002 Dataset/raw/nd1S05735/Right/388506.tiff,nd1S05735,R,2/4/09
416309,/Users/odon/Desktop/intro_to_iris_recognition/Week 1/NDCVRL_002 Dataset/raw/nd1S05735/Right/416309.tiff,nd1S05735,R,3/4/09
709557,/Users/odon/Desktop/intro_to_iris_recognition/Week 1/NDCVRL_002 Dataset/raw/nd1S05735/Right/709557.tiff,nd1S05735,R,1/27/11
709563,/Users/odon/Desktop/intro_to_iris_recognition/Week 1/NDCVRL_002 Dataset/raw/nd1S05735/Right/709563.tiff,nd1S05735,R,1/27/11
709568,/Users/odon/Desktop/intro_to_iris_recognition/Week 1/NDCVRL_002 Dataset/raw/nd1S05735/Right/709568.tiff,nd1S05735,R,1/27/11
725671,/Users/odon/Desktop/intro_to_iris_recognition/Week 1/NDCVRL_002 Dataset/raw/nd1S05735/Right/725671.tiff,nd1S05735,R,2/10/11
725682,/Users/odon/Desktop/intro_to_iris_recognition/Week 1/NDCVRL_002 Dataset/raw/nd1S05735/Right/725682.tiff,nd1S05735,R,2/10/11
756467,/Users/odon/Desktop/intro_to_iris_recognition/Week 1/NDCVRL_002 Dataset/raw/nd1S05735/Right/756467.tiff,nd1S05735,R,2/22/11
760365,/Users/odon/Desktop/intro_to_iris_recognition/Week 1/NDCVRL_002 Dataset/raw/nd1S05735/Right/760365.tiff,nd1S05735,R,2/22/11
870582,/Users/odon/Desktop/intro_to_iris_recognition/Week 1/NDCVRL_002 Dataset/raw/nd1S05735/Right/870582.tiff,nd1S05735,R,4/14/11
873429,/Users/odon/Desktop/intro_to_iris_recognition/Week 1/NDCVRL_002 Dataset/raw/nd1S05735/Right/873429.tiff,nd1S05735,R,4/14/11
896461,/Users/odon/Desktop/intro_to_iris_recognition/Week 1/NDCVRL_002 Dataset/raw/nd1S05735/Right/896461.tiff,nd1S05735,R,4/26/11
898678,/Users/odon/Desktop/intro_to_iris_recognition/Week 1/NDCVRL_002 Dataset/raw/nd1S05735/Right/898678.tiff,nd1S05735,R,4/26/11
901178,/Users/odon/Desktop/intro_to_iris_recognition/Week 1/NDCVRL_002 Dataset/raw/nd1S05735/Right/901178.tiff,nd1S05735,R,4/26/11
280180,/Users/odon/Desktop/intro_to_iris_recognition/Week 1/NDCVRL_002 Dataset/raw/nd1S05740/Left/280180.tiff,nd1S05740,L,11/13/08
284026,/Users/odon/Desktop/intro_to_iris_recognition/Week 1/NDCVRL_002 Dataset/raw/nd1S05740/Left/284026.tiff,nd1S05740,L,11/13/08
288488,/Users/odon/Desktop/intro_to_iris_recognition/Week 1/NDCVRL_002 Dataset/raw/nd1S05740/Left/288488.tiff,nd1S05740,L,12/4/08
288491,/Users/odon/Desktop/intro_to_iris_recognition/Week 1/NDCVRL_002 Dataset/raw/nd1S05740/Left/288491.tiff,nd1S05740,L,12/4/08
304245,/Users/odon/Desktop/intro_to_iris_recognition/Week 1/NDCVRL_002 Dataset/raw/nd1S05740/Left/304245.tiff,nd1S05740,L,12/2/08
314153,/Users/odon/Desktop/intro_to_iris_recognition/Week 1/NDCVRL_002 Dataset/raw/nd1S05740/Left/314153.tiff,nd1S05740,L,1/22/09
314164,/Users/odon/Desktop/intro_to_iris_recognition/Week 1/NDCVRL_002 Dataset/raw/nd1S05740/Left/314164.tiff,nd1S05740,L,1/22/09
315030,/Users/odon/Desktop/intro_to_iris_recognition/Week 1/NDCVRL_002 Dataset/raw/nd1S05740/Left/315030.tiff,nd1S05740,L,1/22/09
392522,/Users/odon/Desktop/intro_to_iris_recognition/Week 1/NDCVRL_002 Dataset/raw/nd1S05740/Left/392522.tiff,nd1S05740,L,2/5/09
406891,/Users/odon/Desktop/intro_to_iris_recognition/Week 1/NDCVRL_002 Dataset/raw/nd1S05740/Left/406891.tiff,nd1S05740,L,2/19/09
406892,/Users/odon/Desktop/intro_to_iris_recognition/Week 1/NDCVRL_002 Dataset/raw/nd1S05740/Left/406892.tiff,nd1S05740,L,2/19/09
406897,/Users/odon/Desktop/intro_to_iris_recognition/Week 1/NDCVRL_002 Dataset/raw/nd1S05740/Left/406897.tiff,nd1S05740,L,2/19/09
422630,/Users/odon/Desktop/intro_to_iris_recognition/Week 1/NDCVRL_002 Dataset/raw/nd1S05740/Left/422630.tiff,nd1S05740,L,3/5/09
437970,/Users/odon/Desktop/intro_to_iris_recognition/Week 1/NDCVRL_002 Dataset/raw/nd1S05740/Left/437970.tiff,nd1S05740,L,3/26/09
1010382,/Users/odon/Desktop/intro_to_iris_recognition/Week 1/NDCVRL_002 Dataset/raw/nd1S05742/Left/1010382.tiff,nd1S05742,L,10/25/11
1035266,/Users/odon/Desktop/intro_to_iris_recognition/Week 1/NDCVRL_002 Dataset/raw/nd1S05742/Left/1035266.tiff,nd1S05742,L,11/8/11
1036233,/Users/odon/Desktop/intro_to_iris_recognition/Week 1/NDCVRL_002 Dataset/raw/nd1S05742/Left/1036233.tiff,nd1S05742,L,11/8/11
1109658,/Users/odon/Desktop/intro_to_iris_recognition/Week 1/NDCVRL_002 Dataset/raw/nd1S05742/Left/1109658.tiff,nd1S05742,L,3/7/12
1126528,/Users/odon/Desktop/intro_to_iris_recognition/Week 1/NDCVRL_002 Dataset/raw/nd1S05742/Left/1126528.tiff,nd1S05742,L,3/27/12
1129192,/Users/odon/Desktop/intro_to_iris_recognition/Week 1/NDCVRL_002 Dataset/raw/nd1S05742/Left/1129192.tiff,nd1S05742,L,3/27/12
280198,/Users/odon/Desktop/intro_to_iris_recognition/Week 1/NDCVRL_002 Dataset/raw/nd1S05742/Left/280198.tiff,nd1S05742,L,11/13/08
284116,/Users/odon/Desktop/intro_to_iris_recognition/Week 1/NDCVRL_002 Dataset/raw/nd1S05742/Left/284116.tiff,nd1S05742,L,11/13/08
289042,/Users/odon/Desktop/intro_to_iris_recognition/Week 1/NDCVRL_002 Dataset/raw/nd1S05742/Left/289042.tiff,nd1S05742,L,12/4/08
289045,/Users/odon/Desktop/intro_to_iris_recognition/Week 1/NDCVRL_002 Dataset/raw/nd1S05742/Left/289045.tiff,nd1S05742,L,12/4/08
401479,/Users/odon/Desktop/intro_to_iris_recognition/Week 1/NDCVRL_002 Dataset/raw/nd1S05742/Left/401479.tiff,nd1S05742,L,2/18/09
415325,/Users/odon/Desktop/intro_to_iris_recognition/Week 1/NDCVRL_002 Dataset/raw/nd1S05742/Left/415325.tiff,nd1S05742,L,3/4/09
415326,/Users/odon/Desktop/intro_to_iris_recognition/Week 1/NDCVRL_002 Dataset/raw/nd1S05742/Left/415326.tiff,nd1S05742,L,3/4/09
676511,/Users/odon/Desktop/intro_to_iris_recognition/Week 1/NDCVRL_002 Dataset/raw/nd1S05742/Left/676511.tiff,nd1S05742,L,10/28/10
676513,/Users/odon/Desktop/intro_to_iris_recognition/Week 1/NDCVRL_002 Dataset/raw/nd1S05742/Left/676513.tiff,nd1S05742,L,10/28/10
676515,/Users/odon/Desktop/intro_to_iris_recognition/Week 1/NDCVRL_002 Dataset/raw/nd1S05742/Left/676515.tiff,nd1S05742,L,10/28/10
682831,/Users/odon/Desktop/intro_to_iris_recognition/Week 1/NDCVRL_002 Dataset/raw/nd1S05742/Left/682831.tiff,nd1S05742,L,11/9/10
694650,/Users/odon/Desktop/intro_to_iris_recognition/Week 1/NDCVRL_002 Dataset/raw/nd1S05742/Left/694650.tiff,nd1S05742,L,11/30/10
724722,/Users/odon/Desktop/intro_to_iris_recognition/Week 1/NDCVRL_002 Dataset/raw/nd1S05742/Left/724722.tiff,nd1S05742,L,2/9/11
724732,/Users/odon/Desktop/intro_to_iris_recognition/Week 1/NDCVRL_002 Dataset/raw/nd1S05742/Left/724732.tiff,nd1S05742,L,2/9/11
729594,/Users/odon/Desktop/intro_to_iris_recognition/Week 1/NDCVRL_002 Dataset/raw/nd1S05742/Left/729594.tiff,nd1S05742,L,2/9/11
729596,/Users/odon/Desktop/intro_to_iris_recognition/Week 1/NDCVRL_002 Dataset/raw/nd1S05742/Left/729596.tiff,nd1S05742,L,2/9/11
903055,/Users/odon/Desktop/intro_to_iris_recognition/Week 1/NDCVRL_002 Dataset/raw/nd1S05742/Left/903055.tiff,nd1S05742,L,4/27/11
903069,/Users/odon/Desktop/intro_to_iris_recognition/Week 1/NDCVRL_002 Dataset/raw/nd1S05742/Left/903069.tiff,nd1S05742,L,4/27/11
904425,/Users/odon/Desktop/intro_to_iris_recognition/Week 1/NDCVRL_002 Dataset/raw/nd1S05742/Left/904425.tiff,nd1S05742,L,4/27/11
905271,/Users/odon/Desktop/intro_to_iris_recognition/Week 1/NDCVRL_002 Dataset/raw/nd1S05742/Left/905271.tiff,nd1S05742,L,4/27/11
905970,/Users/odon/Desktop/intro_to_iris_recognition/Week 1/NDCVRL_002 Dataset/raw/nd1S05742/Left/905970.tiff,nd1S05742,L,4/27/11
944299,/Users/odon/Desktop/intro_to_iris_recognition/Week 1/NDCVRL_002 Dataset/raw/nd1S05742/Left/944299.tiff,nd1S05742,L,9/15/11
945127,/Users/odon/Desktop/intro_to_iris_recognition/Week 1/NDCVRL_002 Dataset/raw/nd1S05742/Left/945127.tiff,nd1S05742,L,9/15/11
988928,/Users/odon/Desktop/intro_to_iris_recognition/Week 1/NDCVRL_002 Dataset/raw/nd1S05742/Left/988928.tiff,nd1S05742,L,10/11/11
988930,/Users/odon/Desktop/intro_to_iris_recognition/Week 1/NDCVRL_002 Dataset/raw/nd1S05742/Left/988930.tiff,nd1S05742,L,10/11/11
1010386,/Users/odon/Desktop/intro_to_iris_recognition/Week 1/NDCVRL_002 Dataset/raw/nd1S05742/Right/1010386.tiff,nd1S05742,R,10/25/11
1033054,/Users/odon/Desktop/intro_to_iris_recognition/Week 1/NDCVRL_002 Dataset/raw/nd1S05742/Right/1033054.tiff,nd1S05742,R,11/8/11
1033056,/Users/odon/Desktop/intro_to_iris_recognition/Week 1/NDCVRL_002 Dataset/raw/nd1S05742/Right/1033056.tiff,nd1S05742,R,11/8/11
1109659,/Users/odon/Desktop/intro_to_iris_recognition/Week 1/NDCVRL_002 Dataset/raw/nd1S05742/Right/1109659.tiff,nd1S05742,R,3/7/12
1129235,/Users/odon/Desktop/intro_to_iris_recognition/Week 1/NDCVRL_002 Dataset/raw/nd1S05742/Right/1129235.tiff,nd1S05742,R,3/27/12
1129238,/Users/odon/Desktop/intro_to_iris_recognition/Week 1/NDCVRL_002 Dataset/raw/nd1S05742/Right/1129238.tiff,nd1S05742,R,3/27/12
284120,/Users/odon/Desktop/intro_to_iris_recognition/Week 1/NDCVRL_002 Dataset/raw/nd1S05742/Right/284120.tiff,nd1S05742,R,11/13/08
284123,/Users/odon/Desktop/intro_to_iris_recognition/Week 1/NDCVRL_002 Dataset/raw/nd1S05742/Right/284123.tiff,nd1S05742,R,11/13/08
289035,/Users/odon/Desktop/intro_to_iris_recognition/Week 1/NDCVRL_002 Dataset/raw/nd1S05742/Right/289035.tiff,nd1S05742,R,12/4/08
289041,/Users/odon/Desktop/intro_to_iris_recognition/Week 1/NDCVRL_002 Dataset/raw/nd1S05742/Right/289041.tiff,nd1S05742,R,12/4/08
401487,/Users/odon/Desktop/intro_to_iris_recognition/Week 1/NDCVRL_002 Dataset/raw/nd1S05742/Right/401487.tiff,nd1S05742,R,2/18/09
415346,/Users/odon/Desktop/intro_to_iris_recognition/Week 1/NDCVRL_002 Dataset/raw/nd1S05742/Right/415346.tiff,nd1S05742,R,3/4/09
415347,/Users/odon/Desktop/intro_to_iris_recognition/Week 1/NDCVRL_002 Dataset/raw/nd1S05742/Right/415347.tiff,nd1S05742,R,3/4/09
447063,/Users/odon/Desktop/intro_to_iris_recognition/Week 1/NDCVRL_002 Dataset/raw/nd1S05742/Right/447063.tiff,nd1S05742,R,4/22/09
676514,/Users/odon/Desktop/intro_to_iris_recognition/Week 1/NDCVRL_002 Dataset/raw/nd1S05742/Right/676514.tiff,nd1S05742,R,10/28/10
676519,/Users/odon/Desktop/intro_to_iris_recognition/Week 1/NDCVRL_002 Dataset/raw/nd1S05742/Right/676519.tiff,nd1S05742,R,10/28/10
682820,/Users/odon/Desktop/intro_to_iris_recognition/Week 1/NDCVRL_002 Dataset/raw/nd1S05742/Right/682820.tiff,nd1S05742,R,11/9/10
682834,/Users/odon/Desktop/intro_to_iris_recognition/Week 1/NDCVRL_002 Dataset/raw/nd1S05742/Right/682834.tiff,nd1S05742,R,11/9/10
694656,/Users/odon/Desktop/intro_to_iris_recognition/Week 1/NDCVRL_002 Dataset/raw/nd1S05742/Right/694656.tiff,nd1S05742,R,11/30/10
724727,/Users/odon/Desktop/intro_to_iris_recognition/Week 1/NDCVRL_002 Dataset/raw/nd1S05742/Right/724727.tiff,nd1S05742,R,2/9/11
724737,/Users/odon/Desktop/intro_to_iris_recognition/Week 1/NDCVRL_002 Dataset/raw/nd1S05742/Right/724737.tiff,nd1S05742,R,2/9/11
724738,/Users/odon/Desktop/intro_to_iris_recognition/Week 1/NDCVRL_002 Dataset/raw/nd1S05742/Right/724738.tiff,nd1S05742,R,2/9/11
903060,/Users/odon/Desktop/intro_to_iris_recognition/Week 1/NDCVRL_002 Dataset/raw/nd1S05742/Right/903060.tiff,nd1S05742,R,4/27/11
903070,/Users/odon/Desktop/intro_to_iris_recognition/Week 1/NDCVRL_002 Dataset/raw/nd1S05742/Right/903070.tiff,nd1S05742,R,4/27/11
944309,/Users/odon/Desktop/intro_to_iris_recognition/Week 1/NDCVRL_002 Dataset/raw/nd1S05742/Right/944309.tiff,nd1S05742,R,9/15/11
945128,/Users/odon/Desktop/intro_to_iris_recognition/Week 1/NDCVRL_002 Dataset/raw/nd1S05742/Right/945128.tiff,nd1S05742,R,9/15/11
988360,/Users/odon/Desktop/intro_to_iris_recognition/Week 1/NDCVRL_002 Dataset/raw/nd1S05742/Right/988360.tiff,nd1S05742,R,10/11/11
991200,/Users/odon/Desktop/intro_to_iris_recognition/Week 1/NDCVRL_002 Dataset/raw/nd1S05742/Right/991200.tiff,nd1S05742,R,10/11/11
280204,/Users/odon/Desktop/intro_to_iris_recognition/Week 1/NDCVRL_002 Dataset/raw/nd1S05743/Left/280204.tiff,nd1S05743,L,11/13/08
284135,/Users/odon/Desktop/intro_to_iris_recognition/Week 1/NDCVRL_002 Dataset/raw/nd1S05743/Left/284135.tiff,nd1S05743,L,11/13/08
284139,/Users/odon/Desktop/intro_to_iris_recognition/Week 1/NDCVRL_002 Dataset/raw/nd1S05743/Left/284139.tiff,nd1S05743,L,11/13/08
284140,/Users/odon/Desktop/intro_to_iris_recognition/Week 1/NDCVRL_002 Dataset/raw/nd1S05743/Left/284140.tiff,nd1S05743,L,11/13/08
284143,/Users/odon/Desktop/intro_to_iris_recognition/Week 1/NDCVRL_002 Dataset/raw/nd1S05743/Left/284143.tiff,nd1S05743,L,11/13/08
284144,/Users/odon/Desktop/intro_to_iris_recognition/Week 1/NDCVRL_002 Dataset/raw/nd1S05743/Left/284144.tiff,nd1S05743,L,11/13/08
284145,/Users/odon/Desktop/intro_to_iris_recognition/Week 1/NDCVRL_002 Dataset/raw/nd1S05743/Left/284145.tiff,nd1S05743,L,11/13/08
284146,/Users/odon/Desktop/intro_to_iris_recognition/Week 1/NDCVRL_002 Dataset/raw/nd1S05743/Left/284146.tiff,nd1S05743,L,11/13/08
280320,/Users/odon/Desktop/intro_to_iris_recognition/Week 1/NDCVRL_002 Dataset/raw/nd1S05749/Left/280320.tiff,nd1S05749,L,11/13/08
280322,/Users/odon/Desktop/intro_to_iris_recognition/Week 1/NDCVRL_002 Dataset/raw/nd1S05749/Left/280322.tiff,nd1S05749,L,11/13/08
313762,/Users/odon/Desktop/intro_to_iris_recognition/Week 1/NDCVRL_002 Dataset/raw/nd1S05749/Left/313762.tiff,nd1S05749,L,1/22/09
421572,/Users/odon/Desktop/intro_to_iris_recognition/Week 1/NDCVRL_002 Dataset/raw/nd1S05749/Left/421572.tiff,nd1S05749,L,3/5/09
443729,/Users/odon/Desktop/intro_to_iris_recognition/Week 1/NDCVRL_002 Dataset/raw/nd1S05749/Left/443729.tiff,nd1S05749,L,4/21/09
511156,/Users/odon/Desktop/intro_to_iris_recognition/Week 1/NDCVRL_002 Dataset/raw/nd1S05749/Left/511156.tiff,nd1S05749,L,11/17/09
542080,/Users/odon/Desktop/intro_to_iris_recognition/Week 1/NDCVRL_002 Dataset/raw/nd1S05749/Left/542080.tiff,nd1S05749,L,1/28/10
591982,/Users/odon/Desktop/intro_to_iris_recognition/Week 1/NDCVRL_002 Dataset/raw/nd1S05749/Left/591982.tiff,nd1S05749,L,3/18/10
1041960,/Users/odon/Desktop/intro_to_iris_recognition/Week 1/NDCVRL_002 Dataset/raw/nd1S05766/Left/1041960.tiff,nd1S05766,L,11/10/11
284801,/Users/odon/Desktop/intro_to_iris_recognition/Week 1/NDCVRL_002 Dataset/raw/nd1S05766/Left/284801.tiff,nd1S05766,L,12/3/08
286090,/Users/odon/Desktop/intro_to_iris_recognition/Week 1/NDCVRL_002 Dataset/raw/nd1S05766/Left/286090.tiff,nd1S05766,L,12/3/08
286091,/Users/odon/Desktop/intro_to_iris_recognition/Week 1/NDCVRL_002 Dataset/raw/nd1S05766/Left/286091.tiff,nd1S05766,L,12/3/08
286093,/Users/odon/Desktop/intro_to_iris_recognition/Week 1/NDCVRL_002 Dataset/raw/nd1S05766/Left/286093.tiff,nd1S05766,L,12/3/08
286094,/Users/odon/Desktop/intro_to_iris_recognition/Week 1/NDCVRL_002 Dataset/raw/nd1S05766/Left/286094.tiff,nd1S05766,L,12/3/08
286096,/Users/odon/Desktop/intro_to_iris_recognition/Week 1/NDCVRL_002 Dataset/raw/nd1S05766/Left/286096.tiff,nd1S05766,L,12/3/08
387195,/Users/odon/Desktop/intro_to_iris_recognition/Week 1/NDCVRL_002 Dataset/raw/nd1S05766/Left/387195.tiff,nd1S05766,L,2/4/09
387196,/Users/odon/Desktop/intro_to_iris_recognition/Week 1/NDCVRL_002 Dataset/raw/nd1S05766/Left/387196.tiff,nd1S05766,L,2/4/09
403067,/Users/odon/Desktop/intro_to_iris_recognition/Week 1/NDCVRL_002 Dataset/raw/nd1S05766/Left/403067.tiff,nd1S05766,L,2/18/09
403068,/Users/odon/Desktop/intro_to_iris_recognition/Week 1/NDCVRL_002 Dataset/raw/nd1S05766/Left/403068.tiff,nd1S05766,L,2/18/09
417345,/Users/odon/Desktop/intro_to_iris_recognition/Week 1/NDCVRL_002 Dataset/raw/nd1S05766/Left/417345.tiff,nd1S05766,L,3/4/09
417349,/Users/odon/Desktop/intro_to_iris_recognition/Week 1/NDCVRL_002 Dataset/raw/nd1S05766/Left/417349.tiff,nd1S05766,L,3/4/09
417350,/Users/odon/Desktop/intro_to_iris_recognition/Week 1/NDCVRL_002 Dataset/raw/nd1S05766/Left/417350.tiff,nd1S05766,L,3/4/09
431832,/Users/odon/Desktop/intro_to_iris_recognition/Week 1/NDCVRL_002 Dataset/raw/nd1S05766/Left/431832.tiff,nd1S05766,L,3/25/09
431836,/Users/odon/Desktop/intro_to_iris_recognition/Week 1/NDCVRL_002 Dataset/raw/nd1S05766/Left/431836.tiff,nd1S05766,L,3/25/09
511835,/Users/odon/Desktop/intro_to_iris_recognition/Week 1/NDCVRL_002 Dataset/raw/nd1S05766/Left/511835.tiff,nd1S05766,L,11/17/09
514649,/Users/odon/Desktop/intro_to_iris_recognition/Week 1/NDCVRL_002 Dataset/raw/nd1S05766/Left/514649.tiff,nd1S05766,L,11/17/09
608130,/Users/odon/Desktop/intro_to_iris_recognition/Week 1/NDCVRL_002 Dataset/raw/nd1S05766/Left/608130.tiff,nd1S05766,L,4/15/10
608132,/Users/odon/Desktop/intro_to_iris_recognition/Week 1/NDCVRL_002 Dataset/raw/nd1S05766/Left/608132.tiff,nd1S05766,L,4/15/10
608135,/Users/odon/Desktop/intro_to_iris_recognition/Week 1/NDCVRL_002 Dataset/raw/nd1S05766/Left/608135.tiff,nd1S05766,L,4/15/10
614914,/Users/odon/Desktop/intro_to_iris_recognition/Week 1/NDCVRL_002 Dataset/raw/nd1S05766/Left/614914.tiff,nd1S05766,L,4/28/10
704800,/Users/odon/Desktop/intro_to_iris_recognition/Week 1/NDCVRL_002 Dataset/raw/nd1S05766/Left/704800.tiff,nd1S05766,L,1/25/11
704808,/Users/odon/Desktop/intro_to_iris_recognition/Week 1/NDCVRL_002 Dataset/raw/nd1S05766/Left/704808.tiff,nd1S05766,L,1/25/11
723918,/Users/odon/Desktop/intro_to_iris_recognition/Week 1/NDCVRL_002 Dataset/raw/nd1S05766/Left/723918.tiff,nd1S05766,L,2/9/11
723924,/Users/odon/Desktop/intro_to_iris_recognition/Week 1/NDCVRL_002 Dataset/raw/nd1S05766/Left/723924.tiff,nd1S05766,L,2/9/11
757705,/Users/odon/Desktop/intro_to_iris_recognition/Week 1/NDCVRL_002 Dataset/raw/nd1S05766/Left/757705.tiff,nd1S05766,L,2/23/11
762337,/Users/odon/Desktop/intro_to_iris_recognition/Week 1/NDCVRL_002 Dataset/raw/nd1S05766/Left/762337.tiff,nd1S05766,L,2/23/11
795770,/Users/odon/Desktop/intro_to_iris_recognition/Week 1/NDCVRL_002 Dataset/raw/nd1S05766/Left/795770.tiff,nd1S05766,L,3/9/11
898177,/Users/odon/Desktop/intro_to_iris_recognition/Week 1/NDCVRL_002 Dataset/raw/nd1S05766/Left/898177.tiff,nd1S05766,L,4/26/11
899105,/Users/odon/Desktop/intro_to_iris_recognition/Week 1/NDCVRL_002 Dataset/raw/nd1S05766/Left/899105.tiff,nd1S05766,L,4/26/11
900104,/Users/odon/Desktop/intro_to_iris_recognition/Week 1/NDCVRL_002 Dataset/raw/nd1S05766/Left/900104.tiff,nd1S05766,L,4/26/11
936342,/Users/odon/Desktop/intro_to_iris_recognition/Week 1/NDCVRL_002 Dataset/raw/nd1S05766/Left/936342.tiff,nd1S05766,L,9/13/11
942263,/Users/odon/Desktop/intro_to_iris_recognition/Week 1/NDCVRL_002 Dataset/raw/nd1S05766/Left/942263.tiff,nd1S05766,L,9/13/11
996357,/Users/odon/Desktop/intro_to_iris_recognition/Week 1/NDCVRL_002 Dataset/raw/nd1S05766/Left/996357.tiff,nd1S05766,L,10/13/11
309411,/Users/odon/Desktop/intro_to_iris_recognition/Week 1/NDCVRL_002 Dataset/raw/nd1S05808/Right/309411.tiff,nd1S05808,R,1/21/09
309413,/Users/odon/Desktop/intro_to_iris_recognition/Week 1/NDCVRL_002 Dataset/raw/nd1S05808/Right/309413.tiff,nd1S05808,R,1/21/09
309414,/Users/odon/Desktop/intro_to_iris_recognition/Week 1/NDCVRL_002 Dataset/raw/nd1S05808/Right/309414.tiff,nd1S05808,R,1/21/09
310553,/Users/odon/Desktop/intro_to_iris_recognition/Week 1/NDCVRL_002 Dataset/raw/nd1S05808/Right/310553.tiff,nd1S05808,R,1/21/09
391767,/Users/odon/Desktop/intro_to_iris_recognition/Week 1/NDCVRL_002 Dataset/raw/nd1S05808/Right/391767.tiff,nd1S05808,R,2/5/09
391778,/Users/odon/Desktop/intro_to_iris_recognition/Week 1/NDCVRL_002 Dataset/raw/nd1S05808/Right/391778.tiff,nd1S05808,R,2/5/09
391783,/Users/odon/Desktop/intro_to_iris_recognition/Week 1/NDCVRL_002 Dataset/raw/nd1S05808/Right/391783.tiff,nd1S05808,R,2/5/09
421056,/Users/odon/Desktop/intro_to_iris_recognition/Week 1/NDCVRL_002 Dataset/raw/nd1S05808/Right/421056.tiff,nd1S05808,R,3/5/09
436912,/Users/odon/Desktop/intro_to_iris_recognition/Week 1/NDCVRL_002 Dataset/raw/nd1S05808/Right/436912.tiff,nd1S05808,R,3/26/09
518415,/Users/odon/Desktop/intro_to_iris_recognition/Week 1/NDCVRL_002 Dataset/raw/nd1S05808/Right/518415.tiff,nd1S05808,R,12/1/09
527769,/Users/odon/Desktop/intro_to_iris_recognition/Week 1/NDCVRL_002 Dataset/raw/nd1S05808/Right/527769.tiff,nd1S05808,R,11/3/09
539152,/Users/odon/Desktop/intro_to_iris_recognition/Week 1/NDCVRL_002 Dataset/raw/nd1S05808/Right/539152.tiff,nd1S05808,R,1/26/10
556495,/Users/odon/Desktop/intro_to_iris_recognition/Week 1/NDCVRL_002 Dataset/raw/nd1S05808/Right/556495.tiff,nd1S05808,R,2/9/10
592594,/Users/odon/Desktop/intro_to_iris_recognition/Week 1/NDCVRL_002 Dataset/raw/nd1S05808/Right/592594.tiff,nd1S05808,R,3/18/10
612246,/Users/odon/Desktop/intro_to_iris_recognition/Week 1/NDCVRL_002 Dataset/raw/nd1S05808/Right/612246.tiff,nd1S05808,R,4/27/10
676774,/Users/odon/Desktop/intro_to_iris_recognition/Week 1/NDCVRL_002 Dataset/raw/nd1S05808/Right/676774.tiff,nd1S05808,R,10/28/10
702033,/Users/odon/Desktop/intro_to_iris_recognition/Week 1/NDCVRL_002 Dataset/raw/nd1S05808/Right/702033.tiff,nd1S05808,R,12/2/10
707071,/Users/odon/Desktop/intro_to_iris_recognition/Week 1/NDCVRL_002 Dataset/raw/nd1S05808/Right/707071.tiff,nd1S05808,R,1/26/11
707072,/Users/odon/Desktop/intro_to_iris_recognition/Week 1/NDCVRL_002 Dataset/raw/nd1S05808/Right/707072.tiff,nd1S05808,R,1/26/11
724689,/Users/odon/Desktop/intro_to_iris_recognition/Week 1/NDCVRL_002 Dataset/raw/nd1S05808/Right/724689.tiff,nd1S05808,R,2/9/11
724690,/Users/odon/Desktop/intro_to_iris_recognition/Week 1/NDCVRL_002 Dataset/raw/nd1S05808/Right/724690.tiff,nd1S05808,R,2/9/11
724700,/Users/odon/Desktop/intro_to_iris_recognition/Week 1/NDCVRL_002 Dataset/raw/nd1S05808/Right/724700.tiff,nd1S05808,R,2/9/11
763109,/Users/odon/Desktop/intro_to_iris_recognition/Week 1/NDCVRL_002 Dataset/raw/nd1S05808/Right/763109.tiff,nd1S05808,R,2/23/11
794950,/Users/odon/Desktop/intro_to_iris_recognition/Week 1/NDCVRL_002 Dataset/raw/nd1S05808/Right/794950.tiff,nd1S05808,R,3/9/11
800382,/Users/odon/Desktop/intro_to_iris_recognition/Week 1/NDCVRL_002 Dataset/raw/nd1S05808/Right/800382.tiff,nd1S05808,R,3/9/11
859626,/Users/odon/Desktop/intro_to_iris_recognition/Week 1/NDCVRL_002 Dataset/raw/nd1S05808/Right/859626.tiff,nd1S05808,R,4/13/11
911492,/Users/odon/Desktop/intro_to_iris_recognition/Week 1/NDCVRL_002 Dataset/raw/nd1S05808/Right/911492.tiff,nd1S05808,R,4/28/11
911493,/Users/odon/Desktop/intro_to_iris_recognition/Week 1/NDCVRL_002 Dataset/raw/nd1S05808/Right/911493.tiff,nd1S05808,R,4/28/11
309447,/Users/odon/Desktop/intro_to_iris_recognition/Week 1/NDCVRL_002 Dataset/raw/nd1S05810/Left/309447.tiff,nd1S05810,L,1/21/09
309454,/Users/odon/Desktop/intro_to_iris_recognition/Week 1/NDCVRL_002 Dataset/raw/nd1S05810/Left/309454.tiff,nd1S05810,L,1/21/09
310562,/Users/odon/Desktop/intro_to_iris_recognition/Week 1/NDCVRL_002 Dataset/raw/nd1S05810/Left/310562.tiff,nd1S05810,L,1/21/09
391944,/Users/odon/Desktop/intro_to_iris_recognition/Week 1/NDCVRL_002 Dataset/raw/nd1S05810/Left/391944.tiff,nd1S05810,L,2/5/09
391947,/Users/odon/Desktop/intro_to_iris_recognition/Week 1/NDCVRL_002 Dataset/raw/nd1S05810/Left/391947.tiff,nd1S05810,L,2/5/09
420605,/Users/odon/Desktop/intro_to_iris_recognition/Week 1/NDCVRL_002 Dataset/raw/nd1S05810/Left/420605.tiff,nd1S05810,L,3/5/09
555680,/Users/odon/Desktop/intro_to_iris_recognition/Week 1/NDCVRL_002 Dataset/raw/nd1S05810/Left/555680.tiff,nd1S05810,L,2/9/10
601782,/Users/odon/Desktop/intro_to_iris_recognition/Week 1/NDCVRL_002 Dataset/raw/nd1S05810/Left/601782.tiff,nd1S05810,L,4/15/10
606586,/Users/odon/Desktop/intro_to_iris_recognition/Week 1/NDCVRL_002 Dataset/raw/nd1S05810/Left/606586.tiff,nd1S05810,L,4/15/10
606611,/Users/odon/Desktop/intro_to_iris_recognition/Week 1/NDCVRL_002 Dataset/raw/nd1S05810/Left/606611.tiff,nd1S05810,L,4/15/10
613372,/Users/odon/Desktop/intro_to_iris_recognition/Week 1/NDCVRL_002 Dataset/raw/nd1S05810/Left/613372.tiff,nd1S05810,L,4/28/10
674814,/Users/odon/Desktop/intro_to_iris_recognition/Week 1/NDCVRL_002 Dataset/raw/nd1S05810/Left/674814.tiff,nd1S05810,L,10/26/10
684435,/Users/odon/Desktop/intro_to_iris_recognition/Week 1/NDCVRL_002 Dataset/raw/nd1S05810/Left/684435.tiff,nd1S05810,L,11/11/10
696899,/Users/odon/Desktop/intro_to_iris_recognition/Week 1/NDCVRL_002 Dataset/raw/nd1S05810/Left/696899.tiff,nd1S05810,L,12/2/10
706074,/Users/odon/Desktop/intro_to_iris_recognition/Week 1/NDCVRL_002 Dataset/raw/nd1S05810/Left/706074.tiff,nd1S05810,L,1/26/11
764261,/Users/odon/Desktop/intro_to_iris_recognition/Week 1/NDCVRL_002 Dataset/raw/nd1S05810/Left/764261.tiff,nd1S05810,L,2/24/11
764627,/Users/odon/Desktop/intro_to_iris_recognition/Week 1/NDCVRL_002 Dataset/raw/nd1S05810/Left/764627.tiff,nd1S05810,L,2/24/11
767231,/Users/odon/Desktop/intro_to_iris_recognition/Week 1/NDCVRL_002 Dataset/raw/nd1S05810/Left/767231.tiff,nd1S05810,L,2/24/11
788788,/Users/odon/Desktop/intro_to_iris_recognition/Week 1/NDCVRL_002 Dataset/raw/nd1S05810/Left/788788.tiff,nd1S05810,L,3/8/11
901786,/Users/odon/Desktop/intro_to_iris_recognition/Week 1/NDCVRL_002 Dataset/raw/nd1S05810/Left/901786.tiff,nd1S05810,L,4/27/11
901796,/Users/odon/Desktop/intro_to_iris_recognition/Week 1/NDCVRL_002 Dataset/raw/nd1S05810/Left/901796.tiff,nd1S05810,L,4/27/11
903852,/Users/odon/Desktop/intro_to_iris_recognition/Week 1/NDCVRL_002 Dataset/raw/nd1S05810/Left/903852.tiff,nd1S05810,L,4/27/11
904794,/Users/odon/Desktop/intro_to_iris_recognition/Week 1/NDCVRL_002 Dataset/raw/nd1S05810/Left/904794.tiff,nd1S05810,L,4/27/11
906132,/Users/odon/Desktop/intro_to_iris_recognition/Week 1/NDCVRL_002 Dataset/raw/nd1S05810/Left/906132.tiff,nd1S05810,L,4/27/11
592798,/Users/odon/Desktop/intro_to_iris_recognition/Week 1/NDCVRL_002 Dataset/raw/nd1S05831/Left/592798.tiff,nd1S05831,L,3/18/10
608155,/Users/odon/Desktop/intro_to_iris_recognition/Week 1/NDCVRL_002 Dataset/raw/nd1S05831/Left/608155.tiff,nd1S05831,L,4/15/10
615056,/Users/odon/Desktop/intro_to_iris_recognition/Week 1/NDCVRL_002 Dataset/raw/nd1S05831/Left/615056.tiff,nd1S05831,L,4/28/10
615057,/Users/odon/Desktop/intro_to_iris_recognition/Week 1/NDCVRL_002 Dataset/raw/nd1S05831/Left/615057.tiff,nd1S05831,L,4/28/10
615058,/Users/odon/Desktop/intro_to_iris_recognition/Week 1/NDCVRL_002 Dataset/raw/nd1S05831/Left/615058.tiff,nd1S05831,L,4/28/10
582908,/Users/odon/Desktop/intro_to_iris_recognition/Week 1/NDCVRL_002 Dataset/raw/nd1S05831/Right/582908.tiff,nd1S05831,R,2/24/10
582909,/Users/odon/Desktop/intro_to_iris_recognition/Week 1/NDCVRL_002 Dataset/raw/nd1S05831/Right/582909.tiff,nd1S05831,R,2/24/10
582912,/Users/odon/Desktop/intro_to_iris_recognition/Week 1/NDCVRL_002 Dataset/raw/nd1S05831/Right/582912.tiff,nd1S05831,R,2/24/10
587202,/Users/odon/Desktop/intro_to_iris_recognition/Week 1/NDCVRL_002 Dataset/raw/nd1S05831/Right/587202.tiff,nd1S05831,R,3/18/10
592800,/Users/odon/Desktop/intro_to_iris_recognition/Week 1/NDCVRL_002 Dataset/raw/nd1S05831/Right/592800.tiff,nd1S05831,R,3/18/10
592801,/Users/odon/Desktop/intro_to_iris_recognition/Week 1/NDCVRL_002 Dataset/raw/nd1S05831/Right/592801.tiff,nd1S05831,R,3/18/10
592802,/Users/odon/Desktop/intro_to_iris_recognition/Week 1/NDCVRL_002 Dataset/raw/nd1S05831/Right/592802.tiff,nd1S05831,R,3/18/10
592804,/Users/odon/Desktop/intro_to_iris_recognition/Week 1/NDCVRL_002 Dataset/raw/nd1S05831/Right/592804.tiff,nd1S05831,R,3/18/10
592805,/Users/odon/Desktop/intro_to_iris_recognition/Week 1/NDCVRL_002 Dataset/raw/nd1S05831/Right/592805.tiff,nd1S05831,R,3/18/10
592807,/Users/odon/Desktop/intro_to_iris_recognition/Week 1/NDCVRL_002 Dataset/raw/nd1S05831/Right/592807.tiff,nd1S05831,R,3/18/10
592808,/Users/odon/Desktop/intro_to_iris_recognition/Week 1/NDCVRL_002 Dataset/raw/nd1S05831/Right/592808.tiff,nd1S05831,R,3/18/10
592809,/Users/odon/Desktop/intro_to_iris_recognition/Week 1/NDCVRL_002 Dataset/raw/nd1S05831/Right/592809.tiff,nd1S05831,R,3/18/10
592810,/Users/odon/Desktop/intro_to_iris_recognition/Week 1/NDCVRL_002 Dataset/raw/nd1S05831/Right/592810.tiff,nd1S05831,R,3/18/10
602139,/Users/odon/Desktop/intro_to_iris_recognition/Week 1/NDCVRL_002 Dataset/raw/nd1S05831/Right/602139.tiff,nd1S05831,R,4/15/10
608166,/Users/odon/Desktop/intro_to_iris_recognition/Week 1/NDCVRL_002 Dataset/raw/nd1S05831/Right/608166.tiff,nd1S05831,R,4/15/10
608167,/Users/odon/Desktop/intro_to_iris_recognition/Week 1/NDCVRL_002 Dataset/raw/nd1S05831/Right/608167.tiff,nd1S05831,R,4/15/10
608168,/Users/odon/Desktop/intro_to_iris_recognition/Week 1/NDCVRL_002 Dataset/raw/nd1S05831/Right/608168.tiff,nd1S05831,R,4/15/10
608170,/Users/odon/Desktop/intro_to_iris_recognition/Week 1/NDCVRL_002 Dataset/raw/nd1S05831/Right/608170.tiff,nd1S05831,R,4/15/10
608171,/Users/odon/Desktop/intro_to_iris_recognition/Week 1/NDCVRL_002 Dataset/raw/nd1S05831/Right/608171.tiff,nd1S05831,R,4/15/10
608172,/Users/odon/Desktop/intro_to_iris_recognition/Week 1/NDCVRL_002 Dataset/raw/nd1S05831/Right/608172.tiff,nd1S05831,R,4/15/10
608173,/Users/odon/Desktop/intro_to_iris_recognition/Week 1/NDCVRL_002 Dataset/raw/nd1S05831/Right/608173.tiff,nd1S05831,R,4/15/10
608175,/Users/odon/Desktop/intro_to_iris_recognition/Week 1/NDCVRL_002 Dataset/raw/nd1S05831/Right/608175.tiff,nd1S05831,R,4/15/10
608176,/Users/odon/Desktop/intro_to_iris_recognition/Week 1/NDCVRL_002 Dataset/raw/nd1S05831/Right/608176.tiff,nd1S05831,R,4/15/10
609912,/Users/odon/Desktop/intro_to_iris_recognition/Week 1/NDCVRL_002 Dataset/raw/nd1S05831/Right/609912.tiff,nd1S05831,R,4/28/10
615064,/Users/odon/Desktop/intro_to_iris_recognition/Week 1/NDCVRL_002 Dataset/raw/nd1S05831/Right/615064.tiff,nd1S05831,R,4/28/10
615065,/Users/odon/Desktop/intro_to_iris_recognition/Week 1/NDCVRL_002 Dataset/raw/nd1S05831/Right/615065.tiff,nd1S05831,R,4/28/10
615066,/Users/odon/Desktop/intro_to_iris_recognition/Week 1/NDCVRL_002 Dataset/raw/nd1S05831/Right/615066.tiff,nd1S05831,R,4/28/10
615068,/Users/odon/Desktop/intro_to_iris_recognition/Week 1/NDCVRL_002 Dataset/raw/nd1S05831/Right/615068.tiff,nd1S05831,R,4/28/10
615069,/Users/odon/Desktop/intro_to_iris_recognition/Week 1/NDCVRL_002 Dataset/raw/nd1S05831/Right/615069.tiff,nd1S05831,R,4/28/10
615071,/Users/odon/Desktop/intro_to_iris_recognition/Week 1/NDCVRL_002 Dataset/raw/nd1S05831/Right/615071.tiff,nd1S05831,R,4/28/10
615073,/Users/odon/Desktop/intro_to_iris_recognition/Week 1/NDCVRL_002 Dataset/raw/nd1S05831/Right/615073.tiff,nd1S05831,R,4/28/10
314238,/Users/odon/Desktop/intro_to_iris_recognition/Week 1/NDCVRL_002 Dataset/raw/nd1S05832/Right/314238.tiff,nd1S05832,R,1/22/09
315047,/Users/odon/Desktop/intro_to_iris_recognition/Week 1/NDCVRL_002 Dataset/raw/nd1S05832/Right/315047.tiff,nd1S05832,R,1/22/09
406304,/Users/odon/Desktop/intro_to_iris_recognition/Week 1/NDCVRL_002 Dataset/raw/nd1S05832/Right/406304.tiff,nd1S05832,R,2/19/09
536861,/Users/odon/Desktop/intro_to_iris_recognition/Week 1/NDCVRL_002 Dataset/raw/nd1S05832/Right/536861.tiff,nd1S05832,R,1/26/10
556678,/Users/odon/Desktop/intro_to_iris_recognition/Week 1/NDCVRL_002 Dataset/raw/nd1S05832/Right/556678.tiff,nd1S05832,R,2/9/10
584935,/Users/odon/Desktop/intro_to_iris_recognition/Week 1/NDCVRL_002 Dataset/raw/nd1S05832/Right/584935.tiff,nd1S05832,R,2/25/10
604182,/Users/odon/Desktop/intro_to_iris_recognition/Week 1/NDCVRL_002 Dataset/raw/nd1S05832/Right/604182.tiff,nd1S05832,R,4/13/10
604186,/Users/odon/Desktop/intro_to_iris_recognition/Week 1/NDCVRL_002 Dataset/raw/nd1S05832/Right/604186.tiff,nd1S05832,R,4/13/10
344665,/Users/odon/Desktop/intro_to_iris_recognition/Week 1/NDCVRL_002 Dataset/raw/nd1S05842/Left/344665.tiff,nd1S05842,L,2/3/09
344668,/Users/odon/Desktop/intro_to_iris_recognition/Week 1/NDCVRL_002 Dataset/raw/nd1S05842/Left/344668.tiff,nd1S05842,L,2/3/09
346731,/Users/odon/Desktop/intro_to_iris_recognition/Week 1/NDCVRL_002 Dataset/raw/nd1S05842/Left/346731.tiff,nd1S05842,L,2/3/09
397878,/Users/odon/Desktop/intro_to_iris_recognition/Week 1/NDCVRL_002 Dataset/raw/nd1S05842/Left/397878.tiff,nd1S05842,L,2/17/09
397880,/Users/odon/Desktop/intro_to_iris_recognition/Week 1/NDCVRL_002 Dataset/raw/nd1S05842/Left/397880.tiff,nd1S05842,L,2/17/09
411551,/Users/odon/Desktop/intro_to_iris_recognition/Week 1/NDCVRL_002 Dataset/raw/nd1S05842/Left/411551.tiff,nd1S05842,L,3/3/09
427801,/Users/odon/Desktop/intro_to_iris_recognition/Week 1/NDCVRL_002 Dataset/raw/nd1S05842/Left/427801.tiff,nd1S05842,L,3/24/09
427803,/Users/odon/Desktop/intro_to_iris_recognition/Week 1/NDCVRL_002 Dataset/raw/nd1S05842/Left/427803.tiff,nd1S05842,L,3/24/09
429516,/Users/odon/Desktop/intro_to_iris_recognition/Week 1/NDCVRL_002 Dataset/raw/nd1S05842/Left/429516.tiff,nd1S05842,L,3/24/09
521228,/Users/odon/Desktop/intro_to_iris_recognition/Week 1/NDCVRL_002 Dataset/raw/nd1S05842/Left/521228.tiff,nd1S05842,L,12/2/09
521231,/Users/odon/Desktop/intro_to_iris_recognition/Week 1/NDCVRL_002 Dataset/raw/nd1S05842/Left/521231.tiff,nd1S05842,L,12/2/09
527997,/Users/odon/Desktop/intro_to_iris_recognition/Week 1/NDCVRL_002 Dataset/raw/nd1S05842/Left/527997.tiff,nd1S05842,L,11/3/09
528002,/Users/odon/Desktop/intro_to_iris_recognition/Week 1/NDCVRL_002 Dataset/raw/nd1S05842/Left/528002.tiff,nd1S05842,L,11/3/09
554805,/Users/odon/Desktop/intro_to_iris_recognition/Week 1/NDCVRL_002 Dataset/raw/nd1S05842/Left/554805.tiff,nd1S05842,L,2/11/10
559995,/Users/odon/Desktop/intro_to_iris_recognition/Week 1/NDCVRL_002 Dataset/raw/nd1S05842/Left/559995.tiff,nd1S05842,L,2/11/10
579682,/Users/odon/Desktop/intro_to_iris_recognition/Week 1/NDCVRL_002 Dataset/raw/nd1S05842/Left/579682.tiff,nd1S05842,L,2/25/10
584292,/Users/odon/Desktop/intro_to_iris_recognition/Week 1/NDCVRL_002 Dataset/raw/nd1S05842/Left/584292.tiff,nd1S05842,L,2/25/10
584293,/Users/odon/Desktop/intro_to_iris_recognition/Week 1/NDCVRL_002 Dataset/raw/nd1S05842/Left/584293.tiff,nd1S05842,L,2/25/10
584298,/Users/odon/Desktop/intro_to_iris_recognition/Week 1/NDCVRL_002 Dataset/raw/nd1S05842/Left/584298.tiff,nd1S05842,L,2/25/10
588138,/Users/odon/Desktop/intro_to_iris_recognition/Week 1/NDCVRL_002 Dataset/raw/nd1S05842/Left/588138.tiff,nd1S05842,L,3/16/10
588139,/Users/odon/Desktop/intro_to_iris_recognition/Week 1/NDCVRL_002 Dataset/raw/nd1S05842/Left/588139.tiff,nd1S05842,L,3/16/10
588140,/Users/odon/Desktop/intro_to_iris_recognition/Week 1/NDCVRL_002 Dataset/raw/nd1S05842/Left/588140.tiff,nd1S05842,L,3/16/10
588141,/Users/odon/Desktop/intro_to_iris_recognition/Week 1/NDCVRL_002 Dataset/raw/nd1S05842/Left/588141.tiff,nd1S05842,L,3/16/10
588142,/Users/odon/Desktop/intro_to_iris_recognition/Week 1/NDCVRL_002 Dataset/raw/nd1S05842/Left/588142.tiff,nd1S05842,L,3/16/10
601898,/Users/odon/Desktop/intro_to_iris_recognition/Week 1/NDCVRL_002 Dataset/raw/nd1S05842/Left/601898.tiff,nd1S05842,L,4/15/10
607158,/Users/odon/Desktop/intro_to_iris_recognition/Week 1/NDCVRL_002 Dataset/raw/nd1S05842/Left/607158.tiff,nd1S05842,L,4/15/10
607160,/Users/odon/Desktop/intro_to_iris_recognition/Week 1/NDCVRL_002 Dataset/raw/nd1S05842/Left/607160.tiff,nd1S05842,L,4/15/10
607168,/Users/odon/Desktop/intro_to_iris_recognition/Week 1/NDCVRL_002 Dataset/raw/nd1S05842/Left/607168.tiff,nd1S05842,L,4/15/10
611501,/Users/odon/Desktop/intro_to_iris_recognition/Week 1/NDCVRL_002 Dataset/raw/nd1S05842/Left/611501.tiff,nd1S05842,L,4/27/10
611504,/Users/odon/Desktop/intro_to_iris_recognition/Week 1/NDCVRL_002 Dataset/raw/nd1S05842/Left/611504.tiff,nd1S05842,L,4/27/10
675030,/Users/odon/Desktop/intro_to_iris_recognition/Week 1/NDCVRL_002 Dataset/raw/nd1S05842/Left/675030.tiff,nd1S05842,L,10/27/10
675037,/Users/odon/Desktop/intro_to_iris_recognition/Week 1/NDCVRL_002 Dataset/raw/nd1S05842/Left/675037.tiff,nd1S05842,L,10/27/10
681849,/Users/odon/Desktop/intro_to_iris_recognition/Week 1/NDCVRL_002 Dataset/raw/nd1S05842/Left/681849.tiff,nd1S05842,L,11/9/10
692938,/Users/odon/Desktop/intro_to_iris_recognition/Week 1/NDCVRL_002 Dataset/raw/nd1S05842/Left/692938.tiff,nd1S05842,L,11/30/10
700706,/Users/odon/Desktop/intro_to_iris_recognition/Week 1/NDCVRL_002 Dataset/raw/nd1S05842/Left/700706.tiff,nd1S05842,L,11/30/10
708620,/Users/odon/Desktop/intro_to_iris_recognition/Week 1/NDCVRL_002 Dataset/raw/nd1S05842/Left/708620.tiff,nd1S05842,L,1/27/11
708622,/Users/odon/Desktop/intro_to_iris_recognition/Week 1/NDCVRL_002 Dataset/raw/nd1S05842/Left/708622.tiff,nd1S05842,L,1/27/11
708633,/Users/odon/Desktop/intro_to_iris_recognition/Week 1/NDCVRL_002 Dataset/raw/nd1S05842/Left/708633.tiff,nd1S05842,L,1/27/11
708636,/Users/odon/Desktop/intro_to_iris_recognition/Week 1/NDCVRL_002 Dataset/raw/nd1S05842/Left/708636.tiff,nd1S05842,L,1/27/11
728048,/Users/odon/Desktop/intro_to_iris_recognition/Week 1/NDCVRL_002 Dataset/raw/nd1S05842/Left/728048.tiff,nd1S05842,L,2/8/11
763754,/Users/odon/Desktop/intro_to_iris_recognition/Week 1/NDCVRL_002 Dataset/raw/nd1S05842/Left/763754.tiff,nd1S05842,L,2/24/11
763760,/Users/odon/Desktop/intro_to_iris_recognition/Week 1/NDCVRL_002 Dataset/raw/nd1S05842/Left/763760.tiff,nd1S05842,L,2/24/11
767020,/Users/odon/Desktop/intro_to_iris_recognition/Week 1/NDCVRL_002 Dataset/raw/nd1S05842/Left/767020.tiff,nd1S05842,L,2/24/11
790112,/Users/odon/Desktop/intro_to_iris_recognition/Week 1/NDCVRL_002 Dataset/raw/nd1S05842/Left/790112.tiff,nd1S05842,L,3/8/11
798670,/Users/odon/Desktop/intro_to_iris_recognition/Week 1/NDCVRL_002 Dataset/raw/nd1S05842/Left/798670.tiff,nd1S05842,L,3/8/11
799625,/Users/odon/Desktop/intro_to_iris_recognition/Week 1/NDCVRL_002 Dataset/raw/nd1S05842/Left/799625.tiff,nd1S05842,L,3/8/11
910225,/Users/odon/Desktop/intro_to_iris_recognition/Week 1/NDCVRL_002 Dataset/raw/nd1S05842/Left/910225.tiff,nd1S05842,L,4/28/11
910226,/Users/odon/Desktop/intro_to_iris_recognition/Week 1/NDCVRL_002 Dataset/raw/nd1S05842/Left/910226.tiff,nd1S05842,L,4/28/11
911146,/Users/odon/Desktop/intro_to_iris_recognition/Week 1/NDCVRL_002 Dataset/raw/nd1S05842/Left/911146.tiff,nd1S05842,L,4/28/11
911153,/Users/odon/Desktop/intro_to_iris_recognition/Week 1/NDCVRL_002 Dataset/raw/nd1S05842/Left/911153.tiff,nd1S05842,L,4/28/11
517944,/Users/odon/Desktop/intro_to_iris_recognition/Week 1/NDCVRL_002 Dataset/raw/nd1S05845/Left/517944.tiff,nd1S05845,L,11/19/09
517948,/Users/odon/Desktop/intro_to_iris_recognition/Week 1/NDCVRL_002 Dataset/raw/nd1S05845/Left/517948.tiff,nd1S05845,L,11/19/09
517951,/Users/odon/Desktop/intro_to_iris_recognition/Week 1/NDCVRL_002 Dataset/raw/nd1S05845/Left/517951.tiff,nd1S05845,L,11/19/09
519207,/Users/odon/Desktop/intro_to_iris_recognition/Week 1/NDCVRL_002 Dataset/raw/nd1S05845/Left/519207.tiff,nd1S05845,L,12/1/09
519208,/Users/odon/Desktop/intro_to_iris_recognition/Week 1/NDCVRL_002 Dataset/raw/nd1S05845/Left/519208.tiff,nd1S05845,L,12/1/09
519217,/Users/odon/Desktop/intro_to_iris_recognition/Week 1/NDCVRL_002 Dataset/raw/nd1S05845/Left/519217.tiff,nd1S05845,L,12/1/09
1091857,/Users/odon/Desktop/intro_to_iris_recognition/Week 1/NDCVRL_002 Dataset/raw/nd1S05853/Left/1091857.tiff,nd1S05853,L,2/23/12
1111272,/Users/odon/Desktop/intro_to_iris_recognition/Week 1/NDCVRL_002 Dataset/raw/nd1S05853/Left/1111272.tiff,nd1S05853,L,3/8/12
1112415,/Users/odon/Desktop/intro_to_iris_recognition/Week 1/NDCVRL_002 Dataset/raw/nd1S05853/Left/1112415.tiff,nd1S05853,L,3/8/12
1113258,/Users/odon/Desktop/intro_to_iris_recognition/Week 1/NDCVRL_002 Dataset/raw/nd1S05853/Left/1113258.tiff,nd1S05853,L,3/8/12
1113259,/Users/odon/Desktop/intro_to_iris_recognition/Week 1/NDCVRL_002 Dataset/raw/nd1S05853/Left/1113259.tiff,nd1S05853,L,3/8/12
1113264,/Users/odon/Desktop/intro_to_iris_recognition/Week 1/NDCVRL_002 Dataset/raw/nd1S05853/Left/1113264.tiff,nd1S05853,L,3/8/12
1130328,/Users/odon/Desktop/intro_to_iris_recognition/Week 1/NDCVRL_002 Dataset/raw/nd1S05853/Left/1130328.tiff,nd1S05853,L,3/28/12
1131001,/Users/odon/Desktop/intro_to_iris_recognition/Week 1/NDCVRL_002 Dataset/raw/nd1S05853/Left/1131001.tiff,nd1S05853,L,3/28/12
1131002,/Users/odon/Desktop/intro_to_iris_recognition/Week 1/NDCVRL_002 Dataset/raw/nd1S05853/Left/1131002.tiff,nd1S05853,L,3/28/12
1131765,/Users/odon/Desktop/intro_to_iris_recognition/Week 1/NDCVRL_002 Dataset/raw/nd1S05853/Left/1131765.tiff,nd1S05853,L,3/28/12
1131768,/Users/odon/Desktop/intro_to_iris_recognition/Week 1/NDCVRL_002 Dataset/raw/nd1S05853/Left/1131768.tiff,nd1S05853,L,3/28/12
1091864,/Users/odon/Desktop/intro_to_iris_recognition/Week 1/NDCVRL_002 Dataset/raw/nd1S05853/Right/1091864.tiff,nd1S05853,R,2/23/12
1112424,/Users/odon/Desktop/intro_to_iris_recognition/Week 1/NDCVRL_002 Dataset/raw/nd1S05853/Right/1112424.tiff,nd1S05853,R,3/8/12
1113260,/Users/odon/Desktop/intro_to_iris_recognition/Week 1/NDCVRL_002 Dataset/raw/nd1S05853/Right/1113260.tiff,nd1S05853,R,3/8/12
1113262,/Users/odon/Desktop/intro_to_iris_recognition/Week 1/NDCVRL_002 Dataset/raw/nd1S05853/Right/1113262.tiff,nd1S05853,R,3/8/12
1113263,/Users/odon/Desktop/intro_to_iris_recognition/Week 1/NDCVRL_002 Dataset/raw/nd1S05853/Right/1113263.tiff,nd1S05853,R,3/8/12
1113271,/Users/odon/Desktop/intro_to_iris_recognition/Week 1/NDCVRL_002 Dataset/raw/nd1S05853/Right/1113271.tiff,nd1S05853,R,3/8/12
1130332,/Users/odon/Desktop/intro_to_iris_recognition/Week 1/NDCVRL_002 Dataset/raw/nd1S05853/Right/1130332.tiff,nd1S05853,R,3/28/12
1131776,/Users/odon/Desktop/intro_to_iris_recognition/Week 1/NDCVRL_002 Dataset/raw/nd1S05853/Right/1131776.tiff,nd1S05853,R,3/28/12
417382,/Users/odon/Desktop/intro_to_iris_recognition/Week 1/NDCVRL_002 Dataset/raw/nd1S05854/Right/417382.tiff,nd1S05854,R,3/4/09
555932,/Users/odon/Desktop/intro_to_iris_recognition/Week 1/NDCVRL_002 Dataset/raw/nd1S05854/Right/555932.tiff,nd1S05854,R,2/9/10
555941,/Users/odon/Desktop/intro_to_iris_recognition/Week 1/NDCVRL_002 Dataset/raw/nd1S05854/Right/555941.tiff,nd1S05854,R,2/9/10
579343,/Users/odon/Desktop/intro_to_iris_recognition/Week 1/NDCVRL_002 Dataset/raw/nd1S05854/Right/579343.tiff,nd1S05854,R,2/24/10
582813,/Users/odon/Desktop/intro_to_iris_recognition/Week 1/NDCVRL_002 Dataset/raw/nd1S05854/Right/582813.tiff,nd1S05854,R,2/24/10
611665,/Users/odon/Desktop/intro_to_iris_recognition/Week 1/NDCVRL_002 Dataset/raw/nd1S05854/Right/611665.tiff,nd1S05854,R,4/27/10
1126602,/Users/odon/Desktop/intro_to_iris_recognition/Week 1/NDCVRL_002 Dataset/raw/nd1S05856/Left/1126602.tiff,nd1S05856,L,3/27/12
1128226,/Users/odon/Desktop/intro_to_iris_recognition/Week 1/NDCVRL_002 Dataset/raw/nd1S05856/Left/1128226.tiff,nd1S05856,L,3/27/12
1129397,/Users/odon/Desktop/intro_to_iris_recognition/Week 1/NDCVRL_002 Dataset/raw/nd1S05856/Left/1129397.tiff,nd1S05856,L,3/27/12
1129398,/Users/odon/Desktop/intro_to_iris_recognition/Week 1/NDCVRL_002 Dataset/raw/nd1S05856/Left/1129398.tiff,nd1S05856,L,3/27/12
1129409,/Users/odon/Desktop/intro_to_iris_recognition/Week 1/NDCVRL_002 Dataset/raw/nd1S05856/Left/1129409.tiff,nd1S05856,L,3/27/12
1087347,/Users/odon/Desktop/intro_to_iris_recognition/Week 1/NDCVRL_002 Dataset/raw/nd1S05856/Right/1087347.tiff,nd1S05856,R,2/22/12
1126605,/Users/odon/Desktop/intro_to_iris_recognition/Week 1/NDCVRL_002 Dataset/raw/nd1S05856/Right/1126605.tiff,nd1S05856,R,3/27/12
387109,/Users/odon/Desktop/intro_to_iris_recognition/Week 1/NDCVRL_002 Dataset/raw/nd1S05856/Right/387109.tiff,nd1S05856,R,2/4/09
519732,/Users/odon/Desktop/intro_to_iris_recognition/Week 1/NDCVRL_002 Dataset/raw/nd1S05856/Right/519732.tiff,nd1S05856,R,12/2/09
529890,/Users/odon/Desktop/intro_to_iris_recognition/Week 1/NDCVRL_002 Dataset/raw/nd1S05856/Right/529890.tiff,nd1S05856,R,11/4/09
541557,/Users/odon/Desktop/intro_to_iris_recognition/Week 1/NDCVRL_002 Dataset/raw/nd1S05856/Right/541557.tiff,nd1S05856,R,1/28/10
585856,/Users/odon/Desktop/intro_to_iris_recognition/Week 1/NDCVRL_002 Dataset/raw/nd1S05856/Right/585856.tiff,nd1S05856,R,2/25/10
591509,/Users/odon/Desktop/intro_to_iris_recognition/Week 1/NDCVRL_002 Dataset/raw/nd1S05856/Right/591509.tiff,nd1S05856,R,3/18/10
591514,/Users/odon/Desktop/intro_to_iris_recognition/Week 1/NDCVRL_002 Dataset/raw/nd1S05856/Right/591514.tiff,nd1S05856,R,3/18/10
600803,/Users/odon/Desktop/intro_to_iris_recognition/Week 1/NDCVRL_002 Dataset/raw/nd1S05856/Right/600803.tiff,nd1S05856,R,4/13/10
701291,/Users/odon/Desktop/intro_to_iris_recognition/Week 1/NDCVRL_002 Dataset/raw/nd1S05856/Right/701291.tiff,nd1S05856,R,11/30/10
707499,/Users/odon/Desktop/intro_to_iris_recognition/Week 1/NDCVRL_002 Dataset/raw/nd1S05856/Right/707499.tiff,nd1S05856,R,1/26/11
707501,/Users/odon/Desktop/intro_to_iris_recognition/Week 1/NDCVRL_002 Dataset/raw/nd1S05856/Right/707501.tiff,nd1S05856,R,1/26/11
756609,/Users/odon/Desktop/intro_to_iris_recognition/Week 1/NDCVRL_002 Dataset/raw/nd1S05856/Right/756609.tiff,nd1S05856,R,2/22/11
757327,/Users/odon/Desktop/intro_to_iris_recognition/Week 1/NDCVRL_002 Dataset/raw/nd1S05856/Right/757327.tiff,nd1S05856,R,2/22/11
799506,/Users/odon/Desktop/intro_to_iris_recognition/Week 1/NDCVRL_002 Dataset/raw/nd1S05856/Right/799506.tiff,nd1S05856,R,3/8/11
862492,/Users/odon/Desktop/intro_to_iris_recognition/Week 1/NDCVRL_002 Dataset/raw/nd1S05856/Right/862492.tiff,nd1S05856,R,4/12/11
866015,/Users/odon/Desktop/intro_to_iris_recognition/Week 1/NDCVRL_002 Dataset/raw/nd1S05856/Right/866015.tiff,nd1S05856,R,4/12/11
962816,/Users/odon/Desktop/intro_to_iris_recognition/Week 1/NDCVRL_002 Dataset/raw/nd1S05856/Right/962816.tiff,nd1S05856,R,9/27/11
1109146,/Users/odon/Desktop/intro_to_iris_recognition/Week 1/NDCVRL_002 Dataset/raw/nd1S05857/Left/1109146.tiff,nd1S05857,L,3/8/12
1109155,/Users/odon/Desktop/intro_to_iris_recognition/Week 1/NDCVRL_002 Dataset/raw/nd1S05857/Left/1109155.tiff,nd1S05857,L,3/8/12
1111147,/Users/odon/Desktop/intro_to_iris_recognition/Week 1/NDCVRL_002 Dataset/raw/nd1S05857/Left/1111147.tiff,nd1S05857,L,3/8/12
1111161,/Users/odon/Desktop/intro_to_iris_recognition/Week 1/NDCVRL_002 Dataset/raw/nd1S05857/Left/1111161.tiff,nd1S05857,L,3/8/12
1111749,/Users/odon/Desktop/intro_to_iris_recognition/Week 1/NDCVRL_002 Dataset/raw/nd1S05857/Left/1111749.tiff,nd1S05857,L,3/8/12
1111751,/Users/odon/Desktop/intro_to_iris_recognition/Week 1/NDCVRL_002 Dataset/raw/nd1S05857/Left/1111751.tiff,nd1S05857,L,3/8/12
1111753,/Users/odon/Desktop/intro_to_iris_recognition/Week 1/NDCVRL_002 Dataset/raw/nd1S05857/Left/1111753.tiff,nd1S05857,L,3/8/12
1112282,/Users/odon/Desktop/intro_to_iris_recognition/Week 1/NDCVRL_002 Dataset/raw/nd1S05857/Left/1112282.tiff,nd1S05857,L,3/8/12
1112283,/Users/odon/Desktop/intro_to_iris_recognition/Week 1/NDCVRL_002 Dataset/raw/nd1S05857/Left/1112283.tiff,nd1S05857,L,3/8/12
1112284,/Users/odon/Desktop/intro_to_iris_recognition/Week 1/NDCVRL_002 Dataset/raw/nd1S05857/Left/1112284.tiff,nd1S05857,L,3/8/12
1112285,/Users/odon/Desktop/intro_to_iris_recognition/Week 1/NDCVRL_002 Dataset/raw/nd1S05857/Left/1112285.tiff,nd1S05857,L,3/8/12
1112286,/Users/odon/Desktop/intro_to_iris_recognition/Week 1/NDCVRL_002 Dataset/raw/nd1S05857/Left/1112286.tiff,nd1S05857,L,3/8/12
1112287,/Users/odon/Desktop/intro_to_iris_recognition/Week 1/NDCVRL_002 Dataset/raw/nd1S05857/Left/1112287.tiff,nd1S05857,L,3/8/12
1126291,/Users/odon/Desktop/intro_to_iris_recognition/Week 1/NDCVRL_002 Dataset/raw/nd1S05857/Left/1126291.tiff,nd1S05857,L,3/27/12
1126922,/Users/odon/Desktop/intro_to_iris_recognition/Week 1/NDCVRL_002 Dataset/raw/nd1S05857/Left/1126922.tiff,nd1S05857,L,3/27/12
1126926,/Users/odon/Desktop/intro_to_iris_recognition/Week 1/NDCVRL_002 Dataset/raw/nd1S05857/Left/1126926.tiff,nd1S05857,L,3/27/12
1127747,/Users/odon/Desktop/intro_to_iris_recognition/Week 1/NDCVRL_002 Dataset/raw/nd1S05857/Left/1127747.tiff,nd1S05857,L,3/27/12
1127749,/Users/odon/Desktop/intro_to_iris_recognition/Week 1/NDCVRL_002 Dataset/raw/nd1S05857/Left/1127749.tiff,nd1S05857,L,3/27/12
1128629,/Users/odon/Desktop/intro_to_iris_recognition/Week 1/NDCVRL_002 Dataset/raw/nd1S05857/Left/1128629.tiff,nd1S05857,L,3/27/12
1128639,/Users/odon/Desktop/intro_to_iris_recognition/Week 1/NDCVRL_002 Dataset/raw/nd1S05857/Left/1128639.tiff,nd1S05857,L,3/27/12
1128640,/Users/odon/Desktop/intro_to_iris_recognition/Week 1/NDCVRL_002 Dataset/raw/nd1S05857/Left/1128640.tiff,nd1S05857,L,3/27/12
1128641,/Users/odon/Desktop/intro_to_iris_recognition/Week 1/NDCVRL_002 Dataset/raw/nd1S05857/Left/1128641.tiff,nd1S05857,L,3/27/12
1128642,/Users/odon/Desktop/intro_to_iris_recognition/Week 1/NDCVRL_002 Dataset/raw/nd1S05857/Left/1128642.tiff,nd1S05857,L,3/27/12
1009791,/Users/odon/Desktop/intro_to_iris_recognition/Week 1/NDCVRL_002 Dataset/raw/nd1S05857/Right/1009791.tiff,nd1S05857,R,10/26/11
1013300,/Users/odon/Desktop/intro_to_iris_recognition/Week 1/NDCVRL_002 Dataset/raw/nd1S05857/Right/1013300.tiff,nd1S05857,R,10/26/11
1013310,/Users/odon/Desktop/intro_to_iris_recognition/Week 1/NDCVRL_002 Dataset/raw/nd1S05857/Right/1013310.tiff,nd1S05857,R,10/26/11
1013315,/Users/odon/Desktop/intro_to_iris_recognition/Week 1/NDCVRL_002 Dataset/raw/nd1S05857/Right/1013315.tiff,nd1S05857,R,10/26/11
1015531,/Users/odon/Desktop/intro_to_iris_recognition/Week 1/NDCVRL_002 Dataset/raw/nd1S05857/Right/1015531.tiff,nd1S05857,R,10/26/11
1035463,/Users/odon/Desktop/intro_to_iris_recognition/Week 1/NDCVRL_002 Dataset/raw/nd1S05857/Right/1035463.tiff,nd1S05857,R,11/9/11
1038273,/Users/odon/Desktop/intro_to_iris_recognition/Week 1/NDCVRL_002 Dataset/raw/nd1S05857/Right/1038273.tiff,nd1S05857,R,11/9/11
1039956,/Users/odon/Desktop/intro_to_iris_recognition/Week 1/NDCVRL_002 Dataset/raw/nd1S05857/Right/1039956.tiff,nd1S05857,R,11/9/11
1063489,/Users/odon/Desktop/intro_to_iris_recognition/Week 1/NDCVRL_002 Dataset/raw/nd1S05857/Right/1063489.tiff,nd1S05857,R,2/9/12
1065113,/Users/odon/Desktop/intro_to_iris_recognition/Week 1/NDCVRL_002 Dataset/raw/nd1S05857/Right/1065113.tiff,nd1S05857,R,2/9/12
1066947,/Users/odon/Desktop/intro_to_iris_recognition/Week 1/NDCVRL_002 Dataset/raw/nd1S05857/Right/1066947.tiff,nd1S05857,R,2/9/12
1082443,/Users/odon/Desktop/intro_to_iris_recognition/Week 1/NDCVRL_002 Dataset/raw/nd1S05857/Right/1082443.tiff,nd1S05857,R,2/21/12
1109173,/Users/odon/Desktop/intro_to_iris_recognition/Week 1/NDCVRL_002 Dataset/raw/nd1S05857/Right/1109173.tiff,nd1S05857,R,3/8/12
1111159,/Users/odon/Desktop/intro_to_iris_recognition/Week 1/NDCVRL_002 Dataset/raw/nd1S05857/Right/1111159.tiff,nd1S05857,R,3/8/12
1111171,/Users/odon/Desktop/intro_to_iris_recognition/Week 1/NDCVRL_002 Dataset/raw/nd1S05857/Right/1111171.tiff,nd1S05857,R,3/8/12
1127758,/Users/odon/Desktop/intro_to_iris_recognition/Week 1/NDCVRL_002 Dataset/raw/nd1S05857/Right/1127758.tiff,nd1S05857,R,3/27/12
1128637,/Users/odon/Desktop/intro_to_iris_recognition/Week 1/NDCVRL_002 Dataset/raw/nd1S05857/Right/1128637.tiff,nd1S05857,R,3/27/12
1128650,/Users/odon/Desktop/intro_to_iris_recognition/Week 1/NDCVRL_002 Dataset/raw/nd1S05857/Right/1128650.tiff,nd1S05857,R,3/27/12
407619,/Users/odon/Desktop/intro_to_iris_recognition/Week 1/NDCVRL_002 Dataset/raw/nd1S05857/Right/407619.tiff,nd1S05857,R,2/19/09
415502,/Users/odon/Desktop/intro_to_iris_recognition/Week 1/NDCVRL_002 Dataset/raw/nd1S05857/Right/415502.tiff,nd1S05857,R,3/4/09
415504,/Users/odon/Desktop/intro_to_iris_recognition/Week 1/NDCVRL_002 Dataset/raw/nd1S05857/Right/415504.tiff,nd1S05857,R,3/4/09
415506,/Users/odon/Desktop/intro_to_iris_recognition/Week 1/NDCVRL_002 Dataset/raw/nd1S05857/Right/415506.tiff,nd1S05857,R,3/4/09
436187,/Users/odon/Desktop/intro_to_iris_recognition/Week 1/NDCVRL_002 Dataset/raw/nd1S05857/Right/436187.tiff,nd1S05857,R,3/26/09
436191,/Users/odon/Desktop/intro_to_iris_recognition/Week 1/NDCVRL_002 Dataset/raw/nd1S05857/Right/436191.tiff,nd1S05857,R,3/26/09
529315,/Users/odon/Desktop/intro_to_iris_recognition/Week 1/NDCVRL_002 Dataset/raw/nd1S05857/Right/529315.tiff,nd1S05857,R,11/4/09
529319,/Users/odon/Desktop/intro_to_iris_recognition/Week 1/NDCVRL_002 Dataset/raw/nd1S05857/Right/529319.tiff,nd1S05857,R,11/4/09
537187,/Users/odon/Desktop/intro_to_iris_recognition/Week 1/NDCVRL_002 Dataset/raw/nd1S05857/Right/537187.tiff,nd1S05857,R,1/27/10
558354,/Users/odon/Desktop/intro_to_iris_recognition/Week 1/NDCVRL_002 Dataset/raw/nd1S05857/Right/558354.tiff,nd1S05857,R,2/10/10
602003,/Users/odon/Desktop/intro_to_iris_recognition/Week 1/NDCVRL_002 Dataset/raw/nd1S05857/Right/602003.tiff,nd1S05857,R,4/15/10
674833,/Users/odon/Desktop/intro_to_iris_recognition/Week 1/NDCVRL_002 Dataset/raw/nd1S05857/Right/674833.tiff,nd1S05857,R,10/26/10
674838,/Users/odon/Desktop/intro_to_iris_recognition/Week 1/NDCVRL_002 Dataset/raw/nd1S05857/Right/674838.tiff,nd1S05857,R,10/26/10
722377,/Users/odon/Desktop/intro_to_iris_recognition/Week 1/NDCVRL_002 Dataset/raw/nd1S05857/Right/722377.tiff,nd1S05857,R,2/8/11
727105,/Users/odon/Desktop/intro_to_iris_recognition/Week 1/NDCVRL_002 Dataset/raw/nd1S05857/Right/727105.tiff,nd1S05857,R,2/8/11
758408,/Users/odon/Desktop/intro_to_iris_recognition/Week 1/NDCVRL_002 Dataset/raw/nd1S05857/Right/758408.tiff,nd1S05857,R,2/23/11
762190,/Users/odon/Desktop/intro_to_iris_recognition/Week 1/NDCVRL_002 Dataset/raw/nd1S05857/Right/762190.tiff,nd1S05857,R,2/23/11
762201,/Users/odon/Desktop/intro_to_iris_recognition/Week 1/NDCVRL_002 Dataset/raw/nd1S05857/Right/762201.tiff,nd1S05857,R,2/23/11
821504,/Users/odon/Desktop/intro_to_iris_recognition/Week 1/NDCVRL_002 Dataset/raw/nd1S05857/Right/821504.tiff,nd1S05857,R,3/22/11
861799,/Users/odon/Desktop/intro_to_iris_recognition/Week 1/NDCVRL_002 Dataset/raw/nd1S05857/Right/861799.tiff,nd1S05857,R,4/12/11
936214,/Users/odon/Desktop/intro_to_iris_recognition/Week 1/NDCVRL_002 Dataset/raw/nd1S05857/Right/936214.tiff,nd1S05857,R,9/14/11
938984,/Users/odon/Desktop/intro_to_iris_recognition/Week 1/NDCVRL_002 Dataset/raw/nd1S05857/Right/938984.tiff,nd1S05857,R,9/14/11
988263,/Users/odon/Desktop/intro_to_iris_recognition/Week 1/NDCVRL_002 Dataset/raw/nd1S05857/Right/988263.tiff,nd1S05857,R,10/12/11
991408,/Users/odon/Desktop/intro_to_iris_recognition/Week 1/NDCVRL_002 Dataset/raw/nd1S05857/Right/991408.tiff,nd1S05857,R,10/12/11
991423,/Users/odon/Desktop/intro_to_iris_recognition/Week 1/NDCVRL_002 Dataset/raw/nd1S05857/Right/991423.tiff,nd1S05857,R,10/12/11
993415,/Users/odon/Desktop/intro_to_iris_recognition/Week 1/NDCVRL_002 Dataset/raw/nd1S05857/Right/993415.tiff,nd1S05857,R,10/12/11
1113667,/Users/odon/Desktop/intro_to_iris_recognition/Week 1/NDCVRL_002 Dataset/raw/nd1S05863/Left/1113667.tiff,nd1S05863,L,3/8/12
1133863,/Users/odon/Desktop/intro_to_iris_recognition/Week 1/NDCVRL_002 Dataset/raw/nd1S05863/Left/1133863.tiff,nd1S05863,L,3/29/12
388142,/Users/odon/Desktop/intro_to_iris_recognition/Week 1/NDCVRL_002 Dataset/raw/nd1S05863/Left/388142.tiff,nd1S05863,L,2/4/09
388143,/Users/odon/Desktop/intro_to_iris_recognition/Week 1/NDCVRL_002 Dataset/raw/nd1S05863/Left/388143.tiff,nd1S05863,L,2/4/09
388144,/Users/odon/Desktop/intro_to_iris_recognition/Week 1/NDCVRL_002 Dataset/raw/nd1S05863/Left/388144.tiff,nd1S05863,L,2/4/09
388150,/Users/odon/Desktop/intro_to_iris_recognition/Week 1/NDCVRL_002 Dataset/raw/nd1S05863/Left/388150.tiff,nd1S05863,L,2/4/09
441936,/Users/odon/Desktop/intro_to_iris_recognition/Week 1/NDCVRL_002 Dataset/raw/nd1S05863/Left/441936.tiff,nd1S05863,L,4/21/09
441939,/Users/odon/Desktop/intro_to_iris_recognition/Week 1/NDCVRL_002 Dataset/raw/nd1S05863/Left/441939.tiff,nd1S05863,L,4/21/09
443555,/Users/odon/Desktop/intro_to_iris_recognition/Week 1/NDCVRL_002 Dataset/raw/nd1S05863/Left/443555.tiff,nd1S05863,L,4/21/09
608035,/Users/odon/Desktop/intro_to_iris_recognition/Week 1/NDCVRL_002 Dataset/raw/nd1S05863/Left/608035.tiff,nd1S05863,L,4/15/10
608036,/Users/odon/Desktop/intro_to_iris_recognition/Week 1/NDCVRL_002 Dataset/raw/nd1S05863/Left/608036.tiff,nd1S05863,L,4/15/10
608038,/Users/odon/Desktop/intro_to_iris_recognition/Week 1/NDCVRL_002 Dataset/raw/nd1S05863/Left/608038.tiff,nd1S05863,L,4/15/10
608039,/Users/odon/Desktop/intro_to_iris_recognition/Week 1/NDCVRL_002 Dataset/raw/nd1S05863/Left/608039.tiff,nd1S05863,L,4/15/10
608040,/Users/odon/Desktop/intro_to_iris_recognition/Week 1/NDCVRL_002 Dataset/raw/nd1S05863/Left/608040.tiff,nd1S05863,L,4/15/10
608041,/Users/odon/Desktop/intro_to_iris_recognition/Week 1/NDCVRL_002 Dataset/raw/nd1S05863/Left/608041.tiff,nd1S05863,L,4/15/10
608042,/Users/odon/Desktop/intro_to_iris_recognition/Week 1/NDCVRL_002 Dataset/raw/nd1S05863/Left/608042.tiff,nd1S05863,L,4/15/10
609981,/Users/odon/Desktop/intro_to_iris_recognition/Week 1/NDCVRL_002 Dataset/raw/nd1S05863/Left/609981.tiff,nd1S05863,L,4/28/10
615305,/Users/odon/Desktop/intro_to_iris_recognition/Week 1/NDCVRL_002 Dataset/raw/nd1S05863/Left/615305.tiff,nd1S05863,L,4/28/10
615307,/Users/odon/Desktop/intro_to_iris_recognition/Week 1/NDCVRL_002 Dataset/raw/nd1S05863/Left/615307.tiff,nd1S05863,L,4/28/10
615309,/Users/odon/Desktop/intro_to_iris_recognition/Week 1/NDCVRL_002 Dataset/raw/nd1S05863/Left/615309.tiff,nd1S05863,L,4/28/10
615310,/Users/odon/Desktop/intro_to_iris_recognition/Week 1/NDCVRL_002 Dataset/raw/nd1S05863/Left/615310.tiff,nd1S05863,L,4/28/10
615311,/Users/odon/Desktop/intro_to_iris_recognition/Week 1/NDCVRL_002 Dataset/raw/nd1S05863/Left/615311.tiff,nd1S05863,L,4/28/10
682361,/Users/odon/Desktop/intro_to_iris_recognition/Week 1/NDCVRL_002 Dataset/raw/nd1S05863/Left/682361.tiff,nd1S05863,L,11/9/10
682363,/Users/odon/Desktop/intro_to_iris_recognition/Week 1/NDCVRL_002 Dataset/raw/nd1S05863/Left/682363.tiff,nd1S05863,L,11/9/10
682365,/Users/odon/Desktop/intro_to_iris_recognition/Week 1/NDCVRL_002 Dataset/raw/nd1S05863/Left/682365.tiff,nd1S05863,L,11/9/10
693776,/Users/odon/Desktop/intro_to_iris_recognition/Week 1/NDCVRL_002 Dataset/raw/nd1S05863/Left/693776.tiff,nd1S05863,L,11/30/10
693778,/Users/odon/Desktop/intro_to_iris_recognition/Week 1/NDCVRL_002 Dataset/raw/nd1S05863/Left/693778.tiff,nd1S05863,L,11/30/10
693782,/Users/odon/Desktop/intro_to_iris_recognition/Week 1/NDCVRL_002 Dataset/raw/nd1S05863/Left/693782.tiff,nd1S05863,L,11/30/10
693788,/Users/odon/Desktop/intro_to_iris_recognition/Week 1/NDCVRL_002 Dataset/raw/nd1S05863/Left/693788.tiff,nd1S05863,L,11/30/10
700970,/Users/odon/Desktop/intro_to_iris_recognition/Week 1/NDCVRL_002 Dataset/raw/nd1S05863/Left/700970.tiff,nd1S05863,L,11/30/10
860409,/Users/odon/Desktop/intro_to_iris_recognition/Week 1/NDCVRL_002 Dataset/raw/nd1S05863/Left/860409.tiff,nd1S05863,L,4/13/11
860412,/Users/odon/Desktop/intro_to_iris_recognition/Week 1/NDCVRL_002 Dataset/raw/nd1S05863/Left/860412.tiff,nd1S05863,L,4/13/11
860413,/Users/odon/Desktop/intro_to_iris_recognition/Week 1/NDCVRL_002 Dataset/raw/nd1S05863/Left/860413.tiff,nd1S05863,L,4/13/11
860422,/Users/odon/Desktop/intro_to_iris_recognition/Week 1/NDCVRL_002 Dataset/raw/nd1S05863/Left/860422.tiff,nd1S05863,L,4/13/11
863501,/Users/odon/Desktop/intro_to_iris_recognition/Week 1/NDCVRL_002 Dataset/raw/nd1S05863/Left/863501.tiff,nd1S05863,L,4/13/11
864142,/Users/odon/Desktop/intro_to_iris_recognition/Week 1/NDCVRL_002 Dataset/raw/nd1S05863/Left/864142.tiff,nd1S05863,L,4/13/11
864146,/Users/odon/Desktop/intro_to_iris_recognition/Week 1/NDCVRL_002 Dataset/raw/nd1S05863/Left/864146.tiff,nd1S05863,L,4/13/11
867209,/Users/odon/Desktop/intro_to_iris_recognition/Week 1/NDCVRL_002 Dataset/raw/nd1S05863/Left/867209.tiff,nd1S05863,L,4/13/11
903509,/Users/odon/Desktop/intro_to_iris_recognition/Week 1/NDCVRL_002 Dataset/raw/nd1S05863/Left/903509.tiff,nd1S05863,L,4/27/11
903512,/Users/odon/Desktop/intro_to_iris_recognition/Week 1/NDCVRL_002 Dataset/raw/nd1S05863/Left/903512.tiff,nd1S05863,L,4/27/11
1063302,/Users/odon/Desktop/intro_to_iris_recognition/Week 1/NDCVRL_002 Dataset/raw/nd1S05868/Left/1063302.tiff,nd1S05868,L,2/9/12
405792,/Users/odon/Desktop/intro_to_iris_recognition/Week 1/NDCVRL_002 Dataset/raw/nd1S05868/Left/405792.tiff,nd1S05868,L,2/19/09
405794,/Users/odon/Desktop/intro_to_iris_recognition/Week 1/NDCVRL_002 Dataset/raw/nd1S05868/Left/405794.tiff,nd1S05868,L,2/19/09
405795,/Users/odon/Desktop/intro_to_iris_recognition/Week 1/NDCVRL_002 Dataset/raw/nd1S05868/Left/405795.tiff,nd1S05868,L,2/19/09
405796,/Users/odon/Desktop/intro_to_iris_recognition/Week 1/NDCVRL_002 Dataset/raw/nd1S05868/Left/405796.tiff,nd1S05868,L,2/19/09
405797,/Users/odon/Desktop/intro_to_iris_recognition/Week 1/NDCVRL_002 Dataset/raw/nd1S05868/Left/405797.tiff,nd1S05868,L,2/19/09
405802,/Users/odon/Desktop/intro_to_iris_recognition/Week 1/NDCVRL_002 Dataset/raw/nd1S05868/Left/405802.tiff,nd1S05868,L,2/19/09
437029,/Users/odon/Desktop/intro_to_iris_recognition/Week 1/NDCVRL_002 Dataset/raw/nd1S05868/Left/437029.tiff,nd1S05868,L,3/26/09
446569,/Users/odon/Desktop/intro_to_iris_recognition/Week 1/NDCVRL_002 Dataset/raw/nd1S05868/Left/446569.tiff,nd1S05868,L,4/22/09
446573,/Users/odon/Desktop/intro_to_iris_recognition/Week 1/NDCVRL_002 Dataset/raw/nd1S05868/Left/446573.tiff,nd1S05868,L,4/22/09
530166,/Users/odon/Desktop/intro_to_iris_recognition/Week 1/NDCVRL_002 Dataset/raw/nd1S05868/Left/530166.tiff,nd1S05868,L,11/4/09
590022,/Users/odon/Desktop/intro_to_iris_recognition/Week 1/NDCVRL_002 Dataset/raw/nd1S05868/Left/590022.tiff,nd1S05868,L,3/17/10
614838,/Users/odon/Desktop/intro_to_iris_recognition/Week 1/NDCVRL_002 Dataset/raw/nd1S05868/Left/614838.tiff,nd1S05868,L,4/28/10
694150,/Users/odon/Desktop/intro_to_iris_recognition/Week 1/NDCVRL_002 Dataset/raw/nd1S05868/Left/694150.tiff,nd1S05868,L,11/30/10
701086,/Users/odon/Desktop/intro_to_iris_recognition/Week 1/NDCVRL_002 Dataset/raw/nd1S05868/Left/701086.tiff,nd1S05868,L,11/30/10
707592,/Users/odon/Desktop/intro_to_iris_recognition/Week 1/NDCVRL_002 Dataset/raw/nd1S05868/Left/707592.tiff,nd1S05868,L,1/26/11
707595,/Users/odon/Desktop/intro_to_iris_recognition/Week 1/NDCVRL_002 Dataset/raw/nd1S05868/Left/707595.tiff,nd1S05868,L,1/26/11
707597,/Users/odon/Desktop/intro_to_iris_recognition/Week 1/NDCVRL_002 Dataset/raw/nd1S05868/Left/707597.tiff,nd1S05868,L,1/26/11
722610,/Users/odon/Desktop/intro_to_iris_recognition/Week 1/NDCVRL_002 Dataset/raw/nd1S05868/Left/722610.tiff,nd1S05868,L,2/8/11
758117,/Users/odon/Desktop/intro_to_iris_recognition/Week 1/NDCVRL_002 Dataset/raw/nd1S05868/Left/758117.tiff,nd1S05868,L,2/23/11
763264,/Users/odon/Desktop/intro_to_iris_recognition/Week 1/NDCVRL_002 Dataset/raw/nd1S05868/Left/763264.tiff,nd1S05868,L,2/23/11
763273,/Users/odon/Desktop/intro_to_iris_recognition/Week 1/NDCVRL_002 Dataset/raw/nd1S05868/Left/763273.tiff,nd1S05868,L,2/23/11
788898,/Users/odon/Desktop/intro_to_iris_recognition/Week 1/NDCVRL_002 Dataset/raw/nd1S05868/Left/788898.tiff,nd1S05868,L,3/8/11
793028,/Users/odon/Desktop/intro_to_iris_recognition/Week 1/NDCVRL_002 Dataset/raw/nd1S05868/Left/793028.tiff,nd1S05868,L,3/8/11
799137,/Users/odon/Desktop/intro_to_iris_recognition/Week 1/NDCVRL_002 Dataset/raw/nd1S05868/Left/799137.tiff,nd1S05868,L,3/8/11
824156,/Users/odon/Desktop/intro_to_iris_recognition/Week 1/NDCVRL_002 Dataset/raw/nd1S05868/Left/824156.tiff,nd1S05868,L,3/24/11
824961,/Users/odon/Desktop/intro_to_iris_recognition/Week 1/NDCVRL_002 Dataset/raw/nd1S05868/Left/824961.tiff,nd1S05868,L,3/24/11
873225,/Users/odon/Desktop/intro_to_iris_recognition/Week 1/NDCVRL_002 Dataset/raw/nd1S05868/Left/873225.tiff,nd1S05868,L,4/14/11
873930,/Users/odon/Desktop/intro_to_iris_recognition/Week 1/NDCVRL_002 Dataset/raw/nd1S05868/Left/873930.tiff,nd1S05868,L,4/14/11
390988,/Users/odon/Desktop/intro_to_iris_recognition/Week 1/NDCVRL_002 Dataset/raw/nd1S05870/Left/390988.tiff,nd1S05870,L,2/5/09
390989,/Users/odon/Desktop/intro_to_iris_recognition/Week 1/NDCVRL_002 Dataset/raw/nd1S05870/Left/390989.tiff,nd1S05870,L,2/5/09
390990,/Users/odon/Desktop/intro_to_iris_recognition/Week 1/NDCVRL_002 Dataset/raw/nd1S05870/Left/390990.tiff,nd1S05870,L,2/5/09
390994,/Users/odon/Desktop/intro_to_iris_recognition/Week 1/NDCVRL_002 Dataset/raw/nd1S05870/Left/390994.tiff,nd1S05870,L,2/5/09
393301,/Users/odon/Desktop/intro_to_iris_recognition/Week 1/NDCVRL_002 Dataset/raw/nd1S05870/Left/393301.tiff,nd1S05870,L,2/5/09
436368,/Users/odon/Desktop/intro_to_iris_recognition/Week 1/NDCVRL_002 Dataset/raw/nd1S05870/Left/436368.tiff,nd1S05870,L,3/26/09
436375,/Users/odon/Desktop/intro_to_iris_recognition/Week 1/NDCVRL_002 Dataset/raw/nd1S05870/Left/436375.tiff,nd1S05870,L,3/26/09
436378,/Users/odon/Desktop/intro_to_iris_recognition/Week 1/NDCVRL_002 Dataset/raw/nd1S05870/Left/436378.tiff,nd1S05870,L,3/26/09
450345,/Users/odon/Desktop/intro_to_iris_recognition/Week 1/NDCVRL_002 Dataset/raw/nd1S05870/Left/450345.tiff,nd1S05870,L,4/23/09
450346,/Users/odon/Desktop/intro_to_iris_recognition/Week 1/NDCVRL_002 Dataset/raw/nd1S05870/Left/450346.tiff,nd1S05870,L,4/23/09
450348,/Users/odon/Desktop/intro_to_iris_recognition/Week 1/NDCVRL_002 Dataset/raw/nd1S05870/Left/450348.tiff,nd1S05870,L,4/23/09
450349,/Users/odon/Desktop/intro_to_iris_recognition/Week 1/NDCVRL_002 Dataset/raw/nd1S05870/Left/450349.tiff,nd1S05870,L,4/23/09
512119,/Users/odon/Desktop/intro_to_iris_recognition/Week 1/NDCVRL_002 Dataset/raw/nd1S05870/Left/512119.tiff,nd1S05870,L,11/17/09
515266,/Users/odon/Desktop/intro_to_iris_recognition/Week 1/NDCVRL_002 Dataset/raw/nd1S05870/Left/515266.tiff,nd1S05870,L,11/17/09
1065896,/Users/odon/Desktop/intro_to_iris_recognition/Week 1/NDCVRL_002 Dataset/raw/nd1S05871/Left/1065896.tiff,nd1S05871,L,2/9/12
1066925,/Users/odon/Desktop/intro_to_iris_recognition/Week 1/NDCVRL_002 Dataset/raw/nd1S05871/Left/1066925.tiff,nd1S05871,L,2/9/12
1086243,/Users/odon/Desktop/intro_to_iris_recognition/Week 1/NDCVRL_002 Dataset/raw/nd1S05871/Left/1086243.tiff,nd1S05871,L,2/22/12
1086252,/Users/odon/Desktop/intro_to_iris_recognition/Week 1/NDCVRL_002 Dataset/raw/nd1S05871/Left/1086252.tiff,nd1S05871,L,2/22/12
1086882,/Users/odon/Desktop/intro_to_iris_recognition/Week 1/NDCVRL_002 Dataset/raw/nd1S05871/Left/1086882.tiff,nd1S05871,L,2/22/12
1087352,/Users/odon/Desktop/intro_to_iris_recognition/Week 1/NDCVRL_002 Dataset/raw/nd1S05871/Left/1087352.tiff,nd1S05871,L,2/22/12
1088072,/Users/odon/Desktop/intro_to_iris_recognition/Week 1/NDCVRL_002 Dataset/raw/nd1S05871/Left/1088072.tiff,nd1S05871,L,2/22/12
1107799,/Users/odon/Desktop/intro_to_iris_recognition/Week 1/NDCVRL_002 Dataset/raw/nd1S05871/Left/1107799.tiff,nd1S05871,L,3/7/12
1107806,/Users/odon/Desktop/intro_to_iris_recognition/Week 1/NDCVRL_002 Dataset/raw/nd1S05871/Left/1107806.tiff,nd1S05871,L,3/7/12
1107807,/Users/odon/Desktop/intro_to_iris_recognition/Week 1/NDCVRL_002 Dataset/raw/nd1S05871/Left/1107807.tiff,nd1S05871,L,3/7/12
1108938,/Users/odon/Desktop/intro_to_iris_recognition/Week 1/NDCVRL_002 Dataset/raw/nd1S05871/Left/1108938.tiff,nd1S05871,L,3/7/12
1109574,/Users/odon/Desktop/intro_to_iris_recognition/Week 1/NDCVRL_002 Dataset/raw/nd1S05871/Left/1109574.tiff,nd1S05871,L,3/7/12
1065897,/Users/odon/Desktop/intro_to_iris_recognition/Week 1/NDCVRL_002 Dataset/raw/nd1S05871/Right/1065897.tiff,nd1S05871,R,2/9/12
1066933,/Users/odon/Desktop/intro_to_iris_recognition/Week 1/NDCVRL_002 Dataset/raw/nd1S05871/Right/1066933.tiff,nd1S05871,R,2/9/12
1086246,/Users/odon/Desktop/intro_to_iris_recognition/Week 1/NDCVRL_002 Dataset/raw/nd1S05871/Right/1086246.tiff,nd1S05871,R,2/22/12
1086254,/Users/odon/Desktop/intro_to_iris_recognition/Week 1/NDCVRL_002 Dataset/raw/nd1S05871/Right/1086254.tiff,nd1S05871,R,2/22/12
1087353,/Users/odon/Desktop/intro_to_iris_recognition/Week 1/NDCVRL_002 Dataset/raw/nd1S05871/Right/1087353.tiff,nd1S05871,R,2/22/12
1107793,/Users/odon/Desktop/intro_to_iris_recognition/Week 1/NDCVRL_002 Dataset/raw/nd1S05871/Right/1107793.tiff,nd1S05871,R,3/7/12
1107805,/Users/odon/Desktop/intro_to_iris_recognition/Week 1/NDCVRL_002 Dataset/raw/nd1S05871/Right/1107805.tiff,nd1S05871,R,3/7/12
1108942,/Users/odon/Desktop/intro_to_iris_recognition/Week 1/NDCVRL_002 Dataset/raw/nd1S05871/Right/1108942.tiff,nd1S05871,R,3/7/12
1109575,/Users/odon/Desktop/intro_to_iris_recognition/Week 1/NDCVRL_002 Dataset/raw/nd1S05871/Right/1109575.tiff,nd1S05871,R,3/7/12
1110433,/Users/odon/Desktop/intro_to_iris_recognition/Week 1/NDCVRL_002 Dataset/raw/nd1S05871/Right/1110433.tiff,nd1S05871,R,3/7/12
1103730,/Users/odon/Desktop/intro_to_iris_recognition/Week 1/NDCVRL_002 Dataset/raw/nd1S05880/Left/1103730.tiff,nd1S05880,L,3/6/12
1103738,/Users/odon/Desktop/intro_to_iris_recognition/Week 1/NDCVRL_002 Dataset/raw/nd1S05880/Left/1103738.tiff,nd1S05880,L,3/6/12
1104749,/Users/odon/Desktop/intro_to_iris_recognition/Week 1/NDCVRL_002 Dataset/raw/nd1S05880/Left/1104749.tiff,nd1S05880,L,3/6/12
1128852,/Users/odon/Desktop/intro_to_iris_recognition/Week 1/NDCVRL_002 Dataset/raw/nd1S05880/Left/1128852.tiff,nd1S05880,L,3/27/12
1128861,/Users/odon/Desktop/intro_to_iris_recognition/Week 1/NDCVRL_002 Dataset/raw/nd1S05880/Left/1128861.tiff,nd1S05880,L,3/27/12
437320,/Users/odon/Desktop/intro_to_iris_recognition/Week 1/NDCVRL_002 Dataset/raw/nd1S05880/Left/437320.tiff,nd1S05880,L,3/26/09
437321,/Users/odon/Desktop/intro_to_iris_recognition/Week 1/NDCVRL_002 Dataset/raw/nd1S05880/Left/437321.tiff,nd1S05880,L,3/26/09
514143,/Users/odon/Desktop/intro_to_iris_recognition/Week 1/NDCVRL_002 Dataset/raw/nd1S05880/Left/514143.tiff,nd1S05880,L,11/17/09
522710,/Users/odon/Desktop/intro_to_iris_recognition/Week 1/NDCVRL_002 Dataset/raw/nd1S05880/Left/522710.tiff,nd1S05880,L,12/3/09
522711,/Users/odon/Desktop/intro_to_iris_recognition/Week 1/NDCVRL_002 Dataset/raw/nd1S05880/Left/522711.tiff,nd1S05880,L,12/3/09
522712,/Users/odon/Desktop/intro_to_iris_recognition/Week 1/NDCVRL_002 Dataset/raw/nd1S05880/Left/522712.tiff,nd1S05880,L,12/3/09
704455,/Users/odon/Desktop/intro_to_iris_recognition/Week 1/NDCVRL_002 Dataset/raw/nd1S05880/Left/704455.tiff,nd1S05880,L,1/25/11
725930,/Users/odon/Desktop/intro_to_iris_recognition/Week 1/NDCVRL_002 Dataset/raw/nd1S05880/Left/725930.tiff,nd1S05880,L,2/10/11
725933,/Users/odon/Desktop/intro_to_iris_recognition/Week 1/NDCVRL_002 Dataset/raw/nd1S05880/Left/725933.tiff,nd1S05880,L,2/10/11
901237,/Users/odon/Desktop/intro_to_iris_recognition/Week 1/NDCVRL_002 Dataset/raw/nd1S05880/Left/901237.tiff,nd1S05880,L,4/26/11
938093,/Users/odon/Desktop/intro_to_iris_recognition/Week 1/NDCVRL_002 Dataset/raw/nd1S05880/Left/938093.tiff,nd1S05880,L,9/14/11
1089627,/Users/odon/Desktop/intro_to_iris_recognition/Week 1/NDCVRL_002 Dataset/raw/nd1S05880/Right/1089627.tiff,nd1S05880,R,2/23/12
1090356,/Users/odon/Desktop/intro_to_iris_recognition/Week 1/NDCVRL_002 Dataset/raw/nd1S05880/Right/1090356.tiff,nd1S05880,R,2/23/12
1091172,/Users/odon/Desktop/intro_to_iris_recognition/Week 1/NDCVRL_002 Dataset/raw/nd1S05880/Right/1091172.tiff,nd1S05880,R,2/23/12
1104750,/Users/odon/Desktop/intro_to_iris_recognition/Week 1/NDCVRL_002 Dataset/raw/nd1S05880/Right/1104750.tiff,nd1S05880,R,3/6/12
1105418,/Users/odon/Desktop/intro_to_iris_recognition/Week 1/NDCVRL_002 Dataset/raw/nd1S05880/Right/1105418.tiff,nd1S05880,R,3/6/12
1106439,/Users/odon/Desktop/intro_to_iris_recognition/Week 1/NDCVRL_002 Dataset/raw/nd1S05880/Right/1106439.tiff,nd1S05880,R,3/6/12
1127893,/Users/odon/Desktop/intro_to_iris_recognition/Week 1/NDCVRL_002 Dataset/raw/nd1S05880/Right/1127893.tiff,nd1S05880,R,3/27/12
1128853,/Users/odon/Desktop/intro_to_iris_recognition/Week 1/NDCVRL_002 Dataset/raw/nd1S05880/Right/1128853.tiff,nd1S05880,R,3/27/12
1128865,/Users/odon/Desktop/intro_to_iris_recognition/Week 1/NDCVRL_002 Dataset/raw/nd1S05880/Right/1128865.tiff,nd1S05880,R,3/27/12
1128866,/Users/odon/Desktop/intro_to_iris_recognition/Week 1/NDCVRL_002 Dataset/raw/nd1S05880/Right/1128866.tiff,nd1S05880,R,3/27/12
1040317,/Users/odon/Desktop/intro_to_iris_recognition/Week 1/NDCVRL_002 Dataset/raw/nd1S05881/Left/1040317.tiff,nd1S05881,L,11/9/11
1090433,/Users/odon/Desktop/intro_to_iris_recognition/Week 1/NDCVRL_002 Dataset/raw/nd1S05881/Left/1090433.tiff,nd1S05881,L,2/23/12
1109472,/Users/odon/Desktop/intro_to_iris_recognition/Week 1/NDCVRL_002 Dataset/raw/nd1S05881/Left/1109472.tiff,nd1S05881,L,3/7/12
392821,/Users/odon/Desktop/intro_to_iris_recognition/Week 1/NDCVRL_002 Dataset/raw/nd1S05881/Left/392821.tiff,nd1S05881,L,2/5/09
392823,/Users/odon/Desktop/intro_to_iris_recognition/Week 1/NDCVRL_002 Dataset/raw/nd1S05881/Left/392823.tiff,nd1S05881,L,2/5/09
393701,/Users/odon/Desktop/intro_to_iris_recognition/Week 1/NDCVRL_002 Dataset/raw/nd1S05881/Left/393701.tiff,nd1S05881,L,2/5/09
445460,/Users/odon/Desktop/intro_to_iris_recognition/Week 1/NDCVRL_002 Dataset/raw/nd1S05881/Left/445460.tiff,nd1S05881,L,4/22/09
512662,/Users/odon/Desktop/intro_to_iris_recognition/Week 1/NDCVRL_002 Dataset/raw/nd1S05881/Left/512662.tiff,nd1S05881,L,11/18/09
524381,/Users/odon/Desktop/intro_to_iris_recognition/Week 1/NDCVRL_002 Dataset/raw/nd1S05881/Left/524381.tiff,nd1S05881,L,12/3/09
530490,/Users/odon/Desktop/intro_to_iris_recognition/Week 1/NDCVRL_002 Dataset/raw/nd1S05881/Left/530490.tiff,nd1S05881,L,11/4/09
556304,/Users/odon/Desktop/intro_to_iris_recognition/Week 1/NDCVRL_002 Dataset/raw/nd1S05881/Left/556304.tiff,nd1S05881,L,2/9/10
592027,/Users/odon/Desktop/intro_to_iris_recognition/Week 1/NDCVRL_002 Dataset/raw/nd1S05881/Left/592027.tiff,nd1S05881,L,3/18/10
607570,/Users/odon/Desktop/intro_to_iris_recognition/Week 1/NDCVRL_002 Dataset/raw/nd1S05881/Left/607570.tiff,nd1S05881,L,4/15/10
607572,/Users/odon/Desktop/intro_to_iris_recognition/Week 1/NDCVRL_002 Dataset/raw/nd1S05881/Left/607572.tiff,nd1S05881,L,4/15/10
615625,/Users/odon/Desktop/intro_to_iris_recognition/Week 1/NDCVRL_002 Dataset/raw/nd1S05881/Left/615625.tiff,nd1S05881,L,4/29/10
676900,/Users/odon/Desktop/intro_to_iris_recognition/Week 1/NDCVRL_002 Dataset/raw/nd1S05881/Left/676900.tiff,nd1S05881,L,10/28/10
695996,/Users/odon/Desktop/intro_to_iris_recognition/Week 1/NDCVRL_002 Dataset/raw/nd1S05881/Left/695996.tiff,nd1S05881,L,12/1/10
701654,/Users/odon/Desktop/intro_to_iris_recognition/Week 1/NDCVRL_002 Dataset/raw/nd1S05881/Left/701654.tiff,nd1S05881,L,12/1/10
710740,/Users/odon/Desktop/intro_to_iris_recognition/Week 1/NDCVRL_002 Dataset/raw/nd1S05881/Left/710740.tiff,nd1S05881,L,1/27/11
710746,/Users/odon/Desktop/intro_to_iris_recognition/Week 1/NDCVRL_002 Dataset/raw/nd1S05881/Left/710746.tiff,nd1S05881,L,1/27/11
710747,/Users/odon/Desktop/intro_to_iris_recognition/Week 1/NDCVRL_002 Dataset/raw/nd1S05881/Left/710747.tiff,nd1S05881,L,1/27/11
710750,/Users/odon/Desktop/intro_to_iris_recognition/Week 1/NDCVRL_002 Dataset/raw/nd1S05881/Left/710750.tiff,nd1S05881,L,1/27/11
764878,/Users/odon/Desktop/intro_to_iris_recognition/Week 1/NDCVRL_002 Dataset/raw/nd1S05881/Left/764878.tiff,nd1S05881,L,2/24/11
765351,/Users/odon/Desktop/intro_to_iris_recognition/Week 1/NDCVRL_002 Dataset/raw/nd1S05881/Left/765351.tiff,nd1S05881,L,2/24/11
796310,/Users/odon/Desktop/intro_to_iris_recognition/Week 1/NDCVRL_002 Dataset/raw/nd1S05881/Left/796310.tiff,nd1S05881,L,3/10/11
817120,/Users/odon/Desktop/intro_to_iris_recognition/Week 1/NDCVRL_002 Dataset/raw/nd1S05881/Left/817120.tiff,nd1S05881,L,3/10/11
823330,/Users/odon/Desktop/intro_to_iris_recognition/Week 1/NDCVRL_002 Dataset/raw/nd1S05881/Left/823330.tiff,nd1S05881,L,3/23/11
823952,/Users/odon/Desktop/intro_to_iris_recognition/Week 1/NDCVRL_002 Dataset/raw/nd1S05881/Left/823952.tiff,nd1S05881,L,3/23/11
826993,/Users/odon/Desktop/intro_to_iris_recognition/Week 1/NDCVRL_002 Dataset/raw/nd1S05881/Left/826993.tiff,nd1S05881,L,3/23/11
828677,/Users/odon/Desktop/intro_to_iris_recognition/Week 1/NDCVRL_002 Dataset/raw/nd1S05881/Left/828677.tiff,nd1S05881,L,3/23/11
932095,/Users/odon/Desktop/intro_to_iris_recognition/Week 1/NDCVRL_002 Dataset/raw/nd1S05881/Left/932095.tiff,nd1S05881,L,7/15/11
933168,/Users/odon/Desktop/intro_to_iris_recognition/Week 1/NDCVRL_002 Dataset/raw/nd1S05881/Left/933168.tiff,nd1S05881,L,7/18/11
934409,/Users/odon/Desktop/intro_to_iris_recognition/Week 1/NDCVRL_002 Dataset/raw/nd1S05881/Left/934409.tiff,nd1S05881,L,7/25/11
968073,/Users/odon/Desktop/intro_to_iris_recognition/Week 1/NDCVRL_002 Dataset/raw/nd1S05881/Left/968073.tiff,nd1S05881,L,9/28/11
968074,/Users/odon/Desktop/intro_to_iris_recognition/Week 1/NDCVRL_002 Dataset/raw/nd1S05881/Left/968074.tiff,nd1S05881,L,9/28/11
968075,/Users/odon/Desktop/intro_to_iris_recognition/Week 1/NDCVRL_002 Dataset/raw/nd1S05881/Left/968075.tiff,nd1S05881,L,9/28/11
995636,/Users/odon/Desktop/intro_to_iris_recognition/Week 1/NDCVRL_002 Dataset/raw/nd1S05881/Left/995636.tiff,nd1S05881,L,10/13/11
995637,/Users/odon/Desktop/intro_to_iris_recognition/Week 1/NDCVRL_002 Dataset/raw/nd1S05881/Left/995637.tiff,nd1S05881,L,10/13/11
996815,/Users/odon/Desktop/intro_to_iris_recognition/Week 1/NDCVRL_002 Dataset/raw/nd1S05881/Left/996815.tiff,nd1S05881,L,10/13/11
1039860,/Users/odon/Desktop/intro_to_iris_recognition/Week 1/NDCVRL_002 Dataset/raw/nd1S05881/Right/1039860.tiff,nd1S05881,R,11/9/11
1040318,/Users/odon/Desktop/intro_to_iris_recognition/Week 1/NDCVRL_002 Dataset/raw/nd1S05881/Right/1040318.tiff,nd1S05881,R,11/9/11
1089334,/Users/odon/Desktop/intro_to_iris_recognition/Week 1/NDCVRL_002 Dataset/raw/nd1S05881/Right/1089334.tiff,nd1S05881,R,2/23/12
1089704,/Users/odon/Desktop/intro_to_iris_recognition/Week 1/NDCVRL_002 Dataset/raw/nd1S05881/Right/1089704.tiff,nd1S05881,R,2/23/12
1090434,/Users/odon/Desktop/intro_to_iris_recognition/Week 1/NDCVRL_002 Dataset/raw/nd1S05881/Right/1090434.tiff,nd1S05881,R,2/23/12
1107469,/Users/odon/Desktop/intro_to_iris_recognition/Week 1/NDCVRL_002 Dataset/raw/nd1S05881/Right/1107469.tiff,nd1S05881,R,3/7/12
1108812,/Users/odon/Desktop/intro_to_iris_recognition/Week 1/NDCVRL_002 Dataset/raw/nd1S05881/Right/1108812.tiff,nd1S05881,R,3/7/12
392834,/Users/odon/Desktop/intro_to_iris_recognition/Week 1/NDCVRL_002 Dataset/raw/nd1S05881/Right/392834.tiff,nd1S05881,R,2/5/09
392840,/Users/odon/Desktop/intro_to_iris_recognition/Week 1/NDCVRL_002 Dataset/raw/nd1S05881/Right/392840.tiff,nd1S05881,R,2/5/09
392844,/Users/odon/Desktop/intro_to_iris_recognition/Week 1/NDCVRL_002 Dataset/raw/nd1S05881/Right/392844.tiff,nd1S05881,R,2/5/09
393702,/Users/odon/Desktop/intro_to_iris_recognition/Week 1/NDCVRL_002 Dataset/raw/nd1S05881/Right/393702.tiff,nd1S05881,R,2/5/09
512668,/Users/odon/Desktop/intro_to_iris_recognition/Week 1/NDCVRL_002 Dataset/raw/nd1S05881/Right/512668.tiff,nd1S05881,R,11/18/09
516402,/Users/odon/Desktop/intro_to_iris_recognition/Week 1/NDCVRL_002 Dataset/raw/nd1S05881/Right/516402.tiff,nd1S05881,R,11/18/09
524384,/Users/odon/Desktop/intro_to_iris_recognition/Week 1/NDCVRL_002 Dataset/raw/nd1S05881/Right/524384.tiff,nd1S05881,R,12/3/09
530494,/Users/odon/Desktop/intro_to_iris_recognition/Week 1/NDCVRL_002 Dataset/raw/nd1S05881/Right/530494.tiff,nd1S05881,R,11/4/09
553930,/Users/odon/Desktop/intro_to_iris_recognition/Week 1/NDCVRL_002 Dataset/raw/nd1S05881/Right/553930.tiff,nd1S05881,R,2/9/10
587010,/Users/odon/Desktop/intro_to_iris_recognition/Week 1/NDCVRL_002 Dataset/raw/nd1S05881/Right/587010.tiff,nd1S05881,R,3/18/10
592033,/Users/odon/Desktop/intro_to_iris_recognition/Week 1/NDCVRL_002 Dataset/raw/nd1S05881/Right/592033.tiff,nd1S05881,R,3/18/10
592039,/Users/odon/Desktop/intro_to_iris_recognition/Week 1/NDCVRL_002 Dataset/raw/nd1S05881/Right/592039.tiff,nd1S05881,R,3/18/10
676906,/Users/odon/Desktop/intro_to_iris_recognition/Week 1/NDCVRL_002 Dataset/raw/nd1S05881/Right/676906.tiff,nd1S05881,R,10/28/10
695988,/Users/odon/Desktop/intro_to_iris_recognition/Week 1/NDCVRL_002 Dataset/raw/nd1S05881/Right/695988.tiff,nd1S05881,R,12/1/10
695998,/Users/odon/Desktop/intro_to_iris_recognition/Week 1/NDCVRL_002 Dataset/raw/nd1S05881/Right/695998.tiff,nd1S05881,R,12/1/10
701655,/Users/odon/Desktop/intro_to_iris_recognition/Week 1/NDCVRL_002 Dataset/raw/nd1S05881/Right/701655.tiff,nd1S05881,R,12/1/10
710752,/Users/odon/Desktop/intro_to_iris_recognition/Week 1/NDCVRL_002 Dataset/raw/nd1S05881/Right/710752.tiff,nd1S05881,R,1/27/11
710753,/Users/odon/Desktop/intro_to_iris_recognition/Week 1/NDCVRL_002 Dataset/raw/nd1S05881/Right/710753.tiff,nd1S05881,R,1/27/11
710755,/Users/odon/Desktop/intro_to_iris_recognition/Week 1/NDCVRL_002 Dataset/raw/nd1S05881/Right/710755.tiff,nd1S05881,R,1/27/11
765353,/Users/odon/Desktop/intro_to_iris_recognition/Week 1/NDCVRL_002 Dataset/raw/nd1S05881/Right/765353.tiff,nd1S05881,R,2/24/11
765389,/Users/odon/Desktop/intro_to_iris_recognition/Week 1/NDCVRL_002 Dataset/raw/nd1S05881/Right/765389.tiff,nd1S05881,R,2/24/11
768628,/Users/odon/Desktop/intro_to_iris_recognition/Week 1/NDCVRL_002 Dataset/raw/nd1S05881/Right/768628.tiff,nd1S05881,R,2/24/11
796307,/Users/odon/Desktop/intro_to_iris_recognition/Week 1/NDCVRL_002 Dataset/raw/nd1S05881/Right/796307.tiff,nd1S05881,R,3/10/11
796312,/Users/odon/Desktop/intro_to_iris_recognition/Week 1/NDCVRL_002 Dataset/raw/nd1S05881/Right/796312.tiff,nd1S05881,R,3/10/11
796896,/Users/odon/Desktop/intro_to_iris_recognition/Week 1/NDCVRL_002 Dataset/raw/nd1S05881/Right/796896.tiff,nd1S05881,R,3/10/11
817484,/Users/odon/Desktop/intro_to_iris_recognition/Week 1/NDCVRL_002 Dataset/raw/nd1S05881/Right/817484.tiff,nd1S05881,R,3/10/11
870726,/Users/odon/Desktop/intro_to_iris_recognition/Week 1/NDCVRL_002 Dataset/raw/nd1S05881/Right/870726.tiff,nd1S05881,R,4/14/11
906919,/Users/odon/Desktop/intro_to_iris_recognition/Week 1/NDCVRL_002 Dataset/raw/nd1S05881/Right/906919.tiff,nd1S05881,R,4/27/11
968085,/Users/odon/Desktop/intro_to_iris_recognition/Week 1/NDCVRL_002 Dataset/raw/nd1S05881/Right/968085.tiff,nd1S05881,R,9/28/11
996369,/Users/odon/Desktop/intro_to_iris_recognition/Week 1/NDCVRL_002 Dataset/raw/nd1S05881/Right/996369.tiff,nd1S05881,R,10/13/11
396744,/Users/odon/Desktop/intro_to_iris_recognition/Week 1/NDCVRL_002 Dataset/raw/nd1S05884/Left/396744.tiff,nd1S05884,L,2/17/09
396755,/Users/odon/Desktop/intro_to_iris_recognition/Week 1/NDCVRL_002 Dataset/raw/nd1S05884/Left/396755.tiff,nd1S05884,L,2/17/09
398978,/Users/odon/Desktop/intro_to_iris_recognition/Week 1/NDCVRL_002 Dataset/raw/nd1S05884/Left/398978.tiff,nd1S05884,L,2/17/09
411844,/Users/odon/Desktop/intro_to_iris_recognition/Week 1/NDCVRL_002 Dataset/raw/nd1S05884/Left/411844.tiff,nd1S05884,L,3/3/09
428259,/Users/odon/Desktop/intro_to_iris_recognition/Week 1/NDCVRL_002 Dataset/raw/nd1S05884/Left/428259.tiff,nd1S05884,L,3/24/09
428264,/Users/odon/Desktop/intro_to_iris_recognition/Week 1/NDCVRL_002 Dataset/raw/nd1S05884/Left/428264.tiff,nd1S05884,L,3/24/09
451468,/Users/odon/Desktop/intro_to_iris_recognition/Week 1/NDCVRL_002 Dataset/raw/nd1S05884/Left/451468.tiff,nd1S05884,L,4/23/09
511373,/Users/odon/Desktop/intro_to_iris_recognition/Week 1/NDCVRL_002 Dataset/raw/nd1S05884/Left/511373.tiff,nd1S05884,L,11/17/09
513632,/Users/odon/Desktop/intro_to_iris_recognition/Week 1/NDCVRL_002 Dataset/raw/nd1S05884/Left/513632.tiff,nd1S05884,L,11/17/09
540468,/Users/odon/Desktop/intro_to_iris_recognition/Week 1/NDCVRL_002 Dataset/raw/nd1S05884/Left/540468.tiff,nd1S05884,L,1/27/10
554259,/Users/odon/Desktop/intro_to_iris_recognition/Week 1/NDCVRL_002 Dataset/raw/nd1S05884/Left/554259.tiff,nd1S05884,L,2/10/10
603290,/Users/odon/Desktop/intro_to_iris_recognition/Week 1/NDCVRL_002 Dataset/raw/nd1S05884/Left/603290.tiff,nd1S05884,L,4/13/10
603292,/Users/odon/Desktop/intro_to_iris_recognition/Week 1/NDCVRL_002 Dataset/raw/nd1S05884/Left/603292.tiff,nd1S05884,L,4/13/10
1014981,/Users/odon/Desktop/intro_to_iris_recognition/Week 1/NDCVRL_002 Dataset/raw/nd1S05889/Left/1014981.tiff,nd1S05889,L,10/27/11
1017025,/Users/odon/Desktop/intro_to_iris_recognition/Week 1/NDCVRL_002 Dataset/raw/nd1S05889/Left/1017025.tiff,nd1S05889,L,10/27/11
1017036,/Users/odon/Desktop/intro_to_iris_recognition/Week 1/NDCVRL_002 Dataset/raw/nd1S05889/Left/1017036.tiff,nd1S05889,L,10/27/11
1020225,/Users/odon/Desktop/intro_to_iris_recognition/Week 1/NDCVRL_002 Dataset/raw/nd1S05889/Left/1020225.tiff,nd1S05889,L,10/27/11
1039554,/Users/odon/Desktop/intro_to_iris_recognition/Week 1/NDCVRL_002 Dataset/raw/nd1S05889/Left/1039554.tiff,nd1S05889,L,11/10/11
1041270,/Users/odon/Desktop/intro_to_iris_recognition/Week 1/NDCVRL_002 Dataset/raw/nd1S05889/Left/1041270.tiff,nd1S05889,L,11/10/11
1041279,/Users/odon/Desktop/intro_to_iris_recognition/Week 1/NDCVRL_002 Dataset/raw/nd1S05889/Left/1041279.tiff,nd1S05889,L,11/10/11
1042092,/Users/odon/Desktop/intro_to_iris_recognition/Week 1/NDCVRL_002 Dataset/raw/nd1S05889/Left/1042092.tiff,nd1S05889,L,11/10/11
1062873,/Users/odon/Desktop/intro_to_iris_recognition/Week 1/NDCVRL_002 Dataset/raw/nd1S05889/Left/1062873.tiff,nd1S05889,L,2/9/12
1062883,/Users/odon/Desktop/intro_to_iris_recognition/Week 1/NDCVRL_002 Dataset/raw/nd1S05889/Left/1062883.tiff,nd1S05889,L,2/9/12
1111241,/Users/odon/Desktop/intro_to_iris_recognition/Week 1/NDCVRL_002 Dataset/raw/nd1S05889/Left/1111241.tiff,nd1S05889,L,3/8/12
1112371,/Users/odon/Desktop/intro_to_iris_recognition/Week 1/NDCVRL_002 Dataset/raw/nd1S05889/Left/1112371.tiff,nd1S05889,L,3/8/12
1113163,/Users/odon/Desktop/intro_to_iris_recognition/Week 1/NDCVRL_002 Dataset/raw/nd1S05889/Left/1113163.tiff,nd1S05889,L,3/8/12
1113168,/Users/odon/Desktop/intro_to_iris_recognition/Week 1/NDCVRL_002 Dataset/raw/nd1S05889/Left/1113168.tiff,nd1S05889,L,3/8/12
1113182,/Users/odon/Desktop/intro_to_iris_recognition/Week 1/NDCVRL_002 Dataset/raw/nd1S05889/Left/1113182.tiff,nd1S05889,L,3/8/12
1133470,/Users/odon/Desktop/intro_to_iris_recognition/Week 1/NDCVRL_002 Dataset/raw/nd1S05889/Left/1133470.tiff,nd1S05889,L,3/29/12
1134020,/Users/odon/Desktop/intro_to_iris_recognition/Week 1/NDCVRL_002 Dataset/raw/nd1S05889/Left/1134020.tiff,nd1S05889,L,3/29/12
1134533,/Users/odon/Desktop/intro_to_iris_recognition/Week 1/NDCVRL_002 Dataset/raw/nd1S05889/Left/1134533.tiff,nd1S05889,L,3/29/12
1135287,/Users/odon/Desktop/intro_to_iris_recognition/Week 1/NDCVRL_002 Dataset/raw/nd1S05889/Left/1135287.tiff,nd1S05889,L,3/29/12
1135288,/Users/odon/Desktop/intro_to_iris_recognition/Week 1/NDCVRL_002 Dataset/raw/nd1S05889/Left/1135288.tiff,nd1S05889,L,3/29/12
1135296,/Users/odon/Desktop/intro_to_iris_recognition/Week 1/NDCVRL_002 Dataset/raw/nd1S05889/Left/1135296.tiff,nd1S05889,L,3/29/12
1135299,/Users/odon/Desktop/intro_to_iris_recognition/Week 1/NDCVRL_002 Dataset/raw/nd1S05889/Left/1135299.tiff,nd1S05889,L,3/29/12
398339,/Users/odon/Desktop/intro_to_iris_recognition/Week 1/NDCVRL_002 Dataset/raw/nd1S05889/Left/398339.tiff,nd1S05889,L,2/17/09
421661,/Users/odon/Desktop/intro_to_iris_recognition/Week 1/NDCVRL_002 Dataset/raw/nd1S05889/Left/421661.tiff,nd1S05889,L,3/5/09
422722,/Users/odon/Desktop/intro_to_iris_recognition/Week 1/NDCVRL_002 Dataset/raw/nd1S05889/Left/422722.tiff,nd1S05889,L,3/5/09
429227,/Users/odon/Desktop/intro_to_iris_recognition/Week 1/NDCVRL_002 Dataset/raw/nd1S05889/Left/429227.tiff,nd1S05889,L,3/24/09
696626,/Users/odon/Desktop/intro_to_iris_recognition/Week 1/NDCVRL_002 Dataset/raw/nd1S05889/Left/696626.tiff,nd1S05889,L,12/2/10
696628,/Users/odon/Desktop/intro_to_iris_recognition/Week 1/NDCVRL_002 Dataset/raw/nd1S05889/Left/696628.tiff,nd1S05889,L,12/2/10
708900,/Users/odon/Desktop/intro_to_iris_recognition/Week 1/NDCVRL_002 Dataset/raw/nd1S05889/Left/708900.tiff,nd1S05889,L,1/27/11
724452,/Users/odon/Desktop/intro_to_iris_recognition/Week 1/NDCVRL_002 Dataset/raw/nd1S05889/Left/724452.tiff,nd1S05889,L,2/9/11
728774,/Users/odon/Desktop/intro_to_iris_recognition/Week 1/NDCVRL_002 Dataset/raw/nd1S05889/Left/728774.tiff,nd1S05889,L,2/9/11
732523,/Users/odon/Desktop/intro_to_iris_recognition/Week 1/NDCVRL_002 Dataset/raw/nd1S05889/Left/732523.tiff,nd1S05889,L,2/9/11
791798,/Users/odon/Desktop/intro_to_iris_recognition/Week 1/NDCVRL_002 Dataset/raw/nd1S05889/Left/791798.tiff,nd1S05889,L,3/9/11
791810,/Users/odon/Desktop/intro_to_iris_recognition/Week 1/NDCVRL_002 Dataset/raw/nd1S05889/Left/791810.tiff,nd1S05889,L,3/9/11
822921,/Users/odon/Desktop/intro_to_iris_recognition/Week 1/NDCVRL_002 Dataset/raw/nd1S05889/Left/822921.tiff,nd1S05889,L,3/24/11
827909,/Users/odon/Desktop/intro_to_iris_recognition/Week 1/NDCVRL_002 Dataset/raw/nd1S05889/Left/827909.tiff,nd1S05889,L,3/24/11
868791,/Users/odon/Desktop/intro_to_iris_recognition/Week 1/NDCVRL_002 Dataset/raw/nd1S05889/Left/868791.tiff,nd1S05889,L,4/14/11
871050,/Users/odon/Desktop/intro_to_iris_recognition/Week 1/NDCVRL_002 Dataset/raw/nd1S05889/Left/871050.tiff,nd1S05889,L,4/14/11
969902,/Users/odon/Desktop/intro_to_iris_recognition/Week 1/NDCVRL_002 Dataset/raw/nd1S05889/Left/969902.tiff,nd1S05889,L,9/29/11
971177,/Users/odon/Desktop/intro_to_iris_recognition/Week 1/NDCVRL_002 Dataset/raw/nd1S05889/Left/971177.tiff,nd1S05889,L,9/29/11
1017028,/Users/odon/Desktop/intro_to_iris_recognition/Week 1/NDCVRL_002 Dataset/raw/nd1S05889/Right/1017028.tiff,nd1S05889,R,10/27/11
1064845,/Users/odon/Desktop/intro_to_iris_recognition/Week 1/NDCVRL_002 Dataset/raw/nd1S05889/Right/1064845.tiff,nd1S05889,R,2/9/12
1134536,/Users/odon/Desktop/intro_to_iris_recognition/Week 1/NDCVRL_002 Dataset/raw/nd1S05889/Right/1134536.tiff,nd1S05889,R,3/29/12
1135289,/Users/odon/Desktop/intro_to_iris_recognition/Week 1/NDCVRL_002 Dataset/raw/nd1S05889/Right/1135289.tiff,nd1S05889,R,3/29/12
1135295,/Users/odon/Desktop/intro_to_iris_recognition/Week 1/NDCVRL_002 Dataset/raw/nd1S05889/Right/1135295.tiff,nd1S05889,R,3/29/12
696632,/Users/odon/Desktop/intro_to_iris_recognition/Week 1/NDCVRL_002 Dataset/raw/nd1S05889/Right/696632.tiff,nd1S05889,R,12/2/10
708894,/Users/odon/Desktop/intro_to_iris_recognition/Week 1/NDCVRL_002 Dataset/raw/nd1S05889/Right/708894.tiff,nd1S05889,R,1/27/11
708905,/Users/odon/Desktop/intro_to_iris_recognition/Week 1/NDCVRL_002 Dataset/raw/nd1S05889/Right/708905.tiff,nd1S05889,R,1/27/11
754795,/Users/odon/Desktop/intro_to_iris_recognition/Week 1/NDCVRL_002 Dataset/raw/nd1S05889/Right/754795.tiff,nd1S05889,R,2/23/11
758078,/Users/odon/Desktop/intro_to_iris_recognition/Week 1/NDCVRL_002 Dataset/raw/nd1S05889/Right/758078.tiff,nd1S05889,R,2/23/11
800487,/Users/odon/Desktop/intro_to_iris_recognition/Week 1/NDCVRL_002 Dataset/raw/nd1S05889/Right/800487.tiff,nd1S05889,R,3/9/11
830249,/Users/odon/Desktop/intro_to_iris_recognition/Week 1/NDCVRL_002 Dataset/raw/nd1S05889/Right/830249.tiff,nd1S05889,R,3/24/11
868790,/Users/odon/Desktop/intro_to_iris_recognition/Week 1/NDCVRL_002 Dataset/raw/nd1S05889/Right/868790.tiff,nd1S05889,R,4/14/11
1034558,/Users/odon/Desktop/intro_to_iris_recognition/Week 1/NDCVRL_002 Dataset/raw/nd1S05932/Left/1034558.tiff,nd1S05932,L,11/8/11
1057844,/Users/odon/Desktop/intro_to_iris_recognition/Week 1/NDCVRL_002 Dataset/raw/nd1S05932/Left/1057844.tiff,nd1S05932,L,2/7/12
1057853,/Users/odon/Desktop/intro_to_iris_recognition/Week 1/NDCVRL_002 Dataset/raw/nd1S05932/Left/1057853.tiff,nd1S05932,L,2/7/12
1059094,/Users/odon/Desktop/intro_to_iris_recognition/Week 1/NDCVRL_002 Dataset/raw/nd1S05932/Left/1059094.tiff,nd1S05932,L,2/7/12
1111610,/Users/odon/Desktop/intro_to_iris_recognition/Week 1/NDCVRL_002 Dataset/raw/nd1S05932/Left/1111610.tiff,nd1S05932,L,3/8/12
415384,/Users/odon/Desktop/intro_to_iris_recognition/Week 1/NDCVRL_002 Dataset/raw/nd1S05932/Left/415384.tiff,nd1S05932,L,3/4/09
415386,/Users/odon/Desktop/intro_to_iris_recognition/Week 1/NDCVRL_002 Dataset/raw/nd1S05932/Left/415386.tiff,nd1S05932,L,3/4/09
415388,/Users/odon/Desktop/intro_to_iris_recognition/Week 1/NDCVRL_002 Dataset/raw/nd1S05932/Left/415388.tiff,nd1S05932,L,3/4/09
415396,/Users/odon/Desktop/intro_to_iris_recognition/Week 1/NDCVRL_002 Dataset/raw/nd1S05932/Left/415396.tiff,nd1S05932,L,3/4/09
415398,/Users/odon/Desktop/intro_to_iris_recognition/Week 1/NDCVRL_002 Dataset/raw/nd1S05932/Left/415398.tiff,nd1S05932,L,3/4/09
415403,/Users/odon/Desktop/intro_to_iris_recognition/Week 1/NDCVRL_002 Dataset/raw/nd1S05932/Left/415403.tiff,nd1S05932,L,3/4/09
415405,/Users/odon/Desktop/intro_to_iris_recognition/Week 1/NDCVRL_002 Dataset/raw/nd1S05932/Left/415405.tiff,nd1S05932,L,3/4/09
415409,/Users/odon/Desktop/intro_to_iris_recognition/Week 1/NDCVRL_002 Dataset/raw/nd1S05932/Left/415409.tiff,nd1S05932,L,3/4/09
417657,/Users/odon/Desktop/intro_to_iris_recognition/Week 1/NDCVRL_002 Dataset/raw/nd1S05932/Left/417657.tiff,nd1S05932,L,3/4/09
452274,/Users/odon/Desktop/intro_to_iris_recognition/Week 1/NDCVRL_002 Dataset/raw/nd1S05932/Left/452274.tiff,nd1S05932,L,4/23/09
452275,/Users/odon/Desktop/intro_to_iris_recognition/Week 1/NDCVRL_002 Dataset/raw/nd1S05932/Left/452275.tiff,nd1S05932,L,4/23/09
452276,/Users/odon/Desktop/intro_to_iris_recognition/Week 1/NDCVRL_002 Dataset/raw/nd1S05932/Left/452276.tiff,nd1S05932,L,4/23/09
452277,/Users/odon/Desktop/intro_to_iris_recognition/Week 1/NDCVRL_002 Dataset/raw/nd1S05932/Left/452277.tiff,nd1S05932,L,4/23/09
452284,/Users/odon/Desktop/intro_to_iris_recognition/Week 1/NDCVRL_002 Dataset/raw/nd1S05932/Left/452284.tiff,nd1S05932,L,4/23/09
452901,/Users/odon/Desktop/intro_to_iris_recognition/Week 1/NDCVRL_002 Dataset/raw/nd1S05932/Left/452901.tiff,nd1S05932,L,4/23/09
676916,/Users/odon/Desktop/intro_to_iris_recognition/Week 1/NDCVRL_002 Dataset/raw/nd1S05932/Left/676916.tiff,nd1S05932,L,10/28/10
676918,/Users/odon/Desktop/intro_to_iris_recognition/Week 1/NDCVRL_002 Dataset/raw/nd1S05932/Left/676918.tiff,nd1S05932,L,10/28/10
676920,/Users/odon/Desktop/intro_to_iris_recognition/Week 1/NDCVRL_002 Dataset/raw/nd1S05932/Left/676920.tiff,nd1S05932,L,10/28/10
683999,/Users/odon/Desktop/intro_to_iris_recognition/Week 1/NDCVRL_002 Dataset/raw/nd1S05932/Left/683999.tiff,nd1S05932,L,11/10/10
684005,/Users/odon/Desktop/intro_to_iris_recognition/Week 1/NDCVRL_002 Dataset/raw/nd1S05932/Left/684005.tiff,nd1S05932,L,11/10/10
694454,/Users/odon/Desktop/intro_to_iris_recognition/Week 1/NDCVRL_002 Dataset/raw/nd1S05932/Left/694454.tiff,nd1S05932,L,11/30/10
694458,/Users/odon/Desktop/intro_to_iris_recognition/Week 1/NDCVRL_002 Dataset/raw/nd1S05932/Left/694458.tiff,nd1S05932,L,11/30/10
701174,/Users/odon/Desktop/intro_to_iris_recognition/Week 1/NDCVRL_002 Dataset/raw/nd1S05932/Left/701174.tiff,nd1S05932,L,11/30/10
941470,/Users/odon/Desktop/intro_to_iris_recognition/Week 1/NDCVRL_002 Dataset/raw/nd1S05932/Left/941470.tiff,nd1S05932,L,9/13/11
941478,/Users/odon/Desktop/intro_to_iris_recognition/Week 1/NDCVRL_002 Dataset/raw/nd1S05932/Left/941478.tiff,nd1S05932,L,9/13/11
996238,/Users/odon/Desktop/intro_to_iris_recognition/Week 1/NDCVRL_002 Dataset/raw/nd1S05932/Left/996238.tiff,nd1S05932,L,10/13/11
996717,/Users/odon/Desktop/intro_to_iris_recognition/Week 1/NDCVRL_002 Dataset/raw/nd1S05932/Left/996717.tiff,nd1S05932,L,10/13/11
1085105,/Users/odon/Desktop/intro_to_iris_recognition/Week 1/NDCVRL_002 Dataset/raw/nd1S05953/Right/1085105.tiff,nd1S05953,R,2/21/12
1111501,/Users/odon/Desktop/intro_to_iris_recognition/Week 1/NDCVRL_002 Dataset/raw/nd1S05953/Right/1111501.tiff,nd1S05953,R,3/8/12
1112016,/Users/odon/Desktop/intro_to_iris_recognition/Week 1/NDCVRL_002 Dataset/raw/nd1S05953/Right/1112016.tiff,nd1S05953,R,3/8/12
1112820,/Users/odon/Desktop/intro_to_iris_recognition/Week 1/NDCVRL_002 Dataset/raw/nd1S05953/Right/1112820.tiff,nd1S05953,R,3/8/12
1113743,/Users/odon/Desktop/intro_to_iris_recognition/Week 1/NDCVRL_002 Dataset/raw/nd1S05953/Right/1113743.tiff,nd1S05953,R,3/8/12
1113754,/Users/odon/Desktop/intro_to_iris_recognition/Week 1/NDCVRL_002 Dataset/raw/nd1S05953/Right/1113754.tiff,nd1S05953,R,3/8/12
1113757,/Users/odon/Desktop/intro_to_iris_recognition/Week 1/NDCVRL_002 Dataset/raw/nd1S05953/Right/1113757.tiff,nd1S05953,R,3/8/12
1129971,/Users/odon/Desktop/intro_to_iris_recognition/Week 1/NDCVRL_002 Dataset/raw/nd1S05953/Right/1129971.tiff,nd1S05953,R,3/28/12
1129981,/Users/odon/Desktop/intro_to_iris_recognition/Week 1/NDCVRL_002 Dataset/raw/nd1S05953/Right/1129981.tiff,nd1S05953,R,3/28/12
1129982,/Users/odon/Desktop/intro_to_iris_recognition/Week 1/NDCVRL_002 Dataset/raw/nd1S05953/Right/1129982.tiff,nd1S05953,R,3/28/12
1130245,/Users/odon/Desktop/intro_to_iris_recognition/Week 1/NDCVRL_002 Dataset/raw/nd1S05953/Right/1130245.tiff,nd1S05953,R,3/28/12
1130937,/Users/odon/Desktop/intro_to_iris_recognition/Week 1/NDCVRL_002 Dataset/raw/nd1S05953/Right/1130937.tiff,nd1S05953,R,3/28/12
1090695,/Users/odon/Desktop/intro_to_iris_recognition/Week 1/NDCVRL_002 Dataset/raw/nd1S05954/Left/1090695.tiff,nd1S05954,L,2/23/12
1091834,/Users/odon/Desktop/intro_to_iris_recognition/Week 1/NDCVRL_002 Dataset/raw/nd1S05954/Left/1091834.tiff,nd1S05954,L,2/23/12
1091837,/Users/odon/Desktop/intro_to_iris_recognition/Week 1/NDCVRL_002 Dataset/raw/nd1S05954/Left/1091837.tiff,nd1S05954,L,2/23/12
1111561,/Users/odon/Desktop/intro_to_iris_recognition/Week 1/NDCVRL_002 Dataset/raw/nd1S05954/Left/1111561.tiff,nd1S05954,L,3/8/12
1112077,/Users/odon/Desktop/intro_to_iris_recognition/Week 1/NDCVRL_002 Dataset/raw/nd1S05954/Left/1112077.tiff,nd1S05954,L,3/8/12
1112908,/Users/odon/Desktop/intro_to_iris_recognition/Week 1/NDCVRL_002 Dataset/raw/nd1S05954/Left/1112908.tiff,nd1S05954,L,3/8/12
1112911,/Users/odon/Desktop/intro_to_iris_recognition/Week 1/NDCVRL_002 Dataset/raw/nd1S05954/Left/1112911.tiff,nd1S05954,L,3/8/12
1113883,/Users/odon/Desktop/intro_to_iris_recognition/Week 1/NDCVRL_002 Dataset/raw/nd1S05954/Left/1113883.tiff,nd1S05954,L,3/8/12
1113893,/Users/odon/Desktop/intro_to_iris_recognition/Week 1/NDCVRL_002 Dataset/raw/nd1S05954/Left/1113893.tiff,nd1S05954,L,3/8/12
1130310,/Users/odon/Desktop/intro_to_iris_recognition/Week 1/NDCVRL_002 Dataset/raw/nd1S05954/Left/1130310.tiff,nd1S05954,L,3/28/12
1130440,/Users/odon/Desktop/intro_to_iris_recognition/Week 1/NDCVRL_002 Dataset/raw/nd1S05954/Left/1130440.tiff,nd1S05954,L,3/28/12
1130453,/Users/odon/Desktop/intro_to_iris_recognition/Week 1/NDCVRL_002 Dataset/raw/nd1S05954/Left/1130453.tiff,nd1S05954,L,3/28/12
1130566,/Users/odon/Desktop/intro_to_iris_recognition/Week 1/NDCVRL_002 Dataset/raw/nd1S05954/Left/1130566.tiff,nd1S05954,L,3/28/12
1130985,/Users/odon/Desktop/intro_to_iris_recognition/Week 1/NDCVRL_002 Dataset/raw/nd1S05954/Left/1130985.tiff,nd1S05954,L,3/28/12
1131737,/Users/odon/Desktop/intro_to_iris_recognition/Week 1/NDCVRL_002 Dataset/raw/nd1S05954/Left/1131737.tiff,nd1S05954,L,3/28/12
1131742,/Users/odon/Desktop/intro_to_iris_recognition/Week 1/NDCVRL_002 Dataset/raw/nd1S05954/Left/1131742.tiff,nd1S05954,L,3/28/12
1131744,/Users/odon/Desktop/intro_to_iris_recognition/Week 1/NDCVRL_002 Dataset/raw/nd1S05954/Left/1131744.tiff,nd1S05954,L,3/28/12
1091838,/Users/odon/Desktop/intro_to_iris_recognition/Week 1/NDCVRL_002 Dataset/raw/nd1S05954/Right/1091838.tiff,nd1S05954,R,2/23/12
1091839,/Users/odon/Desktop/intro_to_iris_recognition/Week 1/NDCVRL_002 Dataset/raw/nd1S05954/Right/1091839.tiff,nd1S05954,R,2/23/12
1091840,/Users/odon/Desktop/intro_to_iris_recognition/Week 1/NDCVRL_002 Dataset/raw/nd1S05954/Right/1091840.tiff,nd1S05954,R,2/23/12
1091841,/Users/odon/Desktop/intro_to_iris_recognition/Week 1/NDCVRL_002 Dataset/raw/nd1S05954/Right/1091841.tiff,nd1S05954,R,2/23/12
1091842,/Users/odon/Desktop/intro_to_iris_recognition/Week 1/NDCVRL_002 Dataset/raw/nd1S05954/Right/1091842.tiff,nd1S05954,R,2/23/12
1091843,/Users/odon/Desktop/intro_to_iris_recognition/Week 1/NDCVRL_002 Dataset/raw/nd1S05954/Right/1091843.tiff,nd1S05954,R,2/23/12
1111565,/Users/odon/Desktop/intro_to_iris_recognition/Week 1/NDCVRL_002 Dataset/raw/nd1S05954/Right/1111565.tiff,nd1S05954,R,3/8/12
1112078,/Users/odon/Desktop/intro_to_iris_recognition/Week 1/NDCVRL_002 Dataset/raw/nd1S05954/Right/1112078.tiff,nd1S05954,R,3/8/12
1112082,/Users/odon/Desktop/intro_to_iris_recognition/Week 1/NDCVRL_002 Dataset/raw/nd1S05954/Right/1112082.tiff,nd1S05954,R,3/8/12
1112917,/Users/odon/Desktop/intro_to_iris_recognition/Week 1/NDCVRL_002 Dataset/raw/nd1S05954/Right/1112917.tiff,nd1S05954,R,3/8/12
1112921,/Users/odon/Desktop/intro_to_iris_recognition/Week 1/NDCVRL_002 Dataset/raw/nd1S05954/Right/1112921.tiff,nd1S05954,R,3/8/12
1112923,/Users/odon/Desktop/intro_to_iris_recognition/Week 1/NDCVRL_002 Dataset/raw/nd1S05954/Right/1112923.tiff,nd1S05954,R,3/8/12
1112925,/Users/odon/Desktop/intro_to_iris_recognition/Week 1/NDCVRL_002 Dataset/raw/nd1S05954/Right/1112925.tiff,nd1S05954,R,3/8/12
1113888,/Users/odon/Desktop/intro_to_iris_recognition/Week 1/NDCVRL_002 Dataset/raw/nd1S05954/Right/1113888.tiff,nd1S05954,R,3/8/12
1113891,/Users/odon/Desktop/intro_to_iris_recognition/Week 1/NDCVRL_002 Dataset/raw/nd1S05954/Right/1113891.tiff,nd1S05954,R,3/8/12
1113892,/Users/odon/Desktop/intro_to_iris_recognition/Week 1/NDCVRL_002 Dataset/raw/nd1S05954/Right/1113892.tiff,nd1S05954,R,3/8/12
1113898,/Users/odon/Desktop/intro_to_iris_recognition/Week 1/NDCVRL_002 Dataset/raw/nd1S05954/Right/1113898.tiff,nd1S05954,R,3/8/12
1113899,/Users/odon/Desktop/intro_to_iris_recognition/Week 1/NDCVRL_002 Dataset/raw/nd1S05954/Right/1113899.tiff,nd1S05954,R,3/8/12
1130314,/Users/odon/Desktop/intro_to_iris_recognition/Week 1/NDCVRL_002 Dataset/raw/nd1S05954/Right/1130314.tiff,nd1S05954,R,3/28/12
1130315,/Users/odon/Desktop/intro_to_iris_recognition/Week 1/NDCVRL_002 Dataset/raw/nd1S05954/Right/1130315.tiff,nd1S05954,R,3/28/12
1130422,/Users/odon/Desktop/intro_to_iris_recognition/Week 1/NDCVRL_002 Dataset/raw/nd1S05954/Right/1130422.tiff,nd1S05954,R,3/28/12
1130425,/Users/odon/Desktop/intro_to_iris_recognition/Week 1/NDCVRL_002 Dataset/raw/nd1S05954/Right/1130425.tiff,nd1S05954,R,3/28/12
1130429,/Users/odon/Desktop/intro_to_iris_recognition/Week 1/NDCVRL_002 Dataset/raw/nd1S05954/Right/1130429.tiff,nd1S05954,R,3/28/12
1130432,/Users/odon/Desktop/intro_to_iris_recognition/Week 1/NDCVRL_002 Dataset/raw/nd1S05954/Right/1130432.tiff,nd1S05954,R,3/28/12
1130546,/Users/odon/Desktop/intro_to_iris_recognition/Week 1/NDCVRL_002 Dataset/raw/nd1S05954/Right/1130546.tiff,nd1S05954,R,3/28/12
1130550,/Users/odon/Desktop/intro_to_iris_recognition/Week 1/NDCVRL_002 Dataset/raw/nd1S05954/Right/1130550.tiff,nd1S05954,R,3/28/12
1130982,/Users/odon/Desktop/intro_to_iris_recognition/Week 1/NDCVRL_002 Dataset/raw/nd1S05954/Right/1130982.tiff,nd1S05954,R,3/28/12
1130984,/Users/odon/Desktop/intro_to_iris_recognition/Week 1/NDCVRL_002 Dataset/raw/nd1S05954/Right/1130984.tiff,nd1S05954,R,3/28/12
1130986,/Users/odon/Desktop/intro_to_iris_recognition/Week 1/NDCVRL_002 Dataset/raw/nd1S05954/Right/1130986.tiff,nd1S05954,R,3/28/12
1131745,/Users/odon/Desktop/intro_to_iris_recognition/Week 1/NDCVRL_002 Dataset/raw/nd1S05954/Right/1131745.tiff,nd1S05954,R,3/28/12
1131747,/Users/odon/Desktop/intro_to_iris_recognition/Week 1/NDCVRL_002 Dataset/raw/nd1S05954/Right/1131747.tiff,nd1S05954,R,3/28/12
1131749,/Users/odon/Desktop/intro_to_iris_recognition/Week 1/NDCVRL_002 Dataset/raw/nd1S05954/Right/1131749.tiff,nd1S05954,R,3/28/12
1131750,/Users/odon/Desktop/intro_to_iris_recognition/Week 1/NDCVRL_002 Dataset/raw/nd1S05954/Right/1131750.tiff,nd1S05954,R,3/28/12
1131751,/Users/odon/Desktop/intro_to_iris_recognition/Week 1/NDCVRL_002 Dataset/raw/nd1S05954/Right/1131751.tiff,nd1S05954,R,3/28/12
1018701,/Users/odon/Desktop/intro_to_iris_recognition/Week 1/NDCVRL_002 Dataset/raw/nd1S05956/Right/1018701.tiff,nd1S05956,R,10/27/11
1019528,/Users/odon/Desktop/intro_to_iris_recognition/Week 1/NDCVRL_002 Dataset/raw/nd1S05956/Right/1019528.tiff,nd1S05956,R,10/27/11
1021046,/Users/odon/Desktop/intro_to_iris_recognition/Week 1/NDCVRL_002 Dataset/raw/nd1S05956/Right/1021046.tiff,nd1S05956,R,10/27/11
1088009,/Users/odon/Desktop/intro_to_iris_recognition/Week 1/NDCVRL_002 Dataset/raw/nd1S05956/Right/1088009.tiff,nd1S05956,R,2/22/12
1107763,/Users/odon/Desktop/intro_to_iris_recognition/Week 1/NDCVRL_002 Dataset/raw/nd1S05956/Right/1107763.tiff,nd1S05956,R,3/7/12
1108933,/Users/odon/Desktop/intro_to_iris_recognition/Week 1/NDCVRL_002 Dataset/raw/nd1S05956/Right/1108933.tiff,nd1S05956,R,3/7/12
1130462,/Users/odon/Desktop/intro_to_iris_recognition/Week 1/NDCVRL_002 Dataset/raw/nd1S05956/Right/1130462.tiff,nd1S05956,R,3/28/12
1131962,/Users/odon/Desktop/intro_to_iris_recognition/Week 1/NDCVRL_002 Dataset/raw/nd1S05956/Right/1131962.tiff,nd1S05956,R,3/28/12
1132575,/Users/odon/Desktop/intro_to_iris_recognition/Week 1/NDCVRL_002 Dataset/raw/nd1S05956/Right/1132575.tiff,nd1S05956,R,3/28/12
429080,/Users/odon/Desktop/intro_to_iris_recognition/Week 1/NDCVRL_002 Dataset/raw/nd1S05956/Right/429080.tiff,nd1S05956,R,3/24/09
429082,/Users/odon/Desktop/intro_to_iris_recognition/Week 1/NDCVRL_002 Dataset/raw/nd1S05956/Right/429082.tiff,nd1S05956,R,3/24/09
451191,/Users/odon/Desktop/intro_to_iris_recognition/Week 1/NDCVRL_002 Dataset/raw/nd1S05956/Right/451191.tiff,nd1S05956,R,4/23/09
451192,/Users/odon/Desktop/intro_to_iris_recognition/Week 1/NDCVRL_002 Dataset/raw/nd1S05956/Right/451192.tiff,nd1S05956,R,4/23/09
517796,/Users/odon/Desktop/intro_to_iris_recognition/Week 1/NDCVRL_002 Dataset/raw/nd1S05956/Right/517796.tiff,nd1S05956,R,11/19/09
519411,/Users/odon/Desktop/intro_to_iris_recognition/Week 1/NDCVRL_002 Dataset/raw/nd1S05956/Right/519411.tiff,nd1S05956,R,12/1/09
519413,/Users/odon/Desktop/intro_to_iris_recognition/Week 1/NDCVRL_002 Dataset/raw/nd1S05956/Right/519413.tiff,nd1S05956,R,12/1/09
523670,/Users/odon/Desktop/intro_to_iris_recognition/Week 1/NDCVRL_002 Dataset/raw/nd1S05956/Right/523670.tiff,nd1S05956,R,12/1/09
546499,/Users/odon/Desktop/intro_to_iris_recognition/Week 1/NDCVRL_002 Dataset/raw/nd1S05956/Right/546499.tiff,nd1S05956,R,11/19/09
560766,/Users/odon/Desktop/intro_to_iris_recognition/Week 1/NDCVRL_002 Dataset/raw/nd1S05956/Right/560766.tiff,nd1S05956,R,2/11/10
675834,/Users/odon/Desktop/intro_to_iris_recognition/Week 1/NDCVRL_002 Dataset/raw/nd1S05956/Right/675834.tiff,nd1S05956,R,10/27/10
675840,/Users/odon/Desktop/intro_to_iris_recognition/Week 1/NDCVRL_002 Dataset/raw/nd1S05956/Right/675840.tiff,nd1S05956,R,10/27/10
608691,/Users/odon/Desktop/intro_to_iris_recognition/Week 1/NDCVRL_002 Dataset/raw/nd1S05957/Left/608691.tiff,nd1S05957,L,4/15/10
938340,/Users/odon/Desktop/intro_to_iris_recognition/Week 1/NDCVRL_002 Dataset/raw/nd1S05957/Left/938340.tiff,nd1S05957,L,9/14/11
939404,/Users/odon/Desktop/intro_to_iris_recognition/Week 1/NDCVRL_002 Dataset/raw/nd1S05957/Left/939404.tiff,nd1S05957,L,9/14/11
941407,/Users/odon/Desktop/intro_to_iris_recognition/Week 1/NDCVRL_002 Dataset/raw/nd1S05957/Left/941407.tiff,nd1S05957,L,9/14/11
969454,/Users/odon/Desktop/intro_to_iris_recognition/Week 1/NDCVRL_002 Dataset/raw/nd1S05957/Left/969454.tiff,nd1S05957,L,9/29/11
970878,/Users/odon/Desktop/intro_to_iris_recognition/Week 1/NDCVRL_002 Dataset/raw/nd1S05957/Left/970878.tiff,nd1S05957,L,9/29/11
971738,/Users/odon/Desktop/intro_to_iris_recognition/Week 1/NDCVRL_002 Dataset/raw/nd1S05957/Left/971738.tiff,nd1S05957,L,9/29/11
972469,/Users/odon/Desktop/intro_to_iris_recognition/Week 1/NDCVRL_002 Dataset/raw/nd1S05957/Left/972469.tiff,nd1S05957,L,9/29/11
972473,/Users/odon/Desktop/intro_to_iris_recognition/Week 1/NDCVRL_002 Dataset/raw/nd1S05957/Left/972473.tiff,nd1S05957,L,9/29/11
973624,/Users/odon/Desktop/intro_to_iris_recognition/Week 1/NDCVRL_002 Dataset/raw/nd1S05957/Left/973624.tiff,nd1S05957,L,9/29/11
431975,/Users/odon/Desktop/intro_to_iris_recognition/Week 1/NDCVRL_002 Dataset/raw/nd1S05957/Right/431975.tiff,nd1S05957,R,3/25/09
431977,/Users/odon/Desktop/intro_to_iris_recognition/Week 1/NDCVRL_002 Dataset/raw/nd1S05957/Right/431977.tiff,nd1S05957,R,3/25/09
431986,/Users/odon/Desktop/intro_to_iris_recognition/Week 1/NDCVRL_002 Dataset/raw/nd1S05957/Right/431986.tiff,nd1S05957,R,3/25/09
431992,/Users/odon/Desktop/intro_to_iris_recognition/Week 1/NDCVRL_002 Dataset/raw/nd1S05957/Right/431992.tiff,nd1S05957,R,3/25/09
511126,/Users/odon/Desktop/intro_to_iris_recognition/Week 1/NDCVRL_002 Dataset/raw/nd1S05957/Right/511126.tiff,nd1S05957,R,11/17/09
511135,/Users/odon/Desktop/intro_to_iris_recognition/Week 1/NDCVRL_002 Dataset/raw/nd1S05957/Right/511135.tiff,nd1S05957,R,11/17/09
529348,/Users/odon/Desktop/intro_to_iris_recognition/Week 1/NDCVRL_002 Dataset/raw/nd1S05957/Right/529348.tiff,nd1S05957,R,11/4/09
529986,/Users/odon/Desktop/intro_to_iris_recognition/Week 1/NDCVRL_002 Dataset/raw/nd1S05957/Right/529986.tiff,nd1S05957,R,11/4/09
560672,/Users/odon/Desktop/intro_to_iris_recognition/Week 1/NDCVRL_002 Dataset/raw/nd1S05957/Right/560672.tiff,nd1S05957,R,2/11/10
938342,/Users/odon/Desktop/intro_to_iris_recognition/Week 1/NDCVRL_002 Dataset/raw/nd1S05957/Right/938342.tiff,nd1S05957,R,9/14/11
938345,/Users/odon/Desktop/intro_to_iris_recognition/Week 1/NDCVRL_002 Dataset/raw/nd1S05957/Right/938345.tiff,nd1S05957,R,9/14/11
941411,/Users/odon/Desktop/intro_to_iris_recognition/Week 1/NDCVRL_002 Dataset/raw/nd1S05957/Right/941411.tiff,nd1S05957,R,9/14/11
941413,/Users/odon/Desktop/intro_to_iris_recognition/Week 1/NDCVRL_002 Dataset/raw/nd1S05957/Right/941413.tiff,nd1S05957,R,9/14/11
971739,/Users/odon/Desktop/intro_to_iris_recognition/Week 1/NDCVRL_002 Dataset/raw/nd1S05957/Right/971739.tiff,nd1S05957,R,9/29/11
973630,/Users/odon/Desktop/intro_to_iris_recognition/Week 1/NDCVRL_002 Dataset/raw/nd1S05957/Right/973630.tiff,nd1S05957,R,9/29/11
1034933,/Users/odon/Desktop/intro_to_iris_recognition/Week 1/NDCVRL_002 Dataset/raw/nd1S05963/Left/1034933.tiff,nd1S05963,L,11/8/11
1065395,/Users/odon/Desktop/intro_to_iris_recognition/Week 1/NDCVRL_002 Dataset/raw/nd1S05963/Left/1065395.tiff,nd1S05963,L,2/9/12
1082033,/Users/odon/Desktop/intro_to_iris_recognition/Week 1/NDCVRL_002 Dataset/raw/nd1S05963/Left/1082033.tiff,nd1S05963,L,2/21/12
1127879,/Users/odon/Desktop/intro_to_iris_recognition/Week 1/NDCVRL_002 Dataset/raw/nd1S05963/Left/1127879.tiff,nd1S05963,L,3/27/12
1128828,/Users/odon/Desktop/intro_to_iris_recognition/Week 1/NDCVRL_002 Dataset/raw/nd1S05963/Left/1128828.tiff,nd1S05963,L,3/27/12
1128842,/Users/odon/Desktop/intro_to_iris_recognition/Week 1/NDCVRL_002 Dataset/raw/nd1S05963/Left/1128842.tiff,nd1S05963,L,3/27/12
443623,/Users/odon/Desktop/intro_to_iris_recognition/Week 1/NDCVRL_002 Dataset/raw/nd1S05963/Left/443623.tiff,nd1S05963,L,4/21/09
445861,/Users/odon/Desktop/intro_to_iris_recognition/Week 1/NDCVRL_002 Dataset/raw/nd1S05963/Left/445861.tiff,nd1S05963,L,4/22/09
519784,/Users/odon/Desktop/intro_to_iris_recognition/Week 1/NDCVRL_002 Dataset/raw/nd1S05963/Left/519784.tiff,nd1S05963,L,12/2/09
538532,/Users/odon/Desktop/intro_to_iris_recognition/Week 1/NDCVRL_002 Dataset/raw/nd1S05963/Left/538532.tiff,nd1S05963,L,1/26/10
538541,/Users/odon/Desktop/intro_to_iris_recognition/Week 1/NDCVRL_002 Dataset/raw/nd1S05963/Left/538541.tiff,nd1S05963,L,1/26/10
611701,/Users/odon/Desktop/intro_to_iris_recognition/Week 1/NDCVRL_002 Dataset/raw/nd1S05963/Left/611701.tiff,nd1S05963,L,4/27/10
760639,/Users/odon/Desktop/intro_to_iris_recognition/Week 1/NDCVRL_002 Dataset/raw/nd1S05963/Left/760639.tiff,nd1S05963,L,2/22/11
1019589,/Users/odon/Desktop/intro_to_iris_recognition/Week 1/NDCVRL_002 Dataset/raw/nd1S05963/Right/1019589.tiff,nd1S05963,R,10/27/11
1021140,/Users/odon/Desktop/intro_to_iris_recognition/Week 1/NDCVRL_002 Dataset/raw/nd1S05963/Right/1021140.tiff,nd1S05963,R,10/27/11
1034936,/Users/odon/Desktop/intro_to_iris_recognition/Week 1/NDCVRL_002 Dataset/raw/nd1S05963/Right/1034936.tiff,nd1S05963,R,11/8/11
1036068,/Users/odon/Desktop/intro_to_iris_recognition/Week 1/NDCVRL_002 Dataset/raw/nd1S05963/Right/1036068.tiff,nd1S05963,R,11/8/11
1038071,/Users/odon/Desktop/intro_to_iris_recognition/Week 1/NDCVRL_002 Dataset/raw/nd1S05963/Right/1038071.tiff,nd1S05963,R,11/8/11
1064175,/Users/odon/Desktop/intro_to_iris_recognition/Week 1/NDCVRL_002 Dataset/raw/nd1S05963/Right/1064175.tiff,nd1S05963,R,2/9/12
1065398,/Users/odon/Desktop/intro_to_iris_recognition/Week 1/NDCVRL_002 Dataset/raw/nd1S05963/Right/1065398.tiff,nd1S05963,R,2/9/12
1110446,/Users/odon/Desktop/intro_to_iris_recognition/Week 1/NDCVRL_002 Dataset/raw/nd1S05963/Right/1110446.tiff,nd1S05963,R,3/7/12
1126987,/Users/odon/Desktop/intro_to_iris_recognition/Week 1/NDCVRL_002 Dataset/raw/nd1S05963/Right/1126987.tiff,nd1S05963,R,3/27/12
1127884,/Users/odon/Desktop/intro_to_iris_recognition/Week 1/NDCVRL_002 Dataset/raw/nd1S05963/Right/1127884.tiff,nd1S05963,R,3/27/12
1128847,/Users/odon/Desktop/intro_to_iris_recognition/Week 1/NDCVRL_002 Dataset/raw/nd1S05963/Right/1128847.tiff,nd1S05963,R,3/27/12
433578,/Users/odon/Desktop/intro_to_iris_recognition/Week 1/NDCVRL_002 Dataset/raw/nd1S05963/Right/433578.tiff,nd1S05963,R,3/25/09
434294,/Users/odon/Desktop/intro_to_iris_recognition/Week 1/NDCVRL_002 Dataset/raw/nd1S05963/Right/434294.tiff,nd1S05963,R,3/25/09
442235,/Users/odon/Desktop/intro_to_iris_recognition/Week 1/NDCVRL_002 Dataset/raw/nd1S05963/Right/442235.tiff,nd1S05963,R,4/21/09
519797,/Users/odon/Desktop/intro_to_iris_recognition/Week 1/NDCVRL_002 Dataset/raw/nd1S05963/Right/519797.tiff,nd1S05963,R,12/2/09
528336,/Users/odon/Desktop/intro_to_iris_recognition/Week 1/NDCVRL_002 Dataset/raw/nd1S05963/Right/528336.tiff,nd1S05963,R,11/3/09
586172,/Users/odon/Desktop/intro_to_iris_recognition/Week 1/NDCVRL_002 Dataset/raw/nd1S05963/Right/586172.tiff,nd1S05963,R,3/16/10
586174,/Users/odon/Desktop/intro_to_iris_recognition/Week 1/NDCVRL_002 Dataset/raw/nd1S05963/Right/586174.tiff,nd1S05963,R,3/16/10
603586,/Users/odon/Desktop/intro_to_iris_recognition/Week 1/NDCVRL_002 Dataset/raw/nd1S05963/Right/603586.tiff,nd1S05963,R,4/13/10
603593,/Users/odon/Desktop/intro_to_iris_recognition/Week 1/NDCVRL_002 Dataset/raw/nd1S05963/Right/603593.tiff,nd1S05963,R,4/13/10
674883,/Users/odon/Desktop/intro_to_iris_recognition/Week 1/NDCVRL_002 Dataset/raw/nd1S05963/Right/674883.tiff,nd1S05963,R,10/27/10
705027,/Users/odon/Desktop/intro_to_iris_recognition/Week 1/NDCVRL_002 Dataset/raw/nd1S05963/Right/705027.tiff,nd1S05963,R,1/25/11
760643,/Users/odon/Desktop/intro_to_iris_recognition/Week 1/NDCVRL_002 Dataset/raw/nd1S05963/Right/760643.tiff,nd1S05963,R,2/22/11
938832,/Users/odon/Desktop/intro_to_iris_recognition/Week 1/NDCVRL_002 Dataset/raw/nd1S05963/Right/938832.tiff,nd1S05963,R,9/14/11
1064369,/Users/odon/Desktop/intro_to_iris_recognition/Week 1/NDCVRL_002 Dataset/raw/nd1S05970/Left/1064369.tiff,nd1S05970,L,2/9/12
1064378,/Users/odon/Desktop/intro_to_iris_recognition/Week 1/NDCVRL_002 Dataset/raw/nd1S05970/Left/1064378.tiff,nd1S05970,L,2/9/12
1065465,/Users/odon/Desktop/intro_to_iris_recognition/Week 1/NDCVRL_002 Dataset/raw/nd1S05970/Left/1065465.tiff,nd1S05970,L,2/9/12
1090645,/Users/odon/Desktop/intro_to_iris_recognition/Week 1/NDCVRL_002 Dataset/raw/nd1S05970/Left/1090645.tiff,nd1S05970,L,2/23/12
1107975,/Users/odon/Desktop/intro_to_iris_recognition/Week 1/NDCVRL_002 Dataset/raw/nd1S05970/Left/1107975.tiff,nd1S05970,L,3/7/12
1204108,/Users/odon/Desktop/intro_to_iris_recognition/Week 1/NDCVRL_002 Dataset/raw/nd1S05970/Left/1204108.tiff,nd1S05970,L,1/27/15
441112,/Users/odon/Desktop/intro_to_iris_recognition/Week 1/NDCVRL_002 Dataset/raw/nd1S05970/Left/441112.tiff,nd1S05970,L,4/21/09
441120,/Users/odon/Desktop/intro_to_iris_recognition/Week 1/NDCVRL_002 Dataset/raw/nd1S05970/Left/441120.tiff,nd1S05970,L,4/21/09
443361,/Users/odon/Desktop/intro_to_iris_recognition/Week 1/NDCVRL_002 Dataset/raw/nd1S05970/Left/443361.tiff,nd1S05970,L,4/21/09
515461,/Users/odon/Desktop/intro_to_iris_recognition/Week 1/NDCVRL_002 Dataset/raw/nd1S05970/Left/515461.tiff,nd1S05970,L,11/18/09
515466,/Users/odon/Desktop/intro_to_iris_recognition/Week 1/NDCVRL_002 Dataset/raw/nd1S05970/Left/515466.tiff,nd1S05970,L,11/18/09
520596,/Users/odon/Desktop/intro_to_iris_recognition/Week 1/NDCVRL_002 Dataset/raw/nd1S05970/Left/520596.tiff,nd1S05970,L,12/2/09
520602,/Users/odon/Desktop/intro_to_iris_recognition/Week 1/NDCVRL_002 Dataset/raw/nd1S05970/Left/520602.tiff,nd1S05970,L,12/2/09
520603,/Users/odon/Desktop/intro_to_iris_recognition/Week 1/NDCVRL_002 Dataset/raw/nd1S05970/Left/520603.tiff,nd1S05970,L,12/2/09
523951,/Users/odon/Desktop/intro_to_iris_recognition/Week 1/NDCVRL_002 Dataset/raw/nd1S05970/Left/523951.tiff,nd1S05970,L,12/2/09
558762,/Users/odon/Desktop/intro_to_iris_recognition/Week 1/NDCVRL_002 Dataset/raw/nd1S05970/Left/558762.tiff,nd1S05970,L,2/10/10
580593,/Users/odon/Desktop/intro_to_iris_recognition/Week 1/NDCVRL_002 Dataset/raw/nd1S05970/Left/580593.tiff,nd1S05970,L,2/23/10
586561,/Users/odon/Desktop/intro_to_iris_recognition/Week 1/NDCVRL_002 Dataset/raw/nd1S05970/Left/586561.tiff,nd1S05970,L,3/17/10
590162,/Users/odon/Desktop/intro_to_iris_recognition/Week 1/NDCVRL_002 Dataset/raw/nd1S05970/Left/590162.tiff,nd1S05970,L,3/17/10
602705,/Users/odon/Desktop/intro_to_iris_recognition/Week 1/NDCVRL_002 Dataset/raw/nd1S05970/Left/602705.tiff,nd1S05970,L,4/13/10
602708,/Users/odon/Desktop/intro_to_iris_recognition/Week 1/NDCVRL_002 Dataset/raw/nd1S05970/Left/602708.tiff,nd1S05970,L,4/13/10
675521,/Users/odon/Desktop/intro_to_iris_recognition/Week 1/NDCVRL_002 Dataset/raw/nd1S05970/Left/675521.tiff,nd1S05970,L,10/27/10
683407,/Users/odon/Desktop/intro_to_iris_recognition/Week 1/NDCVRL_002 Dataset/raw/nd1S05970/Left/683407.tiff,nd1S05970,L,11/10/10
701360,/Users/odon/Desktop/intro_to_iris_recognition/Week 1/NDCVRL_002 Dataset/raw/nd1S05970/Left/701360.tiff,nd1S05970,L,12/1/10
724272,/Users/odon/Desktop/intro_to_iris_recognition/Week 1/NDCVRL_002 Dataset/raw/nd1S05970/Left/724272.tiff,nd1S05970,L,2/9/11
724282,/Users/odon/Desktop/intro_to_iris_recognition/Week 1/NDCVRL_002 Dataset/raw/nd1S05970/Left/724282.tiff,nd1S05970,L,2/9/11
823834,/Users/odon/Desktop/intro_to_iris_recognition/Week 1/NDCVRL_002 Dataset/raw/nd1S05970/Left/823834.tiff,nd1S05970,L,3/23/11
825679,/Users/odon/Desktop/intro_to_iris_recognition/Week 1/NDCVRL_002 Dataset/raw/nd1S05970/Left/825679.tiff,nd1S05970,L,3/23/11
825715,/Users/odon/Desktop/intro_to_iris_recognition/Week 1/NDCVRL_002 Dataset/raw/nd1S05970/Left/825715.tiff,nd1S05970,L,3/23/11
828475,/Users/odon/Desktop/intro_to_iris_recognition/Week 1/NDCVRL_002 Dataset/raw/nd1S05970/Left/828475.tiff,nd1S05970,L,3/23/11
828476,/Users/odon/Desktop/intro_to_iris_recognition/Week 1/NDCVRL_002 Dataset/raw/nd1S05970/Left/828476.tiff,nd1S05970,L,3/23/11
828480,/Users/odon/Desktop/intro_to_iris_recognition/Week 1/NDCVRL_002 Dataset/raw/nd1S05970/Left/828480.tiff,nd1S05970,L,3/23/11
944847,/Users/odon/Desktop/intro_to_iris_recognition/Week 1/NDCVRL_002 Dataset/raw/nd1S05970/Left/944847.tiff,nd1S05970,L,9/15/11
1088822,/Users/odon/Desktop/intro_to_iris_recognition/Week 1/NDCVRL_002 Dataset/raw/nd1S05970/Right/1088822.tiff,nd1S05970,R,2/23/12
1090648,/Users/odon/Desktop/intro_to_iris_recognition/Week 1/NDCVRL_002 Dataset/raw/nd1S05970/Right/1090648.tiff,nd1S05970,R,2/23/12
1203727,/Users/odon/Desktop/intro_to_iris_recognition/Week 1/NDCVRL_002 Dataset/raw/nd1S05970/Right/1203727.tiff,nd1S05970,R,11/18/14
441124,/Users/odon/Desktop/intro_to_iris_recognition/Week 1/NDCVRL_002 Dataset/raw/nd1S05970/Right/441124.tiff,nd1S05970,R,4/21/09
443364,/Users/odon/Desktop/intro_to_iris_recognition/Week 1/NDCVRL_002 Dataset/raw/nd1S05970/Right/443364.tiff,nd1S05970,R,4/21/09
512221,/Users/odon/Desktop/intro_to_iris_recognition/Week 1/NDCVRL_002 Dataset/raw/nd1S05970/Right/512221.tiff,nd1S05970,R,11/18/09
515474,/Users/odon/Desktop/intro_to_iris_recognition/Week 1/NDCVRL_002 Dataset/raw/nd1S05970/Right/515474.tiff,nd1S05970,R,11/18/09
515475,/Users/odon/Desktop/intro_to_iris_recognition/Week 1/NDCVRL_002 Dataset/raw/nd1S05970/Right/515475.tiff,nd1S05970,R,11/18/09
515479,/Users/odon/Desktop/intro_to_iris_recognition/Week 1/NDCVRL_002 Dataset/raw/nd1S05970/Right/515479.tiff,nd1S05970,R,11/18/09
515481,/Users/odon/Desktop/intro_to_iris_recognition/Week 1/NDCVRL_002 Dataset/raw/nd1S05970/Right/515481.tiff,nd1S05970,R,11/18/09
520610,/Users/odon/Desktop/intro_to_iris_recognition/Week 1/NDCVRL_002 Dataset/raw/nd1S05970/Right/520610.tiff,nd1S05970,R,12/2/09
520612,/Users/odon/Desktop/intro_to_iris_recognition/Week 1/NDCVRL_002 Dataset/raw/nd1S05970/Right/520612.tiff,nd1S05970,R,12/2/09
539035,/Users/odon/Desktop/intro_to_iris_recognition/Week 1/NDCVRL_002 Dataset/raw/nd1S05970/Right/539035.tiff,nd1S05970,R,1/26/10
539036,/Users/odon/Desktop/intro_to_iris_recognition/Week 1/NDCVRL_002 Dataset/raw/nd1S05970/Right/539036.tiff,nd1S05970,R,1/26/10
539037,/Users/odon/Desktop/intro_to_iris_recognition/Week 1/NDCVRL_002 Dataset/raw/nd1S05970/Right/539037.tiff,nd1S05970,R,1/26/10
539045,/Users/odon/Desktop/intro_to_iris_recognition/Week 1/NDCVRL_002 Dataset/raw/nd1S05970/Right/539045.tiff,nd1S05970,R,1/26/10
539046,/Users/odon/Desktop/intro_to_iris_recognition/Week 1/NDCVRL_002 Dataset/raw/nd1S05970/Right/539046.tiff,nd1S05970,R,1/26/10
558772,/Users/odon/Desktop/intro_to_iris_recognition/Week 1/NDCVRL_002 Dataset/raw/nd1S05970/Right/558772.tiff,nd1S05970,R,2/10/10
558774,/Users/odon/Desktop/intro_to_iris_recognition/Week 1/NDCVRL_002 Dataset/raw/nd1S05970/Right/558774.tiff,nd1S05970,R,2/10/10
580600,/Users/odon/Desktop/intro_to_iris_recognition/Week 1/NDCVRL_002 Dataset/raw/nd1S05970/Right/580600.tiff,nd1S05970,R,2/23/10
580605,/Users/odon/Desktop/intro_to_iris_recognition/Week 1/NDCVRL_002 Dataset/raw/nd1S05970/Right/580605.tiff,nd1S05970,R,2/23/10
580609,/Users/odon/Desktop/intro_to_iris_recognition/Week 1/NDCVRL_002 Dataset/raw/nd1S05970/Right/580609.tiff,nd1S05970,R,2/23/10
590178,/Users/odon/Desktop/intro_to_iris_recognition/Week 1/NDCVRL_002 Dataset/raw/nd1S05970/Right/590178.tiff,nd1S05970,R,3/17/10
590179,/Users/odon/Desktop/intro_to_iris_recognition/Week 1/NDCVRL_002 Dataset/raw/nd1S05970/Right/590179.tiff,nd1S05970,R,3/17/10
590182,/Users/odon/Desktop/intro_to_iris_recognition/Week 1/NDCVRL_002 Dataset/raw/nd1S05970/Right/590182.tiff,nd1S05970,R,3/17/10
590197,/Users/odon/Desktop/intro_to_iris_recognition/Week 1/NDCVRL_002 Dataset/raw/nd1S05970/Right/590197.tiff,nd1S05970,R,3/17/10
602714,/Users/odon/Desktop/intro_to_iris_recognition/Week 1/NDCVRL_002 Dataset/raw/nd1S05970/Right/602714.tiff,nd1S05970,R,4/13/10
602715,/Users/odon/Desktop/intro_to_iris_recognition/Week 1/NDCVRL_002 Dataset/raw/nd1S05970/Right/602715.tiff,nd1S05970,R,4/13/10
602716,/Users/odon/Desktop/intro_to_iris_recognition/Week 1/NDCVRL_002 Dataset/raw/nd1S05970/Right/602716.tiff,nd1S05970,R,4/13/10
602717,/Users/odon/Desktop/intro_to_iris_recognition/Week 1/NDCVRL_002 Dataset/raw/nd1S05970/Right/602717.tiff,nd1S05970,R,4/13/10
602718,/Users/odon/Desktop/intro_to_iris_recognition/Week 1/NDCVRL_002 Dataset/raw/nd1S05970/Right/602718.tiff,nd1S05970,R,4/13/10
675530,/Users/odon/Desktop/intro_to_iris_recognition/Week 1/NDCVRL_002 Dataset/raw/nd1S05970/Right/675530.tiff,nd1S05970,R,10/27/10
683400,/Users/odon/Desktop/intro_to_iris_recognition/Week 1/NDCVRL_002 Dataset/raw/nd1S05970/Right/683400.tiff,nd1S05970,R,11/10/10
683410,/Users/odon/Desktop/intro_to_iris_recognition/Week 1/NDCVRL_002 Dataset/raw/nd1S05970/Right/683410.tiff,nd1S05970,R,11/10/10
695018,/Users/odon/Desktop/intro_to_iris_recognition/Week 1/NDCVRL_002 Dataset/raw/nd1S05970/Right/695018.tiff,nd1S05970,R,12/1/10
695023,/Users/odon/Desktop/intro_to_iris_recognition/Week 1/NDCVRL_002 Dataset/raw/nd1S05970/Right/695023.tiff,nd1S05970,R,12/1/10
701361,/Users/odon/Desktop/intro_to_iris_recognition/Week 1/NDCVRL_002 Dataset/raw/nd1S05970/Right/701361.tiff,nd1S05970,R,12/1/10
724277,/Users/odon/Desktop/intro_to_iris_recognition/Week 1/NDCVRL_002 Dataset/raw/nd1S05970/Right/724277.tiff,nd1S05970,R,2/9/11
724287,/Users/odon/Desktop/intro_to_iris_recognition/Week 1/NDCVRL_002 Dataset/raw/nd1S05970/Right/724287.tiff,nd1S05970,R,2/9/11
825682,/Users/odon/Desktop/intro_to_iris_recognition/Week 1/NDCVRL_002 Dataset/raw/nd1S05970/Right/825682.tiff,nd1S05970,R,3/23/11
1041792,/Users/odon/Desktop/intro_to_iris_recognition/Week 1/NDCVRL_002 Dataset/raw/nd1S05974/Left/1041792.tiff,nd1S05974,L,11/10/11
1081054,/Users/odon/Desktop/intro_to_iris_recognition/Week 1/NDCVRL_002 Dataset/raw/nd1S05974/Left/1081054.tiff,nd1S05974,L,2/21/12
1084066,/Users/odon/Desktop/intro_to_iris_recognition/Week 1/NDCVRL_002 Dataset/raw/nd1S05974/Left/1084066.tiff,nd1S05974,L,2/21/12
1107902,/Users/odon/Desktop/intro_to_iris_recognition/Week 1/NDCVRL_002 Dataset/raw/nd1S05974/Left/1107902.tiff,nd1S05974,L,3/7/12
1108981,/Users/odon/Desktop/intro_to_iris_recognition/Week 1/NDCVRL_002 Dataset/raw/nd1S05974/Left/1108981.tiff,nd1S05974,L,3/7/12
1133879,/Users/odon/Desktop/intro_to_iris_recognition/Week 1/NDCVRL_002 Dataset/raw/nd1S05974/Left/1133879.tiff,nd1S05974,L,3/29/12
1135163,/Users/odon/Desktop/intro_to_iris_recognition/Week 1/NDCVRL_002 Dataset/raw/nd1S05974/Left/1135163.tiff,nd1S05974,L,3/29/12
1136206,/Users/odon/Desktop/intro_to_iris_recognition/Week 1/NDCVRL_002 Dataset/raw/nd1S05974/Left/1136206.tiff,nd1S05974,L,3/29/12
445484,/Users/odon/Desktop/intro_to_iris_recognition/Week 1/NDCVRL_002 Dataset/raw/nd1S05974/Left/445484.tiff,nd1S05974,L,4/22/09
553935,/Users/odon/Desktop/intro_to_iris_recognition/Week 1/NDCVRL_002 Dataset/raw/nd1S05974/Left/553935.tiff,nd1S05974,L,2/9/10
583455,/Users/odon/Desktop/intro_to_iris_recognition/Week 1/NDCVRL_002 Dataset/raw/nd1S05974/Left/583455.tiff,nd1S05974,L,2/24/10
587728,/Users/odon/Desktop/intro_to_iris_recognition/Week 1/NDCVRL_002 Dataset/raw/nd1S05974/Left/587728.tiff,nd1S05974,L,3/16/10
587729,/Users/odon/Desktop/intro_to_iris_recognition/Week 1/NDCVRL_002 Dataset/raw/nd1S05974/Left/587729.tiff,nd1S05974,L,3/16/10
710623,/Users/odon/Desktop/intro_to_iris_recognition/Week 1/NDCVRL_002 Dataset/raw/nd1S05974/Left/710623.tiff,nd1S05974,L,1/27/11
725206,/Users/odon/Desktop/intro_to_iris_recognition/Week 1/NDCVRL_002 Dataset/raw/nd1S05974/Left/725206.tiff,nd1S05974,L,2/9/11
729738,/Users/odon/Desktop/intro_to_iris_recognition/Week 1/NDCVRL_002 Dataset/raw/nd1S05974/Left/729738.tiff,nd1S05974,L,2/9/11
755114,/Users/odon/Desktop/intro_to_iris_recognition/Week 1/NDCVRL_002 Dataset/raw/nd1S05974/Left/755114.tiff,nd1S05974,L,2/22/11
756982,/Users/odon/Desktop/intro_to_iris_recognition/Week 1/NDCVRL_002 Dataset/raw/nd1S05974/Left/756982.tiff,nd1S05974,L,2/22/11
759536,/Users/odon/Desktop/intro_to_iris_recognition/Week 1/NDCVRL_002 Dataset/raw/nd1S05974/Left/759536.tiff,nd1S05974,L,2/22/11
903749,/Users/odon/Desktop/intro_to_iris_recognition/Week 1/NDCVRL_002 Dataset/raw/nd1S05974/Left/903749.tiff,nd1S05974,L,4/27/11
445497,/Users/odon/Desktop/intro_to_iris_recognition/Week 1/NDCVRL_002 Dataset/raw/nd1S05974/Right/445497.tiff,nd1S05974,R,4/22/09
447840,/Users/odon/Desktop/intro_to_iris_recognition/Week 1/NDCVRL_002 Dataset/raw/nd1S05974/Right/447840.tiff,nd1S05974,R,4/22/09
511816,/Users/odon/Desktop/intro_to_iris_recognition/Week 1/NDCVRL_002 Dataset/raw/nd1S05974/Right/511816.tiff,nd1S05974,R,11/17/09
511817,/Users/odon/Desktop/intro_to_iris_recognition/Week 1/NDCVRL_002 Dataset/raw/nd1S05974/Right/511817.tiff,nd1S05974,R,11/17/09
511825,/Users/odon/Desktop/intro_to_iris_recognition/Week 1/NDCVRL_002 Dataset/raw/nd1S05974/Right/511825.tiff,nd1S05974,R,11/17/09
514634,/Users/odon/Desktop/intro_to_iris_recognition/Week 1/NDCVRL_002 Dataset/raw/nd1S05974/Right/514634.tiff,nd1S05974,R,11/17/09
514638,/Users/odon/Desktop/intro_to_iris_recognition/Week 1/NDCVRL_002 Dataset/raw/nd1S05974/Right/514638.tiff,nd1S05974,R,11/17/09
514639,/Users/odon/Desktop/intro_to_iris_recognition/Week 1/NDCVRL_002 Dataset/raw/nd1S05974/Right/514639.tiff,nd1S05974,R,11/17/09
519779,/Users/odon/Desktop/intro_to_iris_recognition/Week 1/NDCVRL_002 Dataset/raw/nd1S05974/Right/519779.tiff,nd1S05974,R,12/2/09
519781,/Users/odon/Desktop/intro_to_iris_recognition/Week 1/NDCVRL_002 Dataset/raw/nd1S05974/Right/519781.tiff,nd1S05974,R,12/2/09
519782,/Users/odon/Desktop/intro_to_iris_recognition/Week 1/NDCVRL_002 Dataset/raw/nd1S05974/Right/519782.tiff,nd1S05974,R,12/2/09
539517,/Users/odon/Desktop/intro_to_iris_recognition/Week 1/NDCVRL_002 Dataset/raw/nd1S05974/Right/539517.tiff,nd1S05974,R,1/26/10
556330,/Users/odon/Desktop/intro_to_iris_recognition/Week 1/NDCVRL_002 Dataset/raw/nd1S05974/Right/556330.tiff,nd1S05974,R,2/9/10
556335,/Users/odon/Desktop/intro_to_iris_recognition/Week 1/NDCVRL_002 Dataset/raw/nd1S05974/Right/556335.tiff,nd1S05974,R,2/9/10
556337,/Users/odon/Desktop/intro_to_iris_recognition/Week 1/NDCVRL_002 Dataset/raw/nd1S05974/Right/556337.tiff,nd1S05974,R,2/9/10
587734,/Users/odon/Desktop/intro_to_iris_recognition/Week 1/NDCVRL_002 Dataset/raw/nd1S05974/Right/587734.tiff,nd1S05974,R,3/16/10
587735,/Users/odon/Desktop/intro_to_iris_recognition/Week 1/NDCVRL_002 Dataset/raw/nd1S05974/Right/587735.tiff,nd1S05974,R,3/16/10
610835,/Users/odon/Desktop/intro_to_iris_recognition/Week 1/NDCVRL_002 Dataset/raw/nd1S05974/Right/610835.tiff,nd1S05974,R,4/27/10
676935,/Users/odon/Desktop/intro_to_iris_recognition/Week 1/NDCVRL_002 Dataset/raw/nd1S05974/Right/676935.tiff,nd1S05974,R,10/28/10
676950,/Users/odon/Desktop/intro_to_iris_recognition/Week 1/NDCVRL_002 Dataset/raw/nd1S05974/Right/676950.tiff,nd1S05974,R,10/28/10
710626,/Users/odon/Desktop/intro_to_iris_recognition/Week 1/NDCVRL_002 Dataset/raw/nd1S05974/Right/710626.tiff,nd1S05974,R,1/27/11
725197,/Users/odon/Desktop/intro_to_iris_recognition/Week 1/NDCVRL_002 Dataset/raw/nd1S05974/Right/725197.tiff,nd1S05974,R,2/9/11
725209,/Users/odon/Desktop/intro_to_iris_recognition/Week 1/NDCVRL_002 Dataset/raw/nd1S05974/Right/725209.tiff,nd1S05974,R,2/9/11
753271,/Users/odon/Desktop/intro_to_iris_recognition/Week 1/NDCVRL_002 Dataset/raw/nd1S05974/Right/753271.tiff,nd1S05974,R,2/22/11
756983,/Users/odon/Desktop/intro_to_iris_recognition/Week 1/NDCVRL_002 Dataset/raw/nd1S05974/Right/756983.tiff,nd1S05974,R,2/22/11
759537,/Users/odon/Desktop/intro_to_iris_recognition/Week 1/NDCVRL_002 Dataset/raw/nd1S05974/Right/759537.tiff,nd1S05974,R,2/22/11
827519,/Users/odon/Desktop/intro_to_iris_recognition/Week 1/NDCVRL_002 Dataset/raw/nd1S05974/Right/827519.tiff,nd1S05974,R,3/23/11
527711,/Users/odon/Desktop/intro_to_iris_recognition/Week 1/NDCVRL_002 Dataset/raw/nd1S05999/Left/527711.tiff,nd1S05999,L,11/3/09
527712,/Users/odon/Desktop/intro_to_iris_recognition/Week 1/NDCVRL_002 Dataset/raw/nd1S05999/Left/527712.tiff,nd1S05999,L,11/3/09
527713,/Users/odon/Desktop/intro_to_iris_recognition/Week 1/NDCVRL_002 Dataset/raw/nd1S05999/Left/527713.tiff,nd1S05999,L,11/3/09
527715,/Users/odon/Desktop/intro_to_iris_recognition/Week 1/NDCVRL_002 Dataset/raw/nd1S05999/Left/527715.tiff,nd1S05999,L,11/3/09
591755,/Users/odon/Desktop/intro_to_iris_recognition/Week 1/NDCVRL_002 Dataset/raw/nd1S05999/Left/591755.tiff,nd1S05999,L,3/18/10
591758,/Users/odon/Desktop/intro_to_iris_recognition/Week 1/NDCVRL_002 Dataset/raw/nd1S05999/Left/591758.tiff,nd1S05999,L,3/18/10
591759,/Users/odon/Desktop/intro_to_iris_recognition/Week 1/NDCVRL_002 Dataset/raw/nd1S05999/Left/591759.tiff,nd1S05999,L,3/18/10
591760,/Users/odon/Desktop/intro_to_iris_recognition/Week 1/NDCVRL_002 Dataset/raw/nd1S05999/Left/591760.tiff,nd1S05999,L,3/18/10
591761,/Users/odon/Desktop/intro_to_iris_recognition/Week 1/NDCVRL_002 Dataset/raw/nd1S05999/Left/591761.tiff,nd1S05999,L,3/18/10
591763,/Users/odon/Desktop/intro_to_iris_recognition/Week 1/NDCVRL_002 Dataset/raw/nd1S05999/Left/591763.tiff,nd1S05999,L,3/18/10
591766,/Users/odon/Desktop/intro_to_iris_recognition/Week 1/NDCVRL_002 Dataset/raw/nd1S05999/Left/591766.tiff,nd1S05999,L,3/18/10
601850,/Users/odon/Desktop/intro_to_iris_recognition/Week 1/NDCVRL_002 Dataset/raw/nd1S05999/Left/601850.tiff,nd1S05999,L,4/15/10
601852,/Users/odon/Desktop/intro_to_iris_recognition/Week 1/NDCVRL_002 Dataset/raw/nd1S05999/Left/601852.tiff,nd1S05999,L,4/15/10
601854,/Users/odon/Desktop/intro_to_iris_recognition/Week 1/NDCVRL_002 Dataset/raw/nd1S05999/Left/601854.tiff,nd1S05999,L,4/15/10
606926,/Users/odon/Desktop/intro_to_iris_recognition/Week 1/NDCVRL_002 Dataset/raw/nd1S05999/Left/606926.tiff,nd1S05999,L,4/15/10
606928,/Users/odon/Desktop/intro_to_iris_recognition/Week 1/NDCVRL_002 Dataset/raw/nd1S05999/Left/606928.tiff,nd1S05999,L,4/15/10
606931,/Users/odon/Desktop/intro_to_iris_recognition/Week 1/NDCVRL_002 Dataset/raw/nd1S05999/Left/606931.tiff,nd1S05999,L,4/15/10
606932,/Users/odon/Desktop/intro_to_iris_recognition/Week 1/NDCVRL_002 Dataset/raw/nd1S05999/Left/606932.tiff,nd1S05999,L,4/15/10
606933,/Users/odon/Desktop/intro_to_iris_recognition/Week 1/NDCVRL_002 Dataset/raw/nd1S05999/Left/606933.tiff,nd1S05999,L,4/15/10
606934,/Users/odon/Desktop/intro_to_iris_recognition/Week 1/NDCVRL_002 Dataset/raw/nd1S05999/Left/606934.tiff,nd1S05999,L,4/15/10
606935,/Users/odon/Desktop/intro_to_iris_recognition/Week 1/NDCVRL_002 Dataset/raw/nd1S05999/Left/606935.tiff,nd1S05999,L,4/15/10
606936,/Users/odon/Desktop/intro_to_iris_recognition/Week 1/NDCVRL_002 Dataset/raw/nd1S05999/Left/606936.tiff,nd1S05999,L,4/15/10
606937,/Users/odon/Desktop/intro_to_iris_recognition/Week 1/NDCVRL_002 Dataset/raw/nd1S05999/Left/606937.tiff,nd1S05999,L,4/15/10
609733,/Users/odon/Desktop/intro_to_iris_recognition/Week 1/NDCVRL_002 Dataset/raw/nd1S05999/Left/609733.tiff,nd1S05999,L,4/28/10
609737,/Users/odon/Desktop/intro_to_iris_recognition/Week 1/NDCVRL_002 Dataset/raw/nd1S05999/Left/609737.tiff,nd1S05999,L,4/28/10
614330,/Users/odon/Desktop/intro_to_iris_recognition/Week 1/NDCVRL_002 Dataset/raw/nd1S05999/Left/614330.tiff,nd1S05999,L,4/28/10
614331,/Users/odon/Desktop/intro_to_iris_recognition/Week 1/NDCVRL_002 Dataset/raw/nd1S05999/Left/614331.tiff,nd1S05999,L,4/28/10
614333,/Users/odon/Desktop/intro_to_iris_recognition/Week 1/NDCVRL_002 Dataset/raw/nd1S05999/Left/614333.tiff,nd1S05999,L,4/28/10
614334,/Users/odon/Desktop/intro_to_iris_recognition/Week 1/NDCVRL_002 Dataset/raw/nd1S05999/Left/614334.tiff,nd1S05999,L,4/28/10
614335,/Users/odon/Desktop/intro_to_iris_recognition/Week 1/NDCVRL_002 Dataset/raw/nd1S05999/Left/614335.tiff,nd1S05999,L,4/28/10
614336,/Users/odon/Desktop/intro_to_iris_recognition/Week 1/NDCVRL_002 Dataset/raw/nd1S05999/Left/614336.tiff,nd1S05999,L,4/28/10
614337,/Users/odon/Desktop/intro_to_iris_recognition/Week 1/NDCVRL_002 Dataset/raw/nd1S05999/Left/614337.tiff,nd1S05999,L,4/28/10
614338,/Users/odon/Desktop/intro_to_iris_recognition/Week 1/NDCVRL_002 Dataset/raw/nd1S05999/Left/614338.tiff,nd1S05999,L,4/28/10
614339,/Users/odon/Desktop/intro_to_iris_recognition/Week 1/NDCVRL_002 Dataset/raw/nd1S05999/Left/614339.tiff,nd1S05999,L,4/28/10
614340,/Users/odon/Desktop/intro_to_iris_recognition/Week 1/NDCVRL_002 Dataset/raw/nd1S05999/Left/614340.tiff,nd1S05999,L,4/28/10
614341,/Users/odon/Desktop/intro_to_iris_recognition/Week 1/NDCVRL_002 Dataset/raw/nd1S05999/Left/614341.tiff,nd1S05999,L,4/28/10
452150,/Users/odon/Desktop/intro_to_iris_recognition/Week 1/NDCVRL_002 Dataset/raw/nd1S05999/Right/452150.tiff,nd1S05999,R,4/23/09
452151,/Users/odon/Desktop/intro_to_iris_recognition/Week 1/NDCVRL_002 Dataset/raw/nd1S05999/Right/452151.tiff,nd1S05999,R,4/23/09
452152,/Users/odon/Desktop/intro_to_iris_recognition/Week 1/NDCVRL_002 Dataset/raw/nd1S05999/Right/452152.tiff,nd1S05999,R,4/23/09
452872,/Users/odon/Desktop/intro_to_iris_recognition/Week 1/NDCVRL_002 Dataset/raw/nd1S05999/Right/452872.tiff,nd1S05999,R,4/23/09
452874,/Users/odon/Desktop/intro_to_iris_recognition/Week 1/NDCVRL_002 Dataset/raw/nd1S05999/Right/452874.tiff,nd1S05999,R,4/23/09
452876,/Users/odon/Desktop/intro_to_iris_recognition/Week 1/NDCVRL_002 Dataset/raw/nd1S05999/Right/452876.tiff,nd1S05999,R,4/23/09
511256,/Users/odon/Desktop/intro_to_iris_recognition/Week 1/NDCVRL_002 Dataset/raw/nd1S05999/Right/511256.tiff,nd1S05999,R,11/17/09
511257,/Users/odon/Desktop/intro_to_iris_recognition/Week 1/NDCVRL_002 Dataset/raw/nd1S05999/Right/511257.tiff,nd1S05999,R,11/17/09
511260,/Users/odon/Desktop/intro_to_iris_recognition/Week 1/NDCVRL_002 Dataset/raw/nd1S05999/Right/511260.tiff,nd1S05999,R,11/17/09
511261,/Users/odon/Desktop/intro_to_iris_recognition/Week 1/NDCVRL_002 Dataset/raw/nd1S05999/Right/511261.tiff,nd1S05999,R,11/17/09
511263,/Users/odon/Desktop/intro_to_iris_recognition/Week 1/NDCVRL_002 Dataset/raw/nd1S05999/Right/511263.tiff,nd1S05999,R,11/17/09
513395,/Users/odon/Desktop/intro_to_iris_recognition/Week 1/NDCVRL_002 Dataset/raw/nd1S05999/Right/513395.tiff,nd1S05999,R,11/17/09
513396,/Users/odon/Desktop/intro_to_iris_recognition/Week 1/NDCVRL_002 Dataset/raw/nd1S05999/Right/513396.tiff,nd1S05999,R,11/17/09
513397,/Users/odon/Desktop/intro_to_iris_recognition/Week 1/NDCVRL_002 Dataset/raw/nd1S05999/Right/513397.tiff,nd1S05999,R,11/17/09
513398,/Users/odon/Desktop/intro_to_iris_recognition/Week 1/NDCVRL_002 Dataset/raw/nd1S05999/Right/513398.tiff,nd1S05999,R,11/17/09
513399,/Users/odon/Desktop/intro_to_iris_recognition/Week 1/NDCVRL_002 Dataset/raw/nd1S05999/Right/513399.tiff,nd1S05999,R,11/17/09
513400,/Users/odon/Desktop/intro_to_iris_recognition/Week 1/NDCVRL_002 Dataset/raw/nd1S05999/Right/513400.tiff,nd1S05999,R,11/17/09
513401,/Users/odon/Desktop/intro_to_iris_recognition/Week 1/NDCVRL_002 Dataset/raw/nd1S05999/Right/513401.tiff,nd1S05999,R,11/17/09
513402,/Users/odon/Desktop/intro_to_iris_recognition/Week 1/NDCVRL_002 Dataset/raw/nd1S05999/Right/513402.tiff,nd1S05999,R,11/17/09
513403,/Users/odon/Desktop/intro_to_iris_recognition/Week 1/NDCVRL_002 Dataset/raw/nd1S05999/Right/513403.tiff,nd1S05999,R,11/17/09
513404,/Users/odon/Desktop/intro_to_iris_recognition/Week 1/NDCVRL_002 Dataset/raw/nd1S05999/Right/513404.tiff,nd1S05999,R,11/17/09
513405,/Users/odon/Desktop/intro_to_iris_recognition/Week 1/NDCVRL_002 Dataset/raw/nd1S05999/Right/513405.tiff,nd1S05999,R,11/17/09
513406,/Users/odon/Desktop/intro_to_iris_recognition/Week 1/NDCVRL_002 Dataset/raw/nd1S05999/Right/513406.tiff,nd1S05999,R,11/17/09
522069,/Users/odon/Desktop/intro_to_iris_recognition/Week 1/NDCVRL_002 Dataset/raw/nd1S05999/Right/522069.tiff,nd1S05999,R,12/3/09
522070,/Users/odon/Desktop/intro_to_iris_recognition/Week 1/NDCVRL_002 Dataset/raw/nd1S05999/Right/522070.tiff,nd1S05999,R,12/3/09
522071,/Users/odon/Desktop/intro_to_iris_recognition/Week 1/NDCVRL_002 Dataset/raw/nd1S05999/Right/522071.tiff,nd1S05999,R,12/3/09
522072,/Users/odon/Desktop/intro_to_iris_recognition/Week 1/NDCVRL_002 Dataset/raw/nd1S05999/Right/522072.tiff,nd1S05999,R,12/3/09
522073,/Users/odon/Desktop/intro_to_iris_recognition/Week 1/NDCVRL_002 Dataset/raw/nd1S05999/Right/522073.tiff,nd1S05999,R,12/3/09
522074,/Users/odon/Desktop/intro_to_iris_recognition/Week 1/NDCVRL_002 Dataset/raw/nd1S05999/Right/522074.tiff,nd1S05999,R,12/3/09
522075,/Users/odon/Desktop/intro_to_iris_recognition/Week 1/NDCVRL_002 Dataset/raw/nd1S05999/Right/522075.tiff,nd1S05999,R,12/3/09
522076,/Users/odon/Desktop/intro_to_iris_recognition/Week 1/NDCVRL_002 Dataset/raw/nd1S05999/Right/522076.tiff,nd1S05999,R,12/3/09
522077,/Users/odon/Desktop/intro_to_iris_recognition/Week 1/NDCVRL_002 Dataset/raw/nd1S05999/Right/522077.tiff,nd1S05999,R,12/3/09
522078,/Users/odon/Desktop/intro_to_iris_recognition/Week 1/NDCVRL_002 Dataset/raw/nd1S05999/Right/522078.tiff,nd1S05999,R,12/3/09
522079,/Users/odon/Desktop/intro_to_iris_recognition/Week 1/NDCVRL_002 Dataset/raw/nd1S05999/Right/522079.tiff,nd1S05999,R,12/3/09
522080,/Users/odon/Desktop/intro_to_iris_recognition/Week 1/NDCVRL_002 Dataset/raw/nd1S05999/Right/522080.tiff,nd1S05999,R,12/3/09
524302,/Users/odon/Desktop/intro_to_iris_recognition/Week 1/NDCVRL_002 Dataset/raw/nd1S05999/Right/524302.tiff,nd1S05999,R,12/3/09
524304,/Users/odon/Desktop/intro_to_iris_recognition/Week 1/NDCVRL_002 Dataset/raw/nd1S05999/Right/524304.tiff,nd1S05999,R,12/3/09
524306,/Users/odon/Desktop/intro_to_iris_recognition/Week 1/NDCVRL_002 Dataset/raw/nd1S05999/Right/524306.tiff,nd1S05999,R,12/3/09
526641,/Users/odon/Desktop/intro_to_iris_recognition/Week 1/NDCVRL_002 Dataset/raw/nd1S05999/Right/526641.tiff,nd1S05999,R,11/3/09
526642,/Users/odon/Desktop/intro_to_iris_recognition/Week 1/NDCVRL_002 Dataset/raw/nd1S05999/Right/526642.tiff,nd1S05999,R,11/3/09
526644,/Users/odon/Desktop/intro_to_iris_recognition/Week 1/NDCVRL_002 Dataset/raw/nd1S05999/Right/526644.tiff,nd1S05999,R,11/3/09
526647,/Users/odon/Desktop/intro_to_iris_recognition/Week 1/NDCVRL_002 Dataset/raw/nd1S05999/Right/526647.tiff,nd1S05999,R,11/3/09
526648,/Users/odon/Desktop/intro_to_iris_recognition/Week 1/NDCVRL_002 Dataset/raw/nd1S05999/Right/526648.tiff,nd1S05999,R,11/3/09
527716,/Users/odon/Desktop/intro_to_iris_recognition/Week 1/NDCVRL_002 Dataset/raw/nd1S05999/Right/527716.tiff,nd1S05999,R,11/3/09
527717,/Users/odon/Desktop/intro_to_iris_recognition/Week 1/NDCVRL_002 Dataset/raw/nd1S05999/Right/527717.tiff,nd1S05999,R,11/3/09
527718,/Users/odon/Desktop/intro_to_iris_recognition/Week 1/NDCVRL_002 Dataset/raw/nd1S05999/Right/527718.tiff,nd1S05999,R,11/3/09
527719,/Users/odon/Desktop/intro_to_iris_recognition/Week 1/NDCVRL_002 Dataset/raw/nd1S05999/Right/527719.tiff,nd1S05999,R,11/3/09
527720,/Users/odon/Desktop/intro_to_iris_recognition/Week 1/NDCVRL_002 Dataset/raw/nd1S05999/Right/527720.tiff,nd1S05999,R,11/3/09
527721,/Users/odon/Desktop/intro_to_iris_recognition/Week 1/NDCVRL_002 Dataset/raw/nd1S05999/Right/527721.tiff,nd1S05999,R,11/3/09
527722,/Users/odon/Desktop/intro_to_iris_recognition/Week 1/NDCVRL_002 Dataset/raw/nd1S05999/Right/527722.tiff,nd1S05999,R,11/3/09
1153166,/Users/odon/Desktop/intro_to_iris_recognition/Week 1/NDCVRL_002 Dataset/raw/nd1S06017/Left/1153166.tiff,nd1S06017,L,8/15/12
1153438,/Users/odon/Desktop/intro_to_iris_recognition/Week 1/NDCVRL_002 Dataset/raw/nd1S06017/Left/1153438.tiff,nd1S06017,L,8/15/12
1153445,/Users/odon/Desktop/intro_to_iris_recognition/Week 1/NDCVRL_002 Dataset/raw/nd1S06017/Left/1153445.tiff,nd1S06017,L,8/15/12
1153471,/Users/odon/Desktop/intro_to_iris_recognition/Week 1/NDCVRL_002 Dataset/raw/nd1S06017/Left/1153471.tiff,nd1S06017,L,8/15/12
1153485,/Users/odon/Desktop/intro_to_iris_recognition/Week 1/NDCVRL_002 Dataset/raw/nd1S06017/Left/1153485.tiff,nd1S06017,L,8/15/12
1156490,/Users/odon/Desktop/intro_to_iris_recognition/Week 1/NDCVRL_002 Dataset/raw/nd1S06017/Left/1156490.tiff,nd1S06017,L,8/16/12
1156530,/Users/odon/Desktop/intro_to_iris_recognition/Week 1/NDCVRL_002 Dataset/raw/nd1S06017/Left/1156530.tiff,nd1S06017,L,8/16/12
1156638,/Users/odon/Desktop/intro_to_iris_recognition/Week 1/NDCVRL_002 Dataset/raw/nd1S06017/Left/1156638.tiff,nd1S06017,L,8/16/12
1156676,/Users/odon/Desktop/intro_to_iris_recognition/Week 1/NDCVRL_002 Dataset/raw/nd1S06017/Left/1156676.tiff,nd1S06017,L,8/16/12
1156714,/Users/odon/Desktop/intro_to_iris_recognition/Week 1/NDCVRL_002 Dataset/raw/nd1S06017/Left/1156714.tiff,nd1S06017,L,8/16/12
1156839,/Users/odon/Desktop/intro_to_iris_recognition/Week 1/NDCVRL_002 Dataset/raw/nd1S06017/Left/1156839.tiff,nd1S06017,L,8/16/12
1156990,/Users/odon/Desktop/intro_to_iris_recognition/Week 1/NDCVRL_002 Dataset/raw/nd1S06017/Left/1156990.tiff,nd1S06017,L,8/16/12
1157029,/Users/odon/Desktop/intro_to_iris_recognition/Week 1/NDCVRL_002 Dataset/raw/nd1S06017/Left/1157029.tiff,nd1S06017,L,8/16/12
1158245,/Users/odon/Desktop/intro_to_iris_recognition/Week 1/NDCVRL_002 Dataset/raw/nd1S06017/Left/1158245.tiff,nd1S06017,L,8/14/12
1159930,/Users/odon/Desktop/intro_to_iris_recognition/Week 1/NDCVRL_002 Dataset/raw/nd1S06017/Left/1159930.tiff,nd1S06017,L,8/15/12
1159979,/Users/odon/Desktop/intro_to_iris_recognition/Week 1/NDCVRL_002 Dataset/raw/nd1S06017/Left/1159979.tiff,nd1S06017,L,8/15/12
1160014,/Users/odon/Desktop/intro_to_iris_recognition/Week 1/NDCVRL_002 Dataset/raw/nd1S06017/Left/1160014.tiff,nd1S06017,L,8/15/12
1161496,/Users/odon/Desktop/intro_to_iris_recognition/Week 1/NDCVRL_002 Dataset/raw/nd1S06017/Left/1161496.tiff,nd1S06017,L,8/16/12
1161555,/Users/odon/Desktop/intro_to_iris_recognition/Week 1/NDCVRL_002 Dataset/raw/nd1S06017/Left/1161555.tiff,nd1S06017,L,8/16/12
1161576,/Users/odon/Desktop/intro_to_iris_recognition/Week 1/NDCVRL_002 Dataset/raw/nd1S06017/Left/1161576.tiff,nd1S06017,L,8/16/12
1156590,/Users/odon/Desktop/intro_to_iris_recognition/Week 1/NDCVRL_002 Dataset/raw/nd1S06017/Right/1156590.tiff,nd1S06017,R,8/16/12
1156623,/Users/odon/Desktop/intro_to_iris_recognition/Week 1/NDCVRL_002 Dataset/raw/nd1S06017/Right/1156623.tiff,nd1S06017,R,8/16/12
1156625,/Users/odon/Desktop/intro_to_iris_recognition/Week 1/NDCVRL_002 Dataset/raw/nd1S06017/Right/1156625.tiff,nd1S06017,R,8/16/12
1156774,/Users/odon/Desktop/intro_to_iris_recognition/Week 1/NDCVRL_002 Dataset/raw/nd1S06017/Right/1156774.tiff,nd1S06017,R,8/16/12
1156901,/Users/odon/Desktop/intro_to_iris_recognition/Week 1/NDCVRL_002 Dataset/raw/nd1S06017/Right/1156901.tiff,nd1S06017,R,8/16/12
1157039,/Users/odon/Desktop/intro_to_iris_recognition/Week 1/NDCVRL_002 Dataset/raw/nd1S06017/Right/1157039.tiff,nd1S06017,R,8/16/12
1157063,/Users/odon/Desktop/intro_to_iris_recognition/Week 1/NDCVRL_002 Dataset/raw/nd1S06017/Right/1157063.tiff,nd1S06017,R,8/16/12
1157073,/Users/odon/Desktop/intro_to_iris_recognition/Week 1/NDCVRL_002 Dataset/raw/nd1S06017/Right/1157073.tiff,nd1S06017,R,8/16/12
1157093,/Users/odon/Desktop/intro_to_iris_recognition/Week 1/NDCVRL_002 Dataset/raw/nd1S06017/Right/1157093.tiff,nd1S06017,R,8/16/12
1159803,/Users/odon/Desktop/intro_to_iris_recognition/Week 1/NDCVRL_002 Dataset/raw/nd1S06017/Right/1159803.tiff,nd1S06017,R,8/15/12
1159814,/Users/odon/Desktop/intro_to_iris_recognition/Week 1/NDCVRL_002 Dataset/raw/nd1S06017/Right/1159814.tiff,nd1S06017,R,8/15/12
1160048,/Users/odon/Desktop/intro_to_iris_recognition/Week 1/NDCVRL_002 Dataset/raw/nd1S06017/Right/1160048.tiff,nd1S06017,R,8/15/12
1161616,/Users/odon/Desktop/intro_to_iris_recognition/Week 1/NDCVRL_002 Dataset/raw/nd1S06017/Right/1161616.tiff,nd1S06017,R,8/16/12
1161671,/Users/odon/Desktop/intro_to_iris_recognition/Week 1/NDCVRL_002 Dataset/raw/nd1S06017/Right/1161671.tiff,nd1S06017,R,8/16/12
1161677,/Users/odon/Desktop/intro_to_iris_recognition/Week 1/NDCVRL_002 Dataset/raw/nd1S06017/Right/1161677.tiff,nd1S06017,R,8/16/12
801208,/Users/odon/Desktop/intro_to_iris_recognition/Week 1/NDCVRL_002 Dataset/raw/nd1S06044/Left/801208.tiff,nd1S06044,L,3/10/11
817089,/Users/odon/Desktop/intro_to_iris_recognition/Week 1/NDCVRL_002 Dataset/raw/nd1S06044/Left/817089.tiff,nd1S06044,L,3/10/11
817090,/Users/odon/Desktop/intro_to_iris_recognition/Week 1/NDCVRL_002 Dataset/raw/nd1S06044/Left/817090.tiff,nd1S06044,L,3/10/11
817091,/Users/odon/Desktop/intro_to_iris_recognition/Week 1/NDCVRL_002 Dataset/raw/nd1S06044/Left/817091.tiff,nd1S06044,L,3/10/11
817092,/Users/odon/Desktop/intro_to_iris_recognition/Week 1/NDCVRL_002 Dataset/raw/nd1S06044/Left/817092.tiff,nd1S06044,L,3/10/11
825314,/Users/odon/Desktop/intro_to_iris_recognition/Week 1/NDCVRL_002 Dataset/raw/nd1S06044/Left/825314.tiff,nd1S06044,L,3/24/11
825317,/Users/odon/Desktop/intro_to_iris_recognition/Week 1/NDCVRL_002 Dataset/raw/nd1S06044/Left/825317.tiff,nd1S06044,L,3/24/11
829939,/Users/odon/Desktop/intro_to_iris_recognition/Week 1/NDCVRL_002 Dataset/raw/nd1S06044/Left/829939.tiff,nd1S06044,L,3/24/11
829940,/Users/odon/Desktop/intro_to_iris_recognition/Week 1/NDCVRL_002 Dataset/raw/nd1S06044/Left/829940.tiff,nd1S06044,L,3/24/11
831092,/Users/odon/Desktop/intro_to_iris_recognition/Week 1/NDCVRL_002 Dataset/raw/nd1S06044/Left/831092.tiff,nd1S06044,L,3/24/11
831095,/Users/odon/Desktop/intro_to_iris_recognition/Week 1/NDCVRL_002 Dataset/raw/nd1S06044/Left/831095.tiff,nd1S06044,L,3/24/11
831104,/Users/odon/Desktop/intro_to_iris_recognition/Week 1/NDCVRL_002 Dataset/raw/nd1S06044/Left/831104.tiff,nd1S06044,L,3/24/11
831106,/Users/odon/Desktop/intro_to_iris_recognition/Week 1/NDCVRL_002 Dataset/raw/nd1S06044/Left/831106.tiff,nd1S06044,L,3/24/11
831989,/Users/odon/Desktop/intro_to_iris_recognition/Week 1/NDCVRL_002 Dataset/raw/nd1S06044/Left/831989.tiff,nd1S06044,L,3/24/11
831999,/Users/odon/Desktop/intro_to_iris_recognition/Week 1/NDCVRL_002 Dataset/raw/nd1S06044/Left/831999.tiff,nd1S06044,L,3/24/11
832000,/Users/odon/Desktop/intro_to_iris_recognition/Week 1/NDCVRL_002 Dataset/raw/nd1S06044/Left/832000.tiff,nd1S06044,L,3/24/11
868861,/Users/odon/Desktop/intro_to_iris_recognition/Week 1/NDCVRL_002 Dataset/raw/nd1S06044/Left/868861.tiff,nd1S06044,L,4/14/11
868862,/Users/odon/Desktop/intro_to_iris_recognition/Week 1/NDCVRL_002 Dataset/raw/nd1S06044/Left/868862.tiff,nd1S06044,L,4/14/11
868871,/Users/odon/Desktop/intro_to_iris_recognition/Week 1/NDCVRL_002 Dataset/raw/nd1S06044/Left/868871.tiff,nd1S06044,L,4/14/11
871066,/Users/odon/Desktop/intro_to_iris_recognition/Week 1/NDCVRL_002 Dataset/raw/nd1S06044/Left/871066.tiff,nd1S06044,L,4/14/11
871999,/Users/odon/Desktop/intro_to_iris_recognition/Week 1/NDCVRL_002 Dataset/raw/nd1S06044/Left/871999.tiff,nd1S06044,L,4/14/11
872000,/Users/odon/Desktop/intro_to_iris_recognition/Week 1/NDCVRL_002 Dataset/raw/nd1S06044/Left/872000.tiff,nd1S06044,L,4/14/11
872001,/Users/odon/Desktop/intro_to_iris_recognition/Week 1/NDCVRL_002 Dataset/raw/nd1S06044/Left/872001.tiff,nd1S06044,L,4/14/11
872002,/Users/odon/Desktop/intro_to_iris_recognition/Week 1/NDCVRL_002 Dataset/raw/nd1S06044/Left/872002.tiff,nd1S06044,L,4/14/11
872614,/Users/odon/Desktop/intro_to_iris_recognition/Week 1/NDCVRL_002 Dataset/raw/nd1S06044/Left/872614.tiff,nd1S06044,L,4/14/11
872615,/Users/odon/Desktop/intro_to_iris_recognition/Week 1/NDCVRL_002 Dataset/raw/nd1S06044/Left/872615.tiff,nd1S06044,L,4/14/11
873458,/Users/odon/Desktop/intro_to_iris_recognition/Week 1/NDCVRL_002 Dataset/raw/nd1S06044/Left/873458.tiff,nd1S06044,L,4/14/11
873460,/Users/odon/Desktop/intro_to_iris_recognition/Week 1/NDCVRL_002 Dataset/raw/nd1S06044/Left/873460.tiff,nd1S06044,L,4/14/11
873462,/Users/odon/Desktop/intro_to_iris_recognition/Week 1/NDCVRL_002 Dataset/raw/nd1S06044/Left/873462.tiff,nd1S06044,L,4/14/11
511504,/Users/odon/Desktop/intro_to_iris_recognition/Week 1/NDCVRL_002 Dataset/raw/nd1S06044/Right/511504.tiff,nd1S06044,R,11/17/09
513907,/Users/odon/Desktop/intro_to_iris_recognition/Week 1/NDCVRL_002 Dataset/raw/nd1S06044/Right/513907.tiff,nd1S06044,R,11/17/09
542830,/Users/odon/Desktop/intro_to_iris_recognition/Week 1/NDCVRL_002 Dataset/raw/nd1S06044/Right/542830.tiff,nd1S06044,R,1/28/10
591823,/Users/odon/Desktop/intro_to_iris_recognition/Week 1/NDCVRL_002 Dataset/raw/nd1S06044/Right/591823.tiff,nd1S06044,R,3/18/10
616349,/Users/odon/Desktop/intro_to_iris_recognition/Week 1/NDCVRL_002 Dataset/raw/nd1S06044/Right/616349.tiff,nd1S06044,R,4/29/10
616353,/Users/odon/Desktop/intro_to_iris_recognition/Week 1/NDCVRL_002 Dataset/raw/nd1S06044/Right/616353.tiff,nd1S06044,R,4/29/10
676498,/Users/odon/Desktop/intro_to_iris_recognition/Week 1/NDCVRL_002 Dataset/raw/nd1S06044/Right/676498.tiff,nd1S06044,R,10/28/10
697059,/Users/odon/Desktop/intro_to_iris_recognition/Week 1/NDCVRL_002 Dataset/raw/nd1S06044/Right/697059.tiff,nd1S06044,R,12/2/10
701983,/Users/odon/Desktop/intro_to_iris_recognition/Week 1/NDCVRL_002 Dataset/raw/nd1S06044/Right/701983.tiff,nd1S06044,R,12/2/10
763873,/Users/odon/Desktop/intro_to_iris_recognition/Week 1/NDCVRL_002 Dataset/raw/nd1S06044/Right/763873.tiff,nd1S06044,R,2/24/11
763885,/Users/odon/Desktop/intro_to_iris_recognition/Week 1/NDCVRL_002 Dataset/raw/nd1S06044/Right/763885.tiff,nd1S06044,R,2/24/11
767072,/Users/odon/Desktop/intro_to_iris_recognition/Week 1/NDCVRL_002 Dataset/raw/nd1S06044/Right/767072.tiff,nd1S06044,R,2/24/11
796255,/Users/odon/Desktop/intro_to_iris_recognition/Week 1/NDCVRL_002 Dataset/raw/nd1S06044/Right/796255.tiff,nd1S06044,R,3/10/11
796830,/Users/odon/Desktop/intro_to_iris_recognition/Week 1/NDCVRL_002 Dataset/raw/nd1S06044/Right/796830.tiff,nd1S06044,R,3/10/11
817458,/Users/odon/Desktop/intro_to_iris_recognition/Week 1/NDCVRL_002 Dataset/raw/nd1S06044/Right/817458.tiff,nd1S06044,R,3/10/11
831997,/Users/odon/Desktop/intro_to_iris_recognition/Week 1/NDCVRL_002 Dataset/raw/nd1S06044/Right/831997.tiff,nd1S06044,R,3/24/11
872618,/Users/odon/Desktop/intro_to_iris_recognition/Week 1/NDCVRL_002 Dataset/raw/nd1S06044/Right/872618.tiff,nd1S06044,R,4/14/11
873461,/Users/odon/Desktop/intro_to_iris_recognition/Week 1/NDCVRL_002 Dataset/raw/nd1S06044/Right/873461.tiff,nd1S06044,R,4/14/11
873463,/Users/odon/Desktop/intro_to_iris_recognition/Week 1/NDCVRL_002 Dataset/raw/nd1S06044/Right/873463.tiff,nd1S06044,R,4/14/11
512646,/Users/odon/Desktop/intro_to_iris_recognition/Week 1/NDCVRL_002 Dataset/raw/nd1S06069/Left/512646.tiff,nd1S06069,L,11/18/09
516337,/Users/odon/Desktop/intro_to_iris_recognition/Week 1/NDCVRL_002 Dataset/raw/nd1S06069/Left/516337.tiff,nd1S06069,L,11/18/09
540866,/Users/odon/Desktop/intro_to_iris_recognition/Week 1/NDCVRL_002 Dataset/raw/nd1S06069/Left/540866.tiff,nd1S06069,L,1/27/10
540875,/Users/odon/Desktop/intro_to_iris_recognition/Week 1/NDCVRL_002 Dataset/raw/nd1S06069/Left/540875.tiff,nd1S06069,L,1/27/10
559923,/Users/odon/Desktop/intro_to_iris_recognition/Week 1/NDCVRL_002 Dataset/raw/nd1S06069/Left/559923.tiff,nd1S06069,L,2/11/10
584851,/Users/odon/Desktop/intro_to_iris_recognition/Week 1/NDCVRL_002 Dataset/raw/nd1S06069/Left/584851.tiff,nd1S06069,L,2/25/10
584853,/Users/odon/Desktop/intro_to_iris_recognition/Week 1/NDCVRL_002 Dataset/raw/nd1S06069/Left/584853.tiff,nd1S06069,L,2/25/10
709053,/Users/odon/Desktop/intro_to_iris_recognition/Week 1/NDCVRL_002 Dataset/raw/nd1S06069/Left/709053.tiff,nd1S06069,L,1/27/11
709066,/Users/odon/Desktop/intro_to_iris_recognition/Week 1/NDCVRL_002 Dataset/raw/nd1S06069/Left/709066.tiff,nd1S06069,L,1/27/11
709069,/Users/odon/Desktop/intro_to_iris_recognition/Week 1/NDCVRL_002 Dataset/raw/nd1S06069/Left/709069.tiff,nd1S06069,L,1/27/11
791160,/Users/odon/Desktop/intro_to_iris_recognition/Week 1/NDCVRL_002 Dataset/raw/nd1S06069/Left/791160.tiff,nd1S06069,L,3/9/11
799994,/Users/odon/Desktop/intro_to_iris_recognition/Week 1/NDCVRL_002 Dataset/raw/nd1S06069/Left/799994.tiff,nd1S06069,L,3/9/11
800744,/Users/odon/Desktop/intro_to_iris_recognition/Week 1/NDCVRL_002 Dataset/raw/nd1S06069/Left/800744.tiff,nd1S06069,L,3/9/11
517733,/Users/odon/Desktop/intro_to_iris_recognition/Week 1/NDCVRL_002 Dataset/raw/nd1S06078/Right/517733.tiff,nd1S06078,R,11/19/09
537687,/Users/odon/Desktop/intro_to_iris_recognition/Week 1/NDCVRL_002 Dataset/raw/nd1S06078/Right/537687.tiff,nd1S06078,R,1/28/10
542749,/Users/odon/Desktop/intro_to_iris_recognition/Week 1/NDCVRL_002 Dataset/raw/nd1S06078/Right/542749.tiff,nd1S06078,R,1/28/10
542750,/Users/odon/Desktop/intro_to_iris_recognition/Week 1/NDCVRL_002 Dataset/raw/nd1S06078/Right/542750.tiff,nd1S06078,R,1/28/10
542757,/Users/odon/Desktop/intro_to_iris_recognition/Week 1/NDCVRL_002 Dataset/raw/nd1S06078/Right/542757.tiff,nd1S06078,R,1/28/10
546487,/Users/odon/Desktop/intro_to_iris_recognition/Week 1/NDCVRL_002 Dataset/raw/nd1S06078/Right/546487.tiff,nd1S06078,R,11/19/09
608296,/Users/odon/Desktop/intro_to_iris_recognition/Week 1/NDCVRL_002 Dataset/raw/nd1S06078/Right/608296.tiff,nd1S06078,R,4/15/10
609900,/Users/odon/Desktop/intro_to_iris_recognition/Week 1/NDCVRL_002 Dataset/raw/nd1S06078/Right/609900.tiff,nd1S06078,R,4/28/10
609902,/Users/odon/Desktop/intro_to_iris_recognition/Week 1/NDCVRL_002 Dataset/raw/nd1S06078/Right/609902.tiff,nd1S06078,R,4/28/10
615016,/Users/odon/Desktop/intro_to_iris_recognition/Week 1/NDCVRL_002 Dataset/raw/nd1S06078/Right/615016.tiff,nd1S06078,R,4/28/10
615021,/Users/odon/Desktop/intro_to_iris_recognition/Week 1/NDCVRL_002 Dataset/raw/nd1S06078/Right/615021.tiff,nd1S06078,R,4/28/10
513034,/Users/odon/Desktop/intro_to_iris_recognition/Week 1/NDCVRL_002 Dataset/raw/nd1S06079/Left/513034.tiff,nd1S06079,L,11/19/09
517809,/Users/odon/Desktop/intro_to_iris_recognition/Week 1/NDCVRL_002 Dataset/raw/nd1S06079/Left/517809.tiff,nd1S06079,L,11/19/09
517820,/Users/odon/Desktop/intro_to_iris_recognition/Week 1/NDCVRL_002 Dataset/raw/nd1S06079/Left/517820.tiff,nd1S06079,L,11/19/09
520930,/Users/odon/Desktop/intro_to_iris_recognition/Week 1/NDCVRL_002 Dataset/raw/nd1S06079/Left/520930.tiff,nd1S06079,L,12/2/09
520931,/Users/odon/Desktop/intro_to_iris_recognition/Week 1/NDCVRL_002 Dataset/raw/nd1S06079/Left/520931.tiff,nd1S06079,L,12/2/09
579746,/Users/odon/Desktop/intro_to_iris_recognition/Week 1/NDCVRL_002 Dataset/raw/nd1S06079/Left/579746.tiff,nd1S06079,L,2/25/10
589852,/Users/odon/Desktop/intro_to_iris_recognition/Week 1/NDCVRL_002 Dataset/raw/nd1S06079/Left/589852.tiff,nd1S06079,L,3/17/10
589853,/Users/odon/Desktop/intro_to_iris_recognition/Week 1/NDCVRL_002 Dataset/raw/nd1S06079/Left/589853.tiff,nd1S06079,L,3/17/10
606233,/Users/odon/Desktop/intro_to_iris_recognition/Week 1/NDCVRL_002 Dataset/raw/nd1S06079/Left/606233.tiff,nd1S06079,L,4/14/10
613268,/Users/odon/Desktop/intro_to_iris_recognition/Week 1/NDCVRL_002 Dataset/raw/nd1S06079/Left/613268.tiff,nd1S06079,L,4/28/10
613278,/Users/odon/Desktop/intro_to_iris_recognition/Week 1/NDCVRL_002 Dataset/raw/nd1S06079/Left/613278.tiff,nd1S06079,L,4/28/10
673903,/Users/odon/Desktop/intro_to_iris_recognition/Week 1/NDCVRL_002 Dataset/raw/nd1S06079/Left/673903.tiff,nd1S06079,L,10/26/10
695729,/Users/odon/Desktop/intro_to_iris_recognition/Week 1/NDCVRL_002 Dataset/raw/nd1S06079/Left/695729.tiff,nd1S06079,L,12/1/10
701574,/Users/odon/Desktop/intro_to_iris_recognition/Week 1/NDCVRL_002 Dataset/raw/nd1S06079/Left/701574.tiff,nd1S06079,L,12/1/10
725510,/Users/odon/Desktop/intro_to_iris_recognition/Week 1/NDCVRL_002 Dataset/raw/nd1S06079/Left/725510.tiff,nd1S06079,L,2/10/11
729793,/Users/odon/Desktop/intro_to_iris_recognition/Week 1/NDCVRL_002 Dataset/raw/nd1S06079/Left/729793.tiff,nd1S06079,L,2/10/11
764082,/Users/odon/Desktop/intro_to_iris_recognition/Week 1/NDCVRL_002 Dataset/raw/nd1S06079/Left/764082.tiff,nd1S06079,L,2/24/11
764095,/Users/odon/Desktop/intro_to_iris_recognition/Week 1/NDCVRL_002 Dataset/raw/nd1S06079/Left/764095.tiff,nd1S06079,L,2/24/11
767158,/Users/odon/Desktop/intro_to_iris_recognition/Week 1/NDCVRL_002 Dataset/raw/nd1S06079/Left/767158.tiff,nd1S06079,L,2/24/11
768445,/Users/odon/Desktop/intro_to_iris_recognition/Week 1/NDCVRL_002 Dataset/raw/nd1S06079/Left/768445.tiff,nd1S06079,L,2/24/11
695734,/Users/odon/Desktop/intro_to_iris_recognition/Week 1/NDCVRL_002 Dataset/raw/nd1S06079/Right/695734.tiff,nd1S06079,R,12/1/10
701571,/Users/odon/Desktop/intro_to_iris_recognition/Week 1/NDCVRL_002 Dataset/raw/nd1S06079/Right/701571.tiff,nd1S06079,R,12/1/10
725517,/Users/odon/Desktop/intro_to_iris_recognition/Week 1/NDCVRL_002 Dataset/raw/nd1S06079/Right/725517.tiff,nd1S06079,R,2/10/11
725519,/Users/odon/Desktop/intro_to_iris_recognition/Week 1/NDCVRL_002 Dataset/raw/nd1S06079/Right/725519.tiff,nd1S06079,R,2/10/11
725525,/Users/odon/Desktop/intro_to_iris_recognition/Week 1/NDCVRL_002 Dataset/raw/nd1S06079/Right/725525.tiff,nd1S06079,R,2/10/11
725529,/Users/odon/Desktop/intro_to_iris_recognition/Week 1/NDCVRL_002 Dataset/raw/nd1S06079/Right/725529.tiff,nd1S06079,R,2/10/11
729800,/Users/odon/Desktop/intro_to_iris_recognition/Week 1/NDCVRL_002 Dataset/raw/nd1S06079/Right/729800.tiff,nd1S06079,R,2/10/11
730576,/Users/odon/Desktop/intro_to_iris_recognition/Week 1/NDCVRL_002 Dataset/raw/nd1S06079/Right/730576.tiff,nd1S06079,R,2/10/11
732986,/Users/odon/Desktop/intro_to_iris_recognition/Week 1/NDCVRL_002 Dataset/raw/nd1S06079/Right/732986.tiff,nd1S06079,R,2/10/11
764090,/Users/odon/Desktop/intro_to_iris_recognition/Week 1/NDCVRL_002 Dataset/raw/nd1S06079/Right/764090.tiff,nd1S06079,R,2/24/11
764100,/Users/odon/Desktop/intro_to_iris_recognition/Week 1/NDCVRL_002 Dataset/raw/nd1S06079/Right/764100.tiff,nd1S06079,R,2/24/11
764528,/Users/odon/Desktop/intro_to_iris_recognition/Week 1/NDCVRL_002 Dataset/raw/nd1S06079/Right/764528.tiff,nd1S06079,R,2/24/11
767163,/Users/odon/Desktop/intro_to_iris_recognition/Week 1/NDCVRL_002 Dataset/raw/nd1S06079/Right/767163.tiff,nd1S06079,R,2/24/11
767720,/Users/odon/Desktop/intro_to_iris_recognition/Week 1/NDCVRL_002 Dataset/raw/nd1S06079/Right/767720.tiff,nd1S06079,R,2/24/11
768446,/Users/odon/Desktop/intro_to_iris_recognition/Week 1/NDCVRL_002 Dataset/raw/nd1S06079/Right/768446.tiff,nd1S06079,R,2/24/11
519188,/Users/odon/Desktop/intro_to_iris_recognition/Week 1/NDCVRL_002 Dataset/raw/nd1S06082/Left/519188.tiff,nd1S06082,L,12/1/09
519193,/Users/odon/Desktop/intro_to_iris_recognition/Week 1/NDCVRL_002 Dataset/raw/nd1S06082/Left/519193.tiff,nd1S06082,L,12/1/09
523615,/Users/odon/Desktop/intro_to_iris_recognition/Week 1/NDCVRL_002 Dataset/raw/nd1S06082/Left/523615.tiff,nd1S06082,L,12/1/09
536586,/Users/odon/Desktop/intro_to_iris_recognition/Week 1/NDCVRL_002 Dataset/raw/nd1S06082/Left/536586.tiff,nd1S06082,L,1/26/10
538147,/Users/odon/Desktop/intro_to_iris_recognition/Week 1/NDCVRL_002 Dataset/raw/nd1S06082/Left/538147.tiff,nd1S06082,L,1/26/10
538149,/Users/odon/Desktop/intro_to_iris_recognition/Week 1/NDCVRL_002 Dataset/raw/nd1S06082/Left/538149.tiff,nd1S06082,L,1/26/10
538152,/Users/odon/Desktop/intro_to_iris_recognition/Week 1/NDCVRL_002 Dataset/raw/nd1S06082/Left/538152.tiff,nd1S06082,L,1/26/10
538154,/Users/odon/Desktop/intro_to_iris_recognition/Week 1/NDCVRL_002 Dataset/raw/nd1S06082/Left/538154.tiff,nd1S06082,L,1/26/10
538156,/Users/odon/Desktop/intro_to_iris_recognition/Week 1/NDCVRL_002 Dataset/raw/nd1S06082/Left/538156.tiff,nd1S06082,L,1/26/10
538158,/Users/odon/Desktop/intro_to_iris_recognition/Week 1/NDCVRL_002 Dataset/raw/nd1S06082/Left/538158.tiff,nd1S06082,L,1/26/10
553785,/Users/odon/Desktop/intro_to_iris_recognition/Week 1/NDCVRL_002 Dataset/raw/nd1S06082/Left/553785.tiff,nd1S06082,L,2/9/10
555653,/Users/odon/Desktop/intro_to_iris_recognition/Week 1/NDCVRL_002 Dataset/raw/nd1S06082/Left/555653.tiff,nd1S06082,L,2/9/10
555661,/Users/odon/Desktop/intro_to_iris_recognition/Week 1/NDCVRL_002 Dataset/raw/nd1S06082/Left/555661.tiff,nd1S06082,L,2/9/10
555662,/Users/odon/Desktop/intro_to_iris_recognition/Week 1/NDCVRL_002 Dataset/raw/nd1S06082/Left/555662.tiff,nd1S06082,L,2/9/10
579044,/Users/odon/Desktop/intro_to_iris_recognition/Week 1/NDCVRL_002 Dataset/raw/nd1S06082/Left/579044.tiff,nd1S06082,L,2/23/10
579048,/Users/odon/Desktop/intro_to_iris_recognition/Week 1/NDCVRL_002 Dataset/raw/nd1S06082/Left/579048.tiff,nd1S06082,L,2/23/10
581545,/Users/odon/Desktop/intro_to_iris_recognition/Week 1/NDCVRL_002 Dataset/raw/nd1S06082/Left/581545.tiff,nd1S06082,L,2/23/10
1085025,/Users/odon/Desktop/intro_to_iris_recognition/Week 1/NDCVRL_002 Dataset/raw/nd1S06082/Right/1085025.tiff,nd1S06082,R,2/21/12
1103832,/Users/odon/Desktop/intro_to_iris_recognition/Week 1/NDCVRL_002 Dataset/raw/nd1S06082/Right/1103832.tiff,nd1S06082,R,3/6/12
1103833,/Users/odon/Desktop/intro_to_iris_recognition/Week 1/NDCVRL_002 Dataset/raw/nd1S06082/Right/1103833.tiff,nd1S06082,R,3/6/12
1103838,/Users/odon/Desktop/intro_to_iris_recognition/Week 1/NDCVRL_002 Dataset/raw/nd1S06082/Right/1103838.tiff,nd1S06082,R,3/6/12
1103841,/Users/odon/Desktop/intro_to_iris_recognition/Week 1/NDCVRL_002 Dataset/raw/nd1S06082/Right/1103841.tiff,nd1S06082,R,3/6/12
1104801,/Users/odon/Desktop/intro_to_iris_recognition/Week 1/NDCVRL_002 Dataset/raw/nd1S06082/Right/1104801.tiff,nd1S06082,R,3/6/12
1106510,/Users/odon/Desktop/intro_to_iris_recognition/Week 1/NDCVRL_002 Dataset/raw/nd1S06082/Right/1106510.tiff,nd1S06082,R,3/6/12
1106511,/Users/odon/Desktop/intro_to_iris_recognition/Week 1/NDCVRL_002 Dataset/raw/nd1S06082/Right/1106511.tiff,nd1S06082,R,3/6/12
1130446,/Users/odon/Desktop/intro_to_iris_recognition/Week 1/NDCVRL_002 Dataset/raw/nd1S06082/Right/1130446.tiff,nd1S06082,R,3/28/12
1131934,/Users/odon/Desktop/intro_to_iris_recognition/Week 1/NDCVRL_002 Dataset/raw/nd1S06082/Right/1131934.tiff,nd1S06082,R,3/28/12
1131939,/Users/odon/Desktop/intro_to_iris_recognition/Week 1/NDCVRL_002 Dataset/raw/nd1S06082/Right/1131939.tiff,nd1S06082,R,3/28/12
1132516,/Users/odon/Desktop/intro_to_iris_recognition/Week 1/NDCVRL_002 Dataset/raw/nd1S06082/Right/1132516.tiff,nd1S06082,R,3/28/12
1132520,/Users/odon/Desktop/intro_to_iris_recognition/Week 1/NDCVRL_002 Dataset/raw/nd1S06082/Right/1132520.tiff,nd1S06082,R,3/28/12
1132527,/Users/odon/Desktop/intro_to_iris_recognition/Week 1/NDCVRL_002 Dataset/raw/nd1S06082/Right/1132527.tiff,nd1S06082,R,3/28/12
1132528,/Users/odon/Desktop/intro_to_iris_recognition/Week 1/NDCVRL_002 Dataset/raw/nd1S06082/Right/1132528.tiff,nd1S06082,R,3/28/12
1132529,/Users/odon/Desktop/intro_to_iris_recognition/Week 1/NDCVRL_002 Dataset/raw/nd1S06082/Right/1132529.tiff,nd1S06082,R,3/28/12
520224,/Users/odon/Desktop/intro_to_iris_recognition/Week 1/NDCVRL_002 Dataset/raw/nd1S06085/Right/520224.tiff,nd1S06085,R,12/2/09
520232,/Users/odon/Desktop/intro_to_iris_recognition/Week 1/NDCVRL_002 Dataset/raw/nd1S06085/Right/520232.tiff,nd1S06085,R,12/2/09
520235,/Users/odon/Desktop/intro_to_iris_recognition/Week 1/NDCVRL_002 Dataset/raw/nd1S06085/Right/520235.tiff,nd1S06085,R,12/2/09
537991,/Users/odon/Desktop/intro_to_iris_recognition/Week 1/NDCVRL_002 Dataset/raw/nd1S06085/Right/537991.tiff,nd1S06085,R,1/26/10
602597,/Users/odon/Desktop/intro_to_iris_recognition/Week 1/NDCVRL_002 Dataset/raw/nd1S06085/Right/602597.tiff,nd1S06085,R,4/13/10
602604,/Users/odon/Desktop/intro_to_iris_recognition/Week 1/NDCVRL_002 Dataset/raw/nd1S06085/Right/602604.tiff,nd1S06085,R,4/13/10
602605,/Users/odon/Desktop/intro_to_iris_recognition/Week 1/NDCVRL_002 Dataset/raw/nd1S06085/Right/602605.tiff,nd1S06085,R,4/13/10
707339,/Users/odon/Desktop/intro_to_iris_recognition/Week 1/NDCVRL_002 Dataset/raw/nd1S06085/Right/707339.tiff,nd1S06085,R,1/26/11
707341,/Users/odon/Desktop/intro_to_iris_recognition/Week 1/NDCVRL_002 Dataset/raw/nd1S06085/Right/707341.tiff,nd1S06085,R,1/26/11
707343,/Users/odon/Desktop/intro_to_iris_recognition/Week 1/NDCVRL_002 Dataset/raw/nd1S06085/Right/707343.tiff,nd1S06085,R,1/26/11
707345,/Users/odon/Desktop/intro_to_iris_recognition/Week 1/NDCVRL_002 Dataset/raw/nd1S06085/Right/707345.tiff,nd1S06085,R,1/26/11
707346,/Users/odon/Desktop/intro_to_iris_recognition/Week 1/NDCVRL_002 Dataset/raw/nd1S06085/Right/707346.tiff,nd1S06085,R,1/26/11
707349,/Users/odon/Desktop/intro_to_iris_recognition/Week 1/NDCVRL_002 Dataset/raw/nd1S06085/Right/707349.tiff,nd1S06085,R,1/26/11
707354,/Users/odon/Desktop/intro_to_iris_recognition/Week 1/NDCVRL_002 Dataset/raw/nd1S06085/Right/707354.tiff,nd1S06085,R,1/26/11
707357,/Users/odon/Desktop/intro_to_iris_recognition/Week 1/NDCVRL_002 Dataset/raw/nd1S06085/Right/707357.tiff,nd1S06085,R,1/26/11
520309,/Users/odon/Desktop/intro_to_iris_recognition/Week 1/NDCVRL_002 Dataset/raw/nd1S06086/Left/520309.tiff,nd1S06086,L,12/2/09
520316,/Users/odon/Desktop/intro_to_iris_recognition/Week 1/NDCVRL_002 Dataset/raw/nd1S06086/Left/520316.tiff,nd1S06086,L,12/2/09
523881,/Users/odon/Desktop/intro_to_iris_recognition/Week 1/NDCVRL_002 Dataset/raw/nd1S06086/Left/523881.tiff,nd1S06086,L,12/2/09
602106,/Users/odon/Desktop/intro_to_iris_recognition/Week 1/NDCVRL_002 Dataset/raw/nd1S06086/Left/602106.tiff,nd1S06086,L,4/15/10
608014,/Users/odon/Desktop/intro_to_iris_recognition/Week 1/NDCVRL_002 Dataset/raw/nd1S06086/Left/608014.tiff,nd1S06086,L,4/15/10
608020,/Users/odon/Desktop/intro_to_iris_recognition/Week 1/NDCVRL_002 Dataset/raw/nd1S06086/Left/608020.tiff,nd1S06086,L,4/15/10
791781,/Users/odon/Desktop/intro_to_iris_recognition/Week 1/NDCVRL_002 Dataset/raw/nd1S06086/Left/791781.tiff,nd1S06086,L,3/9/11
791791,/Users/odon/Desktop/intro_to_iris_recognition/Week 1/NDCVRL_002 Dataset/raw/nd1S06086/Left/791791.tiff,nd1S06086,L,3/9/11
795788,/Users/odon/Desktop/intro_to_iris_recognition/Week 1/NDCVRL_002 Dataset/raw/nd1S06086/Left/795788.tiff,nd1S06086,L,3/9/11
800128,/Users/odon/Desktop/intro_to_iris_recognition/Week 1/NDCVRL_002 Dataset/raw/nd1S06086/Left/800128.tiff,nd1S06086,L,3/9/11
800131,/Users/odon/Desktop/intro_to_iris_recognition/Week 1/NDCVRL_002 Dataset/raw/nd1S06086/Left/800131.tiff,nd1S06086,L,3/9/11
524247,/Users/odon/Desktop/intro_to_iris_recognition/Week 1/NDCVRL_002 Dataset/raw/nd1S06091/Left/524247.tiff,nd1S06091,L,12/3/09
542146,/Users/odon/Desktop/intro_to_iris_recognition/Week 1/NDCVRL_002 Dataset/raw/nd1S06091/Left/542146.tiff,nd1S06091,L,1/28/10
584315,/Users/odon/Desktop/intro_to_iris_recognition/Week 1/NDCVRL_002 Dataset/raw/nd1S06091/Left/584315.tiff,nd1S06091,L,2/25/10
607237,/Users/odon/Desktop/intro_to_iris_recognition/Week 1/NDCVRL_002 Dataset/raw/nd1S06091/Left/607237.tiff,nd1S06091,L,4/15/10
723330,/Users/odon/Desktop/intro_to_iris_recognition/Week 1/NDCVRL_002 Dataset/raw/nd1S06091/Left/723330.tiff,nd1S06091,L,2/9/11
732017,/Users/odon/Desktop/intro_to_iris_recognition/Week 1/NDCVRL_002 Dataset/raw/nd1S06091/Left/732017.tiff,nd1S06091,L,2/9/11
995778,/Users/odon/Desktop/intro_to_iris_recognition/Week 1/NDCVRL_002 Dataset/raw/nd1S06091/Left/995778.tiff,nd1S06091,L,10/13/11
995794,/Users/odon/Desktop/intro_to_iris_recognition/Week 1/NDCVRL_002 Dataset/raw/nd1S06091/Left/995794.tiff,nd1S06091,L,10/13/11
997649,/Users/odon/Desktop/intro_to_iris_recognition/Week 1/NDCVRL_002 Dataset/raw/nd1S06091/Left/997649.tiff,nd1S06091,L,10/13/11
1019246,/Users/odon/Desktop/intro_to_iris_recognition/Week 1/NDCVRL_002 Dataset/raw/nd1S06107/Right/1019246.tiff,nd1S06107,R,10/27/11
1061798,/Users/odon/Desktop/intro_to_iris_recognition/Week 1/NDCVRL_002 Dataset/raw/nd1S06107/Right/1061798.tiff,nd1S06107,R,2/8/12
1084607,/Users/odon/Desktop/intro_to_iris_recognition/Week 1/NDCVRL_002 Dataset/raw/nd1S06107/Right/1084607.tiff,nd1S06107,R,2/21/12
1127471,/Users/odon/Desktop/intro_to_iris_recognition/Week 1/NDCVRL_002 Dataset/raw/nd1S06107/Right/1127471.tiff,nd1S06107,R,3/27/12
1128287,/Users/odon/Desktop/intro_to_iris_recognition/Week 1/NDCVRL_002 Dataset/raw/nd1S06107/Right/1128287.tiff,nd1S06107,R,3/27/12
1128288,/Users/odon/Desktop/intro_to_iris_recognition/Week 1/NDCVRL_002 Dataset/raw/nd1S06107/Right/1128288.tiff,nd1S06107,R,3/27/12
580049,/Users/odon/Desktop/intro_to_iris_recognition/Week 1/NDCVRL_002 Dataset/raw/nd1S06107/Right/580049.tiff,nd1S06107,R,2/25/10
588813,/Users/odon/Desktop/intro_to_iris_recognition/Week 1/NDCVRL_002 Dataset/raw/nd1S06107/Right/588813.tiff,nd1S06107,R,3/16/10
611726,/Users/odon/Desktop/intro_to_iris_recognition/Week 1/NDCVRL_002 Dataset/raw/nd1S06107/Right/611726.tiff,nd1S06107,R,4/27/10
722625,/Users/odon/Desktop/intro_to_iris_recognition/Week 1/NDCVRL_002 Dataset/raw/nd1S06107/Right/722625.tiff,nd1S06107,R,2/8/11
823038,/Users/odon/Desktop/intro_to_iris_recognition/Week 1/NDCVRL_002 Dataset/raw/nd1S06107/Right/823038.tiff,nd1S06107,R,3/23/11
856484,/Users/odon/Desktop/intro_to_iris_recognition/Week 1/NDCVRL_002 Dataset/raw/nd1S06107/Right/856484.tiff,nd1S06107,R,4/12/11
861001,/Users/odon/Desktop/intro_to_iris_recognition/Week 1/NDCVRL_002 Dataset/raw/nd1S06107/Right/861001.tiff,nd1S06107,R,4/12/11
864440,/Users/odon/Desktop/intro_to_iris_recognition/Week 1/NDCVRL_002 Dataset/raw/nd1S06107/Right/864440.tiff,nd1S06107,R,4/12/11
909463,/Users/odon/Desktop/intro_to_iris_recognition/Week 1/NDCVRL_002 Dataset/raw/nd1S06107/Right/909463.tiff,nd1S06107,R,4/28/11
963733,/Users/odon/Desktop/intro_to_iris_recognition/Week 1/NDCVRL_002 Dataset/raw/nd1S06107/Right/963733.tiff,nd1S06107,R,9/27/11
995455,/Users/odon/Desktop/intro_to_iris_recognition/Week 1/NDCVRL_002 Dataset/raw/nd1S06107/Right/995455.tiff,nd1S06107,R,10/13/11
995465,/Users/odon/Desktop/intro_to_iris_recognition/Week 1/NDCVRL_002 Dataset/raw/nd1S06107/Right/995465.tiff,nd1S06107,R,10/13/11
536707,/Users/odon/Desktop/intro_to_iris_recognition/Week 1/NDCVRL_002 Dataset/raw/nd1S06110/Right/536707.tiff,nd1S06110,R,1/26/10
536709,/Users/odon/Desktop/intro_to_iris_recognition/Week 1/NDCVRL_002 Dataset/raw/nd1S06110/Right/536709.tiff,nd1S06110,R,1/26/10
538663,/Users/odon/Desktop/intro_to_iris_recognition/Week 1/NDCVRL_002 Dataset/raw/nd1S06110/Right/538663.tiff,nd1S06110,R,1/26/10
538664,/Users/odon/Desktop/intro_to_iris_recognition/Week 1/NDCVRL_002 Dataset/raw/nd1S06110/Right/538664.tiff,nd1S06110,R,1/26/10
557395,/Users/odon/Desktop/intro_to_iris_recognition/Week 1/NDCVRL_002 Dataset/raw/nd1S06110/Right/557395.tiff,nd1S06110,R,2/10/10
557396,/Users/odon/Desktop/intro_to_iris_recognition/Week 1/NDCVRL_002 Dataset/raw/nd1S06110/Right/557396.tiff,nd1S06110,R,2/10/10
557399,/Users/odon/Desktop/intro_to_iris_recognition/Week 1/NDCVRL_002 Dataset/raw/nd1S06110/Right/557399.tiff,nd1S06110,R,2/10/10
557400,/Users/odon/Desktop/intro_to_iris_recognition/Week 1/NDCVRL_002 Dataset/raw/nd1S06110/Right/557400.tiff,nd1S06110,R,2/10/10
557405,/Users/odon/Desktop/intro_to_iris_recognition/Week 1/NDCVRL_002 Dataset/raw/nd1S06110/Right/557405.tiff,nd1S06110,R,2/10/10
582120,/Users/odon/Desktop/intro_to_iris_recognition/Week 1/NDCVRL_002 Dataset/raw/nd1S06110/Right/582120.tiff,nd1S06110,R,2/24/10
589982,/Users/odon/Desktop/intro_to_iris_recognition/Week 1/NDCVRL_002 Dataset/raw/nd1S06110/Right/589982.tiff,nd1S06110,R,3/17/10
589990,/Users/odon/Desktop/intro_to_iris_recognition/Week 1/NDCVRL_002 Dataset/raw/nd1S06110/Right/589990.tiff,nd1S06110,R,3/17/10
601425,/Users/odon/Desktop/intro_to_iris_recognition/Week 1/NDCVRL_002 Dataset/raw/nd1S06110/Right/601425.tiff,nd1S06110,R,4/14/10
605105,/Users/odon/Desktop/intro_to_iris_recognition/Week 1/NDCVRL_002 Dataset/raw/nd1S06110/Right/605105.tiff,nd1S06110,R,4/14/10
673853,/Users/odon/Desktop/intro_to_iris_recognition/Week 1/NDCVRL_002 Dataset/raw/nd1S06110/Right/673853.tiff,nd1S06110,R,10/26/10
682460,/Users/odon/Desktop/intro_to_iris_recognition/Week 1/NDCVRL_002 Dataset/raw/nd1S06110/Right/682460.tiff,nd1S06110,R,11/9/10
694717,/Users/odon/Desktop/intro_to_iris_recognition/Week 1/NDCVRL_002 Dataset/raw/nd1S06110/Right/694717.tiff,nd1S06110,R,11/30/10
701263,/Users/odon/Desktop/intro_to_iris_recognition/Week 1/NDCVRL_002 Dataset/raw/nd1S06110/Right/701263.tiff,nd1S06110,R,11/30/10
705654,/Users/odon/Desktop/intro_to_iris_recognition/Week 1/NDCVRL_002 Dataset/raw/nd1S06110/Right/705654.tiff,nd1S06110,R,1/25/11
705661,/Users/odon/Desktop/intro_to_iris_recognition/Week 1/NDCVRL_002 Dataset/raw/nd1S06110/Right/705661.tiff,nd1S06110,R,1/25/11
724897,/Users/odon/Desktop/intro_to_iris_recognition/Week 1/NDCVRL_002 Dataset/raw/nd1S06110/Right/724897.tiff,nd1S06110,R,2/9/11
724907,/Users/odon/Desktop/intro_to_iris_recognition/Week 1/NDCVRL_002 Dataset/raw/nd1S06110/Right/724907.tiff,nd1S06110,R,2/9/11
728968,/Users/odon/Desktop/intro_to_iris_recognition/Week 1/NDCVRL_002 Dataset/raw/nd1S06110/Right/728968.tiff,nd1S06110,R,2/9/11
789713,/Users/odon/Desktop/intro_to_iris_recognition/Week 1/NDCVRL_002 Dataset/raw/nd1S06110/Right/789713.tiff,nd1S06110,R,3/8/11
789724,/Users/odon/Desktop/intro_to_iris_recognition/Week 1/NDCVRL_002 Dataset/raw/nd1S06110/Right/789724.tiff,nd1S06110,R,3/8/11
793452,/Users/odon/Desktop/intro_to_iris_recognition/Week 1/NDCVRL_002 Dataset/raw/nd1S06110/Right/793452.tiff,nd1S06110,R,3/8/11
904052,/Users/odon/Desktop/intro_to_iris_recognition/Week 1/NDCVRL_002 Dataset/raw/nd1S06110/Right/904052.tiff,nd1S06110,R,4/27/11
904960,/Users/odon/Desktop/intro_to_iris_recognition/Week 1/NDCVRL_002 Dataset/raw/nd1S06110/Right/904960.tiff,nd1S06110,R,4/27/11
906628,/Users/odon/Desktop/intro_to_iris_recognition/Week 1/NDCVRL_002 Dataset/raw/nd1S06110/Right/906628.tiff,nd1S06110,R,4/27/11
906629,/Users/odon/Desktop/intro_to_iris_recognition/Week 1/NDCVRL_002 Dataset/raw/nd1S06110/Right/906629.tiff,nd1S06110,R,4/27/11
1017419,/Users/odon/Desktop/intro_to_iris_recognition/Week 1/NDCVRL_002 Dataset/raw/nd1S06118/Left/1017419.tiff,nd1S06118,L,10/27/11
1087252,/Users/odon/Desktop/intro_to_iris_recognition/Week 1/NDCVRL_002 Dataset/raw/nd1S06118/Left/1087252.tiff,nd1S06118,L,2/22/12
1110915,/Users/odon/Desktop/intro_to_iris_recognition/Week 1/NDCVRL_002 Dataset/raw/nd1S06118/Left/1110915.tiff,nd1S06118,L,3/7/12
1130161,/Users/odon/Desktop/intro_to_iris_recognition/Week 1/NDCVRL_002 Dataset/raw/nd1S06118/Left/1130161.tiff,nd1S06118,L,3/28/12
1130299,/Users/odon/Desktop/intro_to_iris_recognition/Week 1/NDCVRL_002 Dataset/raw/nd1S06118/Left/1130299.tiff,nd1S06118,L,3/28/12
1130303,/Users/odon/Desktop/intro_to_iris_recognition/Week 1/NDCVRL_002 Dataset/raw/nd1S06118/Left/1130303.tiff,nd1S06118,L,3/28/12
1130304,/Users/odon/Desktop/intro_to_iris_recognition/Week 1/NDCVRL_002 Dataset/raw/nd1S06118/Left/1130304.tiff,nd1S06118,L,3/28/12
1131728,/Users/odon/Desktop/intro_to_iris_recognition/Week 1/NDCVRL_002 Dataset/raw/nd1S06118/Left/1131728.tiff,nd1S06118,L,3/28/12
539259,/Users/odon/Desktop/intro_to_iris_recognition/Week 1/NDCVRL_002 Dataset/raw/nd1S06118/Left/539259.tiff,nd1S06118,L,1/26/10
675015,/Users/odon/Desktop/intro_to_iris_recognition/Week 1/NDCVRL_002 Dataset/raw/nd1S06118/Left/675015.tiff,nd1S06118,L,10/27/10
684571,/Users/odon/Desktop/intro_to_iris_recognition/Week 1/NDCVRL_002 Dataset/raw/nd1S06118/Left/684571.tiff,nd1S06118,L,11/11/10
697083,/Users/odon/Desktop/intro_to_iris_recognition/Week 1/NDCVRL_002 Dataset/raw/nd1S06118/Left/697083.tiff,nd1S06118,L,12/2/10
725802,/Users/odon/Desktop/intro_to_iris_recognition/Week 1/NDCVRL_002 Dataset/raw/nd1S06118/Left/725802.tiff,nd1S06118,L,2/10/11
753935,/Users/odon/Desktop/intro_to_iris_recognition/Week 1/NDCVRL_002 Dataset/raw/nd1S06118/Left/753935.tiff,nd1S06118,L,2/22/11
755760,/Users/odon/Desktop/intro_to_iris_recognition/Week 1/NDCVRL_002 Dataset/raw/nd1S06118/Left/755760.tiff,nd1S06118,L,2/22/11
760998,/Users/odon/Desktop/intro_to_iris_recognition/Week 1/NDCVRL_002 Dataset/raw/nd1S06118/Left/760998.tiff,nd1S06118,L,2/22/11
821039,/Users/odon/Desktop/intro_to_iris_recognition/Week 1/NDCVRL_002 Dataset/raw/nd1S06118/Left/821039.tiff,nd1S06118,L,3/23/11
907300,/Users/odon/Desktop/intro_to_iris_recognition/Week 1/NDCVRL_002 Dataset/raw/nd1S06118/Left/907300.tiff,nd1S06118,L,4/28/11
909747,/Users/odon/Desktop/intro_to_iris_recognition/Week 1/NDCVRL_002 Dataset/raw/nd1S06118/Left/909747.tiff,nd1S06118,L,4/28/11
909851,/Users/odon/Desktop/intro_to_iris_recognition/Week 1/NDCVRL_002 Dataset/raw/nd1S06118/Left/909851.tiff,nd1S06118,L,4/28/11
973779,/Users/odon/Desktop/intro_to_iris_recognition/Week 1/NDCVRL_002 Dataset/raw/nd1S06118/Left/973779.tiff,nd1S06118,L,9/29/11
1020400,/Users/odon/Desktop/intro_to_iris_recognition/Week 1/NDCVRL_002 Dataset/raw/nd1S06118/Right/1020400.tiff,nd1S06118,R,10/27/11
1044127,/Users/odon/Desktop/intro_to_iris_recognition/Week 1/NDCVRL_002 Dataset/raw/nd1S06118/Right/1044127.tiff,nd1S06118,R,11/10/11
1065572,/Users/odon/Desktop/intro_to_iris_recognition/Week 1/NDCVRL_002 Dataset/raw/nd1S06118/Right/1065572.tiff,nd1S06118,R,2/9/12
1067694,/Users/odon/Desktop/intro_to_iris_recognition/Week 1/NDCVRL_002 Dataset/raw/nd1S06118/Right/1067694.tiff,nd1S06118,R,2/9/12
1130148,/Users/odon/Desktop/intro_to_iris_recognition/Week 1/NDCVRL_002 Dataset/raw/nd1S06118/Right/1130148.tiff,nd1S06118,R,3/28/12
1130283,/Users/odon/Desktop/intro_to_iris_recognition/Week 1/NDCVRL_002 Dataset/raw/nd1S06118/Right/1130283.tiff,nd1S06118,R,3/28/12
1130308,/Users/odon/Desktop/intro_to_iris_recognition/Week 1/NDCVRL_002 Dataset/raw/nd1S06118/Right/1130308.tiff,nd1S06118,R,3/28/12
1131736,/Users/odon/Desktop/intro_to_iris_recognition/Week 1/NDCVRL_002 Dataset/raw/nd1S06118/Right/1131736.tiff,nd1S06118,R,3/28/12
725803,/Users/odon/Desktop/intro_to_iris_recognition/Week 1/NDCVRL_002 Dataset/raw/nd1S06118/Right/725803.tiff,nd1S06118,R,2/10/11
755762,/Users/odon/Desktop/intro_to_iris_recognition/Week 1/NDCVRL_002 Dataset/raw/nd1S06118/Right/755762.tiff,nd1S06118,R,2/22/11
760990,/Users/odon/Desktop/intro_to_iris_recognition/Week 1/NDCVRL_002 Dataset/raw/nd1S06118/Right/760990.tiff,nd1S06118,R,2/22/11
820059,/Users/odon/Desktop/intro_to_iris_recognition/Week 1/NDCVRL_002 Dataset/raw/nd1S06118/Right/820059.tiff,nd1S06118,R,3/23/11
907293,/Users/odon/Desktop/intro_to_iris_recognition/Week 1/NDCVRL_002 Dataset/raw/nd1S06118/Right/907293.tiff,nd1S06118,R,4/28/11
907306,/Users/odon/Desktop/intro_to_iris_recognition/Week 1/NDCVRL_002 Dataset/raw/nd1S06118/Right/907306.tiff,nd1S06118,R,4/28/11
909751,/Users/odon/Desktop/intro_to_iris_recognition/Week 1/NDCVRL_002 Dataset/raw/nd1S06118/Right/909751.tiff,nd1S06118,R,4/28/11
971011,/Users/odon/Desktop/intro_to_iris_recognition/Week 1/NDCVRL_002 Dataset/raw/nd1S06118/Right/971011.tiff,nd1S06118,R,9/29/11
537271,/Users/odon/Desktop/intro_to_iris_recognition/Week 1/NDCVRL_002 Dataset/raw/nd1S06126/Right/537271.tiff,nd1S06126,R,1/27/10
540997,/Users/odon/Desktop/intro_to_iris_recognition/Week 1/NDCVRL_002 Dataset/raw/nd1S06126/Right/540997.tiff,nd1S06126,R,1/27/10
540999,/Users/odon/Desktop/intro_to_iris_recognition/Week 1/NDCVRL_002 Dataset/raw/nd1S06126/Right/540999.tiff,nd1S06126,R,1/27/10
541002,/Users/odon/Desktop/intro_to_iris_recognition/Week 1/NDCVRL_002 Dataset/raw/nd1S06126/Right/541002.tiff,nd1S06126,R,1/27/10
555385,/Users/odon/Desktop/intro_to_iris_recognition/Week 1/NDCVRL_002 Dataset/raw/nd1S06126/Right/555385.tiff,nd1S06126,R,2/9/10
578719,/Users/odon/Desktop/intro_to_iris_recognition/Week 1/NDCVRL_002 Dataset/raw/nd1S06126/Right/578719.tiff,nd1S06126,R,2/23/10
580164,/Users/odon/Desktop/intro_to_iris_recognition/Week 1/NDCVRL_002 Dataset/raw/nd1S06126/Right/580164.tiff,nd1S06126,R,2/23/10
580172,/Users/odon/Desktop/intro_to_iris_recognition/Week 1/NDCVRL_002 Dataset/raw/nd1S06126/Right/580172.tiff,nd1S06126,R,2/23/10
585946,/Users/odon/Desktop/intro_to_iris_recognition/Week 1/NDCVRL_002 Dataset/raw/nd1S06126/Right/585946.tiff,nd1S06126,R,3/16/10
608774,/Users/odon/Desktop/intro_to_iris_recognition/Week 1/NDCVRL_002 Dataset/raw/nd1S06126/Right/608774.tiff,nd1S06126,R,4/27/10
610343,/Users/odon/Desktop/intro_to_iris_recognition/Week 1/NDCVRL_002 Dataset/raw/nd1S06126/Right/610343.tiff,nd1S06126,R,4/27/10
683262,/Users/odon/Desktop/intro_to_iris_recognition/Week 1/NDCVRL_002 Dataset/raw/nd1S06126/Right/683262.tiff,nd1S06126,R,11/10/10
725363,/Users/odon/Desktop/intro_to_iris_recognition/Week 1/NDCVRL_002 Dataset/raw/nd1S06126/Right/725363.tiff,nd1S06126,R,2/10/11
725367,/Users/odon/Desktop/intro_to_iris_recognition/Week 1/NDCVRL_002 Dataset/raw/nd1S06126/Right/725367.tiff,nd1S06126,R,2/10/11
725368,/Users/odon/Desktop/intro_to_iris_recognition/Week 1/NDCVRL_002 Dataset/raw/nd1S06126/Right/725368.tiff,nd1S06126,R,2/10/11
728844,/Users/odon/Desktop/intro_to_iris_recognition/Week 1/NDCVRL_002 Dataset/raw/nd1S06126/Right/728844.tiff,nd1S06126,R,2/10/11
730530,/Users/odon/Desktop/intro_to_iris_recognition/Week 1/NDCVRL_002 Dataset/raw/nd1S06126/Right/730530.tiff,nd1S06126,R,2/10/11
732921,/Users/odon/Desktop/intro_to_iris_recognition/Week 1/NDCVRL_002 Dataset/raw/nd1S06126/Right/732921.tiff,nd1S06126,R,2/10/11
732922,/Users/odon/Desktop/intro_to_iris_recognition/Week 1/NDCVRL_002 Dataset/raw/nd1S06126/Right/732922.tiff,nd1S06126,R,2/10/11
537394,/Users/odon/Desktop/intro_to_iris_recognition/Week 1/NDCVRL_002 Dataset/raw/nd1S06128/Left/537394.tiff,nd1S06128,L,1/28/10
541516,/Users/odon/Desktop/intro_to_iris_recognition/Week 1/NDCVRL_002 Dataset/raw/nd1S06128/Left/541516.tiff,nd1S06128,L,1/28/10
558545,/Users/odon/Desktop/intro_to_iris_recognition/Week 1/NDCVRL_002 Dataset/raw/nd1S06128/Left/558545.tiff,nd1S06128,L,2/10/10
583585,/Users/odon/Desktop/intro_to_iris_recognition/Week 1/NDCVRL_002 Dataset/raw/nd1S06128/Left/583585.tiff,nd1S06128,L,2/24/10
764859,/Users/odon/Desktop/intro_to_iris_recognition/Week 1/NDCVRL_002 Dataset/raw/nd1S06128/Left/764859.tiff,nd1S06128,L,2/24/11
764864,/Users/odon/Desktop/intro_to_iris_recognition/Week 1/NDCVRL_002 Dataset/raw/nd1S06128/Left/764864.tiff,nd1S06128,L,2/24/11
764894,/Users/odon/Desktop/intro_to_iris_recognition/Week 1/NDCVRL_002 Dataset/raw/nd1S06128/Left/764894.tiff,nd1S06128,L,2/24/11
767347,/Users/odon/Desktop/intro_to_iris_recognition/Week 1/NDCVRL_002 Dataset/raw/nd1S06128/Left/767347.tiff,nd1S06128,L,2/24/11
825157,/Users/odon/Desktop/intro_to_iris_recognition/Week 1/NDCVRL_002 Dataset/raw/nd1S06128/Left/825157.tiff,nd1S06128,L,3/24/11
830805,/Users/odon/Desktop/intro_to_iris_recognition/Week 1/NDCVRL_002 Dataset/raw/nd1S06128/Left/830805.tiff,nd1S06128,L,3/24/11
831164,/Users/odon/Desktop/intro_to_iris_recognition/Week 1/NDCVRL_002 Dataset/raw/nd1S06128/Left/831164.tiff,nd1S06128,L,3/24/11
831197,/Users/odon/Desktop/intro_to_iris_recognition/Week 1/NDCVRL_002 Dataset/raw/nd1S06128/Left/831197.tiff,nd1S06128,L,3/24/11
541530,/Users/odon/Desktop/intro_to_iris_recognition/Week 1/NDCVRL_002 Dataset/raw/nd1S06128/Right/541530.tiff,nd1S06128,R,1/28/10
541531,/Users/odon/Desktop/intro_to_iris_recognition/Week 1/NDCVRL_002 Dataset/raw/nd1S06128/Right/541531.tiff,nd1S06128,R,1/28/10
541533,/Users/odon/Desktop/intro_to_iris_recognition/Week 1/NDCVRL_002 Dataset/raw/nd1S06128/Right/541533.tiff,nd1S06128,R,1/28/10
541534,/Users/odon/Desktop/intro_to_iris_recognition/Week 1/NDCVRL_002 Dataset/raw/nd1S06128/Right/541534.tiff,nd1S06128,R,1/28/10
541536,/Users/odon/Desktop/intro_to_iris_recognition/Week 1/NDCVRL_002 Dataset/raw/nd1S06128/Right/541536.tiff,nd1S06128,R,1/28/10
558558,/Users/odon/Desktop/intro_to_iris_recognition/Week 1/NDCVRL_002 Dataset/raw/nd1S06128/Right/558558.tiff,nd1S06128,R,2/10/10
558559,/Users/odon/Desktop/intro_to_iris_recognition/Week 1/NDCVRL_002 Dataset/raw/nd1S06128/Right/558559.tiff,nd1S06128,R,2/10/10
558560,/Users/odon/Desktop/intro_to_iris_recognition/Week 1/NDCVRL_002 Dataset/raw/nd1S06128/Right/558560.tiff,nd1S06128,R,2/10/10
558564,/Users/odon/Desktop/intro_to_iris_recognition/Week 1/NDCVRL_002 Dataset/raw/nd1S06128/Right/558564.tiff,nd1S06128,R,2/10/10
558566,/Users/odon/Desktop/intro_to_iris_recognition/Week 1/NDCVRL_002 Dataset/raw/nd1S06128/Right/558566.tiff,nd1S06128,R,2/10/10
583593,/Users/odon/Desktop/intro_to_iris_recognition/Week 1/NDCVRL_002 Dataset/raw/nd1S06128/Right/583593.tiff,nd1S06128,R,2/24/10
586808,/Users/odon/Desktop/intro_to_iris_recognition/Week 1/NDCVRL_002 Dataset/raw/nd1S06128/Right/586808.tiff,nd1S06128,R,3/17/10
591197,/Users/odon/Desktop/intro_to_iris_recognition/Week 1/NDCVRL_002 Dataset/raw/nd1S06128/Right/591197.tiff,nd1S06128,R,3/17/10
591206,/Users/odon/Desktop/intro_to_iris_recognition/Week 1/NDCVRL_002 Dataset/raw/nd1S06128/Right/591206.tiff,nd1S06128,R,3/17/10
591207,/Users/odon/Desktop/intro_to_iris_recognition/Week 1/NDCVRL_002 Dataset/raw/nd1S06128/Right/591207.tiff,nd1S06128,R,3/17/10
600793,/Users/odon/Desktop/intro_to_iris_recognition/Week 1/NDCVRL_002 Dataset/raw/nd1S06128/Right/600793.tiff,nd1S06128,R,4/13/10
600795,/Users/odon/Desktop/intro_to_iris_recognition/Week 1/NDCVRL_002 Dataset/raw/nd1S06128/Right/600795.tiff,nd1S06128,R,4/13/10
764867,/Users/odon/Desktop/intro_to_iris_recognition/Week 1/NDCVRL_002 Dataset/raw/nd1S06128/Right/764867.tiff,nd1S06128,R,2/24/11
764869,/Users/odon/Desktop/intro_to_iris_recognition/Week 1/NDCVRL_002 Dataset/raw/nd1S06128/Right/764869.tiff,nd1S06128,R,2/24/11
764875,/Users/odon/Desktop/intro_to_iris_recognition/Week 1/NDCVRL_002 Dataset/raw/nd1S06128/Right/764875.tiff,nd1S06128,R,2/24/11
764902,/Users/odon/Desktop/intro_to_iris_recognition/Week 1/NDCVRL_002 Dataset/raw/nd1S06128/Right/764902.tiff,nd1S06128,R,2/24/11
764906,/Users/odon/Desktop/intro_to_iris_recognition/Week 1/NDCVRL_002 Dataset/raw/nd1S06128/Right/764906.tiff,nd1S06128,R,2/24/11
764908,/Users/odon/Desktop/intro_to_iris_recognition/Week 1/NDCVRL_002 Dataset/raw/nd1S06128/Right/764908.tiff,nd1S06128,R,2/24/11
767348,/Users/odon/Desktop/intro_to_iris_recognition/Week 1/NDCVRL_002 Dataset/raw/nd1S06128/Right/767348.tiff,nd1S06128,R,2/24/11
767860,/Users/odon/Desktop/intro_to_iris_recognition/Week 1/NDCVRL_002 Dataset/raw/nd1S06128/Right/767860.tiff,nd1S06128,R,2/24/11
824428,/Users/odon/Desktop/intro_to_iris_recognition/Week 1/NDCVRL_002 Dataset/raw/nd1S06128/Right/824428.tiff,nd1S06128,R,3/24/11
829079,/Users/odon/Desktop/intro_to_iris_recognition/Week 1/NDCVRL_002 Dataset/raw/nd1S06128/Right/829079.tiff,nd1S06128,R,3/24/11
831170,/Users/odon/Desktop/intro_to_iris_recognition/Week 1/NDCVRL_002 Dataset/raw/nd1S06128/Right/831170.tiff,nd1S06128,R,3/24/11
831172,/Users/odon/Desktop/intro_to_iris_recognition/Week 1/NDCVRL_002 Dataset/raw/nd1S06128/Right/831172.tiff,nd1S06128,R,3/24/11
831205,/Users/odon/Desktop/intro_to_iris_recognition/Week 1/NDCVRL_002 Dataset/raw/nd1S06128/Right/831205.tiff,nd1S06128,R,3/24/11
824649,/Users/odon/Desktop/intro_to_iris_recognition/Week 1/NDCVRL_002 Dataset/raw/nd1S06129/Left/824649.tiff,nd1S06129,L,3/24/11
830114,/Users/odon/Desktop/intro_to_iris_recognition/Week 1/NDCVRL_002 Dataset/raw/nd1S06129/Left/830114.tiff,nd1S06129,L,3/24/11
831430,/Users/odon/Desktop/intro_to_iris_recognition/Week 1/NDCVRL_002 Dataset/raw/nd1S06129/Left/831430.tiff,nd1S06129,L,3/24/11
832617,/Users/odon/Desktop/intro_to_iris_recognition/Week 1/NDCVRL_002 Dataset/raw/nd1S06129/Left/832617.tiff,nd1S06129,L,3/24/11
832631,/Users/odon/Desktop/intro_to_iris_recognition/Week 1/NDCVRL_002 Dataset/raw/nd1S06129/Left/832631.tiff,nd1S06129,L,3/24/11
869796,/Users/odon/Desktop/intro_to_iris_recognition/Week 1/NDCVRL_002 Dataset/raw/nd1S06129/Left/869796.tiff,nd1S06129,L,4/14/11
869798,/Users/odon/Desktop/intro_to_iris_recognition/Week 1/NDCVRL_002 Dataset/raw/nd1S06129/Left/869798.tiff,nd1S06129,L,4/14/11
869805,/Users/odon/Desktop/intro_to_iris_recognition/Week 1/NDCVRL_002 Dataset/raw/nd1S06129/Left/869805.tiff,nd1S06129,L,4/14/11
869806,/Users/odon/Desktop/intro_to_iris_recognition/Week 1/NDCVRL_002 Dataset/raw/nd1S06129/Left/869806.tiff,nd1S06129,L,4/14/11
869809,/Users/odon/Desktop/intro_to_iris_recognition/Week 1/NDCVRL_002 Dataset/raw/nd1S06129/Left/869809.tiff,nd1S06129,L,4/14/11
871254,/Users/odon/Desktop/intro_to_iris_recognition/Week 1/NDCVRL_002 Dataset/raw/nd1S06129/Left/871254.tiff,nd1S06129,L,4/14/11
872187,/Users/odon/Desktop/intro_to_iris_recognition/Week 1/NDCVRL_002 Dataset/raw/nd1S06129/Left/872187.tiff,nd1S06129,L,4/14/11
872978,/Users/odon/Desktop/intro_to_iris_recognition/Week 1/NDCVRL_002 Dataset/raw/nd1S06129/Left/872978.tiff,nd1S06129,L,4/14/11
873740,/Users/odon/Desktop/intro_to_iris_recognition/Week 1/NDCVRL_002 Dataset/raw/nd1S06129/Left/873740.tiff,nd1S06129,L,4/14/11
1056668,/Users/odon/Desktop/intro_to_iris_recognition/Week 1/NDCVRL_002 Dataset/raw/nd1S06131/Left/1056668.tiff,nd1S06131,L,2/7/12
1056679,/Users/odon/Desktop/intro_to_iris_recognition/Week 1/NDCVRL_002 Dataset/raw/nd1S06131/Left/1056679.tiff,nd1S06131,L,2/7/12
1059241,/Users/odon/Desktop/intro_to_iris_recognition/Week 1/NDCVRL_002 Dataset/raw/nd1S06131/Left/1059241.tiff,nd1S06131,L,2/7/12
1089039,/Users/odon/Desktop/intro_to_iris_recognition/Week 1/NDCVRL_002 Dataset/raw/nd1S06131/Left/1089039.tiff,nd1S06131,L,2/23/12
1089050,/Users/odon/Desktop/intro_to_iris_recognition/Week 1/NDCVRL_002 Dataset/raw/nd1S06131/Left/1089050.tiff,nd1S06131,L,2/23/12
1090032,/Users/odon/Desktop/intro_to_iris_recognition/Week 1/NDCVRL_002 Dataset/raw/nd1S06131/Left/1090032.tiff,nd1S06131,L,2/23/12
1090709,/Users/odon/Desktop/intro_to_iris_recognition/Week 1/NDCVRL_002 Dataset/raw/nd1S06131/Left/1090709.tiff,nd1S06131,L,2/23/12
1091873,/Users/odon/Desktop/intro_to_iris_recognition/Week 1/NDCVRL_002 Dataset/raw/nd1S06131/Left/1091873.tiff,nd1S06131,L,2/23/12
1127128,/Users/odon/Desktop/intro_to_iris_recognition/Week 1/NDCVRL_002 Dataset/raw/nd1S06131/Left/1127128.tiff,nd1S06131,L,3/27/12
1128165,/Users/odon/Desktop/intro_to_iris_recognition/Week 1/NDCVRL_002 Dataset/raw/nd1S06131/Left/1128165.tiff,nd1S06131,L,3/27/12
1128167,/Users/odon/Desktop/intro_to_iris_recognition/Week 1/NDCVRL_002 Dataset/raw/nd1S06131/Left/1128167.tiff,nd1S06131,L,3/27/12
1129305,/Users/odon/Desktop/intro_to_iris_recognition/Week 1/NDCVRL_002 Dataset/raw/nd1S06131/Left/1129305.tiff,nd1S06131,L,3/27/12
1129316,/Users/odon/Desktop/intro_to_iris_recognition/Week 1/NDCVRL_002 Dataset/raw/nd1S06131/Left/1129316.tiff,nd1S06131,L,3/27/12
602511,/Users/odon/Desktop/intro_to_iris_recognition/Week 1/NDCVRL_002 Dataset/raw/nd1S06131/Left/602511.tiff,nd1S06131,L,4/13/10
602513,/Users/odon/Desktop/intro_to_iris_recognition/Week 1/NDCVRL_002 Dataset/raw/nd1S06131/Left/602513.tiff,nd1S06131,L,4/13/10
697015,/Users/odon/Desktop/intro_to_iris_recognition/Week 1/NDCVRL_002 Dataset/raw/nd1S06131/Left/697015.tiff,nd1S06131,L,12/2/10
697022,/Users/odon/Desktop/intro_to_iris_recognition/Week 1/NDCVRL_002 Dataset/raw/nd1S06131/Left/697022.tiff,nd1S06131,L,12/2/10
764756,/Users/odon/Desktop/intro_to_iris_recognition/Week 1/NDCVRL_002 Dataset/raw/nd1S06131/Left/764756.tiff,nd1S06131,L,2/24/11
764780,/Users/odon/Desktop/intro_to_iris_recognition/Week 1/NDCVRL_002 Dataset/raw/nd1S06131/Left/764780.tiff,nd1S06131,L,2/24/11
768573,/Users/odon/Desktop/intro_to_iris_recognition/Week 1/NDCVRL_002 Dataset/raw/nd1S06131/Left/768573.tiff,nd1S06131,L,2/24/11
824415,/Users/odon/Desktop/intro_to_iris_recognition/Week 1/NDCVRL_002 Dataset/raw/nd1S06131/Left/824415.tiff,nd1S06131,L,3/24/11
830801,/Users/odon/Desktop/intro_to_iris_recognition/Week 1/NDCVRL_002 Dataset/raw/nd1S06131/Left/830801.tiff,nd1S06131,L,3/24/11
831091,/Users/odon/Desktop/intro_to_iris_recognition/Week 1/NDCVRL_002 Dataset/raw/nd1S06131/Left/831091.tiff,nd1S06131,L,3/24/11
869368,/Users/odon/Desktop/intro_to_iris_recognition/Week 1/NDCVRL_002 Dataset/raw/nd1S06131/Left/869368.tiff,nd1S06131,L,4/14/11
872803,/Users/odon/Desktop/intro_to_iris_recognition/Week 1/NDCVRL_002 Dataset/raw/nd1S06131/Left/872803.tiff,nd1S06131,L,4/14/11
961980,/Users/odon/Desktop/intro_to_iris_recognition/Week 1/NDCVRL_002 Dataset/raw/nd1S06131/Left/961980.tiff,nd1S06131,L,9/27/11
961992,/Users/odon/Desktop/intro_to_iris_recognition/Week 1/NDCVRL_002 Dataset/raw/nd1S06131/Left/961992.tiff,nd1S06131,L,9/27/11
962345,/Users/odon/Desktop/intro_to_iris_recognition/Week 1/NDCVRL_002 Dataset/raw/nd1S06131/Left/962345.tiff,nd1S06131,L,9/27/11
963582,/Users/odon/Desktop/intro_to_iris_recognition/Week 1/NDCVRL_002 Dataset/raw/nd1S06131/Left/963582.tiff,nd1S06131,L,9/27/11
537694,/Users/odon/Desktop/intro_to_iris_recognition/Week 1/NDCVRL_002 Dataset/raw/nd1S06139/Left/537694.tiff,nd1S06139,L,1/28/10
542782,/Users/odon/Desktop/intro_to_iris_recognition/Week 1/NDCVRL_002 Dataset/raw/nd1S06139/Left/542782.tiff,nd1S06139,L,1/28/10
584973,/Users/odon/Desktop/intro_to_iris_recognition/Week 1/NDCVRL_002 Dataset/raw/nd1S06139/Left/584973.tiff,nd1S06139,L,2/25/10
614581,/Users/odon/Desktop/intro_to_iris_recognition/Week 1/NDCVRL_002 Dataset/raw/nd1S06139/Left/614581.tiff,nd1S06139,L,4/28/10
673519,/Users/odon/Desktop/intro_to_iris_recognition/Week 1/NDCVRL_002 Dataset/raw/nd1S06139/Left/673519.tiff,nd1S06139,L,10/26/10
709135,/Users/odon/Desktop/intro_to_iris_recognition/Week 1/NDCVRL_002 Dataset/raw/nd1S06139/Left/709135.tiff,nd1S06139,L,1/27/11
709141,/Users/odon/Desktop/intro_to_iris_recognition/Week 1/NDCVRL_002 Dataset/raw/nd1S06139/Left/709141.tiff,nd1S06139,L,1/27/11
709148,/Users/odon/Desktop/intro_to_iris_recognition/Week 1/NDCVRL_002 Dataset/raw/nd1S06139/Left/709148.tiff,nd1S06139,L,1/27/11
723179,/Users/odon/Desktop/intro_to_iris_recognition/Week 1/NDCVRL_002 Dataset/raw/nd1S06139/Left/723179.tiff,nd1S06139,L,2/9/11
723191,/Users/odon/Desktop/intro_to_iris_recognition/Week 1/NDCVRL_002 Dataset/raw/nd1S06139/Left/723191.tiff,nd1S06139,L,2/9/11
723192,/Users/odon/Desktop/intro_to_iris_recognition/Week 1/NDCVRL_002 Dataset/raw/nd1S06139/Left/723192.tiff,nd1S06139,L,2/9/11
731953,/Users/odon/Desktop/intro_to_iris_recognition/Week 1/NDCVRL_002 Dataset/raw/nd1S06139/Left/731953.tiff,nd1S06139,L,2/9/11
1018450,/Users/odon/Desktop/intro_to_iris_recognition/Week 1/NDCVRL_002 Dataset/raw/nd1S06181/Right/1018450.tiff,nd1S06181,R,10/27/11
1020903,/Users/odon/Desktop/intro_to_iris_recognition/Week 1/NDCVRL_002 Dataset/raw/nd1S06181/Right/1020903.tiff,nd1S06181,R,10/27/11
559856,/Users/odon/Desktop/intro_to_iris_recognition/Week 1/NDCVRL_002 Dataset/raw/nd1S06181/Right/559856.tiff,nd1S06181,R,2/11/10
559859,/Users/odon/Desktop/intro_to_iris_recognition/Week 1/NDCVRL_002 Dataset/raw/nd1S06181/Right/559859.tiff,nd1S06181,R,2/11/10
559867,/Users/odon/Desktop/intro_to_iris_recognition/Week 1/NDCVRL_002 Dataset/raw/nd1S06181/Right/559867.tiff,nd1S06181,R,2/11/10
592971,/Users/odon/Desktop/intro_to_iris_recognition/Week 1/NDCVRL_002 Dataset/raw/nd1S06181/Right/592971.tiff,nd1S06181,R,3/18/10
592972,/Users/odon/Desktop/intro_to_iris_recognition/Week 1/NDCVRL_002 Dataset/raw/nd1S06181/Right/592972.tiff,nd1S06181,R,3/18/10
608575,/Users/odon/Desktop/intro_to_iris_recognition/Week 1/NDCVRL_002 Dataset/raw/nd1S06181/Right/608575.tiff,nd1S06181,R,4/15/10
801354,/Users/odon/Desktop/intro_to_iris_recognition/Week 1/NDCVRL_002 Dataset/raw/nd1S06181/Right/801354.tiff,nd1S06181,R,3/10/11
817527,/Users/odon/Desktop/intro_to_iris_recognition/Week 1/NDCVRL_002 Dataset/raw/nd1S06181/Right/817527.tiff,nd1S06181,R,3/10/11
909679,/Users/odon/Desktop/intro_to_iris_recognition/Week 1/NDCVRL_002 Dataset/raw/nd1S06181/Right/909679.tiff,nd1S06181,R,4/28/11
910061,/Users/odon/Desktop/intro_to_iris_recognition/Week 1/NDCVRL_002 Dataset/raw/nd1S06181/Right/910061.tiff,nd1S06181,R,4/28/11
942293,/Users/odon/Desktop/intro_to_iris_recognition/Week 1/NDCVRL_002 Dataset/raw/nd1S06181/Right/942293.tiff,nd1S06181,R,9/13/11
579397,/Users/odon/Desktop/intro_to_iris_recognition/Week 1/NDCVRL_002 Dataset/raw/nd1S06197/Right/579397.tiff,nd1S06197,R,2/24/10
583009,/Users/odon/Desktop/intro_to_iris_recognition/Week 1/NDCVRL_002 Dataset/raw/nd1S06197/Right/583009.tiff,nd1S06197,R,2/24/10
583010,/Users/odon/Desktop/intro_to_iris_recognition/Week 1/NDCVRL_002 Dataset/raw/nd1S06197/Right/583010.tiff,nd1S06197,R,2/24/10
583024,/Users/odon/Desktop/intro_to_iris_recognition/Week 1/NDCVRL_002 Dataset/raw/nd1S06197/Right/583024.tiff,nd1S06197,R,2/24/10
583027,/Users/odon/Desktop/intro_to_iris_recognition/Week 1/NDCVRL_002 Dataset/raw/nd1S06197/Right/583027.tiff,nd1S06197,R,2/24/10
583031,/Users/odon/Desktop/intro_to_iris_recognition/Week 1/NDCVRL_002 Dataset/raw/nd1S06197/Right/583031.tiff,nd1S06197,R,2/24/10
586272,/Users/odon/Desktop/intro_to_iris_recognition/Week 1/NDCVRL_002 Dataset/raw/nd1S06197/Right/586272.tiff,nd1S06197,R,3/16/10
601113,/Users/odon/Desktop/intro_to_iris_recognition/Week 1/NDCVRL_002 Dataset/raw/nd1S06197/Right/601113.tiff,nd1S06197,R,4/13/10
603838,/Users/odon/Desktop/intro_to_iris_recognition/Week 1/NDCVRL_002 Dataset/raw/nd1S06197/Right/603838.tiff,nd1S06197,R,4/13/10
609156,/Users/odon/Desktop/intro_to_iris_recognition/Week 1/NDCVRL_002 Dataset/raw/nd1S06197/Right/609156.tiff,nd1S06197,R,4/27/10
611928,/Users/odon/Desktop/intro_to_iris_recognition/Week 1/NDCVRL_002 Dataset/raw/nd1S06197/Right/611928.tiff,nd1S06197,R,4/27/10
579617,/Users/odon/Desktop/intro_to_iris_recognition/Week 1/NDCVRL_002 Dataset/raw/nd1S06202/Right/579617.tiff,nd1S06202,R,2/25/10
583984,/Users/odon/Desktop/intro_to_iris_recognition/Week 1/NDCVRL_002 Dataset/raw/nd1S06202/Right/583984.tiff,nd1S06202,R,2/25/10
583990,/Users/odon/Desktop/intro_to_iris_recognition/Week 1/NDCVRL_002 Dataset/raw/nd1S06202/Right/583990.tiff,nd1S06202,R,2/25/10
583995,/Users/odon/Desktop/intro_to_iris_recognition/Week 1/NDCVRL_002 Dataset/raw/nd1S06202/Right/583995.tiff,nd1S06202,R,2/25/10
583997,/Users/odon/Desktop/intro_to_iris_recognition/Week 1/NDCVRL_002 Dataset/raw/nd1S06202/Right/583997.tiff,nd1S06202,R,2/25/10
591051,/Users/odon/Desktop/intro_to_iris_recognition/Week 1/NDCVRL_002 Dataset/raw/nd1S06202/Right/591051.tiff,nd1S06202,R,3/17/10
591055,/Users/odon/Desktop/intro_to_iris_recognition/Week 1/NDCVRL_002 Dataset/raw/nd1S06202/Right/591055.tiff,nd1S06202,R,3/17/10
591059,/Users/odon/Desktop/intro_to_iris_recognition/Week 1/NDCVRL_002 Dataset/raw/nd1S06202/Right/591059.tiff,nd1S06202,R,3/17/10
591061,/Users/odon/Desktop/intro_to_iris_recognition/Week 1/NDCVRL_002 Dataset/raw/nd1S06202/Right/591061.tiff,nd1S06202,R,3/17/10
614872,/Users/odon/Desktop/intro_to_iris_recognition/Week 1/NDCVRL_002 Dataset/raw/nd1S06202/Right/614872.tiff,nd1S06202,R,4/28/10
614881,/Users/odon/Desktop/intro_to_iris_recognition/Week 1/NDCVRL_002 Dataset/raw/nd1S06202/Right/614881.tiff,nd1S06202,R,4/28/10
682554,/Users/odon/Desktop/intro_to_iris_recognition/Week 1/NDCVRL_002 Dataset/raw/nd1S06202/Right/682554.tiff,nd1S06202,R,11/9/10
682560,/Users/odon/Desktop/intro_to_iris_recognition/Week 1/NDCVRL_002 Dataset/raw/nd1S06202/Right/682560.tiff,nd1S06202,R,11/9/10
585967,/Users/odon/Desktop/intro_to_iris_recognition/Week 1/NDCVRL_002 Dataset/raw/nd1S06217/Left/585967.tiff,nd1S06217,L,3/16/10
587567,/Users/odon/Desktop/intro_to_iris_recognition/Week 1/NDCVRL_002 Dataset/raw/nd1S06217/Left/587567.tiff,nd1S06217,L,3/16/10
587568,/Users/odon/Desktop/intro_to_iris_recognition/Week 1/NDCVRL_002 Dataset/raw/nd1S06217/Left/587568.tiff,nd1S06217,L,3/16/10
587572,/Users/odon/Desktop/intro_to_iris_recognition/Week 1/NDCVRL_002 Dataset/raw/nd1S06217/Left/587572.tiff,nd1S06217,L,3/16/10
587574,/Users/odon/Desktop/intro_to_iris_recognition/Week 1/NDCVRL_002 Dataset/raw/nd1S06217/Left/587574.tiff,nd1S06217,L,3/16/10
587575,/Users/odon/Desktop/intro_to_iris_recognition/Week 1/NDCVRL_002 Dataset/raw/nd1S06217/Left/587575.tiff,nd1S06217,L,3/16/10
789459,/Users/odon/Desktop/intro_to_iris_recognition/Week 1/NDCVRL_002 Dataset/raw/nd1S06217/Left/789459.tiff,nd1S06217,L,3/8/11
789469,/Users/odon/Desktop/intro_to_iris_recognition/Week 1/NDCVRL_002 Dataset/raw/nd1S06217/Left/789469.tiff,nd1S06217,L,3/8/11
793332,/Users/odon/Desktop/intro_to_iris_recognition/Week 1/NDCVRL_002 Dataset/raw/nd1S06217/Left/793332.tiff,nd1S06217,L,3/8/11
794418,/Users/odon/Desktop/intro_to_iris_recognition/Week 1/NDCVRL_002 Dataset/raw/nd1S06217/Left/794418.tiff,nd1S06217,L,3/8/11
794424,/Users/odon/Desktop/intro_to_iris_recognition/Week 1/NDCVRL_002 Dataset/raw/nd1S06217/Left/794424.tiff,nd1S06217,L,3/8/11
798322,/Users/odon/Desktop/intro_to_iris_recognition/Week 1/NDCVRL_002 Dataset/raw/nd1S06217/Left/798322.tiff,nd1S06217,L,3/8/11
798325,/Users/odon/Desktop/intro_to_iris_recognition/Week 1/NDCVRL_002 Dataset/raw/nd1S06217/Left/798325.tiff,nd1S06217,L,3/8/11
799365,/Users/odon/Desktop/intro_to_iris_recognition/Week 1/NDCVRL_002 Dataset/raw/nd1S06217/Left/799365.tiff,nd1S06217,L,3/8/11
817716,/Users/odon/Desktop/intro_to_iris_recognition/Week 1/NDCVRL_002 Dataset/raw/nd1S06217/Left/817716.tiff,nd1S06217,L,3/22/11
817718,/Users/odon/Desktop/intro_to_iris_recognition/Week 1/NDCVRL_002 Dataset/raw/nd1S06217/Left/817718.tiff,nd1S06217,L,3/22/11
817726,/Users/odon/Desktop/intro_to_iris_recognition/Week 1/NDCVRL_002 Dataset/raw/nd1S06217/Left/817726.tiff,nd1S06217,L,3/22/11
863884,/Users/odon/Desktop/intro_to_iris_recognition/Week 1/NDCVRL_002 Dataset/raw/nd1S06217/Left/863884.tiff,nd1S06217,L,4/13/11
863888,/Users/odon/Desktop/intro_to_iris_recognition/Week 1/NDCVRL_002 Dataset/raw/nd1S06217/Left/863888.tiff,nd1S06217,L,4/13/11
866871,/Users/odon/Desktop/intro_to_iris_recognition/Week 1/NDCVRL_002 Dataset/raw/nd1S06217/Left/866871.tiff,nd1S06217,L,4/13/11
895493,/Users/odon/Desktop/intro_to_iris_recognition/Week 1/NDCVRL_002 Dataset/raw/nd1S06217/Left/895493.tiff,nd1S06217,L,4/26/11
895494,/Users/odon/Desktop/intro_to_iris_recognition/Week 1/NDCVRL_002 Dataset/raw/nd1S06217/Left/895494.tiff,nd1S06217,L,4/26/11
900734,/Users/odon/Desktop/intro_to_iris_recognition/Week 1/NDCVRL_002 Dataset/raw/nd1S06217/Left/900734.tiff,nd1S06217,L,4/26/11
586182,/Users/odon/Desktop/intro_to_iris_recognition/Week 1/NDCVRL_002 Dataset/raw/nd1S06221/Right/586182.tiff,nd1S06221,R,3/16/10
586184,/Users/odon/Desktop/intro_to_iris_recognition/Week 1/NDCVRL_002 Dataset/raw/nd1S06221/Right/586184.tiff,nd1S06221,R,3/16/10
588485,/Users/odon/Desktop/intro_to_iris_recognition/Week 1/NDCVRL_002 Dataset/raw/nd1S06221/Right/588485.tiff,nd1S06221,R,3/16/10
588486,/Users/odon/Desktop/intro_to_iris_recognition/Week 1/NDCVRL_002 Dataset/raw/nd1S06221/Right/588486.tiff,nd1S06221,R,3/16/10
588490,/Users/odon/Desktop/intro_to_iris_recognition/Week 1/NDCVRL_002 Dataset/raw/nd1S06221/Right/588490.tiff,nd1S06221,R,3/16/10
588491,/Users/odon/Desktop/intro_to_iris_recognition/Week 1/NDCVRL_002 Dataset/raw/nd1S06221/Right/588491.tiff,nd1S06221,R,3/16/10
588495,/Users/odon/Desktop/intro_to_iris_recognition/Week 1/NDCVRL_002 Dataset/raw/nd1S06221/Right/588495.tiff,nd1S06221,R,3/16/10
588496,/Users/odon/Desktop/intro_to_iris_recognition/Week 1/NDCVRL_002 Dataset/raw/nd1S06221/Right/588496.tiff,nd1S06221,R,3/16/10
588497,/Users/odon/Desktop/intro_to_iris_recognition/Week 1/NDCVRL_002 Dataset/raw/nd1S06221/Right/588497.tiff,nd1S06221,R,3/16/10
601935,/Users/odon/Desktop/intro_to_iris_recognition/Week 1/NDCVRL_002 Dataset/raw/nd1S06221/Right/601935.tiff,nd1S06221,R,4/15/10
601937,/Users/odon/Desktop/intro_to_iris_recognition/Week 1/NDCVRL_002 Dataset/raw/nd1S06221/Right/601937.tiff,nd1S06221,R,4/15/10
607339,/Users/odon/Desktop/intro_to_iris_recognition/Week 1/NDCVRL_002 Dataset/raw/nd1S06221/Right/607339.tiff,nd1S06221,R,4/15/10
607348,/Users/odon/Desktop/intro_to_iris_recognition/Week 1/NDCVRL_002 Dataset/raw/nd1S06221/Right/607348.tiff,nd1S06221,R,4/15/10
674367,/Users/odon/Desktop/intro_to_iris_recognition/Week 1/NDCVRL_002 Dataset/raw/nd1S06221/Right/674367.tiff,nd1S06221,R,10/26/10
674381,/Users/odon/Desktop/intro_to_iris_recognition/Week 1/NDCVRL_002 Dataset/raw/nd1S06221/Right/674381.tiff,nd1S06221,R,10/26/10
674383,/Users/odon/Desktop/intro_to_iris_recognition/Week 1/NDCVRL_002 Dataset/raw/nd1S06221/Right/674383.tiff,nd1S06221,R,10/26/10
674391,/Users/odon/Desktop/intro_to_iris_recognition/Week 1/NDCVRL_002 Dataset/raw/nd1S06221/Right/674391.tiff,nd1S06221,R,10/26/10
764324,/Users/odon/Desktop/intro_to_iris_recognition/Week 1/NDCVRL_002 Dataset/raw/nd1S06221/Right/764324.tiff,nd1S06221,R,2/24/11
764333,/Users/odon/Desktop/intro_to_iris_recognition/Week 1/NDCVRL_002 Dataset/raw/nd1S06221/Right/764333.tiff,nd1S06221,R,2/24/11
1010240,/Users/odon/Desktop/intro_to_iris_recognition/Week 1/NDCVRL_002 Dataset/raw/nd1S06245/Left/1010240.tiff,nd1S06245,L,10/25/11
1010831,/Users/odon/Desktop/intro_to_iris_recognition/Week 1/NDCVRL_002 Dataset/raw/nd1S06245/Left/1010831.tiff,nd1S06245,L,10/25/11
1013024,/Users/odon/Desktop/intro_to_iris_recognition/Week 1/NDCVRL_002 Dataset/raw/nd1S06245/Left/1013024.tiff,nd1S06245,L,10/25/11
1033107,/Users/odon/Desktop/intro_to_iris_recognition/Week 1/NDCVRL_002 Dataset/raw/nd1S06245/Left/1033107.tiff,nd1S06245,L,11/8/11
1035422,/Users/odon/Desktop/intro_to_iris_recognition/Week 1/NDCVRL_002 Dataset/raw/nd1S06245/Left/1035422.tiff,nd1S06245,L,11/8/11
1064607,/Users/odon/Desktop/intro_to_iris_recognition/Week 1/NDCVRL_002 Dataset/raw/nd1S06245/Left/1064607.tiff,nd1S06245,L,2/9/12
1064613,/Users/odon/Desktop/intro_to_iris_recognition/Week 1/NDCVRL_002 Dataset/raw/nd1S06245/Left/1064613.tiff,nd1S06245,L,2/9/12
1065543,/Users/odon/Desktop/intro_to_iris_recognition/Week 1/NDCVRL_002 Dataset/raw/nd1S06245/Left/1065543.tiff,nd1S06245,L,2/9/12
1066258,/Users/odon/Desktop/intro_to_iris_recognition/Week 1/NDCVRL_002 Dataset/raw/nd1S06245/Left/1066258.tiff,nd1S06245,L,2/9/12
1127068,/Users/odon/Desktop/intro_to_iris_recognition/Week 1/NDCVRL_002 Dataset/raw/nd1S06245/Left/1127068.tiff,nd1S06245,L,3/27/12
1128043,/Users/odon/Desktop/intro_to_iris_recognition/Week 1/NDCVRL_002 Dataset/raw/nd1S06245/Left/1128043.tiff,nd1S06245,L,3/27/12
1129073,/Users/odon/Desktop/intro_to_iris_recognition/Week 1/NDCVRL_002 Dataset/raw/nd1S06245/Left/1129073.tiff,nd1S06245,L,3/27/12
1129081,/Users/odon/Desktop/intro_to_iris_recognition/Week 1/NDCVRL_002 Dataset/raw/nd1S06245/Left/1129081.tiff,nd1S06245,L,3/27/12
600952,/Users/odon/Desktop/intro_to_iris_recognition/Week 1/NDCVRL_002 Dataset/raw/nd1S06245/Left/600952.tiff,nd1S06245,L,4/13/10
603149,/Users/odon/Desktop/intro_to_iris_recognition/Week 1/NDCVRL_002 Dataset/raw/nd1S06245/Left/603149.tiff,nd1S06245,L,4/13/10
611045,/Users/odon/Desktop/intro_to_iris_recognition/Week 1/NDCVRL_002 Dataset/raw/nd1S06245/Left/611045.tiff,nd1S06245,L,4/27/10
673583,/Users/odon/Desktop/intro_to_iris_recognition/Week 1/NDCVRL_002 Dataset/raw/nd1S06245/Left/673583.tiff,nd1S06245,L,10/26/10
673586,/Users/odon/Desktop/intro_to_iris_recognition/Week 1/NDCVRL_002 Dataset/raw/nd1S06245/Left/673586.tiff,nd1S06245,L,10/26/10
693376,/Users/odon/Desktop/intro_to_iris_recognition/Week 1/NDCVRL_002 Dataset/raw/nd1S06245/Left/693376.tiff,nd1S06245,L,11/30/10
728074,/Users/odon/Desktop/intro_to_iris_recognition/Week 1/NDCVRL_002 Dataset/raw/nd1S06245/Left/728074.tiff,nd1S06245,L,2/8/11
818589,/Users/odon/Desktop/intro_to_iris_recognition/Week 1/NDCVRL_002 Dataset/raw/nd1S06245/Left/818589.tiff,nd1S06245,L,3/22/11
826012,/Users/odon/Desktop/intro_to_iris_recognition/Week 1/NDCVRL_002 Dataset/raw/nd1S06245/Left/826012.tiff,nd1S06245,L,3/22/11
864122,/Users/odon/Desktop/intro_to_iris_recognition/Week 1/NDCVRL_002 Dataset/raw/nd1S06245/Left/864122.tiff,nd1S06245,L,4/13/11
867181,/Users/odon/Desktop/intro_to_iris_recognition/Week 1/NDCVRL_002 Dataset/raw/nd1S06245/Left/867181.tiff,nd1S06245,L,4/13/11
896477,/Users/odon/Desktop/intro_to_iris_recognition/Week 1/NDCVRL_002 Dataset/raw/nd1S06245/Left/896477.tiff,nd1S06245,L,4/26/11
897535,/Users/odon/Desktop/intro_to_iris_recognition/Week 1/NDCVRL_002 Dataset/raw/nd1S06245/Left/897535.tiff,nd1S06245,L,4/26/11
901189,/Users/odon/Desktop/intro_to_iris_recognition/Week 1/NDCVRL_002 Dataset/raw/nd1S06245/Left/901189.tiff,nd1S06245,L,4/26/11
973740,/Users/odon/Desktop/intro_to_iris_recognition/Week 1/NDCVRL_002 Dataset/raw/nd1S06245/Left/973740.tiff,nd1S06245,L,9/29/11
990703,/Users/odon/Desktop/intro_to_iris_recognition/Week 1/NDCVRL_002 Dataset/raw/nd1S06245/Left/990703.tiff,nd1S06245,L,10/11/11
1033294,/Users/odon/Desktop/intro_to_iris_recognition/Week 1/NDCVRL_002 Dataset/raw/nd1S06300/Left/1033294.tiff,nd1S06300,L,11/8/11
1036313,/Users/odon/Desktop/intro_to_iris_recognition/Week 1/NDCVRL_002 Dataset/raw/nd1S06300/Left/1036313.tiff,nd1S06300,L,11/8/11
1088591,/Users/odon/Desktop/intro_to_iris_recognition/Week 1/NDCVRL_002 Dataset/raw/nd1S06300/Left/1088591.tiff,nd1S06300,L,2/23/12
608939,/Users/odon/Desktop/intro_to_iris_recognition/Week 1/NDCVRL_002 Dataset/raw/nd1S06300/Left/608939.tiff,nd1S06300,L,4/27/10
611015,/Users/odon/Desktop/intro_to_iris_recognition/Week 1/NDCVRL_002 Dataset/raw/nd1S06300/Left/611015.tiff,nd1S06300,L,4/27/10
611020,/Users/odon/Desktop/intro_to_iris_recognition/Week 1/NDCVRL_002 Dataset/raw/nd1S06300/Left/611020.tiff,nd1S06300,L,4/27/10
673563,/Users/odon/Desktop/intro_to_iris_recognition/Week 1/NDCVRL_002 Dataset/raw/nd1S06300/Left/673563.tiff,nd1S06300,L,10/26/10
706242,/Users/odon/Desktop/intro_to_iris_recognition/Week 1/NDCVRL_002 Dataset/raw/nd1S06300/Left/706242.tiff,nd1S06300,L,1/26/11
706248,/Users/odon/Desktop/intro_to_iris_recognition/Week 1/NDCVRL_002 Dataset/raw/nd1S06300/Left/706248.tiff,nd1S06300,L,1/26/11
706249,/Users/odon/Desktop/intro_to_iris_recognition/Week 1/NDCVRL_002 Dataset/raw/nd1S06300/Left/706249.tiff,nd1S06300,L,1/26/11
706256,/Users/odon/Desktop/intro_to_iris_recognition/Week 1/NDCVRL_002 Dataset/raw/nd1S06300/Left/706256.tiff,nd1S06300,L,1/26/11
722306,/Users/odon/Desktop/intro_to_iris_recognition/Week 1/NDCVRL_002 Dataset/raw/nd1S06300/Left/722306.tiff,nd1S06300,L,2/8/11
722307,/Users/odon/Desktop/intro_to_iris_recognition/Week 1/NDCVRL_002 Dataset/raw/nd1S06300/Left/722307.tiff,nd1S06300,L,2/8/11
722314,/Users/odon/Desktop/intro_to_iris_recognition/Week 1/NDCVRL_002 Dataset/raw/nd1S06300/Left/722314.tiff,nd1S06300,L,2/8/11
722315,/Users/odon/Desktop/intro_to_iris_recognition/Week 1/NDCVRL_002 Dataset/raw/nd1S06300/Left/722315.tiff,nd1S06300,L,2/8/11
727073,/Users/odon/Desktop/intro_to_iris_recognition/Week 1/NDCVRL_002 Dataset/raw/nd1S06300/Left/727073.tiff,nd1S06300,L,2/8/11
727946,/Users/odon/Desktop/intro_to_iris_recognition/Week 1/NDCVRL_002 Dataset/raw/nd1S06300/Left/727946.tiff,nd1S06300,L,2/8/11
727948,/Users/odon/Desktop/intro_to_iris_recognition/Week 1/NDCVRL_002 Dataset/raw/nd1S06300/Left/727948.tiff,nd1S06300,L,2/8/11
731411,/Users/odon/Desktop/intro_to_iris_recognition/Week 1/NDCVRL_002 Dataset/raw/nd1S06300/Left/731411.tiff,nd1S06300,L,2/8/11
791637,/Users/odon/Desktop/intro_to_iris_recognition/Week 1/NDCVRL_002 Dataset/raw/nd1S06300/Left/791637.tiff,nd1S06300,L,3/9/11
791649,/Users/odon/Desktop/intro_to_iris_recognition/Week 1/NDCVRL_002 Dataset/raw/nd1S06300/Left/791649.tiff,nd1S06300,L,3/9/11
791650,/Users/odon/Desktop/intro_to_iris_recognition/Week 1/NDCVRL_002 Dataset/raw/nd1S06300/Left/791650.tiff,nd1S06300,L,3/9/11
831046,/Users/odon/Desktop/intro_to_iris_recognition/Week 1/NDCVRL_002 Dataset/raw/nd1S06300/Left/831046.tiff,nd1S06300,L,3/24/11
831901,/Users/odon/Desktop/intro_to_iris_recognition/Week 1/NDCVRL_002 Dataset/raw/nd1S06300/Left/831901.tiff,nd1S06300,L,3/24/11
831902,/Users/odon/Desktop/intro_to_iris_recognition/Week 1/NDCVRL_002 Dataset/raw/nd1S06300/Left/831902.tiff,nd1S06300,L,3/24/11
896523,/Users/odon/Desktop/intro_to_iris_recognition/Week 1/NDCVRL_002 Dataset/raw/nd1S06300/Left/896523.tiff,nd1S06300,L,4/26/11
896536,/Users/odon/Desktop/intro_to_iris_recognition/Week 1/NDCVRL_002 Dataset/raw/nd1S06300/Left/896536.tiff,nd1S06300,L,4/26/11
942815,/Users/odon/Desktop/intro_to_iris_recognition/Week 1/NDCVRL_002 Dataset/raw/nd1S06300/Left/942815.tiff,nd1S06300,L,9/15/11
1009827,/Users/odon/Desktop/intro_to_iris_recognition/Week 1/NDCVRL_002 Dataset/raw/nd1S06344/Left/1009827.tiff,nd1S06344,L,10/27/11
1035490,/Users/odon/Desktop/intro_to_iris_recognition/Week 1/NDCVRL_002 Dataset/raw/nd1S06344/Left/1035490.tiff,nd1S06344,L,11/10/11
1042066,/Users/odon/Desktop/intro_to_iris_recognition/Week 1/NDCVRL_002 Dataset/raw/nd1S06344/Left/1042066.tiff,nd1S06344,L,11/10/11
1064738,/Users/odon/Desktop/intro_to_iris_recognition/Week 1/NDCVRL_002 Dataset/raw/nd1S06344/Left/1064738.tiff,nd1S06344,L,2/9/12
1090881,/Users/odon/Desktop/intro_to_iris_recognition/Week 1/NDCVRL_002 Dataset/raw/nd1S06344/Left/1090881.tiff,nd1S06344,L,2/23/12
1108667,/Users/odon/Desktop/intro_to_iris_recognition/Week 1/NDCVRL_002 Dataset/raw/nd1S06344/Left/1108667.tiff,nd1S06344,L,3/8/12
1111008,/Users/odon/Desktop/intro_to_iris_recognition/Week 1/NDCVRL_002 Dataset/raw/nd1S06344/Left/1111008.tiff,nd1S06344,L,3/8/12
1112200,/Users/odon/Desktop/intro_to_iris_recognition/Week 1/NDCVRL_002 Dataset/raw/nd1S06344/Left/1112200.tiff,nd1S06344,L,3/8/12
1133359,/Users/odon/Desktop/intro_to_iris_recognition/Week 1/NDCVRL_002 Dataset/raw/nd1S06344/Left/1133359.tiff,nd1S06344,L,3/29/12
676015,/Users/odon/Desktop/intro_to_iris_recognition/Week 1/NDCVRL_002 Dataset/raw/nd1S06344/Left/676015.tiff,nd1S06344,L,10/28/10
676019,/Users/odon/Desktop/intro_to_iris_recognition/Week 1/NDCVRL_002 Dataset/raw/nd1S06344/Left/676019.tiff,nd1S06344,L,10/28/10
676025,/Users/odon/Desktop/intro_to_iris_recognition/Week 1/NDCVRL_002 Dataset/raw/nd1S06344/Left/676025.tiff,nd1S06344,L,10/28/10
684217,/Users/odon/Desktop/intro_to_iris_recognition/Week 1/NDCVRL_002 Dataset/raw/nd1S06344/Left/684217.tiff,nd1S06344,L,11/11/10
684227,/Users/odon/Desktop/intro_to_iris_recognition/Week 1/NDCVRL_002 Dataset/raw/nd1S06344/Left/684227.tiff,nd1S06344,L,11/11/10
692976,/Users/odon/Desktop/intro_to_iris_recognition/Week 1/NDCVRL_002 Dataset/raw/nd1S06344/Left/692976.tiff,nd1S06344,L,11/30/10
700720,/Users/odon/Desktop/intro_to_iris_recognition/Week 1/NDCVRL_002 Dataset/raw/nd1S06344/Left/700720.tiff,nd1S06344,L,11/30/10
705913,/Users/odon/Desktop/intro_to_iris_recognition/Week 1/NDCVRL_002 Dataset/raw/nd1S06344/Left/705913.tiff,nd1S06344,L,1/26/11
753219,/Users/odon/Desktop/intro_to_iris_recognition/Week 1/NDCVRL_002 Dataset/raw/nd1S06344/Left/753219.tiff,nd1S06344,L,2/22/11
759413,/Users/odon/Desktop/intro_to_iris_recognition/Week 1/NDCVRL_002 Dataset/raw/nd1S06344/Left/759413.tiff,nd1S06344,L,2/22/11
759423,/Users/odon/Desktop/intro_to_iris_recognition/Week 1/NDCVRL_002 Dataset/raw/nd1S06344/Left/759423.tiff,nd1S06344,L,2/22/11
788577,/Users/odon/Desktop/intro_to_iris_recognition/Week 1/NDCVRL_002 Dataset/raw/nd1S06344/Left/788577.tiff,nd1S06344,L,3/8/11
788588,/Users/odon/Desktop/intro_to_iris_recognition/Week 1/NDCVRL_002 Dataset/raw/nd1S06344/Left/788588.tiff,nd1S06344,L,3/8/11
792876,/Users/odon/Desktop/intro_to_iris_recognition/Week 1/NDCVRL_002 Dataset/raw/nd1S06344/Left/792876.tiff,nd1S06344,L,3/8/11
799052,/Users/odon/Desktop/intro_to_iris_recognition/Week 1/NDCVRL_002 Dataset/raw/nd1S06344/Left/799052.tiff,nd1S06344,L,3/8/11
827753,/Users/odon/Desktop/intro_to_iris_recognition/Week 1/NDCVRL_002 Dataset/raw/nd1S06344/Left/827753.tiff,nd1S06344,L,3/24/11
945160,/Users/odon/Desktop/intro_to_iris_recognition/Week 1/NDCVRL_002 Dataset/raw/nd1S06344/Left/945160.tiff,nd1S06344,L,9/15/11
964607,/Users/odon/Desktop/intro_to_iris_recognition/Week 1/NDCVRL_002 Dataset/raw/nd1S06344/Left/964607.tiff,nd1S06344,L,9/29/11
763662,/Users/odon/Desktop/intro_to_iris_recognition/Week 1/NDCVRL_002 Dataset/raw/nd1S06345/Left/763662.tiff,nd1S06345,L,2/23/11
763663,/Users/odon/Desktop/intro_to_iris_recognition/Week 1/NDCVRL_002 Dataset/raw/nd1S06345/Left/763663.tiff,nd1S06345,L,2/23/11
763664,/Users/odon/Desktop/intro_to_iris_recognition/Week 1/NDCVRL_002 Dataset/raw/nd1S06345/Left/763664.tiff,nd1S06345,L,2/23/11
790688,/Users/odon/Desktop/intro_to_iris_recognition/Week 1/NDCVRL_002 Dataset/raw/nd1S06345/Left/790688.tiff,nd1S06345,L,3/8/11
790689,/Users/odon/Desktop/intro_to_iris_recognition/Week 1/NDCVRL_002 Dataset/raw/nd1S06345/Left/790689.tiff,nd1S06345,L,3/8/11
790690,/Users/odon/Desktop/intro_to_iris_recognition/Week 1/NDCVRL_002 Dataset/raw/nd1S06345/Left/790690.tiff,nd1S06345,L,3/8/11
790691,/Users/odon/Desktop/intro_to_iris_recognition/Week 1/NDCVRL_002 Dataset/raw/nd1S06345/Left/790691.tiff,nd1S06345,L,3/8/11
790692,/Users/odon/Desktop/intro_to_iris_recognition/Week 1/NDCVRL_002 Dataset/raw/nd1S06345/Left/790692.tiff,nd1S06345,L,3/8/11
790698,/Users/odon/Desktop/intro_to_iris_recognition/Week 1/NDCVRL_002 Dataset/raw/nd1S06345/Left/790698.tiff,nd1S06345,L,3/8/11
790699,/Users/odon/Desktop/intro_to_iris_recognition/Week 1/NDCVRL_002 Dataset/raw/nd1S06345/Left/790699.tiff,nd1S06345,L,3/8/11
790700,/Users/odon/Desktop/intro_to_iris_recognition/Week 1/NDCVRL_002 Dataset/raw/nd1S06345/Left/790700.tiff,nd1S06345,L,3/8/11
790701,/Users/odon/Desktop/intro_to_iris_recognition/Week 1/NDCVRL_002 Dataset/raw/nd1S06345/Left/790701.tiff,nd1S06345,L,3/8/11
790702,/Users/odon/Desktop/intro_to_iris_recognition/Week 1/NDCVRL_002 Dataset/raw/nd1S06345/Left/790702.tiff,nd1S06345,L,3/8/11
793927,/Users/odon/Desktop/intro_to_iris_recognition/Week 1/NDCVRL_002 Dataset/raw/nd1S06345/Left/793927.tiff,nd1S06345,L,3/8/11
793928,/Users/odon/Desktop/intro_to_iris_recognition/Week 1/NDCVRL_002 Dataset/raw/nd1S06345/Left/793928.tiff,nd1S06345,L,3/8/11
793930,/Users/odon/Desktop/intro_to_iris_recognition/Week 1/NDCVRL_002 Dataset/raw/nd1S06345/Left/793930.tiff,nd1S06345,L,3/8/11
793932,/Users/odon/Desktop/intro_to_iris_recognition/Week 1/NDCVRL_002 Dataset/raw/nd1S06345/Left/793932.tiff,nd1S06345,L,3/8/11
794822,/Users/odon/Desktop/intro_to_iris_recognition/Week 1/NDCVRL_002 Dataset/raw/nd1S06345/Left/794822.tiff,nd1S06345,L,3/8/11
794824,/Users/odon/Desktop/intro_to_iris_recognition/Week 1/NDCVRL_002 Dataset/raw/nd1S06345/Left/794824.tiff,nd1S06345,L,3/8/11
794826,/Users/odon/Desktop/intro_to_iris_recognition/Week 1/NDCVRL_002 Dataset/raw/nd1S06345/Left/794826.tiff,nd1S06345,L,3/8/11
798904,/Users/odon/Desktop/intro_to_iris_recognition/Week 1/NDCVRL_002 Dataset/raw/nd1S06345/Left/798904.tiff,nd1S06345,L,3/8/11
798905,/Users/odon/Desktop/intro_to_iris_recognition/Week 1/NDCVRL_002 Dataset/raw/nd1S06345/Left/798905.tiff,nd1S06345,L,3/8/11
798908,/Users/odon/Desktop/intro_to_iris_recognition/Week 1/NDCVRL_002 Dataset/raw/nd1S06345/Left/798908.tiff,nd1S06345,L,3/8/11
798909,/Users/odon/Desktop/intro_to_iris_recognition/Week 1/NDCVRL_002 Dataset/raw/nd1S06345/Left/798909.tiff,nd1S06345,L,3/8/11
799853,/Users/odon/Desktop/intro_to_iris_recognition/Week 1/NDCVRL_002 Dataset/raw/nd1S06345/Left/799853.tiff,nd1S06345,L,3/8/11
799854,/Users/odon/Desktop/intro_to_iris_recognition/Week 1/NDCVRL_002 Dataset/raw/nd1S06345/Left/799854.tiff,nd1S06345,L,3/8/11
799857,/Users/odon/Desktop/intro_to_iris_recognition/Week 1/NDCVRL_002 Dataset/raw/nd1S06345/Left/799857.tiff,nd1S06345,L,3/8/11
799858,/Users/odon/Desktop/intro_to_iris_recognition/Week 1/NDCVRL_002 Dataset/raw/nd1S06345/Left/799858.tiff,nd1S06345,L,3/8/11
820273,/Users/odon/Desktop/intro_to_iris_recognition/Week 1/NDCVRL_002 Dataset/raw/nd1S06345/Left/820273.tiff,nd1S06345,L,3/23/11
820274,/Users/odon/Desktop/intro_to_iris_recognition/Week 1/NDCVRL_002 Dataset/raw/nd1S06345/Left/820274.tiff,nd1S06345,L,3/23/11
820275,/Users/odon/Desktop/intro_to_iris_recognition/Week 1/NDCVRL_002 Dataset/raw/nd1S06345/Left/820275.tiff,nd1S06345,L,3/23/11
820276,/Users/odon/Desktop/intro_to_iris_recognition/Week 1/NDCVRL_002 Dataset/raw/nd1S06345/Left/820276.tiff,nd1S06345,L,3/23/11
820277,/Users/odon/Desktop/intro_to_iris_recognition/Week 1/NDCVRL_002 Dataset/raw/nd1S06345/Left/820277.tiff,nd1S06345,L,3/23/11
820283,/Users/odon/Desktop/intro_to_iris_recognition/Week 1/NDCVRL_002 Dataset/raw/nd1S06345/Left/820283.tiff,nd1S06345,L,3/23/11
820284,/Users/odon/Desktop/intro_to_iris_recognition/Week 1/NDCVRL_002 Dataset/raw/nd1S06345/Left/820284.tiff,nd1S06345,L,3/23/11
820285,/Users/odon/Desktop/intro_to_iris_recognition/Week 1/NDCVRL_002 Dataset/raw/nd1S06345/Left/820285.tiff,nd1S06345,L,3/23/11
820286,/Users/odon/Desktop/intro_to_iris_recognition/Week 1/NDCVRL_002 Dataset/raw/nd1S06345/Left/820286.tiff,nd1S06345,L,3/23/11
823514,/Users/odon/Desktop/intro_to_iris_recognition/Week 1/NDCVRL_002 Dataset/raw/nd1S06345/Left/823514.tiff,nd1S06345,L,3/23/11
823516,/Users/odon/Desktop/intro_to_iris_recognition/Week 1/NDCVRL_002 Dataset/raw/nd1S06345/Left/823516.tiff,nd1S06345,L,3/23/11
823518,/Users/odon/Desktop/intro_to_iris_recognition/Week 1/NDCVRL_002 Dataset/raw/nd1S06345/Left/823518.tiff,nd1S06345,L,3/23/11
826948,/Users/odon/Desktop/intro_to_iris_recognition/Week 1/NDCVRL_002 Dataset/raw/nd1S06345/Left/826948.tiff,nd1S06345,L,3/23/11
826949,/Users/odon/Desktop/intro_to_iris_recognition/Week 1/NDCVRL_002 Dataset/raw/nd1S06345/Left/826949.tiff,nd1S06345,L,3/23/11
826952,/Users/odon/Desktop/intro_to_iris_recognition/Week 1/NDCVRL_002 Dataset/raw/nd1S06345/Left/826952.tiff,nd1S06345,L,3/23/11
826953,/Users/odon/Desktop/intro_to_iris_recognition/Week 1/NDCVRL_002 Dataset/raw/nd1S06345/Left/826953.tiff,nd1S06345,L,3/23/11
827934,/Users/odon/Desktop/intro_to_iris_recognition/Week 1/NDCVRL_002 Dataset/raw/nd1S06345/Left/827934.tiff,nd1S06345,L,3/23/11
827935,/Users/odon/Desktop/intro_to_iris_recognition/Week 1/NDCVRL_002 Dataset/raw/nd1S06345/Left/827935.tiff,nd1S06345,L,3/23/11
827938,/Users/odon/Desktop/intro_to_iris_recognition/Week 1/NDCVRL_002 Dataset/raw/nd1S06345/Left/827938.tiff,nd1S06345,L,3/23/11
827939,/Users/odon/Desktop/intro_to_iris_recognition/Week 1/NDCVRL_002 Dataset/raw/nd1S06345/Left/827939.tiff,nd1S06345,L,3/23/11
859019,/Users/odon/Desktop/intro_to_iris_recognition/Week 1/NDCVRL_002 Dataset/raw/nd1S06345/Left/859019.tiff,nd1S06345,L,4/13/11
859020,/Users/odon/Desktop/intro_to_iris_recognition/Week 1/NDCVRL_002 Dataset/raw/nd1S06345/Left/859020.tiff,nd1S06345,L,4/13/11
684280,/Users/odon/Desktop/intro_to_iris_recognition/Week 1/NDCVRL_002 Dataset/raw/nd1S06345/Right/684280.tiff,nd1S06345,R,11/11/10
684282,/Users/odon/Desktop/intro_to_iris_recognition/Week 1/NDCVRL_002 Dataset/raw/nd1S06345/Right/684282.tiff,nd1S06345,R,11/11/10
684284,/Users/odon/Desktop/intro_to_iris_recognition/Week 1/NDCVRL_002 Dataset/raw/nd1S06345/Right/684284.tiff,nd1S06345,R,11/11/10
684286,/Users/odon/Desktop/intro_to_iris_recognition/Week 1/NDCVRL_002 Dataset/raw/nd1S06345/Right/684286.tiff,nd1S06345,R,11/11/10
684288,/Users/odon/Desktop/intro_to_iris_recognition/Week 1/NDCVRL_002 Dataset/raw/nd1S06345/Right/684288.tiff,nd1S06345,R,11/11/10
694844,/Users/odon/Desktop/intro_to_iris_recognition/Week 1/NDCVRL_002 Dataset/raw/nd1S06345/Right/694844.tiff,nd1S06345,R,12/1/10
694854,/Users/odon/Desktop/intro_to_iris_recognition/Week 1/NDCVRL_002 Dataset/raw/nd1S06345/Right/694854.tiff,nd1S06345,R,12/1/10
701307,/Users/odon/Desktop/intro_to_iris_recognition/Week 1/NDCVRL_002 Dataset/raw/nd1S06345/Right/701307.tiff,nd1S06345,R,12/1/10
701309,/Users/odon/Desktop/intro_to_iris_recognition/Week 1/NDCVRL_002 Dataset/raw/nd1S06345/Right/701309.tiff,nd1S06345,R,12/1/10
706127,/Users/odon/Desktop/intro_to_iris_recognition/Week 1/NDCVRL_002 Dataset/raw/nd1S06345/Right/706127.tiff,nd1S06345,R,1/26/11
706135,/Users/odon/Desktop/intro_to_iris_recognition/Week 1/NDCVRL_002 Dataset/raw/nd1S06345/Right/706135.tiff,nd1S06345,R,1/26/11
706143,/Users/odon/Desktop/intro_to_iris_recognition/Week 1/NDCVRL_002 Dataset/raw/nd1S06345/Right/706143.tiff,nd1S06345,R,1/26/11
725622,/Users/odon/Desktop/intro_to_iris_recognition/Week 1/NDCVRL_002 Dataset/raw/nd1S06345/Right/725622.tiff,nd1S06345,R,2/10/11
725626,/Users/odon/Desktop/intro_to_iris_recognition/Week 1/NDCVRL_002 Dataset/raw/nd1S06345/Right/725626.tiff,nd1S06345,R,2/10/11
730435,/Users/odon/Desktop/intro_to_iris_recognition/Week 1/NDCVRL_002 Dataset/raw/nd1S06345/Right/730435.tiff,nd1S06345,R,2/10/11
730610,/Users/odon/Desktop/intro_to_iris_recognition/Week 1/NDCVRL_002 Dataset/raw/nd1S06345/Right/730610.tiff,nd1S06345,R,2/10/11
730614,/Users/odon/Desktop/intro_to_iris_recognition/Week 1/NDCVRL_002 Dataset/raw/nd1S06345/Right/730614.tiff,nd1S06345,R,2/10/11
733029,/Users/odon/Desktop/intro_to_iris_recognition/Week 1/NDCVRL_002 Dataset/raw/nd1S06345/Right/733029.tiff,nd1S06345,R,2/10/11
733034,/Users/odon/Desktop/intro_to_iris_recognition/Week 1/NDCVRL_002 Dataset/raw/nd1S06345/Right/733034.tiff,nd1S06345,R,2/10/11
755009,/Users/odon/Desktop/intro_to_iris_recognition/Week 1/NDCVRL_002 Dataset/raw/nd1S06345/Right/755009.tiff,nd1S06345,R,2/23/11
755014,/Users/odon/Desktop/intro_to_iris_recognition/Week 1/NDCVRL_002 Dataset/raw/nd1S06345/Right/755014.tiff,nd1S06345,R,2/23/11
758296,/Users/odon/Desktop/intro_to_iris_recognition/Week 1/NDCVRL_002 Dataset/raw/nd1S06345/Right/758296.tiff,nd1S06345,R,2/23/11
758844,/Users/odon/Desktop/intro_to_iris_recognition/Week 1/NDCVRL_002 Dataset/raw/nd1S06345/Right/758844.tiff,nd1S06345,R,2/23/11
1020322,/Users/odon/Desktop/intro_to_iris_recognition/Week 1/NDCVRL_002 Dataset/raw/nd1S06350/Left/1020322.tiff,nd1S06350,L,10/27/11
1041451,/Users/odon/Desktop/intro_to_iris_recognition/Week 1/NDCVRL_002 Dataset/raw/nd1S06350/Left/1041451.tiff,nd1S06350,L,11/10/11
1041977,/Users/odon/Desktop/intro_to_iris_recognition/Week 1/NDCVRL_002 Dataset/raw/nd1S06350/Left/1041977.tiff,nd1S06350,L,11/10/11
1042031,/Users/odon/Desktop/intro_to_iris_recognition/Week 1/NDCVRL_002 Dataset/raw/nd1S06350/Left/1042031.tiff,nd1S06350,L,11/10/11
1042213,/Users/odon/Desktop/intro_to_iris_recognition/Week 1/NDCVRL_002 Dataset/raw/nd1S06350/Left/1042213.tiff,nd1S06350,L,11/10/11
1043101,/Users/odon/Desktop/intro_to_iris_recognition/Week 1/NDCVRL_002 Dataset/raw/nd1S06350/Left/1043101.tiff,nd1S06350,L,11/10/11
1043114,/Users/odon/Desktop/intro_to_iris_recognition/Week 1/NDCVRL_002 Dataset/raw/nd1S06350/Left/1043114.tiff,nd1S06350,L,11/10/11
1063844,/Users/odon/Desktop/intro_to_iris_recognition/Week 1/NDCVRL_002 Dataset/raw/nd1S06350/Left/1063844.tiff,nd1S06350,L,2/9/12
1063854,/Users/odon/Desktop/intro_to_iris_recognition/Week 1/NDCVRL_002 Dataset/raw/nd1S06350/Left/1063854.tiff,nd1S06350,L,2/9/12
1065254,/Users/odon/Desktop/intro_to_iris_recognition/Week 1/NDCVRL_002 Dataset/raw/nd1S06350/Left/1065254.tiff,nd1S06350,L,2/9/12
1066012,/Users/odon/Desktop/intro_to_iris_recognition/Week 1/NDCVRL_002 Dataset/raw/nd1S06350/Left/1066012.tiff,nd1S06350,L,2/9/12
1066016,/Users/odon/Desktop/intro_to_iris_recognition/Week 1/NDCVRL_002 Dataset/raw/nd1S06350/Left/1066016.tiff,nd1S06350,L,2/9/12
1067164,/Users/odon/Desktop/intro_to_iris_recognition/Week 1/NDCVRL_002 Dataset/raw/nd1S06350/Left/1067164.tiff,nd1S06350,L,2/9/12
683173,/Users/odon/Desktop/intro_to_iris_recognition/Week 1/NDCVRL_002 Dataset/raw/nd1S06352/Left/683173.tiff,nd1S06352,L,11/10/10
683175,/Users/odon/Desktop/intro_to_iris_recognition/Week 1/NDCVRL_002 Dataset/raw/nd1S06352/Left/683175.tiff,nd1S06352,L,11/10/10
683177,/Users/odon/Desktop/intro_to_iris_recognition/Week 1/NDCVRL_002 Dataset/raw/nd1S06352/Left/683177.tiff,nd1S06352,L,11/10/10
683179,/Users/odon/Desktop/intro_to_iris_recognition/Week 1/NDCVRL_002 Dataset/raw/nd1S06352/Left/683179.tiff,nd1S06352,L,11/10/10
683181,/Users/odon/Desktop/intro_to_iris_recognition/Week 1/NDCVRL_002 Dataset/raw/nd1S06352/Left/683181.tiff,nd1S06352,L,11/10/10
696537,/Users/odon/Desktop/intro_to_iris_recognition/Week 1/NDCVRL_002 Dataset/raw/nd1S06352/Left/696537.tiff,nd1S06352,L,12/2/10
696539,/Users/odon/Desktop/intro_to_iris_recognition/Week 1/NDCVRL_002 Dataset/raw/nd1S06352/Left/696539.tiff,nd1S06352,L,12/2/10
696543,/Users/odon/Desktop/intro_to_iris_recognition/Week 1/NDCVRL_002 Dataset/raw/nd1S06352/Left/696543.tiff,nd1S06352,L,12/2/10
696545,/Users/odon/Desktop/intro_to_iris_recognition/Week 1/NDCVRL_002 Dataset/raw/nd1S06352/Left/696545.tiff,nd1S06352,L,12/2/10
696547,/Users/odon/Desktop/intro_to_iris_recognition/Week 1/NDCVRL_002 Dataset/raw/nd1S06352/Left/696547.tiff,nd1S06352,L,12/2/10
696549,/Users/odon/Desktop/intro_to_iris_recognition/Week 1/NDCVRL_002 Dataset/raw/nd1S06352/Left/696549.tiff,nd1S06352,L,12/2/10
696552,/Users/odon/Desktop/intro_to_iris_recognition/Week 1/NDCVRL_002 Dataset/raw/nd1S06352/Left/696552.tiff,nd1S06352,L,12/2/10
701824,/Users/odon/Desktop/intro_to_iris_recognition/Week 1/NDCVRL_002 Dataset/raw/nd1S06352/Left/701824.tiff,nd1S06352,L,12/2/10
701828,/Users/odon/Desktop/intro_to_iris_recognition/Week 1/NDCVRL_002 Dataset/raw/nd1S06352/Left/701828.tiff,nd1S06352,L,12/2/10
709730,/Users/odon/Desktop/intro_to_iris_recognition/Week 1/NDCVRL_002 Dataset/raw/nd1S06352/Left/709730.tiff,nd1S06352,L,1/27/11
709736,/Users/odon/Desktop/intro_to_iris_recognition/Week 1/NDCVRL_002 Dataset/raw/nd1S06352/Left/709736.tiff,nd1S06352,L,1/27/11
709742,/Users/odon/Desktop/intro_to_iris_recognition/Week 1/NDCVRL_002 Dataset/raw/nd1S06352/Left/709742.tiff,nd1S06352,L,1/27/11
709743,/Users/odon/Desktop/intro_to_iris_recognition/Week 1/NDCVRL_002 Dataset/raw/nd1S06352/Left/709743.tiff,nd1S06352,L,1/27/11
709745,/Users/odon/Desktop/intro_to_iris_recognition/Week 1/NDCVRL_002 Dataset/raw/nd1S06352/Left/709745.tiff,nd1S06352,L,1/27/11
754133,/Users/odon/Desktop/intro_to_iris_recognition/Week 1/NDCVRL_002 Dataset/raw/nd1S06352/Left/754133.tiff,nd1S06352,L,2/22/11
755971,/Users/odon/Desktop/intro_to_iris_recognition/Week 1/NDCVRL_002 Dataset/raw/nd1S06352/Left/755971.tiff,nd1S06352,L,2/22/11
756804,/Users/odon/Desktop/intro_to_iris_recognition/Week 1/NDCVRL_002 Dataset/raw/nd1S06352/Left/756804.tiff,nd1S06352,L,2/22/11
756806,/Users/odon/Desktop/intro_to_iris_recognition/Week 1/NDCVRL_002 Dataset/raw/nd1S06352/Left/756806.tiff,nd1S06352,L,2/22/11
756808,/Users/odon/Desktop/intro_to_iris_recognition/Week 1/NDCVRL_002 Dataset/raw/nd1S06352/Left/756808.tiff,nd1S06352,L,2/22/11
757524,/Users/odon/Desktop/intro_to_iris_recognition/Week 1/NDCVRL_002 Dataset/raw/nd1S06352/Left/757524.tiff,nd1S06352,L,2/22/11
757528,/Users/odon/Desktop/intro_to_iris_recognition/Week 1/NDCVRL_002 Dataset/raw/nd1S06352/Left/757528.tiff,nd1S06352,L,2/22/11
761484,/Users/odon/Desktop/intro_to_iris_recognition/Week 1/NDCVRL_002 Dataset/raw/nd1S06352/Left/761484.tiff,nd1S06352,L,2/22/11
761487,/Users/odon/Desktop/intro_to_iris_recognition/Week 1/NDCVRL_002 Dataset/raw/nd1S06352/Left/761487.tiff,nd1S06352,L,2/22/11
761494,/Users/odon/Desktop/intro_to_iris_recognition/Week 1/NDCVRL_002 Dataset/raw/nd1S06352/Left/761494.tiff,nd1S06352,L,2/22/11
761495,/Users/odon/Desktop/intro_to_iris_recognition/Week 1/NDCVRL_002 Dataset/raw/nd1S06352/Left/761495.tiff,nd1S06352,L,2/22/11
761496,/Users/odon/Desktop/intro_to_iris_recognition/Week 1/NDCVRL_002 Dataset/raw/nd1S06352/Left/761496.tiff,nd1S06352,L,2/22/11
824376,/Users/odon/Desktop/intro_to_iris_recognition/Week 1/NDCVRL_002 Dataset/raw/nd1S06352/Right/824376.tiff,nd1S06352,R,3/24/11
825112,/Users/odon/Desktop/intro_to_iris_recognition/Week 1/NDCVRL_002 Dataset/raw/nd1S06352/Right/825112.tiff,nd1S06352,R,3/24/11
825115,/Users/odon/Desktop/intro_to_iris_recognition/Week 1/NDCVRL_002 Dataset/raw/nd1S06352/Right/825115.tiff,nd1S06352,R,3/24/11
825118,/Users/odon/Desktop/intro_to_iris_recognition/Week 1/NDCVRL_002 Dataset/raw/nd1S06352/Right/825118.tiff,nd1S06352,R,3/24/11
829045,/Users/odon/Desktop/intro_to_iris_recognition/Week 1/NDCVRL_002 Dataset/raw/nd1S06352/Right/829045.tiff,nd1S06352,R,3/24/11
829048,/Users/odon/Desktop/intro_to_iris_recognition/Week 1/NDCVRL_002 Dataset/raw/nd1S06352/Right/829048.tiff,nd1S06352,R,3/24/11
829051,/Users/odon/Desktop/intro_to_iris_recognition/Week 1/NDCVRL_002 Dataset/raw/nd1S06352/Right/829051.tiff,nd1S06352,R,3/24/11
829053,/Users/odon/Desktop/intro_to_iris_recognition/Week 1/NDCVRL_002 Dataset/raw/nd1S06352/Right/829053.tiff,nd1S06352,R,3/24/11
830739,/Users/odon/Desktop/intro_to_iris_recognition/Week 1/NDCVRL_002 Dataset/raw/nd1S06352/Right/830739.tiff,nd1S06352,R,3/24/11
830740,/Users/odon/Desktop/intro_to_iris_recognition/Week 1/NDCVRL_002 Dataset/raw/nd1S06352/Right/830740.tiff,nd1S06352,R,3/24/11
830746,/Users/odon/Desktop/intro_to_iris_recognition/Week 1/NDCVRL_002 Dataset/raw/nd1S06352/Right/830746.tiff,nd1S06352,R,3/24/11
830749,/Users/odon/Desktop/intro_to_iris_recognition/Week 1/NDCVRL_002 Dataset/raw/nd1S06352/Right/830749.tiff,nd1S06352,R,3/24/11
830750,/Users/odon/Desktop/intro_to_iris_recognition/Week 1/NDCVRL_002 Dataset/raw/nd1S06352/Right/830750.tiff,nd1S06352,R,3/24/11
830751,/Users/odon/Desktop/intro_to_iris_recognition/Week 1/NDCVRL_002 Dataset/raw/nd1S06352/Right/830751.tiff,nd1S06352,R,3/24/11
830753,/Users/odon/Desktop/intro_to_iris_recognition/Week 1/NDCVRL_002 Dataset/raw/nd1S06352/Right/830753.tiff,nd1S06352,R,3/24/11
830754,/Users/odon/Desktop/intro_to_iris_recognition/Week 1/NDCVRL_002 Dataset/raw/nd1S06352/Right/830754.tiff,nd1S06352,R,3/24/11
830785,/Users/odon/Desktop/intro_to_iris_recognition/Week 1/NDCVRL_002 Dataset/raw/nd1S06352/Right/830785.tiff,nd1S06352,R,3/24/11
830787,/Users/odon/Desktop/intro_to_iris_recognition/Week 1/NDCVRL_002 Dataset/raw/nd1S06352/Right/830787.tiff,nd1S06352,R,3/24/11
830788,/Users/odon/Desktop/intro_to_iris_recognition/Week 1/NDCVRL_002 Dataset/raw/nd1S06352/Right/830788.tiff,nd1S06352,R,3/24/11
830790,/Users/odon/Desktop/intro_to_iris_recognition/Week 1/NDCVRL_002 Dataset/raw/nd1S06352/Right/830790.tiff,nd1S06352,R,3/24/11
830791,/Users/odon/Desktop/intro_to_iris_recognition/Week 1/NDCVRL_002 Dataset/raw/nd1S06352/Right/830791.tiff,nd1S06352,R,3/24/11
858164,/Users/odon/Desktop/intro_to_iris_recognition/Week 1/NDCVRL_002 Dataset/raw/nd1S06352/Right/858164.tiff,nd1S06352,R,4/12/11
858165,/Users/odon/Desktop/intro_to_iris_recognition/Week 1/NDCVRL_002 Dataset/raw/nd1S06352/Right/858165.tiff,nd1S06352,R,4/12/11
858166,/Users/odon/Desktop/intro_to_iris_recognition/Week 1/NDCVRL_002 Dataset/raw/nd1S06352/Right/858166.tiff,nd1S06352,R,4/12/11
858167,/Users/odon/Desktop/intro_to_iris_recognition/Week 1/NDCVRL_002 Dataset/raw/nd1S06352/Right/858167.tiff,nd1S06352,R,4/12/11
858168,/Users/odon/Desktop/intro_to_iris_recognition/Week 1/NDCVRL_002 Dataset/raw/nd1S06352/Right/858168.tiff,nd1S06352,R,4/12/11
858174,/Users/odon/Desktop/intro_to_iris_recognition/Week 1/NDCVRL_002 Dataset/raw/nd1S06352/Right/858174.tiff,nd1S06352,R,4/12/11
858175,/Users/odon/Desktop/intro_to_iris_recognition/Week 1/NDCVRL_002 Dataset/raw/nd1S06352/Right/858175.tiff,nd1S06352,R,4/12/11
858176,/Users/odon/Desktop/intro_to_iris_recognition/Week 1/NDCVRL_002 Dataset/raw/nd1S06352/Right/858176.tiff,nd1S06352,R,4/12/11
858177,/Users/odon/Desktop/intro_to_iris_recognition/Week 1/NDCVRL_002 Dataset/raw/nd1S06352/Right/858177.tiff,nd1S06352,R,4/12/11
858178,/Users/odon/Desktop/intro_to_iris_recognition/Week 1/NDCVRL_002 Dataset/raw/nd1S06352/Right/858178.tiff,nd1S06352,R,4/12/11
861756,/Users/odon/Desktop/intro_to_iris_recognition/Week 1/NDCVRL_002 Dataset/raw/nd1S06352/Right/861756.tiff,nd1S06352,R,4/12/11
861757,/Users/odon/Desktop/intro_to_iris_recognition/Week 1/NDCVRL_002 Dataset/raw/nd1S06352/Right/861757.tiff,nd1S06352,R,4/12/11
861758,/Users/odon/Desktop/intro_to_iris_recognition/Week 1/NDCVRL_002 Dataset/raw/nd1S06352/Right/861758.tiff,nd1S06352,R,4/12/11
861759,/Users/odon/Desktop/intro_to_iris_recognition/Week 1/NDCVRL_002 Dataset/raw/nd1S06352/Right/861759.tiff,nd1S06352,R,4/12/11
862714,/Users/odon/Desktop/intro_to_iris_recognition/Week 1/NDCVRL_002 Dataset/raw/nd1S06352/Right/862714.tiff,nd1S06352,R,4/12/11
862716,/Users/odon/Desktop/intro_to_iris_recognition/Week 1/NDCVRL_002 Dataset/raw/nd1S06352/Right/862716.tiff,nd1S06352,R,4/12/11
862718,/Users/odon/Desktop/intro_to_iris_recognition/Week 1/NDCVRL_002 Dataset/raw/nd1S06352/Right/862718.tiff,nd1S06352,R,4/12/11
865112,/Users/odon/Desktop/intro_to_iris_recognition/Week 1/NDCVRL_002 Dataset/raw/nd1S06352/Right/865112.tiff,nd1S06352,R,4/12/11
865113,/Users/odon/Desktop/intro_to_iris_recognition/Week 1/NDCVRL_002 Dataset/raw/nd1S06352/Right/865113.tiff,nd1S06352,R,4/12/11
865116,/Users/odon/Desktop/intro_to_iris_recognition/Week 1/NDCVRL_002 Dataset/raw/nd1S06352/Right/865116.tiff,nd1S06352,R,4/12/11
865117,/Users/odon/Desktop/intro_to_iris_recognition/Week 1/NDCVRL_002 Dataset/raw/nd1S06352/Right/865117.tiff,nd1S06352,R,4/12/11
866305,/Users/odon/Desktop/intro_to_iris_recognition/Week 1/NDCVRL_002 Dataset/raw/nd1S06352/Right/866305.tiff,nd1S06352,R,4/12/11
866306,/Users/odon/Desktop/intro_to_iris_recognition/Week 1/NDCVRL_002 Dataset/raw/nd1S06352/Right/866306.tiff,nd1S06352,R,4/12/11
866309,/Users/odon/Desktop/intro_to_iris_recognition/Week 1/NDCVRL_002 Dataset/raw/nd1S06352/Right/866309.tiff,nd1S06352,R,4/12/11
866310,/Users/odon/Desktop/intro_to_iris_recognition/Week 1/NDCVRL_002 Dataset/raw/nd1S06352/Right/866310.tiff,nd1S06352,R,4/12/11
907372,/Users/odon/Desktop/intro_to_iris_recognition/Week 1/NDCVRL_002 Dataset/raw/nd1S06352/Right/907372.tiff,nd1S06352,R,4/28/11
907373,/Users/odon/Desktop/intro_to_iris_recognition/Week 1/NDCVRL_002 Dataset/raw/nd1S06352/Right/907373.tiff,nd1S06352,R,4/28/11
907374,/Users/odon/Desktop/intro_to_iris_recognition/Week 1/NDCVRL_002 Dataset/raw/nd1S06352/Right/907374.tiff,nd1S06352,R,4/28/11
907375,/Users/odon/Desktop/intro_to_iris_recognition/Week 1/NDCVRL_002 Dataset/raw/nd1S06352/Right/907375.tiff,nd1S06352,R,4/28/11
684613,/Users/odon/Desktop/intro_to_iris_recognition/Week 1/NDCVRL_002 Dataset/raw/nd1S06391/Left/684613.tiff,nd1S06391,L,11/11/10
684621,/Users/odon/Desktop/intro_to_iris_recognition/Week 1/NDCVRL_002 Dataset/raw/nd1S06391/Left/684621.tiff,nd1S06391,L,11/11/10
695623,/Users/odon/Desktop/intro_to_iris_recognition/Week 1/NDCVRL_002 Dataset/raw/nd1S06391/Left/695623.tiff,nd1S06391,L,12/1/10
695629,/Users/odon/Desktop/intro_to_iris_recognition/Week 1/NDCVRL_002 Dataset/raw/nd1S06391/Left/695629.tiff,nd1S06391,L,12/1/10
724182,/Users/odon/Desktop/intro_to_iris_recognition/Week 1/NDCVRL_002 Dataset/raw/nd1S06391/Left/724182.tiff,nd1S06391,L,2/9/11
724185,/Users/odon/Desktop/intro_to_iris_recognition/Week 1/NDCVRL_002 Dataset/raw/nd1S06391/Left/724185.tiff,nd1S06391,L,2/9/11
724195,/Users/odon/Desktop/intro_to_iris_recognition/Week 1/NDCVRL_002 Dataset/raw/nd1S06391/Left/724195.tiff,nd1S06391,L,2/9/11
724196,/Users/odon/Desktop/intro_to_iris_recognition/Week 1/NDCVRL_002 Dataset/raw/nd1S06391/Left/724196.tiff,nd1S06391,L,2/9/11
728647,/Users/odon/Desktop/intro_to_iris_recognition/Week 1/NDCVRL_002 Dataset/raw/nd1S06391/Left/728647.tiff,nd1S06391,L,2/9/11
729428,/Users/odon/Desktop/intro_to_iris_recognition/Week 1/NDCVRL_002 Dataset/raw/nd1S06391/Left/729428.tiff,nd1S06391,L,2/9/11
757902,/Users/odon/Desktop/intro_to_iris_recognition/Week 1/NDCVRL_002 Dataset/raw/nd1S06391/Left/757902.tiff,nd1S06391,L,2/23/11
762763,/Users/odon/Desktop/intro_to_iris_recognition/Week 1/NDCVRL_002 Dataset/raw/nd1S06391/Left/762763.tiff,nd1S06391,L,2/23/11
762773,/Users/odon/Desktop/intro_to_iris_recognition/Week 1/NDCVRL_002 Dataset/raw/nd1S06391/Left/762773.tiff,nd1S06391,L,2/23/11
762777,/Users/odon/Desktop/intro_to_iris_recognition/Week 1/NDCVRL_002 Dataset/raw/nd1S06391/Left/762777.tiff,nd1S06391,L,2/23/11
793845,/Users/odon/Desktop/intro_to_iris_recognition/Week 1/NDCVRL_002 Dataset/raw/nd1S06391/Left/793845.tiff,nd1S06391,L,3/8/11
794764,/Users/odon/Desktop/intro_to_iris_recognition/Week 1/NDCVRL_002 Dataset/raw/nd1S06391/Left/794764.tiff,nd1S06391,L,3/8/11
799792,/Users/odon/Desktop/intro_to_iris_recognition/Week 1/NDCVRL_002 Dataset/raw/nd1S06391/Left/799792.tiff,nd1S06391,L,3/8/11
827081,/Users/odon/Desktop/intro_to_iris_recognition/Week 1/NDCVRL_002 Dataset/raw/nd1S06391/Left/827081.tiff,nd1S06391,L,3/23/11
868614,/Users/odon/Desktop/intro_to_iris_recognition/Week 1/NDCVRL_002 Dataset/raw/nd1S06391/Left/868614.tiff,nd1S06391,L,4/14/11
868615,/Users/odon/Desktop/intro_to_iris_recognition/Week 1/NDCVRL_002 Dataset/raw/nd1S06391/Left/868615.tiff,nd1S06391,L,4/14/11
898439,/Users/odon/Desktop/intro_to_iris_recognition/Week 1/NDCVRL_002 Dataset/raw/nd1S06391/Left/898439.tiff,nd1S06391,L,4/26/11
898443,/Users/odon/Desktop/intro_to_iris_recognition/Week 1/NDCVRL_002 Dataset/raw/nd1S06391/Left/898443.tiff,nd1S06391,L,4/26/11
900902,/Users/odon/Desktop/intro_to_iris_recognition/Week 1/NDCVRL_002 Dataset/raw/nd1S06391/Left/900902.tiff,nd1S06391,L,4/26/11
697799,/Users/odon/Desktop/intro_to_iris_recognition/Week 1/NDCVRL_002 Dataset/raw/nd1S06406/Left/697799.tiff,nd1S06406,L,12/2/10
697803,/Users/odon/Desktop/intro_to_iris_recognition/Week 1/NDCVRL_002 Dataset/raw/nd1S06406/Left/697803.tiff,nd1S06406,L,12/2/10
697805,/Users/odon/Desktop/intro_to_iris_recognition/Week 1/NDCVRL_002 Dataset/raw/nd1S06406/Left/697805.tiff,nd1S06406,L,12/2/10
697811,/Users/odon/Desktop/intro_to_iris_recognition/Week 1/NDCVRL_002 Dataset/raw/nd1S06406/Left/697811.tiff,nd1S06406,L,12/2/10
702216,/Users/odon/Desktop/intro_to_iris_recognition/Week 1/NDCVRL_002 Dataset/raw/nd1S06406/Left/702216.tiff,nd1S06406,L,12/2/10
707821,/Users/odon/Desktop/intro_to_iris_recognition/Week 1/NDCVRL_002 Dataset/raw/nd1S06406/Left/707821.tiff,nd1S06406,L,1/26/11
707825,/Users/odon/Desktop/intro_to_iris_recognition/Week 1/NDCVRL_002 Dataset/raw/nd1S06406/Left/707825.tiff,nd1S06406,L,1/26/11
707827,/Users/odon/Desktop/intro_to_iris_recognition/Week 1/NDCVRL_002 Dataset/raw/nd1S06406/Left/707827.tiff,nd1S06406,L,1/26/11
707829,/Users/odon/Desktop/intro_to_iris_recognition/Week 1/NDCVRL_002 Dataset/raw/nd1S06406/Left/707829.tiff,nd1S06406,L,1/26/11
707830,/Users/odon/Desktop/intro_to_iris_recognition/Week 1/NDCVRL_002 Dataset/raw/nd1S06406/Left/707830.tiff,nd1S06406,L,1/26/11
707831,/Users/odon/Desktop/intro_to_iris_recognition/Week 1/NDCVRL_002 Dataset/raw/nd1S06406/Left/707831.tiff,nd1S06406,L,1/26/11
707832,/Users/odon/Desktop/intro_to_iris_recognition/Week 1/NDCVRL_002 Dataset/raw/nd1S06406/Left/707832.tiff,nd1S06406,L,1/26/11
707836,/Users/odon/Desktop/intro_to_iris_recognition/Week 1/NDCVRL_002 Dataset/raw/nd1S06406/Left/707836.tiff,nd1S06406,L,1/26/11
707839,/Users/odon/Desktop/intro_to_iris_recognition/Week 1/NDCVRL_002 Dataset/raw/nd1S06406/Left/707839.tiff,nd1S06406,L,1/26/11
707840,/Users/odon/Desktop/intro_to_iris_recognition/Week 1/NDCVRL_002 Dataset/raw/nd1S06406/Left/707840.tiff,nd1S06406,L,1/26/11
728116,/Users/odon/Desktop/intro_to_iris_recognition/Week 1/NDCVRL_002 Dataset/raw/nd1S06406/Left/728116.tiff,nd1S06406,L,2/8/11
731634,/Users/odon/Desktop/intro_to_iris_recognition/Week 1/NDCVRL_002 Dataset/raw/nd1S06406/Left/731634.tiff,nd1S06406,L,2/8/11
756714,/Users/odon/Desktop/intro_to_iris_recognition/Week 1/NDCVRL_002 Dataset/raw/nd1S06406/Left/756714.tiff,nd1S06406,L,2/22/11
761184,/Users/odon/Desktop/intro_to_iris_recognition/Week 1/NDCVRL_002 Dataset/raw/nd1S06406/Left/761184.tiff,nd1S06406,L,2/22/11
761194,/Users/odon/Desktop/intro_to_iris_recognition/Week 1/NDCVRL_002 Dataset/raw/nd1S06406/Left/761194.tiff,nd1S06406,L,2/22/11
761195,/Users/odon/Desktop/intro_to_iris_recognition/Week 1/NDCVRL_002 Dataset/raw/nd1S06406/Left/761195.tiff,nd1S06406,L,2/22/11
761196,/Users/odon/Desktop/intro_to_iris_recognition/Week 1/NDCVRL_002 Dataset/raw/nd1S06406/Left/761196.tiff,nd1S06406,L,2/22/11
797425,/Users/odon/Desktop/intro_to_iris_recognition/Week 1/NDCVRL_002 Dataset/raw/nd1S06406/Left/797425.tiff,nd1S06406,L,3/10/11
797475,/Users/odon/Desktop/intro_to_iris_recognition/Week 1/NDCVRL_002 Dataset/raw/nd1S06406/Left/797475.tiff,nd1S06406,L,3/10/11
825341,/Users/odon/Desktop/intro_to_iris_recognition/Week 1/NDCVRL_002 Dataset/raw/nd1S06406/Left/825341.tiff,nd1S06406,L,3/24/11
831126,/Users/odon/Desktop/intro_to_iris_recognition/Week 1/NDCVRL_002 Dataset/raw/nd1S06406/Left/831126.tiff,nd1S06406,L,3/24/11
832047,/Users/odon/Desktop/intro_to_iris_recognition/Week 1/NDCVRL_002 Dataset/raw/nd1S06406/Left/832047.tiff,nd1S06406,L,3/24/11
869346,/Users/odon/Desktop/intro_to_iris_recognition/Week 1/NDCVRL_002 Dataset/raw/nd1S06406/Left/869346.tiff,nd1S06406,L,4/14/11
872096,/Users/odon/Desktop/intro_to_iris_recognition/Week 1/NDCVRL_002 Dataset/raw/nd1S06406/Left/872096.tiff,nd1S06406,L,4/14/11
907919,/Users/odon/Desktop/intro_to_iris_recognition/Week 1/NDCVRL_002 Dataset/raw/nd1S06406/Left/907919.tiff,nd1S06406,L,4/28/11
938277,/Users/odon/Desktop/intro_to_iris_recognition/Week 1/NDCVRL_002 Dataset/raw/nd1S06406/Left/938277.tiff,nd1S06406,L,9/14/11
697806,/Users/odon/Desktop/intro_to_iris_recognition/Week 1/NDCVRL_002 Dataset/raw/nd1S06406/Right/697806.tiff,nd1S06406,R,12/2/10
702215,/Users/odon/Desktop/intro_to_iris_recognition/Week 1/NDCVRL_002 Dataset/raw/nd1S06406/Right/702215.tiff,nd1S06406,R,12/2/10
707824,/Users/odon/Desktop/intro_to_iris_recognition/Week 1/NDCVRL_002 Dataset/raw/nd1S06406/Right/707824.tiff,nd1S06406,R,1/26/11
707833,/Users/odon/Desktop/intro_to_iris_recognition/Week 1/NDCVRL_002 Dataset/raw/nd1S06406/Right/707833.tiff,nd1S06406,R,1/26/11
707834,/Users/odon/Desktop/intro_to_iris_recognition/Week 1/NDCVRL_002 Dataset/raw/nd1S06406/Right/707834.tiff,nd1S06406,R,1/26/11
707835,/Users/odon/Desktop/intro_to_iris_recognition/Week 1/NDCVRL_002 Dataset/raw/nd1S06406/Right/707835.tiff,nd1S06406,R,1/26/11
707837,/Users/odon/Desktop/intro_to_iris_recognition/Week 1/NDCVRL_002 Dataset/raw/nd1S06406/Right/707837.tiff,nd1S06406,R,1/26/11
707838,/Users/odon/Desktop/intro_to_iris_recognition/Week 1/NDCVRL_002 Dataset/raw/nd1S06406/Right/707838.tiff,nd1S06406,R,1/26/11
707844,/Users/odon/Desktop/intro_to_iris_recognition/Week 1/NDCVRL_002 Dataset/raw/nd1S06406/Right/707844.tiff,nd1S06406,R,1/26/11
727327,/Users/odon/Desktop/intro_to_iris_recognition/Week 1/NDCVRL_002 Dataset/raw/nd1S06406/Right/727327.tiff,nd1S06406,R,2/8/11
728115,/Users/odon/Desktop/intro_to_iris_recognition/Week 1/NDCVRL_002 Dataset/raw/nd1S06406/Right/728115.tiff,nd1S06406,R,2/8/11
731637,/Users/odon/Desktop/intro_to_iris_recognition/Week 1/NDCVRL_002 Dataset/raw/nd1S06406/Right/731637.tiff,nd1S06406,R,2/8/11
755844,/Users/odon/Desktop/intro_to_iris_recognition/Week 1/NDCVRL_002 Dataset/raw/nd1S06406/Right/755844.tiff,nd1S06406,R,2/22/11
757435,/Users/odon/Desktop/intro_to_iris_recognition/Week 1/NDCVRL_002 Dataset/raw/nd1S06406/Right/757435.tiff,nd1S06406,R,2/22/11
761189,/Users/odon/Desktop/intro_to_iris_recognition/Week 1/NDCVRL_002 Dataset/raw/nd1S06406/Right/761189.tiff,nd1S06406,R,2/22/11
761192,/Users/odon/Desktop/intro_to_iris_recognition/Week 1/NDCVRL_002 Dataset/raw/nd1S06406/Right/761192.tiff,nd1S06406,R,2/22/11
761199,/Users/odon/Desktop/intro_to_iris_recognition/Week 1/NDCVRL_002 Dataset/raw/nd1S06406/Right/761199.tiff,nd1S06406,R,2/22/11
761200,/Users/odon/Desktop/intro_to_iris_recognition/Week 1/NDCVRL_002 Dataset/raw/nd1S06406/Right/761200.tiff,nd1S06406,R,2/22/11
797431,/Users/odon/Desktop/intro_to_iris_recognition/Week 1/NDCVRL_002 Dataset/raw/nd1S06406/Right/797431.tiff,nd1S06406,R,3/10/11
797545,/Users/odon/Desktop/intro_to_iris_recognition/Week 1/NDCVRL_002 Dataset/raw/nd1S06406/Right/797545.tiff,nd1S06406,R,3/10/11
832050,/Users/odon/Desktop/intro_to_iris_recognition/Week 1/NDCVRL_002 Dataset/raw/nd1S06406/Right/832050.tiff,nd1S06406,R,3/24/11
869351,/Users/odon/Desktop/intro_to_iris_recognition/Week 1/NDCVRL_002 Dataset/raw/nd1S06406/Right/869351.tiff,nd1S06406,R,4/14/11
869352,/Users/odon/Desktop/intro_to_iris_recognition/Week 1/NDCVRL_002 Dataset/raw/nd1S06406/Right/869352.tiff,nd1S06406,R,4/14/11
871630,/Users/odon/Desktop/intro_to_iris_recognition/Week 1/NDCVRL_002 Dataset/raw/nd1S06406/Right/871630.tiff,nd1S06406,R,4/14/11
907924,/Users/odon/Desktop/intro_to_iris_recognition/Week 1/NDCVRL_002 Dataset/raw/nd1S06406/Right/907924.tiff,nd1S06406,R,4/28/11
907925,/Users/odon/Desktop/intro_to_iris_recognition/Week 1/NDCVRL_002 Dataset/raw/nd1S06406/Right/907925.tiff,nd1S06406,R,4/28/11
941191,/Users/odon/Desktop/intro_to_iris_recognition/Week 1/NDCVRL_002 Dataset/raw/nd1S06406/Right/941191.tiff,nd1S06406,R,9/14/11
941201,/Users/odon/Desktop/intro_to_iris_recognition/Week 1/NDCVRL_002 Dataset/raw/nd1S06406/Right/941201.tiff,nd1S06406,R,9/14/11
941205,/Users/odon/Desktop/intro_to_iris_recognition/Week 1/NDCVRL_002 Dataset/raw/nd1S06406/Right/941205.tiff,nd1S06406,R,9/14/11
696910,/Users/odon/Desktop/intro_to_iris_recognition/Week 1/NDCVRL_002 Dataset/raw/nd1S06413/Right/696910.tiff,nd1S06413,R,12/2/10
696916,/Users/odon/Desktop/intro_to_iris_recognition/Week 1/NDCVRL_002 Dataset/raw/nd1S06413/Right/696916.tiff,nd1S06413,R,12/2/10
696918,/Users/odon/Desktop/intro_to_iris_recognition/Week 1/NDCVRL_002 Dataset/raw/nd1S06413/Right/696918.tiff,nd1S06413,R,12/2/10
696920,/Users/odon/Desktop/intro_to_iris_recognition/Week 1/NDCVRL_002 Dataset/raw/nd1S06413/Right/696920.tiff,nd1S06413,R,12/2/10
696925,/Users/odon/Desktop/intro_to_iris_recognition/Week 1/NDCVRL_002 Dataset/raw/nd1S06413/Right/696925.tiff,nd1S06413,R,12/2/10
701943,/Users/odon/Desktop/intro_to_iris_recognition/Week 1/NDCVRL_002 Dataset/raw/nd1S06413/Right/701943.tiff,nd1S06413,R,12/2/10
753502,/Users/odon/Desktop/intro_to_iris_recognition/Week 1/NDCVRL_002 Dataset/raw/nd1S06413/Right/753502.tiff,nd1S06413,R,2/22/11
755375,/Users/odon/Desktop/intro_to_iris_recognition/Week 1/NDCVRL_002 Dataset/raw/nd1S06413/Right/755375.tiff,nd1S06413,R,2/22/11
760111,/Users/odon/Desktop/intro_to_iris_recognition/Week 1/NDCVRL_002 Dataset/raw/nd1S06413/Right/760111.tiff,nd1S06413,R,2/22/11
760121,/Users/odon/Desktop/intro_to_iris_recognition/Week 1/NDCVRL_002 Dataset/raw/nd1S06413/Right/760121.tiff,nd1S06413,R,2/22/11
1013737,/Users/odon/Desktop/intro_to_iris_recognition/Week 1/NDCVRL_002 Dataset/raw/nd1S06441/Right/1013737.tiff,nd1S06441,R,10/26/11
1015667,/Users/odon/Desktop/intro_to_iris_recognition/Week 1/NDCVRL_002 Dataset/raw/nd1S06441/Right/1015667.tiff,nd1S06441,R,10/26/11
1039497,/Users/odon/Desktop/intro_to_iris_recognition/Week 1/NDCVRL_002 Dataset/raw/nd1S06441/Right/1039497.tiff,nd1S06441,R,11/9/11
1063361,/Users/odon/Desktop/intro_to_iris_recognition/Week 1/NDCVRL_002 Dataset/raw/nd1S06441/Right/1063361.tiff,nd1S06441,R,2/9/12
1063369,/Users/odon/Desktop/intro_to_iris_recognition/Week 1/NDCVRL_002 Dataset/raw/nd1S06441/Right/1063369.tiff,nd1S06441,R,2/9/12
1065066,/Users/odon/Desktop/intro_to_iris_recognition/Week 1/NDCVRL_002 Dataset/raw/nd1S06441/Right/1065066.tiff,nd1S06441,R,2/9/12
1088800,/Users/odon/Desktop/intro_to_iris_recognition/Week 1/NDCVRL_002 Dataset/raw/nd1S06441/Right/1088800.tiff,nd1S06441,R,2/23/12
1089932,/Users/odon/Desktop/intro_to_iris_recognition/Week 1/NDCVRL_002 Dataset/raw/nd1S06441/Right/1089932.tiff,nd1S06441,R,2/23/12
1091724,/Users/odon/Desktop/intro_to_iris_recognition/Week 1/NDCVRL_002 Dataset/raw/nd1S06441/Right/1091724.tiff,nd1S06441,R,2/23/12
1129721,/Users/odon/Desktop/intro_to_iris_recognition/Week 1/NDCVRL_002 Dataset/raw/nd1S06441/Right/1129721.tiff,nd1S06441,R,3/28/12
1130139,/Users/odon/Desktop/intro_to_iris_recognition/Week 1/NDCVRL_002 Dataset/raw/nd1S06441/Right/1130139.tiff,nd1S06441,R,3/28/12
1131499,/Users/odon/Desktop/intro_to_iris_recognition/Week 1/NDCVRL_002 Dataset/raw/nd1S06441/Right/1131499.tiff,nd1S06441,R,3/28/12
693567,/Users/odon/Desktop/intro_to_iris_recognition/Week 1/NDCVRL_002 Dataset/raw/nd1S06441/Right/693567.tiff,nd1S06441,R,11/30/10
693573,/Users/odon/Desktop/intro_to_iris_recognition/Week 1/NDCVRL_002 Dataset/raw/nd1S06441/Right/693573.tiff,nd1S06441,R,11/30/10
693582,/Users/odon/Desktop/intro_to_iris_recognition/Week 1/NDCVRL_002 Dataset/raw/nd1S06441/Right/693582.tiff,nd1S06441,R,11/30/10
700907,/Users/odon/Desktop/intro_to_iris_recognition/Week 1/NDCVRL_002 Dataset/raw/nd1S06441/Right/700907.tiff,nd1S06441,R,11/30/10
707879,/Users/odon/Desktop/intro_to_iris_recognition/Week 1/NDCVRL_002 Dataset/raw/nd1S06441/Right/707879.tiff,nd1S06441,R,1/26/11
707895,/Users/odon/Desktop/intro_to_iris_recognition/Week 1/NDCVRL_002 Dataset/raw/nd1S06441/Right/707895.tiff,nd1S06441,R,1/26/11
707898,/Users/odon/Desktop/intro_to_iris_recognition/Week 1/NDCVRL_002 Dataset/raw/nd1S06441/Right/707898.tiff,nd1S06441,R,1/26/11
724820,/Users/odon/Desktop/intro_to_iris_recognition/Week 1/NDCVRL_002 Dataset/raw/nd1S06441/Right/724820.tiff,nd1S06441,R,2/9/11
724827,/Users/odon/Desktop/intro_to_iris_recognition/Week 1/NDCVRL_002 Dataset/raw/nd1S06441/Right/724827.tiff,nd1S06441,R,2/9/11
724830,/Users/odon/Desktop/intro_to_iris_recognition/Week 1/NDCVRL_002 Dataset/raw/nd1S06441/Right/724830.tiff,nd1S06441,R,2/9/11
732706,/Users/odon/Desktop/intro_to_iris_recognition/Week 1/NDCVRL_002 Dataset/raw/nd1S06441/Right/732706.tiff,nd1S06441,R,2/9/11
760750,/Users/odon/Desktop/intro_to_iris_recognition/Week 1/NDCVRL_002 Dataset/raw/nd1S06441/Right/760750.tiff,nd1S06441,R,2/22/11
819459,/Users/odon/Desktop/intro_to_iris_recognition/Week 1/NDCVRL_002 Dataset/raw/nd1S06441/Right/819459.tiff,nd1S06441,R,3/22/11
819469,/Users/odon/Desktop/intro_to_iris_recognition/Week 1/NDCVRL_002 Dataset/raw/nd1S06441/Right/819469.tiff,nd1S06441,R,3/22/11
821621,/Users/odon/Desktop/intro_to_iris_recognition/Week 1/NDCVRL_002 Dataset/raw/nd1S06441/Right/821621.tiff,nd1S06441,R,3/22/11
868706,/Users/odon/Desktop/intro_to_iris_recognition/Week 1/NDCVRL_002 Dataset/raw/nd1S06441/Right/868706.tiff,nd1S06441,R,4/14/11
940906,/Users/odon/Desktop/intro_to_iris_recognition/Week 1/NDCVRL_002 Dataset/raw/nd1S06441/Right/940906.tiff,nd1S06441,R,9/13/11
940908,/Users/odon/Desktop/intro_to_iris_recognition/Week 1/NDCVRL_002 Dataset/raw/nd1S06441/Right/940908.tiff,nd1S06441,R,9/13/11
968538,/Users/odon/Desktop/intro_to_iris_recognition/Week 1/NDCVRL_002 Dataset/raw/nd1S06441/Right/968538.tiff,nd1S06441,R,9/29/11
969972,/Users/odon/Desktop/intro_to_iris_recognition/Week 1/NDCVRL_002 Dataset/raw/nd1S06441/Right/969972.tiff,nd1S06441,R,9/29/11
757846,/Users/odon/Desktop/intro_to_iris_recognition/Week 1/NDCVRL_002 Dataset/raw/nd1S06469/Right/757846.tiff,nd1S06469,R,2/23/11
759052,/Users/odon/Desktop/intro_to_iris_recognition/Week 1/NDCVRL_002 Dataset/raw/nd1S06469/Right/759052.tiff,nd1S06469,R,2/23/11
762632,/Users/odon/Desktop/intro_to_iris_recognition/Week 1/NDCVRL_002 Dataset/raw/nd1S06469/Right/762632.tiff,nd1S06469,R,2/23/11
823633,/Users/odon/Desktop/intro_to_iris_recognition/Week 1/NDCVRL_002 Dataset/raw/nd1S06469/Right/823633.tiff,nd1S06469,R,3/23/11
902479,/Users/odon/Desktop/intro_to_iris_recognition/Week 1/NDCVRL_002 Dataset/raw/nd1S06469/Right/902479.tiff,nd1S06469,R,4/27/11
906676,/Users/odon/Desktop/intro_to_iris_recognition/Week 1/NDCVRL_002 Dataset/raw/nd1S06469/Right/906676.tiff,nd1S06469,R,4/27/11
1041722,/Users/odon/Desktop/intro_to_iris_recognition/Week 1/NDCVRL_002 Dataset/raw/nd1S06500/Left/1041722.tiff,nd1S06500,L,11/10/11
1042607,/Users/odon/Desktop/intro_to_iris_recognition/Week 1/NDCVRL_002 Dataset/raw/nd1S06500/Left/1042607.tiff,nd1S06500,L,11/10/11
1044336,/Users/odon/Desktop/intro_to_iris_recognition/Week 1/NDCVRL_002 Dataset/raw/nd1S06500/Left/1044336.tiff,nd1S06500,L,11/10/11
1044337,/Users/odon/Desktop/intro_to_iris_recognition/Week 1/NDCVRL_002 Dataset/raw/nd1S06500/Left/1044337.tiff,nd1S06500,L,11/10/11
1085950,/Users/odon/Desktop/intro_to_iris_recognition/Week 1/NDCVRL_002 Dataset/raw/nd1S06500/Left/1085950.tiff,nd1S06500,L,2/22/12
1086731,/Users/odon/Desktop/intro_to_iris_recognition/Week 1/NDCVRL_002 Dataset/raw/nd1S06500/Left/1086731.tiff,nd1S06500,L,2/22/12
1131128,/Users/odon/Desktop/intro_to_iris_recognition/Week 1/NDCVRL_002 Dataset/raw/nd1S06500/Left/1131128.tiff,nd1S06500,L,3/28/12
710087,/Users/odon/Desktop/intro_to_iris_recognition/Week 1/NDCVRL_002 Dataset/raw/nd1S06500/Left/710087.tiff,nd1S06500,L,1/27/11
710095,/Users/odon/Desktop/intro_to_iris_recognition/Week 1/NDCVRL_002 Dataset/raw/nd1S06500/Left/710095.tiff,nd1S06500,L,1/27/11
710103,/Users/odon/Desktop/intro_to_iris_recognition/Week 1/NDCVRL_002 Dataset/raw/nd1S06500/Left/710103.tiff,nd1S06500,L,1/27/11
725845,/Users/odon/Desktop/intro_to_iris_recognition/Week 1/NDCVRL_002 Dataset/raw/nd1S06500/Left/725845.tiff,nd1S06500,L,2/10/11
725850,/Users/odon/Desktop/intro_to_iris_recognition/Week 1/NDCVRL_002 Dataset/raw/nd1S06500/Left/725850.tiff,nd1S06500,L,2/10/11
730005,/Users/odon/Desktop/intro_to_iris_recognition/Week 1/NDCVRL_002 Dataset/raw/nd1S06500/Left/730005.tiff,nd1S06500,L,2/10/11
730711,/Users/odon/Desktop/intro_to_iris_recognition/Week 1/NDCVRL_002 Dataset/raw/nd1S06500/Left/730711.tiff,nd1S06500,L,2/10/11
766137,/Users/odon/Desktop/intro_to_iris_recognition/Week 1/NDCVRL_002 Dataset/raw/nd1S06500/Left/766137.tiff,nd1S06500,L,2/24/11
766146,/Users/odon/Desktop/intro_to_iris_recognition/Week 1/NDCVRL_002 Dataset/raw/nd1S06500/Left/766146.tiff,nd1S06500,L,2/24/11
795233,/Users/odon/Desktop/intro_to_iris_recognition/Week 1/NDCVRL_002 Dataset/raw/nd1S06500/Left/795233.tiff,nd1S06500,L,3/9/11
831075,/Users/odon/Desktop/intro_to_iris_recognition/Week 1/NDCVRL_002 Dataset/raw/nd1S06500/Left/831075.tiff,nd1S06500,L,3/24/11
831076,/Users/odon/Desktop/intro_to_iris_recognition/Week 1/NDCVRL_002 Dataset/raw/nd1S06500/Left/831076.tiff,nd1S06500,L,3/24/11
831959,/Users/odon/Desktop/intro_to_iris_recognition/Week 1/NDCVRL_002 Dataset/raw/nd1S06500/Left/831959.tiff,nd1S06500,L,3/24/11
831960,/Users/odon/Desktop/intro_to_iris_recognition/Week 1/NDCVRL_002 Dataset/raw/nd1S06500/Left/831960.tiff,nd1S06500,L,3/24/11
872835,/Users/odon/Desktop/intro_to_iris_recognition/Week 1/NDCVRL_002 Dataset/raw/nd1S06500/Left/872835.tiff,nd1S06500,L,4/14/11
873632,/Users/odon/Desktop/intro_to_iris_recognition/Week 1/NDCVRL_002 Dataset/raw/nd1S06500/Left/873632.tiff,nd1S06500,L,4/14/11
994761,/Users/odon/Desktop/intro_to_iris_recognition/Week 1/NDCVRL_002 Dataset/raw/nd1S06500/Left/994761.tiff,nd1S06500,L,10/13/11
996609,/Users/odon/Desktop/intro_to_iris_recognition/Week 1/NDCVRL_002 Dataset/raw/nd1S06500/Left/996609.tiff,nd1S06500,L,10/13/11
1086402,/Users/odon/Desktop/intro_to_iris_recognition/Week 1/NDCVRL_002 Dataset/raw/nd1S06505/Left/1086402.tiff,nd1S06505,L,2/22/12
1086403,/Users/odon/Desktop/intro_to_iris_recognition/Week 1/NDCVRL_002 Dataset/raw/nd1S06505/Left/1086403.tiff,nd1S06505,L,2/22/12
1086410,/Users/odon/Desktop/intro_to_iris_recognition/Week 1/NDCVRL_002 Dataset/raw/nd1S06505/Left/1086410.tiff,nd1S06505,L,2/22/12
1086411,/Users/odon/Desktop/intro_to_iris_recognition/Week 1/NDCVRL_002 Dataset/raw/nd1S06505/Left/1086411.tiff,nd1S06505,L,2/22/12
1086412,/Users/odon/Desktop/intro_to_iris_recognition/Week 1/NDCVRL_002 Dataset/raw/nd1S06505/Left/1086412.tiff,nd1S06505,L,2/22/12
1086967,/Users/odon/Desktop/intro_to_iris_recognition/Week 1/NDCVRL_002 Dataset/raw/nd1S06505/Left/1086967.tiff,nd1S06505,L,2/22/12
1087412,/Users/odon/Desktop/intro_to_iris_recognition/Week 1/NDCVRL_002 Dataset/raw/nd1S06505/Left/1087412.tiff,nd1S06505,L,2/22/12
1087414,/Users/odon/Desktop/intro_to_iris_recognition/Week 1/NDCVRL_002 Dataset/raw/nd1S06505/Left/1087414.tiff,nd1S06505,L,2/22/12
1087416,/Users/odon/Desktop/intro_to_iris_recognition/Week 1/NDCVRL_002 Dataset/raw/nd1S06505/Left/1087416.tiff,nd1S06505,L,2/22/12
1088189,/Users/odon/Desktop/intro_to_iris_recognition/Week 1/NDCVRL_002 Dataset/raw/nd1S06505/Left/1088189.tiff,nd1S06505,L,2/22/12
1088190,/Users/odon/Desktop/intro_to_iris_recognition/Week 1/NDCVRL_002 Dataset/raw/nd1S06505/Left/1088190.tiff,nd1S06505,L,2/22/12
1088191,/Users/odon/Desktop/intro_to_iris_recognition/Week 1/NDCVRL_002 Dataset/raw/nd1S06505/Left/1088191.tiff,nd1S06505,L,2/22/12
1103808,/Users/odon/Desktop/intro_to_iris_recognition/Week 1/NDCVRL_002 Dataset/raw/nd1S06505/Left/1103808.tiff,nd1S06505,L,3/6/12
1103809,/Users/odon/Desktop/intro_to_iris_recognition/Week 1/NDCVRL_002 Dataset/raw/nd1S06505/Left/1103809.tiff,nd1S06505,L,3/6/12
1103816,/Users/odon/Desktop/intro_to_iris_recognition/Week 1/NDCVRL_002 Dataset/raw/nd1S06505/Left/1103816.tiff,nd1S06505,L,3/6/12
1103817,/Users/odon/Desktop/intro_to_iris_recognition/Week 1/NDCVRL_002 Dataset/raw/nd1S06505/Left/1103817.tiff,nd1S06505,L,3/6/12
1103818,/Users/odon/Desktop/intro_to_iris_recognition/Week 1/NDCVRL_002 Dataset/raw/nd1S06505/Left/1103818.tiff,nd1S06505,L,3/6/12
1104788,/Users/odon/Desktop/intro_to_iris_recognition/Week 1/NDCVRL_002 Dataset/raw/nd1S06505/Left/1104788.tiff,nd1S06505,L,3/6/12
1105445,/Users/odon/Desktop/intro_to_iris_recognition/Week 1/NDCVRL_002 Dataset/raw/nd1S06505/Left/1105445.tiff,nd1S06505,L,3/6/12
1105447,/Users/odon/Desktop/intro_to_iris_recognition/Week 1/NDCVRL_002 Dataset/raw/nd1S06505/Left/1105447.tiff,nd1S06505,L,3/6/12
1105449,/Users/odon/Desktop/intro_to_iris_recognition/Week 1/NDCVRL_002 Dataset/raw/nd1S06505/Left/1105449.tiff,nd1S06505,L,3/6/12
1106488,/Users/odon/Desktop/intro_to_iris_recognition/Week 1/NDCVRL_002 Dataset/raw/nd1S06505/Left/1106488.tiff,nd1S06505,L,3/6/12
1106490,/Users/odon/Desktop/intro_to_iris_recognition/Week 1/NDCVRL_002 Dataset/raw/nd1S06505/Left/1106490.tiff,nd1S06505,L,3/6/12
1106491,/Users/odon/Desktop/intro_to_iris_recognition/Week 1/NDCVRL_002 Dataset/raw/nd1S06505/Left/1106491.tiff,nd1S06505,L,3/6/12
1106493,/Users/odon/Desktop/intro_to_iris_recognition/Week 1/NDCVRL_002 Dataset/raw/nd1S06505/Left/1106493.tiff,nd1S06505,L,3/6/12
832188,/Users/odon/Desktop/intro_to_iris_recognition/Week 1/NDCVRL_002 Dataset/raw/nd1S06505/Left/832188.tiff,nd1S06505,L,3/24/11
832189,/Users/odon/Desktop/intro_to_iris_recognition/Week 1/NDCVRL_002 Dataset/raw/nd1S06505/Left/832189.tiff,nd1S06505,L,3/24/11
832195,/Users/odon/Desktop/intro_to_iris_recognition/Week 1/NDCVRL_002 Dataset/raw/nd1S06505/Left/832195.tiff,nd1S06505,L,3/24/11
832196,/Users/odon/Desktop/intro_to_iris_recognition/Week 1/NDCVRL_002 Dataset/raw/nd1S06505/Left/832196.tiff,nd1S06505,L,3/24/11
832197,/Users/odon/Desktop/intro_to_iris_recognition/Week 1/NDCVRL_002 Dataset/raw/nd1S06505/Left/832197.tiff,nd1S06505,L,3/24/11
832198,/Users/odon/Desktop/intro_to_iris_recognition/Week 1/NDCVRL_002 Dataset/raw/nd1S06505/Left/832198.tiff,nd1S06505,L,3/24/11
832199,/Users/odon/Desktop/intro_to_iris_recognition/Week 1/NDCVRL_002 Dataset/raw/nd1S06505/Left/832199.tiff,nd1S06505,L,3/24/11
1086972,/Users/odon/Desktop/intro_to_iris_recognition/Week 1/NDCVRL_002 Dataset/raw/nd1S06505/Right/1086972.tiff,nd1S06505,R,2/22/12
1087417,/Users/odon/Desktop/intro_to_iris_recognition/Week 1/NDCVRL_002 Dataset/raw/nd1S06505/Right/1087417.tiff,nd1S06505,R,2/22/12
1103815,/Users/odon/Desktop/intro_to_iris_recognition/Week 1/NDCVRL_002 Dataset/raw/nd1S06505/Right/1103815.tiff,nd1S06505,R,3/6/12
1103821,/Users/odon/Desktop/intro_to_iris_recognition/Week 1/NDCVRL_002 Dataset/raw/nd1S06505/Right/1103821.tiff,nd1S06505,R,3/6/12
1104792,/Users/odon/Desktop/intro_to_iris_recognition/Week 1/NDCVRL_002 Dataset/raw/nd1S06505/Right/1104792.tiff,nd1S06505,R,3/6/12
710335,/Users/odon/Desktop/intro_to_iris_recognition/Week 1/NDCVRL_002 Dataset/raw/nd1S06505/Right/710335.tiff,nd1S06505,R,1/27/11
710344,/Users/odon/Desktop/intro_to_iris_recognition/Week 1/NDCVRL_002 Dataset/raw/nd1S06505/Right/710344.tiff,nd1S06505,R,1/27/11
725956,/Users/odon/Desktop/intro_to_iris_recognition/Week 1/NDCVRL_002 Dataset/raw/nd1S06505/Right/725956.tiff,nd1S06505,R,2/10/11
725960,/Users/odon/Desktop/intro_to_iris_recognition/Week 1/NDCVRL_002 Dataset/raw/nd1S06505/Right/725960.tiff,nd1S06505,R,2/10/11
730113,/Users/odon/Desktop/intro_to_iris_recognition/Week 1/NDCVRL_002 Dataset/raw/nd1S06505/Right/730113.tiff,nd1S06505,R,2/10/11
733305,/Users/odon/Desktop/intro_to_iris_recognition/Week 1/NDCVRL_002 Dataset/raw/nd1S06505/Right/733305.tiff,nd1S06505,R,2/10/11
766364,/Users/odon/Desktop/intro_to_iris_recognition/Week 1/NDCVRL_002 Dataset/raw/nd1S06505/Right/766364.tiff,nd1S06505,R,2/24/11
766370,/Users/odon/Desktop/intro_to_iris_recognition/Week 1/NDCVRL_002 Dataset/raw/nd1S06505/Right/766370.tiff,nd1S06505,R,2/24/11
768860,/Users/odon/Desktop/intro_to_iris_recognition/Week 1/NDCVRL_002 Dataset/raw/nd1S06505/Right/768860.tiff,nd1S06505,R,2/24/11
797004,/Users/odon/Desktop/intro_to_iris_recognition/Week 1/NDCVRL_002 Dataset/raw/nd1S06505/Right/797004.tiff,nd1S06505,R,3/10/11
824626,/Users/odon/Desktop/intro_to_iris_recognition/Week 1/NDCVRL_002 Dataset/raw/nd1S06505/Right/824626.tiff,nd1S06505,R,3/24/11
831213,/Users/odon/Desktop/intro_to_iris_recognition/Week 1/NDCVRL_002 Dataset/raw/nd1S06505/Right/831213.tiff,nd1S06505,R,3/24/11
832191,/Users/odon/Desktop/intro_to_iris_recognition/Week 1/NDCVRL_002 Dataset/raw/nd1S06505/Right/832191.tiff,nd1S06505,R,3/24/11
832204,/Users/odon/Desktop/intro_to_iris_recognition/Week 1/NDCVRL_002 Dataset/raw/nd1S06505/Right/832204.tiff,nd1S06505,R,3/24/11
710767,/Users/odon/Desktop/intro_to_iris_recognition/Week 1/NDCVRL_002 Dataset/raw/nd1S06516/Right/710767.tiff,nd1S06516,R,1/27/11
710788,/Users/odon/Desktop/intro_to_iris_recognition/Week 1/NDCVRL_002 Dataset/raw/nd1S06516/Right/710788.tiff,nd1S06516,R,1/27/11
825590,/Users/odon/Desktop/intro_to_iris_recognition/Week 1/NDCVRL_002 Dataset/raw/nd1S06516/Right/825590.tiff,nd1S06516,R,3/24/11
903426,/Users/odon/Desktop/intro_to_iris_recognition/Week 1/NDCVRL_002 Dataset/raw/nd1S06516/Right/903426.tiff,nd1S06516,R,4/27/11
904588,/Users/odon/Desktop/intro_to_iris_recognition/Week 1/NDCVRL_002 Dataset/raw/nd1S06516/Right/904588.tiff,nd1S06516,R,4/27/11
905632,/Users/odon/Desktop/intro_to_iris_recognition/Week 1/NDCVRL_002 Dataset/raw/nd1S06516/Right/905632.tiff,nd1S06516,R,4/27/11
906862,/Users/odon/Desktop/intro_to_iris_recognition/Week 1/NDCVRL_002 Dataset/raw/nd1S06516/Right/906862.tiff,nd1S06516,R,4/27/11
721416,/Users/odon/Desktop/intro_to_iris_recognition/Week 1/NDCVRL_002 Dataset/raw/nd1S06543/Right/721416.tiff,nd1S06543,R,2/8/11
726938,/Users/odon/Desktop/intro_to_iris_recognition/Week 1/NDCVRL_002 Dataset/raw/nd1S06543/Right/726938.tiff,nd1S06543,R,2/8/11
731282,/Users/odon/Desktop/intro_to_iris_recognition/Week 1/NDCVRL_002 Dataset/raw/nd1S06543/Right/731282.tiff,nd1S06543,R,2/8/11
969332,/Users/odon/Desktop/intro_to_iris_recognition/Week 1/NDCVRL_002 Dataset/raw/nd1S06543/Right/969332.tiff,nd1S06543,R,9/29/11
969333,/Users/odon/Desktop/intro_to_iris_recognition/Week 1/NDCVRL_002 Dataset/raw/nd1S06543/Right/969333.tiff,nd1S06543,R,9/29/11
969335,/Users/odon/Desktop/intro_to_iris_recognition/Week 1/NDCVRL_002 Dataset/raw/nd1S06543/Right/969335.tiff,nd1S06543,R,9/29/11
970762,/Users/odon/Desktop/intro_to_iris_recognition/Week 1/NDCVRL_002 Dataset/raw/nd1S06543/Right/970762.tiff,nd1S06543,R,9/29/11
970766,/Users/odon/Desktop/intro_to_iris_recognition/Week 1/NDCVRL_002 Dataset/raw/nd1S06543/Right/970766.tiff,nd1S06543,R,9/29/11
971671,/Users/odon/Desktop/intro_to_iris_recognition/Week 1/NDCVRL_002 Dataset/raw/nd1S06543/Right/971671.tiff,nd1S06543,R,9/29/11
973523,/Users/odon/Desktop/intro_to_iris_recognition/Week 1/NDCVRL_002 Dataset/raw/nd1S06543/Right/973523.tiff,nd1S06543,R,9/29/11
1014360,/Users/odon/Desktop/intro_to_iris_recognition/Week 1/NDCVRL_002 Dataset/raw/nd1S06745/Left/1014360.tiff,nd1S06745,L,10/26/11
1014372,/Users/odon/Desktop/intro_to_iris_recognition/Week 1/NDCVRL_002 Dataset/raw/nd1S06745/Left/1014372.tiff,nd1S06745,L,10/26/11
1015304,/Users/odon/Desktop/intro_to_iris_recognition/Week 1/NDCVRL_002 Dataset/raw/nd1S06745/Left/1015304.tiff,nd1S06745,L,10/26/11
1064341,/Users/odon/Desktop/intro_to_iris_recognition/Week 1/NDCVRL_002 Dataset/raw/nd1S06745/Left/1064341.tiff,nd1S06745,L,2/9/12
1066174,/Users/odon/Desktop/intro_to_iris_recognition/Week 1/NDCVRL_002 Dataset/raw/nd1S06745/Left/1066174.tiff,nd1S06745,L,2/9/12
1083269,/Users/odon/Desktop/intro_to_iris_recognition/Week 1/NDCVRL_002 Dataset/raw/nd1S06745/Left/1083269.tiff,nd1S06745,L,2/22/12
1085403,/Users/odon/Desktop/intro_to_iris_recognition/Week 1/NDCVRL_002 Dataset/raw/nd1S06745/Left/1085403.tiff,nd1S06745,L,2/22/12
1085406,/Users/odon/Desktop/intro_to_iris_recognition/Week 1/NDCVRL_002 Dataset/raw/nd1S06745/Left/1085406.tiff,nd1S06745,L,2/22/12
1087549,/Users/odon/Desktop/intro_to_iris_recognition/Week 1/NDCVRL_002 Dataset/raw/nd1S06745/Left/1087549.tiff,nd1S06745,L,2/22/12
936271,/Users/odon/Desktop/intro_to_iris_recognition/Week 1/NDCVRL_002 Dataset/raw/nd1S06745/Left/936271.tiff,nd1S06745,L,9/13/11
937761,/Users/odon/Desktop/intro_to_iris_recognition/Week 1/NDCVRL_002 Dataset/raw/nd1S06745/Left/937761.tiff,nd1S06745,L,9/13/11
942088,/Users/odon/Desktop/intro_to_iris_recognition/Week 1/NDCVRL_002 Dataset/raw/nd1S06745/Left/942088.tiff,nd1S06745,L,9/13/11
942091,/Users/odon/Desktop/intro_to_iris_recognition/Week 1/NDCVRL_002 Dataset/raw/nd1S06745/Left/942091.tiff,nd1S06745,L,9/13/11
964907,/Users/odon/Desktop/intro_to_iris_recognition/Week 1/NDCVRL_002 Dataset/raw/nd1S06745/Left/964907.tiff,nd1S06745,L,9/28/11
966123,/Users/odon/Desktop/intro_to_iris_recognition/Week 1/NDCVRL_002 Dataset/raw/nd1S06745/Left/966123.tiff,nd1S06745,L,9/28/11
1014368,/Users/odon/Desktop/intro_to_iris_recognition/Week 1/NDCVRL_002 Dataset/raw/nd1S06745/Right/1014368.tiff,nd1S06745,R,10/26/11
1014380,/Users/odon/Desktop/intro_to_iris_recognition/Week 1/NDCVRL_002 Dataset/raw/nd1S06745/Right/1014380.tiff,nd1S06745,R,10/26/11
1034722,/Users/odon/Desktop/intro_to_iris_recognition/Week 1/NDCVRL_002 Dataset/raw/nd1S06745/Right/1034722.tiff,nd1S06745,R,11/8/11
1037935,/Users/odon/Desktop/intro_to_iris_recognition/Week 1/NDCVRL_002 Dataset/raw/nd1S06745/Right/1037935.tiff,nd1S06745,R,11/8/11
1064346,/Users/odon/Desktop/intro_to_iris_recognition/Week 1/NDCVRL_002 Dataset/raw/nd1S06745/Right/1064346.tiff,nd1S06745,R,2/9/12
1067479,/Users/odon/Desktop/intro_to_iris_recognition/Week 1/NDCVRL_002 Dataset/raw/nd1S06745/Right/1067479.tiff,nd1S06745,R,2/9/12
1067482,/Users/odon/Desktop/intro_to_iris_recognition/Week 1/NDCVRL_002 Dataset/raw/nd1S06745/Right/1067482.tiff,nd1S06745,R,2/9/12
1083305,/Users/odon/Desktop/intro_to_iris_recognition/Week 1/NDCVRL_002 Dataset/raw/nd1S06745/Right/1083305.tiff,nd1S06745,R,2/22/12
1085401,/Users/odon/Desktop/intro_to_iris_recognition/Week 1/NDCVRL_002 Dataset/raw/nd1S06745/Right/1085401.tiff,nd1S06745,R,2/22/12
1085407,/Users/odon/Desktop/intro_to_iris_recognition/Week 1/NDCVRL_002 Dataset/raw/nd1S06745/Right/1085407.tiff,nd1S06745,R,2/22/12
1085411,/Users/odon/Desktop/intro_to_iris_recognition/Week 1/NDCVRL_002 Dataset/raw/nd1S06745/Right/1085411.tiff,nd1S06745,R,2/22/12
1087555,/Users/odon/Desktop/intro_to_iris_recognition/Week 1/NDCVRL_002 Dataset/raw/nd1S06745/Right/1087555.tiff,nd1S06745,R,2/22/12
936276,/Users/odon/Desktop/intro_to_iris_recognition/Week 1/NDCVRL_002 Dataset/raw/nd1S06745/Right/936276.tiff,nd1S06745,R,9/13/11
937765,/Users/odon/Desktop/intro_to_iris_recognition/Week 1/NDCVRL_002 Dataset/raw/nd1S06745/Right/937765.tiff,nd1S06745,R,9/13/11
942092,/Users/odon/Desktop/intro_to_iris_recognition/Week 1/NDCVRL_002 Dataset/raw/nd1S06745/Right/942092.tiff,nd1S06745,R,9/13/11
942094,/Users/odon/Desktop/intro_to_iris_recognition/Week 1/NDCVRL_002 Dataset/raw/nd1S06745/Right/942094.tiff,nd1S06745,R,9/13/11
942097,/Users/odon/Desktop/intro_to_iris_recognition/Week 1/NDCVRL_002 Dataset/raw/nd1S06745/Right/942097.tiff,nd1S06745,R,9/13/11
966132,/Users/odon/Desktop/intro_to_iris_recognition/Week 1/NDCVRL_002 Dataset/raw/nd1S06745/Right/966132.tiff,nd1S06745,R,9/28/11
938254,/Users/odon/Desktop/intro_to_iris_recognition/Week 1/NDCVRL_002 Dataset/raw/nd1S06760/Right/938254.tiff,nd1S06760,R,9/14/11
939286,/Users/odon/Desktop/intro_to_iris_recognition/Week 1/NDCVRL_002 Dataset/raw/nd1S06760/Right/939286.tiff,nd1S06760,R,9/14/11
964755,/Users/odon/Desktop/intro_to_iris_recognition/Week 1/NDCVRL_002 Dataset/raw/nd1S06760/Right/964755.tiff,nd1S06760,R,9/28/11
967498,/Users/odon/Desktop/intro_to_iris_recognition/Week 1/NDCVRL_002 Dataset/raw/nd1S06760/Right/967498.tiff,nd1S06760,R,9/28/11
995362,/Users/odon/Desktop/intro_to_iris_recognition/Week 1/NDCVRL_002 Dataset/raw/nd1S06760/Right/995362.tiff,nd1S06760,R,10/13/11
997452,/Users/odon/Desktop/intro_to_iris_recognition/Week 1/NDCVRL_002 Dataset/raw/nd1S06760/Right/997452.tiff,nd1S06760,R,10/13/11
938470,/Users/odon/Desktop/intro_to_iris_recognition/Week 1/NDCVRL_002 Dataset/raw/nd1S06768/Left/938470.tiff,nd1S06768,L,9/15/11
938497,/Users/odon/Desktop/intro_to_iris_recognition/Week 1/NDCVRL_002 Dataset/raw/nd1S06768/Left/938497.tiff,nd1S06768,L,9/15/11
942868,/Users/odon/Desktop/intro_to_iris_recognition/Week 1/NDCVRL_002 Dataset/raw/nd1S06768/Left/942868.tiff,nd1S06768,L,9/15/11
942871,/Users/odon/Desktop/intro_to_iris_recognition/Week 1/NDCVRL_002 Dataset/raw/nd1S06768/Left/942871.tiff,nd1S06768,L,9/15/11
942874,/Users/odon/Desktop/intro_to_iris_recognition/Week 1/NDCVRL_002 Dataset/raw/nd1S06768/Left/942874.tiff,nd1S06768,L,9/15/11
944371,/Users/odon/Desktop/intro_to_iris_recognition/Week 1/NDCVRL_002 Dataset/raw/nd1S06768/Left/944371.tiff,nd1S06768,L,9/15/11
944375,/Users/odon/Desktop/intro_to_iris_recognition/Week 1/NDCVRL_002 Dataset/raw/nd1S06768/Left/944375.tiff,nd1S06768,L,9/15/11
948388,/Users/odon/Desktop/intro_to_iris_recognition/Week 1/NDCVRL_002 Dataset/raw/nd1S06768/Left/948388.tiff,nd1S06768,L,9/15/11
948390,/Users/odon/Desktop/intro_to_iris_recognition/Week 1/NDCVRL_002 Dataset/raw/nd1S06768/Left/948390.tiff,nd1S06768,L,9/15/11
948391,/Users/odon/Desktop/intro_to_iris_recognition/Week 1/NDCVRL_002 Dataset/raw/nd1S06768/Left/948391.tiff,nd1S06768,L,9/15/11
938514,/Users/odon/Desktop/intro_to_iris_recognition/Week 1/NDCVRL_002 Dataset/raw/nd1S06768/Right/938514.tiff,nd1S06768,R,9/15/11
942860,/Users/odon/Desktop/intro_to_iris_recognition/Week 1/NDCVRL_002 Dataset/raw/nd1S06768/Right/942860.tiff,nd1S06768,R,9/15/11
942878,/Users/odon/Desktop/intro_to_iris_recognition/Week 1/NDCVRL_002 Dataset/raw/nd1S06768/Right/942878.tiff,nd1S06768,R,9/15/11
942880,/Users/odon/Desktop/intro_to_iris_recognition/Week 1/NDCVRL_002 Dataset/raw/nd1S06768/Right/942880.tiff,nd1S06768,R,9/15/11
942884,/Users/odon/Desktop/intro_to_iris_recognition/Week 1/NDCVRL_002 Dataset/raw/nd1S06768/Right/942884.tiff,nd1S06768,R,9/15/11
942886,/Users/odon/Desktop/intro_to_iris_recognition/Week 1/NDCVRL_002 Dataset/raw/nd1S06768/Right/942886.tiff,nd1S06768,R,9/15/11
943297,/Users/odon/Desktop/intro_to_iris_recognition/Week 1/NDCVRL_002 Dataset/raw/nd1S06768/Right/943297.tiff,nd1S06768,R,9/15/11
944376,/Users/odon/Desktop/intro_to_iris_recognition/Week 1/NDCVRL_002 Dataset/raw/nd1S06768/Right/944376.tiff,nd1S06768,R,9/15/11
945234,/Users/odon/Desktop/intro_to_iris_recognition/Week 1/NDCVRL_002 Dataset/raw/nd1S06768/Right/945234.tiff,nd1S06768,R,9/15/11
945238,/Users/odon/Desktop/intro_to_iris_recognition/Week 1/NDCVRL_002 Dataset/raw/nd1S06768/Right/945238.tiff,nd1S06768,R,9/15/11
948395,/Users/odon/Desktop/intro_to_iris_recognition/Week 1/NDCVRL_002 Dataset/raw/nd1S06768/Right/948395.tiff,nd1S06768,R,9/15/11
1017574,/Users/odon/Desktop/intro_to_iris_recognition/Week 1/NDCVRL_002 Dataset/raw/nd1S06775/Right/1017574.tiff,nd1S06775,R,10/27/11
1017593,/Users/odon/Desktop/intro_to_iris_recognition/Week 1/NDCVRL_002 Dataset/raw/nd1S06775/Right/1017593.tiff,nd1S06775,R,10/27/11
1019175,/Users/odon/Desktop/intro_to_iris_recognition/Week 1/NDCVRL_002 Dataset/raw/nd1S06775/Right/1019175.tiff,nd1S06775,R,10/27/11
1019797,/Users/odon/Desktop/intro_to_iris_recognition/Week 1/NDCVRL_002 Dataset/raw/nd1S06775/Right/1019797.tiff,nd1S06775,R,10/27/11
1020468,/Users/odon/Desktop/intro_to_iris_recognition/Week 1/NDCVRL_002 Dataset/raw/nd1S06775/Right/1020468.tiff,nd1S06775,R,10/27/11
994507,/Users/odon/Desktop/intro_to_iris_recognition/Week 1/NDCVRL_002 Dataset/raw/nd1S06775/Right/994507.tiff,nd1S06775,R,10/13/11
994517,/Users/odon/Desktop/intro_to_iris_recognition/Week 1/NDCVRL_002 Dataset/raw/nd1S06775/Right/994517.tiff,nd1S06775,R,10/13/11
996038,/Users/odon/Desktop/intro_to_iris_recognition/Week 1/NDCVRL_002 Dataset/raw/nd1S06775/Right/996038.tiff,nd1S06775,R,10/13/11
996558,/Users/odon/Desktop/intro_to_iris_recognition/Week 1/NDCVRL_002 Dataset/raw/nd1S06775/Right/996558.tiff,nd1S06775,R,10/13/11
997067,/Users/odon/Desktop/intro_to_iris_recognition/Week 1/NDCVRL_002 Dataset/raw/nd1S06775/Right/997067.tiff,nd1S06775,R,10/13/11
1009850,/Users/odon/Desktop/intro_to_iris_recognition/Week 1/NDCVRL_002 Dataset/raw/nd1S06788/Right/1009850.tiff,nd1S06788,R,10/25/11
1011332,/Users/odon/Desktop/intro_to_iris_recognition/Week 1/NDCVRL_002 Dataset/raw/nd1S06788/Right/1011332.tiff,nd1S06788,R,10/25/11
1058664,/Users/odon/Desktop/intro_to_iris_recognition/Week 1/NDCVRL_002 Dataset/raw/nd1S06788/Right/1058664.tiff,nd1S06788,R,2/8/12
1060175,/Users/odon/Desktop/intro_to_iris_recognition/Week 1/NDCVRL_002 Dataset/raw/nd1S06788/Right/1060175.tiff,nd1S06788,R,2/8/12
1060810,/Users/odon/Desktop/intro_to_iris_recognition/Week 1/NDCVRL_002 Dataset/raw/nd1S06788/Right/1060810.tiff,nd1S06788,R,2/8/12
946353,/Users/odon/Desktop/intro_to_iris_recognition/Week 1/NDCVRL_002 Dataset/raw/nd1S06788/Right/946353.tiff,nd1S06788,R,9/15/11
946355,/Users/odon/Desktop/intro_to_iris_recognition/Week 1/NDCVRL_002 Dataset/raw/nd1S06788/Right/946355.tiff,nd1S06788,R,9/15/11
948081,/Users/odon/Desktop/intro_to_iris_recognition/Week 1/NDCVRL_002 Dataset/raw/nd1S06788/Right/948081.tiff,nd1S06788,R,9/15/11
1010191,/Users/odon/Desktop/intro_to_iris_recognition/Week 1/NDCVRL_002 Dataset/raw/nd1S06793/Left/1010191.tiff,nd1S06793,L,10/25/11
1010802,/Users/odon/Desktop/intro_to_iris_recognition/Week 1/NDCVRL_002 Dataset/raw/nd1S06793/Left/1010802.tiff,nd1S06793,L,10/25/11
1012905,/Users/odon/Desktop/intro_to_iris_recognition/Week 1/NDCVRL_002 Dataset/raw/nd1S06793/Left/1012905.tiff,nd1S06793,L,10/25/11
1012908,/Users/odon/Desktop/intro_to_iris_recognition/Week 1/NDCVRL_002 Dataset/raw/nd1S06793/Left/1012908.tiff,nd1S06793,L,10/25/11
1012909,/Users/odon/Desktop/intro_to_iris_recognition/Week 1/NDCVRL_002 Dataset/raw/nd1S06793/Left/1012909.tiff,nd1S06793,L,10/25/11
1012915,/Users/odon/Desktop/intro_to_iris_recognition/Week 1/NDCVRL_002 Dataset/raw/nd1S06793/Left/1012915.tiff,nd1S06793,L,10/25/11
1034754,/Users/odon/Desktop/intro_to_iris_recognition/Week 1/NDCVRL_002 Dataset/raw/nd1S06793/Left/1034754.tiff,nd1S06793,L,11/8/11
1034757,/Users/odon/Desktop/intro_to_iris_recognition/Week 1/NDCVRL_002 Dataset/raw/nd1S06793/Left/1034757.tiff,nd1S06793,L,11/8/11
1034758,/Users/odon/Desktop/intro_to_iris_recognition/Week 1/NDCVRL_002 Dataset/raw/nd1S06793/Left/1034758.tiff,nd1S06793,L,11/8/11
1036721,/Users/odon/Desktop/intro_to_iris_recognition/Week 1/NDCVRL_002 Dataset/raw/nd1S06793/Left/1036721.tiff,nd1S06793,L,11/8/11
1057050,/Users/odon/Desktop/intro_to_iris_recognition/Week 1/NDCVRL_002 Dataset/raw/nd1S06793/Left/1057050.tiff,nd1S06793,L,2/7/12
1058860,/Users/odon/Desktop/intro_to_iris_recognition/Week 1/NDCVRL_002 Dataset/raw/nd1S06793/Left/1058860.tiff,nd1S06793,L,2/7/12
1105081,/Users/odon/Desktop/intro_to_iris_recognition/Week 1/NDCVRL_002 Dataset/raw/nd1S06793/Left/1105081.tiff,nd1S06793,L,3/6/12
1105083,/Users/odon/Desktop/intro_to_iris_recognition/Week 1/NDCVRL_002 Dataset/raw/nd1S06793/Left/1105083.tiff,nd1S06793,L,3/6/12
942629,/Users/odon/Desktop/intro_to_iris_recognition/Week 1/NDCVRL_002 Dataset/raw/nd1S06793/Left/942629.tiff,nd1S06793,L,9/15/11
942633,/Users/odon/Desktop/intro_to_iris_recognition/Week 1/NDCVRL_002 Dataset/raw/nd1S06793/Left/942633.tiff,nd1S06793,L,9/15/11
942642,/Users/odon/Desktop/intro_to_iris_recognition/Week 1/NDCVRL_002 Dataset/raw/nd1S06793/Left/942642.tiff,nd1S06793,L,9/15/11
942644,/Users/odon/Desktop/intro_to_iris_recognition/Week 1/NDCVRL_002 Dataset/raw/nd1S06793/Left/942644.tiff,nd1S06793,L,9/15/11
942647,/Users/odon/Desktop/intro_to_iris_recognition/Week 1/NDCVRL_002 Dataset/raw/nd1S06793/Left/942647.tiff,nd1S06793,L,9/15/11
944196,/Users/odon/Desktop/intro_to_iris_recognition/Week 1/NDCVRL_002 Dataset/raw/nd1S06793/Left/944196.tiff,nd1S06793,L,9/15/11
945047,/Users/odon/Desktop/intro_to_iris_recognition/Week 1/NDCVRL_002 Dataset/raw/nd1S06793/Left/945047.tiff,nd1S06793,L,9/15/11
946588,/Users/odon/Desktop/intro_to_iris_recognition/Week 1/NDCVRL_002 Dataset/raw/nd1S06793/Left/946588.tiff,nd1S06793,L,9/15/11
962138,/Users/odon/Desktop/intro_to_iris_recognition/Week 1/NDCVRL_002 Dataset/raw/nd1S06793/Left/962138.tiff,nd1S06793,L,9/27/11
962148,/Users/odon/Desktop/intro_to_iris_recognition/Week 1/NDCVRL_002 Dataset/raw/nd1S06793/Left/962148.tiff,nd1S06793,L,9/27/11
962853,/Users/odon/Desktop/intro_to_iris_recognition/Week 1/NDCVRL_002 Dataset/raw/nd1S06793/Left/962853.tiff,nd1S06793,L,9/27/11
963384,/Users/odon/Desktop/intro_to_iris_recognition/Week 1/NDCVRL_002 Dataset/raw/nd1S06793/Left/963384.tiff,nd1S06793,L,9/27/11
964270,/Users/odon/Desktop/intro_to_iris_recognition/Week 1/NDCVRL_002 Dataset/raw/nd1S06793/Left/964270.tiff,nd1S06793,L,9/27/11
988194,/Users/odon/Desktop/intro_to_iris_recognition/Week 1/NDCVRL_002 Dataset/raw/nd1S06793/Left/988194.tiff,nd1S06793,L,10/11/11
988806,/Users/odon/Desktop/intro_to_iris_recognition/Week 1/NDCVRL_002 Dataset/raw/nd1S06793/Left/988806.tiff,nd1S06793,L,10/11/11
988810,/Users/odon/Desktop/intro_to_iris_recognition/Week 1/NDCVRL_002 Dataset/raw/nd1S06793/Left/988810.tiff,nd1S06793,L,10/11/11
989818,/Users/odon/Desktop/intro_to_iris_recognition/Week 1/NDCVRL_002 Dataset/raw/nd1S06793/Left/989818.tiff,nd1S06793,L,10/11/11
989821,/Users/odon/Desktop/intro_to_iris_recognition/Week 1/NDCVRL_002 Dataset/raw/nd1S06793/Left/989821.tiff,nd1S06793,L,10/11/11
990823,/Users/odon/Desktop/intro_to_iris_recognition/Week 1/NDCVRL_002 Dataset/raw/nd1S06793/Left/990823.tiff,nd1S06793,L,10/11/11
990825,/Users/odon/Desktop/intro_to_iris_recognition/Week 1/NDCVRL_002 Dataset/raw/nd1S06793/Left/990825.tiff,nd1S06793,L,10/11/11
990827,/Users/odon/Desktop/intro_to_iris_recognition/Week 1/NDCVRL_002 Dataset/raw/nd1S06793/Left/990827.tiff,nd1S06793,L,10/11/11
990832,/Users/odon/Desktop/intro_to_iris_recognition/Week 1/NDCVRL_002 Dataset/raw/nd1S06793/Left/990832.tiff,nd1S06793,L,10/11/11
1010198,/Users/odon/Desktop/intro_to_iris_recognition/Week 1/NDCVRL_002 Dataset/raw/nd1S06793/Right/1010198.tiff,nd1S06793,R,10/25/11
1034760,/Users/odon/Desktop/intro_to_iris_recognition/Week 1/NDCVRL_002 Dataset/raw/nd1S06793/Right/1034760.tiff,nd1S06793,R,11/8/11
1036016,/Users/odon/Desktop/intro_to_iris_recognition/Week 1/NDCVRL_002 Dataset/raw/nd1S06793/Right/1036016.tiff,nd1S06793,R,11/8/11
1037962,/Users/odon/Desktop/intro_to_iris_recognition/Week 1/NDCVRL_002 Dataset/raw/nd1S06793/Right/1037962.tiff,nd1S06793,R,11/8/11
1057046,/Users/odon/Desktop/intro_to_iris_recognition/Week 1/NDCVRL_002 Dataset/raw/nd1S06793/Right/1057046.tiff,nd1S06793,R,2/7/12
1057054,/Users/odon/Desktop/intro_to_iris_recognition/Week 1/NDCVRL_002 Dataset/raw/nd1S06793/Right/1057054.tiff,nd1S06793,R,2/7/12
1057056,/Users/odon/Desktop/intro_to_iris_recognition/Week 1/NDCVRL_002 Dataset/raw/nd1S06793/Right/1057056.tiff,nd1S06793,R,2/7/12
1059509,/Users/odon/Desktop/intro_to_iris_recognition/Week 1/NDCVRL_002 Dataset/raw/nd1S06793/Right/1059509.tiff,nd1S06793,R,2/7/12
1059510,/Users/odon/Desktop/intro_to_iris_recognition/Week 1/NDCVRL_002 Dataset/raw/nd1S06793/Right/1059510.tiff,nd1S06793,R,2/7/12
1059512,/Users/odon/Desktop/intro_to_iris_recognition/Week 1/NDCVRL_002 Dataset/raw/nd1S06793/Right/1059512.tiff,nd1S06793,R,2/7/12
1102810,/Users/odon/Desktop/intro_to_iris_recognition/Week 1/NDCVRL_002 Dataset/raw/nd1S06793/Right/1102810.tiff,nd1S06793,R,3/6/12
1102819,/Users/odon/Desktop/intro_to_iris_recognition/Week 1/NDCVRL_002 Dataset/raw/nd1S06793/Right/1102819.tiff,nd1S06793,R,3/6/12
1104337,/Users/odon/Desktop/intro_to_iris_recognition/Week 1/NDCVRL_002 Dataset/raw/nd1S06793/Right/1104337.tiff,nd1S06793,R,3/6/12
1105770,/Users/odon/Desktop/intro_to_iris_recognition/Week 1/NDCVRL_002 Dataset/raw/nd1S06793/Right/1105770.tiff,nd1S06793,R,3/6/12
942648,/Users/odon/Desktop/intro_to_iris_recognition/Week 1/NDCVRL_002 Dataset/raw/nd1S06793/Right/942648.tiff,nd1S06793,R,9/15/11
944203,/Users/odon/Desktop/intro_to_iris_recognition/Week 1/NDCVRL_002 Dataset/raw/nd1S06793/Right/944203.tiff,nd1S06793,R,9/15/11
946597,/Users/odon/Desktop/intro_to_iris_recognition/Week 1/NDCVRL_002 Dataset/raw/nd1S06793/Right/946597.tiff,nd1S06793,R,9/15/11
962860,/Users/odon/Desktop/intro_to_iris_recognition/Week 1/NDCVRL_002 Dataset/raw/nd1S06793/Right/962860.tiff,nd1S06793,R,9/27/11
988198,/Users/odon/Desktop/intro_to_iris_recognition/Week 1/NDCVRL_002 Dataset/raw/nd1S06793/Right/988198.tiff,nd1S06793,R,10/11/11
989827,/Users/odon/Desktop/intro_to_iris_recognition/Week 1/NDCVRL_002 Dataset/raw/nd1S06793/Right/989827.tiff,nd1S06793,R,10/11/11
990837,/Users/odon/Desktop/intro_to_iris_recognition/Week 1/NDCVRL_002 Dataset/raw/nd1S06793/Right/990837.tiff,nd1S06793,R,10/11/11
1009917,/Users/odon/Desktop/intro_to_iris_recognition/Week 1/NDCVRL_002 Dataset/raw/nd1S06859/Right/1009917.tiff,nd1S06859,R,10/25/11
1010601,/Users/odon/Desktop/intro_to_iris_recognition/Week 1/NDCVRL_002 Dataset/raw/nd1S06859/Right/1010601.tiff,nd1S06859,R,10/25/11
1011408,/Users/odon/Desktop/intro_to_iris_recognition/Week 1/NDCVRL_002 Dataset/raw/nd1S06859/Right/1011408.tiff,nd1S06859,R,10/25/11
1012172,/Users/odon/Desktop/intro_to_iris_recognition/Week 1/NDCVRL_002 Dataset/raw/nd1S06859/Right/1012172.tiff,nd1S06859,R,10/25/11
1012175,/Users/odon/Desktop/intro_to_iris_recognition/Week 1/NDCVRL_002 Dataset/raw/nd1S06859/Right/1012175.tiff,nd1S06859,R,10/25/11
1012191,/Users/odon/Desktop/intro_to_iris_recognition/Week 1/NDCVRL_002 Dataset/raw/nd1S06859/Right/1012191.tiff,nd1S06859,R,10/25/11
1018267,/Users/odon/Desktop/intro_to_iris_recognition/Week 1/NDCVRL_002 Dataset/raw/nd1S06868/Left/1018267.tiff,nd1S06868,L,10/27/11
1018279,/Users/odon/Desktop/intro_to_iris_recognition/Week 1/NDCVRL_002 Dataset/raw/nd1S06868/Left/1018279.tiff,nd1S06868,L,10/27/11
1018280,/Users/odon/Desktop/intro_to_iris_recognition/Week 1/NDCVRL_002 Dataset/raw/nd1S06868/Left/1018280.tiff,nd1S06868,L,10/27/11
1018281,/Users/odon/Desktop/intro_to_iris_recognition/Week 1/NDCVRL_002 Dataset/raw/nd1S06868/Left/1018281.tiff,nd1S06868,L,10/27/11
1018282,/Users/odon/Desktop/intro_to_iris_recognition/Week 1/NDCVRL_002 Dataset/raw/nd1S06868/Left/1018282.tiff,nd1S06868,L,10/27/11
1018283,/Users/odon/Desktop/intro_to_iris_recognition/Week 1/NDCVRL_002 Dataset/raw/nd1S06868/Left/1018283.tiff,nd1S06868,L,10/27/11
1018284,/Users/odon/Desktop/intro_to_iris_recognition/Week 1/NDCVRL_002 Dataset/raw/nd1S06868/Left/1018284.tiff,nd1S06868,L,10/27/11
1019387,/Users/odon/Desktop/intro_to_iris_recognition/Week 1/NDCVRL_002 Dataset/raw/nd1S06868/Left/1019387.tiff,nd1S06868,L,10/27/11
1019390,/Users/odon/Desktop/intro_to_iris_recognition/Week 1/NDCVRL_002 Dataset/raw/nd1S06868/Left/1019390.tiff,nd1S06868,L,10/27/11
1019972,/Users/odon/Desktop/intro_to_iris_recognition/Week 1/NDCVRL_002 Dataset/raw/nd1S06868/Left/1019972.tiff,nd1S06868,L,10/27/11
1020808,/Users/odon/Desktop/intro_to_iris_recognition/Week 1/NDCVRL_002 Dataset/raw/nd1S06868/Left/1020808.tiff,nd1S06868,L,10/27/11
1020809,/Users/odon/Desktop/intro_to_iris_recognition/Week 1/NDCVRL_002 Dataset/raw/nd1S06868/Left/1020809.tiff,nd1S06868,L,10/27/11
1034369,/Users/odon/Desktop/intro_to_iris_recognition/Week 1/NDCVRL_002 Dataset/raw/nd1S06868/Left/1034369.tiff,nd1S06868,L,11/8/11
1034383,/Users/odon/Desktop/intro_to_iris_recognition/Week 1/NDCVRL_002 Dataset/raw/nd1S06868/Left/1034383.tiff,nd1S06868,L,11/8/11
1036615,/Users/odon/Desktop/intro_to_iris_recognition/Week 1/NDCVRL_002 Dataset/raw/nd1S06868/Left/1036615.tiff,nd1S06868,L,11/8/11
1036617,/Users/odon/Desktop/intro_to_iris_recognition/Week 1/NDCVRL_002 Dataset/raw/nd1S06868/Left/1036617.tiff,nd1S06868,L,11/8/11
1103556,/Users/odon/Desktop/intro_to_iris_recognition/Week 1/NDCVRL_002 Dataset/raw/nd1S06868/Left/1103556.tiff,nd1S06868,L,3/6/12
1103567,/Users/odon/Desktop/intro_to_iris_recognition/Week 1/NDCVRL_002 Dataset/raw/nd1S06868/Left/1103567.tiff,nd1S06868,L,3/6/12
1103568,/Users/odon/Desktop/intro_to_iris_recognition/Week 1/NDCVRL_002 Dataset/raw/nd1S06868/Left/1103568.tiff,nd1S06868,L,3/6/12
1103569,/Users/odon/Desktop/intro_to_iris_recognition/Week 1/NDCVRL_002 Dataset/raw/nd1S06868/Left/1103569.tiff,nd1S06868,L,3/6/12
1105363,/Users/odon/Desktop/intro_to_iris_recognition/Week 1/NDCVRL_002 Dataset/raw/nd1S06868/Left/1105363.tiff,nd1S06868,L,3/6/12
1105365,/Users/odon/Desktop/intro_to_iris_recognition/Week 1/NDCVRL_002 Dataset/raw/nd1S06868/Left/1105365.tiff,nd1S06868,L,3/6/12
1034350,/Users/odon/Desktop/intro_to_iris_recognition/Week 1/NDCVRL_002 Dataset/raw/nd1S06896/Left/1034350.tiff,nd1S06896,L,11/8/11
1034361,/Users/odon/Desktop/intro_to_iris_recognition/Week 1/NDCVRL_002 Dataset/raw/nd1S06896/Left/1034361.tiff,nd1S06896,L,11/8/11
1036609,/Users/odon/Desktop/intro_to_iris_recognition/Week 1/NDCVRL_002 Dataset/raw/nd1S06896/Left/1036609.tiff,nd1S06896,L,11/8/11
1036611,/Users/odon/Desktop/intro_to_iris_recognition/Week 1/NDCVRL_002 Dataset/raw/nd1S06896/Left/1036611.tiff,nd1S06896,L,11/8/11
1037726,/Users/odon/Desktop/intro_to_iris_recognition/Week 1/NDCVRL_002 Dataset/raw/nd1S06896/Left/1037726.tiff,nd1S06896,L,11/8/11
1064034,/Users/odon/Desktop/intro_to_iris_recognition/Week 1/NDCVRL_002 Dataset/raw/nd1S06927/Right/1064034.tiff,nd1S06927,R,2/9/12
1064042,/Users/odon/Desktop/intro_to_iris_recognition/Week 1/NDCVRL_002 Dataset/raw/nd1S06927/Right/1064042.tiff,nd1S06927,R,2/9/12
1064044,/Users/odon/Desktop/intro_to_iris_recognition/Week 1/NDCVRL_002 Dataset/raw/nd1S06927/Right/1064044.tiff,nd1S06927,R,2/9/12
1065335,/Users/odon/Desktop/intro_to_iris_recognition/Week 1/NDCVRL_002 Dataset/raw/nd1S06927/Right/1065335.tiff,nd1S06927,R,2/9/12
1066075,/Users/odon/Desktop/intro_to_iris_recognition/Week 1/NDCVRL_002 Dataset/raw/nd1S06927/Right/1066075.tiff,nd1S06927,R,2/9/12
1066079,/Users/odon/Desktop/intro_to_iris_recognition/Week 1/NDCVRL_002 Dataset/raw/nd1S06927/Right/1066079.tiff,nd1S06927,R,2/9/12
1088852,/Users/odon/Desktop/intro_to_iris_recognition/Week 1/NDCVRL_002 Dataset/raw/nd1S06927/Right/1088852.tiff,nd1S06927,R,2/23/12
1088860,/Users/odon/Desktop/intro_to_iris_recognition/Week 1/NDCVRL_002 Dataset/raw/nd1S06927/Right/1088860.tiff,nd1S06927,R,2/23/12
1089963,/Users/odon/Desktop/intro_to_iris_recognition/Week 1/NDCVRL_002 Dataset/raw/nd1S06927/Right/1089963.tiff,nd1S06927,R,2/23/12
1090656,/Users/odon/Desktop/intro_to_iris_recognition/Week 1/NDCVRL_002 Dataset/raw/nd1S06927/Right/1090656.tiff,nd1S06927,R,2/23/12
1103912,/Users/odon/Desktop/intro_to_iris_recognition/Week 1/NDCVRL_002 Dataset/raw/nd1S06927/Right/1103912.tiff,nd1S06927,R,3/6/12
1103920,/Users/odon/Desktop/intro_to_iris_recognition/Week 1/NDCVRL_002 Dataset/raw/nd1S06927/Right/1103920.tiff,nd1S06927,R,3/6/12
1104847,/Users/odon/Desktop/intro_to_iris_recognition/Week 1/NDCVRL_002 Dataset/raw/nd1S06927/Right/1104847.tiff,nd1S06927,R,3/6/12
1126289,/Users/odon/Desktop/intro_to_iris_recognition/Week 1/NDCVRL_002 Dataset/raw/nd1S06927/Right/1126289.tiff,nd1S06927,R,3/27/12
1128615,/Users/odon/Desktop/intro_to_iris_recognition/Week 1/NDCVRL_002 Dataset/raw/nd1S06927/Right/1128615.tiff,nd1S06927,R,3/27/12
1128626,/Users/odon/Desktop/intro_to_iris_recognition/Week 1/NDCVRL_002 Dataset/raw/nd1S06927/Right/1128626.tiff,nd1S06927,R,3/27/12
1086667,/Users/odon/Desktop/intro_to_iris_recognition/Week 1/NDCVRL_002 Dataset/raw/nd1S06932/Right/1086667.tiff,nd1S06932,R,2/23/12
1090208,/Users/odon/Desktop/intro_to_iris_recognition/Week 1/NDCVRL_002 Dataset/raw/nd1S06932/Right/1090208.tiff,nd1S06932,R,2/23/12
1090210,/Users/odon/Desktop/intro_to_iris_recognition/Week 1/NDCVRL_002 Dataset/raw/nd1S06932/Right/1090210.tiff,nd1S06932,R,2/23/12
1090874,/Users/odon/Desktop/intro_to_iris_recognition/Week 1/NDCVRL_002 Dataset/raw/nd1S06932/Right/1090874.tiff,nd1S06932,R,2/23/12
1090875,/Users/odon/Desktop/intro_to_iris_recognition/Week 1/NDCVRL_002 Dataset/raw/nd1S06932/Right/1090875.tiff,nd1S06932,R,2/23/12
1090876,/Users/odon/Desktop/intro_to_iris_recognition/Week 1/NDCVRL_002 Dataset/raw/nd1S06932/Right/1090876.tiff,nd1S06932,R,2/23/12
1081600,/Users/odon/Desktop/intro_to_iris_recognition/Week 1/NDCVRL_002 Dataset/raw/nd1S06943/Right/1081600.tiff,nd1S06943,R,2/21/12
1081607,/Users/odon/Desktop/intro_to_iris_recognition/Week 1/NDCVRL_002 Dataset/raw/nd1S06943/Right/1081607.tiff,nd1S06943,R,2/21/12
1081610,/Users/odon/Desktop/intro_to_iris_recognition/Week 1/NDCVRL_002 Dataset/raw/nd1S06943/Right/1081610.tiff,nd1S06943,R,2/21/12
1083142,/Users/odon/Desktop/intro_to_iris_recognition/Week 1/NDCVRL_002 Dataset/raw/nd1S06943/Right/1083142.tiff,nd1S06943,R,2/21/12
1083857,/Users/odon/Desktop/intro_to_iris_recognition/Week 1/NDCVRL_002 Dataset/raw/nd1S06943/Right/1083857.tiff,nd1S06943,R,2/21/12
1083859,/Users/odon/Desktop/intro_to_iris_recognition/Week 1/NDCVRL_002 Dataset/raw/nd1S06943/Right/1083859.tiff,nd1S06943,R,2/21/12
1083861,/Users/odon/Desktop/intro_to_iris_recognition/Week 1/NDCVRL_002 Dataset/raw/nd1S06943/Right/1083861.tiff,nd1S06943,R,2/21/12
1084829,/Users/odon/Desktop/intro_to_iris_recognition/Week 1/NDCVRL_002 Dataset/raw/nd1S06943/Right/1084829.tiff,nd1S06943,R,2/21/12
1084833,/Users/odon/Desktop/intro_to_iris_recognition/Week 1/NDCVRL_002 Dataset/raw/nd1S06943/Right/1084833.tiff,nd1S06943,R,2/21/12
1189964,/Users/odon/Desktop/intro_to_iris_recognition/Week 1/NDCVRL_002 Dataset/raw/nd1S07015/Left/1189964.tiff,nd1S07015,L,10/29/13
1192216,/Users/odon/Desktop/intro_to_iris_recognition/Week 1/NDCVRL_002 Dataset/raw/nd1S07015/Left/1192216.tiff,nd1S07015,L,10/31/13
1192217,/Users/odon/Desktop/intro_to_iris_recognition/Week 1/NDCVRL_002 Dataset/raw/nd1S07015/Left/1192217.tiff,nd1S07015,L,10/31/13
1192220,/Users/odon/Desktop/intro_to_iris_recognition/Week 1/NDCVRL_002 Dataset/raw/nd1S07015/Left/1192220.tiff,nd1S07015,L,10/31/13
1192231,/Users/odon/Desktop/intro_to_iris_recognition/Week 1/NDCVRL_002 Dataset/raw/nd1S07015/Left/1192231.tiff,nd1S07015,L,10/31/13
1192238,/Users/odon/Desktop/intro_to_iris_recognition/Week 1/NDCVRL_002 Dataset/raw/nd1S07015/Left/1192238.tiff,nd1S07015,L,10/31/13
1192239,/Users/odon/Desktop/intro_to_iris_recognition/Week 1/NDCVRL_002 Dataset/raw/nd1S07015/Left/1192239.tiff,nd1S07015,L,10/31/13
1192244,/Users/odon/Desktop/intro_to_iris_recognition/Week 1/NDCVRL_002 Dataset/raw/nd1S07015/Left/1192244.tiff,nd1S07015,L,10/31/13
1192271,/Users/odon/Desktop/intro_to_iris_recognition/Week 1/NDCVRL_002 Dataset/raw/nd1S07015/Left/1192271.tiff,nd1S07015,L,10/31/13
1192276,/Users/odon/Desktop/intro_to_iris_recognition/Week 1/NDCVRL_002 Dataset/raw/nd1S07015/Left/1192276.tiff,nd1S07015,L,10/31/13
1192279,/Users/odon/Desktop/intro_to_iris_recognition/Week 1/NDCVRL_002 Dataset/raw/nd1S07015/Left/1192279.tiff,nd1S07015,L,10/31/13
1192284,/Users/odon/Desktop/intro_to_iris_recognition/Week 1/NDCVRL_002 Dataset/raw/nd1S07015/Left/1192284.tiff,nd1S07015,L,10/31/13
1192288,/Users/odon/Desktop/intro_to_iris_recognition/Week 1/NDCVRL_002 Dataset/raw/nd1S07015/Left/1192288.tiff,nd1S07015,L,10/31/13
1148908,/Users/odon/Desktop/intro_to_iris_recognition/Week 1/NDCVRL_002 Dataset/raw/nd1S07015/Right/1148908.tiff,nd1S07015,R,8/14/12
1148945,/Users/odon/Desktop/intro_to_iris_recognition/Week 1/NDCVRL_002 Dataset/raw/nd1S07015/Right/1148945.tiff,nd1S07015,R,8/14/12
1148984,/Users/odon/Desktop/intro_to_iris_recognition/Week 1/NDCVRL_002 Dataset/raw/nd1S07015/Right/1148984.tiff,nd1S07015,R,8/14/12
1149068,/Users/odon/Desktop/intro_to_iris_recognition/Week 1/NDCVRL_002 Dataset/raw/nd1S07015/Right/1149068.tiff,nd1S07015,R,8/14/12
1149289,/Users/odon/Desktop/intro_to_iris_recognition/Week 1/NDCVRL_002 Dataset/raw/nd1S07015/Right/1149289.tiff,nd1S07015,R,8/14/12
1151784,/Users/odon/Desktop/intro_to_iris_recognition/Week 1/NDCVRL_002 Dataset/raw/nd1S07015/Right/1151784.tiff,nd1S07015,R,8/15/12
1152103,/Users/odon/Desktop/intro_to_iris_recognition/Week 1/NDCVRL_002 Dataset/raw/nd1S07015/Right/1152103.tiff,nd1S07015,R,8/15/12
1152104,/Users/odon/Desktop/intro_to_iris_recognition/Week 1/NDCVRL_002 Dataset/raw/nd1S07015/Right/1152104.tiff,nd1S07015,R,8/15/12
1152117,/Users/odon/Desktop/intro_to_iris_recognition/Week 1/NDCVRL_002 Dataset/raw/nd1S07015/Right/1152117.tiff,nd1S07015,R,8/15/12
1152143,/Users/odon/Desktop/intro_to_iris_recognition/Week 1/NDCVRL_002 Dataset/raw/nd1S07015/Right/1152143.tiff,nd1S07015,R,8/15/12
1152239,/Users/odon/Desktop/intro_to_iris_recognition/Week 1/NDCVRL_002 Dataset/raw/nd1S07015/Right/1152239.tiff,nd1S07015,R,8/15/12
1152242,/Users/odon/Desktop/intro_to_iris_recognition/Week 1/NDCVRL_002 Dataset/raw/nd1S07015/Right/1152242.tiff,nd1S07015,R,8/15/12
1152243,/Users/odon/Desktop/intro_to_iris_recognition/Week 1/NDCVRL_002 Dataset/raw/nd1S07015/Right/1152243.tiff,nd1S07015,R,8/15/12
1152268,/Users/odon/Desktop/intro_to_iris_recognition/Week 1/NDCVRL_002 Dataset/raw/nd1S07015/Right/1152268.tiff,nd1S07015,R,8/15/12
1152282,/Users/odon/Desktop/intro_to_iris_recognition/Week 1/NDCVRL_002 Dataset/raw/nd1S07015/Right/1152282.tiff,nd1S07015,R,8/15/12
1152289,/Users/odon/Desktop/intro_to_iris_recognition/Week 1/NDCVRL_002 Dataset/raw/nd1S07015/Right/1152289.tiff,nd1S07015,R,8/15/12
1155278,/Users/odon/Desktop/intro_to_iris_recognition/Week 1/NDCVRL_002 Dataset/raw/nd1S07015/Right/1155278.tiff,nd1S07015,R,8/16/12
1155279,/Users/odon/Desktop/intro_to_iris_recognition/Week 1/NDCVRL_002 Dataset/raw/nd1S07015/Right/1155279.tiff,nd1S07015,R,8/16/12
1155289,/Users/odon/Desktop/intro_to_iris_recognition/Week 1/NDCVRL_002 Dataset/raw/nd1S07015/Right/1155289.tiff,nd1S07015,R,8/16/12
1155318,/Users/odon/Desktop/intro_to_iris_recognition/Week 1/NDCVRL_002 Dataset/raw/nd1S07015/Right/1155318.tiff,nd1S07015,R,8/16/12
1155337,/Users/odon/Desktop/intro_to_iris_recognition/Week 1/NDCVRL_002 Dataset/raw/nd1S07015/Right/1155337.tiff,nd1S07015,R,8/16/12
1155759,/Users/odon/Desktop/intro_to_iris_recognition/Week 1/NDCVRL_002 Dataset/raw/nd1S07015/Right/1155759.tiff,nd1S07015,R,8/16/12
1155772,/Users/odon/Desktop/intro_to_iris_recognition/Week 1/NDCVRL_002 Dataset/raw/nd1S07015/Right/1155772.tiff,nd1S07015,R,8/16/12
1157712,/Users/odon/Desktop/intro_to_iris_recognition/Week 1/NDCVRL_002 Dataset/raw/nd1S07015/Right/1157712.tiff,nd1S07015,R,8/14/12
1157721,/Users/odon/Desktop/intro_to_iris_recognition/Week 1/NDCVRL_002 Dataset/raw/nd1S07015/Right/1157721.tiff,nd1S07015,R,8/14/12
1160829,/Users/odon/Desktop/intro_to_iris_recognition/Week 1/NDCVRL_002 Dataset/raw/nd1S07015/Right/1160829.tiff,nd1S07015,R,8/16/12
1160894,/Users/odon/Desktop/intro_to_iris_recognition/Week 1/NDCVRL_002 Dataset/raw/nd1S07015/Right/1160894.tiff,nd1S07015,R,8/16/12
1189974,/Users/odon/Desktop/intro_to_iris_recognition/Week 1/NDCVRL_002 Dataset/raw/nd1S07015/Right/1189974.tiff,nd1S07015,R,10/29/13
1189980,/Users/odon/Desktop/intro_to_iris_recognition/Week 1/NDCVRL_002 Dataset/raw/nd1S07015/Right/1189980.tiff,nd1S07015,R,10/29/13
1190010,/Users/odon/Desktop/intro_to_iris_recognition/Week 1/NDCVRL_002 Dataset/raw/nd1S07015/Right/1190010.tiff,nd1S07015,R,10/29/13
1190031,/Users/odon/Desktop/intro_to_iris_recognition/Week 1/NDCVRL_002 Dataset/raw/nd1S07015/Right/1190031.tiff,nd1S07015,R,10/29/13
1190548,/Users/odon/Desktop/intro_to_iris_recognition/Week 1/NDCVRL_002 Dataset/raw/nd1S07015/Right/1190548.tiff,nd1S07015,R,10/31/13
