image_id,quality_passed,source
1013655,True,cache
1013666,True,cache
1015652,True,cache
1038326,True,cache
1063964,True,cache
1192849,True,cache
1192850,True,cache
1192851,True,cache
1192852,True,cache
1192853,True,cache
1192959,True,cache
1192960,True,cache
1192961,True,cache
1192962,True,cache
1192966,True,cache
1057020,True,cache
1057021,True,cache
1057029,True,cache
1058294,True,cache
1058848,True,cache
170317,True,cache
170318,True,cache
173640,True,cache
177509,True,cache
177718,True,cache
704265,True,cache
764441,True,cache
764442,True,cache
764467,True,cache
764471,True,cache
1059130,True,cache
1085920,True,cache
1086712,True,cache
1087232,True,cache
1087836,True,cache
206659,True,cache
206660,True,cache
207642,True,cache
216438,True,cache
216439,True,cache
240235,True,cache
241316,True,cache
241318,True,cache
241321,True,cache
303666,True,cache
164341,True,cache
165161,True,cache
165164,True,cache
201606,True,cache
201609,True,cache
160356,True,cache
165846,True,cache
165847,True,cache
185551,True,cache
185568,True,cache
160252,True,cache
161092,True,cache
161093,True,cache
162039,True,cache
162040,True,cache
201709,True,cache
205864,True,cache
374089,True,cache
374094,True,cache
374108,True,cache
208381,True,cache
208382,True,cache
209978,True,cache
209979,True,cache
210510,True,cache
177120,True,cache
196865,True,cache
196910,True,cache
217458,True,cache
662843,True,cache
187654,True,cache
187683,True,cache
187684,True,cache
187714,True,cache
204364,True,cache
160439,True,cache
162945,True,cache
164577,True,cache
165442,True,cache
166874,True,cache
208441,True,cache
208443,True,cache
209267,True,cache
209268,True,cache
209271,True,cache
170377,True,cache
173528,True,cache
176428,True,cache
201324,True,cache
201325,True,cache
660597,True,cache
660598,True,cache
661746,True,cache
661748,True,cache
661749,True,cache
1063973,True,extract
1063974,True,extract
1065299,True,extract
1090351,True,extract
1091156,True,extract
161019,True,extract
161025,True,extract
166784,True,extract
167403,True,extract
179758,True,extract
179783,True,extract
201495,True,extract
202097,True,extract
202511,True,extract
203024,True,extract
204059,True,extract
204592,True,extract
205609,True,extract
207431,True,extract
214777,True,extract
515399,True,extract
659563,True,extract
659566,True,extract
666725,True,extract
666970,True,extract
669542,True,extract
673946,True,extract
704749,True,extract
722165,True,extract
727010,True,extract
761884,True,extract
872071,True,extract
909935,True,extract
909975,True,extract
910670,True,extract
934687,True,extract
934691,True,extract
934763,True,extract
935033,True,extract
935099,True,extract
1192854,True,extract
1192855,True,extract
1192856,True,extract
1192857,True,extract
1192858,True,extract
1192859,True,extract
1192860,True,extract
1192861,True,extract
1192862,True,extract
1192863,True,extract
1192864,True,extract
1192865,True,extract
1192866,True,extract
1192867,True,extract
1192868,True,extract
1192869,True,extract
1192870,True,extract
1192871,True,extract
1192872,True,extract
1192873,True,extract
1192874,True,extract
1192875,True,extract
1192876,True,extract
1192877,True,extract
1192878,True,extract
1192879,True,extract
1192880,True,extract
1192881,True,extract
1192882,True,extract
1192883,True,extract
1192884,True,extract
1192885,True,extract
1192886,True,extract
1192887,True,extract
1192888,True,extract
1192889,True,extract
1192890,True,extract
1192891,True,extract
1192892,True,extract
1192893,True,extract
1192894,True,extract
1192895,True,extract
1192896,True,extract
1192897,True,extract
1192898,True,extract
1192967,True,extract
1192968,True,extract
1192969,True,extract
1192970,True,extract
1192971,True,extract
1192973,True,extract
1192975,True,extract
1192976,True,extract
1192977,True,extract
1192978,True,extract
1192979,True,extract
1192980,True,extract
1192981,True,extract
1192982,True,extract
1192984,True,extract
1192985,True,extract
1192986,True,extract
1192987,True,extract
1192988,True,extract
1192989,True,extract
1192990,True,extract
1192991,True,extract
1192992,True,extract
1192993,True,extract
1192995,True,extract
1192996,True,extract
1192997,True,extract
1192998,True,extract
1192999,True,extract
1193000,True,extract
1193001,True,extract
1193002,True,extract
1193003,True,extract
1193004,True,extract
1193005,True,extract
1193006,True,extract
1193007,True,extract
1193008,True,extract
1059492,True,extract
1059494,True,extract
1104374,True,extract
1110959,True,extract
1110980,True,extract
1111707,True,extract
1112190,True,extract
178513,True,extract
178514,True,extract
192818,True,extract
192822,True,extract
192841,True,extract
192843,True,extract
192847,True,extract
212383,True,extract
217811,True,extract
217812,True,extract
229480,True,extract
231649,True,extract
428361,True,extract
660158,True,extract
664014,True,extract
665777,True,extract
683550,True,extract
693891,True,extract
701005,True,extract
704656,True,extract
760523,True,extract
760524,True,extract
760539,True,extract
818343,True,extract
764737,True,extract
767299,True,extract
768547,True,extract
936164,True,extract
937618,True,extract
941642,True,extract
941644,True,extract
1107417,True,extract
1107423,True,extract
1110185,True,extract
216454,True,extract
216455,True,extract
658742,True,extract
658745,True,extract
661159,True,extract
661161,True,extract
661162,True,extract
662358,True,extract
303668,True,extract
303673,True,extract
303674,True,extract
303676,True,extract
441493,True,extract
441495,True,extract
441498,True,extract
512982,True,extract
512986,True,extract
517592,True,extract
517593,True,extract
517599,True,extract
522403,True,extract
524387,True,extract
524389,True,extract
537280,True,extract
541045,True,extract
541046,True,extract
541047,True,extract
541050,True,extract
541051,True,extract
541053,True,extract
541056,True,extract
554137,True,extract
557156,True,extract
557157,True,extract
557159,True,extract
585319,True,extract
586215,True,extract
588607,True,extract
611526,True,extract
611531,True,extract
611532,True,extract
611533,True,extract
674508,True,extract
683039,True,extract
694192,True,extract
694200,True,extract
701100,True,extract
722799,True,extract
722809,True,extract
728234,True,extract
755792,True,extract
858299,True,extract
858309,True,extract
201610,True,extract
216718,True,extract
216719,True,extract
216720,True,extract
661424,True,extract
661429,True,extract
663002,True,extract
663003,True,extract
663005,True,extract
663006,True,extract
663007,True,extract
664352,True,extract
664353,True,extract
664354,True,extract
664355,True,extract
664357,True,extract
664846,True,extract
664847,True,extract
664849,True,extract
667254,True,extract
667255,True,extract
185571,True,extract
185586,True,extract
185590,True,extract
185611,True,extract
185624,True,extract
185626,True,extract
185627,True,extract
202293,True,extract
202294,True,extract
206316,True,extract
206990,True,extract
216969,True,extract
216974,True,extract
655037,True,extract
655038,True,extract
655039,True,extract
658644,True,extract
662827,True,extract
662828,True,extract
664388,True,extract
664808,True,extract
666063,True,extract
666066,True,extract
666814,True,extract
668617,True,extract
668618,True,extract
669612,True,extract
669616,True,extract
164487,True,extract
164490,True,extract
165320,True,extract
165322,True,extract
166615,True,extract
185637,True,extract
185643,True,extract
185644,True,extract
185648,True,extract
185649,True,extract
185678,True,extract
204437,True,extract
207349,True,extract
208037,True,extract
654404,True,extract
659682,True,extract
659683,True,extract
659685,True,extract
665699,True,extract
665700,True,extract
666468,True,extract
374118,True,extract
374119,True,extract
374135,True,extract
374137,True,extract
374149,True,extract
374161,True,extract
654979,True,extract
657779,True,extract
659117,True,extract
659122,True,extract
663038,True,extract
663040,True,extract
664246,True,extract
664249,True,extract
212448,True,extract
214345,True,extract
214346,True,extract
374180,True,extract
374193,True,extract
374198,True,extract
374203,True,extract
374210,True,extract
374217,True,extract
374218,True,extract
374225,True,extract
374227,True,extract
653620,True,extract
654986,True,extract
657781,True,extract
657784,True,extract
659109,True,extract
659123,True,extract
659124,True,extract
661737,True,extract
663046,True,extract
664251,True,extract
664254,True,extract
664255,True,extract
664500,True,extract
665355,True,extract
666083,True,extract
666830,True,extract
668611,True,extract
669610,True,extract
660273,True,extract
660274,True,extract
660276,True,extract
668338,True,extract
167630,True,extract
168373,True,extract
169119,True,extract
169888,True,extract
189019,True,extract
189040,True,extract
189057,True,extract
189066,True,extract
201677,True,extract
201679,True,extract
203082,True,extract
203641,True,extract
204264,True,extract
205162,True,extract
205669,True,extract
206222,True,extract
206822,True,extract
206824,True,extract
207911,True,extract
207912,True,extract
217090,True,extract
217094,True,extract
217104,True,extract
217105,True,extract
217107,True,extract
229485,True,extract
241822,True,extract
255659,True,extract
277300,True,extract
304002,True,extract
534641,True,extract
655631,True,extract
655645,True,extract
657323,True,extract
669839,True,extract
209635,True,extract
210657,True,extract
211423,True,extract
212960,True,extract
318780,True,extract
318786,True,extract
654119,True,extract
655517,True,extract
656673,True,extract
656690,True,extract
661940,True,extract
664587,True,extract
201327,True,extract
201357,True,extract
201371,True,extract
201377,True,extract
213207,True,extract
219099,True,extract
655884,True,extract
660893,True,extract
666391,True,extract
668161,True,extract
669367,True,extract
669370,True,extract
662911,True,extract
664133,True,extract
664134,True,extract
664135,True,extract
664138,True,extract
664682,True,extract
664686,True,extract
665539,True,extract
665542,True,extract
666344,True,extract
666346,True,extract
666349,True,extract
666949,True,extract
666952,True,extract
668645,True,extract
668646,True,extract
668649,True,extract
231014,True,extract
233655,True,extract
242832,True,extract
244119,True,extract
261655,True,extract
261657,True,extract
261664,True,extract
261682,True,extract
266957,True,extract
279572,True,extract
281435,True,extract
312838,True,extract
396943,True,extract
438178,True,extract
441535,True,extract
535162,True,extract
657217,True,extract
660741,True,extract
660744,True,extract
660745,True,extract
665645,True,extract
665650,True,extract
666204,True,extract
667033,True,extract
669190,True,extract
229123,True,extract
231429,True,extract
233715,True,extract
241396,True,extract
241398,True,extract
243864,True,extract
243868,True,extract
276915,True,extract
276916,True,extract
276918,True,extract
276919,True,extract
397666,True,extract
397667,True,extract
397668,True,extract
397670,True,extract
535286,True,extract
558702,True,extract
583409,True,extract
583410,True,extract
583411,True,extract
591394,True,extract
591395,True,extract
604620,True,extract
604621,True,extract
612955,True,extract
653489,True,extract
657949,True,extract
657950,True,extract
659536,True,extract
659543,True,extract
659544,True,extract
659545,True,extract
659546,True,extract
659547,True,extract
662621,True,extract
664444,True,extract
665549,True,extract
696395,True,extract
235847,True,extract
237037,True,extract
237039,True,extract
243677,True,extract
259396,True,extract
268187,True,extract
268188,True,extract
268193,True,extract
277153,True,extract
302355,True,extract
303531,True,extract
388782,True,extract
388784,True,extract
388786,True,extract
406426,True,extract
406430,True,extract
406436,True,extract
415158,True,extract
433419,True,extract
433423,True,extract
441895,True,extract
441900,True,extract
441913,True,extract
441918,True,extract
535391,True,extract
535399,True,extract
535404,True,extract
535480,True,extract
535481,True,extract
535557,True,extract
535558,True,extract
656694,True,extract
658526,True,extract
662467,True,extract
665668,True,extract
666186,True,extract
666187,True,extract
667085,True,extract
229191,True,extract
229195,True,extract
231064,True,extract
234278,False,extract
241711,True,extract
243683,True,extract
243684,True,extract
255842,True,extract
255845,True,extract
255846,True,extract
260439,True,extract
277164,True,extract
303543,True,extract
303545,True,extract
303551,True,extract
387601,True,extract
388787,True,extract
406446,True,extract
415176,True,extract
433438,False,extract
441928,True,extract
535403,True,extract
535409,True,extract
535496,True,extract
535523,True,extract
535554,True,extract
653502,True,extract
655504,True,extract
656697,True,extract
656698,True,extract
656699,True,extract
656700,True,extract
658530,True,extract
658533,True,extract
663790,True,extract
665671,True,extract
666193,True,extract
667091,True,extract
667094,True,extract
668104,True,extract
669463,True,extract
669464,True,extract
935155,True,extract
935166,True,extract
660966,True,extract
660967,True,extract
660974,True,extract
660977,True,extract
660978,True,extract
660979,True,extract
661873,True,extract
662414,True,extract
662415,True,extract
662416,True,extract
662431,True,extract
664118,True,extract
665213,True,extract
665214,True,extract
665218,True,extract
665968,True,extract
667427,True,extract
667428,True,extract
653822,True,extract
657795,True,extract
658423,True,extract
658426,True,extract
660971,True,extract
660980,True,extract
660981,True,extract
660982,True,extract
661878,True,extract
662432,True,extract
665221,True,extract
667433,True,extract
660284,True,extract
660285,True,extract
660286,True,extract
660287,True,extract
660288,True,extract
660289,True,extract
660308,True,extract
660309,True,extract
660311,True,extract
660312,True,extract
660313,True,extract
660290,True,extract
660291,True,extract
660292,True,extract
660293,True,extract
660294,True,extract
660295,True,extract
660314,True,extract
660315,True,extract
660316,True,extract
660317,True,extract
660318,True,extract
660319,True,extract
656708,True,extract
658865,True,extract
659258,True,extract
659259,True,extract
659263,True,extract
667270,True,extract
668167,True,extract
655659,True,extract
655661,True,extract
656710,True,extract
656711,True,extract
656713,True,extract
658866,True,extract
658870,True,extract
658871,True,extract
659266,True,extract
664182,True,extract
664183,True,extract
665681,True,extract
668168,True,extract
668171,True,extract
668173,True,extract
654016,True,extract
654017,True,extract
654018,True,extract
654021,True,extract
654022,True,extract
654026,True,extract
653952,True,extract
655799,True,extract
658782,True,extract
658784,True,extract
660180,True,extract
660181,True,extract
661951,True,extract
662949,True,extract
664468,True,extract
664471,True,extract
655287,True,extract
655292,True,extract
659250,True,extract
659271,True,extract
659272,True,extract
659273,True,extract
659274,True,extract
661217,True,extract
665440,True,extract
665975,True,extract
665976,True,extract
665977,True,extract
665978,True,extract
665979,True,extract
665980,True,extract
666307,True,extract
656789,True,extract
658450,True,extract
659256,True,extract
659276,True,extract
659277,True,extract
659278,True,extract
659279,True,extract
659280,True,extract
659281,True,extract
663930,True,extract
665446,True,extract
665981,True,extract
665986,True,extract
666313,True,extract
170247,True,extract
170248,True,extract
170258,True,extract
654809,True,extract
662216,True,extract
662217,True,extract
662219,True,extract
662822,True,extract
663953,True,extract
663954,True,extract
663955,True,extract
663956,True,extract
663958,True,extract
259992,True,extract
262918,True,extract
262919,True,extract
262920,True,extract
262922,True,extract
262923,True,extract
262924,True,extract
262926,True,extract
231691,True,extract
234224,True,extract
237928,True,extract
240021,True,extract
243087,True,extract
244618,True,extract
410923,True,extract
656291,True,extract
661455,True,extract
661461,True,extract
662393,True,extract
665865,True,extract
665866,True,extract
665869,True,extract
666764,True,extract
666766,True,extract
667932,True,extract
668989,True,extract
668992,True,extract
653773,True,extract
655825,True,extract
655826,True,extract
658438,True,extract
660632,True,extract
660641,True,extract
660642,True,extract
660643,True,extract
660644,True,extract
660645,True,extract
660646,True,extract
660541,True,extract
660542,True,extract
660543,True,extract
660544,True,extract
660555,True,extract
660556,True,extract
660567,True,extract
660545,True,extract
660547,True,extract
660550,True,extract
660560,True,extract
660561,True,extract
660573,True,extract
660574,True,extract
228389,True,extract
229053,True,extract
229055,True,extract
230995,True,extract
244593,True,extract
254819,True,extract
259840,True,extract
262279,True,extract
276920,True,extract
281189,True,extract
303644,True,extract
387299,True,extract
410846,True,extract
410850,True,extract
446100,True,extract
446102,True,extract
529525,True,extract
530323,True,extract
530325,True,extract
653673,True,extract
653685,True,extract
658223,True,extract
659367,True,extract
659371,True,extract
661811,True,extract
661812,True,extract
661813,True,extract
661816,True,extract
663348,True,extract
663350,True,extract
663351,True,extract
229059,True,extract
230229,True,extract
231003,True,extract
262291,True,extract
262298,True,extract
281200,True,extract
303662,True,extract
306573,True,extract
387310,True,extract
529532,True,extract
653684,True,extract
655348,True,extract
656852,True,extract
658229,True,extract
659373,True,extract
659376,True,extract
661822,True,extract
663358,True,extract
873455,True,extract
943613,True,extract
944600,True,extract
945720,True,extract
945721,True,extract
947147,True,extract
947156,True,extract
968898,True,extract
970329,True,extract
971416,True,extract
972226,True,extract
655421,True,extract
657291,True,extract
657292,True,extract
657293,True,extract
658499,True,extract
661805,True,extract
661808,True,extract
663157,True,extract
664721,True,extract
664723,True,extract
236019,True,extract
237385,True,extract
237387,True,extract
237388,True,extract
240295,True,extract
241440,True,extract
243101,True,extract
244650,True,extract
654209,True,extract
655461,True,extract
655462,True,extract
655463,True,extract
658611,True,extract
658613,True,extract
659331,True,extract
659334,True,extract
660782,True,extract
660785,True,extract
660794,True,extract
660797,True,extract
662146,True,extract
662148,True,extract
665463,True,extract
665465,True,extract
665470,True,extract
667529,True,extract
668695,True,extract
669715,True,extract
669718,True,extract
659402,True,extract
659403,True,extract
659404,True,extract
659408,True,extract
659410,True,extract
659417,True,extract
659419,True,extract
659420,True,extract
659421,True,extract
659422,True,extract
659413,True,extract
659415,True,extract
659423,True,extract
659425,True,extract
659426,True,extract
659428,True,extract
235775,True,extract
236894,True,extract
236895,True,extract
254100,True,extract
257823,True,extract
257825,True,extract
257843,True,extract
279604,True,extract
530580,True,extract
593151,True,extract
593158,True,extract
605851,True,extract
605853,True,extract
659431,True,extract
659433,True,extract
659441,True,extract
659443,True,extract
659444,True,extract
659445,True,extract
235774,True,extract
236899,True,extract
236900,True,extract
257848,True,extract
257852,True,extract
397282,True,extract
432363,True,extract
432365,True,extract
432369,True,extract
433998,True,extract
451849,True,extract
529664,True,extract
529667,True,extract
593173,True,extract
605871,True,extract
605872,True,extract
659439,True,extract
659440,True,extract
659447,True,extract
659452,True,extract
228393,True,extract
229068,True,extract
229069,True,extract
229070,True,extract
255414,True,extract
255417,True,extract
255418,True,extract
255419,True,extract
264067,True,extract
391564,True,extract
391565,True,extract
406403,True,extract
406408,True,extract
406409,True,extract
417225,True,extract
451730,True,extract
451735,True,extract
512754,True,extract
516616,True,extract
516617,True,extract
516622,True,extract
522733,True,extract
522740,True,extract
524469,True,extract
529574,True,extract
530420,True,extract
546226,True,extract
546228,True,extract
659477,True,extract
659479,True,extract
659489,True,extract
659490,True,extract
659491,True,extract
659493,True,extract
666543,True,extract
666544,True,extract
667162,True,extract
667715,True,extract
934719,True,extract
934720,True,extract
934727,True,extract
934730,True,extract
934731,True,extract
934740,True,extract
934846,True,extract
934851,True,extract
934853,True,extract
935084,True,extract
935087,True,extract
935093,True,extract
231635,True,extract
243066,True,extract
255430,True,extract
255431,True,extract
255437,True,extract
264085,True,extract
275412,True,extract
391578,True,extract
391598,True,extract
406418,True,extract
418070,True,extract
437068,True,extract
452790,True,extract
516629,True,extract
522752,True,extract
546229,True,extract
659485,True,extract
659496,True,extract
659498,True,extract
935268,True,extract
935269,True,extract
935394,True,extract
935400,True,extract
935641,True,extract
935649,True,extract
659501,True,extract
659502,True,extract
659503,True,extract
659504,True,extract
659513,True,extract
659515,True,extract
659517,True,extract
659518,True,extract
666137,False,extract
666138,True,extract
666142,True,extract
666143,True,extract
666146,True,extract
668063,True,extract
669748,True,extract
659507,True,extract
659512,True,extract
659519,True,extract
659520,True,extract
659521,True,extract
659522,True,extract
659523,True,extract
659524,True,extract
666149,True,extract
666152,True,extract
667285,True,extract
668067,True,extract
668068,True,extract
669750,True,extract
669754,True,extract
659575,True,extract
659576,True,extract
659586,True,extract
659587,True,extract
659588,True,extract
659581,True,extract
659584,True,extract
659591,True,extract
659593,True,extract
659594,True,extract
659595,True,extract
659596,True,extract
659699,True,extract
659700,True,extract
659701,True,extract
659711,True,extract
659712,True,extract
659713,True,extract
660302,True,extract
660303,True,extract
660304,True,extract
660305,True,extract
660306,True,extract
660307,True,extract
660326,True,extract
660327,True,extract
660328,True,extract
660335,True,extract
660336,True,extract
660337,True,extract
660338,True,extract
660339,True,extract
660340,True,extract
660347,True,extract
660348,True,extract
660349,True,extract
660350,True,extract
660351,True,extract
660352,True,extract
660353,True,extract
660354,True,extract
660355,True,extract
660356,True,extract
660357,True,extract
660358,True,extract
660365,True,extract
660366,True,extract
660367,True,extract
660368,True,extract
660369,True,extract
660370,True,extract
660359,True,extract
660360,True,extract
660372,True,extract
660373,True,extract
660374,True,extract
660375,True,extract
660376,True,extract
660377,True,extract
660378,True,extract
660389,True,extract
660390,True,extract
660391,True,extract
660392,True,extract
660393,True,extract
660394,True,extract
660383,True,extract
660384,True,extract
660387,True,extract
660388,True,extract
660395,True,extract
660396,True,extract
660397,True,extract
660398,True,extract
660399,True,extract
397287,True,extract
397289,True,extract
397290,True,extract
397291,True,extract
397292,True,extract
397293,True,extract
397294,True,extract
397295,True,extract
397296,True,extract
397297,True,extract
397298,True,extract
397299,True,extract
397300,True,extract
397301,True,extract
397304,True,extract
397305,True,extract
397306,True,extract
397308,True,extract
397309,True,extract
397310,True,extract
399100,True,extract
399104,True,extract
660401,True,extract
660402,True,extract
660403,True,extract
660405,True,extract
660406,True,extract
660413,True,extract
660414,True,extract
660415,True,extract
660416,True,extract
660417,True,extract
660418,True,extract
397311,True,extract
399103,True,extract
660409,True,extract
660419,True,extract
660420,True,extract
660421,True,extract
660422,True,extract
660423,True,extract
660424,True,extract
660671,True,extract
660672,True,extract
660673,True,extract
660674,True,extract
660683,True,extract
660685,True,extract
660688,True,extract
231113,True,extract
260766,True,extract
260776,True,extract
260781,True,extract
276228,True,extract
276229,True,extract
281361,True,extract
302457,True,extract
303965,True,extract
307638,True,extract
432323,True,extract
433995,True,extract
443435,True,extract
660757,True,extract
660764,True,extract
660766,True,extract
660767,True,extract
660768,True,extract
665656,True,extract
667018,True,extract
667846,True,extract
669196,True,extract
228460,True,extract
260782,True,extract
260787,True,extract
303966,True,extract
306556,True,extract
412739,True,extract
443434,True,extract
660770,True,extract
660771,True,extract
660772,True,extract
660773,True,extract
660774,True,extract
665657,True,extract
665658,True,extract
669202,True,extract
660800,True,extract
660801,True,extract
660802,True,extract
660803,True,extract
660812,True,extract
660814,True,extract
660815,True,extract
660816,True,extract
660817,True,extract
660810,True,extract
660811,True,extract
660821,True,extract
660823,True,extract
660850,True,extract
660851,True,extract
660852,True,extract
660853,True,extract
660864,True,extract
660865,True,extract
660866,True,extract
660854,True,extract
660856,True,extract
660857,True,extract
660859,True,extract
660861,True,extract
660869,True,extract
660870,True,extract
660871,True,extract
660872,True,extract
660874,True,extract
660992,True,extract
660993,True,extract
660994,True,extract
660995,True,extract
660996,True,extract
660997,True,extract
661004,True,extract
661005,True,extract
661006,True,extract
661007,True,extract
661008,True,extract
661009,True,extract
229858,True,extract
230644,True,extract
231849,True,extract
234440,True,extract
242163,True,extract
243143,True,extract
253944,True,extract
260333,True,extract
554737,True,extract
559728,True,extract
665573,True,extract
665574,True,extract
665575,True,extract
665576,True,extract
665577,True,extract
665578,True,extract
666291,True,extract
666293,True,extract
668629,True,extract
669647,True,extract
934637,True,extract
934643,True,extract
934651,True,extract
934652,True,extract
934656,True,extract
229502,True,extract
230520,True,extract
231568,True,extract
231571,True,extract
236141,True,extract
237628,True,extract
237629,True,extract
240441,True,extract
241726,True,extract
242937,True,extract
244318,True,extract
665954,True,extract
665956,True,extract
666862,True,extract
229504,True,extract
229505,True,extract
230517,True,extract
231573,True,extract
231577,True,extract
236140,True,extract
237632,True,extract
237634,True,extract
241731,True,extract
242934,True,extract
244324,True,extract
665957,True,extract
665958,True,extract
665959,True,extract
665960,True,extract
665961,True,extract
665962,True,extract
666864,True,extract
856874,True,extract
856877,True,extract
856883,True,extract
856887,True,extract
861174,True,extract
862325,True,extract
864596,True,extract
864597,True,extract
865790,True,extract
902261,True,extract
902265,True,extract
902271,True,extract
902275,True,extract
904063,True,extract
905756,True,extract
906227,True,extract
906228,True,extract
856880,True,extract
856881,True,extract
856889,True,extract
856890,True,extract
861178,True,extract
862326,True,extract
864599,True,extract
865792,True,extract
902266,True,extract
902268,True,extract
902270,True,extract
902278,True,extract
902280,True,extract
904070,True,extract
904942,True,extract
904956,True,extract
904975,True,extract
906635,True,extract
906637,True,extract
529061,True,extract
529062,True,extract
529063,True,extract
529064,True,extract
529065,True,extract
529066,True,extract
529067,True,extract
529068,True,extract
586619,True,extract
590438,True,extract
590439,True,extract
590440,True,extract
590441,True,extract
590442,True,extract
590443,True,extract
590444,True,extract
590445,True,extract
590446,True,extract
590447,True,extract
590448,True,extract
590449,True,extract
609035,True,extract
609039,True,extract
611426,True,extract
611427,True,extract
611428,True,extract
611429,True,extract
611430,True,extract
611431,True,extract
611432,True,extract
611433,True,extract
611434,True,extract
611435,True,extract
611436,True,extract
611437,True,extract
667583,True,extract
667584,True,extract
667585,True,extract
667586,True,extract
667587,True,extract
667588,True,extract
668504,True,extract
668505,True,extract
668506,True,extract
668507,True,extract
668508,True,extract
668509,True,extract
1041536,True,extract
1042350,True,extract
1043394,True,extract
1043410,True,extract
1043732,True,extract
230685,True,extract
233338,True,extract
234362,True,extract
262572,True,extract
417806,True,extract
516869,True,extract
541821,True,extract
611567,True,extract
667649,True,extract
667651,True,extract
796154,True,extract
861419,True,extract
944580,True,extract
231213,True,extract
233663,True,extract
237961,True,extract
237962,True,extract
242226,True,extract
259464,True,extract
267541,True,extract
267545,True,extract
285791,True,extract
406131,True,extract
406132,True,extract
417741,True,extract
438090,True,extract
667765,True,extract
667766,True,extract
669796,True,extract
228823,True,extract
229919,True,extract
236265,True,extract
241872,True,extract
243473,True,extract
243477,True,extract
243478,True,extract
254337,True,extract
254342,True,extract
254345,True,extract
262947,True,extract
262950,True,extract
262953,True,extract
276424,True,extract
276426,True,extract
283621,True,extract
283627,True,extract
309497,True,extract
310574,True,extract
410507,True,extract
410508,True,extract
433921,True,extract
446644,True,extract
446649,True,extract
667787,True,extract
667792,True,extract
236264,True,extract
241877,True,extract
260001,True,extract
262955,True,extract
262956,True,extract
262961,True,extract
262965,True,extract
276436,True,extract
276437,True,extract
280085,True,extract
283636,True,extract
283639,True,extract
309507,True,extract
309509,True,extract
309512,True,extract
387033,True,extract
387040,True,extract
407667,True,extract
410512,True,extract
410517,True,extract
412669,True,extract
432039,True,extract
432042,True,extract
432046,True,extract
433924,True,extract
446653,True,extract
448118,True,extract
667798,True,extract
1104339,True,extract
1133069,True,extract
1133070,True,extract
228381,True,extract
229041,True,extract
229042,True,extract
240107,True,extract
241062,True,extract
241063,True,extract
241065,True,extract
243031,True,extract
256354,True,extract
256355,True,extract
260823,True,extract
277030,True,extract
277036,True,extract
277039,True,extract
281587,True,extract
281596,True,extract
302985,True,extract
302986,True,extract
387820,True,extract
415635,True,extract
512838,True,extract
516951,True,extract
523875,True,extract
541070,True,extract
541071,True,extract
541074,True,extract
559343,True,extract
559346,True,extract
559348,True,extract
591886,True,extract
611380,True,extract
669047,True,extract
676575,True,extract
693519,True,extract
700888,True,extract
706846,True,extract
725628,True,extract
725633,True,extract
730439,True,extract
765553,True,extract
765609,True,extract
789389,True,extract
789391,True,extract
799333,True,extract
799336,True,extract
819145,True,extract
897014,True,extract
1056866,True,extract
1059389,True,extract
1081907,True,extract
1083006,True,extract
1083769,True,extract
1102839,True,extract
1105098,True,extract
1130649,True,extract
1132232,True,extract
1133064,True,extract
1133073,True,extract
1133075,True,extract
1133078,True,extract
229050,True,extract
237573,True,extract
243030,True,extract
268106,True,extract
277043,True,extract
281599,True,extract
281608,True,extract
292978,True,extract
402606,True,extract
520307,True,extract
537287,True,extract
541083,True,extract
541092,True,extract
582316,True,extract
582321,True,extract
611396,True,extract
611401,True,extract
669058,True,extract
682750,True,extract
700889,True,extract
706848,True,extract
706854,True,extract
730445,True,extract
733038,True,extract
765559,True,extract
768646,True,extract
789397,True,extract
794389,True,extract
798285,True,extract
799339,True,extract
819148,True,extract
819149,True,extract
856632,True,extract
861064,True,extract
897034,True,extract
897901,True,extract
966410,True,extract
586658,True,extract
590594,True,extract
590595,True,extract
590596,True,extract
590599,True,extract
590600,True,extract
590601,True,extract
590602,True,extract
590603,True,extract
590604,True,extract
590605,True,extract
601541,True,extract
601543,True,extract
601545,True,extract
605621,True,extract
605622,True,extract
605624,True,extract
605625,True,extract
605626,True,extract
605627,True,extract
605628,True,extract
605629,True,extract
605630,True,extract
605631,True,extract
605632,True,extract
609656,True,extract
609658,True,extract
609660,True,extract
614024,True,extract
614025,True,extract
614026,True,extract
614027,True,extract
614028,True,extract
614029,True,extract
614030,True,extract
614031,True,extract
614032,True,extract
614034,True,extract
614035,True,extract
668546,True,extract
668547,True,extract
668548,True,extract
668549,True,extract
668550,True,extract
668551,True,extract
230272,True,extract
230274,True,extract
231081,True,extract
232981,True,extract
233626,True,extract
233627,True,extract
233630,True,extract
668903,True,extract
543147,True,extract
543152,True,extract
543153,True,extract
592380,True,extract
592387,True,extract
592390,True,extract
608662,True,extract
608664,True,extract
608668,True,extract
677064,True,extract
677074,True,extract
677079,True,extract
518313,True,extract
518314,True,extract
518318,True,extract
523403,True,extract
537378,True,extract
541444,True,extract
541455,True,extract
554049,True,extract
556792,True,extract
556795,True,extract
515671,True,extract
515672,True,extract
518326,True,extract
518331,True,extract
518334,True,extract
518335,True,extract
537379,True,extract
541462,True,extract
554054,True,extract
556804,True,extract
528167,True,extract
554394,True,extract
558229,True,extract
558231,True,extract
580714,True,extract
580718,True,extract
586534,True,extract
590058,True,extract
590059,True,extract
590064,True,extract
601809,True,extract
606712,True,extract
606714,True,extract
606718,True,extract
606721,True,extract
1016516,True,extract
1041765,True,extract
1044449,True,extract
1064105,True,extract
1089811,True,extract
1103595,True,extract
1103606,True,extract
1103608,True,extract
1133775,True,extract
1134260,True,extract
1135912,True,extract
1135925,True,extract
255785,True,extract
263015,True,extract
263020,True,extract
280885,True,extract
411366,True,extract
511453,True,extract
513777,True,extract
523803,True,extract
559951,True,extract
581700,True,extract
581704,True,extract
588249,True,extract
603534,True,extract
613532,True,extract
613537,True,extract
613540,True,extract
613543,True,extract
705267,True,extract
721337,True,extract
731247,True,extract
757726,True,extract
762363,True,extract
827464,True,extract
828763,True,extract
868675,True,extract
872537,True,extract
896827,True,extract
896837,True,extract
900135,True,extract
901428,True,extract
934927,True,extract
935109,True,extract
935116,True,extract
943990,True,extract
946280,True,extract
969415,True,extract
970837,True,extract
997374,True,extract
1041770,True,extract
1044445,True,extract
1103603,True,extract
1135920,True,extract
228796,True,extract
228798,True,extract
230475,True,extract
233242,True,extract
236172,True,extract
237693,True,extract
237696,True,extract
241947,True,extract
241951,True,extract
255797,True,extract
278768,True,extract
285608,True,extract
285610,True,extract
411372,True,extract
432868,True,extract
441338,True,extract
519992,True,extract
519997,True,extract
539336,True,extract
581712,True,extract
581714,True,extract
588259,True,extract
588265,True,extract
588267,True,extract
603547,True,extract
613545,True,extract
673352,True,extract
673354,True,extract
673361,True,extract
693968,True,extract
701027,True,extract
721332,True,extract
721335,True,extract
721342,True,extract
721345,True,extract
726899,True,extract
827465,True,extract
896832,True,extract
896838,True,extract
896839,True,extract
897855,True,extract
935341,True,extract
935485,True,extract
935490,True,extract
943991,True,extract
228562,True,extract
229407,True,extract
231096,True,extract
231097,True,extract
231100,True,extract
233068,True,extract
233813,True,extract
237912,True,extract
241648,True,extract
241651,True,extract
244163,True,extract
244167,True,extract
257450,True,extract
257456,True,extract
263546,True,extract
279553,True,extract
288233,True,extract
447212,True,extract
447216,True,extract
869141,True,extract
869145,True,extract
869151,True,extract
869152,True,extract
869153,True,extract
869154,True,extract
871122,True,extract
871123,True,extract
871124,True,extract
871125,True,extract
872055,True,extract
872056,True,extract
872057,True,extract
872058,True,extract
872723,True,extract
872724,True,extract
873542,True,extract
873544,True,extract
873546,True,extract
902897,True,extract
902907,True,extract
902908,True,extract
902909,True,extract
904350,True,extract
905209,True,extract
905214,True,extract
905882,True,extract
905884,True,extract
905885,True,extract
906351,True,extract
906352,True,extract
906353,True,extract
826010,True,extract
869146,True,extract
869157,True,extract
869160,True,extract
870658,True,extract
871590,True,extract
871593,True,extract
872730,True,extract
873547,True,extract
902902,True,extract
904354,True,extract
905546,True,extract
906761,True,extract
263241,True,extract
271501,True,extract
271506,True,extract
271507,True,extract
271512,True,extract
271515,True,extract
271525,True,extract
271526,True,extract
271536,True,extract
271537,True,extract
271545,True,extract
271546,True,extract
271549,True,extract
271551,True,extract
271556,True,extract
271560,True,extract
278440,True,extract
278445,True,extract
280294,True,extract
284510,True,extract
284515,True,extract
286941,True,extract
286942,True,extract
390562,True,extract
393205,True,extract
405148,True,extract
420066,True,extract
422346,True,extract
436028,True,extract
436032,True,extract
436038,True,extract
441587,True,extract
441589,True,extract
441601,True,extract
512519,True,extract
521064,True,extract
521068,True,extract
527341,True,extract
557201,True,extract
579524,True,extract
609247,True,extract
675820,True,extract
695967,True,extract
695974,True,extract
707173,True,extract
725112,True,extract
725122,True,extract
1107585,True,extract
1107598,True,extract
1109511,True,extract
1109513,True,extract
1110304,True,extract
1129841,True,extract
1130192,True,extract
1131578,True,extract
1131579,True,extract
1085890,True,extract
1086703,True,extract
1087226,True,extract
1129585,True,extract
1129599,True,extract
1130083,True,extract
1131425,True,extract
253710,True,extract
255943,True,extract
344074,True,extract
539803,True,extract
589609,True,extract
612118,True,extract
706507,True,extract
989360,True,extract
1035342,True,extract
1058129,True,extract
1087227,True,extract
1129593,True,extract
1130087,True,extract
1130823,True,extract
1131431,True,extract
228776,True,extract
260219,True,extract
268803,True,extract
416600,True,extract
416607,True,extract
518168,True,extract
539818,True,extract
582633,True,extract
612122,True,extract
723346,True,extract
757802,True,extract
861924,True,extract
935803,True,extract
990090,True,extract
990100,True,extract
314900,True,extract
411741,True,extract
411742,True,extract
411743,True,extract
411744,True,extract
411745,True,extract
411746,True,extract
411747,True,extract
411748,True,extract
411749,True,extract
411750,True,extract
411751,True,extract
411752,True,extract
412974,True,extract
412976,True,extract
412978,True,extract
437240,True,extract
437241,True,extract
437242,True,extract
437243,True,extract
437244,True,extract
437245,True,extract
437246,True,extract
437247,True,extract
437248,True,extract
437249,True,extract
437251,True,extract
438407,True,extract
438409,True,extract
512262,True,extract
512263,True,extract
512266,True,extract
512267,True,extract
512270,True,extract
515556,True,extract
515557,True,extract
515559,True,extract
515560,True,extract
515562,True,extract
515563,True,extract
515565,True,extract
515566,True,extract
230288,True,extract
256679,True,extract
346483,True,extract
396805,True,extract
412474,True,extract
427319,True,extract
427325,True,extract
442128,True,extract
443603,True,extract
230427,True,extract
231389,True,extract
231390,True,extract
231391,True,extract
237271,True,extract
237272,True,extract
240242,True,extract
241335,True,extract
241339,True,extract
257327,True,extract
257335,True,extract
517418,True,extract
518258,True,extract
523384,True,extract
230481,True,extract
231497,True,extract
254029,True,extract
257499,True,extract
283803,True,extract
288381,True,extract
392011,True,extract
452568,True,extract
232936,True,extract
232940,True,extract
240618,True,extract
244200,True,extract
277897,True,extract
284976,True,extract
286842,True,extract
415919,True,extract
432290,True,extract
432295,True,extract
432297,True,extract
537753,True,extract
543033,True,extract
543034,True,extract
585509,True,extract
615583,True,extract
615591,True,extract
615592,True,extract
233145,True,extract
233961,True,extract
233962,True,extract
233964,True,extract
233966,True,extract
256701,True,extract
256702,True,extract
256703,True,extract
256705,True,extract
256706,True,extract
256707,True,extract
256711,True,extract
256712,True,extract
283005,True,extract
283009,True,extract
283014,True,extract
407187,True,extract
407189,True,extract
407190,True,extract
407191,True,extract
407192,True,extract
407195,True,extract
407196,True,extract
408072,True,extract
408076,True,extract
233283,True,extract
234246,True,extract
234247,True,extract
234248,True,extract
236057,True,extract
241123,True,extract
258134,True,extract
258143,True,extract
263393,True,extract
266462,True,extract
274601,True,extract
285239,True,extract
287907,True,extract
410800,True,extract
441703,True,extract
275647,True,extract
293031,True,extract
428908,True,extract
529926,True,extract
541953,True,extract
582713,True,extract
603108,True,extract
673499,True,extract
696638,True,extract
707086,True,extract
707092,True,extract
707093,True,extract
725653,True,extract
755462,True,extract
757176,True,extract
760308,True,extract
760318,True,extract
760320,True,extract
790840,True,extract
798965,True,extract
799914,True,extract
821260,True,extract
826073,True,extract
870377,True,extract
870386,True,extract
873210,True,extract
908490,True,extract
911381,True,extract
911393,True,extract
826071,True,extract
870378,True,extract
870379,True,extract
870381,True,extract
870388,True,extract
870902,True,extract
871835,True,extract
871838,True,extract
873213,True,extract
873915,True,extract
873917,True,extract
908184,True,extract
908492,True,extract
910727,True,extract
910728,True,extract
910729,True,extract
910730,True,extract
911384,True,extract
911385,True,extract
911386,True,extract
911388,True,extract
911394,True,extract
911395,True,extract
911396,True,extract
911397,True,extract
236348,True,extract
238051,True,extract
238056,True,extract
244056,True,extract
244057,True,extract
388530,True,extract
388540,True,extract
697432,True,extract
702099,True,extract
709525,True,extract
709531,True,extract
709538,True,extract
709541,True,extract
709546,True,extract
756457,True,extract
760335,True,extract
798232,True,extract
821249,True,extract
896410,True,extract
896420,True,extract
897514,True,extract
898668,True,extract
899773,True,extract
901167,True,extract
240383,True,extract
241616,True,extract
241617,True,extract
241619,True,extract
241621,True,extract
244793,True,extract
244794,True,extract
259796,True,extract
262110,True,extract
262112,True,extract
277771,True,extract
277774,True,extract
284629,True,extract
287610,True,extract
287616,True,extract
287622,True,extract
313908,True,extract
405823,True,extract
405826,True,extract
451522,True,extract
529501,True,extract
530280,True,extract
530283,True,extract
540377,True,extract
540380,True,extract
540383,True,extract
557359,True,extract
585764,True,extract
613152,True,extract
682613,True,extract
697755,True,extract
702198,True,extract
706156,True,extract
723662,True,extract
723672,True,extract
728438,True,extract
903129,True,extract
906398,True,extract
240384,True,extract
241622,True,extract
241623,True,extract
241625,True,extract
244799,True,extract
244800,True,extract
244803,True,extract
262121,True,extract
267069,True,extract
277777,True,extract
287628,True,extract
287634,True,extract
287637,True,extract
392224,True,extract
405832,True,extract
416444,True,extract
416449,True,extract
513101,True,extract
529503,True,extract
530292,True,extract
540396,True,extract
557370,True,extract
580043,True,extract
608656,True,extract
682614,True,extract
697760,True,extract
702197,True,extract
723665,True,extract
723679,True,extract
903131,True,extract
243208,True,extract
244860,True,extract
244863,True,extract
259803,True,extract
262153,True,extract
262154,True,extract
262155,True,extract
433680,True,extract
610885,True,extract
610894,True,extract
683104,True,extract
683112,True,extract
694820,True,extract
694825,True,extract
764149,True,extract
767184,True,extract
768460,True,extract
796319,True,extract
801270,True,extract
818054,True,extract
856108,True,extract
856118,True,extract
864283,True,extract
900968,True,extract
396610,True,extract
396611,True,extract
398938,True,extract
398940,True,extract
398942,True,extract
410313,True,extract
410314,True,extract
410315,True,extract
410316,True,extract
410317,True,extract
410318,True,extract
410319,True,extract
410320,True,extract
410321,True,extract
410323,True,extract
410324,True,extract
412626,True,extract
412628,True,extract
436268,True,extract
436270,True,extract
436271,True,extract
436272,True,extract
436273,True,extract
436274,True,extract
436276,True,extract
436278,True,extract
436279,True,extract
438171,True,extract
438173,True,extract
449960,True,extract
449961,True,extract
449962,True,extract
449963,True,extract
449964,True,extract
449965,True,extract
449966,True,extract
449967,True,extract
449968,True,extract
449969,True,extract
449970,True,extract
449971,True,extract
452369,True,extract
452373,True,extract
254675,True,extract
254679,True,extract
263768,True,extract
263769,True,extract
271044,True,extract
286854,True,extract
254684,True,extract
254686,True,extract
254693,True,extract
271062,True,extract
271067,True,extract
271082,True,extract
271092,True,extract
271097,True,extract
284986,True,extract
286860,True,extract
286866,True,extract
1009710,True,extract
1033078,True,extract
1064394,True,extract
1064404,True,extract
1065475,True,extract
1130386,True,extract
1131849,True,extract
1132233,True,extract
1132357,True,extract
1132360,True,extract
256156,True,extract
256163,True,extract
303948,True,extract
345779,True,extract
429208,True,extract
512465,True,extract
522512,True,extract
542932,True,extract
579905,True,extract
585196,True,extract
615808,True,extract
706553,True,extract
765124,True,extract
766037,True,extract
867918,True,extract
1035705,True,extract
1165941,True,extract
1169180,True,extract
1170431,True,extract
1171247,True,extract
256305,True,extract
256310,True,extract
256311,True,extract
256312,True,extract
256315,True,extract
256316,True,extract
259580,True,extract
261206,True,extract
261213,True,extract
277637,True,extract
277648,True,extract
281668,True,extract
281671,True,extract
307038,True,extract
345075,True,extract
345078,True,extract
345083,True,extract
411099,True,extract
512898,True,extract
556505,True,extract
587827,True,extract
613994,True,extract
676417,True,extract
676423,True,extract
695293,True,extract
706761,True,extract
706765,True,extract
706769,True,extract
723584,True,extract
723590,True,extract
728404,True,extract
755672,True,extract
756596,True,extract
795050,True,extract
818256,True,extract
818257,True,extract
822076,True,extract
822080,True,extract
861458,True,extract
988470,True,extract
1033849,True,extract
1033850,True,extract
1056833,True,extract
1056844,True,extract
1058217,True,extract
1059366,True,extract
1081619,True,extract
1081629,True,extract
1084820,True,extract
1104288,True,extract
1105046,True,extract
1105698,True,extract
1126309,True,extract
1126313,True,extract
1126484,True,extract
1165947,True,extract
1166274,True,extract
1167655,True,extract
1168022,True,extract
1169185,True,extract
1169756,True,extract
1170437,True,extract
1170956,True,extract
1170958,True,extract
1171253,True,extract
1171756,True,extract
1172075,True,extract
1172539,True,extract
1172544,True,extract
1172546,True,extract
256318,True,extract
266649,True,extract
307050,True,extract
523782,True,extract
556518,True,extract
581621,True,extract
587835,True,extract
587838,True,extract
614006,True,extract
695304,True,extract
706779,True,extract
795054,True,extract
818262,True,extract
822077,True,extract
857508,True,extract
902140,True,extract
935768,True,extract
965185,True,extract
967052,True,extract
967092,True,extract
987711,True,extract
989173,True,extract
256818,True,extract
256839,True,extract
256847,True,extract
256858,True,extract
256860,True,extract
268867,True,extract
268884,True,extract
275964,True,extract
347140,True,extract
412277,True,extract
442992,True,extract
443813,True,extract
542480,True,extract
542481,True,extract
542482,True,extract
560039,True,extract
560049,True,extract
560057,True,extract
607285,True,extract
607288,True,extract
685159,True,extract
824135,True,extract
824951,True,extract
829118,True,extract
829627,True,extract
907331,True,extract
907341,True,extract
943764,True,extract
945940,True,extract
947567,True,extract
253887,True,extract
256883,True,extract
260231,True,extract
263921,True,extract
263931,True,extract
268908,True,extract
275971,True,extract
279991,True,extract
283244,True,extract
346357,True,extract
412295,True,extract
429311,True,extract
442995,True,extract
542463,True,extract
542464,True,extract
542469,True,extract
542470,True,extract
560058,True,extract
560060,True,extract
560062,True,extract
607294,True,extract
607297,True,extract
607298,True,extract
829089,True,extract
907346,True,extract
909774,True,extract
943769,True,extract
944722,True,extract
945945,True,extract
947563,True,extract
947571,True,extract
704409,True,extract
704412,True,extract
723360,True,extract
723370,True,extract
727347,True,extract
729180,True,extract
755943,True,extract
755952,True,extract
758901,True,extract
762121,True,extract
762125,True,extract
762131,True,extract
762132,True,extract
762135,True,extract
261739,True,extract
261740,True,extract
261747,True,extract
269635,True,extract
276063,True,extract
276067,True,extract
281386,True,extract
304203,True,extract
304208,True,extract
307001,True,extract
399124,True,extract
422294,True,extract
422303,True,extract
427829,True,extract
452631,True,extract
452635,True,extract
1082254,True,extract
1082255,True,extract
1103072,True,extract
1103073,True,extract
1104452,True,extract
1105189,True,extract
1198457,True,extract
1198458,True,extract
583648,True,extract
583650,True,extract
583651,True,extract
583652,True,extract
583653,True,extract
583654,True,extract
583655,True,extract
583657,True,extract
583659,True,extract
676097,True,extract
676099,True,extract
676103,True,extract
725573,True,extract
725584,True,extract
729815,True,extract
759727,True,extract
759736,True,extract
759737,True,extract
791089,True,extract
791090,True,extract
793538,True,extract
795566,True,extract
795568,True,extract
800715,True,extract
800716,True,extract
800719,True,extract
820264,True,extract
820265,True,extract
822690,True,extract
822691,True,extract
1061961,True,extract
1085521,True,extract
1085534,True,extract
1086580,True,extract
1087627,True,extract
1108478,True,extract
1109775,True,extract
1110824,True,extract
260210,True,extract
263837,True,extract
263839,True,extract
263840,True,extract
263841,True,extract
263842,True,extract
270659,True,extract
270660,True,extract
270661,True,extract
270662,True,extract
270666,True,extract
303483,True,extract
437337,True,extract
437339,True,extract
437343,True,extract
529570,True,extract
613178,True,extract
694609,True,extract
694615,True,extract
710282,True,extract
710283,True,extract
725004,True,extract
729009,True,extract
754917,True,extract
759283,True,extract
763417,True,extract
792157,True,extract
795281,True,extract
860159,True,extract
905909,True,extract
266392,True,extract
267703,True,extract
267704,True,extract
267713,True,extract
277691,True,extract
277693,True,extract
277697,True,extract
280905,True,extract
280915,True,extract
313852,True,extract
313859,True,extract
345811,True,extract
345819,True,extract
345821,True,extract
450418,True,extract
278601,True,extract
278602,True,extract
278605,True,extract
280055,True,extract
280057,True,extract
285150,True,extract
287551,True,extract
287559,True,extract
407289,True,extract
407296,True,extract
407297,True,extract
408091,True,extract
267015,True,extract
270694,True,extract
270695,True,extract
270702,True,extract
270703,True,extract
270704,True,extract
274508,True,extract
275729,True,extract
275731,True,extract
279855,True,extract
279859,True,extract
303472,True,extract
303476,True,extract
303477,True,extract
303479,True,extract
310096,True,extract
345654,True,extract
345665,True,extract
421538,True,extract
442343,True,extract
442347,True,extract
536669,True,extract
538502,True,extract
538503,True,extract
556077,True,extract
556082,True,extract
556085,True,extract
556087,True,extract
588660,True,extract
588664,True,extract
588667,True,extract
607363,True,extract
607366,True,extract
607372,True,extract
607374,True,extract
613886,True,extract
675734,True,extract
675738,True,extract
675743,True,extract
694592,True,extract
694602,True,extract
707122,True,extract
724877,True,extract
724891,True,extract
757989,True,extract
762976,True,extract
789043,True,extract
896691,True,extract
274753,True,extract
274755,True,extract
274757,True,extract
276740,True,extract
276741,True,extract
276744,True,extract
276746,True,extract
276748,True,extract
286157,True,extract
286158,True,extract
344129,True,extract
344130,True,extract
344134,True,extract
396779,True,extract
396780,True,extract
437782,True,extract
450154,True,extract
450159,True,extract
450160,True,extract
452417,True,extract
521341,True,extract
521342,True,extract
531442,True,extract
531446,True,extract
531447,True,extract
531448,True,extract
726502,True,extract
726503,True,extract
971767,True,extract
286170,True,extract
344146,True,extract
344147,True,extract
344152,True,extract
346602,True,extract
396783,True,extract
396786,True,extract
396788,True,extract
396792,True,extract
437783,True,extract
521354,True,extract
531463,True,extract
558212,True,extract
608453,True,extract
616405,True,extract
616407,True,extract
677157,True,extract
696428,True,extract
696438,True,extract
726510,True,extract
730349,True,extract
733544,True,extract
792589,True,extract
795477,True,extract
796028,True,extract
800636,True,extract
903081,True,extract
905283,True,extract
947747,True,extract
970918,True,extract
971774,True,extract
973678,True,extract
275123,True,extract
278270,True,extract
278271,True,extract
278274,True,extract
278275,True,extract
278276,True,extract
278277,True,extract
278279,True,extract
278280,True,extract
278281,True,extract
282404,True,extract
282408,True,extract
282414,True,extract
286252,True,extract
286254,True,extract
286257,True,extract
313421,True,extract
313422,True,extract
313423,True,extract
313424,True,extract
313425,True,extract
314858,True,extract
397724,True,extract
397725,True,extract
397732,True,extract
521980,True,extract
521981,True,extract
578832,True,extract
580648,True,extract
580649,True,extract
580653,True,extract
580654,True,extract
580657,True,extract
580658,True,extract
580659,True,extract
586815,True,extract
591209,True,extract
591211,True,extract
591212,True,extract
591213,True,extract
591214,True,extract
603485,True,extract
603486,True,extract
603487,True,extract
700982,True,extract
700986,True,extract
724762,True,extract
728907,True,extract
732684,True,extract
795185,True,extract
1014116,True,extract
1015198,True,extract
1131718,True,extract
278287,True,extract
278288,True,extract
286267,True,extract
286272,True,extract
313433,True,extract
313442,True,extract
397740,True,extract
397741,True,extract
399207,True,extract
522000,True,extract
524288,True,extract
538317,True,extract
538326,True,extract
556012,True,extract
556019,True,extract
580666,True,extract
591221,True,extract
591223,True,extract
693835,True,extract
700983,True,extract
724768,True,extract
791872,True,extract
791900,True,extract
824222,True,extract
829726,True,extract
830568,True,extract
865936,True,extract
902922,True,extract
936944,True,extract
942400,True,extract
993669,True,extract
275131,True,extract
278328,True,extract
281786,True,extract
281787,True,extract
305090,True,extract
312464,True,extract
312466,True,extract
343835,True,extract
397155,True,extract
416319,True,extract
416323,True,extract
416324,True,extract
427945,True,extract
442889,True,extract
443789,True,extract
557831,True,extract
578966,True,extract
607303,True,extract
607309,True,extract
607310,True,extract
696706,True,extract
696708,True,extract
701874,True,extract
707665,True,extract
707675,True,extract
723394,True,extract
791971,True,extract
791987,True,extract
868761,True,extract
868775,True,extract
871049,True,extract
871980,True,extract
872577,True,extract
896443,True,extract
896453,True,extract
897526,True,extract
898677,True,extract
898679,True,extract
899786,True,extract
901176,True,extract
901180,True,extract
279997,True,extract
283259,True,extract
283264,True,extract
302212,True,extract
388506,True,extract
416309,True,extract
709557,True,extract
709563,True,extract
709568,True,extract
725671,True,extract
725682,True,extract
756467,True,extract
760365,True,extract
870582,True,extract
873429,True,extract
896461,True,extract
898678,True,extract
901178,True,extract
280180,True,extract
284026,True,extract
288488,True,extract
288491,True,extract
304245,True,extract
314153,True,extract
314164,True,extract
315030,True,extract
392522,True,extract
406891,True,extract
406892,True,extract
406897,True,extract
422630,True,extract
437970,True,extract
1010382,True,extract
1035266,True,extract
1036233,True,extract
1109658,True,extract
1126528,True,extract
1129192,True,extract
280198,True,extract
284116,True,extract
289042,True,extract
289045,True,extract
401479,True,extract
415325,True,extract
415326,True,extract
676511,True,extract
676513,True,extract
676515,True,extract
682831,True,extract
694650,True,extract
724722,True,extract
724732,True,extract
729594,True,extract
729596,True,extract
903055,True,extract
903069,True,extract
904425,True,extract
905271,True,extract
905970,True,extract
944299,True,extract
945127,True,extract
988928,True,extract
988930,True,extract
1010386,True,extract
1033054,True,extract
1033056,True,extract
1109659,True,extract
1129235,True,extract
1129238,True,extract
284120,True,extract
284123,True,extract
289035,True,extract
289041,True,extract
401487,True,extract
415346,True,extract
415347,True,extract
447063,True,extract
676514,True,extract
676519,True,extract
682820,True,extract
682834,True,extract
694656,True,extract
724727,True,extract
724737,True,extract
724738,True,extract
903060,True,extract
903070,True,extract
944309,True,extract
945128,True,extract
988360,True,extract
991200,True,extract
280204,True,extract
284135,True,extract
284139,True,extract
284140,True,extract
284143,True,extract
284144,True,extract
284145,True,extract
284146,True,extract
280320,True,extract
280322,True,extract
313762,True,extract
421572,True,extract
443729,True,extract
511156,True,extract
542080,True,extract
591982,True,extract
1041960,True,extract
284801,True,extract
286090,True,extract
286091,True,extract
286093,True,extract
286094,True,extract
286096,True,extract
387195,True,extract
387196,True,extract
403067,True,extract
403068,True,extract
417345,True,extract
417349,True,extract
417350,True,extract
431832,True,extract
431836,True,extract
511835,True,extract
514649,True,extract
608130,True,extract
608132,True,extract
608135,True,extract
614914,True,extract
704800,True,extract
704808,True,extract
723918,True,extract
723924,True,extract
757705,True,extract
762337,True,extract
795770,True,extract
898177,True,extract
899105,True,extract
900104,True,extract
936342,True,extract
942263,True,extract
996357,True,extract
309411,True,extract
309413,True,extract
309414,True,extract
310553,True,extract
391767,True,extract
391778,False,extract
391783,True,extract
421056,True,extract
436912,True,extract
518415,True,extract
527769,True,extract
539152,True,extract
556495,True,extract
592594,True,extract
612246,True,extract
676774,True,extract
702033,True,extract
707071,True,extract
707072,True,extract
724689,True,extract
724690,True,extract
724700,True,extract
763109,True,extract
794950,True,extract
800382,True,extract
859626,True,extract
911492,True,extract
911493,True,extract
309447,True,extract
309454,True,extract
310562,True,extract
391944,True,extract
391947,True,extract
420605,True,extract
555680,True,extract
601782,True,extract
606586,True,extract
606611,True,extract
613372,True,extract
674814,True,extract
684435,True,extract
696899,True,extract
706074,True,extract
764261,True,extract
764627,True,extract
767231,True,extract
788788,True,extract
901786,True,extract
901796,True,extract
903852,True,extract
904794,True,extract
906132,True,extract
592798,True,extract
608155,True,extract
615056,True,extract
615057,True,extract
615058,True,extract
582908,True,extract
582909,True,extract
582912,True,extract
587202,True,extract
592800,True,extract
592801,True,extract
592802,True,extract
592804,True,extract
592805,True,extract
592807,True,extract
592808,True,extract
592809,True,extract
592810,True,extract
602139,True,extract
608166,True,extract
608167,True,extract
608168,True,extract
608170,True,extract
608171,True,extract
608172,True,extract
608173,True,extract
608175,True,extract
608176,True,extract
609912,True,extract
615064,True,extract
615065,True,extract
615066,True,extract
615068,True,extract
615069,True,extract
615071,True,extract
615073,True,extract
314238,True,extract
315047,True,extract
406304,True,extract
536861,True,extract
556678,True,extract
584935,True,extract
604182,True,extract
604186,True,extract
344665,True,extract
344668,True,extract
346731,True,extract
397878,True,extract
397880,True,extract
411551,True,extract
427801,True,extract
427803,True,extract
429516,True,extract
521228,True,extract
521231,True,extract
527997,True,extract
528002,True,extract
554805,True,extract
559995,True,extract
579682,True,extract
584292,True,extract
584293,True,extract
584298,True,extract
588138,True,extract
588139,True,extract
588140,True,extract
588141,True,extract
588142,True,extract
601898,True,extract
607158,True,extract
607160,True,extract
607168,True,extract
611501,True,extract
611504,True,extract
675030,True,extract
675037,True,extract
681849,True,extract
692938,True,extract
700706,True,extract
708620,True,extract
708622,True,extract
708633,True,extract
708636,True,extract
728048,True,extract
763754,True,extract
763760,True,extract
767020,True,extract
790112,True,extract
798670,True,extract
799625,True,extract
910225,True,extract
910226,True,extract
911146,True,extract
911153,True,extract
517944,True,extract
517948,True,extract
517951,True,extract
519207,True,extract
519208,True,extract
519217,True,extract
1091857,True,extract
1111272,True,extract
1112415,True,extract
1113258,True,extract
1113259,True,extract
1113264,True,extract
1130328,True,extract
1131001,True,extract
1131002,True,extract
1131765,True,extract
1131768,True,extract
1091864,True,extract
1112424,True,extract
1113260,True,extract
1113262,True,extract
1113263,True,extract
1113271,True,extract
1130332,True,extract
1131776,True,extract
417382,True,extract
555932,True,extract
555941,True,extract
579343,True,extract
582813,True,extract
611665,True,extract
1126602,True,extract
1128226,True,extract
1129397,True,extract
1129398,True,extract
1129409,True,extract
1087347,True,extract
1126605,True,extract
387109,True,extract
519732,True,extract
529890,True,extract
541557,True,extract
585856,True,extract
591509,True,extract
591514,True,extract
600803,True,extract
701291,True,extract
707499,True,extract
707501,True,extract
756609,True,extract
757327,True,extract
799506,True,extract
862492,True,extract
866015,True,extract
962816,True,extract
1109146,True,extract
1109155,True,extract
1111147,True,extract
1111161,True,extract
1111749,True,extract
1111751,True,extract
1111753,True,extract
1112282,True,extract
1112283,True,extract
1112284,True,extract
1112285,True,extract
1112286,True,extract
1112287,True,extract
1126291,True,extract
1126922,True,extract
1126926,True,extract
1127747,True,extract
1127749,True,extract
1128629,True,extract
1128639,True,extract
1128640,True,extract
1128641,True,extract
1128642,True,extract
1009791,True,extract
1013300,True,extract
1013310,True,extract
1013315,True,extract
1015531,True,extract
1035463,True,extract
1038273,True,extract
1039956,True,extract
1063489,True,extract
1065113,True,extract
1066947,True,extract
1082443,True,extract
1109173,True,extract
1111159,True,extract
1111171,True,extract
1127758,True,extract
1128637,True,extract
1128650,True,extract
407619,True,extract
415502,True,extract
415504,True,extract
415506,True,extract
436187,True,extract
436191,True,extract
529315,True,extract
529319,True,extract
537187,True,extract
558354,True,extract
602003,True,extract
674833,True,extract
674838,True,extract
722377,True,extract
727105,True,extract
758408,True,extract
762190,True,extract
762201,True,extract
821504,True,extract
861799,True,extract
936214,True,extract
938984,True,extract
988263,True,extract
991408,True,extract
991423,True,extract
993415,True,extract
1113667,True,extract
1133863,True,extract
388142,True,extract
388143,True,extract
388144,True,extract
388150,True,extract
441936,True,extract
441939,True,extract
443555,True,extract
608035,True,extract
608036,True,extract
608038,True,extract
608039,True,extract
608040,True,extract
608041,True,extract
608042,True,extract
609981,True,extract
615305,True,extract
615307,True,extract
615309,True,extract
615310,True,extract
615311,True,extract
682361,True,extract
682363,True,extract
682365,True,extract
693776,True,extract
693778,True,extract
693782,True,extract
693788,True,extract
700970,True,extract
860409,True,extract
860412,True,extract
860413,True,extract
860422,True,extract
863501,True,extract
864142,True,extract
864146,True,extract
867209,True,extract
903509,True,extract
903512,True,extract
1063302,True,extract
405792,True,extract
405794,True,extract
405795,True,extract
405796,True,extract
405797,True,extract
405802,True,extract
437029,True,extract
446569,True,extract
446573,True,extract
530166,True,extract
590022,True,extract
614838,True,extract
694150,True,extract
701086,True,extract
707592,True,extract
707595,True,extract
707597,True,extract
722610,True,extract
758117,True,extract
763264,True,extract
763273,True,extract
788898,True,extract
793028,True,extract
799137,True,extract
824156,True,extract
824961,True,extract
873225,True,extract
873930,True,extract
390988,True,extract
390989,True,extract
390990,True,extract
390994,True,extract
393301,True,extract
436368,True,extract
436375,True,extract
436378,True,extract
450345,True,extract
450346,True,extract
450348,True,extract
450349,True,extract
512119,True,extract
515266,True,extract
1065896,True,extract
1066925,True,extract
1086243,True,extract
1086252,True,extract
1086882,True,extract
1087352,True,extract
1088072,True,extract
1107799,True,extract
1107806,True,extract
1107807,True,extract
1108938,True,extract
1109574,True,extract
1065897,True,extract
1066933,True,extract
1086246,True,extract
1086254,True,extract
1087353,True,extract
1107793,True,extract
1107805,True,extract
1108942,True,extract
1109575,True,extract
1110433,True,extract
1103730,True,extract
1103738,True,extract
1104749,True,extract
1128852,True,extract
1128861,True,extract
437320,True,extract
437321,True,extract
514143,True,extract
522710,True,extract
522711,True,extract
522712,True,extract
704455,True,extract
725930,True,extract
725933,True,extract
901237,True,extract
938093,True,extract
1089627,True,extract
1090356,True,extract
1091172,True,extract
1104750,True,extract
1105418,True,extract
1106439,True,extract
1127893,True,extract
1128853,True,extract
1128865,True,extract
1128866,True,extract
1040317,True,extract
1090433,True,extract
1109472,True,extract
392821,True,extract
392823,True,extract
393701,True,extract
445460,True,extract
512662,True,extract
524381,True,extract
530490,True,extract
556304,True,extract
592027,True,extract
607570,True,extract
607572,True,extract
615625,True,extract
676900,True,extract
695996,True,extract
701654,True,extract
710740,True,extract
710746,True,extract
710747,True,extract
710750,True,extract
764878,True,extract
765351,True,extract
796310,True,extract
817120,True,extract
823330,True,extract
823952,True,extract
826993,True,extract
828677,True,extract
932095,True,extract
933168,True,extract
934409,True,extract
968073,True,extract
968074,True,extract
968075,True,extract
995636,True,extract
995637,True,extract
996815,True,extract
1039860,True,extract
1040318,True,extract
1089334,True,extract
1089704,True,extract
1090434,True,extract
1107469,True,extract
1108812,True,extract
392834,True,extract
392840,True,extract
392844,True,extract
393702,True,extract
512668,True,extract
516402,True,extract
524384,True,extract
530494,True,extract
553930,True,extract
587010,True,extract
592033,True,extract
592039,True,extract
676906,True,extract
695988,True,extract
695998,True,extract
701655,True,extract
710752,True,extract
710753,True,extract
710755,True,extract
765353,True,extract
765389,True,extract
768628,True,extract
796307,True,extract
796312,True,extract
796896,True,extract
817484,True,extract
870726,True,extract
906919,True,extract
968085,True,extract
996369,True,extract
396744,True,extract
396755,True,extract
398978,True,extract
411844,True,extract
428259,True,extract
428264,True,extract
451468,True,extract
511373,True,extract
513632,True,extract
540468,True,extract
554259,True,extract
603290,True,extract
603292,True,extract
1014981,True,extract
1017025,True,extract
1017036,True,extract
1020225,True,extract
1039554,True,extract
1041270,True,extract
1041279,True,extract
1042092,True,extract
1062873,True,extract
1062883,True,extract
1111241,True,extract
1112371,True,extract
1113163,True,extract
1113168,True,extract
1113182,True,extract
1133470,True,extract
1134020,True,extract
1134533,True,extract
1135287,True,extract
1135288,True,extract
1135296,True,extract
1135299,True,extract
398339,True,extract
421661,True,extract
422722,True,extract
429227,True,extract
696626,True,extract
696628,True,extract
708900,True,extract
724452,True,extract
728774,True,extract
732523,True,extract
791798,True,extract
791810,True,extract
822921,True,extract
827909,True,extract
868791,True,extract
871050,True,extract
969902,True,extract
971177,True,extract
1017028,True,extract
1064845,True,extract
1134536,True,extract
1135289,True,extract
1135295,True,extract
696632,True,extract
708894,True,extract
708905,True,extract
754795,True,extract
758078,True,extract
800487,True,extract
830249,True,extract
868790,True,extract
1034558,True,extract
1057844,True,extract
1057853,True,extract
1059094,True,extract
1111610,True,extract
415384,True,extract
415386,True,extract
415388,True,extract
415396,True,extract
415398,True,extract
415403,True,extract
415405,True,extract
415409,True,extract
417657,True,extract
452274,True,extract
452275,True,extract
452276,True,extract
452277,True,extract
452284,True,extract
452901,True,extract
676916,True,extract
676918,True,extract
676920,True,extract
683999,True,extract
684005,True,extract
694454,True,extract
694458,True,extract
701174,True,extract
941470,True,extract
941478,True,extract
996238,True,extract
996717,True,extract
1085105,True,extract
1111501,True,extract
1112016,True,extract
1112820,True,extract
1113743,True,extract
1113754,True,extract
1113757,True,extract
1129971,True,extract
1129981,True,extract
1129982,True,extract
1130245,True,extract
1130937,True,extract
1090695,True,extract
1091834,True,extract
1091837,True,extract
1111561,True,extract
1112077,True,extract
1112908,True,extract
1112911,True,extract
1113883,True,extract
1113893,True,extract
1130310,True,extract
1130440,True,extract
1130453,True,extract
1130566,True,extract
1130985,True,extract
1131737,True,extract
1131742,True,extract
1131744,True,extract
1091838,True,extract
1091839,True,extract
1091840,True,extract
1091841,True,extract
1091842,True,extract
1091843,True,extract
1111565,True,extract
1112078,True,extract
1112082,True,extract
1112917,True,extract
1112921,True,extract
1112923,True,extract
1112925,True,extract
1113888,True,extract
1113891,True,extract
1113892,True,extract
1113898,True,extract
1113899,True,extract
1130314,True,extract
1130315,True,extract
1130422,True,extract
1130425,True,extract
1130429,True,extract
1130432,True,extract
1130546,True,extract
1130550,True,extract
1130982,True,extract
1130984,True,extract
1130986,True,extract
1131745,True,extract
1131747,True,extract
1131749,True,extract
1131750,True,extract
1131751,True,extract
1018701,True,extract
1019528,True,extract
1021046,True,extract
1088009,True,extract
1107763,True,extract
1108933,True,extract
1130462,True,extract
1131962,True,extract
1132575,True,extract
429080,True,extract
429082,True,extract
451191,True,extract
451192,True,extract
517796,True,extract
519411,True,extract
519413,True,extract
523670,True,extract
546499,True,extract
560766,True,extract
675834,True,extract
675840,True,extract
608691,True,extract
938340,True,extract
939404,True,extract
941407,True,extract
969454,True,extract
970878,True,extract
971738,True,extract
972469,True,extract
972473,True,extract
973624,True,extract
431975,True,extract
431977,True,extract
431986,True,extract
431992,True,extract
511126,True,extract
511135,True,extract
529348,True,extract
529986,True,extract
560672,True,extract
938342,True,extract
938345,True,extract
941411,True,extract
941413,True,extract
971739,True,extract
973630,True,extract
1034933,True,extract
1065395,True,extract
1082033,True,extract
1127879,True,extract
1128828,True,extract
1128842,True,extract
443623,True,extract
445861,True,extract
519784,True,extract
538532,True,extract
538541,True,extract
611701,True,extract
760639,True,extract
1019589,True,extract
1021140,True,extract
1034936,True,extract
1036068,True,extract
1038071,True,extract
1064175,True,extract
1065398,True,extract
1110446,True,extract
1126987,True,extract
1127884,True,extract
1128847,True,extract
433578,True,extract
434294,True,extract
442235,True,extract
519797,True,extract
528336,True,extract
586172,True,extract
586174,True,extract
603586,True,extract
603593,True,extract
674883,True,extract
705027,True,extract
760643,True,extract
938832,True,extract
1064369,True,extract
1064378,True,extract
1065465,True,extract
1090645,True,extract
1107975,True,extract
1204108,True,extract
441112,True,extract
441120,True,extract
443361,True,extract
515461,True,extract
515466,True,extract
520596,True,extract
520602,True,extract
520603,True,extract
523951,True,extract
558762,True,extract
580593,True,extract
586561,True,extract
590162,True,extract
602705,True,extract
602708,True,extract
675521,True,extract
683407,True,extract
701360,True,extract
724272,True,extract
724282,True,extract
823834,True,extract
825679,True,extract
825715,True,extract
828475,True,extract
828476,True,extract
828480,True,extract
944847,True,extract
1088822,True,extract
1090648,True,extract
1203727,True,extract
441124,True,extract
443364,True,extract
512221,True,extract
515474,True,extract
515475,True,extract
515479,True,extract
515481,True,extract
520610,True,extract
520612,True,extract
539035,True,extract
539036,True,extract
539037,True,extract
539045,True,extract
539046,True,extract
558772,True,extract
558774,True,extract
580600,True,extract
580605,True,extract
580609,True,extract
590178,True,extract
590179,True,extract
590182,True,extract
590197,True,extract
602714,True,extract
602715,True,extract
602716,True,extract
602717,True,extract
602718,True,extract
675530,True,extract
683400,True,extract
683410,True,extract
695018,True,extract
695023,True,extract
701361,True,extract
724277,True,extract
724287,True,extract
825682,True,extract
1041792,True,extract
1081054,True,extract
1084066,True,extract
1107902,True,extract
1108981,True,extract
1133879,True,extract
1135163,True,extract
1136206,True,extract
445484,True,extract
553935,True,extract
583455,True,extract
587728,True,extract
587729,True,extract
710623,True,extract
725206,True,extract
729738,True,extract
755114,True,extract
756982,True,extract
759536,True,extract
903749,True,extract
445497,True,extract
447840,True,extract
511816,True,extract
511817,True,extract
511825,True,extract
514634,True,extract
514638,True,extract
514639,True,extract
519779,True,extract
519781,True,extract
519782,True,extract
539517,True,extract
556330,True,extract
556335,True,extract
556337,True,extract
587734,True,extract
587735,True,extract
610835,True,extract
676935,True,extract
676950,True,extract
710626,True,extract
725197,True,extract
725209,True,extract
753271,True,extract
756983,True,extract
759537,True,extract
827519,True,extract
527711,True,extract
527712,True,extract
527713,True,extract
527715,True,extract
591755,True,extract
591758,True,extract
591759,True,extract
591760,True,extract
591761,True,extract
591763,True,extract
591766,True,extract
601850,True,extract
601852,True,extract
601854,True,extract
606926,True,extract
606928,True,extract
606931,True,extract
606932,True,extract
606933,True,extract
606934,True,extract
606935,True,extract
606936,True,extract
606937,True,extract
609733,True,extract
609737,True,extract
614330,True,extract
614331,True,extract
614333,True,extract
614334,True,extract
614335,True,extract
614336,True,extract
614337,True,extract
614338,True,extract
614339,True,extract
614340,True,extract
614341,True,extract
452150,True,extract
452151,True,extract
452152,True,extract
452872,True,extract
452874,True,extract
452876,True,extract
511256,True,extract
511257,True,extract
511260,True,extract
511261,True,extract
511263,True,extract
513395,True,extract
513396,True,extract
513397,True,extract
513398,True,extract
513399,True,extract
513400,True,extract
513401,True,extract
513402,True,extract
513403,True,extract
513404,True,extract
513405,True,extract
513406,True,extract
522069,True,extract
522070,True,extract
522071,True,extract
522072,True,extract
522073,True,extract
522074,True,extract
522075,True,extract
522076,True,extract
522077,True,extract
522078,True,extract
522079,True,extract
522080,True,extract
524302,True,extract
524304,True,extract
524306,True,extract
526641,True,extract
526642,True,extract
526644,True,extract
526647,True,extract
526648,True,extract
527716,True,extract
527717,True,extract
527718,True,extract
527719,True,extract
527720,True,extract
527721,True,extract
527722,True,extract
1153166,True,extract
1153438,True,extract
1153445,True,extract
1153471,True,extract
1153485,True,extract
1156490,True,extract
1156530,True,extract
1156638,True,extract
1156676,True,extract
1156714,True,extract
1156839,True,extract
1156990,True,extract
1157029,True,extract
1158245,True,extract
1159930,True,extract
1159979,True,extract
1160014,True,extract
1161496,True,extract
1161555,True,extract
1161576,True,extract
1156590,True,extract
1156623,True,extract
1156625,True,extract
1156774,True,extract
1156901,True,extract
1157039,True,extract
1157063,True,extract
1157073,True,extract
1157093,True,extract
1159803,True,extract
1159814,True,extract
1160048,True,extract
1161616,True,extract
1161671,True,extract
1161677,True,extract
801208,True,extract
817089,True,extract
817090,True,extract
817091,True,extract
817092,True,extract
825314,True,extract
825317,True,extract
829939,True,extract
829940,True,extract
831092,True,extract
831095,True,extract
831104,True,extract
831106,True,extract
831989,True,extract
831999,True,extract
832000,True,extract
868861,True,extract
868862,True,extract
868871,True,extract
871066,True,extract
871999,True,extract
872000,True,extract
872001,True,extract
872002,True,extract
872614,True,extract
872615,True,extract
873458,True,extract
873460,True,extract
873462,True,extract
511504,True,extract
513907,True,extract
542830,True,extract
591823,True,extract
616349,True,extract
616353,True,extract
676498,True,extract
697059,True,extract
701983,True,extract
763873,True,extract
763885,True,extract
767072,True,extract
796255,True,extract
796830,True,extract
817458,True,extract
831997,True,extract
872618,True,extract
873461,True,extract
873463,True,extract
512646,True,extract
516337,True,extract
540866,True,extract
540875,True,extract
559923,True,extract
584851,True,extract
584853,True,extract
709053,True,extract
709066,True,extract
709069,True,extract
791160,True,extract
799994,True,extract
800744,True,extract
517733,True,extract
537687,True,extract
542749,True,extract
542750,True,extract
542757,True,extract
546487,True,extract
608296,True,extract
609900,True,extract
609902,True,extract
615016,True,extract
615021,True,extract
513034,True,extract
517809,True,extract
517820,True,extract
520930,True,extract
520931,True,extract
579746,True,extract
589852,True,extract
589853,True,extract
606233,True,extract
613268,True,extract
613278,True,extract
673903,True,extract
695729,True,extract
701574,True,extract
725510,True,extract
729793,True,extract
764082,True,extract
764095,True,extract
767158,True,extract
768445,True,extract
695734,True,extract
701571,True,extract
725517,True,extract
725519,True,extract
725525,True,extract
725529,True,extract
729800,True,extract
730576,True,extract
732986,True,extract
764090,True,extract
764100,True,extract
764528,True,extract
767163,True,extract
767720,True,extract
768446,True,extract
519188,True,extract
519193,True,extract
523615,True,extract
536586,True,extract
538147,True,extract
538149,True,extract
538152,True,extract
538154,True,extract
538156,True,extract
538158,True,extract
553785,True,extract
555653,True,extract
555661,True,extract
555662,True,extract
579044,True,extract
579048,True,extract
581545,True,extract
1085025,True,extract
1103832,True,extract
1103833,True,extract
1103838,True,extract
1103841,True,extract
1104801,True,extract
1106510,True,extract
1106511,True,extract
1130446,True,extract
1131934,True,extract
1131939,True,extract
1132516,True,extract
1132520,True,extract
1132527,True,extract
1132528,True,extract
1132529,True,extract
520224,True,extract
520232,True,extract
520235,True,extract
537991,True,extract
602597,True,extract
602604,True,extract
602605,True,extract
707339,True,extract
707341,True,extract
707343,True,extract
707345,True,extract
707346,True,extract
707349,True,extract
707354,True,extract
707357,True,extract
520309,True,extract
520316,True,extract
523881,True,extract
602106,True,extract
608014,True,extract
608020,True,extract
791781,True,extract
791791,True,extract
795788,True,extract
800128,True,extract
800131,True,extract
524247,True,extract
542146,True,extract
584315,True,extract
607237,True,extract
723330,True,extract
732017,True,extract
995778,True,extract
995794,True,extract
997649,True,extract
1019246,True,extract
1061798,True,extract
1084607,True,extract
1127471,True,extract
1128287,True,extract
1128288,True,extract
580049,True,extract
588813,True,extract
611726,True,extract
722625,True,extract
823038,True,extract
856484,True,extract
861001,True,extract
864440,True,extract
909463,True,extract
963733,True,extract
995455,True,extract
995465,True,extract
536707,True,extract
536709,True,extract
538663,True,extract
538664,True,extract
557395,True,extract
557396,True,extract
557399,True,extract
557400,True,extract
557405,True,extract
582120,True,extract
589982,True,extract
589990,True,extract
601425,True,extract
605105,True,extract
673853,True,extract
682460,True,extract
694717,True,extract
701263,True,extract
705654,True,extract
705661,True,extract
724897,True,extract
724907,True,extract
728968,True,extract
789713,True,extract
789724,True,extract
793452,True,extract
904052,True,extract
904960,True,extract
906628,True,extract
906629,True,extract
1017419,True,extract
1087252,True,extract
1110915,True,extract
1130161,True,extract
1130299,True,extract
1130303,True,extract
1130304,True,extract
1131728,True,extract
539259,True,extract
675015,True,extract
684571,True,extract
697083,True,extract
725802,True,extract
753935,True,extract
755760,True,extract
760998,True,extract
821039,True,extract
907300,True,extract
909747,True,extract
909851,True,extract
973779,True,extract
1020400,True,extract
1044127,True,extract
1065572,True,extract
1067694,True,extract
1130148,True,extract
1130283,True,extract
1130308,True,extract
1131736,True,extract
725803,True,extract
755762,True,extract
760990,False,extract
820059,True,extract
907293,True,extract
907306,True,extract
909751,True,extract
971011,True,extract
537271,True,extract
540997,True,extract
540999,True,extract
541002,True,extract
555385,True,extract
578719,True,extract
580164,True,extract
580172,True,extract
585946,True,extract
608774,True,extract
610343,True,extract
683262,True,extract
725363,True,extract
725367,True,extract
725368,True,extract
728844,True,extract
730530,True,extract
732921,True,extract
732922,True,extract
537394,True,extract
541516,True,extract
558545,True,extract
583585,True,extract
764859,True,extract
764864,True,extract
764894,True,extract
767347,True,extract
825157,True,extract
830805,True,extract
831164,True,extract
831197,True,extract
541530,True,extract
541531,True,extract
541533,True,extract
541534,True,extract
541536,True,extract
558558,True,extract
558559,True,extract
558560,True,extract
558564,True,extract
558566,True,extract
583593,True,extract
586808,True,extract
591197,True,extract
591206,True,extract
591207,True,extract
600793,True,extract
600795,True,extract
764867,True,extract
764869,True,extract
764875,True,extract
764902,True,extract
764906,True,extract
764908,True,extract
767348,True,extract
767860,True,extract
824428,True,extract
829079,True,extract
831170,True,extract
831172,True,extract
831205,True,extract
824649,True,extract
830114,True,extract
831430,True,extract
832617,True,extract
832631,True,extract
869796,True,extract
869798,True,extract
869805,True,extract
869806,False,extract
869809,True,extract
871254,True,extract
872187,True,extract
872978,True,extract
873740,True,extract
1056668,True,extract
1056679,True,extract
1059241,True,extract
1089039,True,extract
1089050,True,extract
1090032,True,extract
1090709,True,extract
1091873,True,extract
1127128,True,extract
1128165,True,extract
1128167,True,extract
1129305,True,extract
1129316,True,extract
602511,True,extract
602513,True,extract
697015,True,extract
697022,True,extract
764756,True,extract
764780,True,extract
768573,True,extract
824415,True,extract
830801,True,extract
831091,True,extract
869368,True,extract
872803,True,extract
961980,True,extract
961992,True,extract
962345,True,extract
963582,True,extract
537694,True,extract
542782,True,extract
584973,True,extract
614581,True,extract
673519,True,extract
709135,True,extract
709141,True,extract
709148,True,extract
723179,True,extract
723191,True,extract
723192,True,extract
731953,True,extract
1018450,True,extract
1020903,True,extract
559856,True,extract
559859,True,extract
559867,True,extract
592971,True,extract
592972,True,extract
608575,True,extract
801354,True,extract
817527,True,extract
909679,True,extract
910061,True,extract
942293,True,extract
579397,True,extract
583009,True,extract
583010,True,extract
583024,True,extract
583027,True,extract
583031,True,extract
586272,True,extract
601113,True,extract
603838,True,extract
609156,True,extract
611928,True,extract
579617,True,extract
583984,True,extract
583990,True,extract
583995,True,extract
583997,True,extract
591051,True,extract
591055,True,extract
591059,True,extract
591061,True,extract
614872,True,extract
614881,True,extract
682554,True,extract
682560,True,extract
585967,True,extract
587567,True,extract
587568,True,extract
587572,True,extract
587574,True,extract
587575,True,extract
789459,True,extract
789469,True,extract
793332,True,extract
794418,True,extract
794424,True,extract
798322,True,extract
798325,True,extract
799365,True,extract
817716,True,extract
817718,True,extract
817726,True,extract
863884,True,extract
863888,True,extract
866871,True,extract
895493,True,extract
895494,True,extract
900734,True,extract
586182,True,extract
586184,True,extract
588485,True,extract
588486,True,extract
588490,True,extract
588491,True,extract
588495,True,extract
588496,True,extract
588497,True,extract
601935,True,extract
601937,True,extract
607339,True,extract
607348,True,extract
674367,True,extract
674381,True,extract
674383,True,extract
674391,True,extract
764324,True,extract
764333,True,extract
1010240,True,extract
1010831,True,extract
1013024,True,extract
1033107,True,extract
1035422,True,extract
1064607,True,extract
1064613,True,extract
1065543,True,extract
1066258,True,extract
1127068,True,extract
1128043,True,extract
1129073,True,extract
1129081,True,extract
600952,True,extract
603149,True,extract
611045,True,extract
673583,True,extract
673586,True,extract
693376,True,extract
728074,True,extract
818589,True,extract
826012,True,extract
864122,True,extract
867181,True,extract
896477,True,extract
897535,True,extract
901189,True,extract
973740,True,extract
990703,True,extract
1033294,True,extract
1036313,True,extract
1088591,True,extract
608939,True,extract
611015,True,extract
611020,True,extract
673563,True,extract
706242,True,extract
706248,True,extract
706249,True,extract
706256,True,extract
722306,True,extract
722307,True,extract
722314,True,extract
722315,True,extract
727073,True,extract
727946,True,extract
727948,True,extract
731411,True,extract
791637,True,extract
791649,True,extract
791650,True,extract
831046,True,extract
831901,True,extract
831902,True,extract
896523,True,extract
896536,True,extract
942815,True,extract
1009827,True,extract
1035490,True,extract
1042066,True,extract
1064738,True,extract
1090881,True,extract
1108667,True,extract
1111008,True,extract
1112200,True,extract
1133359,True,extract
676015,True,extract
676019,True,extract
676025,True,extract
684217,True,extract
684227,True,extract
692976,True,extract
700720,True,extract
705913,True,extract
753219,True,extract
759413,True,extract
759423,True,extract
788577,True,extract
788588,True,extract
792876,True,extract
799052,True,extract
827753,True,extract
945160,True,extract
964607,True,extract
763662,True,extract
763663,True,extract
763664,True,extract
790688,True,extract
790689,True,extract
790690,True,extract
790691,True,extract
790692,True,extract
790698,True,extract
790699,True,extract
790700,True,extract
790701,True,extract
790702,True,extract
793927,True,extract
793928,True,extract
793930,True,extract
793932,True,extract
794822,True,extract
794824,True,extract
794826,True,extract
798904,True,extract
798905,True,extract
798908,True,extract
798909,True,extract
799853,True,extract
799854,True,extract
799857,True,extract
799858,True,extract
820273,True,extract
820274,True,extract
820275,True,extract
820276,True,extract
820277,True,extract
820283,True,extract
820284,True,extract
820285,True,extract
820286,True,extract
823514,True,extract
823516,True,extract
823518,True,extract
826948,True,extract
826949,True,extract
826952,True,extract
826953,True,extract
827934,True,extract
827935,True,extract
827938,True,extract
827939,True,extract
859019,True,extract
859020,True,extract
684280,True,extract
684282,True,extract
684284,True,extract
684286,True,extract
684288,True,extract
694844,True,extract
694854,True,extract
701307,True,extract
701309,True,extract
706127,True,extract
706135,True,extract
706143,True,extract
725622,True,extract
725626,True,extract
730435,True,extract
730610,True,extract
730614,True,extract
733029,True,extract
733034,True,extract
755009,True,extract
755014,True,extract
758296,True,extract
758844,True,extract
1020322,True,extract
1041451,True,extract
1041977,True,extract
1042031,True,extract
1042213,True,extract
1043101,True,extract
1043114,True,extract
1063844,True,extract
1063854,True,extract
1065254,True,extract
1066012,True,extract
1066016,True,extract
1067164,True,extract
683173,True,extract
683175,True,extract
683177,True,extract
683179,True,extract
683181,True,extract
696537,True,extract
696539,True,extract
696543,True,extract
696545,True,extract
696547,True,extract
696549,True,extract
696552,True,extract
701824,True,extract
701828,True,extract
709730,True,extract
709736,True,extract
709742,True,extract
709743,True,extract
709745,True,extract
754133,True,extract
755971,True,extract
756804,True,extract
756806,True,extract
756808,True,extract
757524,True,extract
757528,True,extract
761484,True,extract
761487,True,extract
761494,True,extract
761495,True,extract
761496,True,extract
824376,True,extract
825112,True,extract
825115,True,extract
825118,True,extract
829045,True,extract
829048,True,extract
829051,True,extract
829053,True,extract
830739,True,extract
830740,True,extract
830746,True,extract
830749,True,extract
830750,True,extract
830751,True,extract
830753,True,extract
830754,True,extract
830785,True,extract
830787,True,extract
830788,True,extract
830790,True,extract
830791,True,extract
858164,True,extract
858165,True,extract
858166,True,extract
858167,True,extract
858168,True,extract
858174,True,extract
858175,True,extract
858176,True,extract
858177,True,extract
858178,True,extract
861756,True,extract
861757,True,extract
861758,True,extract
861759,True,extract
862714,True,extract
862716,True,extract
862718,True,extract
865112,True,extract
865113,True,extract
865116,True,extract
865117,True,extract
866305,True,extract
866306,True,extract
866309,True,extract
866310,True,extract
907372,True,extract
907373,True,extract
907374,True,extract
907375,True,extract
684613,True,extract
684621,True,extract
695623,True,extract
695629,True,extract
724182,True,extract
724185,True,extract
724195,True,extract
724196,True,extract
728647,True,extract
729428,True,extract
757902,True,extract
762763,True,extract
762773,True,extract
762777,True,extract
793845,True,extract
794764,True,extract
799792,True,extract
827081,True,extract
868614,True,extract
868615,True,extract
898439,True,extract
898443,True,extract
900902,True,extract
697799,True,extract
697803,True,extract
697805,True,extract
697811,True,extract
702216,True,extract
707821,True,extract
707825,True,extract
707827,True,extract
707829,True,extract
707830,True,extract
707831,True,extract
707832,True,extract
707836,True,extract
707839,True,extract
707840,True,extract
728116,True,extract
731634,True,extract
756714,True,extract
761184,True,extract
761194,True,extract
761195,True,extract
761196,True,extract
797425,True,extract
797475,True,extract
825341,True,extract
831126,True,extract
832047,True,extract
869346,True,extract
872096,True,extract
907919,True,extract
938277,True,extract
697806,True,extract
702215,True,extract
707824,True,extract
707833,True,extract
707834,True,extract
707835,True,extract
707837,True,extract
707838,True,extract
707844,True,extract
727327,True,extract
728115,True,extract
731637,True,extract
755844,True,extract
757435,True,extract
761189,True,extract
761192,True,extract
761199,True,extract
761200,True,extract
797431,True,extract
797545,True,extract
832050,True,extract
869351,True,extract
869352,True,extract
871630,True,extract
907924,True,extract
907925,True,extract
941191,True,extract
941201,True,extract
941205,True,extract
696910,True,extract
696916,True,extract
696918,True,extract
696920,True,extract
696925,True,extract
701943,True,extract
753502,True,extract
755375,True,extract
760111,True,extract
760121,True,extract
1013737,True,extract
1015667,True,extract
1039497,True,extract
1063361,True,extract
1063369,True,extract
1065066,True,extract
1088800,True,extract
1089932,True,extract
1091724,True,extract
1129721,True,extract
1130139,True,extract
1131499,True,extract
693567,True,extract
693573,True,extract
693582,True,extract
700907,True,extract
707879,True,extract
707895,True,extract
707898,True,extract
724820,True,extract
724827,True,extract
724830,True,extract
732706,True,extract
760750,True,extract
819459,True,extract
819469,True,extract
821621,True,extract
868706,True,extract
940906,True,extract
940908,True,extract
968538,True,extract
969972,True,extract
757846,True,extract
759052,True,extract
762632,True,extract
823633,True,extract
902479,True,extract
906676,True,extract
1041722,True,extract
1042607,True,extract
1044336,True,extract
1044337,True,extract
1085950,True,extract
1086731,True,extract
1131128,True,extract
710087,True,extract
710095,True,extract
710103,True,extract
725845,True,extract
725850,True,extract
730005,True,extract
730711,True,extract
766137,True,extract
766146,True,extract
795233,True,extract
831075,True,extract
831076,True,extract
831959,True,extract
831960,True,extract
872835,True,extract
873632,True,extract
994761,True,extract
996609,True,extract
1086402,True,extract
1086403,True,extract
1086410,True,extract
1086411,True,extract
1086412,True,extract
1086967,True,extract
1087412,True,extract
1087414,True,extract
1087416,True,extract
1088189,True,extract
1088190,True,extract
1088191,True,extract
1103808,True,extract
1103809,True,extract
1103816,True,extract
1103817,True,extract
1103818,True,extract
1104788,True,extract
1105445,True,extract
1105447,True,extract
1105449,True,extract
1106488,True,extract
1106490,True,extract
1106491,True,extract
1106493,True,extract
832188,True,extract
832189,True,extract
832195,True,extract
832196,True,extract
832197,True,extract
832198,True,extract
832199,True,extract
1086972,True,extract
1087417,True,extract
1103815,True,extract
1103821,True,extract
1104792,True,extract
710335,True,extract
710344,True,extract
725956,True,extract
725960,True,extract
730113,True,extract
733305,True,extract
766364,True,extract
766370,True,extract
768860,True,extract
797004,True,extract
824626,True,extract
831213,True,extract
832191,True,extract
832204,True,extract
710767,True,extract
710788,True,extract
825590,True,extract
903426,True,extract
904588,True,extract
905632,True,extract
906862,True,extract
721416,True,extract
726938,True,extract
731282,True,extract
969332,True,extract
969333,True,extract
969335,True,extract
970762,True,extract
970766,True,extract
971671,True,extract
973523,True,extract
1014360,True,extract
1014372,True,extract
1015304,True,extract
1064341,True,extract
1066174,True,extract
1083269,True,extract
1085403,True,extract
1085406,True,extract
1087549,True,extract
936271,True,extract
937761,True,extract
942088,True,extract
942091,True,extract
964907,True,extract
966123,True,extract
1014368,True,extract
1014380,True,extract
1034722,True,extract
1037935,True,extract
1064346,True,extract
1067479,True,extract
1067482,True,extract
1083305,True,extract
1085401,True,extract
1085407,True,extract
1085411,True,extract
1087555,True,extract
936276,True,extract
937765,True,extract
942092,True,extract
942094,True,extract
942097,True,extract
966132,True,extract
938254,True,extract
939286,True,extract
964755,True,extract
967498,True,extract
995362,True,extract
997452,True,extract
938470,True,extract
938497,True,extract
942868,True,extract
942871,True,extract
942874,True,extract
944371,True,extract
944375,True,extract
948388,True,extract
948390,True,extract
948391,True,extract
938514,True,extract
942860,True,extract
942878,True,extract
942880,True,extract
942884,True,extract
942886,True,extract
943297,True,extract
944376,True,extract
945234,True,extract
945238,True,extract
948395,True,extract
1017574,True,extract
1017593,True,extract
1019175,True,extract
1019797,True,extract
1020468,True,extract
994507,True,extract
994517,True,extract
996038,True,extract
996558,True,extract
997067,True,extract
1009850,True,extract
1011332,True,extract
1058664,True,extract
1060175,True,extract
1060810,True,extract
946353,True,extract
946355,True,extract
948081,True,extract
1010191,True,extract
1010802,True,extract
1012905,True,extract
1012908,True,extract
1012909,True,extract
1012915,True,extract
1034754,True,extract
1034757,True,extract
1034758,True,extract
1036721,True,extract
1057050,True,extract
1058860,True,extract
1105081,True,extract
1105083,True,extract
942629,True,extract
942633,True,extract
942642,True,extract
942644,True,extract
942647,True,extract
944196,True,extract
945047,True,extract
946588,True,extract
962138,True,extract
962148,True,extract
962853,True,extract
963384,True,extract
964270,True,extract
988194,True,extract
988806,True,extract
988810,True,extract
989818,True,extract
989821,True,extract
990823,True,extract
990825,True,extract
990827,True,extract
990832,True,extract
1010198,True,extract
1034760,True,extract
1036016,True,extract
1037962,True,extract
1057046,True,extract
1057054,True,extract
1057056,True,extract
1059509,True,extract
1059510,True,extract
1059512,True,extract
1102810,True,extract
1102819,True,extract
1104337,True,extract
1105770,True,extract
942648,True,extract
944203,True,extract
946597,True,extract
962860,True,extract
988198,True,extract
989827,True,extract
990837,True,extract
1009917,True,extract
1010601,True,extract
1011408,True,extract
1012172,True,extract
1012175,True,extract
1012191,True,extract
1018267,True,extract
1018279,True,extract
1018280,True,extract
1018281,True,extract
1018282,True,extract
1018283,True,extract
1018284,True,extract
1019387,True,extract
1019390,True,extract
1019972,True,extract
1020808,True,extract
1020809,True,extract
1034369,True,extract
1034383,True,extract
1036615,True,extract
1036617,True,extract
1103556,True,extract
1103567,True,extract
1103568,True,extract
1103569,True,extract
1105363,True,extract
1105365,True,extract
1034350,True,extract
1034361,True,extract
1036609,True,extract
1036611,True,extract
1037726,True,extract
1064034,True,extract
1064042,True,extract
1064044,True,extract
1065335,True,extract
1066075,True,extract
1066079,True,extract
1088852,True,extract
1088860,True,extract
1089963,True,extract
1090656,True,extract
1103912,True,extract
1103920,True,extract
1104847,True,extract
1126289,True,extract
1128615,True,extract
1128626,True,extract
1086667,True,extract
1090208,True,extract
1090210,True,extract
1090874,True,extract
1090875,True,extract
1090876,True,extract
1081600,True,extract
1081607,True,extract
1081610,True,extract
1083142,True,extract
1083857,True,extract
1083859,True,extract
1083861,True,extract
1084829,True,extract
1084833,True,extract
1189964,True,extract
1192216,True,extract
1192217,True,extract
1192220,True,extract
1192231,True,extract
1192238,True,extract
1192239,True,extract
1192244,True,extract
1192271,True,extract
1192276,True,extract
1192279,True,extract
1192284,True,extract
1192288,True,extract
1148908,True,extract
1148945,True,extract
1148984,True,extract
1149068,True,extract
1149289,True,extract
1151784,True,extract
1152103,True,extract
1152104,True,extract
1152117,True,extract
1152143,True,extract
1152239,True,extract
1152242,True,extract
1152243,True,extract
1152268,True,extract
1152282,True,extract
1152289,True,extract
1155278,True,extract
1155279,True,extract
1155289,True,extract
1155318,True,extract
1155337,True,extract
1155759,True,extract
1155772,True,extract
1157712,True,extract
1157721,True,extract
1160829,True,extract
1160894,True,extract
1189974,True,extract
1189980,True,extract
1190010,True,extract
1190031,True,extract
1190548,True,extract
