image_id,visible_frac,iris_mean,iris_std,hf_std,hf_rel
1013655,0.0,,,,
1013666,0.96917724609375,100.041725,14.712919,3.5645308,0.035630442
1015652,0.336456298828125,89.366714,10.538638,2.110488,0.02361604
1038326,0.664337158203125,72.28205,8.00694,1.9078536,0.026394568
1063964,0.38580322265625,69.37486,3.42084,1.4970412,0.021579016
1063973,0.921783447265625,112.70816,15.875773,2.6469805,0.02348526
1063974,0.83782958984375,136.32458,25.950573,4.174032,0.030618338
1065299,0.975067138671875,59.171295,11.849214,6.341013,0.10716367
1090351,0.829193115234375,65.80446,17.696703,5.17678,0.07866914
1091156,0.96087646484375,116.99695,11.259435,4.651099,0.039754022
161019,0.9112548828125,56.189552,16.036518,5.176312,0.092122324
161025,0.900360107421875,84.86086,20.061607,7.196011,0.08479776
166784,0.952423095703125,120.791084,16.976984,5.765041,0.047727372
167403,0.900909423828125,122.69053,16.991848,7.8412404,0.06391072
179758,0.70361328125,88.00365,16.303942,7.404413,0.084137574
179783,0.959197998046875,89.319115,13.452973,6.4524302,0.072240196
201495,0.834747314453125,85.63455,15.467358,6.5403323,0.076374926
202097,0.863433837890625,84.16909,11.265049,5.379308,0.06391073
202511,0.963165283203125,85.41605,15.102749,6.1705327,0.072240904
203024,0.96844482421875,111.361916,16.173077,4.464179,0.040087126
204059,0.886199951171875,88.73473,18.029081,9.520972,0.10729702
204592,0.93634033203125,78.83035,14.474105,5.2669244,0.06681341
205609,0.95513916015625,111.002205,17.037165,6.734204,0.0606673
207431,0.958221435546875,78.40279,14.22862,6.36829,0.0812253
214777,0.75823974609375,83.40494,13.596574,5.8485227,0.07012202
515399,0.96429443359375,112.195206,14.088712,5.198544,0.046334814
659563,0.958404541015625,33.805668,12.779607,4.6689415,0.1381112
659566,0.742401123046875,7.1745796,5.3844185,2.8695068,0.3999547
666725,0.956756591796875,121.07655,17.22159,7.329371,0.060535014
666970,0.952423095703125,43.915474,12.522719,5.0927196,0.1159664
669542,0.928985595703125,51.552444,19.894247,7.0493746,0.13674182
673946,0.982269287109375,73.98471,20.22339,7.7992387,0.1054169
704749,0.1051025390625,45.180313,1.7753495,1.203169,0.026630381
722165,0.038909912109375,53.51686,2.875234,1.4996538,0.02802208
727010,0.950439453125,61.621307,14.058598,4.818167,0.078189954
761884,0.201416015625,71.05227,8.526384,2.824682,0.039754987
872071,0.937164306640625,91.328865,9.189843,4.626965,0.05066268
909935,0.10870361328125,53.051094,4.3461504,1.0880234,0.020508973
909975,0.66192626953125,79.70355,10.832494,2.2824023,0.028636143
910670,0.9730224609375,63.757717,6.101187,2.6624923,0.04175953
934687,0.943115234375,96.77395,16.502861,5.8422685,0.06037026
934691,0.95770263671875,99.46511,32.542145,6.4654465,0.06500215
934763,0.909759521484375,89.45118,13.38741,7.6574793,0.08560512
935033,0.703582763671875,51.615788,22.260576,9.0949135,0.1762041
935099,0.760650634765625,56.262306,15.020672,8.128673,0.14447813
1192849,0.867340087890625,96.35319,12.9272175,5.2856255,0.054856777
1192850,0.872589111328125,96.5088,16.529596,5.0707846,0.052542202
1192851,0.89422607421875,91.74691,10.74432,3.8985488,0.042492427
1192852,0.87469482421875,85.337,10.119645,3.7222428,0.04361816
1192853,0.878631591796875,86.07499,10.050899,3.3766563,0.03922924
1192854,0.897430419921875,93.20795,12.117501,4.3201637,0.046349738
1192855,0.8935546875,81.40916,8.954493,2.7056828,0.033235606
1192856,0.82513427734375,89.86249,9.8025875,3.3409111,0.03717804
1192857,0.709503173828125,95.30586,13.9217415,6.314487,0.066254966
1192858,0.80718994140625,81.220566,10.531773,4.7431593,0.0583985
1192859,0.84161376953125,89.007324,11.19865,4.2745457,0.04802465
1192860,0.80657958984375,95.10185,13.582845,5.711228,0.060053803
1192861,0.865753173828125,90.889496,10.900756,4.065251,0.0447274
1192862,0.726715087890625,87.51468,11.430756,4.921844,0.056240212
1192863,0.809295654296875,92.93016,11.218605,4.450998,0.04789616
1192864,0.688507080078125,95.04654,13.704113,6.1440744,0.0646428
1192865,0.787567138671875,84.62444,11.077012,4.699339,0.055531695
1192866,0.836669921875,95.145355,12.500712,4.605547,0.04840538
1192867,0.823516845703125,99.71369,13.921927,5.960892,0.059780076
1192868,0.87103271484375,96.83228,12.391359,4.530513,0.046787214
1192869,0.872039794921875,94.7557,11.645927,4.3879914,0.04630847
1192870,0.837799072265625,98.07678,12.909465,5.545019,0.05653753
1192871,0.881378173828125,92.74451,11.947576,4.579767,0.04938047
1192872,0.829254150390625,96.47039,13.068617,5.4797263,0.056802157
1192873,0.84979248046875,94.50524,12.2333355,4.6329975,0.04902371
1192874,0.40155029296875,101.381134,12.398091,5.7053313,0.056276064
1192875,0.844451904296875,97.50479,12.990383,5.592487,0.057356022
1192876,0.824554443359375,103.53658,14.364831,6.0413065,0.058349486
1192877,0.783538818359375,99.6111,13.340826,5.8124866,0.058351796
1192878,0.800537109375,96.329025,12.452179,5.2731338,0.05474086
1192879,0.7291259765625,97.08777,13.548248,5.2069793,0.05363167
1192880,0.69122314453125,95.81682,13.555717,6.0100503,0.062724374
1192881,0.82513427734375,109.17542,14.246027,5.521911,0.050578337
1192882,0.777618408203125,102.083046,15.53318,6.904538,0.06763648
1192883,0.839202880859375,105.75279,13.901279,5.761497,0.054480802
1192884,0.789581298828125,92.2852,13.399619,6.504775,0.07048557
1192885,0.810577392578125,94.58725,12.6259775,5.0100555,0.052967556
1192886,0.778656005859375,93.5505,13.225617,6.042979,0.0645959
1192887,0.66571044921875,96.130516,14.785642,6.49985,0.067614846
1192888,0.900604248046875,98.19593,13.020068,4.307936,0.04387082
1192889,0.865875244140625,96.936455,11.302237,4.9051623,0.050601833
1192890,0.880218505859375,90.05606,9.730235,3.7809746,0.041984677
1192891,0.894683837890625,91.474434,9.501262,3.6310966,0.039695207
1192892,0.869110107421875,89.94125,9.716648,3.6172807,0.04021826
1192893,0.877655029296875,88.406166,9.339535,3.2000747,0.036197416
1192894,0.884918212890625,89.39146,9.711036,3.6614347,0.04095956
1192895,0.88818359375,88.30484,9.162796,2.7620654,0.031278756
1192896,0.82098388671875,90.87045,9.129899,3.4293385,0.037738763
1192897,0.70904541015625,82.97388,10.34318,5.268287,0.06349333
1192898,0.825775146484375,88.15429,10.316383,4.5748925,0.051896427
1192959,0.64349365234375,81.759224,10.42573,4.5883245,0.056119964
1192960,0.59368896484375,82.0165,11.252967,5.349668,0.065226726
1192961,0.7279052734375,102.011154,12.974528,5.5438933,0.054345954
1192962,0.73529052734375,93.486176,12.878072,5.928427,0.06341501
1192966,0.53131103515625,83.49219,15.165988,8.561044,0.102537066
1192967,0.647308349609375,85.156006,14.064423,6.2786565,0.07373122
1192968,0.92144775390625,82.48629,16.903181,4.401646,0.053362153
1192969,0.91162109375,80.24491,9.451927,3.8600626,0.04810352
1192970,0.898651123046875,89.53778,9.983675,3.7093744,0.041428037
1192971,0.87652587890625,85.17941,8.753394,3.3935509,0.039840035
1192973,0.859283447265625,80.75672,8.988558,3.5619795,0.04410753
1192975,0.879852294921875,75.68308,8.083985,3.3647292,0.04445814
1192976,0.77581787109375,85.71922,8.699197,3.3965926,0.03962463
1192977,0.737335205078125,89.81073,11.242181,5.632428,0.06271442
1192978,0.78594970703125,84.02578,9.954722,3.8587015,0.045922827
1192979,0.83587646484375,83.63625,10.009172,3.9421546,0.04713452
1192980,0.869140625,81.39435,9.562641,3.8678427,0.047519796
1192981,0.7532958984375,83.53002,9.283457,3.5010514,0.04191369
1192982,0.65594482421875,84.82954,9.877234,4.5443573,0.05357046
1192984,0.67449951171875,89.19252,11.4497595,5.4117846,0.06067532
1192985,0.70751953125,78.34748,10.00712,4.762214,0.060783245
1192986,0.823638916015625,81.21972,9.3066435,3.9367232,0.048470043
1192987,0.67236328125,85.07934,10.586568,5.0827856,0.059741717
1192988,0.800048828125,81.286354,8.515593,3.666286,0.045103338
1192989,0.645172119140625,83.011116,9.405453,4.761132,0.05735535
1192990,0.799163818359375,88.80006,10.926292,4.830708,0.05439983
1192991,0.859344482421875,78.86679,8.813646,3.266187,0.04141397
1192992,0.747802734375,85.80766,9.094918,4.3297057,0.050458264
1192993,0.796051025390625,83.165535,9.56547,3.872838,0.046567824
1192995,0.762237548828125,77.92677,8.750223,3.95313,0.05072878
1192996,0.71514892578125,86.811424,9.622622,3.9746997,0.045785446
1192997,0.74163818359375,81.6095,9.61873,4.513939,0.05531144
1192998,0.728485107421875,84.285576,10.035963,4.284825,0.050836988
1192999,0.647216796875,76.40645,8.444955,3.8760145,0.05072889
1193000,0.592742919921875,75.60161,8.128724,3.9067206,0.0516751
1193001,0.726165771484375,92.07434,10.88752,5.061349,0.054970242
1193002,0.72784423828125,85.1774,9.541758,4.1072845,0.048220355
1193003,0.768646240234375,89.953545,10.175835,4.3751516,0.0486379
1193004,0.740081787109375,82.429634,9.888731,4.4057975,0.053449195
1193005,0.7843017578125,83.23354,10.895757,4.41885,0.05308977
1193006,0.524993896484375,79.38982,11.205666,5.894636,0.074249275
1193007,0.6580810546875,83.33106,11.534311,4.863161,0.058359522
1193008,0.928466796875,80.52613,9.186281,3.507194,0.04355349
1057020,0.330963134765625,71.93112,4.337699,1.4473811,0.020121764
1057021,0.192718505859375,87.93397,17.77612,1.6541916,0.018811747
1057029,0.872894287109375,115.35601,8.739919,3.317271,0.02875681
1058294,0.88690185546875,25.17036,7.698426,4.7133284,0.18725708
1058848,0.8612060546875,73.87619,6.815102,2.4131846,0.032665256
1059492,0.853668212890625,108.78633,11.005074,5.548354,0.05100231
1059494,0.4381103515625,106.48523,9.451052,3.495053,0.032821953
1104374,0.927276611328125,38.286358,11.019899,5.4314914,0.14186493
1110959,0.192779541015625,77.10306,7.8691,3.9734137,0.051533803
1110980,0.869964599609375,124.716805,9.548338,3.5556552,0.028509833
1111707,0.705108642578125,77.37611,12.2890625,3.8224673,0.049401134
1112190,0.93682861328125,105.18965,11.204723,5.501758,0.052303225
170317,0.9471435546875,62.2973,10.699946,4.6912584,0.07530437
170318,0.942108154296875,83.31324,13.087034,5.38714,0.06466127
173640,0.931549072265625,53.72665,13.830016,6.440336,0.11987228
177509,0.97119140625,76.089775,12.199748,5.3197336,0.06991391
177718,0.73968505859375,70.8969,17.476557,7.1114154,0.100306444
178513,0.95050048828125,50.701855,21.173412,6.330568,0.1248587
178514,0.8848876953125,91.73703,16.944258,5.2629347,0.057369795
192818,0.878448486328125,49.00785,13.185289,4.5515575,0.09287405
192822,0.0,,,,
192841,0.468231201171875,81.0337,12.839717,6.392154,0.078882664
192843,0.80615234375,83.42728,15.362353,5.2201357,0.06257109
192847,0.94781494140625,97.78012,12.605353,4.5486894,0.046519574
212383,0.932281494140625,85.0349,12.780197,5.2952986,0.062272064
217811,0.320648193359375,86.69515,19.381182,8.833795,0.10189491
217812,0.454833984375,67.58387,18.236917,7.4342594,0.1100005
229480,0.848358154296875,66.92726,14.295795,5.086828,0.076005325
231649,0.85009765625,72.20581,14.2906,4.640665,0.06426997
428361,0.833984375,81.85758,12.958519,4.347231,0.053107247
660158,0.8778076171875,86.35002,17.901186,5.6042833,0.06490193
664014,0.966888427734375,69.915825,16.292908,5.3581567,0.07663725
665777,0.92523193359375,91.027245,13.910661,6.3118715,0.06934047
683550,0.824462890625,81.020836,6.995666,2.3273811,0.028725712
693891,0.8448486328125,51.37,10.559129,4.085781,0.079536326
701005,0.931610107421875,55.289974,3.2326663,1.6609404,0.030040534
704656,0.837310791015625,66.66461,4.141032,1.9001849,0.02850365
760523,0.504486083984375,54.11276,5.2510033,1.2858229,0.023761917
760524,0.342864990234375,56.580063,3.6424136,1.4530967,0.025682135
760539,0.842041015625,83.85579,5.6594715,2.241555,0.02673107
818343,0.5238037109375,57.705894,5.137604,1.7075593,0.029590726
704265,0.851654052734375,62.19891,11.971744,5.103768,0.08205558
764441,0.797576904296875,53.633022,4.0416584,1.174321,0.021895485
764442,0.81536865234375,52.858746,3.667668,1.4576536,0.027576394
764467,0.7626953125,79.68046,6.100485,1.9757049,0.024795352
764471,0.739593505859375,82.88843,6.343162,2.4853609,0.029984413
764737,0.865875244140625,131.06601,10.916458,4.887082,0.037287183
767299,0.820220947265625,45.097073,9.396904,3.8909986,0.08628052
768547,0.865386962890625,84.0645,5.9144588,2.5532875,0.030372959
936164,0.89093017578125,58.41344,11.857908,6.4250855,0.10999327
937618,0.88580322265625,95.61193,9.169062,4.78932,0.050091237
941642,0.81805419921875,99.60035,6.893065,2.3274894,0.023368286
941644,0.74078369140625,62.54198,3.7015622,1.0769913,0.017220294
1059130,0.718780517578125,64.66289,10.756535,5.025813,0.0777233
1085920,0.872833251953125,102.442184,10.510731,1.8238169,0.017803378
1086712,0.73712158203125,42.142212,8.544229,3.1195664,0.074024744
1087232,0.611541748046875,88.3065,14.443202,4.939701,0.055938136
1087836,0.817230224609375,89.708206,9.458868,4.7567306,0.053024475
1107417,0.489227294921875,69.30391,5.937605,1.9159665,0.027645865
1107423,0.709136962890625,112.89814,11.924386,3.974034,0.035200175
1110185,0.8590087890625,90.114006,12.97412,5.083312,0.056409787
206659,0.833526611328125,50.176655,15.847838,5.3101063,0.105828226
206660,0.812835693359375,68.5655,18.981995,4.2874494,0.06253071
207642,0.822479248046875,65.79626,20.633106,5.251735,0.079818144
216438,0.930816650390625,84.86525,20.660458,7.0779343,0.08340203
216439,0.720947265625,64.256096,18.35146,6.9782166,0.10860007
216454,0.910980224609375,69.744736,19.316591,5.726593,0.08210789
216455,0.900115966796875,50.186844,17.501375,7.355396,0.14656024
658742,0.913818359375,48.962364,17.94913,5.601052,0.114395045
658745,0.903656005859375,54.555164,19.530167,5.949096,0.10904735
661159,0.82818603515625,84.48474,23.836933,7.1893725,0.0850967
661161,0.8284912109375,62.233276,14.521199,3.4909782,0.05609504
661162,0.83465576171875,64.22267,17.35448,3.4450514,0.053642295
662358,0.90301513671875,57.223557,16.703144,5.3733974,0.09390184
240235,0.77508544921875,92.93936,11.700987,4.603874,0.04953632
241316,0.6094970703125,64.45178,14.460684,5.574988,0.08649858
241318,0.61541748046875,51.26634,16.916317,4.0331955,0.07867142
241321,0.595001220703125,67.8986,19.208405,5.4832087,0.080755845
303666,0.74774169921875,77.51939,15.594012,6.786532,0.08754625
303668,0.693450927734375,83.36399,26.84428,5.035342,0.060401887
303673,0.6875,79.27517,16.208496,4.839202,0.0610431
303674,0.595306396484375,74.259445,28.714272,5.828809,0.07849249
303676,0.715667724609375,79.12955,14.091404,4.0324206,0.050959732
441493,0.6458740234375,55.463146,12.553458,4.9309993,0.08890587
441495,0.556304931640625,63.144276,18.990673,4.957433,0.07850962
441498,0.591217041015625,75.401024,20.042658,4.198523,0.055682573
512982,0.7783203125,119.47071,9.825301,4.570019,0.038252212
512986,0.779632568359375,117.20112,9.465768,4.279238,0.036511924
517592,0.6668701171875,96.26551,23.577429,5.2817783,0.054866776
517593,0.693084716796875,88.31716,14.721079,5.1098638,0.057858106
517599,0.62469482421875,87.629265,14.637121,5.5599766,0.063448854
522403,0.9041748046875,100.82557,19.723145,8.424183,0.08355205
524387,0.105316162109375,105.433495,8.648543,3.5633066,0.033796724
524389,0.975311279296875,105.68867,10.772878,4.80692,0.045481887
537280,0.794891357421875,110.437904,12.887264,6.195847,0.05610254
541045,0.811309814453125,83.15866,14.638289,4.837086,0.058166955
541046,0.7247314453125,96.81716,13.014532,4.7601905,0.049166806
541047,0.604095458984375,48.900833,13.966782,3.8728411,0.079197854
541050,0.6368408203125,90.37028,18.4962,5.0147467,0.055491105
541051,0.785797119140625,96.73692,14.34843,5.128209,0.05301191
541053,0.50506591796875,49.375286,16.953108,4.8341594,0.097906455
541056,0.649627685546875,70.4313,20.703522,4.769632,0.067720346
554137,0.9932861328125,106.22567,10.0950985,4.2125807,0.0396569
557156,0.78619384765625,84.12767,27.359768,4.897753,0.058218095
557157,0.800506591796875,66.273605,14.9445,4.9773984,0.07510378
557159,0.83929443359375,52.043125,17.319553,4.975758,0.09560836
585319,0.72918701171875,72.44019,15.066594,5.113179,0.07058483
586215,0.799591064453125,105.54303,11.417262,5.6005545,0.053064182
588607,0.69757080078125,71.538895,22.717926,6.1585197,0.08608631
611526,0.14556884765625,60.63375,8.245794,4.3476624,0.07170367
611531,0.65057373046875,55.79895,10.905809,4.828153,0.08652767
611532,0.7169189453125,67.87085,15.214872,4.373874,0.06444407
611533,0.73040771484375,80.07162,21.331844,5.8778605,0.07340754
674508,0.7193603515625,54.918674,13.07943,3.7458498,0.06820721
683039,0.695343017578125,80.68374,8.394814,2.676305,0.033170316
694192,0.684661865234375,63.04685,6.866818,2.4188728,0.038366277
694200,0.7640380859375,51.157215,11.165685,4.8465652,0.09473865
701100,0.704193115234375,68.00585,7.229266,3.1603937,0.046472378
722799,0.706695556640625,52.393402,3.9232285,1.2970356,0.024755705
722809,0.734771728515625,78.70108,7.488402,2.503033,0.0318043
728234,0.60064697265625,65.18103,7.682647,1.9549409,0.029992482
755792,0.706085205078125,37.997322,8.395026,3.13391,0.08247713
858299,0.143280029296875,53.954845,2.7146282,0.9092564,0.016852174
858309,0.55743408203125,81.73497,6.726875,1.7466973,0.021370256
164341,0.75958251953125,37.825634,17.878145,5.6664486,0.14980446
165161,0.803466796875,104.241875,14.371181,6.9761004,0.06692225
165164,0.743896484375,90.77506,14.561902,5.9361477,0.06539404
201606,0.779876708984375,76.455055,13.687451,8.071978,0.10557807
201609,0.5985107421875,73.27881,14.268147,7.0241623,0.0958553
201610,0.63226318359375,85.975525,23.889418,6.594966,0.07670748
216718,0.848876953125,90.067154,14.23656,6.8447,0.07599552
216719,0.482757568359375,77.98413,21.613676,7.0508585,0.09041402
216720,0.85028076171875,91.66205,14.720588,6.1668777,0.06727842
661424,0.752899169921875,85.97272,15.530441,8.587034,0.09988092
661429,0.70721435546875,60.993137,22.251196,8.426273,0.13815117
663002,0.72686767578125,65.03237,14.714419,7.464223,0.114777036
663003,0.78094482421875,94.56718,14.87601,8.592636,0.09086277
663005,0.6302490234375,98.463394,15.45301,5.5697155,0.056566358
663006,0.5986328125,89.18775,13.2777405,5.798885,0.06501885
663007,0.70257568359375,84.55582,24.075161,5.501741,0.06506638
664352,0.6004638671875,98.34418,15.853163,6.227782,0.06332639
664353,0.822906494140625,84.10784,14.791078,4.767321,0.056681056
664354,0.72406005859375,64.80878,20.515423,5.363075,0.082752295
664355,0.660552978515625,110.588356,14.820759,4.3843117,0.03964533
664357,0.740997314453125,78.26099,21.443676,7.6533303,0.09779241
664846,0.6832275390625,64.60488,20.863876,5.990893,0.092731275
664847,0.7420654296875,103.43856,16.810713,5.522566,0.053389817
664849,0.623382568359375,95.1427,22.622202,4.989126,0.05243835
667254,0.576507568359375,58.39151,12.670185,5.655688,0.09685805
667255,0.875885009765625,58.0293,14.668818,5.205614,0.08970665
160356,0.918060302734375,81.51408,14.827444,5.5617967,0.06823112
165846,0.857147216796875,67.11585,31.166588,7.775349,0.11584967
165847,0.9376220703125,87.10884,19.841383,4.5131006,0.051809903
185551,0.973052978515625,110.93834,18.263985,6.586196,0.059368078
185568,0.75537109375,91.29036,18.302296,5.7350717,0.06282231
185571,0.94354248046875,80.0915,17.079891,6.6736975,0.083325915
185586,0.59735107421875,62.126648,18.14161,7.722449,0.12430172
185590,0.469696044921875,69.739006,21.138144,8.029845,0.11514138
185611,0.90423583984375,69.2859,14.347125,3.8517323,0.055591866
185624,0.886260986328125,76.03399,15.508534,5.5031805,0.0723779
185626,0.952789306640625,43.419395,11.385368,5.6715665,0.13062288
185627,0.90875244140625,74.76412,15.36904,5.8828235,0.07868511
202293,0.938079833984375,89.39123,17.527397,6.7127757,0.07509434
202294,0.89825439453125,98.84083,14.841592,5.5169706,0.055816717
206316,0.637054443359375,81.1794,22.154066,4.8526917,0.05977738
206990,0.60906982421875,76.77242,24.724728,7.2308073,0.09418496
216969,0.906494140625,86.64476,15.251455,5.1270647,0.059173398
216974,0.817352294921875,63.457603,15.73105,6.180537,0.09739632
655037,0.4739990234375,43.528587,23.134232,7.450262,0.17115791
655038,0.802703857421875,82.35502,17.96648,6.834633,0.08298988
655039,0.532470703125,89.56327,19.317411,6.286274,0.07018808
658644,0.9163818359375,86.287994,18.70569,7.5216184,0.08716877
662827,0.925811767578125,81.630486,14.753462,6.845291,0.083857045
662828,0.732757568359375,91.35871,18.606668,7.548539,0.08262528
664388,0.44390869140625,81.36677,23.308954,7.4231052,0.091230184
664808,0.655303955078125,62.499,19.16707,5.9035344,0.09445806
666063,0.75872802734375,70.01372,19.314714,6.285722,0.08977843
666066,0.899932861328125,87.06609,18.394135,4.7047586,0.054036636
666814,0.86944580078125,65.755775,15.971246,5.837919,0.08878185
668617,0.851898193359375,93.022606,16.859695,5.639006,0.060619738
668618,0.870025634765625,90.31369,18.95015,5.790398,0.06411429
669612,0.79425048828125,83.44613,16.94387,5.3875165,0.06456281
669616,0.76824951171875,49.19961,21.282103,5.8560543,0.11902643
160252,0.8133544921875,116.029305,13.1735325,4.784369,0.041234143
161092,0.70501708984375,85.75898,16.377056,6.5521355,0.07640174
161093,0.643768310546875,107.08898,22.669176,4.6838846,0.04373825
162039,0.85693359375,73.44551,14.243896,3.6153846,0.049225397
162040,0.658233642578125,54.92772,18.394337,4.725585,0.08603279
164487,0.59503173828125,87.88024,19.91808,4.9464335,0.05628607
164490,0.5487060546875,73.13053,19.949055,4.415461,0.060377806
165320,0.700408935546875,73.6008,16.640896,4.9649153,0.067457356
165322,0.519683837890625,63.976803,22.602943,5.767821,0.09015488
166615,0.680328369140625,118.609116,14.352797,4.2733836,0.036029134
185637,0.722503662109375,58.039368,14.999987,4.3388023,0.0747562
185643,0.280364990234375,68.006966,19.604801,7.5741735,0.11137349
185644,0.43096923828125,60.299885,21.63635,8.886136,0.14736572
185648,0.469085693359375,74.98875,26.013266,8.879185,0.1184069
185649,0.88690185546875,111.82304,14.393763,4.371965,0.039097175
185678,0.84759521484375,70.8472,12.133525,3.5391586,0.049954813
204437,0.5985107421875,68.76876,19.282717,4.4146256,0.064195216
207349,0.504791259765625,75.862526,15.9794,6.3051076,0.083112285
208037,0.565887451171875,70.33765,16.139162,6.3458776,0.09022021
654404,0.61053466796875,56.214436,18.826338,5.514468,0.09809701
659682,0.620635986328125,71.3648,19.873726,6.4784584,0.09077947
659683,0.39569091796875,88.56502,37.574448,10.142833,0.11452414
659685,0.742889404296875,67.035866,28.0728,5.6961203,0.084971234
665699,0.847625732421875,83.22632,14.649557,5.563139,0.06684351
665700,0.863372802734375,111.744934,16.12126,7.3429184,0.065711424
666468,0.827362060546875,111.27598,14.137105,5.5605383,0.049970698
201709,0.701446533203125,110.86382,25.290794,7.826587,0.070596404
205864,0.751190185546875,94.468575,28.899876,11.636263,0.123176016
374089,0.435638427734375,70.389565,20.255995,6.6630373,0.09465945
374094,0.81256103515625,73.628555,19.104887,6.806281,0.09244078
374108,0.44866943359375,62.534485,26.844904,5.846004,0.09348448
374118,0.623779296875,71.58087,20.78563,7.1499023,0.09988566
374119,0.29583740234375,50.465237,21.901993,6.669615,0.13216256
374135,0.36181640625,76.47959,21.773867,8.651297,0.11311902
374137,0.64947509765625,23.732355,11.800856,4.3337502,0.18260936
374149,0.4803466796875,25.167154,20.283842,7.1687055,0.2848437
374161,0.81158447265625,57.899525,21.465586,5.6375012,0.09736697
654979,0.489471435546875,70.86601,26.331547,6.2819123,0.08864492
657779,0.471771240234375,71.036804,33.16467,6.57853,0.09260734
659117,0.6072998046875,83.00105,28.832508,10.299748,0.12409178
659122,0.842864990234375,88.469315,21.910948,7.938417,0.08973074
663038,0.491607666015625,43.415607,21.030924,7.277369,0.16762103
663040,0.596466064453125,74.081505,26.847984,6.0028787,0.081030734
664246,0.63433837890625,74.01039,28.444656,7.5990834,0.1026759
664249,0.71832275390625,50.676056,22.953285,7.923862,0.15636304
208381,0.739898681640625,43.59596,13.613187,4.5073895,0.103390075
208382,0.852813720703125,78.7713,19.596476,6.650367,0.08442627
209978,0.68109130859375,76.081955,19.389887,5.508835,0.07240659
209979,0.523040771484375,94.07165,25.925661,5.488868,0.058347743
210510,0.639678955078125,56.69047,23.304932,5.615061,0.0990477
212448,0.875732421875,79.58883,17.457886,4.7793226,0.060050167
214345,0.77044677734375,83.65721,22.394424,7.4991636,0.08964157
214346,0.57598876953125,65.460526,26.009014,5.7326226,0.08757374
374180,0.55413818359375,75.88595,22.50841,8.050335,0.10608466
374193,0.828369140625,81.099724,20.194302,5.5482397,0.06841256
374198,0.464935302734375,63.263275,17.830286,3.5526602,0.056156754
374203,0.632720947265625,80.21917,24.659994,7.2744045,0.09068162
374210,0.7838134765625,80.046135,21.611593,7.6325903,0.09535239
374217,0.7978515625,66.85813,19.269804,5.9933605,0.08964296
374218,0.611480712890625,42.90413,18.675709,5.339719,0.124456994
374225,0.725616455078125,81.04349,19.90468,5.9269714,0.07313322
374227,0.62908935546875,44.708935,21.516148,5.1065764,0.11421825
653620,0.681884765625,85.53979,27.611116,9.788502,0.11443215
654986,0.491302490234375,60.268524,30.236853,8.334291,0.13828598
657781,0.724365234375,94.09092,30.633286,8.867392,0.0942428
657784,0.56591796875,83.95783,29.944368,8.023146,0.09556161
659109,0.596160888671875,74.18157,24.079853,6.974311,0.09401676
659123,0.785919189453125,88.04543,20.538754,6.656776,0.075606145
659124,0.531280517578125,63.86421,26.038881,7.786071,0.12191603
661737,0.887603759765625,84.78948,20.366447,6.5403943,0.07713686
663046,0.50836181640625,51.607815,26.011944,5.345847,0.103586
664251,0.509185791015625,65.83374,20.016027,3.5396476,0.053766467
664254,0.826141357421875,76.901924,19.17741,6.180948,0.08037442
664255,0.68701171875,68.79566,25.090828,7.485917,0.10881379
177120,0.842498779296875,107.166084,12.463449,7.2401795,0.06756036
196865,0.784393310546875,65.250946,12.448259,6.515277,0.09984954
196910,0.81719970703125,113.831245,13.574942,7.917601,0.0695556
217458,0.728271484375,69.85405,10.250297,5.1495657,0.07371893
662843,0.88751220703125,103.333916,9.856453,4.59725,0.044489264
664500,0.718231201171875,112.13078,15.116356,5.215747,0.046514854
665355,0.834014892578125,110.02137,15.737547,8.312727,0.07555557
666083,0.811798095703125,80.60351,12.40342,3.9645042,0.049185257
666830,0.866729736328125,100.37738,9.882093,4.4997277,0.044828106
668611,0.821746826171875,95.500206,12.288693,4.738018,0.04961265
669610,0.888153076171875,90.66124,12.173545,6.919881,0.07632679
187654,0.423126220703125,45.121098,19.194414,3.2276926,0.071534
187683,0.610107421875,69.337135,20.181616,4.860359,0.07009749
187684,0.546539306640625,70.6686,30.951775,6.152043,0.08705483
187714,0.65057373046875,47.350502,28.412329,4.889976,0.103271894
204364,0.703521728515625,73.29207,19.795834,7.382441,0.10072633
660273,0.360595703125,109.35418,28.433372,7.9361386,0.0725728
660274,0.587799072265625,61.590572,21.552162,4.661144,0.0756795
660276,0.39764404296875,67.20644,40.454887,11.32888,0.16856836
668338,0.6185302734375,51.51258,23.869669,5.973531,0.11596256
160439,0.921630859375,83.38315,15.70466,4.2906384,0.051456902
162945,0.9097900390625,75.44677,17.329657,5.649528,0.07488098
164577,0.902862548828125,87.92986,17.8841,3.7126033,0.042222325
165442,0.860565185546875,85.035034,17.35506,7.5014496,0.08821599
166874,0.87298583984375,97.301895,17.60471,5.1244097,0.052665055
167630,0.88226318359375,88.5954,16.70462,3.950132,0.044586197
168373,0.89849853515625,67.6576,13.701874,4.490788,0.06637522
169119,0.880950927734375,102.5824,19.317265,5.564051,0.054239824
169888,0.909912109375,99.42816,17.100697,4.173785,0.041977897
189019,0.917510986328125,72.455414,19.357437,3.6758306,0.05073231
189040,0.6573486328125,77.73217,17.477478,5.2357287,0.067356005
189057,0.89422607421875,91.01918,25.207056,4.0731206,0.044750135
189066,0.855010986328125,57.119286,18.28687,3.607492,0.06315716
201677,0.862823486328125,82.41396,15.878172,4.7114325,0.05716789
201679,0.93316650390625,92.51815,13.80031,4.488823,0.048518296
203082,0.91778564453125,86.29491,16.710058,3.8255737,0.044331398
203641,0.898406982421875,97.60253,16.077164,3.9073873,0.04003367
204264,0.67236328125,64.16004,18.970745,4.429403,0.06903678
205162,0.8914794921875,107.58856,18.672253,4.456616,0.041422766
205669,0.6956787109375,49.391167,17.370102,4.895851,0.09912402
206222,0.893280029296875,84.18708,15.004623,3.6870098,0.043795437
206822,0.883026123046875,86.61299,18.156494,3.7192538,0.04294106
206824,0.71173095703125,60.865578,17.542366,4.8928475,0.08038776
207911,0.896087646484375,56.589516,12.089546,4.869918,0.086056896
207912,0.9080810546875,89.69811,15.8529005,7.068012,0.07879778
217090,0.842041015625,97.96872,20.475039,4.168041,0.042544615
217094,0.684417724609375,41.280777,12.05619,4.2156544,0.10212149
217104,0.93206787109375,84.48667,23.357418,4.630411,0.05480641
217105,0.924224853515625,87.188805,21.541458,3.5987182,0.041275002
217107,0.91534423828125,85.47753,23.04547,3.8321114,0.044831797
229485,0.82427978515625,73.3381,14.006976,4.685978,0.063895546
241822,0.855072021484375,41.02791,14.915478,4.4755073,0.10908446
255659,0.833953857421875,50.515278,17.136158,4.1575327,0.08230248
277300,0.747772216796875,43.38726,14.673725,4.541469,0.10467287
304002,0.806732177734375,107.7198,19.640549,6.4985113,0.060327917
534641,0.867767333984375,91.25493,15.909104,8.99538,0.098574184
655631,0.515655517578125,77.30017,14.36082,4.9166975,0.063605264
655645,0.82415771484375,83.368065,17.15955,4.2110887,0.050512012
657323,0.850250244140625,95.59951,27.456238,5.478337,0.05730507
669839,0.651092529296875,84.84298,14.7514305,5.882067,0.06932886
208441,0.84503173828125,90.79816,16.957394,6.8067594,0.074965835
208443,0.82611083984375,59.748985,20.987309,4.6895227,0.07848707
209267,0.765472412109375,102.22254,15.720027,5.084727,0.049741738
209268,0.837890625,78.62198,20.512033,6.1840606,0.07865562
209271,0.787994384765625,96.183105,16.55805,4.523875,0.04703399
209635,0.807037353515625,55.611797,14.885549,5.253758,0.094472006
210657,0.795074462890625,57.55176,20.484156,5.595633,0.097227834
211423,0.7996826171875,57.501144,17.3975,4.921433,0.08558843
212960,0.7137451171875,68.97242,19.324818,5.1663713,0.07490489
318780,0.7645263671875,64.14817,22.268078,4.5255766,0.0705488
318786,0.716033935546875,77.04578,24.044939,5.2951303,0.06872707
654119,0.89569091796875,66.68504,19.461527,4.892294,0.07336418
655517,0.780120849609375,106.433205,23.709927,6.517571,0.061236255
656673,0.775634765625,81.88759,16.357592,4.8872323,0.05968221
656690,0.765533447265625,92.74742,18.447622,5.1366677,0.055383403
661940,0.804351806640625,118.74124,17.243803,4.605624,0.038787063
664587,0.719085693359375,83.152695,20.456572,9.479009,0.11399521
170377,0.90081787109375,107.55478,14.999565,6.1269617,0.056965966
173528,0.510711669921875,72.08342,20.373606,5.6412044,0.078259386
176428,0.46075439453125,90.713936,17.01788,5.89044,0.06493423
201324,0.753570556640625,78.845345,17.325266,5.005754,0.06348826
201325,0.6497802734375,74.22116,15.20396,5.6709666,0.07640633
201327,0.596771240234375,77.88704,20.215353,5.6407423,0.072422095
201357,0.68658447265625,70.10321,22.387383,5.7060924,0.081395596
201371,0.88970947265625,100.51084,17.24782,7.3175187,0.07280328
201377,0.8375244140625,91.04194,15.035867,4.5375304,0.049840003
213207,0.506683349609375,40.860386,11.025976,4.268403,0.104463115
219099,0.715301513671875,85.34106,14.180026,4.514835,0.052903432
655884,0.825836181640625,93.873985,14.656827,6.0429273,0.064372756
660893,0.825042724609375,130.62505,15.864877,5.7090287,0.043705467
666391,0.79241943359375,94.96395,16.5501,6.426631,0.06767443
668161,0.474945068359375,74.66221,30.374773,9.073655,0.12152942
669367,0.560516357421875,40.366035,19.491493,5.003437,0.12395166
669370,0.732086181640625,46.21643,14.266632,5.3616877,0.11601259
660597,0.8349609375,125.75077,19.084148,9.013323,0.07167608
660598,0.827606201171875,101.24596,21.220076,8.636881,0.08530594
661746,0.9215087890625,107.90201,17.41133,8.745547,0.08105083
661748,0.937408447265625,110.1101,16.765478,7.817461,0.07099677
661749,0.947723388671875,110.92645,18.233501,7.2363806,0.065235846
662911,0.913482666015625,94.20429,17.529406,5.428403,0.057623733
664133,0.834442138671875,101.18092,18.767975,8.799314,0.086966135
664134,0.8291015625,118.139984,18.973972,6.495074,0.05497778
664135,0.752716064453125,102.317375,26.067024,6.1709843,0.06031218
664138,0.812469482421875,108.64688,23.12458,5.7347655,0.052783526
664682,0.849761962890625,122.72627,19.777771,9.042457,0.07367988
664686,0.843780517578125,117.70581,20.306618,8.554073,0.07267333
665539,0.81085205078125,95.54351,22.581419,7.7480984,0.08109497
665542,0.8603515625,98.565125,21.348677,7.8248034,0.07938714
666344,0.91888427734375,95.53816,16.43307,8.300324,0.08687968
666346,0.892791748046875,95.353,15.527845,4.8961945,0.051348094
666349,0.8787841796875,97.034935,18.458288,8.306097,0.085599035
666949,0.82928466796875,81.52841,19.387028,6.9826064,0.085646294
666952,0.77789306640625,85.231384,21.6859,5.25768,0.061687134
668645,0.856842041015625,91.98119,18.165874,8.892723,0.0966798
668646,0.87640380859375,110.49544,18.364412,7.7631354,0.07025752
668649,0.894317626953125,111.71698,18.718874,6.843279,0.061255496
231014,0.472198486328125,52.63349,20.695826,5.705235,0.108395524
233655,0.0,,,,
242832,0.743011474609375,82.542656,8.649775,4.2578645,0.051583808
244119,0.664642333984375,61.050873,20.145588,9.89658,0.16210382
261655,0.68011474609375,90.508125,13.852186,4.611785,0.050954375
261657,0.870697021484375,52.80295,31.06521,7.1443534,0.13530216
261664,0.578582763671875,89.35624,16.066061,8.422213,0.09425433
261682,0.807952880859375,44.27411,16.38748,6.3853645,0.14422345
266957,0.808990478515625,80.50198,8.777733,4.0085874,0.04979489
279572,0.32232666015625,52.636906,12.507883,4.188491,0.07957327
281435,0.74420166015625,57.25605,16.300161,5.3024063,0.09260866
312838,0.596038818359375,73.0766,25.837578,7.0195413,0.0960573
396943,0.526092529296875,90.602295,25.707645,8.427661,0.09301818
438178,0.943084716796875,88.74161,8.630967,3.3192368,0.037403386
441535,0.0,,,,
535162,0.9404296875,83.70765,13.043485,5.0787344,0.060672287
657217,0.663482666015625,62.54846,21.821924,7.2621145,0.11610381
660741,0.771636962890625,102.4895,47.077168,7.5608263,0.073771715
660744,0.68994140625,102.115135,51.031868,11.934882,0.11687672
660745,0.669403076171875,41.498474,15.581193,3.7847137,0.091201276
665645,0.53173828125,90.497185,14.460786,5.306508,0.058637273
665650,0.54327392578125,43.0705,20.128817,7.471324,0.17346732
666204,0.67926025390625,71.02597,13.865295,6.7653465,0.09525173
667033,0.662200927734375,53.57837,23.878765,4.436547,0.082804814
669190,0.682952880859375,68.767105,22.399818,5.6442327,0.08207751
229123,0.634674072265625,85.2987,12.373152,4.8317294,0.05664482
231429,0.565673828125,84.05271,14.6765175,6.5043273,0.077383906
233715,0.551177978515625,91.97581,14.97186,5.689941,0.061863452
241396,0.5718994140625,85.54637,18.489597,4.982761,0.058246315
241398,0.602294921875,100.20952,11.623289,4.2067146,0.041979194
243864,0.517486572265625,74.89308,15.172557,7.251395,0.0968233
243868,0.51788330078125,79.136536,13.827689,4.4200783,0.055853825
276915,0.45751953125,83.486595,29.10116,8.677016,0.103933044
276916,0.703857421875,102.349594,13.83264,6.3178654,0.06172829
276918,0.595672607421875,101.87991,13.726893,4.107643,0.040318478
276919,0.65252685546875,92.25957,16.636562,7.4593835,0.08085214
397666,0.638641357421875,92.26879,14.838767,7.9620037,0.0862914
397667,0.175445556640625,61.94712,16.91575,5.5973287,0.09035656
397668,0.604644775390625,94.2143,14.961381,6.9595976,0.07386986
397670,0.54620361328125,97.224945,16.810663,7.2438145,0.07450572
535286,0.728057861328125,91.493904,16.498653,8.715689,0.09525978
558702,0.718994140625,92.80254,17.937193,9.25988,0.099780455
583409,0.7244873046875,97.40931,17.705172,7.3507977,0.07546299
583410,0.0,,,,
583411,0.764801025390625,94.25781,18.166931,8.689321,0.09218674
591394,0.5418701171875,66.69571,16.489237,6.212292,0.093143806
591395,0.661529541015625,94.54251,14.644444,5.41408,0.057266094
604620,0.68695068359375,98.51364,15.4487295,4.382287,0.044484064
604621,0.651153564453125,99.56109,16.997536,7.8069086,0.07841325
612955,0.577545166015625,74.76301,20.888174,8.277574,0.110717505
653489,0.6417236328125,91.69198,14.5185795,7.1845136,0.07835487
657949,0.9549560546875,110.49626,21.526077,8.368521,0.075735785
657950,0.902618408203125,106.60605,16.327133,8.538643,0.08009529
659536,0.73968505859375,95.859184,14.298162,7.381893,0.07700768
659543,0.44354248046875,72.365005,17.20468,8.268842,0.114265755
659544,0.82049560546875,104.34274,14.976394,4.131919,0.039599486
659545,0.584197998046875,74.20629,15.775226,5.8770814,0.07919923
659546,0.686737060546875,74.614365,14.115142,4.409893,0.05910247
659547,0.638916015625,88.703575,17.194422,8.131738,0.091673166
662621,0.753509521484375,86.89526,16.85536,8.587239,0.09882287
664444,0.816650390625,53.331913,11.557092,3.3844883,0.06346085
665549,0.744476318359375,84.096085,15.126921,4.4391513,0.05278666
696395,0.669921875,50.69684,11.404389,5.040021,0.0994149
235847,0.77581787109375,115.28267,19.838764,8.419509,0.07303361
237037,0.6619873046875,62.68592,23.346615,4.385452,0.06995912
237039,0.63140869140625,47.285015,15.388587,5.8366404,0.1234353
243677,0.48699951171875,107.29822,18.705956,7.59542,0.070787944
259396,0.896392822265625,104.4546,12.568528,5.852984,0.05603376
268187,0.767242431640625,97.929276,29.749765,7.7507453,0.079146355
268188,0.001373291015625,,,,
268193,0.750396728515625,96.46574,21.674335,7.1492047,0.074111335
277153,0.091949462890625,82.27149,36.88868,6.037581,0.073386066
302355,0.866180419921875,111.91872,13.6647,6.8092194,0.060840756
303531,0.532562255859375,100.78534,18.080925,7.0409694,0.06986105
388782,0.701873779296875,101.24162,16.572756,6.4012785,0.063227735
388784,0.807281494140625,102.65376,14.083362,6.476029,0.06308613
388786,0.641510009765625,115.3339,14.4233675,5.33564,0.046262547
406426,0.509521484375,93.08367,16.475466,4.8816175,0.05244333
406430,0.437469482421875,104.73729,25.000418,7.5113745,0.07171633
406436,0.642730712890625,104.42923,24.044348,7.276259,0.06967646
415158,0.65350341796875,89.862236,14.250818,4.5482726,0.05061384
433419,0.618072509765625,98.20723,18.7516,7.448102,0.07584067
433423,0.3984375,114.18214,27.40017,7.2020655,0.06307524
441895,0.50048828125,105.867805,21.834421,6.4946976,0.06134724
441900,0.540802001953125,134.95073,21.000921,6.9968514,0.05184745
441913,0.6024169921875,88.9152,16.017593,4.020396,0.045216072
441918,0.274688720703125,118.77091,21.689135,6.274358,0.052827395
535391,0.90863037109375,94.12585,15.373459,4.280177,0.04547292
535399,0.953765869140625,111.688286,12.800409,6.8223886,0.061084192
535404,0.587677001953125,98.04279,23.470812,10.693268,0.10906735
535480,0.7913818359375,109.09239,13.962786,5.173001,0.04741853
535481,0.729461669921875,95.54495,15.933488,7.273207,0.07612341
535557,0.683990478515625,102.74314,19.733377,5.914239,0.057563346
535558,0.890655517578125,96.15796,14.381664,5.7845883,0.060157146
656694,0.323150634765625,84.94957,23.2547,4.6092114,0.05425821
658526,0.625732421875,122.00044,21.739717,7.8019238,0.063949965
662467,0.83807373046875,88.93522,13.557528,5.34583,0.060109258
665668,0.539215087890625,109.1879,22.27996,7.277388,0.06665014
666186,0.555419921875,109.82626,15.74719,5.1709065,0.047082603
666187,0.55126953125,81.685616,22.873138,6.019603,0.07369232
667085,0.744354248046875,111.74974,17.583239,5.776919,0.051695142
229191,0.770111083984375,122.821045,19.39917,8.366968,0.068123244
229195,0.3763427734375,78.44794,16.603266,5.8862076,0.0750333
231064,0.533660888671875,100.153145,18.937527,5.8294272,0.058205135
241711,0.45611572265625,84.32189,21.79133,5.223158,0.061943084
243683,0.418731689453125,89.25326,20.562695,7.121946,0.0797948
243684,0.638885498046875,116.29176,22.579826,8.694052,0.07476068
255842,0.629302978515625,48.264633,15.156818,6.025261,0.12483802
255845,0.3553466796875,88.63389,24.722862,7.5810623,0.08553232
255846,0.47509765625,114.93333,17.79508,6.4909916,0.05647615
260439,0.57257080078125,100.89388,22.946016,4.6299734,0.045889534
277164,0.671630859375,113.090965,26.672531,8.893058,0.078636326
303543,0.691375732421875,119.456985,20.017406,7.939336,0.06646188
303545,0.4620361328125,107.42807,22.554394,8.472533,0.07886703
303551,0.0,,,,
387601,0.499359130859375,120.691986,20.99317,9.605338,0.07958555
388787,0.8057861328125,81.24655,9.94402,4.965345,0.06111453
406446,0.405853271484375,101.0885,29.05403,10.728818,0.106132925
415176,0.476837158203125,109.35879,23.594917,7.723316,0.07062364
441928,0.049346923828125,82.127396,24.43582,18.495546,0.22520556
535403,0.9036865234375,100.1931,15.41557,7.881367,0.07866178
535409,0.864593505859375,69.92799,18.34105,6.830271,0.09767577
535496,0.69561767578125,82.991356,23.765368,8.373659,0.10089797
535523,0.656005859375,118.612625,20.802855,7.6593313,0.06457433
535554,0.778350830078125,103.86414,20.706831,7.1334777,0.06868085
653502,0.919342041015625,112.22397,14.2772875,6.6103773,0.058903437
655504,0.7489013671875,116.18553,22.894703,7.887037,0.06788313
656697,0.395843505859375,96.796394,25.18279,9.875683,0.102025315
656698,0.55718994140625,85.731026,21.997551,7.9678545,0.09294015
656699,0.158538818359375,77.29509,14.777624,7.564974,0.09787134
656700,0.466033935546875,84.20326,21.094131,8.69209,0.103227474
658530,0.77685546875,107.291756,23.169975,7.5539026,0.070405245
658533,0.525299072265625,74.19206,15.626584,6.2390723,0.084093526
663790,0.59771728515625,113.54125,17.25361,4.884211,0.043017063
665671,0.0,,,,
666193,0.422210693359375,73.81532,20.957048,10.456837,0.14166214
667091,0.71917724609375,94.50488,17.641975,7.0724883,0.07483728
667094,0.545440673828125,115.33145,21.696562,6.522266,0.05655236
668104,0.0,,,,
669463,0.55126953125,40.2965,14.031799,3.3266034,0.082553156
669464,0.693878173828125,103.19787,11.904941,5.048872,0.04892419
935155,0.718017578125,122.34971,19.944544,7.880525,0.06440984
935166,0.62042236328125,101.451256,14.565006,4.1746345,0.041149165
660966,0.76361083984375,74.917114,14.27815,5.5610566,0.07422946
660967,0.787841796875,67.22815,18.52969,6.259808,0.0931129
660974,0.737640380859375,37.456207,33.06946,8.280131,0.22106166
660977,0.823883056640625,41.61281,11.41257,5.439607,0.13071954
660978,0.906005859375,30.114222,12.119242,5.52384,0.18342961
660979,0.710723876953125,32.052986,16.102213,6.732966,0.21005736
661873,0.74237060546875,60.41359,14.085185,5.6795683,0.09401143
662414,0.78741455078125,87.9381,19.89276,8.996485,0.10230474
662415,0.943939208984375,79.29983,15.44443,7.370901,0.09294978
662416,0.833770751953125,34.034588,17.59227,5.457411,0.16034897
662431,0.68402099609375,99.70362,22.509497,8.16323,0.08187496
664118,0.731781005859375,102.46203,28.468208,13.954797,0.13619481
665213,0.725189208984375,104.37032,23.906775,10.575047,0.10132235
665214,0.711578369140625,107.15821,23.649374,8.757539,0.081725314
665218,0.92913818359375,107.14557,17.106632,7.5555058,0.070516266
665968,0.71832275390625,110.51967,20.276619,6.6079082,0.059789434
667427,0.751922607421875,10.090588,10.473203,5.1515155,0.51052684
667428,0.818756103515625,48.79895,16.685371,6.488102,0.13295577
653822,0.754913330078125,56.973198,30.15255,7.2209115,0.12674226
657795,0.902313232421875,127.073425,20.272116,11.207541,0.088197365
658423,0.797698974609375,89.895096,25.060032,11.810969,0.13138613
658426,0.774993896484375,87.31538,22.017685,7.207272,0.082542986
660971,0.71429443359375,64.42092,25.611454,9.416085,0.14616501
660980,0.667724609375,34.09863,14.891683,4.203587,0.12327731
660981,0.1578369140625,25.159126,6.0039306,2.9882958,0.118775815
660982,0.7061767578125,24.714434,15.140867,3.9560912,0.16007209
661878,0.76580810546875,66.5102,14.547393,7.3893743,0.11110137
662432,0.803375244140625,107.41801,22.549103,9.817975,0.091399714
665221,0.826019287109375,36.815643,19.829815,5.9913044,0.16273801
667433,0.826812744140625,65.58299,14.724536,8.12773,0.12393046
660284,0.883758544921875,62.153492,18.588037,6.3501515,0.102168866
660285,0.88824462890625,69.77561,21.052652,7.0423493,0.10092852
660286,0.894989013671875,73.648445,19.804256,5.862909,0.07960669
660287,0.884368896484375,65.4319,19.78446,6.217744,0.09502619
660288,0.892578125,70.71345,22.176504,7.1603274,0.10125835
660289,0.888946533203125,84.48779,20.339323,6.147587,0.07276302
660308,0.8917236328125,44.592266,15.74183,4.810036,0.10786705
660309,0.912689208984375,35.828,14.2242985,4.336228,0.12102903
660311,0.889678955078125,46.46016,15.739894,5.515285,0.11870999
660312,0.908233642578125,61.369274,18.053907,5.983144,0.097494125
660313,0.86651611328125,35.371452,13.394709,5.585708,0.15791571
660290,0.92071533203125,82.65071,19.43119,5.249459,0.06351378
660291,0.93646240234375,44.6034,16.7185,4.291292,0.09620997
660292,0.9326171875,79.72094,19.288525,5.4597116,0.06848529
660293,0.9169921875,67.31153,19.12022,5.5848975,0.08297089
660294,0.915191650390625,73.98069,20.293493,5.8657804,0.07928799
660295,0.941650390625,68.48655,19.444584,5.8643193,0.08562732
660314,0.960205078125,54.45897,18.899078,6.534603,0.11999131
660315,0.95330810546875,50.346054,17.481144,7.4284673,0.14754815
660316,0.939544677734375,37.29308,14.075388,5.787157,0.15518045
660317,0.945953369140625,67.89725,22.619095,6.2585936,0.09217743
660318,0.9044189453125,48.966156,16.68933,7.0454173,0.1438834
660319,0.93011474609375,40.09594,14.656915,6.5656214,0.16374779
656708,0.58917236328125,53.6542,18.665777,4.535033,0.08452336
658865,0.447357177734375,33.19974,22.478598,8.264,0.2489176
659258,0.7362060546875,81.309814,29.716785,4.041635,0.049706608
659259,0.826568603515625,88.28514,30.719057,6.17414,0.06993408
659263,0.574371337890625,68.474365,27.165806,4.6186504,0.0674508
667270,0.812042236328125,49.121838,17.732897,3.735635,0.07604836
668167,0.760223388671875,61.437958,19.787943,6.8690543,0.11180473
655659,0.77081298828125,87.71518,19.437044,7.2163153,0.082269855
655661,0.66339111328125,51.31797,19.33928,3.9867492,0.0776872
656710,0.7056884765625,77.0525,16.60892,4.3697195,0.05671094
656711,0.648345947265625,43.034313,18.888767,3.8252175,0.08888762
656713,0.70068359375,95.3422,16.055092,5.048187,0.052948084
658866,0.651031494140625,78.657196,19.982115,8.639447,0.109836705
658870,0.596771240234375,62.430428,16.093237,4.642026,0.074355185
658871,0.6025390625,49.958164,20.347572,6.908854,0.13829279
659266,0.7945556640625,94.2841,18.94007,4.855636,0.051500052
664182,0.835235595703125,46.93153,13.142652,6.9831862,0.1487952
664183,0.86968994140625,47.97091,18.655071,4.3347187,0.0903614
665681,0.616790771484375,54.591263,15.397873,5.4697638,0.10019486
668168,0.79595947265625,48.875584,12.827241,6.018898,0.12314734
668171,0.78265380859375,64.76523,14.550272,7.487129,0.11560415
668173,0.753265380859375,33.120243,15.220279,4.131598,0.1247454
654016,0.787567138671875,91.70698,14.73525,7.4517975,0.081256606
654017,0.697967529296875,88.95754,16.518476,6.5916834,0.074099205
654018,0.780303955078125,86.69342,15.989195,9.74758,0.11243736
654021,0.813140869140625,83.56315,11.947186,4.384001,0.052463327
654022,0.866973876953125,89.641205,13.9959345,8.975579,0.10012783
654026,0.7255859375,81.43855,18.146944,8.196913,0.1006515
653952,0.89581298828125,94.23489,17.67625,6.582394,0.06985092
655799,0.87396240234375,42.76269,12.252533,4.169536,0.097504064
658782,0.806396484375,84.06089,17.491657,9.9514265,0.11838355
658784,0.808502197265625,78.53263,20.957521,9.051372,0.11525619
660180,0.771514892578125,22.43147,11.707127,5.645922,0.25169647
660181,0.693756103515625,95.842384,31.64297,7.129614,0.07438894
661951,0.857177734375,49.473938,12.933755,5.0537014,0.10214876
662949,0.803131103515625,89.92055,18.263166,7.548367,0.08394485
664468,0.779937744140625,73.10862,23.281431,6.7692747,0.092592016
664471,0.71533203125,96.58456,21.99168,4.894963,0.050680596
655287,0.6844482421875,61.152843,14.15126,3.6600513,0.05985088
655292,0.69049072265625,79.625694,24.72152,5.541797,0.0695981
659250,0.7855224609375,81.94689,13.212238,4.1654553,0.050831158
659271,0.78680419921875,109.43294,53.66223,7.4226656,0.06782844
659272,0.723724365234375,65.922455,23.487783,4.7730637,0.07240421
659273,0.82421875,69.662285,22.446772,8.434252,0.12107343
659274,0.809539794921875,104.6735,55.382282,8.394756,0.08019944
661217,0.80072021484375,98.12737,14.761694,5.4586043,0.055627745
665440,0.611968994140625,81.33661,16.749565,5.4171767,0.06660195
665975,0.69805908203125,67.78591,17.421926,5.6922197,0.08397349
665976,0.60076904296875,96.991516,21.270231,8.7992,0.09072134
665977,0.744293212890625,63.01632,45.508278,8.85599,0.14053488
665978,0.708709716796875,64.43651,15.657846,5.4641147,0.084798425
665979,0.678741455078125,105.43825,25.114004,9.787002,0.09282212
665980,0.70452880859375,76.02789,51.050083,8.755781,0.11516538
666307,0.612030029296875,99.49823,21.331425,5.61729,0.056456182
656789,0.722412109375,108.16729,16.371567,5.401222,0.04993397
658450,0.620574951171875,98.582245,19.843721,9.024808,0.09154598
659256,0.84393310546875,106.98062,13.24867,4.874327,0.04556271
659276,0.687713623046875,104.27335,40.839417,11.94882,0.11459131
659277,0.577117919921875,111.03094,34.043434,6.8939586,0.06209043
659278,0.7633056640625,50.845234,14.205467,5.3425465,0.105074674
659279,0.80560302734375,114.8909,48.171528,18.256346,0.15890159
659280,0.612060546875,120.51241,39.657772,16.448938,0.13649166
659281,0.78594970703125,75.17248,16.265377,7.245686,0.09638748
663930,0.826385498046875,137.8354,17.695265,5.5465984,0.04024074
665446,0.656280517578125,98.12439,15.573258,5.050906,0.051474523
665981,0.754486083984375,114.84238,44.45911,11.006602,0.095840946
665986,0.720306396484375,90.18667,20.263405,7.134693,0.07911029
666313,0.665191650390625,109.94692,14.779026,5.170462,0.04702689
170247,0.550994873046875,84.62492,16.827652,7.1267433,0.084215656
170248,0.678436279296875,83.95385,14.3082485,6.8530564,0.08162885
170258,0.571807861328125,76.30688,20.929356,5.4470034,0.071382865
654809,0.1768798828125,36.42495,28.757915,5.859004,0.16085139
662216,0.92840576171875,87.00283,18.436373,6.714243,0.0771727
662217,0.94134521484375,84.21584,21.744303,8.180435,0.097136535
662219,0.935211181640625,75.88008,19.752499,7.6649365,0.10101382
662822,0.868743896484375,59.363964,18.417313,7.319268,0.1232948
663953,0.211090087890625,29.870174,13.645628,6.912738,0.23142609
663954,0.663055419921875,77.11465,30.410233,7.935444,0.1029045
663955,0.693145751953125,45.12081,19.630981,7.5963955,0.1683568
663956,0.606414794921875,49.479794,14.415067,4.890899,0.09884639
663958,0.84307861328125,90.27445,26.883326,8.295833,0.091895685
259992,0.907867431640625,88.55501,15.80895,5.6095257,0.0633451
262918,0.62054443359375,47.913593,22.45911,8.731836,0.18224132
262919,0.828582763671875,47.160473,16.595144,5.9338083,0.12582165
262920,0.4705810546875,40.686447,23.000216,10.083844,0.24784283
262922,0.701812744140625,66.11063,22.990583,6.907624,0.10448583
262923,0.419525146484375,49.750927,26.479544,7.6152663,0.15306783
262924,0.808807373046875,71.589066,25.410833,6.560007,0.09163421
262926,0.47552490234375,48.644142,26.562218,8.991784,0.18484823
231691,0.66741943359375,73.42336,21.28637,7.530067,0.102556825
234224,0.583038330078125,67.05585,20.642557,9.2989435,0.13867462
237928,0.76470947265625,101.36583,16.789288,5.3764243,0.05303981
240021,0.730316162109375,107.13924,17.277266,8.206161,0.07659342
243087,0.826416015625,121.86466,15.843521,6.431886,0.05277893
244618,0.745330810546875,74.88146,18.389524,8.472794,0.11314941
410923,0.5823974609375,78.2565,14.883727,5.8781366,0.075113714
656291,0.476959228515625,84.185234,28.550137,7.366686,0.087505676
661455,0.73980712890625,86.3925,16.478548,6.7762065,0.07843512
661461,0.446746826171875,59.62771,18.45953,5.652567,0.094797656
662393,0.662567138671875,86.05449,17.526222,5.418097,0.062961236
665865,0.563995361328125,78.33196,22.971369,8.406934,0.10732444
665866,0.579559326171875,40.597862,19.260313,4.875937,0.12010329
665869,0.3035888671875,67.605545,32.6723,7.138017,0.10558331
666764,0.26806640625,61.418148,26.697876,11.259303,0.18332209
666766,0.486846923828125,66.427505,30.091509,8.398414,0.12642977
667932,0.652374267578125,86.06371,19.911795,7.019787,0.081565
668989,0.3411865234375,47.521824,19.119808,5.662271,0.11915096
668992,0.6680908203125,78.787,20.49201,8.754195,0.11111218
653773,0.875274658203125,97.78669,19.09878,8.722073,0.08919489
655825,0.9376220703125,94.725494,16.080782,6.908572,0.072932556
655826,0.91387939453125,104.36205,17.380348,6.0898175,0.058352794
658438,0.877960205078125,100.61751,21.13387,10.058744,0.09997012
660632,0.95806884765625,108.890045,16.72511,7.3240514,0.06726098
660641,0.928375244140625,95.02627,16.009272,8.020905,0.08440723
660642,0.16192626953125,64.903885,25.96631,9.361946,0.14424323
660643,0.95123291015625,105.34934,18.44964,7.7580547,0.073641226
660644,0.97174072265625,93.47915,17.098352,7.838066,0.08384828
660645,0.33148193359375,166.93141,67.49731,20.378036,0.122074306
660646,0.928924560546875,26.926212,11.466938,4.108296,0.15257607
660541,0.3946533203125,73.27637,31.138832,9.00139,0.122841656
660542,0.548736572265625,62.44786,18.69409,6.242875,0.0999694
660543,0.66888427734375,71.92901,18.8504,5.9792094,0.08312654
660544,0.46295166015625,64.511536,28.33984,9.166106,0.14208476
660555,0.514984130859375,52.37363,19.066162,8.94066,0.1707092
660556,0.631561279296875,57.944817,24.834053,5.7320724,0.09892295
660567,0.53839111328125,42.267883,14.843323,7.0910144,0.16776365
660545,0.582244873046875,73.69186,19.171936,4.366913,0.059259098
660547,0.493438720703125,58.26031,25.530083,7.811602,0.13408102
660550,0.540618896484375,44.800735,23.289135,8.671199,0.19355036
660560,0.53924560546875,40.5957,14.167399,6.186265,0.1523872
660561,0.611724853515625,92.08012,22.420782,8.0234785,0.087135844
660573,0.594512939453125,23.217957,11.233032,6.16486,0.2655212
660574,0.55255126953125,16.685408,10.542817,4.8561025,0.2910389
228389,0.892608642578125,88.96923,10.530122,3.5622492,0.040039115
229053,0.7066650390625,95.693985,17.901068,8.2486315,0.08619802
229055,0.666839599609375,80.69388,17.0022,5.3747554,0.06660673
230995,0.6416015625,59.778824,16.993923,7.350558,0.12296257
244593,0.758636474609375,100.52685,19.88648,5.395383,0.053671066
254819,0.573394775390625,76.351326,16.426584,7.72678,0.101200335
259840,0.942840576171875,91.56631,10.520412,4.150717,0.045330174
262279,0.50225830078125,93.59047,23.457125,9.769304,0.104383536
276920,0.646453857421875,71.12482,16.422073,7.557135,0.10625173
281189,0.80657958984375,103.58725,17.2018,4.670295,0.045085613
303644,0.0,,,,
387299,0.718292236328125,67.72728,14.251482,5.290904,0.07812072
410846,0.56591796875,65.30916,14.007591,4.8183794,0.073778
410850,0.802337646484375,94.215324,17.29269,4.1540394,0.04409091
446100,0.625396728515625,134.90245,19.734007,5.351984,0.039672993
446102,0.682830810546875,97.3545,14.035397,6.774493,0.06958582
529525,0.906280517578125,107.5911,10.646534,5.205034,0.04837792
530323,0.588897705078125,97.68373,16.754536,6.250332,0.06398539
530325,0.6324462890625,62.998985,19.114986,5.425607,0.08612213
653673,0.539093017578125,111.83493,10.893756,4.7241273,0.042241964
653685,0.481781005859375,118.41572,23.875269,10.143542,0.085660435
658223,0.670806884765625,73.154495,19.410019,5.426375,0.074176915
659367,0.723297119140625,93.530525,26.794645,8.525315,0.09115008
659371,0.517608642578125,71.48146,17.891497,7.68621,0.10752732
661811,0.651641845703125,131.63167,21.53727,5.6939635,0.04325679
661812,0.713104248046875,98.92408,15.486111,5.0930347,0.051484276
661813,0.52734375,85.09635,17.550814,8.3128605,0.097687624
661816,0.6593017578125,69.140526,17.484655,5.1323256,0.07423035
663348,0.749603271484375,116.05435,15.657838,5.864848,0.05053536
663350,0.660491943359375,107.178535,18.21443,9.037074,0.084317945
663351,0.651611328125,98.952835,17.920275,6.815942,0.068880714
229059,0.721588134765625,57.704548,13.101526,5.882297,0.10193819
230229,0.83123779296875,84.424484,9.187264,4.6200266,0.054723777
231003,0.433929443359375,70.40587,20.499111,10.128618,0.14386043
262291,0.655059814453125,77.76935,18.94655,8.928588,0.114808574
262298,0.533599853515625,77.8827,14.728062,7.240416,0.092965655
281200,0.51922607421875,79.27266,21.399305,7.1389036,0.090055056
303662,0.352447509765625,73.789505,28.51149,8.616826,0.116775766
306573,0.399322509765625,57.236683,21.053162,9.941595,0.17369272
387310,0.5361328125,100.99584,19.261988,7.722729,0.076465815
529532,0.854736328125,93.71251,6.817769,3.1327465,0.033429332
653684,0.830810546875,86.991295,17.108593,7.1809716,0.082548164
655348,0.538330078125,97.28401,21.979956,8.634364,0.08875419
656852,0.592559814453125,75.68553,23.46782,6.700554,0.0885315
658229,0.47625732421875,75.88639,18.58294,7.8846936,0.10390129
659373,0.559356689453125,87.960884,46.7598,9.490095,0.10788995
659376,0.491943359375,116.27345,46.74535,8.848456,0.0761004
661822,0.548919677734375,74.11591,24.428427,7.029765,0.09484825
663358,0.524749755859375,80.67787,27.489492,10.150065,0.12580979
873455,0.667205810546875,70.29035,7.5959067,2.9020264,0.04128627
943613,0.7464599609375,51.040924,12.1141405,6.4632025,0.12662785
944600,0.642303466796875,74.38785,7.513106,3.0788999,0.041389823
945720,0.4747314453125,80.209885,11.333447,4.776989,0.05955611
945721,0.725616455078125,85.330864,9.414003,4.317802,0.050600708
947147,0.433563232421875,65.1678,4.7996235,1.4824995,0.022748956
947156,0.682098388671875,93.42539,8.930063,2.2371502,0.023945848
968898,0.69696044921875,93.524216,8.925325,3.4092047,0.03645264
970329,0.37701416015625,64.74478,5.8749743,1.3306435,0.020552136
971416,0.658233642578125,45.50953,11.551412,6.2790923,0.13797313
972226,0.52764892578125,61.618797,5.730957,2.3337069,0.037873294
655421,0.87652587890625,82.25395,24.896898,5.9612355,0.07247355
657291,0.83782958984375,61.51344,21.47394,8.385845,0.13632542
657292,0.668670654296875,61.680206,21.78708,8.037994,0.13031724
657293,0.300201416015625,48.44404,23.27736,4.976357,0.10272383
658499,0.9205322265625,75.73048,18.119461,7.265979,0.09594524
661805,0.943084716796875,49.792027,15.147909,6.957212,0.13972542
661808,0.845794677734375,74.96006,17.362524,7.2725077,0.097018436
663157,0.9229736328125,89.627495,17.804228,6.169267,0.06883231
664721,0.66552734375,47.7185,16.03592,5.9454665,0.124594584
664723,0.7523193359375,53.64425,25.265488,5.2652316,0.09815091
236019,0.9293212890625,80.21953,12.58897,4.045118,0.0504256
237385,0.8819580078125,78.607956,21.620926,7.0166626,0.08926148
237387,0.720977783203125,67.10921,25.056198,5.2662325,0.07847258
237388,0.87457275390625,79.590515,21.782854,7.305307,0.091786146
240295,0.931549072265625,93.924164,14.912295,4.5490704,0.04843344
241440,0.87432861328125,88.49878,20.240477,6.6104426,0.0746953
243101,0.93115234375,99.89142,16.492569,5.281217,0.052869577
244650,0.840057373046875,77.21571,18.422592,4.405316,0.057052065
654209,0.767303466796875,45.442905,19.081636,4.5260444,0.09959848
655461,0.904296875,86.55511,21.767317,5.9675264,0.06894482
655462,0.68218994140625,88.150085,26.911707,9.719436,0.110260084
655463,0.866363525390625,55.990948,21.168388,5.001171,0.08932106
658611,0.748016357421875,68.95349,20.775639,8.45029,0.12255057
658613,0.821075439453125,70.28604,21.556078,7.667472,0.10908954
659331,0.80908203125,84.38232,20.795374,7.111386,0.08427578
659334,0.81939697265625,81.26663,19.87693,4.800973,0.059076805
660782,0.771484375,77.64984,15.574525,4.1935472,0.05400587
660785,0.822509765625,90.51191,14.722983,7.278459,0.08041438
660794,0.693634033203125,76.42136,13.20948,4.4236946,0.05788558
660797,0.807708740234375,113.88688,12.446755,4.17979,0.036701243
662146,0.617950439453125,78.244705,20.071342,5.3799286,0.068757735
662148,0.736907958984375,85.01068,15.591516,5.015004,0.058992635
665463,0.585662841796875,54.88187,21.110495,5.4778295,0.09981128
665465,0.534271240234375,36.534756,13.68705,5.2268643,0.14306553
665470,0.576751708984375,89.61511,27.405907,8.542213,0.09532113
667529,0.679443359375,92.953964,15.97677,7.6805363,0.08262731
668695,0.545562744140625,59.56844,20.812475,6.375679,0.10703116
669715,0.0,,,,
669718,0.564300537109375,77.040184,24.130032,6.916485,0.089777626
659402,0.878265380859375,96.977936,42.210125,6.062465,0.06251386
659403,0.7435302734375,102.26371,47.986115,8.396378,0.08210515
659404,0.872772216796875,76.93458,24.836285,6.181593,0.08034869
659408,0.880279541015625,75.75982,16.21822,6.2508807,0.08250918
659410,0.829498291015625,34.699936,11.679785,3.9377573,0.11348025
659417,0.8924560546875,59.38319,35.737267,6.793717,0.114404716
659419,0.796600341796875,45.650654,24.874971,5.2925777,0.11593652
659420,0.89581298828125,66.24467,31.268118,5.549702,0.08377583
659421,0.8330078125,120.08554,53.104893,7.783819,0.064818956
659422,0.8240966796875,70.28607,21.736025,5.392626,0.07672396
659413,0.85369873046875,29.750555,11.021372,3.5210176,0.118351325
659415,0.857208251953125,90.89206,14.866115,5.454907,0.06001522
659423,0.94793701171875,87.17262,55.01772,6.7939544,0.07793679
659425,0.917633056640625,29.375635,12.6967125,4.303049,0.14648362
659426,0.936981201171875,108.46168,36.934452,7.0158315,0.06468489
659428,0.883636474609375,80.287445,16.035082,5.63848,0.070228666
235775,0.896728515625,113.93057,15.0759535,5.3131876,0.04663531
236894,0.882171630859375,88.226,17.115522,5.503716,0.06238202
236895,0.771759033203125,46.758553,18.388517,4.4094253,0.094302006
254100,0.903900146484375,116.5907,15.568462,5.67158,0.048645217
257823,0.9271240234375,120.20224,18.651999,5.761557,0.047932193
257825,0.853546142578125,57.646393,18.583513,4.810681,0.083451554
257843,0.92242431640625,91.23619,17.300451,5.0178885,0.054998882
279604,0.826202392578125,66.30499,15.129351,4.277306,0.06450956
530580,0.754974365234375,97.84745,21.566677,5.2761493,0.053922195
593151,0.88458251953125,73.46346,13.108355,5.437102,0.07401097
593158,0.5655517578125,83.101395,20.577644,5.6624784,0.06813939
605851,0.8360595703125,110.74803,14.467314,4.8810887,0.04407382
605853,0.908050537109375,96.38891,13.970384,5.2115693,0.054068144
659431,0.666839599609375,52.982334,18.031097,4.180754,0.07890846
659433,0.81976318359375,76.88288,15.047844,4.946248,0.06433484
659441,0.751434326171875,66.6786,14.752157,6.0037727,0.090040475
659443,0.78759765625,37.06684,21.664745,3.4898045,0.094148956
659444,0.86480712890625,74.4429,14.948327,5.826148,0.07826331
659445,0.798431396484375,101.335205,45.340424,5.597777,0.0552402
235774,0.89862060546875,94.74299,9.926848,4.069633,0.04295445
236899,0.857025146484375,89.82594,13.740247,5.244876,0.05838932
236900,0.832275390625,79.71117,14.816886,5.4758444,0.068696074
257848,0.9244384765625,106.291626,16.148567,5.756409,0.05415675
257852,0.842315673828125,72.08123,15.016074,4.5122576,0.06259962
397282,0.935089111328125,110.50348,15.628676,5.0220733,0.045447197
432363,0.6591796875,62.396946,14.4928255,6.3574324,0.10188691
432365,0.865203857421875,61.01753,11.694355,5.4397335,0.08915034
432369,0.88763427734375,103.52606,16.850437,6.6394067,0.064132705
433998,0.448150634765625,98.083626,11.327277,2.3219264,0.023672925
451849,0.76214599609375,100.20433,19.253864,5.2384644,0.052277826
529664,0.86505126953125,96.29563,7.3139486,3.3592014,0.034884255
529667,0.818603515625,93.6801,8.176403,3.5947733,0.03837286
593173,0.89154052734375,96.21637,14.743891,5.111358,0.053123582
605871,0.90423583984375,98.94944,17.811024,7.1553855,0.072313555
605872,0.88116455078125,84.023796,17.221197,4.9929156,0.05942264
659439,0.80010986328125,100.59486,15.631479,6.2210627,0.06184275
659440,0.7442626953125,51.44977,18.91619,4.2094865,0.081817396
659447,0.82806396484375,102.87197,49.37904,5.3536434,0.05204181
659452,0.695556640625,43.78374,20.270336,4.2279983,0.096565485
228393,0.98077392578125,85.565,9.078818,3.609053,0.042179078
229068,0.67559814453125,52.927185,16.59581,7.174876,0.13556127
229069,0.867950439453125,93.348404,15.9341545,7.4207387,0.07949508
229070,0.725311279296875,38.30315,16.997581,5.426189,0.1416643
255414,0.8922119140625,71.20741,14.992026,8.515853,0.11959223
255417,0.804351806640625,77.11185,14.119332,7.0484567,0.09140562
255418,0.77691650390625,95.83561,14.137723,7.371991,0.076923296
255419,0.74261474609375,78.935074,18.211527,7.7001247,0.0975501
264067,0.89520263671875,119.74255,13.675275,7.19946,0.06012449
391564,0.907562255859375,61.08477,10.662817,4.0678596,0.06659368
391565,0.908538818359375,51.493465,11.277119,5.55152,0.107810184
406403,0.683013916015625,110.17515,19.224442,6.800167,0.061721426
406408,0.814361572265625,54.321453,11.5928755,4.4464083,0.081853636
406409,0.7310791015625,97.66334,16.849558,6.464913,0.066195905
417225,0.843292236328125,44.59219,9.898643,4.0846457,0.09160002
451730,0.846282958984375,37.737442,8.909866,3.4233327,0.090714484
451735,0.886871337890625,96.65727,18.214787,7.2077885,0.074570574
512754,0.8310546875,113.161865,7.2408986,3.1495223,0.02783201
516616,0.797943115234375,75.5435,13.153758,4.65539,0.061625283
516617,0.507476806640625,87.382286,28.655468,5.692314,0.065142654
516622,0.8612060546875,107.44426,13.250053,4.5355964,0.04221348
522733,0.830169677734375,98.368195,14.6855135,4.4661293,0.04540217
522740,0.73480224609375,88.03036,17.941082,4.833971,0.054912545
524469,0.90484619140625,66.06,5.783568,2.9842968,0.045175552
529574,0.775634765625,154.48694,21.036089,3.689205,0.023880368
530420,0.845672607421875,110.2097,14.536757,4.660898,0.04229118
546226,0.797271728515625,79.114944,7.3867793,4.233902,0.05351583
546228,0.7823486328125,79.43041,7.4502063,4.257396,0.05359907
659477,0.9501953125,72.790565,13.610957,6.3099585,0.086686485
659479,0.930816650390625,28.596308,9.837565,3.1029842,0.10850996
659489,0.951385498046875,121.5235,14.750321,8.330171,0.068547815
659490,0.96533203125,120.727806,32.177147,6.8175917,0.056470767
659491,0.78167724609375,47.00445,17.78321,4.8858423,0.10394425
659493,0.943817138671875,81.18867,15.41868,6.7392607,0.0830074
666543,0.85430908203125,104.67908,17.060343,7.9645405,0.076085314
666544,0.774871826171875,35.39404,15.934275,5.238786,0.14801323
667162,0.706878662109375,105.265724,19.997122,7.719824,0.07333654
667715,0.8790283203125,91.024895,19.110867,6.945576,0.07630414
934719,0.88946533203125,47.50995,11.809632,4.822345,0.101501785
934720,0.9132080078125,100.99419,15.205796,7.3287716,0.07256627
934727,0.8388671875,96.83836,16.185043,6.9290195,0.07155242
934730,0.8135986328125,21.36099,9.143048,2.7315757,0.12787683
934731,0.94061279296875,130.77718,17.030409,6.2755957,0.047986932
934740,0.916534423828125,109.0925,17.529314,7.08318,0.064928204
934846,0.92022705078125,110.133545,17.640438,8.4167795,0.0764234
934851,0.9189453125,87.49797,16.006865,8.72428,0.09970837
934853,0.89178466796875,85.545616,23.20431,7.667592,0.08963162
935084,0.8865966796875,74.66295,14.999502,7.1393366,0.09562088
935087,0.92816162109375,111.14306,17.167189,9.833156,0.08847296
935093,0.914581298828125,108.29748,15.434378,7.724323,0.07132505
231635,0.782073974609375,43.520935,11.513833,4.1882486,0.09623526
243066,0.892608642578125,77.77907,9.268899,3.6403987,0.04680435
255430,0.933563232421875,104.65526,18.462696,9.576064,0.091501035
255431,0.484375,85.62891,33.191143,8.269441,0.096573
255437,0.691375732421875,85.3028,34.133747,9.828939,0.11522411
264085,0.501922607421875,76.56406,22.593645,8.108636,0.10590656
275412,0.8828125,75.03077,8.835577,3.462908,0.046153173
391578,0.8095703125,104.74265,15.669443,5.209868,0.0497397
391598,0.89276123046875,80.92654,17.156347,10.74277,0.13274719
406418,0.66766357421875,92.8498,34.43856,8.081077,0.08703386
418070,0.461181640625,75.2195,7.469662,2.9991477,0.039871946
437068,0.75933837890625,99.143394,22.338873,8.503071,0.08576538
452790,0.88018798828125,76.90642,9.30243,3.4404378,0.04473538
516629,0.62451171875,102.77463,27.008835,5.4464345,0.05299396
522752,0.647491455078125,89.9244,18.032633,5.2410583,0.058282938
546229,0.7259521484375,72.57882,6.4472523,3.1594226,0.04353092
659485,0.7537841796875,33.6232,10.475987,3.4282625,0.10196122
659496,0.625396728515625,114.788414,29.525,9.847943,0.08579214
659498,0.8489990234375,99.636955,29.929224,11.855353,0.118985504
935268,0.819915771484375,65.231285,15.59752,6.6085324,0.10130925
935269,0.4425048828125,75.88593,17.875633,9.847683,0.12976955
935394,0.858795166015625,84.00963,20.507057,10.576464,0.12589586
935400,0.958251953125,120.55981,18.074142,9.422258,0.07815423
935641,0.89935302734375,97.81846,20.598112,9.93848,0.10160128
935649,0.815521240234375,108.473526,25.415354,6.9557076,0.06412355
659501,0.6529541015625,79.160355,20.519732,5.2909164,0.06683796
659502,0.70916748046875,81.089165,20.484154,5.9930434,0.07390683
659503,0.616363525390625,63.953163,26.909147,4.5931773,0.07182096
659504,0.7152099609375,65.46207,19.641863,5.609904,0.08569702
659513,0.85894775390625,92.3172,22.985182,7.7453785,0.083899625
659515,0.6038818359375,50.4956,27.170977,4.2837434,0.08483399
659517,0.88690185546875,61.08898,24.022713,6.973126,0.11414703
659518,0.83135986328125,40.795425,29.239393,5.025194,0.12318034
666138,0.752899169921875,67.16902,17.761978,5.8426147,0.08698377
666142,0.67193603515625,34.83164,17.939913,4.1889167,0.12026183
666143,0.698394775390625,69.74481,20.33709,5.312739,0.07617397
666146,0.635467529296875,84.156654,20.880869,6.088459,0.07234673
668063,0.693023681640625,53.343475,16.890598,6.434426,0.120622545
669748,0.831298828125,57.61516,22.162575,5.7260604,0.09938461
659507,0.891143798828125,62.770523,18.767437,6.593663,0.10504394
659512,0.820556640625,54.69306,18.981516,4.6373796,0.08478918
659519,0.8228759765625,92.5504,18.51928,5.9457097,0.06424294
659520,0.7950439453125,91.36446,38.602623,4.32997,0.047392275
659521,0.68157958984375,59.391644,35.53358,4.964443,0.08358824
659522,0.8553466796875,96.61103,18.853046,5.512611,0.05705985
659523,0.631134033203125,91.17552,50.737053,5.106207,0.05600414
659524,0.77276611328125,77.74145,43.847755,5.0198083,0.06457055
666149,0.670166015625,70.93538,16.731773,5.589752,0.078800626
666152,0.77239990234375,52.69506,17.727358,5.879233,0.11157085
667285,0.858184814453125,62.67462,20.193977,5.70403,0.091010205
668067,0.693603515625,52.78309,17.087812,8.025327,0.15204352
668068,0.699066162109375,31.151438,15.880159,4.953547,0.15901503
669750,0.698028564453125,68.42224,19.80071,7.9852614,0.11670564
669754,0.878143310546875,56.167713,17.9984,6.432917,0.11453052
659575,0.67156982421875,57.12047,20.338942,4.6825857,0.08197737
659576,0.68109130859375,73.79465,20.203524,4.4020658,0.059652913
659586,0.678558349609375,86.728584,20.910059,7.253345,0.08363269
659587,0.513916015625,24.885807,14.90274,4.402488,0.1769076
659588,0.559295654296875,75.36853,50.853313,4.073457,0.054047182
659581,0.579193115234375,58.479477,19.754263,4.3898997,0.075067356
659584,0.58551025390625,96.93407,23.978477,4.8505254,0.05003943
659591,0.565643310546875,50.491287,22.81045,5.6409125,0.11172051
659593,0.507598876953125,48.62322,29.049282,7.771464,0.1598303
659594,0.576202392578125,62.324135,26.041555,5.213357,0.083649084
659595,0.69390869140625,52.671078,44.426712,13.475258,0.2558379
659596,0.4521484375,39.130604,24.794016,5.8672633,0.14994052
659699,0.720489501953125,112.32975,13.103488,6.8733087,0.061188675
659700,0.74652099609375,91.519135,11.522297,4.2067757,0.045966078
659701,0.640625,103.042114,16.331312,5.57922,0.054145046
659711,0.719207763671875,77.45424,11.895627,5.2053633,0.06720566
659712,0.7364501953125,79.967384,10.797604,4.6819167,0.05854783
659713,0.6614990234375,69.33267,16.231337,5.8569174,0.08447558
660302,0.734619140625,89.94974,19.070255,7.093253,0.078857966
660303,0.745391845703125,108.94657,19.760485,4.8028927,0.044084843
660304,0.6944580078125,37.21458,18.653475,4.227893,0.1136085
660305,0.7298583984375,82.21446,20.436897,7.050095,0.085752495
660306,0.695281982421875,92.922356,21.98683,8.826017,0.09498271
660307,0.640472412109375,84.19555,23.141325,5.939156,0.070540026
660326,0.7034912109375,58.206142,14.866899,6.2728724,0.10776994
660327,0.775177001953125,104.78013,30.190474,4.8031716,0.045840483
660328,0.725616455078125,64.97384,19.592646,5.5205426,0.084965624
660335,0.756805419921875,79.111694,17.664303,6.793437,0.085871466
660336,0.72515869140625,93.22405,20.711996,8.499191,0.091169514
660337,0.73248291015625,95.981,24.022484,6.698987,0.06979492
660338,0.689910888671875,75.32459,18.967396,6.9044604,0.091662765
660339,0.657684326171875,78.02654,21.643917,7.7930565,0.09987699
660340,0.659088134765625,93.942955,23.52789,6.443772,0.06859239
660347,0.801513671875,35.296642,11.416588,4.729445,0.13399136
660348,0.683502197265625,48.976337,29.753225,10.98918,0.22437732
660349,0.76788330078125,58.133656,17.765669,5.6812854,0.09772799
660350,0.79669189453125,35.787598,11.8979435,4.3338785,0.121100016
660351,0.66680908203125,55.487965,32.19435,10.950678,0.1973523
660352,0.766571044921875,54.805527,17.890879,5.983431,0.10917568
660353,0.875946044921875,98.15232,22.112286,6.442354,0.06563629
660354,0.77862548828125,73.10367,21.517256,10.109328,0.13828756
660355,0.7655029296875,60.867485,25.48842,8.333995,0.1369203
660356,0.79705810546875,83.82621,23.828226,10.149472,0.12107755
660357,0.791656494140625,98.90625,21.200937,8.358719,0.08451153
660358,0.76434326171875,72.14026,27.285486,7.061519,0.09788597
660365,0.640167236328125,42.814655,17.254555,8.558194,0.19988936
660366,0.272003173828125,52.50477,39.81841,7.191426,0.1369671
660367,0.619842529296875,78.77047,27.947838,9.635128,0.122319035
660368,0.6279296875,30.311527,15.673273,8.1185255,0.26783624
660369,0.436859130859375,103.63213,47.543373,5.7663183,0.055642184
660370,0.59246826171875,76.37787,25.798298,6.5849795,0.08621581
660359,0.681182861328125,70.678955,20.977404,10.25052,0.1450293
660360,0.686614990234375,89.69692,27.544329,11.639185,0.12976125
660372,0.605194091796875,87.32459,20.440678,9.000233,0.103066415
660373,0.427093505859375,51.15184,22.827612,8.370379,0.16363789
660374,0.5780029296875,101.33775,20.220974,9.091836,0.089718156
660375,0.59490966796875,93.06125,19.656893,10.008739,0.107550025
660376,0.566192626953125,72.54406,26.600092,6.5280533,0.08998743
660377,0.932830810546875,100.54876,19.220114,7.0499053,0.07011429
660378,0.843048095703125,103.75609,18.833939,7.744272,0.07463921
660389,0.91534423828125,83.80063,32.494137,7.4714375,0.0891573
660390,0.806976318359375,103.54411,58.163826,4.4090815,0.042581674
660391,0.783203125,31.538576,20.42116,3.3997567,0.10779677
660392,0.906402587890625,105.1737,31.621479,6.8006864,0.06466147
660393,0.82891845703125,111.27483,63.990448,4.1739697,0.037510455
660394,0.6580810546875,98.478294,19.361835,4.999865,0.05077124
660383,0.895965576171875,95.520355,18.992092,6.440376,0.06742412
660384,0.89996337890625,87.090576,20.138857,6.1348796,0.07044252
660387,0.87921142578125,95.07685,19.600384,5.180894,0.054491643
660388,0.7955322265625,96.15406,20.999685,6.2980013,0.06549907
660395,0.838470458984375,62.372593,38.05856,7.0514193,0.113053165
660396,0.91741943359375,151.61304,64.490974,8.869859,0.05850327
660397,0.845489501953125,45.776573,15.624884,5.1754613,0.11305917
660398,0.876556396484375,71.95394,40.63821,5.6445417,0.0784466
660399,0.883941650390625,155.2415,63.229126,8.313659,0.053553067
397287,0.564727783203125,55.22113,20.614246,7.912011,0.14327869
397289,0.55645751953125,55.016617,23.965343,7.5200686,0.13668722
397290,0.5650634765625,53.435516,21.572647,8.690354,0.16263255
397291,0.517913818359375,47.996758,18.340061,5.303001,0.11048665
397292,0.515289306640625,49.8305,22.437143,6.5584483,0.13161513
397293,0.456573486328125,44.260944,17.63557,5.5025587,0.12432086
397294,0.557708740234375,51.587086,19.684614,7.1773252,0.13913026
397295,0.515472412109375,55.388786,24.36359,7.943569,0.14341475
397296,0.567352294921875,59.23011,21.76,8.743924,0.14762634
397297,0.5465087890625,51.538586,19.734207,8.586793,0.16660902
397298,0.520751953125,56.498066,22.299284,6.0731854,0.10749369
397299,0.6575927734375,72.25423,23.141361,6.4712667,0.08956247
397300,0.529571533203125,68.10459,20.607887,5.0976343,0.07485008
397301,0.658599853515625,85.08109,25.245016,7.3788886,0.086727716
397304,0.70526123046875,83.822716,23.955233,7.72134,0.09211513
397305,0.733612060546875,74.428925,21.632935,5.980746,0.08035513
397306,0.758148193359375,79.12366,19.330389,5.2691293,0.0665936
397308,0.755645751953125,74.1735,20.797474,5.4725914,0.073780954
397309,0.783477783203125,70.10166,19.320187,5.4475017,0.077708595
397310,0.7821044921875,77.26096,21.702925,5.636629,0.07295572
399100,0.6868896484375,98.07095,13.866108,4.684029,0.047761634
399104,0.731414794921875,79.47828,10.634391,3.866138,0.048643958
660401,0.56884765625,94.07924,28.954231,8.663727,0.092089675
660402,0.56903076171875,83.15966,25.291176,8.602816,0.10344938
660403,0.52850341796875,73.522865,29.91185,9.440672,0.12840457
660405,0.60302734375,93.43644,22.651197,6.039986,0.06464273
660406,0.57977294921875,78.50127,28.82357,6.676748,0.08505274
660413,0.63787841796875,87.72874,59.472492,10.899815,0.12424452
660414,0.633514404296875,104.431526,48.37286,9.380721,0.089826524
660415,0.547271728515625,62.085205,29.566738,9.578262,0.15427609
660416,0.6094970703125,94.80412,55.930912,8.600033,0.0907137
660417,0.454254150390625,75.060936,28.298683,6.830763,0.091002904
660418,0.4693603515625,50.574642,23.261522,5.879083,0.11624567
397311,0.809814453125,71.00645,18.352018,5.5671,0.07840274
399103,0.683258056640625,56.62589,6.907059,2.6808584,0.047343332
660409,0.584808349609375,50.232582,22.01599,5.6897936,0.11326899
660419,0.5135498046875,70.70074,36.34842,7.4829955,0.105840415
660420,0.441680908203125,79.183655,36.34594,8.6727705,0.10952728
660421,0.35546875,50.60328,22.147278,4.47542,0.088441305
660422,0.5120849609375,73.829796,25.62663,7.513627,0.101769574
660423,0.54583740234375,62.464275,36.704777,7.5369477,0.12066013
660424,0.49658203125,56.329952,24.263592,5.7687345,0.10240972
660671,0.691986083984375,94.922424,20.095934,5.425346,0.057155576
660672,0.74102783203125,23.870564,14.1554985,6.1583705,0.25799015
660673,0.672576904296875,66.903534,19.127396,5.0933957,0.07613044
660674,0.7769775390625,82.53979,21.236877,8.191465,0.09924263
660683,0.69287109375,94.45789,52.657238,9.0979805,0.09631784
660685,0.616790771484375,59.474594,21.269938,5.875364,0.09878779
660688,0.45477294921875,81.32559,19.300386,9.642475,0.118566304
231113,0.737396240234375,67.92199,15.137478,6.55363,0.096487604
260766,0.460296630859375,59.77332,17.026915,5.686242,0.0951301
260776,0.579010009765625,93.792496,15.468921,6.2180567,0.066295885
260781,0.517547607421875,60.58647,22.338982,4.1997776,0.069318734
276228,0.773345947265625,70.89117,14.170213,5.3729444,0.07579145
276229,0.55084228515625,82.64244,16.953775,4.735325,0.057298947
281361,0.744293212890625,72.67596,15.660237,5.214716,0.07175297
302457,0.61273193359375,96.30979,14.067281,5.931515,0.061587874
303965,0.599822998046875,64.66319,18.37309,4.2928777,0.06638827
307638,0.594329833984375,100.323494,12.982216,5.0618076,0.05045486
432323,0.8087158203125,86.103096,14.794915,5.5185018,0.064091794
433995,0.542449951171875,108.28405,13.454214,6.14357,0.056735687
443435,0.659332275390625,96.31136,12.138281,5.37213,0.055778775
660757,0.558380126953125,42.35858,17.716007,5.0072794,0.11821169
660764,0.298736572265625,98.78343,57.818123,9.671857,0.097909704
660766,0.52490234375,50.83413,11.626779,5.5656013,0.10948552
660767,0.47003173828125,95.48085,59.209675,8.914499,0.09336426
660768,0.571441650390625,61.495647,16.058538,6.1306252,0.09969202
665656,0.587371826171875,44.48018,20.944012,4.5688653,0.102716886
667018,0.53094482421875,66.06558,17.964329,5.4608,0.08265726
667846,0.807464599609375,52.146492,17.917358,5.38788,0.103322
669196,0.640594482421875,55.1302,16.8239,5.1607533,0.09361028
228460,0.70098876953125,89.2899,12.324697,5.2878804,0.059221484
260782,0.41925048828125,57.59441,15.0843315,6.391414,0.11097282
260787,0.610198974609375,73.10348,21.61079,4.3047853,0.05888619
303966,0.703765869140625,58.842937,10.283921,4.2088485,0.071526825
306556,0.676788330078125,79.67304,17.765451,6.273625,0.07874213
412739,0.723724365234375,87.19802,12.306541,4.813981,0.055207457
443434,0.773529052734375,80.95747,10.133052,4.8237414,0.059583645
660770,0.499664306640625,94.458374,27.628872,9.18116,0.09719795
660771,0.61114501953125,39.55947,15.253899,5.9143353,0.14950491
660772,0.599395751953125,62.020416,19.819727,7.5555434,0.12182349
660773,0.470672607421875,97.843094,23.558931,8.702575,0.08894419
660774,0.57928466796875,80.86187,17.191566,7.5823,0.09376855
665657,0.26220703125,57.47847,25.103024,8.662257,0.15070438
665658,0.51312255859375,52.183598,18.721285,8.692947,0.16658391
669202,0.7841796875,84.676796,19.8827,6.4925942,0.07667501
660800,0.7689208984375,98.84438,20.10175,8.089524,0.081841014
660801,0.79168701171875,79.56222,19.676645,4.7072983,0.059164997
660802,0.666839599609375,118.65141,33.329147,6.8378687,0.0576299
660803,0.841583251953125,88.48156,18.767832,4.982463,0.05631075
660812,0.906219482421875,104.571175,18.870789,4.914424,0.04699597
660814,0.59600830078125,90.35873,43.63716,5.305376,0.058714595
660815,0.94482421875,76.44506,19.456375,6.4444027,0.0843011
660816,0.970306396484375,100.82262,40.647274,5.0564346,0.050151788
660817,0.4210205078125,50.10206,22.410904,5.0069513,0.09993504
660810,0.844207763671875,75.62752,20.928734,6.95178,0.0919213
660811,0.6920166015625,58.268124,23.683258,4.267129,0.07323265
660821,0.82110595703125,87.524605,24.035627,4.645721,0.053079028
660823,0.663330078125,54.73109,27.870989,4.95165,0.09047235
660850,0.717376708984375,53.650276,30.853334,4.5253954,0.0843499
660851,0.616790771484375,79.117805,24.264954,8.169781,0.103260964
660852,0.8626708984375,78.19216,17.824625,5.5891795,0.07148005
660853,0.8065185546875,57.376495,28.877834,6.119519,0.10665551
660864,0.756134033203125,69.47879,54.240917,8.731889,0.12567703
660865,0.896514892578125,31.138306,18.026276,6.0483947,0.1942429
660866,0.552520751953125,49.050648,19.761028,6.6785636,0.13615648
660854,0.69366455078125,49.04184,13.731937,4.8731527,0.09936725
660856,0.64605712890625,55.39452,25.817537,5.7112436,0.10310124
660857,0.73382568359375,68.34912,18.264843,9.406332,0.13762185
660859,0.58551025390625,62.96998,34.605003,6.5548425,0.10409472
660861,0.71087646484375,69.94677,27.31894,12.843981,0.18362507
660869,0.773406982421875,61.516277,26.533382,10.460757,0.17004861
660870,0.7254638671875,70.79438,23.887186,9.94275,0.14044547
660871,0.654144287109375,36.986282,18.944107,5.319883,0.14383395
660872,0.685821533203125,84.38059,53.20492,9.022258,0.10692338
660874,0.68951416015625,25.30486,16.67208,4.8562255,0.1919088
660992,0.88494873046875,76.53652,17.283497,7.542409,0.098546535
660993,0.879730224609375,78.72997,18.312141,8.640762,0.10975188
660994,0.872711181640625,75.96692,18.750957,7.857668,0.10343539
660995,0.759002685546875,62.797234,17.190111,7.9125705,0.1260019
660996,0.88897705078125,70.956474,18.200111,9.354779,0.13183828
660997,0.54931640625,59.738388,19.514896,8.137841,0.13622466
661004,0.872222900390625,89.99741,18.053493,8.136317,0.09040612
661005,0.53826904296875,73.74288,17.087545,6.1399617,0.08326176
661006,0.82781982421875,81.61295,53.139984,8.637724,0.10583766
661007,0.866912841796875,78.50762,15.499258,7.2421527,0.09224777
661008,0.891265869140625,80.772125,14.608723,5.6551223,0.07001329
661009,0.799468994140625,110.308815,57.654305,7.8698764,0.07134404
229858,0.856414794921875,79.416275,18.702282,5.2222795,0.0657583
230644,0.648101806640625,83.15417,14.857086,5.6693788,0.06817913
231849,0.86029052734375,49.547817,16.542963,4.020891,0.08115173
234440,0.638458251953125,72.88634,37.637733,9.269578,0.12717853
242163,0.832244873046875,72.07451,20.99102,6.9589024,0.09655151
243143,0.792327880859375,80.39795,11.333356,5.015561,0.062384192
253944,0.792938232421875,93.708885,13.19328,5.364078,0.057241935
260333,0.855987548828125,77.01112,19.458353,4.691035,0.06091373
554737,0.920684814453125,72.5257,7.9267635,2.8986123,0.039966688
559728,0.845489501953125,51.421005,16.897072,5.0974755,0.099132165
665573,0.820037841796875,51.08816,52.54505,6.6525,0.13021608
665574,0.861785888671875,92.21152,39.148083,5.1900244,0.056283906
665575,0.869232177734375,67.555595,53.329594,5.8048816,0.08592747
665576,0.8458251953125,67.67878,50.2005,5.6851707,0.084002264
665577,0.807342529296875,37.263805,31.147879,7.3153157,0.19631156
665578,0.785186767578125,56.091686,49.603985,5.578303,0.099449724
666291,0.706390380859375,74.90893,25.589748,9.567074,0.12771606
666293,0.6324462890625,64.44688,24.494555,8.576742,0.13308236
668629,0.5084228515625,35.260624,21.604227,5.7727304,0.16371606
669647,0.806884765625,67.38646,21.029385,7.1412187,0.105974086
934637,0.591400146484375,50.844418,23.322514,7.892904,0.1552364
934643,0.85552978515625,56.430477,20.212704,6.9726753,0.123562224
934651,0.612060546875,54.095783,20.632336,6.860114,0.12681422
934652,0.42120361328125,51.561874,21.136003,6.3279505,0.122725375
934656,0.57672119140625,37.649593,19.304253,5.991959,0.1591507
229502,0.82061767578125,60.338154,20.357471,7.9007177,0.13094066
230520,0.96051025390625,90.12496,13.970958,4.4074583,0.048903856
231568,0.651092529296875,52.967705,23.725504,10.44846,0.19726095
231571,0.520111083984375,47.932053,23.980251,8.202613,0.17113002
236141,0.95941162109375,76.95843,11.8800955,4.402594,0.05720743
237628,0.903900146484375,67.08123,21.234142,7.5422025,0.11243387
237629,0.915252685546875,76.13161,17.981897,5.0670075,0.0665559
240441,0.915679931640625,83.15781,13.526119,5.140591,0.0618173
241726,0.79962158203125,61.21594,16.361721,4.4895053,0.07333883
242937,0.9437255859375,83.09045,12.788406,4.1172905,0.04955191
244318,0.8662109375,72.999756,16.130598,5.183513,0.07100727
665954,0.88592529296875,45.10603,19.970037,8.318126,0.18441272
665956,0.8712158203125,40.490017,18.596685,8.277311,0.20442845
666862,0.850189208984375,50.06461,17.66908,4.9368935,0.098610446
229504,0.568328857421875,52.76266,23.092604,10.274478,0.19473009
229505,0.79949951171875,69.829605,19.994537,6.5986643,0.09449666
230517,0.9517822265625,65.18959,8.663505,3.1319807,0.048044182
231573,0.464874267578125,55.048317,31.5147,13.239335,0.2405039
231577,0.839752197265625,83.072174,22.440977,8.009396,0.0964149
236140,0.96923828125,64.372826,8.501252,3.7648737,0.058485452
237632,0.912261962890625,71.15756,20.030527,7.7460995,0.108858414
237634,0.8892822265625,71.081604,17.257547,7.939583,0.111696735
241731,0.87054443359375,77.23165,19.741896,7.553361,0.097801365
242934,0.9722900390625,65.57266,8.436843,3.3750217,0.051469952
244324,0.880035400390625,70.49301,16.513168,5.7545013,0.08163223
665957,0.915802001953125,104.322334,71.605576,5.532761,0.05303525
665958,0.9083251953125,55.317127,19.068607,5.8270903,0.10533971
665959,0.90106201171875,59.21581,18.834549,4.782547,0.080764696
665960,0.910308837890625,103.6664,71.41508,6.023929,0.05810879
665961,0.9071044921875,42.534855,17.805815,5.4228606,0.12749216
665962,0.894378662109375,29.841984,15.1122,5.697407,0.19091918
666864,0.83331298828125,45.706913,15.838908,6.7081304,0.14676403
856874,0.7855224609375,51.443707,4.865652,1.7436798,0.033894908
856877,0.90850830078125,49.45865,3.610335,1.3304337,0.02689992
856883,0.73583984375,77.789154,14.822943,3.5516891,0.045657896
856887,0.917327880859375,78.68778,6.978142,2.5169525,0.03198657
861174,0.844757080078125,34.41263,10.578794,3.6559396,0.10623831
862325,0.853515625,80.94547,11.134469,4.437371,0.05481926
864596,0.93646240234375,102.993484,14.757534,5.3003454,0.05146292
864597,0.93743896484375,97.13813,13.454385,6.119224,0.062995076
865790,0.878021240234375,55.520557,7.4021287,3.4755468,0.06259928
902261,0.805755615234375,49.025375,3.7598586,1.2735195,0.025976742
902265,0.72503662109375,49.226955,4.5378385,1.3477216,0.027377715
902271,0.890411376953125,74.24074,7.29155,2.2468834,0.03026483
902275,0.783843994140625,76.655716,11.562484,4.0253253,0.052511744
904063,0.844451904296875,41.86043,12.03686,4.2549796,0.10164682
905756,0.9140625,95.52501,12.666376,4.339159,0.045424324
906227,0.857269287109375,64.43231,6.0840297,2.0912783,0.03245698
906228,0.86175537109375,54.002693,6.0101013,2.0735989,0.038398065
856880,0.600982666015625,53.796474,6.995549,2.2765658,0.04231812
856881,0.81939697265625,49.35348,4.457915,1.681542,0.034071397
856889,0.695159912109375,80.05316,9.553899,3.4629374,0.04325797
856890,0.874420166015625,77.95215,7.379004,2.4514024,0.03144753
861178,0.840667724609375,33.91578,10.871313,4.5226865,0.1333505
862326,0.778533935546875,70.08968,9.573977,3.5079427,0.050049342
864599,0.915618896484375,104.89358,11.207337,4.7456584,0.045242604
865792,0.85931396484375,67.68211,6.0931973,3.6171224,0.05344281
902266,0.529632568359375,48.179142,3.7895064,1.2111372,0.025138205
902268,0.81658935546875,50.29752,4.4363623,1.559228,0.031000096
902270,0.700836181640625,49.39961,4.931094,1.6812118,0.034032896
902278,0.8885498046875,72.67478,7.8937154,3.1934412,0.04394153
902280,0.762939453125,72.96072,8.2615385,3.3331194,0.045683753
904070,0.871734619140625,38.19006,11.761179,3.9808826,0.10423871
904942,0.868499755859375,114.25602,13.061161,4.9776363,0.04356564
904956,0.580078125,81.282936,7.785011,2.8368027,0.03490035
904975,0.826812744140625,66.73185,7.5422964,2.4457483,0.03665039
906635,0.876312255859375,78.210625,5.7113705,2.3778098,0.030402644
906637,0.848236083984375,76.924774,5.590768,2.3905249,0.031076137
529061,0.853607177734375,104.75879,17.49217,5.38624,0.051415637
529062,0.81915283203125,91.40195,16.635662,4.408346,0.04823033
529063,0.86273193359375,122.24294,16.996344,7.3598795,0.06020699
529064,0.837860107421875,113.594536,17.63706,5.272918,0.046418767
529065,0.806854248046875,119.8857,19.390476,5.231885,0.04364061
529066,0.83935546875,114.10053,16.331022,6.592078,0.057774298
529067,0.81915283203125,115.91297,16.941027,6.2482595,0.05390475
529068,0.715545654296875,114.64004,23.034847,6.0178833,0.052493732
586619,0.851348876953125,98.17457,13.5518265,6.834244,0.06961318
590438,0.79876708984375,125.094864,17.436556,5.1929736,0.041512284
590439,0.388763427734375,97.38936,22.564016,8.806732,0.09042808
590440,0.753631591796875,81.97947,18.924501,5.9202294,0.072216004
590441,0.831146240234375,114.18314,17.890083,7.7063646,0.06749126
590442,0.843414306640625,130.50252,17.48538,5.63688,0.04319365
590443,0.749359130859375,50.39536,18.844294,4.391297,0.08713693
590444,0.81640625,138.64548,17.033674,6.0110607,0.04335562
590445,0.8497314453125,135.34909,15.067783,6.465238,0.047767133
590446,0.63330078125,84.49513,15.730557,5.066089,0.059957173
590447,0.8272705078125,135.06854,16.381077,6.004684,0.044456568
590448,0.82720947265625,135.39073,15.663459,6.1570826,0.045476396
590449,0.6737060546875,46.15451,18.636772,5.032697,0.1090402
609035,0.8494873046875,101.2915,12.297933,5.8512454,0.057766404
609039,0.85467529296875,106.33296,12.3639145,5.6424212,0.05306371
611426,0.86419677734375,127.82796,15.308385,6.023604,0.047122743
611427,0.842803955078125,120.35105,14.330899,4.942097,0.041064013
611428,0.7613525390625,88.27056,14.806737,4.6114354,0.052242056
611429,0.835052490234375,119.416435,14.278187,5.171676,0.043307908
611430,0.8028564453125,120.796906,14.332505,4.39642,0.036395136
611431,0.73919677734375,110.87276,13.363774,4.4956427,0.040547766
611432,0.85650634765625,139.6842,14.804072,5.6469736,0.040426716
611433,0.834381103515625,119.26257,14.174123,4.904949,0.041127313
611434,0.789215087890625,142.8063,15.3033,5.9694943,0.041801337
611435,0.8653564453125,108.82297,14.722133,7.473553,0.06867625
611436,0.83074951171875,116.430534,13.566006,4.8210464,0.041407064
611437,0.70623779296875,96.19458,12.986671,4.86365,0.050560538
667583,0.822052001953125,107.60107,16.726557,7.2845063,0.0676992
667584,0.76513671875,109.00267,14.7090845,4.230764,0.038813397
667585,0.68548583984375,97.77094,14.469235,4.5056443,0.046083674
667586,0.77264404296875,103.4182,15.151758,4.4558935,0.043086164
667587,0.746673583984375,109.8008,15.265237,4.1532426,0.03782525
667588,0.65478515625,90.93489,17.15079,4.213623,0.046336703
668504,0.8265380859375,109.94602,18.873457,8.142169,0.07405606
668505,0.812286376953125,97.82259,17.039028,6.931994,0.07086291
668506,0.73040771484375,102.5946,19.287146,4.7063556,0.04587333
668507,0.820037841796875,111.40467,17.383863,5.695799,0.05112711
668508,0.834136962890625,110.4226,15.5796,4.129459,0.037396863
668509,0.717376708984375,102.56749,19.114017,7.852778,0.076562054
1041536,0.8214111328125,33.65734,11.019951,5.26495,0.15642798
1042350,0.82244873046875,98.6672,11.387208,5.0163145,0.05084075
1043394,0.823577880859375,69.75333,4.8353972,1.9817728,0.028411157
1043410,0.794586181640625,111.95967,9.988333,3.9163873,0.034980338
1043732,0.823577880859375,83.01108,8.723724,3.533302,0.042564224
230685,0.48419189453125,82.81804,11.0619135,3.1996522,0.038634725
233338,0.81298828125,80.35672,11.96537,5.270795,0.06559246
234362,0.262542724609375,68.60281,21.285032,6.5146766,0.09496224
262572,0.589080810546875,86.62254,21.831343,4.973493,0.05741569
417806,0.827178955078125,86.12699,11.1615505,4.791637,0.055634554
516869,0.721832275390625,78.90272,24.634327,6.126055,0.07764061
541821,0.72406005859375,72.1508,23.611582,5.862823,0.0812579
611567,0.825347900390625,81.48271,14.6599,6.6487646,0.081597246
667649,0.6976318359375,80.086136,19.544521,6.810818,0.08504366
667651,0.42620849609375,38.73407,18.80279,7.423851,0.19166204
796154,0.867401123046875,91.597336,13.312437,3.3528867,0.03660463
861419,0.853240966796875,51.830822,10.549503,4.8584833,0.09373734
944580,0.832122802734375,83.92709,8.7620535,3.3235915,0.039600935
231213,0.4671630859375,74.16383,20.020752,7.9119916,0.10668261
233663,0.55682373046875,61.384468,25.78381,4.2245693,0.06882147
237961,0.93377685546875,37.101414,13.329621,3.0747383,0.08287388
237962,0.9554443359375,80.68516,18.543518,4.7228074,0.05853378
242226,0.94049072265625,88.443214,18.971273,3.6777465,0.04158314
259464,0.76605224609375,108.12764,16.607798,5.469463,0.050583392
267541,0.581207275390625,43.577263,11.825314,3.8742328,0.08890491
267545,0.9320068359375,48.79237,15.33473,3.7953181,0.077785075
285791,0.848419189453125,93.25222,17.180334,4.3652115,0.046810806
406131,0.813568115234375,66.08991,16.834698,6.355936,0.096171044
406132,0.9210205078125,91.42959,19.06058,3.289681,0.035980485
417741,0.5841064453125,91.76306,12.855164,5.381937,0.058650363
438090,0.94970703125,98.00324,19.830822,3.4440265,0.035141964
667765,0.83843994140625,43.60217,15.102063,3.857167,0.08846273
667766,0.870697021484375,52.968807,14.760051,4.8406,0.09138586
669796,0.7254638671875,56.713528,20.866285,3.2568355,0.057426076
228823,0.713958740234375,109.63779,16.678936,7.0520086,0.06432097
229919,0.555206298828125,64.81993,23.94166,7.7033715,0.11884264
236265,0.655517578125,98.87425,14.316041,5.206493,0.052657723
241872,0.731903076171875,84.92678,21.39829,6.3277545,0.074508354
243473,0.760650634765625,123.21934,20.263897,8.120973,0.065906644
243477,0.470184326171875,85.15208,20.351955,5.495736,0.064540245
243478,0.6466064453125,48.21715,23.0607,6.741812,0.13982187
254337,0.724517822265625,113.90906,22.139421,6.1347356,0.053856432
254342,0.612213134765625,101.53337,27.744411,4.7501836,0.046784457
254345,0.514923095703125,118.42702,33.092033,5.48519,0.04631705
262947,0.351593017578125,64.72849,27.841429,3.986096,0.061581783
262950,0.475921630859375,90.78769,37.91344,4.399082,0.048454612
262953,0.504119873046875,97.53448,45.51258,5.316152,0.054505363
276424,0.483306884765625,75.367935,27.843473,3.8054333,0.05049141
276426,0.78497314453125,64.02208,17.271242,5.5956655,0.08740212
283621,0.58941650390625,107.94745,34.168915,7.47869,0.06928084
283627,0.8228759765625,56.628876,25.425089,7.7956524,0.13766214
309497,0.573883056640625,123.71183,33.43595,7.2837605,0.05887683
310574,0.713653564453125,100.63092,13.766537,4.6632833,0.04634046
410507,0.578216552734375,110.95677,28.8625,3.0069485,0.02710018
410508,0.4232177734375,93.46741,21.95419,7.130033,0.076283626
433921,0.709991455078125,102.50913,14.815354,5.8471794,0.057040572
446644,0.87744140625,104.42331,16.386057,5.633902,0.053952534
446649,0.664520263671875,116.35752,25.474688,4.163157,0.03577901
667787,0.811187744140625,81.50751,17.688553,6.68974,0.08207514
667792,0.754638671875,43.176964,19.302351,3.9853833,0.09230346
236264,0.77496337890625,94.72348,13.612971,5.0534735,0.053349745
241877,0.509429931640625,80.13437,23.846437,9.104723,0.1136182
260001,0.85784912109375,78.414406,9.779332,4.092617,0.05219216
262955,0.512481689453125,51.77562,23.620123,8.31423,0.16058195
262956,0.358062744140625,61.6936,34.005672,7.3320785,0.11884666
262961,0.768218994140625,70.41612,16.412577,5.5548177,0.07888559
262965,0.5751953125,56.350967,23.39366,5.313727,0.09429699
276436,0.606781005859375,58.19509,30.224611,3.8164415,0.06558013
276437,0.657318115234375,96.510376,16.632122,5.442476,0.05639265
280085,0.84759521484375,89.80082,11.15941,3.470669,0.038648523
283636,0.683135986328125,84.448425,32.176167,5.126297,0.06070329
283639,0.66448974609375,83.6567,37.218422,5.014153,0.059937254
309507,0.744598388671875,101.06693,21.235174,5.08264,0.050289843
309509,0.346588134765625,87.04913,30.252228,6.3542805,0.07299648
309512,0.66192626953125,111.210464,22.027287,4.2746134,0.03843715
387033,0.818695068359375,50.539455,14.957966,5.6975474,0.112734646
387040,0.734130859375,80.64811,24.741076,5.1384306,0.06371421
407667,0.792816162109375,89.15636,11.694083,4.5275593,0.050782237
410512,0.86578369140625,93.37057,18.384129,6.2820973,0.06728134
410517,0.851837158203125,94.09247,17.616713,5.1997156,0.05526176
412669,0.8631591796875,89.75353,11.196114,3.6963873,0.04118375
432039,0.7548828125,82.51896,19.272459,5.693601,0.06899749
432042,0.75958251953125,75.37802,17.772211,6.5131454,0.086406425
432046,0.63897705078125,87.105835,28.23937,4.7178993,0.054162838
433924,0.7381591796875,91.07946,10.724297,3.2015674,0.035151366
446653,0.853271484375,93.58548,13.9748335,4.95797,0.052977987
448118,0.7840576171875,89.65561,11.160668,3.529045,0.039362233
667798,0.76348876953125,72.52694,19.234875,4.9113145,0.067717105
1104339,0.9345703125,69.94697,13.368128,6.8387666,0.097770736
1133069,0.575592041015625,97.833466,25.108294,4.4003644,0.044978112
1133070,0.82421875,95.8349,13.235166,5.5348806,0.05775433
228381,0.9752197265625,93.407,10.59197,4.012737,0.0429597
229041,0.913482666015625,60.284836,13.009536,5.604288,0.09296348
229042,0.92303466796875,103.1136,14.216278,4.941049,0.0479185
240107,0.954620361328125,83.34049,10.423519,4.53652,0.054433566
241062,0.959014892578125,113.845184,16.324356,6.816317,0.059873566
241063,0.822021484375,78.20987,12.627409,3.8605297,0.04936116
241065,0.842987060546875,80.01774,14.189989,4.6574216,0.058204863
243031,0.95947265625,98.099174,13.025705,5.677894,0.057879124
256354,0.94329833984375,89.07415,14.747198,6.5166283,0.07315959
256355,0.970794677734375,110.815285,19.26009,4.725194,0.042640273
260823,0.8675537109375,92.78957,13.249225,4.6336856,0.04993757
277030,0.842498779296875,46.884777,10.660531,3.4055212,0.07263597
277036,0.80908203125,93.60463,14.885433,4.5494275,0.048602592
277039,0.852783203125,68.34723,14.354535,4.6877246,0.0685869
281587,0.884918212890625,41.000896,10.202391,3.9644907,0.09669278
281596,0.82366943359375,78.17684,15.30583,4.248147,0.054340225
302985,0.407684326171875,113.12022,27.405148,6.116768,0.054073162
302986,0.939239501953125,108.632225,15.294395,5.324014,0.049009528
387820,0.9541015625,107.91537,14.337766,4.55988,0.04225422
415635,0.900360107421875,79.50652,18.310997,5.6833525,0.071482845
512838,0.952789306640625,144.3515,11.548734,4.21898,0.029227128
516951,0.853485107421875,105.23238,13.504823,4.104693,0.039005987
523875,0.944854736328125,90.662125,8.362125,3.764285,0.04151993
541070,0.906341552734375,104.17758,12.81093,4.173925,0.040065482
541071,0.8515625,85.92937,13.222676,4.021956,0.04680537
541074,0.610321044921875,101.72909,13.5978985,4.4079657,0.043330435
559343,0.793914794921875,44.029984,8.043053,2.8950334,0.0657514
559346,0.724884033203125,62.903214,15.277434,5.221277,0.08300494
559348,0.806304931640625,86.788086,11.249496,3.669109,0.042276643
591886,0.8900146484375,84.30658,17.34001,6.7859373,0.08049119
611380,0.840667724609375,65.01466,11.052974,3.8841193,0.059742205
669047,0.891693115234375,101.4917,16.770367,8.326585,0.08204203
676575,0.820953369140625,53.05851,14.197658,5.8343477,0.10996064
693519,0.930572509765625,52.737743,13.810975,5.3196197,0.100869305
700888,0.96478271484375,64.19893,5.317948,2.2496176,0.03504136
706846,0.626068115234375,64.32971,8.4420805,4.3275843,0.06727193
725628,0.54925537109375,49.70858,4.0629187,2.3529544,0.047334976
725633,0.779205322265625,75.58446,9.109256,4.264024,0.05641403
730439,0.9505615234375,91.83061,21.279078,6.511595,0.07090876
765553,0.601165771484375,51.56282,7.3268113,2.2106519,0.04287298
765609,0.784332275390625,73.94569,18.496284,3.3364534,0.045120325
789389,0.74462890625,71.10164,10.669353,3.6462238,0.051281855
789391,0.0,,,,
799333,0.851226806640625,44.268776,2.2344718,1.348582,0.030463504
799336,0.965179443359375,76.679924,6.812437,3.0357826,0.039590318
819145,0.316680908203125,77.34374,8.459467,3.7208776,0.04810832
897014,0.90679931640625,74.2445,9.0856695,3.750215,0.050511688
1056866,0.685455322265625,63.150616,6.8355665,2.3440716,0.037118744
1059389,0.904327392578125,81.53579,9.453304,4.688058,0.057496935
1081907,0.497467041015625,62.873566,5.4777656,1.9953052,0.0317352
1083006,0.86279296875,55.095997,11.821742,7.003909,0.12712193
1083769,0.8115234375,80.89715,8.697738,3.1480234,0.0389139
1102839,0.5550537109375,69.69128,7.177766,2.9814548,0.04278089
1105098,0.777374267578125,93.44698,10.146914,3.7007132,0.039602276
1130649,0.8953857421875,57.45484,10.355842,4.98629,0.08678625
1132232,0.91925048828125,71.758514,6.0743284,3.175194,0.044248324
1133064,0.7021484375,68.99939,6.390262,2.7015076,0.03915263
1133073,0.578582763671875,92.931435,11.611462,5.295648,0.056984466
1133075,0.461090087890625,103.47098,24.275803,7.0687175,0.068315946
1133078,0.758453369140625,97.909706,11.253158,5.000703,0.05107464
229050,0.951080322265625,104.45936,14.483924,4.421075,0.042323396
237573,0.91314697265625,45.77732,13.756799,4.7763877,0.10433961
243030,0.915008544921875,81.75726,9.283247,4.49831,0.05502031
268106,0.862884521484375,72.41326,21.032053,5.0334153,0.06950958
277043,0.589691162109375,95.47586,14.549708,6.980009,0.07310758
281599,0.87493896484375,86.07436,15.393232,5.901985,0.068568446
281608,0.662078857421875,42.843605,14.765535,7.7483344,0.1808516
292978,0.905517578125,82.42235,10.282605,5.0451837,0.061211355
402606,0.9454345703125,100.86985,16.701496,6.4230967,0.06367707
520307,0.71160888671875,38.261387,8.964674,3.522323,0.09205947
537287,0.90728759765625,79.60037,6.704189,3.5894356,0.0450932
541083,0.82550048828125,102.59316,14.396069,3.6806366,0.035876043
541092,0.805938720703125,96.085045,14.573645,3.6950016,0.038455535
582316,0.906341552734375,113.53214,11.583333,6.484602,0.05711688
582321,0.748291015625,91.07259,14.541735,5.18934,0.05698026
611396,0.297119140625,79.711075,11.717515,6.590615,0.08268129
611401,0.906890869140625,94.498604,14.975707,4.501583,0.047636505
669058,0.9239501953125,110.69758,13.122019,5.703975,0.051527552
682750,0.737884521484375,74.1254,7.0282516,2.5821025,0.03483425
700889,0.888031005859375,44.176296,2.8898566,1.692975,0.038323157
706848,0.0,,,,
706854,0.86883544921875,67.878395,15.180219,6.3350515,0.09332942
730445,0.892730712890625,75.73541,15.722187,6.0815682,0.08030019
733038,0.961334228515625,113.16853,9.658139,5.317718,0.04698937
765559,0.23724365234375,47.985466,7.658902,2.9076824,0.060595065
768646,0.885772705078125,54.65957,5.4539437,3.8829498,0.07103879
789397,0.0,,,,
794389,0.719024658203125,91.73426,9.356484,3.2467337,0.035392813
798285,0.931793212890625,116.766846,10.132061,4.4462647,0.038078144
799339,0.881439208984375,64.0949,4.375705,2.9218793,0.045586765
819148,0.682586669921875,74.44199,7.724218,3.8439817,0.051637277
819149,0.76446533203125,76.2386,9.782629,4.07885,0.05350111
856632,0.551055908203125,68.46791,8.25199,2.8584094,0.041748162
861064,0.893890380859375,81.23929,17.633045,6.179305,0.076063015
897034,0.68499755859375,68.73862,5.120579,1.7033443,0.02478002
897901,0.8951416015625,61.12171,12.47378,4.384435,0.07173286
966410,0.879669189453125,83.25138,9.99157,5.888832,0.07073555
586658,0.712310791015625,91.18761,7.808567,4.4037566,0.048293367
590594,0.766815185546875,116.162094,13.186867,5.436519,0.046801146
590595,0.77447509765625,134.49712,16.959017,8.849056,0.06579365
590596,0.621795654296875,111.0398,12.846184,5.7203484,0.051516198
590599,0.610931396484375,113.3664,12.626607,5.650251,0.049840614
590600,0.735198974609375,115.07289,12.33669,5.067936,0.044041093
590601,0.707275390625,139.55023,14.570928,7.029375,0.050371647
590602,0.607452392578125,117.27089,13.3069935,5.404316,0.046084035
590603,0.735870361328125,117.64235,12.890283,5.8401403,0.04964318
590604,0.732391357421875,112.349556,15.809068,8.432708,0.075057775
590605,0.6097412109375,109.32503,12.243291,4.8499103,0.044362307
601541,0.66412353515625,89.23376,7.40763,3.789304,0.042464916
601543,0.7529296875,96.36434,8.680972,4.6210165,0.047953594
601545,0.66278076171875,98.60724,8.620077,4.51927,0.045831017
605621,0.8121337890625,106.18991,12.270557,4.805017,0.04524928
605622,0.187591552734375,100.02944,14.567446,7.8631926,0.07860878
605624,0.817779541015625,105.346085,12.77761,6.245431,0.05928489
605625,0.80877685546875,110.37511,12.707349,4.5599427,0.041313145
605626,0.72308349609375,97.912384,16.865881,6.6763124,0.068186596
605627,0.8160400390625,107.092186,12.340391,5.097476,0.047598954
605628,0.829345703125,112.444954,12.900447,4.621787,0.041102663
605629,0.65802001953125,105.63162,12.15436,5.032852,0.04764532
605630,0.770904541015625,114.918846,11.788004,4.78515,0.041639384
605631,0.73077392578125,104.10156,14.257212,5.791012,0.055628482
605632,0.647491455078125,102.14276,13.865314,5.184594,0.050758313
609656,0.848175048828125,97.29795,8.779101,4.573341,0.047003467
609658,0.84027099609375,96.25975,8.586855,4.368059,0.045377836
609660,0.832733154296875,102.51035,9.481028,4.9415617,0.048205487
614024,0.864593505859375,103.83548,13.795265,7.472868,0.07196835
614025,0.8333740234375,109.54812,15.012342,8.168706,0.07456729
614026,0.836639404296875,97.703705,17.349777,5.856275,0.05993913
614027,0.78961181640625,100.10857,13.934305,7.41678,0.07408737
614028,0.8338623046875,110.324295,15.154099,8.234295,0.07463718
614029,0.782012939453125,96.752235,16.720592,7.4828115,0.07733993
614030,0.800628662109375,120.70193,14.456303,7.993754,0.06622723
614031,0.785125732421875,109.26793,15.11184,8.142853,0.07452189
614032,0.729034423828125,98.02663,16.451288,6.92325,0.07062622
614034,0.831329345703125,121.65736,15.221059,7.9622283,0.06544798
614035,0.7791748046875,108.03587,17.139423,5.679636,0.05257176
668546,0.2987060546875,100.01512,15.115013,4.733601,0.047328856
668547,0.624267578125,140.66646,18.12628,6.015486,0.04276418
668548,0.56585693359375,107.17992,26.425238,4.8961186,0.045681305
668549,0.9136962890625,112.961655,12.580551,5.6177783,0.049731728
668550,0.932373046875,124.757,13.256495,4.2260103,0.033873934
668551,0.81982421875,110.49155,16.44089,4.2692976,0.038639132
230272,0.70806884765625,102.72977,14.847032,5.280071,0.05139767
230274,0.739532470703125,105.89209,17.84401,5.1965647,0.049074154
231081,0.74615478515625,104.092354,23.088924,10.404488,0.09995439
232981,0.734954833984375,110.37856,20.594494,6.388436,0.057877503
233626,0.448883056640625,68.647156,26.460917,6.5116396,0.09485666
233627,0.537017822265625,54.056656,25.882149,7.1851664,0.13291918
233630,0.663421630859375,103.511154,20.272524,6.063647,0.058579646
668903,0.8502197265625,104.43367,18.454966,7.285907,0.06976588
543147,0.847900390625,79.88612,23.648561,6.294928,0.07879877
543152,0.89971923828125,104.29771,16.293556,7.138122,0.06843988
543153,0.816253662109375,76.52559,17.225838,5.354711,0.06997282
592380,0.756866455078125,94.9754,13.523337,6.118642,0.064423434
592387,0.8162841796875,78.81569,18.522972,6.3569865,0.08065636
592390,0.827972412109375,96.42855,18.083895,6.355589,0.065909825
608662,0.886962890625,83.45506,17.373074,5.8120427,0.06964278
608664,0.869232177734375,97.26679,13.857809,4.3684287,0.04491182
608668,0.875823974609375,61.59483,16.38098,5.012641,0.081380874
677064,0.928985595703125,119.07802,13.390457,6.2886467,0.052811146
677074,0.816436767578125,82.14675,9.538951,3.4580882,0.04209647
677079,0.833892822265625,44.443478,12.22464,5.643632,0.12698448
518313,0.842620849609375,73.0506,18.351706,8.090557,0.11075278
518314,0.731842041015625,58.672115,16.757551,6.742922,0.1149255
518318,0.6898193359375,55.48089,20.440329,7.2106314,0.12996604
523403,0.8133544921875,82.73908,10.717862,5.568026,0.0672962
537378,0.878936767578125,77.83674,9.226538,3.9019156,0.050129484
541444,0.896453857421875,78.94509,16.42462,4.9286737,0.062431667
541455,0.6300048828125,64.29427,21.888744,6.9388165,0.10792278
554049,0.9017333984375,76.65896,9.58048,3.9572835,0.051621933
556792,0.668609619140625,55.23196,16.148735,5.143952,0.09313361
556795,0.849334716796875,76.53591,19.096796,7.486671,0.09781906
515671,0.760101318359375,35.948246,12.618651,5.6347365,0.15674579
515672,0.74847412109375,62.771835,22.231054,5.2307086,0.08332891
518326,0.744842529296875,59.955914,17.070715,7.281503,0.12144762
518331,0.746063232421875,66.20342,16.974232,7.649692,0.11554829
518334,0.776275634765625,76.7563,17.482052,7.9275475,0.10328204
518335,0.797576904296875,80.010826,17.771091,8.001851,0.100009605
537379,0.893218994140625,76.659676,7.5277996,3.5742245,0.04662457
541462,0.75384521484375,76.154724,17.184046,7.2563577,0.09528441
554054,0.880645751953125,85.865234,9.09556,4.0891347,0.047622703
556804,0.692779541015625,62.772697,15.8698435,5.541944,0.0882859
528167,0.735504150390625,96.056305,19.647474,5.78813,0.060257677
554394,0.74456787109375,72.826096,7.4928203,3.3620486,0.046165437
558229,0.720703125,81.64973,16.570446,4.180686,0.051202696
558231,0.79248046875,80.21372,14.990347,6.1410227,0.076558255
580714,0.60943603515625,102.417175,23.306774,9.861645,0.09628897
580718,0.691253662109375,42.698555,11.903326,4.075247,0.095442265
586534,0.746856689453125,76.272385,6.7876062,3.197701,0.041924756
590058,0.700592041015625,91.94368,15.811267,4.5304527,0.049274217
590059,0.645843505859375,71.90148,18.226843,4.399702,0.061190702
590064,0.7257080078125,106.80967,18.763496,5.0969973,0.047720373
601809,0.7386474609375,75.75347,7.353685,3.1744428,0.041904915
606712,0.58197021484375,73.407135,20.85388,5.7143474,0.077844575
606714,0.651611328125,94.7544,15.842557,4.1230855,0.04351339
606718,0.529022216796875,82.7148,18.009785,4.1781006,0.05051213
606721,0.567657470703125,76.84942,18.948025,4.7350135,0.061614174
1016516,0.915740966796875,88.3109,8.226422,2.9399095,0.03329045
1041765,0.81768798828125,29.905464,9.844597,4.615436,0.1543342
1044449,0.8824462890625,98.04738,9.361463,1.6473825,0.016801903
1064105,0.896820068359375,67.16262,6.0971694,1.2277099,0.01827966
1089811,0.9053955078125,36.808853,11.939769,5.5708795,0.15134618
1103595,0.36083984375,68.71296,4.9604473,1.8313222,0.026651774
1103606,0.81011962890625,102.8066,10.792019,1.6947718,0.016485048
1103608,0.7918701171875,94.097885,11.529888,3.7761824,0.040130366
1133775,0.981475830078125,35.53988,7.988742,3.4357922,0.09667428
1134260,0.9208984375,74.9036,7.32951,2.5336192,0.033825066
1135912,0.716888427734375,64.401306,5.228571,1.6037904,0.024903072
1135925,0.864166259765625,96.62394,8.665561,1.9304609,0.019979116
255785,0.681793212890625,86.612236,31.258486,5.8542237,0.06759118
263015,0.91265869140625,92.091156,14.43599,3.902316,0.04237449
263020,0.92633056640625,131.53044,17.399914,4.504158,0.034244224
280885,0.91998291015625,116.451004,17.519415,3.560652,0.030576397
411366,0.834503173828125,73.0682,20.338663,6.6615815,0.091169365
511453,0.7808837890625,114.311745,10.627823,2.9573085,0.025870558
513777,0.938873291015625,114.8602,13.15458,3.6464288,0.03174667
523803,0.905853271484375,98.60914,11.982451,2.7072864,0.02745472
559951,0.933868408203125,109.45387,13.332462,3.4726632,0.031727184
581700,0.93609619140625,88.304985,16.537607,4.7378535,0.053653296
581704,0.92401123046875,103.48005,13.499242,3.4573016,0.033410322
588249,0.92779541015625,59.696598,13.027004,3.4819915,0.05832814
603534,0.919586181640625,104.05648,12.732416,4.078074,0.039190967
613532,0.932281494140625,78.63462,11.91654,4.129709,0.052517693
613537,0.885528564453125,63.809284,13.794682,4.06895,0.063767366
613540,0.821380615234375,58.411777,18.481209,6.9692965,0.1193132
613543,0.910614013671875,82.221954,11.781583,3.6021526,0.043810107
705267,0.95745849609375,53.12383,11.765372,4.2219667,0.07947407
721337,0.880645751953125,73.44325,9.697192,2.0856445,0.02839804
731247,0.82391357421875,91.69909,8.385712,4.016032,0.043795772
757726,0.965972900390625,54.349762,12.095724,3.5143116,0.064661026
762363,0.61566162109375,48.646526,4.143794,1.3244785,0.027226578
827464,0.59454345703125,48.413048,5.0998306,1.5594021,0.03221037
828763,0.92559814453125,48.06594,3.7523577,2.3809366,0.049534798
868675,0.831878662109375,72.44928,8.334562,1.8362402,0.025345182
872537,0.94775390625,52.78864,10.309011,3.2467859,0.061505392
896827,0.800445556640625,50.318275,5.0740414,1.5164577,0.030137314
896837,0.5347900390625,73.94339,7.4825974,2.1365051,0.028893795
900135,0.96484375,111.71527,9.822239,3.6038988,0.03225968
901428,0.976654052734375,53.875263,4.542508,1.998632,0.037097394
934927,0.859710693359375,110.6353,17.023006,5.5185575,0.04988062
935109,0.652740478515625,55.84132,17.819326,5.2713366,0.09439849
935116,0.710052490234375,107.88683,18.349924,5.412648,0.050169684
943990,0.97918701171875,41.716354,9.259586,3.7325726,0.08947504
946280,0.958770751953125,90.84591,7.646957,3.0743418,0.03384128
969415,0.8800048828125,99.00617,7.255582,2.2377362,0.022601986
970837,0.786285400390625,64.97807,5.6937923,1.7289389,0.026608037
997374,0.905059814453125,91.3498,9.7212925,3.6358569,0.039801475
1041770,0.8619384765625,31.139818,11.005833,5.366743,0.17234343
1044445,0.529052734375,65.04424,6.659482,1.4827044,0.022795321
1103603,0.392333984375,67.423,4.556973,1.5181761,0.022517186
1135920,0.824676513671875,95.23165,9.033286,2.4617062,0.025849665
228796,0.868194580078125,81.59974,8.645032,3.432599,0.0420663
228798,0.828521728515625,85.75016,9.307845,3.332659,0.038864754
230475,0.819793701171875,84.1945,9.195439,3.2309246,0.038374532
233242,0.916595458984375,84.979126,9.855483,4.1137567,0.048409026
236172,0.71148681640625,77.1334,12.623231,5.808782,0.075308256
237693,0.83648681640625,73.01511,30.872849,6.131336,0.08397353
237696,0.83856201171875,93.29831,26.840078,4.55148,0.048784163
241947,0.9171142578125,116.12731,17.555346,4.4506774,0.038325846
241951,0.873016357421875,97.0057,22.765848,3.9638727,0.040862266
255797,0.894744873046875,93.294624,17.219948,3.7704468,0.040414404
278768,0.86962890625,107.84503,14.355518,3.2431936,0.030072723
285608,0.75579833984375,58.650692,22.97936,8.205725,0.1399084
285610,0.919769287109375,107.436676,15.129353,4.1703925,0.038817216
411372,0.895477294921875,116.416115,16.66505,5.1250367,0.04402343
432868,0.832275390625,103.1382,22.53844,3.7175322,0.036044184
441338,0.826019287109375,108.88824,15.095414,3.8802967,0.03563559
519992,0.81561279296875,81.2801,25.46706,5.45793,0.06714965
519997,0.608551025390625,83.18364,19.241333,6.533241,0.078539975
539336,0.93218994140625,110.91299,14.279495,4.8623495,0.043839317
581712,0.5091552734375,56.070007,27.530518,6.9873996,0.1246192
581714,0.876495361328125,98.60879,16.868616,5.4259653,0.05502517
588259,0.6239013671875,92.674675,24.560398,6.2197747,0.06711407
588265,0.7786865234375,90.985146,21.93489,3.8541944,0.0423607
588267,0.916778564453125,80.384476,13.115881,3.3591416,0.041788436
603547,0.849456787109375,47.59296,14.686986,4.502817,0.09461099
613545,0.882965087890625,77.27737,15.553653,5.4850917,0.070979275
673352,0.946746826171875,75.518776,7.55231,2.555609,0.03384071
673354,0.695770263671875,76.02004,9.351717,3.4676433,0.045614857
673361,0.954071044921875,48.22285,10.106319,2.938211,0.06092985
693968,0.952423095703125,52.99753,13.936232,5.393774,0.10177406
701027,0.991668701171875,42.901093,3.501364,1.4637628,0.034119476
721332,0.81939697265625,49.318844,4.120094,1.5125757,0.030669328
721335,0.194671630859375,48.624863,4.42391,1.638864,0.03370424
721342,0.824127197265625,76.8277,8.089395,2.2116554,0.028787214
721345,0.925811767578125,72.92089,6.259199,1.5996113,0.021936255
726899,0.9559326171875,61.425426,13.323541,5.7007794,0.092808135
827465,0.600189208984375,51.065594,5.1863594,1.6660537,0.032625757
896832,0.370391845703125,52.23169,5.706367,1.5686343,0.030032232
896838,0.5718994140625,72.62455,9.23283,2.7235808,0.037502207
896839,0.644012451171875,68.10032,7.795947,2.825015,0.04148314
897855,0.9603271484375,46.163944,10.914538,4.6052017,0.099757545
935341,0.791473388671875,61.515984,14.528387,4.4270124,0.07196524
935485,0.81365966796875,126.206924,19.470491,8.492125,0.06728731
935490,0.629180908203125,78.28146,26.587523,5.31161,0.06785272
943991,0.844757080078125,43.60558,11.194033,4.825907,0.11067178
228562,0.63043212890625,84.65006,9.067591,3.4736001,0.04103482
229407,0.625946044921875,99.773926,16.304998,7.0092587,0.070251405
231096,0.644989013671875,82.73111,15.806056,5.594361,0.06762101
231097,0.52459716796875,90.22583,21.713203,6.089459,0.06749131
231100,0.551727294921875,87.16776,25.147419,4.691394,0.053820286
233068,0.6800537109375,85.18816,8.093207,3.6895468,0.043310557
233813,0.6260986328125,75.57038,17.91772,5.1789713,0.06853176
237912,0.53009033203125,79.24364,21.71209,6.8667955,0.086654216
241648,0.492523193359375,57.582626,17.493324,4.3083806,0.07482084
241651,0.489044189453125,81.187454,19.598143,5.9369464,0.0731264
244163,0.554412841796875,91.84681,15.575414,6.0409536,0.06577206
244167,0.585968017578125,92.31228,14.991436,7.0586414,0.07646482
257450,0.434661865234375,78.64242,26.298857,6.2626414,0.0796344
257456,0.51141357421875,70.90166,31.29181,4.224266,0.059579227
263546,0.68841552734375,97.34436,13.02696,4.010527,0.04119938
279553,0.771881103515625,81.587,27.529282,5.6928453,0.06977638
288233,0.66265869140625,101.426865,15.079282,5.1060896,0.050342575
447212,0.6978759765625,91.16451,14.339784,7.0337615,0.0771546
447216,0.659088134765625,88.59809,23.092476,5.2929144,0.059740726
869141,0.62255859375,47.990734,4.4718904,1.730948,0.03606838
869145,0.7861328125,49.183037,5.4783096,1.4836195,0.030165268
869151,0.17315673828125,68.9651,5.6616364,2.7571807,0.03997936
869152,0.725341796875,68.369576,5.767448,2.0708416,0.030288935
869153,0.763427734375,71.199554,6.5837502,2.6401737,0.037081324
869154,0.74102783203125,69.89618,6.9636154,3.0771208,0.044024162
871122,0.8563232421875,110.4129,11.839471,4.988976,0.04518472
871123,0.862823486328125,98.31125,8.830209,4.355745,0.04430566
871124,0.837982177734375,102.4404,9.613617,4.0861716,0.03988828
871125,0.8388671875,97.21883,8.297393,3.8955421,0.040069833
872055,0.80499267578125,72.80359,6.285193,2.6296391,0.036119636
872056,0.816375732421875,52.6439,4.21686,2.1668882,0.04116124
872057,0.846099853515625,82.1389,7.330522,3.1579382,0.03844632
872058,0.84930419921875,58.149372,4.593916,2.3713868,0.040780954
872723,0.8360595703125,60.10487,13.268397,4.7369695,0.07881174
872724,0.836395263671875,60.695625,13.216565,4.694699,0.077348225
873542,0.761260986328125,82.71497,8.420288,2.8736522,0.03474162
873544,0.759246826171875,85.72567,9.508988,3.238481,0.03777726
873546,0.777069091796875,83.46334,8.96802,3.101909,0.037164927
902897,0.53424072265625,49.51725,4.1925364,1.3791535,0.02785198
902907,0.75445556640625,75.518364,7.392386,2.0473073,0.027110059
902908,0.7291259765625,77.24355,7.879162,2.0090551,0.026009357
902909,0.7158203125,76.53969,8.806486,2.7870743,0.036413454
904350,0.769805908203125,53.388504,11.752756,4.0033593,0.07498542
905209,0.808929443359375,81.27121,9.010825,3.1106305,0.03827469
905214,0.8126220703125,82.28515,9.602345,3.1505105,0.038287718
905882,0.865478515625,105.10723,10.696507,4.8637924,0.046274576
905884,0.852447509765625,113.955,12.478426,5.7340655,0.05031868
905885,0.8563232421875,100.06875,9.321046,4.3906465,0.0438763
906351,0.844696044921875,61.727123,5.1877565,2.2907197,0.037110426
906352,0.856414794921875,51.029507,4.132897,2.1600535,0.0423295
906353,0.8460693359375,64.2966,5.3889413,2.302098,0.03580435
826010,0.80438232421875,90.02159,7.4106274,3.7022047,0.04112574
869146,0.361968994140625,47.20302,4.4410076,1.152533,0.024416512
869157,0.405792236328125,70.77378,5.792322,2.0743532,0.029309629
869160,0.719818115234375,70.05032,6.1701517,2.8282986,0.04037524
870658,0.815277099609375,85.478424,6.2939777,3.20398,0.03748291
871590,0.811614990234375,64.40677,6.082548,2.757491,0.042813685
871593,0.785675048828125,76.411766,5.7791486,2.9794319,0.038991794
872730,0.795623779296875,67.20241,14.831661,5.187104,0.07718629
873547,0.750518798828125,87.58541,9.824373,3.4048758,0.03887492
902902,0.563262939453125,49.13545,3.7677422,1.2578638,0.025599925
904354,0.816162109375,55.184677,11.800137,4.2715087,0.07740389
905546,0.8118896484375,103.04387,9.098325,4.5123396,0.04379047
906761,0.80810546875,66.88263,4.7873483,2.4239058,0.036241185
263241,0.599456787109375,46.370003,18.222153,3.8780391,0.0836325
271501,0.510009765625,33.54703,13.339612,5.0586753,0.15079354
271506,0.520538330078125,54.99402,22.906221,5.689139,0.10345014
271507,0.57965087890625,20.099768,11.2786045,4.9907775,0.24830025
271512,0.511138916015625,53.416443,20.657988,6.3685007,0.1192236
271515,0.774932861328125,30.50057,18.729567,6.012626,0.1971316
271525,0.539306640625,40.77552,15.799348,4.400016,0.10790827
271526,0.618560791015625,51.50762,17.744452,5.25385,0.102001406
271536,0.57281494140625,54.612362,23.618792,4.38407,0.08027615
271537,0.76507568359375,49.608814,17.627213,5.403354,0.10891923
271545,0.697357177734375,66.15277,22.092619,6.1325145,0.09270231
271546,0.644866943359375,70.310776,19.595135,6.175232,0.087827675
271549,0.8084716796875,37.040012,15.169473,4.051234,0.10937452
271551,0.782440185546875,44.447754,17.957132,7.16934,0.16129814
271556,0.72113037109375,50.732502,16.160002,6.0029883,0.118326284
271560,0.867706298828125,74.6553,17.035847,4.750482,0.06363222
278440,0.5267333984375,45.813385,23.580105,6.884701,0.15027706
278445,0.80401611328125,52.993435,20.550287,9.892838,0.18668044
280294,0.71832275390625,80.98942,12.562358,3.236458,0.039961495
284510,0.449310302734375,43.157032,16.841759,3.9928858,0.09251994
284515,0.55841064453125,32.612087,19.765762,3.0005112,0.09200611
286941,0.592559814453125,28.327341,18.15425,3.861054,0.13630132
286942,0.58892822265625,48.783813,16.236113,5.6953826,0.11674739
390562,0.6475830078125,24.569227,12.808021,3.822938,0.15559863
393205,0.53009033203125,92.36713,17.482868,3.9079432,0.04230881
405148,0.746917724609375,71.2384,16.497147,4.135749,0.058055047
420066,0.764312744140625,42.36147,14.839879,4.6373687,0.10947138
422346,0.530853271484375,89.694855,17.04479,4.478996,0.04993593
436028,0.594268798828125,70.68172,18.130178,6.537131,0.09248687
436032,0.821044921875,65.87199,17.351679,6.0405283,0.091701016
436038,0.6185302734375,49.988453,14.95449,3.2761178,0.06553749
441587,0.431060791015625,26.668318,9.627951,3.0466402,0.114241935
441589,0.553192138671875,31.015501,12.730013,3.4217007,0.110322274
441601,0.593109130859375,63.892567,17.06028,4.0787416,0.0638375
512519,0.517578125,94.75112,8.581527,3.720704,0.03926818
521064,0.7039794921875,49.94785,20.047335,7.713831,0.1544377
521068,0.649932861328125,70.024605,16.641214,3.974511,0.056758776
527341,0.5538330078125,91.53483,7.8635635,3.3976443,0.037118595
557201,0.58111572265625,64.200294,19.591461,3.072748,0.047861896
579524,0.54443359375,81.0768,8.948817,4.158125,0.05128625
609247,0.929046630859375,86.5868,9.939626,3.269163,0.037755903
675820,0.91009521484375,32.18681,9.719875,2.917154,0.09063198
695967,0.542236328125,68.706604,9.454391,3.1055176,0.045199696
695974,0.71240234375,27.886995,8.605994,4.106769,0.14726467
707173,0.483856201171875,68.261116,7.6295786,2.695811,0.03949263
725112,0.388885498046875,45.117397,3.6782036,1.064837,0.023601472
725122,0.556121826171875,67.90139,10.749312,2.2409065,0.033002365
1107585,0.29534912109375,103.88634,17.593857,1.7811931,0.017145596
1107598,0.76507568359375,108.60351,30.39689,2.8397129,0.026147524
1109511,0.80181884765625,55.93092,6.775193,2.7787821,0.049682397
1109513,0.70770263671875,56.02665,6.714429,2.3313046,0.041610636
1110304,0.88299560546875,77.33414,11.228906,4.8294325,0.062448908
1129841,0.1710205078125,93.288185,11.04783,1.3708264,0.014694533
1130192,0.752838134765625,16.121082,8.864863,4.8243923,0.29925984
1131578,0.890716552734375,75.39726,8.427694,3.3796725,0.044824872
1131579,0.9697265625,71.46696,8.858177,4.044216,0.056588616
1085890,0.078857421875,61.45085,3.005011,1.0981603,0.017870545
1086703,0.63909912109375,22.68833,7.4249396,3.8982127,0.17181577
1087226,0.861785888671875,67.72499,9.14321,4.166067,0.061514474
1129585,0.702239990234375,65.29477,6.4308925,1.8076173,0.027683953
1129599,0.731903076171875,94.09048,9.772626,3.605766,0.038322326
1130083,0.909881591796875,20.571894,8.368729,4.901012,0.23823825
1131425,0.8497314453125,102.712395,11.077,5.01198,0.048796255
253710,0.335235595703125,80.75312,15.086938,6.705957,0.083042696
255943,0.843658447265625,70.9146,17.246101,6.821977,0.0961999
344074,0.467010498046875,57.55937,16.576828,6.115746,0.1062511
539803,0.0380859375,79.25481,7.3108063,4.182575,0.052773774
589609,0.49066162109375,38.66109,18.015535,6.645097,0.17188074
612118,0.3905029296875,39.380745,19.807678,7.8802176,0.20010331
706507,0.760223388671875,105.69772,12.948361,6.0897055,0.05761435
989360,0.875823974609375,83.789154,8.895968,5.050808,0.060279973
1035342,0.92529296875,17.530838,9.862032,5.6558504,0.32262293
1058129,0.85845947265625,17.965801,9.293968,5.950167,0.3311941
1087227,0.8963623046875,66.21136,9.509744,4.627936,0.06989641
1129593,0.82659912109375,93.587166,8.485933,2.9136684,0.031133205
1130087,0.942657470703125,20.51261,9.295278,5.2788906,0.25734857
1130823,0.62188720703125,66.8253,6.6801496,3.220081,0.048186556
1131431,0.847381591796875,85.84471,10.365236,5.515254,0.06424687
228776,0.8341064453125,67.06575,7.7641044,3.4427733,0.0513343
260219,0.39666748046875,61.525387,6.767574,2.599445,0.04224996
268803,0.4359130859375,52.26211,22.434387,9.756057,0.18667552
416600,0.451873779296875,15.869994,11.3101225,4.666597,0.2940516
416607,0.7344970703125,53.49223,17.110725,8.728137,0.16316645
518168,0.49822998046875,33.93495,16.334059,4.7358685,0.13955724
539818,0.391448974609375,68.53512,19.035685,10.933,0.15952405
582633,0.502166748046875,46.232998,24.49975,8.326682,0.18010257
612122,0.616851806640625,30.987484,12.427648,7.242191,0.23371342
723346,0.0,,,,
757802,0.88519287109375,34.619286,10.765992,4.2568417,0.122961566
861924,0.700347900390625,31.596497,8.558946,4.598769,0.14554681
935803,0.90411376953125,39.05971,12.269334,6.600177,0.16897659
990090,0.618408203125,60.951538,5.680526,1.1498038,0.01886423
990100,0.722991943359375,86.80608,9.371889,2.726803,0.03141258
314900,0.864410400390625,93.38849,12.089441,4.8856173,0.05231498
411741,0.723541259765625,86.12708,17.870565,6.1990385,0.071975484
411742,0.65570068359375,74.293076,16.97441,4.8193817,0.064869866
411743,0.60772705078125,98.540474,22.703487,4.754901,0.04825328
411744,0.6845703125,99.71977,18.072056,4.8427606,0.048563693
411745,0.70867919921875,94.354706,17.385578,6.049496,0.06411441
411746,0.573516845703125,113.94796,20.946114,4.4756465,0.039277986
411747,0.68231201171875,92.25704,17.689337,4.972335,0.053896535
411748,0.676513671875,93.50911,17.019674,4.5021505,0.04814665
411749,0.568206787109375,107.75611,22.563095,4.4035645,0.04086603
411750,0.730255126953125,102.4309,18.617508,7.2115984,0.07040452
411751,0.7069091796875,97.05776,16.039997,4.6540747,0.047951598
411752,0.56561279296875,110.907684,20.489437,4.595517,0.041435517
412974,0.799835205078125,79.861725,10.208922,3.5100033,0.04395101
412976,0.831024169921875,86.7725,11.553822,3.9516757,0.045540646
412978,0.820953369140625,86.29657,11.28081,3.9239914,0.045471
437240,0.785064697265625,107.811005,17.719309,6.1738925,0.057265885
437241,0.832275390625,94.40466,15.4062195,6.1916366,0.06558613
437242,0.610748291015625,116.868835,19.8503,5.5023417,0.047081344
437243,0.78570556640625,96.87019,17.935728,6.73581,0.06953439
437244,0.72430419921875,63.29763,15.338151,6.4752083,0.1022978
437245,0.684600830078125,116.058266,19.161858,6.686975,0.057617396
437246,0.81951904296875,89.974304,18.298002,6.792099,0.07548932
437247,0.7926025390625,79.48225,16.506033,6.410725,0.08065607
437248,0.684722900390625,102.96319,22.412874,6.7505755,0.065563
437249,0.864715576171875,98.365166,17.376726,5.581572,0.05674338
437251,0.758087158203125,105.42181,20.413393,6.6675673,0.06324656
438407,0.876251220703125,90.35179,12.287247,4.9413457,0.05469007
438409,0.90570068359375,80.34598,10.652705,4.136825,0.051487643
512262,0.7452392578125,93.917816,11.792795,5.6676764,0.060347192
512263,0.794647216796875,123.35543,10.26259,4.377501,0.035486892
512266,0.902130126953125,92.99208,9.839699,4.5701365,0.049145438
512267,0.826873779296875,114.64244,9.044374,3.37298,0.029421741
512270,0.923187255859375,96.09596,9.511499,4.481979,0.046640657
515556,0.826141357421875,99.563446,17.182034,6.0136204,0.060399882
515557,0.798187255859375,98.68255,16.071182,5.884659,0.059632212
515559,0.794036865234375,85.45836,16.398022,5.7085805,0.06679956
515560,0.79144287109375,176.39157,18.795769,7.4167547,0.042047106
515562,0.735443115234375,39.121708,12.421121,4.4886265,0.11473493
515563,0.7880859375,89.785934,13.367049,4.498556,0.050103128
515565,0.82427978515625,95.61722,16.727531,5.114637,0.05349075
515566,0.808685302734375,89.00004,14.83392,6.125574,0.068826646
230288,0.852325439453125,85.05431,14.702704,6.9547334,0.08176815
256679,0.541015625,44.534184,23.560205,4.4872546,0.10075978
346483,0.857666015625,78.37945,10.030064,3.4435432,0.043934263
396805,0.695709228515625,51.5688,16.163973,7.9647837,0.15444966
412474,0.52374267578125,68.64748,18.386614,5.829557,0.08492019
427319,0.601318359375,86.339066,24.793056,5.3006315,0.0613932
427325,0.68487548828125,107.26437,23.304152,6.676837,0.062246546
442128,0.80889892578125,45.02792,17.806383,4.493208,0.09978715
443603,0.80743408203125,83.89655,11.030082,3.9765072,0.047397744
230427,0.911895751953125,80.28289,9.612554,4.1118655,0.05121721
231389,0.5682373046875,53.7152,24.22031,4.699575,0.0874906
231390,0.595611572265625,69.65804,27.386137,10.209926,0.1465721
231391,0.44036865234375,59.96653,29.289492,7.046207,0.11750233
237271,0.468475341796875,57.539444,26.57465,8.987007,0.15618864
237272,0.484832763671875,73.976204,24.22209,10.118898,0.13678585
240242,0.927490234375,81.3902,9.913265,3.7083185,0.045562226
241335,0.766632080078125,86.03407,17.591673,5.828773,0.06774959
241339,0.702392578125,21.580465,10.71761,3.3522348,0.15533654
257327,0.73260498046875,77.19054,32.621655,7.9515734,0.103012286
257335,0.68731689453125,104.31512,20.611969,4.272691,0.04095946
517418,0.419281005859375,60.472015,31.454782,8.500569,0.1405703
518258,0.875396728515625,84.481155,18.735022,3.9689069,0.04697979
523384,0.682037353515625,62.67708,7.8232765,4.2184086,0.06730385
230481,0.734375,86.322556,9.853916,4.5917873,0.053193368
231497,0.4466552734375,42.36055,19.572466,5.1160398,0.12077369
254029,0.79754638671875,89.59838,7.5300035,2.7319179,0.030490706
257499,0.80511474609375,59.96831,15.649694,5.1366463,0.08565601
283803,0.836029052734375,82.307686,15.81857,5.712492,0.06940411
288381,0.767669677734375,42.7835,14.072695,4.2142286,0.09850126
392011,0.84356689453125,98.450905,16.349949,5.9063416,0.05999276
452568,0.77105712890625,77.17976,7.008582,2.9670558,0.038443442
232936,0.9302978515625,72.72969,9.083465,4.7387767,0.06515601
232940,0.950042724609375,74.74074,8.5795555,4.404167,0.058925927
240618,0.948516845703125,75.32406,9.220775,5.2786994,0.070079856
244200,0.91351318359375,92.2551,15.388025,7.064698,0.076577865
277897,0.731719970703125,24.951496,16.942135,7.3259125,0.29360613
284976,0.85943603515625,69.64928,7.606869,4.015055,0.05764676
286842,0.711883544921875,50.542763,26.613129,6.688042,0.13232443
415919,0.410858154296875,60.008244,26.968712,6.489845,0.10814922
432290,0.671173095703125,52.397808,17.48115,8.541458,0.16301174
432295,0.53082275390625,84.94205,25.46182,8.32252,0.09797881
432297,0.653900146484375,31.893871,13.662184,6.2746534,0.1967354
537753,0.796630859375,72.12136,7.363836,3.6093621,0.050045673
543033,0.76202392578125,75.635445,20.102924,5.6603513,0.07483728
543034,0.47161865234375,94.589035,20.846687,8.255505,0.087277606
585509,0.53338623046875,85.98324,16.402931,6.7885776,0.078952335
615583,0.549072265625,49.8008,23.887388,3.8737998,0.077785894
615591,0.81903076171875,91.6502,14.826457,4.839164,0.05280036
615592,0.85882568359375,83.29696,24.188635,7.425004,0.089138955
233145,0.75177001953125,111.49748,21.184961,5.9020586,0.052934457
233961,0.659881591796875,77.79356,25.153484,9.636213,0.12386904
233962,0.6820068359375,64.75022,21.802267,6.460065,0.099769
233964,0.71624755859375,95.70959,25.239353,8.515021,0.08896728
233966,0.625335693359375,63.721245,20.513105,6.9286666,0.10873401
256701,0.823089599609375,104.70001,24.256676,5.8121705,0.055512607
256702,0.769195556640625,110.97203,22.48349,6.21781,0.056030426
256703,0.67181396484375,90.82797,23.124826,4.0192556,0.044251297
256705,0.789794921875,120.96577,23.202929,7.6626315,0.063345455
256706,0.623504638671875,94.8562,29.05584,6.8889213,0.07262489
256707,0.740997314453125,114.506485,22.95433,5.408274,0.04723116
256711,0.80560302734375,110.84859,22.167835,6.240161,0.056294456
256712,0.679931640625,111.34843,19.903076,3.805131,0.03417319
283005,0.669219970703125,119.49108,24.496857,6.092356,0.050985865
283009,0.592071533203125,97.89274,35.376484,6.150747,0.06283149
283014,0.68798828125,117.67188,29.491611,11.106472,0.094385095
407187,0.771942138671875,117.3528,27.911896,7.3976774,0.06303793
407189,0.569061279296875,60.251945,29.921326,5.6194873,0.09326649
407190,0.74749755859375,116.50649,28.211922,8.170874,0.070132345
407191,0.701995849609375,101.78568,21.803774,7.211765,0.07085245
407192,0.63104248046875,90.17729,35.565865,4.324735,0.04795814
407195,0.6070556640625,84.91403,33.33503,5.5052238,0.06483291
407196,0.592498779296875,89.90961,27.466227,6.699222,0.074510634
408072,0.776824951171875,129.76857,24.333857,6.463187,0.04980549
408076,0.80621337890625,98.33621,16.465036,4.510179,0.045864884
233283,0.755706787109375,84.739975,11.113866,5.084581,0.060002152
234246,0.484344482421875,50.059418,22.396893,9.976034,0.19928387
234247,0.491546630859375,55.964176,22.784533,6.3773074,0.11395339
234248,0.44921875,47.32432,30.2231,9.928624,0.2097996
236057,0.667816162109375,91.554955,14.266463,7.0214334,0.07669092
241123,0.54351806640625,70.23481,28.467373,6.632627,0.094435036
258134,0.8499755859375,83.344894,18.580183,5.7628255,0.069144316
258143,0.739898681640625,78.838196,26.352154,8.01056,0.101607606
263393,0.75982666015625,48.257893,19.050453,9.97942,0.20679353
266462,0.663055419921875,85.92926,13.256178,6.690584,0.07786153
274601,0.90362548828125,85.12462,11.486471,5.586925,0.065632306
285239,0.640472412109375,86.958496,13.166466,6.8106904,0.07832116
287907,0.589813232421875,74.440475,24.528389,9.134178,0.12270446
410800,0.69390869140625,46.61527,12.8309,6.259833,0.13428718
441703,0.825042724609375,100.31326,18.619164,5.756529,0.05738552
275647,0.804779052734375,70.111786,16.89379,4.122969,0.058805652
293031,0.81195068359375,115.93761,14.080543,5.588104,0.048199233
428908,0.8515625,81.57325,17.205841,6.734277,0.082554966
529926,0.82830810546875,97.26918,16.98565,6.435448,0.06616122
541953,0.724700927734375,89.59178,23.986357,6.994491,0.07807068
582713,0.789520263671875,95.246414,15.581541,4.308148,0.045231603
603108,0.821868896484375,89.6859,12.280086,4.5356317,0.050572407
673499,0.84332275390625,83.76746,7.6520553,2.047618,0.024444072
696638,0.910552978515625,105.67443,15.222391,7.011992,0.06635467
707086,0.897125244140625,121.56397,13.137547,5.648437,0.04646473
707092,0.6373291015625,46.612957,4.0684066,1.4841442,0.031839736
707093,0.48992919921875,63.572006,5.7980433,2.3499546,0.036965244
725653,0.80029296875,52.11913,4.4641213,2.0616899,0.03955726
755462,0.8453369140625,70.14863,13.945749,5.358674,0.07639029
757176,0.87646484375,73.586105,6.7511916,2.7289612,0.03708528
760308,0.64996337890625,52.588974,3.8529277,1.5587106,0.029639494
760318,0.754486083984375,76.25183,8.006581,2.4753907,0.03246336
760320,0.57843017578125,72.06991,8.452964,2.0963576,0.029087834
790840,0.7928466796875,80.86744,8.35924,2.5756834,0.031850684
798965,0.85906982421875,103.58178,9.905409,4.9216,0.047514148
799914,0.7730712890625,35.340992,3.1248844,1.5360795,0.043464527
821260,0.885345458984375,57.1659,14.244685,5.0161753,0.08774768
826073,0.8624267578125,104.39115,12.779642,6.0409284,0.057868205
870377,0.8089599609375,51.70673,4.644354,1.4535128,0.028110707
870386,0.815826416015625,73.407845,7.2848434,2.5425858,0.034636434
873210,0.90582275390625,61.004345,14.704387,6.411828,0.10510445
908490,0.873382568359375,51.726406,13.874011,5.1620603,0.09979545
911381,0.811004638671875,51.606358,4.568826,1.5498022,0.030031227
911393,0.851593017578125,77.48457,7.1602077,2.4361572,0.031440545
826071,0.883941650390625,102.225136,12.001751,5.7912,0.056651432
870378,0.557403564453125,50.61429,4.393919,1.5791949,0.031200575
870379,0.622772216796875,51.075123,4.597047,1.6872588,0.033034846
870381,0.70458984375,51.160778,4.667687,1.6152403,0.03157185
870388,0.904327392578125,75.272194,6.412634,2.4311485,0.032298096
870902,0.93817138671875,113.32519,12.478785,6.083276,0.05367982
871835,0.925994873046875,72.62953,7.456509,3.582101,0.049320173
871838,0.95697021484375,93.700714,7.768241,3.6940756,0.0394242
873213,0.9376220703125,53.20375,11.849398,4.9820137,0.093640275
873915,0.870941162109375,89.979256,9.677612,3.5175626,0.03909304
873917,0.85894775390625,98.76242,11.084718,4.361415,0.04416067
908184,0.93853759765625,93.957405,7.680016,3.7774606,0.04020397
908492,0.880859375,50.286377,12.850034,5.3823433,0.10703383
910727,0.926239013671875,70.49382,6.33868,3.0664878,0.043500096
910728,0.919647216796875,68.842606,5.785625,3.330032,0.048371676
910729,0.922027587890625,74.97395,6.716802,3.29771,0.04398474
910730,0.912811279296875,73.87687,5.9698224,3.1549463,0.04270547
911384,0.79888916015625,49.935402,3.6364498,1.5495003,0.031030096
911385,0.567474365234375,50.995377,4.408794,1.7400718,0.034122147
911386,0.532928466796875,50.286835,3.733662,1.4363295,0.028562734
911388,0.671783447265625,50.988415,3.8194265,1.3352334,0.026186997
911394,0.848876953125,77.240364,6.4223447,2.681036,0.034710295
911395,0.895233154296875,76.259315,6.8614335,2.768032,0.036297627
911396,0.874298095703125,77.828094,6.7354593,2.6337905,0.03384113
911397,0.861236572265625,76.89756,6.6026945,2.789526,0.03627587
236348,0.8980712890625,60.987835,7.1553698,2.775106,0.045502614
238051,0.765625,77.760086,16.01696,5.1117206,0.065737076
238056,0.873199462890625,57.72481,27.587322,6.0380545,0.104600675
244056,0.697967529296875,71.57339,15.768377,5.5437303,0.07745519
244057,0.8150634765625,33.566757,11.923625,4.116478,0.12263556
388530,0.86663818359375,43.30277,14.033023,5.2443233,0.121108264
388540,0.6712646484375,104.25882,26.90666,5.6475954,0.054168995
697432,0.880462646484375,71.496346,7.3454976,2.4274049,0.033951454
702099,0.879791259765625,37.041,3.2397656,1.7137986,0.046267614
709525,0.873291015625,57.107143,4.969327,2.972343,0.05204853
709531,0.8031005859375,87.03432,10.229659,3.6658933,0.04212009
709538,0.820526123046875,62.190983,5.7759147,3.2097886,0.0516118
709541,0.61895751953125,44.73183,3.6023667,1.6342592,0.036534593
709546,0.837799072265625,37.758896,9.510764,4.135384,0.10952079
756457,0.7183837890625,59.07723,6.699369,2.8964512,0.049028218
760335,0.39166259765625,46.648666,3.5231466,1.328654,0.028482145
798232,0.9393310546875,74.1448,5.7581244,2.7554352,0.037162893
821249,0.919921875,44.391354,8.884219,3.3692887,0.07589966
896410,0.67218017578125,49.520065,4.7920985,1.8388803,0.037134044
896420,0.90740966796875,72.391266,7.786651,1.9382002,0.026773952
897514,0.8994140625,38.340324,10.419054,4.38278,0.114312544
898668,0.87982177734375,74.927055,8.508758,3.025045,0.0403732
899773,0.923370361328125,82.325806,6.1843214,3.152581,0.038293958
901167,0.9322509765625,67.55768,4.610384,2.3100905,0.034194347
240383,0.82403564453125,89.69972,12.449437,4.8311043,0.05385863
241616,0.726470947265625,44.03121,16.599396,6.203744,0.14089423
241617,0.711517333984375,41.496548,18.848896,4.1768517,0.10065541
241619,0.0,,,,
241621,0.631439208984375,65.01513,21.606724,4.7495346,0.07305276
244793,0.55194091796875,82.47269,23.045374,11.226745,0.13612682
244794,0.561279296875,62.517452,22.895432,7.5078907,0.12009272
259796,0.8408203125,87.43325,12.380818,5.180703,0.05925324
262110,0.578826904296875,53.283863,24.074068,7.8156033,0.14667861
262112,0.88092041015625,77.847466,17.804024,4.180728,0.053704098
277771,0.91790771484375,35.665237,13.330508,3.875787,0.10867128
277774,0.910888671875,71.35527,16.703276,3.608236,0.0505672
284629,0.94085693359375,96.05485,18.211401,3.8104513,0.039669536
287610,0.665618896484375,51.492504,27.809984,3.7018485,0.07189102
287616,0.7464599609375,28.187939,17.200125,3.868281,0.13723178
287622,0.87933349609375,59.54765,18.345312,3.928391,0.06597055
313908,0.952880859375,88.09262,19.143705,4.27567,0.048536073
405823,0.5885009765625,81.39478,18.946104,5.960407,0.07322837
405826,0.8392333984375,33.372765,12.08814,4.4411674,0.13307759
451522,0.846221923828125,103.51221,19.632729,5.75022,0.055551127
529501,0.915740966796875,86.26017,8.970568,3.6421258,0.042222567
530280,0.879638671875,98.51776,17.239534,4.1486726,0.04211091
530283,0.48236083984375,76.66475,25.443499,5.0104074,0.06535477
540377,0.613189697265625,75.51919,20.398405,5.310232,0.07031633
540380,0.59429931640625,42.311596,15.936016,4.293454,0.10147228
540383,0.819305419921875,28.749395,12.75074,3.5651388,0.12400743
557359,0.902252197265625,118.24089,17.85289,5.0305486,0.042544916
585764,0.912567138671875,105.772736,17.167656,5.756369,0.05442205
613152,0.89093017578125,104.64657,17.282618,4.976105,0.04755154
682613,0.78741455078125,76.80583,7.8947644,3.0117228,0.039212164
697755,0.936065673828125,47.46396,10.401594,4.392041,0.09253424
702198,0.920196533203125,49.677013,5.0685983,1.9978638,0.040217068
706156,0.873870849609375,43.654724,3.2594852,1.7078713,0.039122257
723662,0.77294921875,50.049274,4.5765085,1.6153384,0.03227496
723672,0.888916015625,79.26081,7.504447,2.9894314,0.037716385
728438,0.91790771484375,57.025368,14.352371,6.270698,0.109963305
903129,0.86090087890625,68.13378,6.313378,2.315104,0.033978797
906398,0.9171142578125,50.73955,4.8144684,2.1310148,0.041999087
240384,0.832916259765625,81.68266,10.584664,4.5781465,0.056047957
241622,0.822845458984375,69.43949,15.227121,3.913851,0.056363475
241623,0.786834716796875,77.181435,16.008287,4.0273037,0.052179694
241625,0.95648193359375,78.50383,17.643705,5.5769715,0.07104076
244799,0.45965576171875,63.571438,19.915411,8.078173,0.12707236
244800,0.452423095703125,86.690186,25.667109,9.649305,0.111307934
244803,0.497161865234375,57.713707,18.580864,4.5764985,0.07929656
262121,0.854522705078125,108.53502,18.16402,4.790768,0.044140298
267069,0.90301513671875,78.974014,9.269986,3.7270622,0.047193527
277777,0.696319580078125,27.533682,12.662665,4.5415654,0.16494581
287628,0.817230224609375,24.61298,12.893638,3.6149487,0.14687164
287634,0.5855712890625,49.663696,20.676994,5.422307,0.109180495
287637,0.91815185546875,64.21223,15.176736,3.5761209,0.05569221
392224,0.92071533203125,61.66586,15.517367,4.3849077,0.071107544
405832,0.9456787109375,82.44408,17.651297,4.9587684,0.060147054
416444,0.713775634765625,39.297276,17.631397,4.774126,0.12148745
416449,0.942657470703125,119.626015,17.301615,5.04984,0.04221356
513101,0.92913818359375,102.420845,8.654235,4.0576806,0.03961772
529503,0.9442138671875,72.89179,7.0522423,2.993828,0.041072223
530292,0.95086669921875,96.58309,15.74524,5.40101,0.055920865
540396,0.93084716796875,105.58967,15.2191105,3.6403096,0.034476
557370,0.82958984375,55.57214,14.436613,5.580601,0.10042085
580043,0.899200439453125,76.989685,7.4933286,3.5723743,0.04640069
608656,0.9189453125,87.15353,16.614378,4.8658023,0.05583024
682614,0.80792236328125,74.51311,7.619631,3.1178074,0.0418424
697760,0.93341064453125,49.80723,10.519088,4.8445783,0.09726656
702197,0.909637451171875,36.607372,3.1327531,1.5203794,0.041532055
723665,0.740966796875,54.22455,8.042524,1.9067051,0.035163134
723679,0.882720947265625,79.40971,8.097273,2.2737637,0.028633319
903131,0.938568115234375,69.4967,7.020606,2.7128932,0.039036293
243208,0.627410888671875,84.84824,10.557389,5.3563313,0.06312837
244860,0.4425048828125,27.997103,15.512278,5.0797863,0.18143971
244863,0.736419677734375,84.46604,19.859936,8.408058,0.09954365
259803,0.804779052734375,80.89951,8.768413,4.3286242,0.053506184
262153,0.782623291015625,74.78756,17.11965,6.32665,0.08459496
262154,0.779632568359375,58.512234,18.984133,5.109953,0.08733136
262155,0.605865478515625,57.297085,28.006706,7.707986,0.13452667
433680,0.71685791015625,81.87756,16.915916,7.180961,0.08770365
610885,0.7340087890625,57.424706,21.070004,5.437088,0.09468204
610894,0.709442138671875,71.4706,22.675016,5.5282116,0.077349454
683104,0.72369384765625,86.85827,7.641777,4.1094794,0.047312472
683112,0.60198974609375,78.17794,7.2954116,3.4139445,0.043668896
694820,0.767120361328125,91.14676,8.964015,5.1310525,0.056294404
694825,0.622772216796875,59.928017,11.713309,3.723273,0.062129088
764149,0.60931396484375,51.244217,3.5929244,1.3101995,0.025567753
767184,0.679534912109375,55.94575,14.205582,6.583657,0.1176793
768460,0.778411865234375,50.245148,3.4153886,1.9198421,0.0382095
796319,0.75439453125,74.295876,6.9841013,2.9896948,0.04024039
801270,0.806549072265625,96.06886,8.114337,3.9577,0.04119649
818054,0.552581787109375,74.876236,5.6150103,2.02261,0.02701271
856108,0.58447265625,51.274124,4.132219,1.7839849,0.034793083
856118,0.725250244140625,73.104485,6.604373,2.896373,0.039619636
864283,0.790771484375,102.433586,8.396569,3.9003434,0.038076803
900968,0.799163818359375,78.151184,4.8872437,2.10989,0.026997544
396610,0.81634521484375,89.79656,18.065634,7.1931033,0.08010444
396611,0.668121337890625,96.93181,20.566133,5.5504346,0.05726123
398938,0.8887939453125,86.278496,11.262412,4.167591,0.04830394
398940,0.863494873046875,96.66623,13.270425,4.712384,0.048749022
398942,0.858428955078125,101.71091,14.103064,5.297983,0.052088644
410313,0.811737060546875,82.8921,22.163416,7.3652205,0.088853106
410314,0.79180908203125,86.641174,16.83178,6.827224,0.07879884
410315,0.725921630859375,79.3665,29.963968,4.7727795,0.060135946
410316,0.80108642578125,96.66194,22.559393,7.6778183,0.07942959
410317,0.764190673828125,88.82277,16.736355,4.402834,0.049568754
410318,0.68280029296875,95.33401,28.426384,4.5272574,0.04748838
410319,0.806396484375,95.90531,23.366455,7.825014,0.08159104
410320,0.81341552734375,91.78112,18.840158,7.47828,0.081479505
410321,0.524627685546875,73.05747,27.710861,6.2128634,0.08504076
410323,0.794525146484375,89.942345,18.13232,7.3049374,0.081218
410324,0.67584228515625,91.1342,26.080793,5.523049,0.06060347
412626,0.90606689453125,94.41664,13.095604,5.1703033,0.05476051
412628,0.882781982421875,91.12784,13.299898,5.585969,0.06129816
436268,0.79608154296875,94.20678,20.516848,7.2861986,0.077342615
436270,0.68475341796875,94.20844,26.438824,4.6571236,0.04943425
436271,0.80242919921875,77.665054,20.692667,7.0476933,0.09074472
436272,0.777923583984375,91.42788,15.963332,5.842019,0.063897565
436273,0.752593994140625,70.080696,32.989807,4.4315867,0.063235484
436274,0.775299072265625,83.52564,21.607904,7.7889113,0.093251735
436276,0.69677734375,82.73191,29.996145,4.327263,0.05230464
436278,0.324554443359375,59.563236,18.62587,6.5052066,0.10921513
436279,0.660369873046875,92.40561,25.233131,5.3113203,0.05747833
438171,0.903961181640625,106.06387,14.829789,5.2121816,0.049141914
438173,0.908447265625,111.0638,16.262896,6.3324113,0.05701598
449960,0.808319091796875,70.84257,22.340988,7.453029,0.10520552
449961,0.778289794921875,81.50481,16.132042,6.058616,0.074334465
449962,0.75396728515625,73.40278,35.52254,5.2174416,0.07107962
449963,0.796295166015625,73.96306,22.810818,8.604572,0.11633608
449964,0.759185791015625,76.6783,16.653858,5.962304,0.07775739
449965,0.685882568359375,68.697845,29.195541,4.127167,0.060077097
449966,0.7930908203125,81.40407,20.426529,5.5534644,0.068220966
449967,0.72564697265625,83.949745,16.754944,4.5199447,0.053841077
449968,0.750091552734375,83.84137,32.69796,4.5403085,0.054153558
449969,0.75115966796875,83.38511,24.196476,8.106421,0.09721666
449970,0.70294189453125,77.57007,20.462368,7.239727,0.09333145
449971,0.671966552734375,75.21363,32.181763,4.2240796,0.05616109
452369,0.88079833984375,98.37205,15.435106,5.557401,0.056493703
452373,0.874664306640625,108.313286,16.367847,6.7069964,0.061922196
254675,0.000244140625,,,,
254679,0.30633544921875,57.27545,24.024488,11.697373,0.20423014
263768,0.498504638671875,68.07561,32.269123,9.865671,0.14492227
263769,0.372802734375,49.101177,26.649984,8.866624,0.18057863
271044,0.59759521484375,86.166374,28.948277,5.1471167,0.05973463
286854,0.52972412109375,78.308044,32.633728,11.480966,0.14661285
254684,0.1533203125,46.16481,30.034203,4.7550473,0.10300156
254686,0.30413818359375,70.61238,33.931614,15.94421,0.22579907
254693,0.096893310546875,64.79055,30.59571,13.203651,0.20378977
271062,0.443389892578125,101.55771,31.807217,9.212164,0.090708666
271067,0.45703125,92.94378,25.605158,9.065246,0.09753472
271082,0.8582763671875,108.07182,19.078163,8.78855,0.08132139
271092,0.580474853515625,113.04905,35.464153,8.235838,0.0728519
271097,0.61468505859375,103.21503,22.947584,6.773536,0.06562549
284986,0.47265625,82.26356,12.0752535,4.8664613,0.05915695
286860,0.242156982421875,86.32237,24.914461,10.297249,0.119288296
286866,0.46356201171875,80.48855,35.21355,10.177676,0.12644875
1009710,0.875946044921875,63.476433,11.52128,5.2849417,0.08325833
1033078,0.717498779296875,103.292755,9.999222,2.4341846,0.02356588
1064394,0.479949951171875,66.711136,4.218146,1.6877685,0.025299652
1064404,0.815521240234375,95.690865,7.8190703,2.035518,0.02127181
1065475,0.846099853515625,48.420307,10.493182,5.325082,0.10997621
1130386,0.912078857421875,55.192326,11.051534,5.9426126,0.10767099
1131849,0.8935546875,103.82917,11.580753,4.7932596,0.046164867
1132233,0.094757080078125,65.478905,4.36517,1.5450704,0.02359646
1132357,0.38543701171875,111.90578,8.333744,1.7047651,0.015233933
1132360,0.8004150390625,104.417,7.793283,3.4892561,0.03341655
256156,0.374298095703125,81.46409,24.399721,6.3386707,0.077809386
256163,0.406341552734375,64.152534,26.659676,7.1738324,0.11182462
303948,0.3770751953125,95.80317,30.08702,8.1193905,0.08475075
345779,0.483367919921875,96.04464,27.863884,10.132968,0.105502695
429208,0.7122802734375,116.04644,18.22579,5.806673,0.050037496
512465,0.829620361328125,93.493614,7.177359,3.5657563,0.038139038
522512,0.67138671875,83.81845,18.184988,6.4087825,0.07646028
542932,0.3978271484375,87.88647,18.42052,7.540616,0.085799515
579905,0.7711181640625,87.3529,8.292443,3.7956889,0.043452352
585196,0.468719482421875,48.64158,16.228842,6.3671126,0.13089857
615808,0.704193115234375,103.07055,23.11681,6.289144,0.061017856
706553,0.849945068359375,60.77387,10.8382635,4.9511595,0.08146856
765124,0.761474609375,124.27288,14.571626,5.5601387,0.04474137
766037,0.49127197265625,78.35961,7.869254,3.3514194,0.04276973
867918,0.825653076171875,79.40277,6.4660096,2.5253139,0.03180385
1035705,0.83880615234375,38.831333,8.665101,4.7486467,0.12228905
1165941,0.843536376953125,37.10546,6.8631296,2.8538854,0.07691281
1169180,0.796051025390625,31.622618,7.1857824,3.052026,0.096514024
1170431,0.781219482421875,34.047462,6.631475,2.764917,0.08120772
1171247,0.72503662109375,32.668953,6.304375,2.496871,0.07642948
256305,0.649932861328125,66.591774,13.769893,3.8812687,0.058284506
256310,0.521209716796875,45.37947,10.873242,3.2957041,0.07262544
256311,0.87481689453125,79.3524,13.66535,4.0114064,0.050551794
256312,0.69586181640625,57.185684,12.960848,4.5908656,0.08027998
256315,0.802703857421875,71.164276,14.555726,4.957877,0.06966806
256316,0.62939453125,40.54805,10.681906,3.1051002,0.07657829
259580,0.87127685546875,81.36529,10.016301,3.2177732,0.039547246
261206,0.8797607421875,76.84702,15.764247,3.5181572,0.045781307
261213,0.89056396484375,85.24183,17.9503,3.6361966,0.04265742
277637,0.707916259765625,46.471054,13.851677,4.224286,0.09090145
277648,0.798919677734375,43.432217,17.432842,4.139815,0.095316686
281668,0.624786376953125,87.2791,16.785168,4.3915663,0.050316356
281671,0.63482666015625,39.44837,12.368918,4.097509,0.10387017
307038,0.731964111328125,29.193163,8.3963175,3.3184721,0.11367292
345075,0.73956298828125,50.95209,13.317842,3.6689692,0.072008215
345078,0.81927490234375,90.24231,18.18459,5.0095596,0.055512317
345083,0.787353515625,31.690699,9.377856,4.0956016,0.12923671
411099,0.687774658203125,35.328304,9.397013,3.0270598,0.085683696
512898,0.916595458984375,100.21099,7.113529,3.1925392,0.031858176
556505,0.769500732421875,75.47206,20.015352,5.187692,0.06873659
587827,0.499847412109375,59.994812,20.405794,4.8179946,0.08030685
613994,0.904815673828125,54.71156,13.293625,4.289981,0.07841087
676417,0.81072998046875,56.627796,4.972618,1.2774197,0.022558175
676423,0.781219482421875,43.188797,10.593296,4.41952,0.10233024
695293,0.499359130859375,66.682396,5.467959,1.9940574,0.029903805
706761,0.43048095703125,59.373318,5.465163,1.4198467,0.023913885
706765,0.14215087890625,49.648132,1.3234264,0.742952,0.01496435
706769,0.574920654296875,71.46085,5.89727,1.9759505,0.02765081
723584,0.034393310546875,46.30346,1.212994,0.82284015,0.017770598
723590,0.62615966796875,78.47378,4.626478,1.6119987,0.020541877
728404,0.782806396484375,31.385443,8.045275,1.9179586,0.061109815
755672,0.774627685546875,45.28578,9.736263,3.14891,0.06953419
756596,0.333587646484375,67.52749,6.799859,1.6950839,0.025102131
795050,0.923004150390625,47.124783,10.059823,4.324463,0.091766216
818256,0.0,,,,
818257,0.12445068359375,48.1513,3.0392094,0.9846989,0.0204501
822076,0.2864990234375,69.96815,7.3329244,2.7061262,0.038676545
822080,0.684234619140625,49.820347,5.76697,1.7995664,0.03612111
861458,0.844970703125,45.46356,7.0399117,2.3627293,0.05196974
988470,0.50714111328125,48.492657,3.9067972,1.3619182,0.02808504
1033849,0.604827880859375,96.75539,7.0230465,1.6331863,0.01687954
1033850,0.705108642578125,99.55226,6.8860803,1.6273303,0.016346492
1056833,0.11358642578125,62.381516,1.38098,0.7637687,0.012243509
1056844,0.592620849609375,94.79783,8.691894,2.726806,0.028764434
1058217,0.815673828125,44.167503,8.598656,4.3935504,0.09947473
1059366,0.86016845703125,89.0088,8.928784,4.4032583,0.04946992
1081619,0.69305419921875,99.062965,6.166471,2.2022536,0.022230847
1081629,0.50457763671875,62.103786,2.4656575,0.8746081,0.014083007
1084820,0.938079833984375,98.80566,8.762001,4.0540004,0.041030042
1104288,0.8463134765625,37.685093,7.978274,4.220808,0.11200206
1105046,0.801239013671875,68.13593,5.6369157,1.9331445,0.02837188
1105698,0.942413330078125,101.16897,9.655502,4.482511,0.044307172
1126309,0.504608154296875,69.54908,5.504068,1.9186999,0.02758771
1126313,0.491607666015625,69.05227,4.8087645,1.590989,0.023040358
1126484,0.71466064453125,105.91955,8.831211,2.0064878,0.01894351
1165947,0.8466796875,42.011536,7.4500313,2.72784,0.06493074
1166274,0.873992919921875,87.29006,7.281051,2.8408382,0.032544807
1167655,0.883758544921875,38.847992,6.8010273,2.4993768,0.06433735
1168022,0.87408447265625,100.67373,8.985072,3.6493914,0.03624969
1169185,0.874847412109375,36.964523,7.084441,2.3033137,0.062311467
1169756,0.868499755859375,89.78636,6.882424,2.8307102,0.031527173
1170437,0.8504638671875,35.182648,6.2104735,2.5255349,0.071783535
1170956,0.914398193359375,91.99209,8.422292,3.213573,0.034933146
1170958,0.553680419921875,98.79017,9.157354,2.6060529,0.026379678
1171253,0.8084716796875,30.619055,5.731279,2.236805,0.07305271
1171756,0.826629638671875,83.68904,7.0537066,2.8860967,0.03448596
1172075,0.8909912109375,39.388786,6.9975677,2.6694221,0.06777112
1172539,0.79241943359375,91.47539,9.278019,3.6756868,0.040182248
1172544,0.6051025390625,87.37382,6.959526,2.5883558,0.02962393
1172546,0.90191650390625,85.935,7.0051365,3.023838,0.035187505
256318,0.868377685546875,75.36682,12.248351,3.4361446,0.04559227
266649,0.504150390625,80.52294,9.2637415,2.092968,0.025992194
307050,0.0,,,,
523782,0.887237548828125,84.47883,6.981052,3.3835824,0.04005243
556518,0.398101806640625,50.155617,11.891183,3.7575352,0.07491753
581621,0.975982666015625,90.50655,12.736677,3.9230328,0.04334529
587835,0.558319091796875,47.50041,11.320112,5.1041126,0.10745408
587838,0.5908203125,61.827995,12.053114,5.194995,0.08402334
614006,0.924407958984375,77.70651,12.509812,5.590214,0.071940094
695304,0.8466796875,41.810555,8.07186,3.358344,0.08032288
706779,0.8280029296875,36.15008,8.63642,2.8122733,0.07779438
795054,0.925567626953125,46.354183,7.52459,3.2436895,0.069976196
818262,0.0,,,,
822077,0.484222412109375,69.59835,7.0468335,2.171994,0.03120755
857508,0.21832275390625,50.09044,1.5138206,0.7534709,0.01504221
902140,0.652008056640625,71.91341,4.907999,1.2444047,0.01730421
935768,0.900360107421875,54.208218,9.7847805,4.7206745,0.087084115
965185,0.899261474609375,71.3882,5.9929047,1.9599848,0.027455306
967052,0.241973876953125,56.80212,1.4616864,0.77613646,0.013663864
967092,0.352508544921875,95.55493,7.1810193,2.4852483,0.026008582
987711,0.918548583984375,55.80089,10.52797,5.509363,0.09873253
989173,0.887237548828125,88.52918,8.223417,4.2896557,0.04845471
256818,0.525115966796875,43.32911,18.18356,5.44403,0.1256437
256839,0.464202880859375,45.367893,18.955835,6.852844,0.15105052
256847,0.345550537109375,29.416851,13.716173,6.887866,0.23414695
256858,0.532745361328125,59.010826,20.356874,5.4316707,0.09204532
256860,0.3291015625,38.89373,18.592878,5.0002766,0.12856254
268867,0.5572509765625,37.71276,12.829808,4.9522624,0.13131529
268884,0.55230712890625,82.814125,24.547926,5.981827,0.07223196
275964,0.8026123046875,47.183537,18.685299,5.7933936,0.12278422
347140,0.61212158203125,86.06835,12.469333,6.825179,0.079299524
412277,0.492828369140625,69.17215,25.979637,7.2729597,0.10514289
442992,0.567291259765625,60.38953,20.320055,5.6492887,0.093547486
443813,0.582855224609375,86.553696,11.253333,5.138003,0.059362028
542480,0.759368896484375,63.537354,18.020332,5.0890036,0.08009467
542481,0.7950439453125,87.93651,17.21998,4.7991753,0.05457546
542482,0.7655029296875,41.556133,16.356312,5.695893,0.13706504
560039,0.480926513671875,34.59306,15.633651,5.2204704,0.15091091
560049,0.5958251953125,61.128304,16.008654,5.9892745,0.09797875
560057,0.632415771484375,49.911163,19.29891,7.016874,0.14058727
607285,0.447784423828125,44.3884,23.19137,7.5112863,0.16921732
607288,0.7222900390625,67.620415,17.116028,4.7684827,0.07051839
685159,0.6947021484375,65.89562,7.962904,2.392014,0.036300045
824135,0.776336669921875,33.990368,8.912693,3.19344,0.09395132
824951,0.79071044921875,62.327904,8.269383,2.2964306,0.036844343
829118,0.632781982421875,76.33933,8.124058,3.2934015,0.043141607
829627,0.79949951171875,83.80491,8.735565,3.713704,0.044313684
907331,0.571319580078125,53.849045,8.290018,1.4625324,0.027159858
907341,0.9000244140625,78.720535,10.86862,3.7197886,0.04725309
943764,0.73974609375,36.939316,11.13276,5.444194,0.1473821
945940,0.8782958984375,83.55052,10.508218,4.549659,0.054453984
947567,0.799407958984375,92.06028,10.661621,3.1528118,0.034247253
253887,0.565155029296875,73.08311,10.360162,3.2373323,0.04429659
256883,0.417999267578125,51.72527,25.535994,6.051552,0.11699411
260231,0.65545654296875,61.286015,8.583366,4.215193,0.06877903
263921,0.900604248046875,86.88448,16.804832,4.553162,0.05240478
263931,0.84442138671875,75.72718,19.588896,6.8407903,0.090334676
268908,0.426483154296875,78.058105,25.921354,8.849437,0.11336986
275971,0.77471923828125,72.2336,21.695034,6.055184,0.08382781
279991,0.616943359375,63.138206,7.224089,3.0791016,0.048767645
283244,0.577423095703125,38.47265,12.512179,3.5854461,0.09319468
346357,0.24774169921875,61.80143,11.013463,4.828676,0.078132115
412295,0.7806396484375,99.43065,18.954264,6.3111777,0.063473165
429311,0.58538818359375,68.48686,23.90014,6.7040453,0.097888045
442995,0.46575927734375,87.971825,25.309635,7.2126403,0.081988074
542463,0.779449462890625,46.754707,14.232001,5.864002,0.12542057
542464,0.81695556640625,90.09395,16.822233,5.674452,0.06298372
542469,0.494537353515625,61.26492,20.063713,6.6530085,0.1085941
542470,0.764862060546875,74.17141,17.779816,6.8747087,0.09268677
560058,0.442962646484375,53.72532,17.679884,6.5876317,0.122616895
560060,0.6787109375,55.361824,18.231688,6.3156705,0.114079885
560062,0.679351806640625,67.942055,18.039198,5.565321,0.081912756
607294,0.5396728515625,34.591663,17.372793,6.54694,0.18926352
607297,0.634002685546875,41.901756,18.944511,6.427187,0.15338705
607298,0.824951171875,79.40204,17.49568,6.4432836,0.08114758
829089,0.549041748046875,48.896725,4.6445565,1.5961446,0.03264318
907346,0.93878173828125,72.91061,9.990178,3.9329276,0.053941775
909774,0.841827392578125,33.975567,9.404204,3.3524525,0.09867245
943769,0.8009033203125,36.809555,11.690326,4.2144303,0.11449283
944722,0.630218505859375,65.43044,9.352917,4.6354213,0.07084502
945945,0.968536376953125,79.08611,8.423147,3.6677792,0.046377033
947563,0.546478271484375,62.051098,6.564296,2.2264087,0.035880245
947571,0.792572021484375,87.757996,9.876859,2.9876845,0.034044586
704409,0.8648681640625,46.305576,2.4713726,1.2036877,0.025994442
704412,0.957733154296875,73.07718,12.915064,4.5867715,0.06276613
723360,0.766387939453125,48.86031,2.9319386,1.0808511,0.022121249
723370,0.827850341796875,71.72069,5.631626,1.9644047,0.027389653
727347,0.978057861328125,75.99139,11.864851,4.2330484,0.055704318
729180,0.88702392578125,56.645393,5.0532637,2.1652234,0.038224176
755943,0.7586669921875,77.19992,11.796697,4.855922,0.06290061
755952,0.912750244140625,73.61921,11.995168,5.2075095,0.070735745
758901,0.899261474609375,61.90026,4.0014076,2.3950431,0.03869197
762121,0.685638427734375,48.920017,3.7737882,1.2204537,0.024947941
762125,0.791961669921875,49.14558,2.8189974,1.0244588,0.020845389
762131,0.93133544921875,82.54649,6.394863,2.3090882,0.027973184
762132,0.87213134765625,74.57649,5.1590805,1.6709969,0.022406483
762135,0.78033447265625,74.79609,5.4737353,1.9462788,0.02602113
261739,0.736968994140625,102.87768,16.504864,4.9930587,0.048533935
261740,0.674713134765625,117.01167,18.29778,3.681742,0.03146474
261747,0.611541748046875,96.810074,27.864866,3.6591983,0.0377977
269635,0.704345703125,86.98782,14.286847,3.6476014,0.041932322
276063,0.7027587890625,117.11417,17.963175,3.5438552,0.030259833
276067,0.70025634765625,42.618713,16.125185,3.5613976,0.08356417
281386,0.594268798828125,59.37724,14.956214,4.6697254,0.07864504
304203,0.588531494140625,95.18844,22.490374,6.6946206,0.07033019
304208,0.578125,116.16533,17.091652,4.7090654,0.040537614
307001,0.6322021484375,120.18956,17.522572,3.6455212,0.03033143
399124,0.774139404296875,115.843185,13.998448,4.2937083,0.03706483
422294,0.602874755859375,89.25138,19.071735,3.8632963,0.043285564
422303,0.570220947265625,118.73647,25.179031,3.761485,0.031679273
427829,0.572296142578125,141.66699,19.299635,4.854837,0.03426936
452631,0.721466064453125,112.38107,10.994732,3.432416,0.030542651
452635,0.758087158203125,118.82058,14.297464,3.696079,0.031106388
1082254,0.82562255859375,100.00233,9.466716,3.0586753,0.030586042
1082255,0.742095947265625,98.83292,6.8569655,1.9549892,0.01978075
1103072,0.500457763671875,69.289406,5.438459,1.6654748,0.024036499
1103073,0.698577880859375,70.47752,5.5218563,1.8296275,0.02596044
1104452,0.91217041015625,26.938742,12.539478,7.0365314,0.2612049
1105189,0.85980224609375,71.60243,9.282586,4.478373,0.06254499
1198457,0.77557373046875,25.245573,7.179495,2.8257058,0.11192876
1198458,0.77716064453125,25.168068,7.071853,2.9498954,0.11720786
583648,0.878326416015625,84.48723,16.529787,6.5566025,0.07760466
583650,0.86199951171875,82.51707,18.425755,5.3851,0.06526044
583651,0.877532958984375,90.98748,15.911706,6.3920307,0.07025176
583652,0.888275146484375,85.7851,16.59557,8.796449,0.102540515
583653,0.856689453125,77.53088,18.135801,6.3532724,0.081945054
583654,0.88299560546875,68.124664,15.891358,6.5268874,0.09580799
583655,0.87164306640625,75.58795,15.47578,6.220561,0.08229567
583657,0.86627197265625,81.9988,16.47922,7.0863514,0.08642018
583659,0.90875244140625,89.95342,17.01644,6.5303054,0.07259652
676097,0.9285888671875,74.290886,10.192253,4.7275524,0.0636357
676099,0.893096923828125,62.560123,7.008156,2.4311256,0.038860627
676103,0.9368896484375,33.254105,13.124399,5.486971,0.16500132
725573,0.7369384765625,49.896553,4.2813296,1.8778206,0.037634276
725584,0.8974609375,76.51785,8.640128,2.7889028,0.03644774
729815,0.9295654296875,37.502758,11.159733,5.4498715,0.14531922
759727,0.661865234375,50.641598,4.193973,2.0603445,0.040684823
759736,0.68548583984375,70.446175,6.1584616,1.253743,0.017797178
759737,0.901947021484375,77.90837,7.786362,2.422826,0.031098405
791089,0.7213134765625,52.833515,3.9684718,1.7040414,0.03225304
791090,0.61322021484375,50.23838,3.7409005,1.2967166,0.025811274
793538,0.92352294921875,30.928492,9.670132,4.3110356,0.13938719
795566,0.8779296875,73.767975,9.070892,4.0334187,0.054677095
795568,0.891143798828125,79.169205,10.693979,4.6736274,0.0590334
800715,0.90838623046875,72.38107,6.249452,3.078931,0.042537794
800716,0.886962890625,44.92506,4.3523693,3.314828,0.07378572
800719,0.92559814453125,66.21919,6.6129208,3.91097,0.059060972
820264,0.7645263671875,68.6552,6.4808936,2.4867346,0.036220632
820265,0.89599609375,70.84292,8.158243,2.6556492,0.037486445
822690,0.8712158203125,34.492714,11.08858,4.71384,0.1366619
822691,0.878173828125,34.56276,11.090581,4.718673,0.13652478
1061961,0.790679931640625,89.97715,11.224767,3.1426797,0.034927532
1085521,0.5023193359375,58.502975,3.9632182,1.6921415,0.028924026
1085534,0.833343505859375,91.83671,7.8637857,2.161448,0.023535773
1086580,0.905792236328125,37.13918,13.525267,5.8379474,0.15719107
1087627,0.867340087890625,76.682205,11.2249,4.912081,0.06405763
1108478,0.828826904296875,62.73482,4.3014307,1.3200809,0.021042235
1109775,0.560699462890625,85.65939,25.945967,5.316391,0.06206431
1110824,0.84149169921875,81.41989,12.370132,5.367436,0.06592291
260210,0.92218017578125,98.43414,16.57306,5.413238,0.0549935
263837,0.870697021484375,107.409904,21.782337,4.475154,0.041664258
263839,0.877227783203125,86.0742,20.751587,5.994495,0.06964334
263840,0.800384521484375,104.70656,20.348394,3.9317205,0.037549898
263841,0.786956787109375,91.84752,20.447891,4.0099072,0.04365831
263842,0.863922119140625,88.18277,21.003273,6.391168,0.07247638
270659,0.790435791015625,74.10478,19.010292,4.09403,0.055246502
270660,0.746917724609375,114.25626,18.721521,4.1359076,0.03619852
270661,0.8726806640625,59.10498,18.89263,6.3068433,0.106705785
270662,0.909088134765625,84.37262,19.758135,5.407988,0.06409648
270666,0.8646240234375,96.21474,19.576996,4.4176054,0.04591402
303483,0.84771728515625,70.33361,19.16006,5.602524,0.07965642
437337,0.819580078125,47.944744,17.183167,4.2331386,0.088292025
437339,0.886749267578125,15.931789,12.140206,7.2613955,0.45578027
437343,0.0,,,,
529570,0.922515869140625,131.15085,15.15488,4.7794495,0.036442384
613178,0.904296875,108.373344,22.329523,8.096528,0.07470959
694609,0.95208740234375,63.594364,8.795957,2.0415158,0.03210215
694615,0.92596435546875,61.29632,17.607489,5.495315,0.08965163
710282,0.811981201171875,48.561016,4.369774,1.7419763,0.035871908
710283,0.7781982421875,68.35773,9.162007,1.834553,0.026837537
725004,0.90228271484375,75.62869,7.964203,2.4216895,0.032020777
729009,0.878143310546875,49.778835,13.427452,4.455194,0.089499764
754917,0.931396484375,45.72284,5.0580072,2.0269253,0.044330698
759283,0.940704345703125,59.295895,6.521689,2.3657587,0.039897513
763417,0.0,,,,
792157,0.91815185546875,52.733765,10.11387,2.334182,0.04426352
795281,0.908050537109375,60.903076,14.6936,4.0944138,0.067228355
860159,0.801361083984375,49.04113,5.9686513,1.2670237,0.02583594
905909,0.95794677734375,103.88672,12.473356,5.132402,0.04940383
266392,0.95941162109375,94.72657,9.689839,3.3612063,0.03548325
267703,0.872772216796875,111.54596,12.913627,4.7163067,0.042281285
267704,0.820465087890625,116.00048,12.175075,4.358168,0.03757026
267713,0.791534423828125,120.12862,11.39097,3.7880867,0.03153359
277691,0.8602294921875,99.913506,13.321228,5.318367,0.053229712
277693,0.75128173828125,74.488014,11.848821,4.3653064,0.058604144
277697,0.846954345703125,121.09152,13.124038,4.497684,0.037142847
280905,0.91546630859375,111.45837,13.467444,6.9567924,0.06241606
280915,0.82763671875,91.36335,14.463477,5.9369516,0.064981766
313852,0.91326904296875,142.29974,18.93827,7.5267825,0.05289386
313859,0.811004638671875,81.47936,13.516211,5.4269514,0.066605225
345811,0.8292236328125,78.751656,16.165155,6.731806,0.08548145
345819,0.85980224609375,60.76322,11.843663,5.384789,0.08861922
345821,0.8104248046875,116.0377,13.846898,6.3215957,0.05447881
450418,0.79449462890625,80.55796,12.402752,4.681054,0.0581079
278601,0.75970458984375,90.387886,15.366562,7.3243346,0.08103226
278602,0.419586181640625,77.962906,18.845467,13.64822,0.17506044
278605,0.7042236328125,55.822803,19.12136,6.5434065,0.117217444
280055,0.67974853515625,76.77813,7.410268,4.3700585,0.056918014
280057,0.655975341796875,77.74399,7.6040606,4.3471103,0.05591571
285150,0.741668701171875,79.44941,8.15164,5.014008,0.06310944
287551,0.642333984375,104.75299,15.203586,5.4800587,0.052314103
287559,0.665924072265625,104.79117,28.84003,8.182393,0.07808285
407289,0.501556396484375,87.17396,18.506834,5.481742,0.062882796
407296,0.2135009765625,63.69397,25.01825,7.005092,0.109980464
407297,0.639251708984375,120.80938,25.492022,8.114876,0.06717091
408091,0.716339111328125,79.78716,8.880089,5.1333475,0.06433801
267015,0.9444580078125,86.15122,10.7176695,4.991946,0.057943996
270694,0.741668701171875,105.11846,22.168528,7.287622,0.069327705
270695,0.956329345703125,102.28359,16.581388,7.2290654,0.070676684
270702,0.969482421875,127.13177,17.41881,7.13676,0.05613672
270703,0.477386474609375,82.37045,20.705784,8.1705,0.09919212
270704,0.960968017578125,87.492966,15.519586,6.8905907,0.07875594
274508,0.95941162109375,83.64667,9.498716,4.382122,0.05238848
275729,0.9537353515625,105.44026,15.636526,7.258328,0.0688383
275731,0.670654296875,74.229294,27.710182,7.0571184,0.09507188
279855,0.994110107421875,85.78628,9.207989,4.201797,0.048979826
279859,0.64996337890625,83.008125,13.120403,5.431135,0.06542896
303472,0.90484619140625,120.70267,20.094751,9.956327,0.08248639
303476,0.77032470703125,84.60649,21.896341,7.427072,0.08778372
303477,0.713226318359375,85.611015,25.218626,8.710761,0.10174813
303479,0.79107666015625,99.74593,17.21535,6.663132,0.06680104
310096,0.435882568359375,70.10838,19.4098,8.601566,0.12268955
345654,0.947509765625,61.31007,12.625577,5.464949,0.08913624
345665,0.816864013671875,101.34711,15.977543,5.7623944,0.056858007
421538,0.90374755859375,119.023636,19.0565,4.6684823,0.039223153
442343,0.4071044921875,57.76889,17.643404,6.7252564,0.11641657
442347,0.657379150390625,81.15505,27.202847,6.9230733,0.08530674
536669,0.84344482421875,81.60858,9.545151,4.8045335,0.058872897
538502,0.965301513671875,115.46198,16.229498,7.4234204,0.0642932
538503,0.975128173828125,101.77517,12.93088,4.4125295,0.04335566
556077,0.7933349609375,98.85917,14.937409,6.121323,0.06191963
556082,0.9583740234375,105.23411,17.098831,5.7259865,0.054411888
556085,0.0,,,,
556087,0.622528076171875,52.42551,20.926039,6.139819,0.1171151
588660,0.866180419921875,96.59959,22.535177,7.88861,0.081662975
588664,0.80902099609375,72.7553,22.81016,6.8138847,0.09365482
588667,0.774688720703125,50.24274,20.770565,5.933822,0.11810307
607363,0.647735595703125,44.589916,22.614416,7.452167,0.16712673
607366,0.822357177734375,104.17553,20.095095,6.7681994,0.06496919
607372,0.2335205078125,65.84226,20.079386,6.8278065,0.10369945
607374,0.90533447265625,95.05258,21.687304,9.200379,0.09679253
613886,0.367279052734375,70.1081,18.729595,8.105139,0.11560916
675734,0.86785888671875,56.30315,4.959189,1.667278,0.029612519
675738,0.921875,87.5528,7.52794,2.3332076,0.026649147
675743,0.890411376953125,45.55441,9.48675,2.7739959,0.060894124
694592,0.54327392578125,78.528145,16.608414,5.0393414,0.064172424
694602,0.9161376953125,45.990738,14.716215,5.278256,0.114767805
707122,0.920501708984375,46.85681,3.0443711,1.1687506,0.024943026
724877,0.885528564453125,53.538548,4.604558,2.0456488,0.0382089
724891,0.8580322265625,79.64173,8.602587,3.283635,0.04123008
757989,0.898956298828125,47.084087,12.773435,5.0135355,0.106480464
762976,0.934783935546875,79.565735,5.6883564,1.8475709,0.023220686
789043,0.893157958984375,84.39987,8.329095,2.6599324,0.031515833
896691,0.922698974609375,77.10779,6.378528,1.6219653,0.021035038
274753,0.76568603515625,71.14233,9.788241,4.6569834,0.06546009
274755,0.8433837890625,73.572586,10.523261,5.044738,0.06856817
274757,0.7611083984375,72.393265,11.193489,5.7786455,0.07982297
276740,0.827728271484375,43.79501,13.000118,4.670147,0.10663651
276741,0.786865234375,39.562984,12.8278475,4.4206495,0.111737005
276744,0.824066162109375,33.050995,12.731127,3.9377708,0.11914228
276746,0.759124755859375,58.85797,17.596933,8.13297,0.13817959
276748,0.73345947265625,25.94021,15.081389,5.0876045,0.19612812
286157,0.670867919921875,19.68139,11.815278,4.8754706,0.24771982
286158,0.660247802734375,42.551144,15.218109,3.9621522,0.09311506
344129,0.641143798828125,50.874435,16.766375,7.529848,0.14800848
344130,0.664093017578125,58.00634,17.014826,5.7060494,0.09836941
344134,0.457366943359375,41.029293,14.5435295,6.261209,0.15260339
396779,0.481414794921875,51.696102,28.123587,7.373983,0.14264098
396780,0.431732177734375,25.95971,13.899962,7.5217013,0.2897452
437782,0.71014404296875,66.65006,26.949373,5.679534,0.085214235
450154,0.74169921875,60.968563,23.026411,5.8066187,0.09523955
450159,0.808868408203125,39.149784,13.795528,6.3744073,0.16282101
450160,0.711395263671875,51.644417,21.29115,4.424479,0.08567197
452417,0.753814697265625,77.464355,12.215601,5.5241084,0.071311615
521341,0.56097412109375,36.76787,11.0795,4.3004994,0.11696351
521342,0.674652099609375,43.417694,20.789528,4.3169227,0.09942773
531442,0.746856689453125,63.17268,14.777686,5.1086774,0.08086846
531446,0.50421142578125,25.809769,13.568169,4.4385285,0.17197087
531447,0.732757568359375,45.026737,13.452141,6.6240115,0.14711285
531448,0.565277099609375,47.535225,14.968974,6.3972445,0.13457903
726502,0.685516357421875,66.25264,12.074218,3.0711117,0.046354555
726503,0.8216552734375,62.712303,6.32409,1.7688296,0.028205464
971767,0.923492431640625,29.329666,10.356025,5.5798097,0.19024457
286170,0.71246337890625,63.068233,18.172106,5.1911035,0.08230932
344146,0.601165771484375,51.02122,14.569604,5.5522923,0.108823195
344147,0.457855224609375,46.680332,22.80215,6.332518,0.13565709
344152,0.47802734375,32.369446,11.51675,3.5514429,0.1097159
346602,0.680633544921875,61.75232,8.573876,3.922842,0.06352542
396783,0.519378662109375,17.750278,10.022094,5.5773544,0.31421223
396786,0.50958251953125,41.38424,14.277193,7.417573,0.17923667
396788,0.485137939453125,54.819275,25.419851,7.2909327,0.13299944
396792,0.446258544921875,40.36299,12.3924,5.509191,0.13649115
437783,0.557037353515625,23.295513,23.918276,7.5249195,0.32302013
521354,0.424713134765625,64.00288,20.869633,9.088164,0.14199619
531463,0.547393798828125,76.885155,17.564407,6.3541512,0.08264471
558212,0.610260009765625,58.6785,22.69137,4.9352336,0.08410633
608453,0.6697998046875,54.960224,18.330204,6.4936213,0.11815129
616405,0.598358154296875,48.821236,23.66795,3.432933,0.07031639
616407,0.59735107421875,53.519005,16.455997,6.3890033,0.11937822
677157,0.876251220703125,25.84467,8.094277,3.1054366,0.12015772
696428,0.8333740234375,59.788486,7.709802,2.774653,0.046407815
696438,0.86956787109375,25.609636,8.017596,2.6212304,0.10235328
726510,0.69134521484375,65.67878,8.014778,2.232734,0.033994753
730349,0.843414306640625,24.912184,7.6606293,3.210999,0.12889272
733544,0.54638671875,65.193474,5.990608,2.8738317,0.044081587
792589,0.607177734375,62.3076,7.2110796,1.7905798,0.028737744
795477,0.839263916015625,27.963964,8.488172,3.850089,0.13768037
796028,0.510772705078125,48.349705,5.2057977,1.7903216,0.037028596
800636,0.52008056640625,67.58726,4.9939804,2.7491157,0.04067506
903081,0.44097900390625,45.713566,3.0096204,1.0641313,0.023278238
905283,0.554351806640625,55.75227,5.5791936,2.080433,0.037315663
947747,0.8009033203125,77.54237,8.414768,2.80312,0.036149524
970918,0.646270751953125,59.70005,4.8286047,1.1522382,0.019300457
971774,0.881805419921875,30.508532,9.100675,4.3539686,0.14271314
973678,0.895172119140625,69.98547,6.944137,3.548552,0.05070412
275123,0.9166259765625,94.87865,14.6010685,6.672778,0.07032961
278270,0.82373046875,57.142746,16.338451,4.848203,0.08484372
278271,0.74737548828125,68.68583,19.726698,4.8840976,0.07110779
278274,0.849853515625,61.378662,17.461788,4.6944065,0.07648271
278275,0.760589599609375,66.30691,17.020905,4.6149235,0.069599435
278276,0.578643798828125,50.882023,18.174303,6.912057,0.13584477
278277,0.594085693359375,61.454563,18.890854,4.1561937,0.06763035
278279,0.8702392578125,48.44091,17.10207,7.270562,0.15009136
278280,0.71319580078125,57.797604,18.077734,4.553256,0.078779325
278281,0.7618408203125,53.007732,17.83273,4.5359015,0.08557057
282404,0.8896484375,102.37857,19.865059,6.3201976,0.0617336
282408,0.878021240234375,90.29603,21.65019,7.141498,0.079089835
282414,0.79449462890625,94.22167,19.543116,4.1016912,0.043532353
286252,0.828826904296875,82.24909,19.478899,5.756955,0.06999415
286254,0.89215087890625,49.788635,14.876897,4.335486,0.08707782
286257,0.748016357421875,74.7728,18.997803,5.3253922,0.07122099
313421,0.79901123046875,48.692078,14.405439,4.3927226,0.09021432
313422,0.819061279296875,66.357574,17.030912,5.43733,0.081939854
313423,0.747711181640625,74.521614,20.549292,4.263591,0.057212807
313424,0.872894287109375,87.898964,19.092993,5.724465,0.06512551
313425,0.8515625,85.158325,17.676752,5.207439,0.061150085
314858,0.80804443359375,98.91162,15.086005,6.2275157,0.0629604
397724,0.733428955078125,67.59015,23.965271,4.420904,0.06540752
397725,0.458770751953125,53.838554,19.666712,8.799554,0.16344336
397732,0.654541015625,83.92829,17.999342,4.1311398,0.049222253
521980,0.896942138671875,89.20537,20.52587,5.9960694,0.06721646
521981,0.813385009765625,57.363636,17.883163,4.515043,0.07870915
578832,0.865478515625,97.280815,9.685971,5.217808,0.053636555
580648,0.455596923828125,76.414696,18.557215,11.208474,0.14667957
580649,0.818206787109375,90.615715,17.5966,5.7833138,0.06382242
580653,0.747833251953125,74.73189,21.460915,5.5817084,0.07468978
580654,0.469512939453125,58.080597,20.119968,7.2530584,0.1248792
580657,0.454254150390625,97.80591,19.303972,8.375524,0.08563413
580658,0.810516357421875,96.15467,16.431595,4.573725,0.047566336
580659,0.74554443359375,78.64298,22.189388,6.858839,0.08721489
586815,0.883392333984375,90.69019,10.069863,5.5834136,0.061565794
591209,0.84259033203125,67.0494,17.24147,5.4054894,0.08061951
591211,0.79571533203125,64.111755,23.489452,6.5422373,0.10204427
591212,0.809600830078125,103.384636,17.649725,6.46602,0.06254334
591213,0.79205322265625,93.54554,16.842863,4.784043,0.051141325
591214,0.770721435546875,66.1412,20.338854,6.3834963,0.09651317
603485,0.72943115234375,65.76601,18.922503,5.3096485,0.08073545
603486,0.757049560546875,86.73157,16.356384,4.4872937,0.051737722
603487,0.616729736328125,72.21639,25.7967,5.045549,0.06986709
700982,0.874481201171875,84.10096,9.2832155,2.5537698,0.030365525
700986,0.867034912109375,63.392033,6.402224,3.3124907,0.052254055
724762,0.567413330078125,49.48884,3.8263688,1.8298584,0.036975175
728907,0.882476806640625,55.257324,11.396366,4.255084,0.07700489
732684,0.886199951171875,115.76735,12.08609,5.9943876,0.051779605
795185,0.893798828125,63.087887,13.525399,4.5883956,0.07273021
1014116,0.80633544921875,66.29763,4.8774843,1.6336259,0.024640787
1015198,0.855316162109375,61.297108,13.149308,7.0005255,0.114206456
1131718,0.8734130859375,81.67355,9.078178,5.0154243,0.06140818
278287,0.0,,,,
278288,0.919342041015625,87.87585,15.481679,3.9143965,0.044544622
286267,0.3416748046875,81.799126,25.462643,9.740201,0.119074635
286272,0.86053466796875,90.37893,32.60602,8.089003,0.08950098
313433,0.4908447265625,82.910034,17.843071,7.328292,0.08838848
313442,0.45440673828125,76.33976,24.851316,9.397451,0.123100355
397740,0.58355712890625,59.5683,19.446823,8.192834,0.13753681
397741,0.833587646484375,83.04902,14.167768,4.7546864,0.057251565
399207,0.77545166015625,73.35911,11.213973,5.7235355,0.07802079
522000,0.495147705078125,83.40179,17.646,7.092022,0.085034415
524288,0.914794921875,80.132774,7.6476383,4.1916413,0.0523087
538317,0.725677490234375,65.9659,22.273996,6.631454,0.10052852
538326,0.7117919921875,56.64843,23.187326,5.934415,0.10475868
556012,0.88800048828125,72.74771,15.018312,4.4976497,0.06182531
556019,0.50396728515625,68.97081,29.176926,8.278928,0.12003524
580666,0.559478759765625,73.27737,22.718025,10.056465,0.13723835
591221,0.82666015625,82.22143,13.784643,4.2544503,0.051743813
591223,0.486083984375,47.14691,21.176573,4.2324977,0.08977253
693835,0.870819091796875,49.13128,9.234223,3.3661158,0.068512686
700983,0.7264404296875,47.701393,3.1517353,1.4802766,0.031032145
724768,0.36767578125,50.618942,3.0305762,1.3429843,0.02653126
791872,0.790863037109375,54.32221,4.2477384,1.4405562,0.026518734
791900,0.80841064453125,69.17244,5.6013947,1.8685155,0.027012426
824222,0.882659912109375,54.63524,11.763425,5.6609383,0.10361332
829726,0.72552490234375,78.10482,7.2023964,2.309444,0.02956852
830568,0.8349609375,66.76056,4.80919,2.3835585,0.035703093
865936,0.882476806640625,58.924854,2.7906747,1.8607045,0.031577583
902922,0.65496826171875,49.550926,3.3469841,1.1184102,0.022570925
936944,0.883514404296875,85.23015,10.281616,4.566116,0.05357395
942400,0.864532470703125,88.22094,6.06603,1.8088619,0.02050377
993669,0.9219970703125,85.89438,9.837694,5.5414333,0.0645145
275131,0.9708251953125,74.177795,12.048117,5.1514583,0.06944744
278328,0.92254638671875,47.80334,22.08845,8.957547,0.1873833
281786,0.89166259765625,64.18396,20.423483,8.406472,0.13097467
281787,0.87030029296875,68.728836,21.439169,8.45445,0.12301168
305090,0.68585205078125,103.83563,31.133432,7.768604,0.07481636
312464,0.452239990234375,58.205547,16.483696,7.4629307,0.12821683
312466,0.5736083984375,66.602684,27.112724,11.145254,0.16733941
343835,0.8865966796875,66.25069,18.680304,5.6322165,0.08501371
397155,0.55413818359375,51.141315,17.0667,7.2031155,0.14084728
416319,0.819091796875,42.295044,18.690151,8.070697,0.19081897
416323,0.86041259765625,65.88923,21.11093,9.123216,0.13846293
416324,0.629364013671875,72.76638,27.00662,7.6226535,0.104755156
427945,0.88067626953125,42.117435,15.51905,6.209062,0.14742261
442889,0.591766357421875,61.565315,21.448841,8.24988,0.13400207
443789,0.961334228515625,82.75388,14.477454,6.64875,0.080343656
557831,0.78875732421875,36.741043,15.996571,5.4295897,0.14777996
578966,0.869476318359375,90.42796,12.913433,5.611716,0.062057305
607303,0.577911376953125,83.124466,28.396238,6.9911675,0.08410481
607309,0.95208740234375,87.64014,21.981842,6.041492,0.068935215
607310,0.82421875,72.34367,18.119738,7.480435,0.10340137
696706,0.90277099609375,70.634674,10.25484,3.8439682,0.05442041
696708,0.931304931640625,42.57643,13.508532,5.327216,0.12512125
701874,0.86346435546875,49.254753,6.964369,3.3595665,0.068207964
707665,0.277099609375,46.530396,2.6168635,0.96090776,0.020651184
707675,0.904205322265625,58.78548,5.746353,1.995678,0.033948485
723394,0.811187744140625,75.76107,7.3628197,2.6944575,0.035565197
791971,0.33392333984375,49.855053,4.3964987,1.2438595,0.024949517
791987,0.647705078125,74.817894,7.213772,2.305343,0.030812722
868761,0.714599609375,47.87773,4.2774715,1.388143,0.028993499
868775,0.779510498046875,74.81991,8.452556,2.1659129,0.02894835
871049,0.8306884765625,97.72741,10.8792,5.310711,0.054342084
871980,0.87176513671875,48.077785,4.8039823,2.2467542,0.046731647
872577,0.862030029296875,49.36404,13.357509,6.8507767,0.13878071
896443,0.686309814453125,46.776558,3.4683874,1.2795532,0.027354581
896453,0.799896240234375,72.86147,8.970029,2.6437297,0.036284328
897526,0.81134033203125,41.687393,10.4640665,4.5427895,0.10897274
898677,0.6004638671875,59.888393,8.179213,3.1594646,0.052755874
898679,0.7967529296875,74.88843,8.452741,3.1307971,0.041806154
899786,0.8408203125,102.30789,12.774565,4.721512,0.046150025
901176,0.84918212890625,64.32369,5.7330885,2.5302367,0.039336
901180,0.6654052734375,60.92414,6.397924,2.9587898,0.048565146
279997,0.76397705078125,74.86874,9.550864,3.7059033,0.049498677
283259,0.5401611328125,46.747684,16.231867,7.2307363,0.15467581
283264,0.62078857421875,63.354637,21.514402,6.344286,0.10013925
302212,0.740936279296875,80.446724,8.973927,3.3360455,0.041469004
388506,0.819366455078125,30.097248,10.89465,4.8564806,0.16135962
416309,0.738800048828125,103.253914,21.394442,6.843195,0.0662754
709557,0.74188232421875,62.02468,7.2394757,2.5718138,0.041464362
709563,0.777923583984375,43.65678,3.2944984,1.2114986,0.027750526
709568,0.6536865234375,42.409664,11.590525,4.9709907,0.11721363
725671,0.756317138671875,47.34104,3.679771,1.1092753,0.023431579
725682,0.79302978515625,64.1223,6.29476,2.380063,0.037117556
756467,0.8291015625,77.35553,9.502106,3.2811158,0.042416047
760365,0.766448974609375,72.17229,7.8875723,2.3083303,0.03198361
870582,0.85003662109375,90.15689,7.795426,3.7528744,0.04162604
873429,0.795196533203125,73.5633,8.452845,2.6346862,0.035815224
896461,0.791229248046875,74.51954,7.3663087,2.3964841,0.03215914
898678,0.613372802734375,66.096275,7.948704,3.0075853,0.0455031
901178,0.846466064453125,72.54476,4.9805646,2.4066043,0.03317406
280180,0.719390869140625,88.031944,14.705957,5.8823805,0.06682098
284026,0.94476318359375,106.111664,16.261364,4.5875144,0.043232895
288488,0.72003173828125,30.091803,13.298273,3.688986,0.12259106
288491,0.946441650390625,69.55351,15.207556,4.950097,0.07116962
304245,0.95074462890625,78.59761,14.737134,4.8264475,0.061407052
314153,0.950775146484375,68.722,15.078362,5.620616,0.08178772
314164,0.89471435546875,86.52398,15.508296,7.116384,0.08224753
315030,0.707611083984375,71.42097,9.814148,3.8367732,0.053720545
392522,0.96826171875,81.63915,16.958862,4.4954433,0.055064797
406891,0.936981201171875,64.48761,15.320218,5.7365365,0.08895564
406892,0.9248046875,104.38434,15.072419,6.0338173,0.057803858
406897,0.909454345703125,69.961006,16.320776,5.6033688,0.08009274
422630,0.878814697265625,94.41709,13.960865,4.8024364,0.050864056
437970,0.9407958984375,93.27991,14.651939,6.154865,0.06598275
1010382,0.64862060546875,34.782772,4.7702365,2.2884593,0.065792896
1035266,0.612091064453125,64.76567,4.8201675,1.5262939,0.023566402
1036233,0.642913818359375,47.734894,6.0990167,2.240973,0.046946224
1109658,0.577178955078125,48.94956,5.1676483,1.7446221,0.035641223
1126528,0.789459228515625,38.720245,9.967942,5.796955,0.1497138
1129192,0.65618896484375,105.27918,10.84819,2.358077,0.022398323
280198,0.791473388671875,94.75049,15.3561125,5.6977296,0.06013404
284116,0.5382080078125,100.25646,15.016957,5.8877916,0.0587273
289042,0.812164306640625,103.891594,13.396524,3.6353307,0.034991577
289045,0.748565673828125,101.5487,13.036939,3.5147197,0.034611173
401479,0.582427978515625,43.902016,17.109615,3.9263172,0.08943364
415325,0.6881103515625,65.18946,15.001284,5.3093457,0.081444845
415326,0.789642333984375,48.96742,20.273596,5.270236,0.1076274
676511,0.719207763671875,59.15772,5.025436,1.6423318,0.02776192
676513,0.7593994140625,68.47818,5.884495,1.9292988,0.02817392
676515,0.759735107421875,39.172123,9.437256,2.6583436,0.067863144
682831,0.761810302734375,66.28863,6.1435037,2.256489,0.034040365
694650,0.68603515625,49.027714,5.294519,1.7284452,0.035254452
724722,0.52471923828125,50.6953,3.9621382,1.2087299,0.023843035
724732,0.57086181640625,70.88528,9.451208,1.7776018,0.025077166
729594,0.634674072265625,42.16714,5.8813787,1.8375382,0.043577492
729596,0.65966796875,44.605755,5.9204893,1.4883091,0.033365853
903055,0.166015625,45.19798,3.128198,0.972783,0.02152271
903069,0.691864013671875,68.22094,6.174746,1.8517805,0.027143873
904425,0.75140380859375,42.918324,8.795963,3.404243,0.079319105
905271,0.687164306640625,63.14771,7.4568195,2.400624,0.03801601
905970,0.72705078125,103.6386,11.680753,5.083812,0.04905327
944299,0.801177978515625,51.47625,11.377997,5.507714,0.10699524
945127,0.669281005859375,42.522594,4.7740884,1.7578682,0.041339625
988928,0.635406494140625,46.95951,5.7828355,2.1038868,0.044802144
988930,0.19677734375,48.932846,5.2186966,1.7906904,0.036594857
1010386,0.690399169921875,77.06003,13.04064,3.1889255,0.041382357
1033054,0.7764892578125,88.8064,9.951068,2.070608,0.023315977
1033056,0.748382568359375,94.25947,10.93404,2.474967,0.02625696
1109659,0.53997802734375,61.97406,6.4717484,2.376755,0.038350802
1129235,0.730682373046875,102.07488,9.966881,2.1150408,0.020720482
1129238,0.683074951171875,105.857346,10.201253,2.413053,0.022795329
284120,0.728302001953125,93.63268,23.0122,9.831106,0.104996525
284123,0.619232177734375,43.131733,19.710352,6.5310116,0.1514201
289035,0.559722900390625,94.547295,18.280947,4.239509,0.04484009
289041,0.609161376953125,93.7688,24.310692,6.83094,0.07284875
401487,0.69281005859375,87.83768,15.906515,6.4981976,0.073979616
415346,0.851318359375,97.76792,17.611856,7.9936495,0.08176147
415347,0.723602294921875,64.63346,16.921053,5.202129,0.08048662
447063,0.55645751953125,99.37858,15.529034,6.0490923,0.060869176
676514,0.7376708984375,66.71823,4.969924,1.7348439,0.026002545
676519,0.7691650390625,42.193104,8.119908,2.810321,0.06660617
682820,0.728973388671875,84.968605,7.3427258,3.4746325,0.040893134
682834,0.76123046875,66.02337,6.4463587,2.2830238,0.034579027
694656,0.860992431640625,43.360897,9.525982,3.458672,0.07976477
724727,0.3974609375,52.19211,2.8831851,1.1789657,0.022588965
724737,0.57568359375,71.00944,7.6691494,1.6677054,0.023485687
724738,0.693115234375,74.495865,7.924223,1.9114374,0.025658302
903060,0.0,,,,
903070,0.67822265625,69.051254,5.63941,1.792118,0.025953446
944309,0.66131591796875,41.67245,11.13219,5.0587435,0.12139299
945128,0.70684814453125,83.47133,10.662158,3.6904724,0.044212457
988360,0.871063232421875,51.42238,12.777559,5.297444,0.10301826
991200,0.1649169921875,63.4208,5.149057,1.5260283,0.024061954
280204,0.759918212890625,116.97715,19.64766,6.88145,0.058827303
284135,0.863677978515625,64.55832,17.314995,6.5516915,0.10148485
284139,0.9066162109375,88.62299,16.727333,6.6405177,0.07492997
284140,0.553192138671875,52.399956,17.759188,6.0134554,0.1147607
284143,0.785400390625,80.79363,21.47814,4.7998347,0.059408575
284144,0.865142822265625,55.808495,15.27345,4.8083787,0.086158544
284145,0.540374755859375,62.62467,15.79349,6.697718,0.10695016
284146,0.88427734375,77.1972,22.183857,5.206608,0.067445554
280320,0.791900634765625,93.17249,13.606035,4.865193,0.05221705
280322,0.742706298828125,85.27259,13.631199,5.815742,0.06820177
313762,0.757049560546875,76.99246,26.776741,6.6280684,0.08608724
421572,0.70916748046875,59.863842,18.757505,8.197582,0.13693713
443729,0.806671142578125,81.92226,12.173391,5.4941707,0.06706566
511156,0.67132568359375,102.10183,7.7035193,3.027476,0.029651536
542080,0.789276123046875,76.68147,18.009172,5.4720197,0.07136039
591982,0.677886962890625,63.00464,17.74171,4.378682,0.06949777
1041960,0.785003662109375,31.54189,10.601107,5.1661153,0.16378586
284801,0.87152099609375,78.2095,12.548801,3.8726418,0.049516257
286090,0.737579345703125,75.8774,21.925238,6.0308585,0.07948162
286091,0.598602294921875,66.114044,20.53127,5.6844716,0.08597979
286093,0.5035400390625,33.556667,13.788023,5.15986,0.15376557
286094,0.626861572265625,64.62139,20.124231,6.0334005,0.09336538
286096,0.563385009765625,60.576405,20.505913,4.458577,0.07360254
387195,0.77239990234375,46.420506,16.425629,6.5537276,0.14118174
387196,0.74053955078125,72.60331,19.260767,5.687719,0.078339666
403067,0.84002685546875,56.93065,16.66327,5.213206,0.09157117
403068,0.7200927734375,52.168503,16.362255,5.6264105,0.107850716
417345,0.86224365234375,27.534048,14.115819,5.3533864,0.19442788
417349,0.83050537109375,62.689827,18.012848,5.1929793,0.08283608
417350,0.835540771484375,61.80708,19.24219,5.3562036,0.086660035
431832,0.834136962890625,54.342735,18.059587,6.7594814,0.12438611
431836,0.590179443359375,56.078907,24.071993,8.935009,0.15932924
511835,0.583404541015625,97.21096,10.141883,5.2123623,0.05361908
514649,0.599761962890625,53.578896,15.748089,6.24474,0.11655223
608130,0.337554931640625,68.34247,13.526118,5.1169252,0.07487182
608132,0.781402587890625,85.11408,17.906425,5.5228457,0.06488757
608135,0.77044677734375,85.48039,17.973562,5.704653,0.06673639
614914,0.75677490234375,73.6584,19.571423,5.7210345,0.077669814
704800,0.691986083984375,42.583637,3.5058756,1.4878048,0.034938414
704808,0.786468505859375,51.12227,13.068213,2.8462236,0.05567483
723918,0.783477783203125,46.646828,5.605859,1.4228115,0.030501785
723924,0.82391357421875,67.65286,7.528376,3.1611102,0.046725444
757705,0.823272705078125,45.107647,13.960654,4.0765405,0.0903736
762337,0.8607177734375,69.08328,6.744983,2.0182443,0.029214654
795770,0.811553955078125,58.12304,8.396247,2.8928363,0.049770907
898177,0.81719970703125,66.32687,19.44655,5.9852796,0.09023913
899105,0.777984619140625,71.165184,10.541033,3.1737366,0.044596758
900104,0.29193115234375,46.017353,3.5750828,1.0761437,0.023385607
936342,0.7919921875,43.167503,13.787491,5.451342,0.12628347
942263,0.840240478515625,84.08669,8.36571,1.8785403,0.022340517
996357,0.8275146484375,33.8294,10.782828,2.597095,0.07677036
309411,0.883056640625,99.229645,13.417202,6.2932687,0.06342126
309413,0.828155517578125,124.35575,20.150003,5.712533,0.045937024
309414,0.960357666015625,117.283646,13.466048,6.3644366,0.05426534
310553,0.713470458984375,76.839645,10.107806,4.8210196,0.0627413
391767,0.003509521484375,,,,
391783,0.73046875,107.40629,12.323286,4.0586224,0.037787568
421056,0.90838623046875,110.33931,11.893762,4.4420247,0.040257864
436912,0.557159423828125,107.3764,25.18928,7.6750855,0.07147832
518415,0.830352783203125,102.93223,11.586346,4.379603,0.042548414
527769,0.0,,,,
539152,0.50653076171875,54.780518,11.360648,4.7668967,0.0870181
556495,0.719635009765625,115.39159,14.109031,4.182365,0.036244974
592594,0.63128662109375,86.86668,22.14183,7.832387,0.09016561
612246,0.210357666015625,86.83229,10.52464,4.9058175,0.05649762
676774,0.805389404296875,52.4234,13.715102,5.892215,0.11239665
702033,0.70489501953125,41.848427,4.0245285,2.2738693,0.054335836
707071,0.612274169921875,73.61063,5.7214327,1.6306632,0.02215255
707072,0.33856201171875,52.178116,2.9639084,1.0513557,0.020149361
724689,0.0,,,,
724690,0.293853759765625,52.547306,2.3895197,0.93168646,0.017730432
724700,0.510284423828125,77.94863,6.426934,2.0157106,0.025859473
763109,0.37603759765625,53.28697,2.5902207,1.11483,0.02092125
794950,0.83612060546875,50.902985,11.210621,4.4642763,0.08770166
800382,0.773345947265625,129.52673,12.431388,6.5990257,0.05094721
859626,0.004302978515625,,,,
911492,0.512908935546875,75.66056,6.8747625,2.43146,0.032136425
911493,0.6329345703125,75.38153,5.8930435,2.299883,0.030509898
309447,0.788909912109375,96.21736,17.549158,6.6112866,0.068711996
309454,0.79705810546875,100.58576,13.782723,4.9728217,0.049438626
310562,0.517791748046875,117.70649,18.976263,8.380504,0.071198314
391944,0.6314697265625,86.96153,29.357355,6.221589,0.071544155
391947,0.7310791015625,92.683586,15.9602995,6.250582,0.06744001
420605,0.3399658203125,70.61284,12.538462,3.6049516,0.051052354
555680,0.70513916015625,92.06981,25.854109,3.8258576,0.041553877
601782,0.630828857421875,132.64975,16.20459,5.6445956,0.042552628
606586,0.579345703125,98.369156,21.717785,5.377478,0.054666303
606611,0.711639404296875,95.35032,14.340063,4.176771,0.04380448
613372,0.574859619140625,100.22578,14.917267,5.229551,0.052177705
674814,0.641082763671875,62.87652,11.981896,3.758224,0.059771504
684435,0.750885009765625,111.2456,11.882181,5.7024455,0.051259965
696899,0.66119384765625,87.27943,8.599536,3.1733077,0.036358025
706074,0.66357421875,67.24149,14.231357,5.0434675,0.075005285
764261,0.52728271484375,57.215767,3.7405405,1.3846028,0.024199672
764627,0.8319091796875,110.53353,10.004174,4.552579,0.041187312
767231,0.674957275390625,63.600082,12.89913,5.357444,0.08423643
788788,0.26470947265625,54.701637,4.834735,2.2105403,0.04041086
901786,0.70263671875,59.333958,3.414861,1.2864168,0.021680953
901796,0.7584228515625,88.02229,7.018542,2.5682116,0.029176831
903852,0.723480224609375,60.576748,10.3161335,4.4255767,0.07305735
904794,0.650238037109375,92.75323,8.90488,3.1146667,0.033580143
906132,0.807373046875,62.455963,5.442162,3.0648496,0.04907217
592798,0.804718017578125,89.007965,20.54478,5.4798765,0.061566137
608155,0.764801025390625,57.505207,11.419561,4.811591,0.08367227
615056,0.843902587890625,74.69146,22.332155,7.1259756,0.0954055
615057,0.780303955078125,91.94892,12.745638,6.2130175,0.067570314
615058,0.734619140625,87.98766,16.515526,5.1750526,0.05881566
582908,0.659149169921875,118.23858,15.447228,6.6003366,0.05582219
582909,0.650054931640625,126.753296,23.439964,7.036918,0.05551665
582912,0.60467529296875,126.77965,17.105085,7.318245,0.05772413
587202,0.768951416015625,74.50224,6.42564,3.852362,0.051707998
592800,0.780609130859375,108.77188,15.452943,6.978811,0.064160064
592801,0.74951171875,97.399956,22.979305,7.135197,0.07325668
592802,0.787078857421875,109.004616,14.394369,7.426136,0.068126805
592804,0.73553466796875,108.4683,22.416878,7.099248,0.065449975
592805,0.76837158203125,104.73791,12.984626,6.309583,0.06024164
592807,0.474395751953125,87.974266,22.683887,6.6405683,0.075483076
592808,0.737274169921875,108.98167,13.275926,6.8436956,0.062796764
592809,0.72882080078125,108.88983,15.87156,7.2000604,0.06612243
592810,0.711517333984375,91.89355,29.07002,6.770879,0.073681764
602139,0.7100830078125,91.899475,9.080429,4.688095,0.051013295
608166,0.69097900390625,115.0689,16.274998,6.626403,0.05758639
608167,0.64813232421875,113.09313,24.480616,6.770281,0.05986465
608168,0.68280029296875,113.604454,15.098744,7.7191334,0.067947455
608170,0.6561279296875,105.06042,24.173334,5.6334896,0.05362143
608171,0.693084716796875,107.110344,14.960985,5.412791,0.050534714
608172,0.60052490234375,110.56805,27.613962,10.205045,0.09229651
608173,0.685821533203125,102.71695,27.237373,5.9841046,0.058258202
608175,0.71856689453125,120.79895,21.647896,8.4985075,0.070352495
608176,0.704345703125,106.770584,14.601385,5.81493,0.05446191
609912,0.704559326171875,84.65292,7.831143,3.481559,0.04112745
615064,0.66558837890625,119.14108,17.420992,6.219693,0.052204438
615065,0.692840576171875,110.589485,14.35845,6.6958823,0.060547188
615066,0.7078857421875,110.35967,15.225468,6.5480285,0.059333526
615068,0.673828125,120.304985,14.173406,6.134269,0.05098932
615069,0.685028076171875,116.605385,14.992528,6.203479,0.05320062
615071,0.677642822265625,113.457596,15.383043,7.0201426,0.061874595
615073,0.6495361328125,119.02016,20.316484,6.3023953,0.052952334
314238,0.687225341796875,51.65283,16.821882,7.242528,0.14021552
315047,0.78729248046875,88.819984,11.749482,4.0139937,0.04519246
406304,0.589813232421875,78.5794,29.862015,7.991497,0.10169964
536861,0.88311767578125,78.19597,6.391164,3.4596505,0.044243336
556678,0.911346435546875,100.567795,13.608618,3.9059832,0.038839303
584935,0.785797119140625,108.9184,15.261741,7.7987766,0.07160201
604182,0.92626953125,90.31494,21.462831,9.449414,0.10462736
604186,0.7484130859375,92.2887,14.178784,7.1692142,0.07768247
344665,0.826385498046875,124.47092,14.804299,4.0320797,0.03239375
344668,0.655120849609375,141.53346,14.846753,4.921544,0.034773007
346731,0.87054443359375,115.09623,16.962154,5.787822,0.050286807
397878,0.827178955078125,129.62048,15.38504,4.023486,0.031040512
397880,0.684112548828125,139.81987,16.340378,4.0588093,0.029028844
411551,0.581298828125,108.81379,13.570952,4.5577674,0.041885935
427801,0.620025634765625,122.14889,19.101095,6.130782,0.05019106
427803,0.882843017578125,126.18473,15.535506,4.051236,0.0321056
429516,0.933685302734375,110.755775,13.075034,5.045618,0.04555625
521228,0.755401611328125,91.04832,13.688267,3.337103,0.036652
521231,0.7628173828125,79.71115,16.3249,3.341032,0.041914236
527997,0.749603271484375,110.78443,12.849032,2.8785467,0.025983315
528002,0.889801025390625,138.93771,16.443636,3.805708,0.027391467
554805,0.91607666015625,89.76444,7.54473,3.40041,0.03788148
559995,0.898956298828125,111.564384,16.121122,5.838969,0.052337214
579682,0.84600830078125,94.299835,8.077857,3.7586143,0.03985812
584292,0.593170166015625,104.82492,11.597782,3.6908844,0.03520999
584293,0.748565673828125,114.88104,11.952229,3.7011561,0.032217294
584298,0.596588134765625,108.38795,12.333536,3.4177446,0.031532515
588138,0.657989501953125,135.00793,13.986686,3.9883835,0.029541845
588139,0.540069580078125,150.18834,15.003507,4.1313686,0.027507918
588140,0.64013671875,153.10593,15.387414,4.194215,0.027394203
588141,0.673553466796875,128.82751,15.1289835,4.0139294,0.031157391
588142,0.505401611328125,108.592476,14.703598,4.473956,0.041199505
601898,0.952667236328125,121.5991,16.583422,5.5395317,0.045555696
607158,0.834747314453125,121.178375,13.078829,4.149261,0.034240935
607160,0.851409912109375,132.9353,15.079908,4.553797,0.034255736
607168,0.687713623046875,98.33131,11.037923,3.5992632,0.036603432
611501,0.862213134765625,127.48678,12.316111,3.629311,0.028468138
611504,0.83404541015625,131.3445,13.936844,3.9661224,0.030196335
675030,0.884979248046875,95.32332,9.507817,2.8259015,0.029645437
675037,0.915771484375,78.222206,14.677195,4.024303,0.051447064
681849,0.845855712890625,100.21456,9.559545,2.4663584,0.024610778
692938,0.87860107421875,77.729034,15.140148,5.5524735,0.071433716
700706,0.881195068359375,56.21683,4.66444,2.133655,0.037954025
708620,0.897308349609375,84.75761,8.876747,2.6648386,0.0314407
708622,0.7913818359375,43.291996,3.4959872,1.0578107,0.024434324
708633,0.926849365234375,74.55596,18.116993,5.6374536,0.07561372
708636,0.925506591796875,80.27388,17.56937,5.383288,0.06706151
728048,0.812164306640625,55.253597,5.6451497,1.4854345,0.026883943
763754,0.790008544921875,50.583225,3.4190722,0.9741364,0.019258091
763760,0.888275146484375,76.307175,5.585038,1.547365,0.020278106
767020,0.905364990234375,84.08397,14.969791,5.5199523,0.065648094
790112,0.765869140625,52.59145,4.1960073,1.1195891,0.021288425
798670,0.91912841796875,103.54814,8.794542,3.8889995,0.037557404
799625,0.859832763671875,41.997303,2.4649725,1.4715825,0.035039928
910225,0.911346435546875,61.592472,4.268758,2.1865797,0.03550076
910226,0.926361083984375,100.03304,7.319019,3.0971801,0.030961571
911146,0.86346435546875,51.46798,3.8279443,1.1450821,0.022248438
911153,0.8594970703125,78.36546,5.859069,1.7365516,0.022159655
517944,0.939666748046875,113.403366,17.65602,6.485447,0.057189193
517948,0.89056396484375,112.67445,13.795616,4.7819276,0.04244021
517951,0.9017333984375,110.80682,15.336265,6.5434823,0.059053063
519207,0.816009521484375,80.51401,21.577415,6.934815,0.08613178
519208,0.790740966796875,102.46247,18.236874,5.0510116,0.04929621
519217,0.8392333984375,106.4184,19.271694,5.178368,0.048660457
1091857,0.907623291015625,104.112404,14.128845,6.23727,0.059908997
1111272,0.907989501953125,31.507713,12.082134,6.5605307,0.20821983
1112415,0.94329833984375,94.577774,13.194651,5.498804,0.058140554
1113258,0.465911865234375,71.7226,7.705101,2.3655725,0.032982245
1113259,0.85028076171875,77.86411,11.773251,1.9418811,0.024939358
1113264,0.91326904296875,103.19488,10.98281,2.9789324,0.028867057
1130328,0.8272705078125,31.98801,11.251925,5.338409,0.1668878
1131001,0.913726806640625,69.575195,9.041259,3.2316425,0.046448197
1131002,0.91229248046875,93.262825,10.563814,3.7517848,0.040228084
1131765,0.598236083984375,105.45264,19.668175,6.506057,0.06169648
1131768,0.708740234375,96.500305,13.940286,5.533565,0.057342462
1091864,0.872650146484375,82.712715,11.423212,4.7992244,0.058022812
1112424,0.908050537109375,74.07343,10.453229,5.258809,0.07099453
1113260,0.546905517578125,74.2054,12.053174,2.2652328,0.030526523
1113262,0.300079345703125,74.06509,10.349404,2.4996872,0.03374987
1113263,0.62689208984375,81.07351,16.626896,2.0700839,0.02553342
1113271,0.854888916015625,99.80813,9.456689,3.5733473,0.035802167
1130332,0.804229736328125,32.896976,10.532261,4.1997705,0.12766433
1131776,0.695343017578125,71.39294,10.441508,4.645293,0.06506657
417382,0.731658935546875,67.9977,12.925065,5.4602385,0.08030034
555932,0.532379150390625,87.911835,24.01535,4.916658,0.055927146
555941,0.597320556640625,45.45527,19.299932,3.7723153,0.08298962
579343,0.789276123046875,67.53524,5.780094,2.3536868,0.034851238
582813,0.5120849609375,61.265377,23.292198,5.0646014,0.08266661
611665,0.7449951171875,65.01397,27.741089,6.232117,0.09585813
1126602,0.691925048828125,26.549994,8.661193,2.4655142,0.09286308
1128226,0.8160400390625,73.59241,9.122426,2.6260934,0.0356843
1129397,0.4395751953125,90.27957,6.5615087,2.0876453,0.023124227
1129398,0.816253662109375,92.473434,9.565551,2.1719744,0.02348755
1129409,0.73675537109375,66.033264,5.964147,1.7467005,0.026451828
1087347,0.59661865234375,71.65749,6.267917,2.3235667,0.03242601
1126605,0.62957763671875,32.74314,16.215416,6.782145,0.20713177
387109,0.59814453125,83.93021,25.651606,5.7544518,0.06856234
519732,0.755645751953125,88.40612,17.516317,6.359092,0.07193045
529890,0.6329345703125,90.89137,25.07332,3.8990748,0.04289818
541557,0.512115478515625,68.49687,28.37006,5.124794,0.074817926
585856,0.737701416015625,85.86493,18.984661,6.7224708,0.07829123
591509,0.794219970703125,80.33295,15.305303,4.746478,0.059085075
591514,0.78564453125,54.910347,28.911312,7.6309595,0.13897125
600803,0.611358642578125,70.23007,6.59551,2.4176683,0.03442497
701291,0.645965576171875,43.199318,3.2552986,1.535185,0.03553725
707499,0.478790283203125,44.637707,3.131376,1.5523875,0.034777492
707501,0.00274658203125,,,,
756609,0.54595947265625,71.61347,5.956983,2.2045538,0.030784067
757327,0.712066650390625,51.085243,2.808686,1.4127532,0.027654821
799506,0.65557861328125,56.075367,4.3911543,1.8098205,0.032274786
862492,0.542572021484375,77.61545,6.6297293,2.093954,0.026978573
866015,0.67523193359375,62.029015,2.9682655,1.6024,0.02583307
962816,0.796539306640625,43.529366,10.7624,4.482033,0.10296573
1109146,0.912750244140625,29.797987,10.4164505,5.9697366,0.20034027
1109155,0.887542724609375,27.998074,11.532882,6.087087,0.21741092
1111147,0.764739990234375,69.511635,6.970385,1.9381378,0.027882207
1111161,0.85150146484375,99.11784,10.693792,2.4843745,0.025064856
1111749,0.8848876953125,73.13306,10.422799,4.955059,0.06775402
1111751,0.847137451171875,67.726974,8.067436,3.7433517,0.05527121
1111753,0.84356689453125,70.1408,9.466742,4.617555,0.06583265
1112282,0.858428955078125,73.615524,11.627949,6.5856614,0.089460224
1112283,0.90008544921875,78.71252,10.94885,5.9788303,0.07595781
1112284,0.911163330078125,105.81475,14.425579,7.277808,0.06877877
1112285,0.846649169921875,74.5729,10.731764,6.2316103,0.083564006
1112286,0.891448974609375,76.3256,10.198979,6.206345,0.08131407
1112287,0.905670166015625,112.24008,14.054031,7.4310074,0.06620636
1126291,0.935546875,29.507763,10.680277,4.995071,0.16927989
1126922,0.94073486328125,71.88666,8.628754,2.8500838,0.03964691
1126926,0.921722412109375,70.06092,8.444125,2.9045165,0.041457012
1127747,0.971099853515625,86.47786,9.997935,3.957059,0.045758057
1127749,0.98248291015625,81.49646,8.682967,3.1999254,0.039264593
1128629,0.523834228515625,66.71518,8.739417,2.127103,0.031883344
1128639,0.9024658203125,97.977715,9.957213,2.9718482,0.03033188
1128640,0.880096435546875,97.37623,10.780389,3.5553122,0.03651109
1128641,0.912322998046875,96.05717,10.6146345,3.3573666,0.034951754
1128642,0.850189208984375,98.84939,12.404154,2.61368,0.026441032
1009791,0.925628662109375,36.924896,11.397756,5.316673,0.14398612
1013300,0.4202880859375,58.747894,5.6530967,1.6428939,0.027965154
1013310,0.7335205078125,90.964676,10.14218,2.2060142,0.024251327
1013315,0.79656982421875,91.82415,10.281892,2.4187946,0.026341595
1015531,0.897308349609375,71.44176,7.4276404,2.8360412,0.03969725
1035463,0.884552001953125,30.706055,8.040646,3.070678,0.10000236
1038273,0.277374267578125,58.65299,2.8041575,0.987644,0.016838767
1039956,0.872772216796875,82.71706,9.640059,3.3605835,0.040627457
1063489,0.801605224609375,88.886246,8.719567,1.936437,0.021785565
1065113,0.90435791015625,31.852737,11.896294,6.4265046,0.20175675
1066947,0.93304443359375,78.041145,10.972072,4.581345,0.058704227
1082443,0.32763671875,63.133476,8.407391,2.2389438,0.035463654
1109173,0.919281005859375,34.705906,11.469584,5.5274487,0.15926535
1111159,0.34161376953125,65.54118,7.1851735,1.3949238,0.021283165
1111171,0.834197998046875,94.729324,8.392507,2.996375,0.031630915
1127758,0.960723876953125,66.00156,7.4182324,3.3927212,0.051403653
1128637,0.558990478515625,65.16575,6.0503645,2.1558142,0.033082012
1128650,0.880645751953125,93.08539,7.670163,2.7369432,0.029402502
407619,0.893402099609375,66.634605,8.37948,3.2591703,0.048911076
415502,0.714874267578125,74.016266,19.755123,7.796974,0.10534136
415504,0.753936767578125,96.0083,19.113602,5.5602136,0.057913885
415506,0.366546630859375,57.73907,19.95338,9.538553,0.16520102
436187,0.81976318359375,64.17642,16.37477,3.926458,0.06118225
436191,0.763763427734375,67.43569,16.187962,4.2412105,0.06289267
529315,0.893463134765625,57.849472,6.4896245,2.4523401,0.042391747
529319,0.529815673828125,61.726456,7.600131,2.7792122,0.045024652
537187,0.91351318359375,66.115486,6.8655534,3.3881874,0.0512465
558354,0.792144775390625,97.25793,19.188337,4.1206408,0.042368174
602003,0.947296142578125,71.8068,8.980516,3.9816942,0.0554501
674833,0.9019775390625,93.59812,10.303728,3.0591886,0.032684296
674838,0.894317626953125,37.08463,10.290555,3.9261465,0.10586991
722377,0.82928466796875,69.32325,5.5297375,1.8768351,0.027073674
727105,0.827880859375,37.677235,10.794817,3.454403,0.09168409
758408,0.885406494140625,76.306725,7.584871,2.2809694,0.029892115
762190,0.526885986328125,44.62554,2.2254894,0.82872176,0.01857057
762201,0.827117919921875,72.14736,6.2195005,1.903075,0.02637761
821504,0.92657470703125,37.530464,9.8832,2.8970623,0.077192284
861799,0.894744873046875,37.6505,9.95433,3.7664557,0.10003733
936214,0.921783447265625,47.599537,11.784511,5.7074075,0.11990468
938984,0.963226318359375,69.335106,7.1833572,3.5109189,0.05063696
988263,0.941497802734375,37.72458,11.989359,5.1585145,0.13674147
991408,0.294769287109375,60.19588,4.9496627,1.471466,0.024444629
991423,0.82537841796875,84.64657,7.9624724,2.072356,0.024482457
993415,0.9473876953125,75.9253,8.621288,3.6936145,0.048648007
1113667,0.5860595703125,106.99281,18.36908,4.598164,0.042976383
1133863,0.653411865234375,20.194292,7.3790274,4.7587347,0.23564751
388142,0.823944091796875,72.990295,14.651748,4.50565,0.06172944
388143,0.81451416015625,72.20052,15.600724,4.8420734,0.06706424
388144,0.57366943359375,68.90419,18.10764,4.2846313,0.06218245
388150,0.5828857421875,110.854454,18.59527,5.066057,0.045700077
441936,0.665679931640625,71.26324,15.67057,5.4243,0.07611639
441939,0.644500732421875,78.4031,15.250559,4.5934362,0.058587432
443555,0.394561767578125,87.52587,8.948074,3.3256538,0.037996236
608035,0.65087890625,56.1958,13.391733,4.3743916,0.07784197
608036,0.6688232421875,78.17859,13.662174,5.402305,0.06910211
608038,0.60650634765625,69.49461,15.740218,4.3970838,0.0632723
608039,0.0,,,,
608040,0.553192138671875,51.450985,11.984778,4.6736693,0.090837315
608041,0.49566650390625,51.487316,16.95999,5.174619,0.1005028
608042,0.94696044921875,78.845955,14.37667,6.0169635,0.0763129
609981,0.7994384765625,93.22778,8.646521,4.276277,0.045869127
615305,0.815399169921875,68.15233,14.710521,5.6145377,0.08238219
615307,0.47857666015625,49.210434,16.311304,5.188981,0.10544473
615309,0.89202880859375,87.5444,14.15723,4.3576484,0.049776435
615310,0.79364013671875,73.38606,18.747667,5.8507953,0.07972625
615311,0.857025146484375,86.442085,14.118904,6.068094,0.07019837
682361,0.7965087890625,87.585556,7.482736,3.2577245,0.03719477
682363,0.687652587890625,71.32508,5.909275,2.7170906,0.03809446
682365,0.557220458984375,65.94238,4.8991213,1.8036306,0.027351614
693776,0.8043212890625,85.99966,8.703308,4.4310155,0.05152364
693778,0.78369140625,93.686874,9.333463,4.53987,0.048457906
693782,0.650238037109375,67.297134,5.6208396,3.0827014,0.04580732
693788,0.7618408203125,31.883032,6.9164405,3.632281,0.11392521
700970,0.795928955078125,55.317513,4.3419447,1.9832852,0.035852753
860409,0.4215087890625,48.9672,3.9185536,1.3513402,0.027596842
860412,0.678070068359375,49.37639,4.8707924,1.7465762,0.0353727
860413,0.696502685546875,47.675198,3.0826955,1.0460061,0.021940257
860422,0.769866943359375,71.40643,6.8656936,2.1868782,0.030625787
863501,0.625,35.057518,7.8471427,4.1227775,0.11760038
864142,0.524017333984375,67.24902,6.0452504,2.6568604,0.03950779
864146,0.443695068359375,67.98439,5.598307,2.7432978,0.04035188
867209,0.741912841796875,94.265884,8.816814,3.5506606,0.037666444
903509,0.392791748046875,47.791626,3.4976838,1.2959375,0.027116414
903512,0.68682861328125,48.64876,3.1004426,1.3318238,0.027376315
1063302,0.8780517578125,105.39928,13.893979,2.8537455,0.02707557
405792,0.82952880859375,106.76731,24.790174,6.1068053,0.057197332
405794,0.471282958984375,16.181507,9.208367,3.2668831,0.20188992
405795,0.75177001953125,75.43229,20.906887,4.515807,0.059865706
405796,0.825225830078125,90.58652,21.412819,5.9818826,0.06603502
405797,0.17523193359375,27.31766,18.339548,8.268066,0.3026638
405802,0.355560302734375,63.950134,21.450497,6.1126966,0.09558536
437029,0.664581298828125,59.657253,24.053026,4.5864897,0.07688067
446569,0.39990234375,57.37477,22.963963,5.3753033,0.09368758
446573,0.831390380859375,65.03766,20.509258,4.8772335,0.07499091
530166,0.58282470703125,66.941986,25.22077,5.5012765,0.08217976
590022,0.77197265625,62.44505,20.541304,5.3936405,0.086374186
614838,0.534637451171875,64.34363,21.85051,6.028226,0.093688
694150,0.905975341796875,103.619965,15.954656,4.7085567,0.045440633
701086,0.898590087890625,64.780266,8.010306,2.376871,0.036691282
707592,0.760406494140625,51.366737,9.637048,2.301209,0.044799592
707595,0.395294189453125,56.662163,6.4947443,1.6105947,0.02842452
707597,0.789276123046875,46.458416,13.158654,4.0755277,0.08772421
722610,0.753265380859375,78.127014,10.9651985,2.3495898,0.030073974
758117,0.7640380859375,48.053883,15.934839,6.429686,0.1338016
763264,0.610321044921875,69.41717,17.913746,1.5326372,0.022078648
763273,0.796844482421875,89.271805,20.073778,3.1037085,0.03476695
788898,0.486419677734375,73.93381,8.850747,3.0362482,0.041067116
793028,0.763427734375,41.832188,12.000716,4.224697,0.10099154
799137,0.825439453125,46.522,4.545031,1.67063,0.035910536
824156,0.9249267578125,47.065628,13.927986,4.712065,0.10011691
824961,0.730804443359375,74.137634,9.827328,2.6278121,0.03544505
873225,0.932952880859375,48.447548,13.984483,4.0878816,0.08437747
873930,0.7542724609375,75.379715,10.486609,3.3970041,0.045065228
390988,0.796112060546875,91.40518,15.31877,7.2614317,0.07944223
390989,0.647247314453125,86.658356,14.789345,4.441704,0.051255345
390990,0.71514892578125,100.40036,19.360174,5.6417885,0.056192912
390994,0.65032958984375,57.369404,11.79299,4.3106985,0.07513933
393301,0.825286865234375,119.25507,13.696012,5.167217,0.043329116
436368,0.78204345703125,107.9545,17.492075,6.2406735,0.05780837
436375,0.69219970703125,149.399,18.500204,5.60602,0.03752381
436378,0.56732177734375,131.24615,24.408537,4.575173,0.034859482
450345,0.60760498046875,54.748165,14.760807,5.0166564,0.0916315
450346,0.56817626953125,111.623375,17.242735,7.2860436,0.06527346
450348,0.6160888671875,82.783485,16.456608,7.1955137,0.08691967
450349,0.56634521484375,65.76733,14.739783,5.546537,0.08433575
512119,0.820831298828125,132.74161,8.531435,4.12701,0.031090552
515266,0.786041259765625,103.887566,14.704294,4.246673,0.040877588
1065896,0.64678955078125,70.85722,8.734128,2.8662786,0.040451467
1066925,0.843719482421875,69.85586,8.481876,4.308161,0.061672147
1086243,0.79754638671875,74.16507,12.368938,1.3208433,0.017809507
1086252,0.753143310546875,101.50476,13.758635,2.6074135,0.025687598
1086882,0.805450439453125,17.417913,10.872634,5.9974403,0.344326
1087352,0.772613525390625,62.491962,9.244481,4.4290266,0.07087354
1088072,0.81219482421875,79.587135,12.692509,5.963773,0.07493388
1107799,0.86724853515625,71.135445,10.545749,2.1532028,0.030269057
1107806,0.75775146484375,99.937775,11.251264,3.76308,0.03765423
1107807,0.789459228515625,106.90386,15.362233,2.945412,0.02755197
1108938,0.732269287109375,18.486643,12.016628,6.4374886,0.34822378
1109574,0.788330078125,66.15462,9.12748,3.37549,0.051024254
1065897,0.6160888671875,71.99549,8.090668,3.1591856,0.043880325
1066933,0.766082763671875,68.418915,7.9105377,3.6758707,0.053725943
1086246,0.51025390625,83.35604,18.407904,1.4252657,0.01709853
1086254,0.712646484375,99.07121,12.579868,3.3174956,0.033485968
1087353,0.720703125,63.073383,9.196625,4.4305654,0.07024461
1107793,0.701690673828125,71.04875,13.195433,1.8984658,0.026720606
1107805,0.606292724609375,101.93849,10.06671,2.7429857,0.026908243
1108942,0.75933837890625,21.329998,12.299313,6.848475,0.32107246
1109575,0.7833251953125,64.23189,8.764351,3.8437157,0.059841238
1110433,0.772308349609375,72.141426,8.174464,4.5563836,0.06315905
1103730,0.770172119140625,69.87994,5.892636,1.3555566,0.019398367
1103738,0.82537841796875,105.07894,8.358346,1.986482,0.018904664
1104749,0.696380615234375,24.344538,6.83136,2.1709297,0.089175224
1128852,0.703521728515625,66.62192,4.847828,1.4325547,0.021502754
1128861,0.567230224609375,99.31667,6.852142,2.3874352,0.024038615
437320,0.796630859375,91.72085,24.05081,6.339902,0.06912171
437321,0.82171630859375,42.670654,13.079826,4.9453692,0.11589626
514143,0.634674072265625,66.32952,15.950703,5.029276,0.075822584
522710,0.58489990234375,67.97814,22.27775,3.7528937,0.05520736
522711,0.54632568359375,82.67222,17.250727,4.5620713,0.05518264
522712,0.707489013671875,82.101585,17.168184,4.7343245,0.057664227
704455,0.88079833984375,35.004364,9.139495,3.1279016,0.08935747
725930,0.63739013671875,49.403954,3.7848184,1.1798093,0.02388087
725933,0.678375244140625,67.418015,5.5551167,1.9295949,0.028621355
901237,0.79608154296875,52.54374,5.25149,2.2225437,0.042298924
938093,0.825439453125,34.599342,9.022551,3.8935852,0.1125335
1089627,0.87677001953125,28.941141,8.110303,3.0807068,0.10644732
1090356,0.825347900390625,67.82895,6.298746,2.2064438,0.03252953
1091172,0.87213134765625,76.17689,6.542156,2.9114828,0.03822003
1104750,0.641571044921875,24.594587,7.4235344,3.8025959,0.15461108
1105418,0.60870361328125,60.10789,5.45388,1.7621067,0.029315729
1106439,0.822540283203125,77.980446,6.9417996,2.9639628,0.03800905
1127893,0.839385986328125,72.81458,6.382672,2.8854644,0.039627563
1128853,0.708587646484375,66.59357,4.982434,1.3954355,0.020954508
1128865,0.837890625,96.86156,7.658634,2.5259328,0.026077764
1128866,0.510894775390625,100.71172,7.4716225,2.644867,0.026261758
1040317,0.782440185546875,82.36694,8.881432,4.0721507,0.04943914
1090433,0.7403564453125,73.237305,8.209943,2.9452438,0.040215075
1109472,0.7177734375,86.49362,12.390663,5.1746907,0.059827425
392821,0.7662353515625,104.44213,14.921545,6.7057343,0.06420526
392823,0.665008544921875,121.39888,15.838845,5.3407216,0.04399317
393701,0.540252685546875,87.858665,12.150403,5.9165673,0.06734188
445460,0.779052734375,87.36074,14.802842,5.8360868,0.066804454
512662,0.626922607421875,80.20231,9.094567,5.0458317,0.0629138
524381,0.6175537109375,80.88486,9.944797,5.5983024,0.069213234
530490,0.867095947265625,58.145428,16.465286,4.6399403,0.079798885
556304,0.6151123046875,89.737495,15.118501,4.0058217,0.04463933
592027,0.74481201171875,104.56285,17.103998,4.97549,0.047583725
607570,0.6456298828125,58.608856,16.558382,4.099891,0.06995344
607572,0.799896240234375,73.54725,25.453697,8.144981,0.11074488
615625,0.73956298828125,112.95436,14.196571,5.8517327,0.05180617
676900,0.659881591796875,93.02622,12.991653,5.203326,0.055933975
695996,0.775909423828125,59.62246,12.946603,6.5091977,0.10917359
701654,0.752960205078125,47.25842,3.6675372,2.0084102,0.042498466
710740,0.69219970703125,90.21391,13.207267,5.628133,0.062386528
710746,0.579010009765625,72.00074,5.410742,1.7578251,0.024413988
710747,0.427642822265625,73.19689,3.814097,1.6002592,0.021862393
710750,0.7501220703125,47.697193,3.1129875,1.1363372,0.023823984
764878,0.622314453125,99.38005,10.770235,5.385715,0.05419312
765351,0.7940673828125,55.286972,4.783508,2.0173442,0.0364886
796310,0.671142578125,80.20857,7.548528,3.4234993,0.04268246
817120,0.689300537109375,48.337406,4.25584,2.1388,0.044247303
823330,0.67822265625,59.247887,12.174989,6.4048963,0.10810337
823952,0.693267822265625,94.189064,10.895088,4.0166645,0.042644702
826993,0.7086181640625,81.092896,8.588393,4.1953917,0.051735625
828677,0.7022705078125,44.27568,3.422423,1.7787398,0.040174194
932095,0.714508056640625,58.862385,11.891742,5.10758,0.08677155
933168,0.7982177734375,102.2412,9.016229,4.123033,0.040326532
934409,0.734649658203125,58.421425,9.396285,3.3815277,0.057881635
968073,0.227081298828125,66.328316,2.277276,0.91420054,0.01378296
968074,0.604217529296875,64.16233,5.018619,1.324664,0.020645509
968075,0.76202392578125,66.44113,4.694231,1.8840784,0.028357109
995636,0.588165283203125,88.79583,7.8292947,2.332273,0.026265569
995637,0.69525146484375,90.14235,8.9617195,3.0953827,0.03433883
996815,0.728729248046875,88.465096,8.31186,3.0470097,0.034443073
1039860,0.77374267578125,58.63075,13.853254,6.320338,0.10779903
1040318,0.7763671875,106.411476,10.324318,3.8627126,0.036299776
1089334,0.6707763671875,106.09372,9.805662,4.5000863,0.042416144
1089704,0.709075927734375,63.47777,15.271286,6.7604046,0.10650034
1090434,0.64697265625,106.686745,20.875595,5.413845,0.050745245
1107469,0.748779296875,107.05294,9.09167,3.5745986,0.033390943
1108812,0.730804443359375,61.015285,14.375854,6.175265,0.101208486
392834,0.760589599609375,111.97625,15.639183,5.6378837,0.050348923
392840,0.78961181640625,106.04089,12.665674,5.786564,0.054569174
392844,0.69976806640625,116.091324,14.366101,5.8606796,0.050483357
393702,0.509429931640625,68.441444,8.823094,3.9717817,0.058031823
512668,0.631134033203125,75.81795,9.878734,5.496294,0.07249331
516402,0.80816650390625,114.62858,12.208885,4.0173225,0.035046432
524384,0.614349365234375,76.497986,9.08846,3.875794,0.050665308
530494,0.944091796875,116.4948,13.781136,6.036732,0.051819757
553930,0.7613525390625,73.0861,6.1129904,2.727079,0.037313238
587010,0.72210693359375,79.638535,7.9021554,4.2802877,0.05374644
592033,0.7440185546875,81.359184,18.919895,4.8837314,0.0600268
592039,0.6832275390625,115.638374,16.07174,6.604942,0.057117216
676906,0.74578857421875,61.598125,11.281962,2.9042602,0.047148515
695988,0.7391357421875,110.93902,10.611558,3.782432,0.034094695
695998,0.779388427734375,65.881004,11.264305,3.5752373,0.054268107
701655,0.77490234375,40.28044,2.8227541,1.470775,0.036513377
710752,0.758453369140625,49.159336,2.9157279,1.244276,0.025311083
710753,0.587738037109375,74.09367,4.074664,1.6624813,0.022437561
710755,0.603851318359375,78.85561,6.1947656,2.7426794,0.034781028
765353,0.622802734375,54.5833,4.3027368,1.879877,0.034440514
765389,0.75177001953125,82.68807,7.7649336,3.6366997,0.043980945
768628,0.63372802734375,50.279736,4.1638064,2.014742,0.040070653
796307,0.7021484375,56.73357,4.581147,2.02508,0.035694562
796312,0.75994873046875,84.00044,7.414804,3.6858706,0.04387918
796896,0.7960205078125,62.921944,10.501286,3.6178946,0.05749814
817484,0.755462646484375,55.69804,4.0575333,1.6462973,0.029557545
870726,0.75372314453125,94.31112,7.687288,3.4385202,0.03645933
906919,0.761627197265625,70.396965,4.631192,1.9276053,0.027381938
968085,0.466461181640625,69.21577,5.274589,1.083896,0.01565967
996369,0.850738525390625,68.92474,11.202497,4.7009354,0.06820389
396744,0.863555908203125,100.41651,17.80099,6.7482924,0.067203015
396755,0.76007080078125,73.500404,14.8043375,4.99774,0.067996085
398978,0.829833984375,122.462524,14.190522,5.6220126,0.045908026
411844,0.8468017578125,80.15497,12.391131,5.5532994,0.06928204
428259,0.9246826171875,63.9367,18.09247,5.873297,0.09186113
428264,0.7388916015625,99.78833,13.647256,4.208212,0.04217138
451468,0.7694091796875,89.87093,14.338306,5.951527,0.06622305
511373,0.878204345703125,116.615425,8.796579,2.999357,0.025720071
513632,0.67193603515625,92.52875,16.010633,5.88357,0.0635864
540468,0.835052490234375,101.002304,14.301872,5.6757803,0.056194562
554259,0.87689208984375,87.50647,8.781094,3.1817112,0.036359724
603290,0.470733642578125,42.164085,14.948647,6.737192,0.15978509
603292,0.691131591796875,86.35263,11.445436,4.795826,0.055537693
1014981,0.67559814453125,48.710545,10.920207,4.629605,0.095043175
1017025,0.857330322265625,59.422203,4.927457,1.4807628,0.024919353
1017036,0.71954345703125,81.63996,7.9092493,1.5908444,0.0194861
1020225,0.794097900390625,82.870834,8.992772,3.1795256,0.038367245
1039554,0.782684326171875,32.161304,12.763713,6.7066026,0.20853017
1041270,0.854736328125,65.08262,5.63618,1.5067996,0.023152104
1041279,0.840087890625,97.95793,9.977101,2.7570436,0.02814518
1042092,0.82769775390625,85.73217,11.088718,5.024264,0.058604185
1062873,0.698272705078125,62.700714,5.218258,1.8405284,0.029354185
1062883,0.76800537109375,95.03318,9.12639,3.0848978,0.03246127
1111241,0.816680908203125,26.300886,14.571058,5.4752855,0.20817874
1112371,0.842620849609375,84.872696,11.067474,5.0828395,0.059887804
1113163,0.835113525390625,68.85087,5.7801313,1.828203,0.026553085
1113168,0.890472412109375,65.75085,5.509339,1.5708655,0.023891183
1113182,0.85089111328125,92.517395,8.221295,3.0626388,0.033103384
1133470,0.74383544921875,30.40215,7.735096,2.218102,0.07295872
1134020,0.69598388671875,73.48136,7.887722,2.7512674,0.037441704
1134533,0.8177490234375,83.74045,8.773131,3.1803758,0.03797897
1135287,0.5567626953125,66.34647,8.015493,1.7851611,0.026906647
1135288,0.840423583984375,64.97759,5.4211874,1.7955153,0.027632838
1135296,0.267974853515625,94.90662,12.4751215,3.622788,0.038172133
1135299,0.84295654296875,92.252045,7.9376945,2.0497842,0.02221939
398339,0.661773681640625,44.32728,22.11421,3.7678485,0.08500067
421661,0.646270751953125,65.61742,26.261621,4.304734,0.06560353
422722,0.810791015625,93.712135,16.368114,5.128441,0.054725472
429227,0.80572509765625,54.237103,19.670277,4.2522483,0.078401096
696626,0.760894775390625,60.29038,6.565961,2.0900307,0.034666073
696628,0.757781982421875,58.87129,12.643462,4.734505,0.08042129
708900,0.7938232421875,51.60668,10.401177,2.694235,0.052207097
724452,0.705108642578125,48.9095,4.1345563,1.4706595,0.030068995
728774,0.731964111328125,37.587452,9.850839,2.9224257,0.077750035
732523,0.800994873046875,93.15503,10.441144,4.8833084,0.05242131
791798,0.72760009765625,48.61853,4.4962564,1.7452837,0.0358975
791810,0.8763427734375,73.61241,7.271634,2.6137,0.03550624
822921,0.6939697265625,38.664997,10.251906,5.0656333,0.13101341
827909,0.59613037109375,71.9118,8.116092,2.9625845,0.041197475
868791,0.745574951171875,67.29131,6.4049163,2.2143042,0.03290624
871050,0.674896240234375,104.58453,11.477963,3.9871213,0.038123433
969902,0.8692626953125,63.50709,5.5944405,2.1552737,0.03393753
971177,0.8759765625,45.28557,12.266204,5.8663797,0.12954193
1017028,0.74322509765625,60.750267,4.755037,1.6485324,0.027136216
1064845,0.891510009765625,45.87759,13.785278,4.4771185,0.09758835
1134536,0.801605224609375,77.99958,8.370487,3.3579535,0.04305092
1135289,0.553314208984375,92.259224,7.723554,2.0713894,0.02245184
1135295,0.929534912109375,99.33268,7.5348754,3.1463697,0.03167507
696632,0.83734130859375,62.592026,12.78223,4.3649545,0.06973659
708894,0.786956787109375,47.394695,3.9086535,1.7483062,0.036888223
708905,0.585723876953125,71.75611,14.201208,4.97181,0.06928761
754795,0.527313232421875,91.77134,7.7718925,2.8899224,0.031490467
758078,0.756439208984375,62.037037,12.344917,3.2194366,0.0518954
800487,0.816436767578125,94.62785,8.5815325,3.9502952,0.041745584
830249,0.707611083984375,73.14129,6.6384654,3.1933615,0.043660175
868790,0.637786865234375,49.185513,3.6562533,1.5420628,0.031351972
1034558,0.74462890625,64.36816,5.0775943,1.6677747,0.025909934
1057844,0.35272216796875,66.871086,6.411536,1.5751452,0.023554953
1057853,0.368499755859375,95.11238,12.176332,3.4504838,0.03627797
1059094,0.752838134765625,80.487335,9.849019,3.198478,0.039738897
1111610,0.8739013671875,43.872677,12.515993,5.6600833,0.12901157
415384,0.73834228515625,103.91481,25.22275,9.774652,0.09406409
415386,0.4476318359375,100.73261,27.687248,9.379812,0.09311594
415388,0.683563232421875,97.419304,22.148567,9.654047,0.099097885
415396,0.74395751953125,73.93084,17.009386,6.1996565,0.083857514
415398,0.605255126953125,70.45036,21.865599,4.7130265,0.06689854
415403,0.79736328125,42.49518,18.544075,7.337258,0.17266095
415405,0.871856689453125,62.97025,18.256533,5.612797,0.089134105
415409,0.712371826171875,58.87581,21.393972,8.255544,0.14021963
417657,0.696014404296875,97.123955,16.656849,6.9003286,0.07104662
452274,0.73321533203125,110.241325,17.832872,4.573324,0.04148466
452275,0.60894775390625,119.27889,18.206902,5.2256684,0.043810505
452276,0.9398193359375,120.39726,16.42461,4.906414,0.040751874
452277,0.896148681640625,116.85408,15.012505,3.5630357,0.030491324
452284,0.718353271484375,127.72964,19.858435,5.037679,0.039440174
452901,0.746063232421875,91.96531,13.034192,5.5416737,0.060258307
676916,0.85601806640625,99.87205,12.53784,3.7128549,0.037176117
676918,0.8052978515625,67.01713,8.85331,2.9488776,0.04400185
676920,0.8697509765625,67.69014,9.061603,2.382987,0.035204343
683999,0.953765869140625,112.31603,14.038312,5.2375565,0.046632312
684005,0.874359130859375,89.34208,13.419983,3.8038933,0.042576727
694454,0.74981689453125,78.39129,9.519198,2.362096,0.030132124
694458,0.79364013671875,68.376335,14.7215,3.5985415,0.052628465
701174,0.807464599609375,61.95461,6.9710426,2.6913753,0.043441083
941470,0.757110595703125,92.16212,9.308633,3.2135584,0.03486854
941478,0.769622802734375,92.00484,9.243248,2.7492363,0.029881433
996238,0.68414306640625,56.423096,12.742402,3.1099396,0.055118203
996717,0.839111328125,80.25698,10.308702,2.5210884,0.0314127
1085105,0.922027587890625,77.50435,11.298911,4.925518,0.06355151
1111501,0.90081787109375,37.74077,11.307494,3.14286,0.08327493
1112016,0.92498779296875,76.037384,10.97938,2.9071434,0.03823308
1112820,0.9644775390625,77.15944,10.836527,4.0948014,0.053069353
1113743,0.8084716796875,68.80002,4.5325522,1.2420633,0.018053241
1113754,0.9468994140625,95.421036,9.73578,3.4087503,0.035723258
1113757,0.882568359375,106.31034,11.022518,3.3315506,0.031337973
1129971,0.827606201171875,65.19374,4.728844,1.2630465,0.01937374
1129981,0.651031494140625,98.11644,9.899724,2.4174128,0.024638202
1129982,0.875885009765625,105.838196,11.671733,3.6789515,0.03476015
1130245,0.9039306640625,38.1736,12.5639925,5.7019057,0.14936778
1130937,0.898162841796875,76.14342,11.70322,4.035228,0.052995097
1090695,0.5780029296875,65.11853,11.866872,3.1861644,0.04892869
1091834,0.867523193359375,101.41809,15.229678,4.2586045,0.041990582
1091837,0.86529541015625,118.34831,16.947586,4.6223207,0.03905692
1111561,0.762725830078125,33.663265,10.941963,3.6746066,0.109157756
1112077,0.65704345703125,72.29062,12.190203,3.9350524,0.05443379
1112908,0.66583251953125,104.874596,17.537186,4.007929,0.038216393
1112911,0.8050537109375,90.85955,14.592316,3.9213326,0.043158177
1113883,0.75982666015625,65.89875,7.370293,1.5157108,0.0230006
1113893,0.73394775390625,97.87967,13.474973,2.9652762,0.030295119
1130310,0.683624267578125,28.758537,12.387309,5.272363,0.1833321
1130440,0.7364501953125,64.355,6.0783863,1.2706183,0.019743893
1130453,0.712615966796875,66.05743,6.632701,1.181076,0.017879535
1130566,0.699188232421875,100.78569,13.40862,2.379016,0.023604698
1130985,0.5828857421875,66.59738,9.674876,3.0483441,0.04577273
1131737,0.881195068359375,95.07546,14.630785,4.574386,0.048113216
1131742,0.721343994140625,89.43965,14.8936615,3.3623238,0.037593212
1131744,0.69659423828125,92.0251,16.136879,3.2790787,0.03563244
1091838,0.8231201171875,98.49996,14.581489,4.8518267,0.049257144
1091839,0.82061767578125,89.78081,12.7868185,4.5738745,0.050944902
1091840,0.811126708984375,119.18391,16.685291,4.847032,0.04066851
1091841,0.81268310546875,91.721405,11.490972,4.117874,0.044895455
1091842,0.79425048828125,80.9736,9.532342,3.5401566,0.043719884
1091843,0.840972900390625,102.60772,13.556602,3.9407346,0.03840583
1111565,0.7540283203125,37.69091,13.810721,5.9494963,0.15784962
1112078,0.732940673828125,75.543655,13.65019,3.7923484,0.050200753
1112082,0.776123046875,78.976685,13.069615,4.143012,0.052458674
1112917,0.8109130859375,81.23724,13.571445,5.367766,0.06607518
1112921,0.8043212890625,77.57532,11.902315,4.9071593,0.06325671
1112923,0.816619873046875,79.45267,10.285941,3.920057,0.04933827
1112925,0.76910400390625,77.853386,9.82347,3.105563,0.03988989
1113888,0.801239013671875,63.10901,6.6248436,1.5955979,0.025283203
1113891,0.787017822265625,64.87254,6.7218523,1.3267267,0.020451281
1113892,0.80511474609375,64.87188,6.7747445,1.3311695,0.020519977
1113898,0.80364990234375,94.45884,13.170213,3.6048136,0.038162798
1113899,0.777984619140625,90.33919,13.669135,2.712955,0.030030767
1130314,0.625946044921875,31.498465,13.215359,5.7957664,0.18400155
1130315,0.63818359375,31.617874,14.157782,5.9490185,0.18815365
1130422,0.759674072265625,67.71024,5.7051334,1.2023623,0.017757466
1130425,0.5714111328125,65.72768,5.8850536,1.273766,0.019379448
1130429,0.69970703125,67.556656,5.8006487,1.3979275,0.020692669
1130432,0.53985595703125,63.78434,5.141416,1.2717258,0.019937899
1130546,0.76556396484375,105.83413,13.068547,2.886607,0.027274821
1130550,0.755035400390625,111.50147,13.045352,3.5596726,0.031924892
1130982,0.679443359375,75.859726,12.300534,4.2562304,0.056106586
1130984,0.703399658203125,66.75856,10.486855,3.206835,0.04803631
1130986,0.643646240234375,54.490116,8.709817,3.0787277,0.056500662
1131745,0.697113037109375,83.663445,12.140657,4.0492687,0.048399497
1131747,0.7060546875,85.31012,12.335788,3.4916906,0.040929385
1131749,0.7083740234375,75.57457,10.341344,3.616803,0.047857407
1131750,0.750701904296875,75.76064,10.062855,3.7031243,0.048879262
1131751,0.735687255859375,79.03277,11.272812,3.2601962,0.041251197
1018701,0.7056884765625,62.18881,5.404674,1.5943315,0.025636952
1019528,0.795806884765625,53.867046,13.907647,6.1480894,0.11413452
1021046,0.458740234375,73.702965,10.541268,3.6886325,0.050047275
1088009,0.53094482421875,90.71755,9.459359,3.7357256,0.041179746
1107763,0.645050048828125,122.61617,15.707092,3.0093443,0.024542801
1108933,0.657135009765625,36.099476,12.276443,5.449261,0.15095125
1130462,0.680877685546875,39.660347,10.783385,5.517308,0.13911396
1131962,0.7835693359375,76.03217,9.454328,4.5649953,0.06004031
1132575,0.699859619140625,116.41425,12.724572,3.847611,0.03305103
429080,0.448455810546875,96.846886,29.407482,6.752506,0.06972352
429082,0.428131103515625,80.564545,20.505468,8.811151,0.109367594
451191,0.554290771484375,44.232174,15.83605,6.8268905,0.15434219
451192,0.2105712890625,62.871304,23.160286,4.891411,0.07780037
517796,0.729217529296875,88.8955,23.920895,5.1855493,0.05833309
519411,0.385284423828125,58.580276,17.240824,7.165671,0.12232225
519413,0.287353515625,51.966652,29.128412,8.261569,0.15897828
523670,0.77117919921875,78.627304,13.581367,4.711578,0.059922922
546499,0.780853271484375,91.84207,10.036901,4.759208,0.051819477
560766,0.45306396484375,87.70416,19.403475,7.944274,0.09058035
675834,0.722747802734375,82.87903,8.932264,2.978442,0.03593722
675840,0.770965576171875,50.631912,11.22445,4.444394,0.087778516
608691,0.833282470703125,70.46146,14.901805,5.6690164,0.080455564
938340,0.8851318359375,44.050888,11.210131,4.850496,0.11011119
939404,0.894866943359375,83.37053,10.956757,4.4948864,0.053914573
941407,0.87017822265625,63.631374,4.24546,1.4093438,0.022148568
969454,0.883148193359375,99.750374,7.1063237,1.8082231,0.018127482
970878,0.7965087890625,63.44023,4.1133356,1.2612289,0.019880585
971738,0.867034912109375,49.08532,10.22737,4.770253,0.09718289
972469,0.814117431640625,64.6311,5.934463,2.1837983,0.03378866
972473,0.560394287109375,63.58019,6.9875636,2.1475742,0.033777412
973624,0.894073486328125,85.16882,9.076429,4.241292,0.049798645
431975,0.842864990234375,93.06083,17.480679,5.879885,0.06318325
431977,0.798553466796875,56.499294,26.567513,4.724628,0.083622776
431986,0.82421875,94.57535,23.170647,5.2495637,0.05550668
431992,0.786163330078125,109.7063,24.27821,5.328476,0.048570372
511126,0.890380859375,62.73773,5.798961,2.563659,0.040863115
511135,0.8033447265625,103.80945,7.301635,3.2107518,0.030929282
529348,0.83685302734375,83.41835,6.031802,2.4354084,0.029195115
529986,0.823455810546875,29.733461,12.98767,3.5029643,0.117812194
560672,0.53436279296875,76.08487,21.17093,6.3334312,0.083241664
938342,0.924468994140625,43.80418,14.093048,4.808204,0.10976587
938345,0.916107177734375,45.055733,14.041189,4.7928324,0.10637564
941411,0.66748046875,61.773453,4.5966144,1.518349,0.024579313
941413,0.941375732421875,94.30538,6.798889,1.8996084,0.02014316
971739,0.87689208984375,42.819794,11.8306465,4.9438996,0.11545828
973630,0.902313232421875,76.77627,9.37564,4.4903917,0.058486715
1034933,0.67535400390625,77.55762,5.954273,1.5070561,0.019431438
1065395,0.787933349609375,42.330917,11.231833,5.6856503,0.13431437
1082033,0.099822998046875,55.420666,2.5264823,0.92985857,0.016778192
1127879,0.873260498046875,53.512005,8.328053,4.5764008,0.08552101
1128828,0.6241455078125,56.458096,3.0284128,1.3134176,0.023263583
1128842,0.81939697265625,71.53307,6.4442635,2.506731,0.035042964
443623,0.74346923828125,71.988754,10.815514,5.031896,0.06989837
445861,0.927734375,45.503124,11.882537,3.948951,0.08678418
519784,0.84429931640625,38.135437,8.918549,3.3807201,0.08865036
538532,0.773193359375,76.01168,14.851917,5.8712115,0.077240914
538541,0.818878173828125,84.295044,12.33245,4.7196198,0.05598929
611701,0.87408447265625,76.84163,13.8308735,4.5967426,0.059820995
760639,0.667266845703125,53.65918,5.260201,2.2299883,0.041558374
1019589,0.648681640625,42.319344,14.121284,5.919391,0.13987435
1021140,0.58636474609375,51.36869,9.155948,4.1983895,0.081730515
1034936,0.700653076171875,73.54863,7.2392774,1.525244,0.020737898
1036068,0.822509765625,44.033653,11.278515,5.7450967,0.13047059
1038071,0.84320068359375,48.8485,9.063802,5.080923,0.104013905
1064175,0.282745361328125,52.97928,4.437368,1.7590327,0.03320228
1065398,0.718475341796875,37.176147,13.23697,6.3151326,0.16987056
1110446,0.5511474609375,53.652767,9.380322,5.248626,0.097825825
1126987,0.708465576171875,93.966965,12.331021,5.447611,0.057973683
1127884,0.804840087890625,49.274487,8.032769,4.11434,0.08349838
1128847,0.8026123046875,69.25065,5.918135,1.739107,0.025113223
433578,0.7984619140625,36.8045,9.150388,4.4822655,0.1217858
434294,0.702606201171875,55.91074,7.375054,2.2081459,0.039494127
442235,0.8392333984375,44.2076,9.000602,3.3153555,0.07499515
519797,0.5966796875,96.32334,14.986976,4.396212,0.045640152
528336,0.752960205078125,43.33636,22.26532,4.5002456,0.10384457
586172,0.452850341796875,50.33951,3.7137403,1.7598175,0.03495897
586174,0.599884033203125,50.25207,5.727992,3.2031915,0.06374247
603586,0.685821533203125,73.05109,24.987942,6.5011115,0.08899404
603593,0.837982177734375,102.94807,13.287409,7.041765,0.06840114
674883,0.77178955078125,67.79439,5.4734874,3.0435438,0.04489374
705027,0.681610107421875,57.792614,4.480015,1.9911859,0.034453984
760643,0.28790283203125,50.323936,3.1724524,1.0152172,0.020173645
938832,0.77197265625,105.4745,11.5367155,5.631652,0.05339349
1064369,0.379119873046875,71.1618,4.600316,2.1796274,0.030629179
1064378,0.59503173828125,100.17581,8.929917,3.3092918,0.03303484
1065465,0.823455810546875,54.558018,11.109123,5.7897334,0.10612067
1090645,0.652618408203125,80.37671,8.255832,3.5265965,0.04387585
1107975,0.68597412109375,97.26506,6.6734247,2.2460697,0.023092257
1204108,0.902374267578125,62.78941,10.041537,4.360289,0.06944306
441112,0.609527587890625,90.51179,13.746798,5.695366,0.06292403
441120,0.542449951171875,98.90346,22.8249,4.657904,0.047095463
443361,0.711090087890625,107.55384,13.989512,6.3367386,0.058916897
515461,0.6517333984375,112.54786,15.106617,4.9546084,0.044022236
515466,0.61004638671875,107.26383,13.769021,4.7237725,0.04403882
520596,0.6519775390625,90.88907,14.310753,4.2673006,0.046950646
520602,0.670928955078125,94.59914,15.074025,5.068013,0.053573567
520603,0.662933349609375,106.343414,14.968905,4.729379,0.044472706
523951,0.645599365234375,87.11799,9.412161,5.0815024,0.058328968
558762,0.7218017578125,93.19804,12.062293,3.9463563,0.04234377
580593,0.515838623046875,91.11986,17.353113,6.1138005,0.06709625
586561,0.753265380859375,95.91354,10.842557,5.6975317,0.059402786
590162,0.698394775390625,83.19362,18.578829,9.828499,0.11814006
602705,0.548370361328125,71.32567,19.3353,7.00454,0.09820504
602708,0.699859619140625,68.10256,18.867,7.049602,0.10351449
675521,0.854583740234375,107.6179,11.426826,5.578373,0.051834993
683407,0.68231201171875,78.08891,7.3437486,3.0595753,0.039180662
701360,0.73236083984375,55.9107,5.3935523,2.8569221,0.051097948
724272,0.28607177734375,51.109024,2.4329844,0.9733523,0.019044627
724282,0.775238037109375,75.01677,6.5058413,3.199452,0.042649824
823834,0.701751708984375,88.28732,9.892703,4.0786104,0.046197012
825679,0.701934814453125,48.637405,3.8337135,1.8210506,0.03744136
825715,0.813690185546875,66.408394,5.4322376,2.0358288,0.030656198
828475,0.747955322265625,75.92056,5.965958,3.3454595,0.044065263
828476,0.736480712890625,50.582233,4.082855,2.2144036,0.04377829
828480,0.7198486328125,53.895245,4.5265975,2.566621,0.047622405
944847,0.6632080078125,97.1282,10.199209,4.4624476,0.045943893
1088822,0.473724365234375,66.81254,2.6902695,1.0579437,0.015834508
1090648,0.57220458984375,98.99611,11.273413,4.995582,0.05046241
1203727,0.56097412109375,52.913555,11.184736,3.2332706,0.06110477
441124,0.5631103515625,105.557014,20.137976,7.539893,0.07142958
443364,0.4832763671875,82.614296,9.97388,4.0839477,0.04943391
512221,0.628387451171875,101.80792,7.4287877,3.5197747,0.0345727
515474,0.53729248046875,117.89748,25.29725,7.01874,0.059532575
515475,0.84454345703125,107.269714,12.345695,4.8747745,0.04544409
515479,0.690582275390625,89.70007,17.250633,5.988159,0.066757575
515481,0.70458984375,116.2105,13.915799,4.696507,0.04041379
520610,0.543914794921875,83.729004,24.894909,6.2918034,0.07514485
520612,0.665618896484375,92.04168,16.584337,4.1665645,0.045268238
539035,0.608001708984375,86.29378,15.563216,6.7292676,0.07798091
539036,0.7335205078125,72.979904,14.506822,4.6305275,0.06344935
539037,0.5826416015625,74.623085,25.187618,4.4450927,0.059567258
539045,0.531158447265625,105.92106,19.908909,7.8687496,0.074288815
539046,0.514617919921875,56.049755,18.001049,4.993578,0.089091875
558772,0.725341796875,84.39073,20.167715,8.116259,0.09617476
558774,0.607208251953125,86.14565,23.8248,7.285536,0.0845723
580600,0.5672607421875,75.60184,20.340054,7.678036,0.10155886
580605,0.453887939453125,77.13205,24.767147,5.6720786,0.073537245
580609,0.80413818359375,111.76539,15.545358,7.942889,0.07106752
590178,0.6798095703125,73.05706,18.632093,7.49167,0.10254546
590179,0.560577392578125,77.392944,26.20401,5.571923,0.07199523
590182,0.5137939453125,107.60204,24.623455,6.88328,0.06396978
590197,0.667633056640625,46.077705,17.97878,4.533742,0.098393396
602714,0.472503662109375,81.86166,21.226173,9.136883,0.111613706
602715,0.498046875,87.467896,23.502783,9.713224,0.111049026
602716,0.501434326171875,75.65188,30.074669,6.7163877,0.08878019
602717,0.522491455078125,93.23048,24.954218,10.040225,0.10769252
602718,0.477874755859375,91.11035,25.378212,10.517194,0.11543357
675530,0.507568359375,85.05032,7.3839707,2.5480423,0.029959232
683400,0.77069091796875,85.23838,7.225341,3.5932112,0.04215485
683410,0.462615966796875,87.544426,8.170562,3.0893397,0.035288822
695018,0.476898193359375,99.16491,11.122246,4.0837975,0.04118188
695023,0.806488037109375,67.51281,12.113583,5.5449405,0.08213168
701361,0.591766357421875,39.986076,3.142403,1.8191688,0.045495056
724277,0.3865966796875,50.774155,3.279175,1.4726715,0.029004352
724287,0.65826416015625,72.736626,7.3500614,2.8995955,0.039864313
825682,0.3406982421875,50.06494,2.0623114,0.96710944,0.0193171
1041792,0.665679931640625,48.878468,13.483325,6.3372893,0.129654
1081054,0.56036376953125,66.95943,5.3978763,1.207803,0.018037833
1084066,0.571380615234375,73.86177,6.9745045,2.416787,0.032720402
1107902,0.6329345703125,103.79797,9.148801,2.0406148,0.019659486
1108981,0.4827880859375,56.285397,10.1898985,3.419545,0.06075368
1133879,0.636138916015625,53.676563,13.250205,5.165683,0.09623721
1135163,0.721405029296875,87.73984,11.463647,4.188852,0.047741733
1136206,0.579345703125,99.141014,8.606113,1.9878491,0.020050725
445484,0.867156982421875,79.983986,12.894215,3.7741857,0.047186766
553935,0.60906982421875,74.68098,6.19828,3.1321993,0.041941058
583455,0.506378173828125,83.04719,13.571136,4.229991,0.050934788
587728,0.53375244140625,115.51767,28.506079,5.3879514,0.046641793
587729,0.490875244140625,83.42064,16.55419,3.683366,0.044154134
710623,0.0,,,,
725206,0.49053955078125,70.19143,7.5300817,1.8484166,0.026333936
729738,0.471893310546875,93.04191,10.888739,3.2033362,0.03442896
755114,0.68505859375,51.437145,9.9345045,3.8679192,0.075197004
756982,0.73944091796875,65.505486,4.824141,2.2291374,0.03402978
759536,0.471282958984375,48.726803,5.099581,1.0648404,0.02185328
903749,0.54998779296875,47.143047,3.4328315,1.0868114,0.023053482
445497,0.640045166015625,108.71635,12.306418,3.803946,0.03498964
447840,0.793212890625,71.47538,8.991972,4.999537,0.06994768
511816,0.7730712890625,69.549385,5.3646197,2.4581358,0.035343748
511817,0.720794677734375,91.89978,6.80553,3.158445,0.034368362
511825,0.69140625,94.70639,7.1123605,3.338928,0.035255574
514634,0.627960205078125,94.968025,15.46225,5.7185607,0.060215645
514638,0.45562744140625,112.40295,14.523565,4.701268,0.041825134
514639,0.628143310546875,91.25429,19.417694,4.0034523,0.043871388
519779,0.641571044921875,83.22399,23.222132,3.688754,0.044323206
519781,0.690887451171875,97.391624,18.302385,6.663497,0.06841961
519782,0.57342529296875,32.992443,9.521731,2.8563857,0.08657697
539517,0.218109130859375,95.50847,16.428843,4.8241625,0.05051031
556330,0.685211181640625,100.053665,17.70991,4.469953,0.044675555
556335,0.652862548828125,104.1989,22.288204,3.4661484,0.03326473
556337,0.5157470703125,108.167755,11.975773,4.357654,0.04028607
587734,0.0,,,,
587735,0.633056640625,106.16554,18.516516,3.876777,0.03651634
610835,0.639678955078125,99.44325,16.921856,4.4601846,0.044851556
676935,0.747955322265625,74.234604,5.500511,2.3797834,0.032057602
676950,0.70806884765625,59.812515,9.152187,3.1269333,0.052278914
710626,0.0,,,,
725197,0.38922119140625,48.075348,3.8823712,1.0083928,0.020975258
725209,0.55584716796875,76.170586,7.409499,2.1483314,0.028204212
753271,0.752044677734375,70.2955,6.301074,3.126212,0.04447243
756983,0.8187255859375,48.264797,2.6386757,1.5298579,0.031697176
759537,0.45611572265625,49.9254,3.916291,1.0808202,0.021648703
827519,0.77532958984375,84.64681,6.171746,3.386888,0.040012
527711,0.727142333984375,58.436985,21.252665,6.573012,0.11248034
527712,0.659942626953125,46.724346,25.14733,5.3153157,0.11375902
527713,0.753082275390625,58.30174,21.543316,6.119801,0.10496773
527715,0.61572265625,33.884964,21.96928,4.2368984,0.12503771
591755,0.3736572265625,29.376837,10.463036,4.2375994,0.14424968
591758,0.215667724609375,61.438942,12.573781,5.121923,0.083366066
591759,0.773590087890625,75.178665,18.974146,6.101404,0.08115872
591760,0.691864013671875,54.539413,22.077717,4.5545726,0.08350974
591761,0.76361083984375,83.80034,20.086126,6.7489095,0.08053559
591763,0.706512451171875,60.547665,23.023724,5.344255,0.088265255
591766,0.695037841796875,58.682503,22.789663,5.0179815,0.08551069
601850,0.857513427734375,92.5312,11.744843,4.2793145,0.046247263
601852,0.8258056640625,89.45895,11.069717,3.9674711,0.04434963
601854,0.8409423828125,80.40532,10.544251,3.8156424,0.0474551
606926,0.876708984375,65.99011,21.281673,8.153699,0.1235594
606928,0.7320556640625,62.85055,22.067394,4.5054426,0.071685016
606931,0.456024169921875,45.48705,25.021894,6.0098314,0.13212182
606932,0.84466552734375,77.64235,22.387915,9.356349,0.12050574
606933,0.83160400390625,66.996,19.74014,4.6936913,0.07005928
606934,0.780426025390625,50.325382,25.908922,5.1168885,0.1016761
606935,0.82080078125,88.09344,23.28036,8.969395,0.10181683
606936,0.805145263671875,75.76348,19.50742,4.278116,0.056466732
606937,0.75006103515625,75.50964,30.09158,6.1117163,0.080939546
609733,0.867645263671875,87.61109,10.687448,3.614871,0.041260425
609737,0.84307861328125,81.64247,9.897826,3.4686596,0.04248597
614330,0.84124755859375,82.24389,20.192566,7.544482,0.091733046
614331,0.810455322265625,77.9779,19.018335,5.4489684,0.06987837
614333,0.831451416015625,82.37078,20.263811,6.2304416,0.07563898
614334,0.835113525390625,85.47429,20.088163,7.5680146,0.08854142
614335,0.781036376953125,50.764507,23.113403,4.8428807,0.09539895
614336,0.808349609375,85.126205,19.276455,5.9944425,0.0704183
614337,0.787109375,68.44467,19.413855,7.7616243,0.11339998
614338,0.759124755859375,50.858574,25.238054,4.52086,0.08889082
614339,0.794708251953125,66.98552,20.388233,7.2251215,0.107860945
614340,0.79132080078125,73.16074,20.945686,7.5002403,0.10251728
614341,0.76336669921875,37.92976,21.300592,4.3618875,0.11499908
452150,0.74658203125,71.122345,22.007996,8.076588,0.113559075
452151,0.78265380859375,78.11374,20.812283,7.603672,0.09734103
452152,0.705841064453125,80.15699,25.435476,8.1528015,0.101710424
452872,0.8280029296875,65.54261,8.092442,3.2754014,0.04997362
452874,0.759765625,61.431396,7.9402514,3.3359575,0.054303788
452876,0.739654541015625,64.158066,8.389735,3.7986283,0.05920734
511256,0.7305908203125,72.440186,7.528651,3.5251553,0.04866298
511257,0.824615478515625,89.59039,6.688456,2.748428,0.03067771
511260,0.748291015625,66.06851,6.996891,3.4590766,0.052355904
511261,0.788970947265625,85.50257,6.4797826,3.0709314,0.035916246
511263,0.770599365234375,89.9,6.654132,2.7981205,0.03112481
513395,0.8851318359375,59.703316,16.831968,6.085783,0.101933755
513396,0.88104248046875,87.25286,21.893904,8.202998,0.094014086
513397,0.84368896484375,63.108444,25.978542,5.329139,0.08444416
513398,0.848358154296875,80.1944,17.326561,6.4920278,0.080953635
513399,0.8302001953125,84.97,21.427397,7.514143,0.08843289
513400,0.7645263671875,85.127174,27.382309,6.0159035,0.0706696
513401,0.828369140625,83.19857,17.474743,6.4397144,0.07740174
513402,0.833404541015625,76.8744,22.09221,7.5936995,0.0987806
513403,0.792938232421875,75.574066,28.04448,5.7089314,0.07554088
513404,0.79644775390625,56.515327,16.077972,5.992464,0.10603254
513405,0.796295166015625,71.94435,22.87419,8.549498,0.11883487
513406,0.766998291015625,68.83468,29.907238,6.332586,0.09199703
522069,0.8681640625,76.65147,19.390882,8.649943,0.11284772
522070,0.714080810546875,62.44036,18.849546,6.4416833,0.10316537
522071,0.82086181640625,66.16908,27.861113,8.2955,0.12536822
522072,0.8447265625,87.35914,20.552889,8.168542,0.09350529
522073,0.880218505859375,96.35301,22.0877,7.65906,0.079489574
522074,0.756988525390625,34.638863,17.072412,4.331035,0.12503399
522075,0.8546142578125,84.201004,19.442242,7.9554644,0.094481826
522076,0.85711669921875,88.72296,21.225416,7.5277743,0.08484584
522077,0.770294189453125,76.120834,22.090841,7.016116,0.092170775
522078,0.89227294921875,96.31623,19.043808,7.1669126,0.07441023
522079,0.93231201171875,88.67287,20.985575,7.0313354,0.07929523
522080,0.8109130859375,82.337006,20.624182,6.7376466,0.081830114
524302,0.76751708984375,68.39745,7.475173,3.4073691,0.049817193
524304,0.717437744140625,68.906334,8.074332,3.3169935,0.048137717
524306,0.71807861328125,71.33914,8.377832,3.9815364,0.055811387
526641,0.788238525390625,75.02629,7.034847,3.4361227,0.045798913
526642,0.793487548828125,88.922424,8.044046,4.0328064,0.045351963
526644,0.758880615234375,74.594284,7.5204997,3.803303,0.05098652
526647,0.784271240234375,73.517105,7.1161785,3.37421,0.045896936
526648,0.7586669921875,80.99115,7.2726855,3.6763856,0.045392435
527716,0.727447509765625,56.85321,18.56013,4.7697554,0.083895974
527717,0.796630859375,83.12557,22.106087,7.5849395,0.09124676
527718,0.7266845703125,43.60835,24.054815,4.9286222,0.11302015
527719,0.79022216796875,77.11478,20.099737,6.9686804,0.09036764
527720,0.800994873046875,89.67082,22.539001,8.204055,0.0914908
527721,0.766357421875,48.5671,25.786139,5.4543056,0.11230454
527722,0.73492431640625,73.56465,19.902815,5.6161733,0.076343365
1153166,0.618255615234375,83.80764,10.080272,4.5807023,0.054657336
1153438,0.6834716796875,81.21209,11.42765,4.792235,0.059008885
1153445,0.7802734375,96.687225,19.925936,6.310506,0.06526721
1153471,0.65802001953125,88.539604,11.703196,4.2951846,0.04851145
1153485,0.776153564453125,91.825935,12.962576,5.5029206,0.05992774
1156490,0.912841796875,91.15572,13.467502,6.035824,0.06621443
1156530,0.924163818359375,81.7454,10.893627,5.9410353,0.07267731
1156638,0.591796875,83.53996,12.019783,3.3399343,0.03998008
1156676,0.88592529296875,83.86586,10.899752,5.122839,0.061083723
1156714,0.465576171875,84.81561,11.552111,3.014735,0.035544574
1156839,0.951629638671875,95.12392,12.117901,5.5578594,0.058427572
1156990,0.602996826171875,90.44243,13.482234,5.1753106,0.057222154
1157029,0.697357177734375,89.410706,11.926857,4.8008633,0.0536945
1158245,0.847076416015625,31.081673,6.7626314,2.5357738,0.08158421
1159930,0.748321533203125,36.670853,10.98559,3.7503085,0.10226946
1159979,0.92364501953125,33.956223,10.24107,4.616605,0.13595755
1160014,0.931549072265625,35.607895,10.188761,3.7933707,0.10653173
1161496,0.9444580078125,30.654743,7.619387,3.3535225,0.10939653
1161555,0.8682861328125,32.560066,9.824072,4.3517537,0.1336531
1161576,0.7398681640625,30.092518,9.672337,5.0350056,0.16731752
1156590,0.9227294921875,86.68075,13.259602,5.6099787,0.064720005
1156623,0.827178955078125,65.977936,6.4215527,3.305493,0.050099976
1156625,0.6163330078125,68.79471,10.971872,3.1316037,0.045521
1156774,0.620819091796875,74.00207,6.6521935,3.116027,0.0421073
1156901,0.760498046875,88.50004,10.483316,4.042867,0.045682095
1157039,0.962249755859375,81.096985,9.705444,3.9364636,0.048540197
1157063,0.857513427734375,71.63831,7.904815,3.4763935,0.048527014
1157073,0.973724365234375,89.31648,10.013455,4.2117796,0.047155682
1157093,0.82647705078125,82.6501,9.289993,3.9764056,0.048111323
1159803,0.87261962890625,22.032139,9.098229,5.264761,0.23895824
1159814,0.83782958984375,32.03424,10.138352,4.7193203,0.14732112
1160048,0.938140869140625,36.211575,10.126943,3.8224463,0.105558686
1161616,0.854156494140625,35.149952,8.915492,4.3333845,0.1232828
1161671,0.75439453125,28.876497,10.285503,3.772167,0.13063104
1161677,0.861297607421875,28.652979,10.680777,4.6422524,0.16201639
801208,0.7056884765625,100.19711,9.757759,3.8751125,0.03867489
817089,0.665435791015625,79.90796,6.2253127,2.6479824,0.033137906
817090,0.74871826171875,55.02584,5.809795,2.3085802,0.041954473
817091,0.52117919921875,90.84471,7.0114098,2.8663993,0.031552736
817092,0.6314697265625,58.2197,6.1302447,3.1316257,0.053789794
825314,0.596435546875,68.733475,7.2469125,2.638232,0.03838351
825317,0.617919921875,64.49936,6.966959,2.618739,0.040601008
829939,0.789031982421875,99.07786,9.356115,3.7636912,0.037987206
829940,0.782867431640625,103.53105,9.241453,4.2002935,0.040570375
831092,0.753387451171875,75.89695,5.79131,2.7146566,0.035767663
831095,0.778594970703125,50.47795,4.3145256,1.9539249,0.038708482
831104,0.729705810546875,80.9563,6.829098,2.9247007,0.036126908
831106,0.741943359375,52.31252,4.637463,2.019918,0.038612515
831989,0.308685302734375,52.8521,4.5861745,1.52782,0.028907461
831999,0.645904541015625,77.994804,9.329269,2.069483,0.026533602
832000,0.608123779296875,81.927986,6.8035088,2.0646243,0.025200477
868861,0.006988525390625,50.449783,0.8833058,0.71524656,0.014177396
868862,0.29095458984375,53.716385,3.3478043,1.5962381,0.029716037
868871,0.607391357421875,77.50002,7.048521,2.2708313,0.029301042
871066,0.761962890625,115.69958,11.979429,5.0029263,0.043240663
871999,0.77813720703125,76.384735,6.8333697,3.201335,0.041910663
872000,0.7528076171875,59.75823,5.683479,3.0131304,0.050422017
872001,0.694610595703125,83.117966,7.731769,3.487754,0.041961495
872002,0.7061767578125,62.20929,6.5193663,2.8961275,0.04655458
872614,0.711151123046875,50.175858,10.11054,4.202952,0.08376443
872615,0.7149658203125,50.288673,10.131433,4.288922,0.08528604
873458,0.615325927734375,67.666466,7.149324,2.8100994,0.041528687
873460,0.418365478515625,54.784958,5.424056,2.0943766,0.038229045
873462,0.638519287109375,69.68886,7.0690274,2.914899,0.041827332
511504,0.711944580078125,79.654976,8.224553,3.716746,0.046660565
513907,0.595672607421875,120.304214,16.807804,7.8363857,0.06513808
542830,0.690185546875,111.19734,16.174385,5.0647993,0.045547847
591823,0.5223388671875,79.92872,23.40501,7.2474275,0.09067363
616349,0.0,,,,
616353,0.829681396484375,102.375916,14.311694,4.3231034,0.042227738
676498,0.727508544921875,76.57117,6.2100453,2.4704401,0.03226332
697059,0.797210693359375,48.46438,8.972559,3.253584,0.06713351
701983,0.638763427734375,42.429314,4.274201,1.8839456,0.04440198
763873,0.0,,,,
763885,0.45330810546875,74.78518,8.827603,2.598047,0.03474013
767072,0.675018310546875,45.77761,8.746163,3.3864594,0.07397632
796255,0.57574462890625,79.4057,4.9245486,1.8283169,0.023025008
796830,0.755828857421875,43.22974,8.529927,3.2927222,0.076167986
817458,0.714935302734375,78.1205,6.318535,3.0641367,0.03922321
831997,0.162628173828125,53.929256,2.5794318,1.0483528,0.019439409
872618,0.72344970703125,59.565594,11.238576,4.7880807,0.08038333
873461,0.428924560546875,72.188614,7.0930142,2.955997,0.040948246
873463,0.6697998046875,83.10201,9.431312,3.6853418,0.044347204
512646,0.795257568359375,81.93948,9.185594,3.8210711,0.046632845
516337,0.8905029296875,57.821075,16.862663,5.66215,0.097925365
540866,0.921142578125,54.107243,14.940044,4.149998,0.076699495
540875,0.822723388671875,74.6712,16.601168,5.3502283,0.07165049
559923,0.92889404296875,35.578358,13.329586,4.4901195,0.12620367
584851,0.8856201171875,41.248207,12.931092,4.7146783,0.1143002
584853,0.837860107421875,60.791004,18.39025,7.018019,0.115445025
709053,0.9791259765625,85.60987,8.047438,2.7998524,0.032704785
709066,0.145599365234375,39.65395,1.8012592,0.6805042,0.01716107
709069,0.96844482421875,32.538036,9.98732,3.1119835,0.095641404
791160,0.848052978515625,73.863976,8.284789,2.9242527,0.039589703
799994,0.9793701171875,92.403275,7.668935,2.904716,0.031435207
800744,0.9676513671875,43.890533,2.9461603,1.459024,0.033242337
517733,0.7230224609375,107.62207,16.44261,5.228722,0.048584107
537687,0.83026123046875,79.69058,8.447853,3.6040506,0.045225553
542749,0.5086669921875,72.86033,16.194141,5.3278117,0.07312363
542750,0.60260009765625,109.1576,21.742472,9.39316,0.08605136
542757,0.721771240234375,71.92021,21.713253,4.917331,0.06837203
546487,0.83392333984375,87.5528,8.146865,3.7562008,0.04290212
608296,0.70098876953125,82.85246,20.367533,5.5890884,0.067458324
609900,0.856353759765625,87.34782,8.59588,3.3341584,0.038171057
609902,0.538299560546875,86.936165,8.650367,2.4286737,0.027936287
615016,0.8011474609375,80.32588,16.824902,4.4527197,0.055433188
615021,0.85498046875,104.442856,16.734594,6.9391665,0.06643984
513034,0.743316650390625,102.069176,7.643514,3.388794,0.033200953
517809,0.685394287109375,98.4408,17.634565,8.498585,0.086331934
517820,0.539306640625,123.55868,19.97482,5.135609,0.041564133
520930,0.634552001953125,95.16357,13.689276,4.462036,0.046888072
520931,0.600738525390625,106.4285,23.621357,5.303408,0.049830716
579746,0.84942626953125,93.44499,10.628108,5.2262354,0.05592847
589852,0.6876220703125,97.651474,16.376526,4.92947,0.050480243
589853,0.8651123046875,91.82926,15.448397,6.0380187,0.06575266
606233,0.737701416015625,114.93232,14.434077,5.3551397,0.046593852
613268,0.800994873046875,91.70656,10.546376,4.1312695,0.04504879
613278,0.8302001953125,99.875496,15.182775,8.2996025,0.083099484
673903,0.70928955078125,76.66332,7.0019746,2.4706032,0.032226667
695729,0.865081787109375,61.196846,10.611283,3.9817815,0.065065145
701574,0.76519775390625,55.598507,4.999789,2.7591085,0.049625587
725510,0.5081787109375,46.143887,2.65892,1.0252246,0.022217993
729793,0.82867431640625,69.045074,15.459106,6.2364364,0.09032413
764082,0.605010986328125,46.120857,3.045319,1.0190473,0.02209515
764095,0.616973876953125,69.14676,6.0082035,2.3357494,0.03377959
767158,0.8260498046875,68.976685,17.403973,7.175415,0.104026675
768445,0.76727294921875,67.22449,5.8685417,2.9449515,0.04380772
695734,0.836700439453125,63.971916,11.355822,6.1326756,0.09586512
701571,0.8504638671875,43.054398,2.6734204,1.800819,0.0418266
725517,0.464141845703125,45.198105,2.341232,1.0408171,0.023027893
725519,0.56475830078125,45.546146,2.3793836,0.8951927,0.01965463
725525,0.732147216796875,68.83006,5.774348,1.8456292,0.02681429
725529,0.792022705078125,68.25747,6.16205,2.0836189,0.030525874
729800,0.897491455078125,72.86402,13.454143,6.1258764,0.08407272
730576,0.7894287109375,90.43575,10.021695,4.242286,0.046909392
732986,0.7947998046875,90.53778,6.7176814,3.5437605,0.039141234
764090,0.682586669921875,42.544506,2.6572547,0.9364112,0.022010155
764100,0.715179443359375,67.802986,6.6180677,2.7246015,0.04018409
764528,0.8502197265625,97.83536,6.8562455,3.8775032,0.039632943
767163,0.773468017578125,67.909805,12.812125,6.043585,0.08899429
767720,0.735321044921875,89.12115,9.802709,3.9685206,0.044529505
768446,0.793426513671875,51.624447,3.1051986,2.087936,0.040444713
519188,0.63067626953125,63.426983,27.296326,6.927526,0.10922049
519193,0.754913330078125,126.24126,19.43493,8.509781,0.067408875
523615,0.688629150390625,104.77815,13.83987,5.823413,0.055578504
536586,0.794891357421875,101.82351,11.986539,5.1963778,0.051033184
538147,0.90789794921875,80.90171,20.407505,8.453899,0.10449593
538149,0.80487060546875,77.232994,17.436321,8.091493,0.10476731
538152,0.795318603515625,88.76494,19.17546,5.368175,0.0604763
538154,0.840362548828125,72.97487,17.145906,6.5285153,0.08946252
538156,0.778106689453125,75.09829,18.782616,7.9807305,0.10627047
538158,0.706329345703125,81.21586,22.68239,5.347529,0.06584341
553785,0.818572998046875,96.85598,12.396614,5.3383613,0.055116486
555653,0.767120361328125,81.187416,27.985937,6.3280106,0.07794324
555661,0.780242919921875,89.15931,16.70445,4.7909126,0.053734295
555662,0.7711181640625,72.164795,28.771944,4.0220704,0.055734523
579044,0.829986572265625,104.53877,12.334129,5.946491,0.05688311
579048,0.88983154296875,94.38878,9.829608,4.3910975,0.046521395
581545,0.889556884765625,114.305534,16.1968,6.531137,0.057137538
1085025,0.6346435546875,81.303085,11.903829,5.7006364,0.070115864
1103832,0.65350341796875,65.041466,5.3183827,1.549893,0.023829307
1103833,0.06304931640625,70.26815,2.939487,0.799494,0.011377758
1103838,0.674102783203125,95.88465,13.699541,3.9463913,0.041157696
1103841,0.060455322265625,107.50025,7.500942,3.0025485,0.027930617
1104801,0.735809326171875,67.257935,16.537106,7.195124,0.10697807
1106510,0.683746337890625,82.45981,14.326721,5.144373,0.062386427
1106511,0.80889892578125,84.6036,12.059621,5.1840997,0.061275166
1130446,0.710723876953125,67.615654,14.713843,5.8160243,0.08601595
1131934,0.702362060546875,86.14803,13.011685,5.068375,0.058833323
1131939,0.7559814453125,79.882286,10.403712,4.8402653,0.060592473
1132516,0.388153076171875,66.02595,5.5777845,1.2492746,0.018920964
1132520,0.671844482421875,66.50556,5.652794,1.5410446,0.023171665
1132527,0.805694580078125,97.46006,10.586598,3.376896,0.034649022
1132528,0.638641357421875,94.762314,12.688119,3.1370652,0.033104565
1132529,0.658203125,102.82159,13.508686,3.5395532,0.034424223
520224,0.74554443359375,108.08068,16.5001,6.154104,0.05693991
520232,0.564239501953125,99.53502,30.865864,7.2490163,0.0728288
520235,0.716644287109375,67.80288,17.719513,6.1254683,0.090342306
537991,0.8162841796875,108.70858,17.31046,7.6895967,0.07073588
602597,0.633270263671875,108.20814,25.619839,9.019544,0.08335365
602604,0.5650634765625,115.44189,26.04337,9.082333,0.0786745
602605,0.642242431640625,104.647705,30.481075,8.171496,0.078085765
707339,0.49627685546875,85.87443,13.171623,4.9380946,0.057503667
707341,0.6400146484375,95.166176,13.26674,4.59665,0.048301302
707343,0.537811279296875,98.285706,16.18157,6.2049174,0.06313143
707345,0.6533203125,51.097393,4.881212,2.0516503,0.04015176
707346,0.546478271484375,53.11286,4.7680607,1.565005,0.02946565
707349,0.70782470703125,67.32228,6.3445992,2.3283634,0.03458533
707354,0.646820068359375,52.231564,15.626565,5.632338,0.107834
707357,0.72467041015625,54.516552,13.464253,5.027136,0.09221302
520309,0.69329833984375,112.48649,17.214188,7.963912,0.07079883
520316,0.623260498046875,101.53406,19.475605,6.5705175,0.06471245
523881,0.645111083984375,103.63773,14.884992,6.5526257,0.06322625
602106,0.53643798828125,111.99488,12.4816065,4.812619,0.04297178
608014,0.65472412109375,104.05752,28.400492,5.7982426,0.055721514
608020,0.66571044921875,104.94329,22.438112,8.585647,0.08181225
791781,0.595733642578125,50.640694,3.1467843,1.0411172,0.020558905
791791,0.876007080078125,75.7151,7.495725,2.622882,0.034641463
795788,0.58685302734375,104.50619,15.578562,5.1617136,0.049391463
800128,0.853179931640625,108.41353,10.152513,5.42844,0.050071612
800131,0.787109375,106.963326,12.9384,6.0123024,0.05620901
524247,0.645782470703125,72.10543,8.686567,4.7143593,0.065381475
542146,0.8314208984375,94.73902,12.373509,5.860492,0.06185933
584315,0.88433837890625,111.93029,13.111929,5.4480634,0.04867372
607237,0.537017822265625,82.380806,21.948563,5.5204616,0.067011505
723330,0.62493896484375,62.180145,6.4705396,1.4040569,0.02258047
732017,0.930389404296875,107.47033,9.654994,4.6817703,0.043563377
995778,0.635528564453125,57.478558,5.125829,1.3975563,0.024314394
995794,0.77996826171875,83.02101,8.753951,2.2123399,0.026647951
997649,0.868133544921875,75.690865,6.7865305,3.7482512,0.049520522
1019246,0.7406005859375,44.15304,12.455925,6.2714734,0.14203945
1061798,0.19635009765625,105.839134,13.426636,2.637476,0.024919666
1084607,0.761962890625,79.94345,9.198329,4.4166427,0.055247087
1127471,0.839813232421875,87.92518,9.669548,4.193509,0.047694065
1128287,0.60809326171875,109.43727,11.522081,3.3017104,0.03016989
1128288,0.6575927734375,109.403145,12.670935,3.4016423,0.03109273
580049,0.568389892578125,74.86486,6.1235023,3.53666,0.04724059
588813,0.57659912109375,80.89113,21.080202,8.696479,0.107508436
611726,0.839263916015625,106.018074,17.084946,5.997466,0.056570224
722625,0.17724609375,49.00706,2.8484662,1.1572725,0.023614403
823038,0.4207763671875,43.640484,12.292888,4.2978454,0.09848299
856484,0.5601806640625,49.590816,4.804421,1.772847,0.035749502
861001,0.45758056640625,52.147526,11.746159,3.8239284,0.07332905
864440,0.529388427734375,96.56246,8.646912,4.294415,0.044472925
909463,0.62835693359375,44.047256,10.563995,4.342171,0.09857983
963733,0.808685302734375,84.791084,7.125178,3.9404051,0.046471927
995455,0.004638671875,,,,
995465,0.175048828125,90.52005,13.870111,5.2075124,0.057528827
536707,0.560546875,82.38578,10.682917,4.612639,0.05598829
536709,0.889251708984375,90.59793,11.414009,6.028999,0.06654676
538663,0.856842041015625,109.9449,16.074112,8.398717,0.07639024
538664,0.869384765625,110.41098,17.486664,4.8461795,0.043892186
557395,0.78173828125,111.319916,19.157686,6.253808,0.0561787
557396,0.748016357421875,94.76468,24.272314,4.4061446,0.046495643
557399,0.74676513671875,121.06931,22.514948,4.413196,0.036451813
557400,0.785736083984375,116.76588,16.467503,4.921399,0.04214758
557405,0.64605712890625,96.44686,18.394238,5.3561845,0.05553508
582120,0.79217529296875,61.992798,21.006348,6.4749312,0.10444651
589982,0.829925537109375,121.2239,16.72781,5.835381,0.048137214
589990,0.804962158203125,122.502144,21.071777,5.4055705,0.044126336
601425,0.8692626953125,80.134,10.21346,5.4435787,0.067930944
605105,0.817962646484375,114.53274,16.417131,5.7007723,0.049774174
673853,0.8421630859375,53.447964,11.809162,3.1873932,0.059635445
682460,0.87066650390625,82.79362,10.87591,3.1443703,0.037978414
694717,0.84381103515625,55.086258,14.253174,5.291084,0.09605089
701263,0.86041259765625,46.83787,5.238383,3.1193316,0.06659849
705654,0.9007568359375,86.47357,9.699692,2.613286,0.030220632
705661,0.903076171875,67.69799,17.291899,6.099757,0.09010249
724897,0.72601318359375,55.498444,5.338289,1.9869753,0.03580236
724907,0.887664794921875,88.66872,9.151025,3.3302763,0.037558638
728968,0.86273193359375,60.95451,14.757978,5.072299,0.0832145
789713,0.66900634765625,58.328804,6.2618194,2.2842653,0.039161876
789724,0.645599365234375,88.3698,11.328101,4.421088,0.050029404
793452,0.8648681640625,58.83257,15.467402,5.3133507,0.090313084
904052,0.90850830078125,60.84864,14.493484,4.96537,0.08160199
904960,0.878387451171875,85.11754,8.812522,2.6399145,0.03101493
906628,0.9091796875,56.704014,5.2620254,3.3716116,0.05945984
906629,0.89288330078125,67.379486,5.5513735,2.3038685,0.03419243
1017419,0.947906494140625,91.230194,9.338817,2.5089755,0.02750159
1087252,0.6163330078125,54.63349,5.4413867,1.8703127,0.034233812
1110915,0.66400146484375,82.045456,7.8923845,2.6864936,0.032743964
1130161,0.77935791015625,70.537,4.956548,1.839639,0.026080482
1130299,0.446075439453125,105.51139,11.432459,2.6159527,0.024793083
1130303,0.90570068359375,105.45839,8.273074,2.732656,0.025912173
1130304,0.97149658203125,25.669222,8.280893,4.6302576,0.18038169
1131728,0.98309326171875,88.7822,8.70959,3.9926178,0.044970926
539259,0.709869384765625,73.28356,24.866539,5.4615617,0.07452642
675015,0.975250244140625,29.762337,7.6493993,2.1804476,0.073261976
684571,0.903076171875,76.990166,6.6327047,2.4113088,0.0313197
697083,0.98272705078125,90.62273,8.904729,3.4065514,0.037590474
725802,0.562835693359375,69.10318,7.188037,1.849198,0.026759954
753935,0.9561767578125,88.00478,6.966071,3.349993,0.038066033
755760,0.9595947265625,59.983273,10.186868,3.929059,0.06550258
760998,0.90130615234375,73.05221,9.875372,1.7055029,0.023346357
821039,0.962066650390625,57.007263,13.663548,4.0853868,0.07166432
907300,0.911163330078125,71.64719,7.596604,1.8704535,0.026106447
909747,0.95263671875,31.087103,7.277813,2.929085,0.094221875
909851,0.963592529296875,100.85609,8.911896,3.9520414,0.039184958
973779,0.5167236328125,88.72774,8.723421,2.707089,0.030510064
1020400,0.43487548828125,75.010735,7.6913047,2.1511579,0.028678
1044127,0.914764404296875,94.4833,8.190361,2.6445467,0.027989568
1065572,0.9693603515625,27.070425,10.0270405,5.1678905,0.1909054
1067694,0.990936279296875,80.42386,8.5587845,4.1456184,0.05154712
1130148,0.59295654296875,67.71678,4.5044293,1.549594,0.022883456
1130283,0.372100830078125,105.752396,9.889397,2.280925,0.021568542
1130308,0.9532470703125,23.602413,8.305563,4.214207,0.17854984
1131736,0.97119140625,78.02341,6.141805,2.6579132,0.03406559
725803,0.49169921875,67.58248,6.6953697,1.570441,0.023237398
755762,0.939208984375,27.37864,7.1479425,2.1992903,0.080328695
820059,0.506103515625,46.95562,5.7294345,1.4806206,0.03153234
907293,0.2471923828125,43.383705,4.5543013,0.9470048,0.021828583
907306,0.907440185546875,67.43185,6.262616,1.4931675,0.022143358
909751,0.97607421875,32.093983,7.526869,2.5606441,0.0797858
971011,0.37835693359375,61.05267,4.651829,1.3153874,0.021545125
537271,0.87957763671875,70.97797,7.843684,3.4478965,0.048576996
540997,0.834197998046875,79.6732,18.293615,5.394932,0.06771325
540999,0.639495849609375,65.44157,19.539219,4.961935,0.075822376
541002,0.70916748046875,59.62419,19.041538,4.9225383,0.082559414
555385,0.706817626953125,69.49139,17.756094,6.8573008,0.098678425
578719,0.9761962890625,68.78601,7.430256,3.295265,0.047906034
580164,0.80377197265625,32.528362,12.328504,3.872134,0.1190387
580172,0.898345947265625,59.14047,16.721962,5.3102245,0.08979003
585946,0.952056884765625,68.97564,8.049486,3.248361,0.047094323
608774,0.91595458984375,69.387054,8.765521,3.444864,0.04964707
610343,0.811737060546875,63.93485,19.635176,6.8472633,0.107097514
683262,0.8516845703125,68.128815,8.767165,2.3704264,0.034793302
725363,0.6934814453125,47.463608,3.55749,1.228224,0.025877174
725367,0.916168212890625,69.971954,6.6781187,2.6303804,0.037591923
725368,0.885528564453125,76.11404,6.8260193,2.2596326,0.029687462
728844,0.8616943359375,31.690077,9.555816,2.8767166,0.09077658
730530,0.941986083984375,72.070526,8.92343,2.4810345,0.03442509
732921,0.909271240234375,78.012314,7.875428,1.9595451,0.025118409
732922,0.867462158203125,82.02382,9.787294,1.8964852,0.023121152
537394,0.696868896484375,92.61524,10.544588,4.3836956,0.047332335
541516,0.632476806640625,86.10089,15.697534,5.3279757,0.06188061
558545,0.708404541015625,55.876404,16.938421,3.9409397,0.07052959
583585,0.498138427734375,52.412117,14.09822,3.9789524,0.07591665
764859,0.71728515625,53.62798,5.494486,2.0884366,0.03894304
764864,0.1881103515625,53.29948,4.7515693,1.0618982,0.019923238
764894,0.60614013671875,74.74927,10.3211,4.613872,0.061724644
767347,0.83837890625,51.723755,9.966241,4.1662245,0.0805476
825157,0.666595458984375,62.489403,6.019168,2.6707869,0.04273984
830805,0.746490478515625,43.554066,3.1523187,1.7675346,0.04058254
831164,0.60772705078125,52.69077,4.669362,1.1498591,0.02182278
831197,0.804595947265625,79.5436,7.3179092,2.4167657,0.030382905
541530,0.453369140625,70.043686,25.381077,7.453837,0.10641697
541531,0.73284912109375,94.682434,11.771891,5.3370237,0.056367625
541533,0.6783447265625,94.48902,16.24121,5.8565793,0.061981585
541534,0.726806640625,91.595146,13.385555,6.999763,0.07642068
541536,0.6566162109375,92.07632,15.300468,6.117089,0.06643499
558558,0.70343017578125,77.35362,13.327707,5.531294,0.07150659
558559,0.72454833984375,90.68718,14.389435,5.560317,0.061313156
558560,0.623687744140625,77.0163,16.785524,5.4099154,0.070243776
558564,0.75787353515625,95.27398,13.103889,5.6653247,0.059463505
558566,0.770477294921875,70.30954,28.771603,8.8617525,0.12603912
583593,0.612884521484375,77.76214,22.20327,5.9313793,0.07627593
586808,0.655853271484375,86.439064,8.05073,4.0713506,0.047100816
591197,0.700775146484375,75.88172,13.760955,6.418952,0.084591545
591206,0.66009521484375,60.853584,13.695276,5.74106,0.09434218
591207,0.7064208984375,50.142735,13.525949,4.9502597,0.09872337
600793,0.53509521484375,70.644295,7.0270805,3.1762135,0.04496065
600795,0.57073974609375,76.14827,7.4447517,3.418646,0.0448946
764867,0.67926025390625,53.110928,4.3758063,1.8724952,0.035256308
764869,0.0,,,,
764875,0.02044677734375,44.9806,3.583284,1.5830249,0.035193503
764902,0.59552001953125,74.26647,9.201252,3.8224518,0.051469415
764906,0.7685546875,75.5766,8.081856,2.947495,0.0390001
764908,0.71734619140625,80.311966,10.262146,3.5872326,0.044666227
767348,0.792388916015625,54.551704,9.179545,4.06858,0.07458209
767860,0.66424560546875,68.50101,8.126932,2.835934,0.041399885
824428,0.727783203125,45.456852,8.908513,3.5984168,0.07916115
829079,0.75762939453125,98.684044,10.067086,4.6248693,0.046865422
831170,0.2821044921875,50.58925,4.823041,1.8683918,0.036932584
831172,0.590118408203125,54.301754,4.511191,1.7172368,0.031623963
831205,0.79071044921875,77.64222,7.222727,2.8652053,0.03690267
824649,0.8699951171875,40.894417,7.908006,3.564829,0.08717153
830114,0.819549560546875,88.05924,9.1528635,3.8527403,0.043751687
831430,0.820770263671875,39.13672,3.3516707,2.296902,0.05868918
832617,0.605743408203125,43.53907,4.004959,1.1692259,0.026854638
832631,0.788177490234375,69.44787,9.126496,2.8408978,0.04090691
869796,0.629669189453125,43.58901,5.6641526,1.9269911,0.044208188
869798,0.44671630859375,45.305096,6.525217,1.2674837,0.027976627
869805,0.800048828125,67.03269,8.535515,1.6293772,0.024307203
869809,0.83203125,64.51339,10.9470005,1.6276356,0.025229422
871254,0.882232666015625,94.36798,9.049764,4.0588937,0.043011345
872187,0.8377685546875,59.057083,5.350867,2.6923969,0.045589738
872978,0.84674072265625,42.485367,8.111946,2.7050657,0.06367053
873740,0.759735107421875,72.13922,7.8535795,2.1173794,0.029351294
1056668,0.67657470703125,65.31367,5.5702376,1.5890357,0.0243293
1056679,0.70172119140625,101.75224,9.295782,2.0979245,0.020617967
1059241,0.816650390625,99.71958,11.682921,4.8804398,0.04894164
1089039,0.761566162109375,72.88507,7.3710713,1.4194096,0.019474627
1089050,0.6611328125,106.68367,7.8408375,2.1895282,0.020523556
1090032,0.7154541015625,35.9971,11.341829,5.249834,0.14584047
1090709,0.261383056640625,61.107998,6.8530326,2.8495517,0.046631403
1091873,0.610809326171875,90.03227,10.099335,4.517707,0.05017875
1127128,0.56475830078125,63.609318,9.408129,4.1064014,0.064556606
1128165,0.103179931640625,96.333336,5.9875484,2.104654,0.021847619
1128167,0.642303466796875,102.03564,13.4618435,5.3297896,0.05223459
1129305,0.59234619140625,72.823906,5.6366916,1.9136147,0.026277289
1129316,0.6553955078125,106.16041,14.370228,2.3292217,0.021940587
602511,0.622802734375,84.60746,20.440958,5.32829,0.0629766
602513,0.560577392578125,83.864555,14.52672,5.4386053,0.06484987
697015,0.538543701171875,49.94792,6.4276805,2.8968198,0.057996806
697022,0.640594482421875,40.212902,8.191597,3.3274584,0.08274604
764756,0.72442626953125,75.23048,9.551083,1.5234647,0.020250631
764780,0.37255859375,104.10313,12.212711,3.2734752,0.031444542
768573,0.640960693359375,64.62634,7.2507987,3.6004615,0.05571198
824415,0.723968505859375,34.15622,9.159228,4.4435735,0.13009559
830801,0.72918701171875,42.477276,5.2885084,3.4477565,0.08116708
831091,0.38580322265625,52.94977,3.456456,1.0209223,0.019280957
869368,0.082611083984375,73.69265,8.189758,1.83935,0.024959749
872803,0.596221923828125,41.553154,9.686399,3.2124166,0.07730861
961980,0.7509765625,67.902794,7.288209,1.5319253,0.022560565
961992,0.260650634765625,110.00082,8.599228,2.8465579,0.025877606
962345,0.778900146484375,41.371624,9.295234,4.2777734,0.10339873
963582,0.795623779296875,103.1199,13.611182,4.729818,0.045867167
537694,0.96478271484375,86.68413,7.942771,3.3443007,0.038580313
542782,0.934112548828125,132.9988,16.232996,6.0099006,0.045187633
584973,0.753875732421875,106.61616,15.139539,4.176539,0.039173603
614581,0.661651611328125,86.27462,13.635867,4.2927475,0.049756784
673519,0.82763671875,77.300514,7.6491094,2.0597298,0.026645746
709135,0.422515869140625,59.24897,7.212458,2.7247407,0.045987986
709141,0.85894775390625,48.248524,3.3245134,0.98431325,0.020400899
709148,0.922119140625,75.39946,14.962071,4.9799347,0.066047356
723179,0.516082763671875,47.66223,4.8192983,1.1189588,0.023476845
723191,0.732513427734375,70.21677,10.331552,2.017329,0.028730018
723192,0.86773681640625,69.30981,7.5790734,1.6545472,0.023871763
731953,0.836822509765625,108.098976,8.721356,4.275182,0.039548773
1018450,0.8402099609375,85.17957,7.35347,2.789676,0.03275053
1020903,0.853424072265625,66.83744,9.90756,4.6969323,0.07027397
559856,0.613189697265625,36.133827,24.933079,6.600363,0.18266436
559859,0.48480224609375,30.775526,14.235943,5.17116,0.16802832
559867,0.4388427734375,49.374756,12.60516,5.9788456,0.12109114
592971,0.4869384765625,33.315807,16.502087,4.054167,0.121688984
592972,0.606719970703125,25.475227,14.013168,3.4238627,0.1343997
608575,0.492889404296875,50.079685,23.252876,6.239381,0.124589056
801354,0.731109619140625,80.17164,6.53319,3.0013244,0.037436236
817527,0.81158447265625,50.076973,4.2741885,2.082843,0.041592833
909679,0.848602294921875,28.153128,8.122104,3.5307372,0.1254119
910061,0.82330322265625,62.352955,6.1350455,2.0238261,0.032457583
942293,0.51898193359375,65.47759,9.100014,1.4897108,0.02275146
579397,0.86395263671875,73.52935,7.5362425,3.2797847,0.04460511
583009,0.88421630859375,35.63923,11.59273,3.92737,0.110197954
583010,0.77587890625,54.283825,17.124748,4.506472,0.08301685
583024,0.73968505859375,83.90346,22.712898,4.2789493,0.050998487
583027,0.90435791015625,79.58338,18.780762,5.0585456,0.06356284
583031,0.909759521484375,105.36547,21.293427,6.672694,0.06332904
586272,0.893951416015625,69.56276,7.779021,2.91673,0.041929476
601113,0.39306640625,65.0073,9.533829,5.1103067,0.07861128
603838,0.678314208984375,74.24322,24.641731,3.736956,0.05033397
609156,0.745819091796875,90.93109,10.245263,4.167385,0.045830145
611928,0.766326904296875,58.668076,19.023973,5.5137477,0.09398208
579617,0.859893798828125,78.979095,11.148529,7.479359,0.09470049
583984,0.825714111328125,107.48915,17.066153,6.2304296,0.057963334
583990,0.902801513671875,137.11172,17.09609,5.692126,0.04151451
583995,0.752532958984375,126.90409,18.801023,5.6531696,0.044546787
583997,0.802215576171875,126.91593,19.493395,5.0718083,0.039961953
591051,0.809539794921875,122.67995,24.808235,11.922656,0.097185045
591055,0.746185302734375,140.70848,21.333488,7.378396,0.052437466
591059,0.50775146484375,73.71944,31.71313,11.032799,0.14965929
591061,0.827117919921875,56.712097,17.381886,5.5164065,0.09727037
614872,0.75213623046875,129.70871,20.668053,6.9488564,0.05357278
614881,0.59619140625,146.45598,33.619373,11.479207,0.078379914
682554,0.752593994140625,108.41069,14.091083,8.566283,0.07901696
682560,0.740753173828125,106.929924,13.800206,3.9333746,0.0367846
585967,0.8564453125,90.503525,10.131387,4.6246066,0.051098634
587567,0.552398681640625,28.129993,11.295297,6.020551,0.21402605
587568,0.892822265625,65.09103,15.706203,6.2978554,0.09675459
587572,0.815582275390625,92.9066,19.740005,5.0718904,0.05459128
587574,0.684173583984375,55.60025,13.069362,3.7170038,0.06685229
587575,0.7484130859375,66.552315,18.998425,4.5170503,0.067872174
789459,0.794281005859375,49.291504,3.5860207,1.1563473,0.023459364
789469,0.813446044921875,77.50771,6.691442,2.455051,0.031674925
793332,0.740753173828125,33.94335,9.606155,4.9685254,0.14637698
794418,0.732635498046875,69.101845,7.3935256,3.1922798,0.046196736
794424,0.88262939453125,68.06701,9.090187,4.212033,0.06188068
798322,0.91546630859375,93.57197,10.3113575,5.7134967,0.06105992
798325,0.87152099609375,94.48099,11.395081,6.013346,0.0636461
799365,0.871185302734375,38.189686,4.124044,2.919634,0.076450855
817716,0.66265869140625,47.054436,4.032118,1.3890452,0.029519964
817718,0.816009521484375,46.089645,3.2349448,1.1848111,0.025706666
817726,0.86846923828125,69.057274,6.260696,1.8178176,0.026323332
863884,0.79376220703125,66.63145,7.8595886,3.6564014,0.054875012
863888,0.880767822265625,76.96057,7.983853,2.4770403,0.032185834
866871,0.89898681640625,106.0956,13.265453,6.0573206,0.057093043
895493,0.0,,,,
895494,0.759002685546875,46.421574,3.291983,1.4482443,0.031197658
900734,0.9088134765625,45.829216,4.477102,2.4251642,0.05291743
586182,0.486724853515625,56.065582,5.243159,2.6653683,0.047540188
586184,0.79876708984375,60.27111,6.0846033,3.3397512,0.05541214
588485,0.821502685546875,41.305954,12.371327,3.8474727,0.09314571
588486,0.932708740234375,79.574585,22.963223,8.486544,0.10664892
588490,0.80718994140625,32.85599,12.868215,3.7989824,0.115625255
588491,0.90545654296875,44.41372,16.207428,5.4650645,0.12304902
588495,0.826568603515625,33.25682,11.708637,3.693129,0.11104877
588496,0.728271484375,43.621815,16.22065,4.7872367,0.109744094
588497,0.8175048828125,46.066185,23.425457,9.447207,0.205079
601935,0.88153076171875,62.99017,6.258502,3.027126,0.04805712
601937,0.85345458984375,65.877205,6.5742946,2.7901156,0.04235328
607339,0.777557373046875,21.720633,11.132676,2.8743591,0.13233313
607348,0.803741455078125,50.309715,14.980777,4.3906507,0.08727242
674367,0.794036865234375,66.19355,6.516861,3.2171357,0.04860195
674381,0.81060791015625,25.604246,7.7363615,3.8176699,0.149103
674383,0.806976318359375,27.290323,7.187365,3.0045452,0.11009563
674391,0.97015380859375,64.75344,7.514728,2.2543073,0.034813706
764324,0.639434814453125,42.611607,2.8733196,1.0726625,0.025173012
764333,0.78692626953125,58.971107,5.432991,1.7685505,0.029990118
1010240,0.943756103515625,66.51592,16.829422,7.1086483,0.10687138
1010831,0.953704833984375,87.39541,10.835898,3.9618828,0.04533285
1013024,0.80377197265625,92.21991,11.611743,3.1698785,0.034373038
1033107,0.85577392578125,92.03951,9.651561,2.3296351,0.02531125
1035422,0.91668701171875,35.9989,11.6737175,4.4604406,0.12390491
1064607,0.80352783203125,65.5572,5.3358827,1.7037891,0.025989352
1064613,0.84197998046875,95.437225,9.728874,3.3321292,0.034914356
1065543,0.877044677734375,42.696648,13.995887,7.241871,0.16961217
1066258,0.936248779296875,77.29479,9.611322,2.8405304,0.03674931
1127068,0.732940673828125,68.11342,9.143212,2.1434064,0.031468194
1128043,0.91705322265625,89.53541,10.965171,4.6239495,0.051643807
1129073,0.7386474609375,66.84432,4.7684326,2.0340052,0.030428989
1129081,0.54254150390625,104.10659,13.470298,2.6522079,0.025475888
600952,0.927978515625,82.335045,9.684177,3.7667375,0.045748897
603149,0.850616455078125,60.253292,15.61116,4.8193903,0.07998551
611045,0.866973876953125,108.584145,14.867726,5.129112,0.047236286
673583,0.784088134765625,70.13326,18.718761,6.5475917,0.09335929
673586,0.8424072265625,70.77097,19.595875,7.0918016,0.100207776
693376,0.927978515625,58.00168,7.3843513,2.1811945,0.037605714
728074,0.67303466796875,68.83323,10.007684,3.8583293,0.056053296
818589,0.86834716796875,65.188934,6.1728806,1.6309776,0.025019241
826012,0.940887451171875,99.48422,10.128473,3.255881,0.032727614
864122,0.8780517578125,61.279682,7.746152,1.8192677,0.029687943
867181,0.990020751953125,118.07158,14.592216,4.591231,0.03888515
896477,0.67877197265625,63.84772,8.413679,2.5182056,0.039440807
897535,0.790130615234375,60.52443,17.22049,5.482279,0.09057961
901189,0.839569091796875,53.830685,5.4137163,2.4164276,0.04488941
973740,0.51007080078125,101.76218,14.846395,3.2343957,0.03178387
990703,0.763824462890625,61.772785,4.8993173,1.4369142,0.023261283
1033294,0.5283203125,101.363045,8.643039,2.7121143,0.026756441
1036313,0.579620361328125,45.977676,5.966652,2.4080157,0.052373584
1088591,0.790313720703125,105.081635,8.589521,2.0351303,0.019367136
608939,0.888397216796875,104.81911,16.10017,6.817218,0.06503793
611015,0.918060302734375,91.77821,20.262413,9.005533,0.098122776
611020,0.7608642578125,57.19477,22.617243,5.235961,0.09154615
673563,0.6729736328125,27.885452,8.594928,3.0470128,0.109268904
706242,0.8687744140625,59.883343,7.8032746,1.9190907,0.032047156
706248,0.571624755859375,62.75212,6.4212627,1.9643219,0.031302877
706249,0.3052978515625,46.136246,3.7087233,1.6924908,0.036684625
706256,0.80816650390625,40.9437,13.052659,5.2111177,0.12727521
722306,0.75360107421875,52.723495,7.51407,1.5247651,0.028920032
722307,0.23236083984375,54.446022,8.397634,1.5639119,0.02872408
722314,0.489013671875,73.585434,7.8981876,1.2617506,0.017146744
722315,0.8172607421875,76.7472,8.098757,1.8630719,0.024275439
727073,0.779693603515625,39.577675,13.184591,5.7058516,0.14416844
727946,0.0,,,,
727948,0.3360595703125,50.965855,5.5768676,2.013988,0.03951642
731411,0.8682861328125,96.62052,13.141491,5.417629,0.056071203
791637,0.78948974609375,51.169308,5.4933224,1.4033521,0.027425662
791649,0.563812255859375,83.505875,18.382914,1.9924092,0.02385951
791650,0.812347412109375,74.81201,7.571157,2.371689,0.031701982
831046,0.736297607421875,40.58594,4.058416,1.8255934,0.04498093
831901,0.448944091796875,75.9484,9.042328,2.0810237,0.027400494
831902,0.825958251953125,76.32341,7.957903,1.6566128,0.021705173
896523,0.338531494140625,50.395744,5.1034966,1.1692436,0.023201237
896536,0.017364501953125,78.33568,9.720965,1.4209923,0.018139783
942815,0.532623291015625,70.80702,12.367536,1.0933819,0.015441716
1009827,0.8170166015625,40.885925,10.037896,4.074639,0.09965872
1035490,0.8409423828125,19.98298,5.1853685,2.8596783,0.14310569
1042066,0.462890625,87.41291,6.094592,3.2146351,0.03677529
1064738,0.8121337890625,19.638096,4.9559593,2.8206115,0.14362958
1090881,0.818756103515625,89.75396,7.2250214,3.388923,0.037757922
1108667,0.831298828125,20.956314,9.521804,6.2006626,0.29588518
1111008,0.860321044921875,102.627365,10.984833,3.9724462,0.038707476
1112200,0.81219482421875,83.33719,9.447553,5.0907927,0.061086684
1133359,0.81768798828125,103.52874,9.871445,3.8559432,0.037245147
676015,0.846405029296875,92.99409,10.099664,5.273351,0.056706306
676019,0.801513671875,73.01919,8.376988,3.5975516,0.049268577
676025,0.781402587890625,35.38641,11.3565855,5.2791085,0.14918463
684217,0.80108642578125,92.771126,11.09095,5.8550005,0.06311232
684227,0.786956787109375,68.9765,6.4593663,2.138922,0.03100943
692976,0.746429443359375,35.463795,10.48102,5.5529914,0.15658198
700720,0.838592529296875,61.186726,5.943696,2.9780982,0.048672292
705913,0.78131103515625,79.37126,8.987149,2.7346148,0.034453463
753219,0.838592529296875,98.08566,10.42118,5.273627,0.05376552
759413,0.309967041015625,53.71517,8.800687,2.0385861,0.037951775
759423,0.79339599609375,73.86007,7.6161494,2.6469998,0.035838038
788577,0.3221435546875,50.20377,6.131367,1.9114721,0.038074274
788588,0.795166015625,73.60067,8.660856,3.098943,0.04210482
792876,0.69036865234375,33.21448,12.440944,6.774974,0.20397651
799052,0.726287841796875,61.86516,7.1359,4.8559337,0.07849222
827753,0.43829345703125,49.086338,4.4303465,1.4277056,0.0290856
945160,0.684844970703125,96.17811,14.65048,6.3113437,0.06562141
964607,0.7943115234375,34.858383,9.711669,4.052039,0.116242886
763662,0.93951416015625,72.04986,6.6781015,2.7577066,0.038274977
763663,0.9481201171875,68.70664,6.6722994,2.464481,0.03586962
763664,0.931427001953125,69.137215,7.213677,2.4255617,0.0350833
790688,0.8531494140625,48.474926,5.322707,1.3800647,0.028469661
790689,0.62347412109375,46.668674,3.5873427,1.1213692,0.024028307
790690,0.862030029296875,46.935886,3.7043293,1.1399956,0.024288356
790691,0.87725830078125,46.021465,3.6532066,1.2972386,0.028187685
790692,0.825439453125,45.266304,3.8063173,1.4157449,0.03127591
790698,0.7935791015625,63.249847,7.57803,2.6191237,0.04140917
790699,0.93023681640625,64.57323,6.3452516,1.9365547,0.029990057
790700,0.933074951171875,62.2819,5.4174104,2.062456,0.033114854
790701,0.97637939453125,63.296337,5.4331923,2.020707,0.031924546
790702,0.9351806640625,62.18682,5.203412,2.0034325,0.03221635
793927,0.940673828125,39.55661,12.242294,4.2101784,0.106434256
793928,0.936767578125,41.486935,12.983504,5.1830163,0.12493129
793930,0.94024658203125,40.47105,13.049533,5.1165166,0.12642412
793932,0.939544677734375,40.37006,12.926814,5.069382,0.12557282
794822,0.863800048828125,53.07737,7.0068645,2.274567,0.0428538
794824,0.694366455078125,42.705532,5.159177,1.8285327,0.04281723
794826,0.886444091796875,53.49117,7.0377398,2.2236044,0.04156956
798904,0.883514404296875,94.6205,13.093481,4.5458107,0.048042558
798905,0.877410888671875,90.9342,10.508641,4.6695004,0.05135032
798908,0.9384765625,87.71648,11.145233,4.427297,0.05047281
798909,0.929412841796875,85.91962,10.033756,4.746506,0.055243567
799853,0.96527099609375,55.193233,5.3541093,2.2331576,0.040460713
799854,0.92333984375,34.643806,3.1958187,1.6054277,0.046340976
799857,0.967926025390625,54.658825,5.3746047,2.2057476,0.04035483
799858,0.946807861328125,35.237743,3.4556727,1.6912972,0.047996752
820273,0.876800537109375,47.747173,4.133074,1.3207895,0.02766215
820274,0.79620361328125,44.554733,3.1862001,1.1446943,0.025691869
820275,0.819305419921875,47.355644,4.747187,1.2431511,0.026251381
820276,0.835968017578125,46.831528,4.5189238,1.2072781,0.025779175
820277,0.78070068359375,46.892582,4.6499496,1.4513041,0.030949544
820283,0.90313720703125,58.358654,5.720552,1.555697,0.02665752
820284,0.895050048828125,66.813324,6.134782,1.8030996,0.026987126
820285,0.9329833984375,65.29962,6.7821407,1.8502024,0.028334046
820286,0.476287841796875,66.69552,7.9824133,2.4793665,0.03717441
823514,0.81103515625,47.775623,6.0382805,1.6276579,0.034068793
823516,0.85137939453125,47.226685,5.8711658,1.5947281,0.03376752
823518,0.845794677734375,45.24799,5.5665903,1.4979895,0.03310621
826948,0.850555419921875,100.94848,11.455248,4.248684,0.042087648
826949,0.86492919921875,105.02233,11.765778,4.7069798,0.04481885
826952,0.57403564453125,85.34747,9.056544,3.4517698,0.040443726
826953,0.681976318359375,82.18727,7.85712,3.4006953,0.041377395
827934,0.907958984375,73.29951,7.4162936,2.8572764,0.03898084
827935,0.909942626953125,50.417347,4.7309775,2.376539,0.047137327
827938,0.948974609375,64.36712,6.3844614,2.6722858,0.04151632
827939,0.95257568359375,47.34619,4.2846704,1.9936668,0.042108282
859019,0.8798828125,48.54915,3.8385148,1.1423572,0.023529913
859020,0.842681884765625,49.422844,3.9447846,1.3665141,0.027649442
684280,0.78759765625,84.080284,9.539809,4.355118,0.051797133
684282,0.835174560546875,75.074,8.772058,4.206699,0.056034032
684284,0.8323974609375,70.01903,8.415833,2.816258,0.040221322
684286,0.7867431640625,67.12583,7.8914175,2.875303,0.042834524
684288,0.801666259765625,52.479156,7.994616,3.1178908,0.059411984
694844,0.8868408203125,81.81758,8.9892845,3.999898,0.048888
694854,0.910369873046875,72.16272,9.409643,3.4279606,0.047503207
701307,0.902252197265625,38.833687,3.450509,1.7351608,0.044681847
701309,0.916290283203125,40.12213,3.563751,1.6296357,0.040616877
706127,0.889862060546875,74.66964,7.074953,3.577149,0.047906335
706135,0.83636474609375,73.16759,7.419689,2.5503416,0.034856167
706143,0.8658447265625,30.871704,8.886483,3.6530144,0.11832889
725622,0.7427978515625,49.678432,4.0950904,1.4177569,0.02853868
725626,0.861602783203125,66.82205,6.0681205,2.2590766,0.033807352
730435,0.9119873046875,29.367855,9.334389,3.5531712,0.12098844
730610,0.844940185546875,73.01839,8.119479,2.9404109,0.040269457
730614,0.8868408203125,65.59453,6.988648,2.1857998,0.0333229
733029,0.874603271484375,87.725395,9.138586,4.081439,0.046525173
733034,0.88751220703125,72.079636,6.455999,3.0684326,0.042570036
755009,0.836822509765625,101.71697,11.158931,4.7104626,0.046309505
755014,0.838043212890625,83.935104,7.9157653,4.020013,0.0478943
758296,0.928131103515625,31.15171,9.055069,2.8045864,0.09002993
758844,0.87286376953125,70.858154,7.323333,2.7629192,0.038992256
1020322,0.860137939453125,87.201454,8.673058,4.4584517,0.051128183
1041451,0.783447265625,48.922913,9.192733,4.4395075,0.09074496
1041977,0.823638916015625,65.289566,8.660975,3.4253109,0.05246337
1042031,0.837982177734375,64.24214,3.6072073,1.1061763,0.017218858
1042213,0.8248291015625,92.60907,10.334199,5.352181,0.05779327
1043101,0.749786376953125,64.37136,3.829891,1.2342266,0.019173536
1043114,0.825439453125,99.266045,8.07456,2.0088308,0.020236837
1063844,0.857666015625,66.07718,4.552848,1.202654,0.018200748
1063854,0.88287353515625,103.18728,9.27065,2.5313785,0.024531886
1065254,0.76708984375,51.046864,12.463209,6.553946,0.12839077
1066012,0.515625,56.611683,7.3222275,2.8993988,0.051215556
1066016,0.813140869140625,61.684933,7.204057,2.900033,0.047013637
1067164,0.873504638671875,98.828354,13.232552,6.560059,0.06637831
683173,0.898101806640625,104.22227,13.2117,5.776489,0.05542471
683175,0.9117431640625,90.65143,11.406544,4.7320457,0.05220045
683177,0.926483154296875,56.4928,6.2273593,1.8180023,0.032181133
683179,0.902679443359375,69.65218,8.9643,2.8241713,0.040546775
683181,0.834075927734375,48.55995,6.4645014,2.3070416,0.04750914
696537,0.924285888671875,93.95335,12.214397,5.149556,0.054809716
696539,0.89019775390625,95.65725,12.901583,5.647204,0.05903582
696543,0.847442626953125,67.626274,7.29612,2.5022476,0.037001114
696545,0.89599609375,69.69752,7.4447803,2.6839187,0.038508095
696547,0.880340576171875,70.54789,7.7351456,3.2832701,0.046539593
696549,0.919769287109375,30.9997,9.560898,3.8161092,0.12310149
696552,0.9022216796875,30.800264,10.509639,3.6347172,0.118009284
701824,0.912139892578125,49.164307,6.4407473,2.3459578,0.047716685
701828,0.9134521484375,50.094013,5.6915617,1.9777396,0.039480556
709730,0.9246826171875,95.33653,12.6818905,4.036944,0.042344145
709736,0.8179931640625,59.90975,7.6185813,2.508492,0.04187118
709742,0.116363525390625,45.959087,3.154789,1.6231602,0.035317503
709743,0.75775146484375,63.163994,5.7703476,1.7881604,0.028309807
709745,0.709991455078125,63.50836,5.50899,1.5610993,0.024581004
754133,0.904876708984375,104.18998,12.122851,4.4887357,0.043082222
755971,0.904815673828125,32.635605,10.439496,3.6230032,0.11101382
756804,0.721588134765625,54.86086,6.650226,2.6701074,0.048670534
756806,0.874908447265625,49.39091,5.841698,2.0972302,0.042461865
756808,0.850067138671875,57.26731,6.939732,2.627955,0.045889266
757524,0.861907958984375,57.454235,5.4158697,2.1209316,0.03691515
757528,0.922332763671875,60.435925,5.6071515,2.222789,0.03677927
761484,0.8564453125,47.3223,4.131143,1.030659,0.021779561
761487,0.83856201171875,48.16155,5.044348,1.6528201,0.03431825
761494,0.289886474609375,66.64922,8.05953,3.3497949,0.050260074
761495,0.9310302734375,66.33522,6.0105743,1.583472,0.023870759
761496,0.909332275390625,64.32557,5.504743,1.6149073,0.025105216
824376,0.8380126953125,28.87786,9.778576,3.0211024,0.10461657
825112,0.8187255859375,70.29756,7.235092,2.2560275,0.03209254
825115,0.815704345703125,68.180664,7.246835,2.5411644,0.03727104
825118,0.84954833984375,66.02899,7.38272,2.407315,0.036458455
829045,0.896759033203125,85.97315,8.259052,3.3556657,0.039031554
829048,0.907379150390625,76.82359,6.8287687,2.7934637,0.036362056
829051,0.9000244140625,90.70229,9.350746,4.121436,0.04543916
829053,0.91802978515625,79.94229,7.4442763,3.0688882,0.038388796
830739,0.823089599609375,56.67354,5.4798465,2.1523278,0.03797765
830740,0.860076904296875,46.641804,3.4488728,1.6554037,0.035491847
830746,0.86328125,60.215145,6.1410255,2.5476866,0.04230973
830749,0.87237548828125,49.906075,4.067354,1.9953,0.039981104
830750,0.74310302734375,48.64242,3.6255288,0.9677185,0.019894537
830751,0.710968017578125,50.82899,5.099721,1.3759853,0.027070874
830753,0.556396484375,47.416683,3.023615,0.93300015,0.019676622
830754,0.755950927734375,48.33075,3.5423424,1.0553672,0.021836352
830785,0.894561767578125,71.35056,7.319456,1.8076501,0.02533477
830787,0.8760986328125,71.43392,7.9972467,2.236228,0.031304847
830788,0.879150390625,71.71494,10.321345,2.3308024,0.03250093
830790,0.83514404296875,70.9104,7.857033,2.0830247,0.029375447
830791,0.866546630859375,71.11836,6.965458,2.1829386,0.030694444
858164,0.54815673828125,47.998108,4.4697075,1.1035398,0.02299132
858165,0.45184326171875,47.246994,4.982312,1.1796434,0.024967587
858166,0.404541015625,46.557785,3.2139294,0.9614988,0.02065173
858167,0.54083251953125,46.447918,3.3180232,0.8854277,0.019062808
858168,0.355377197265625,48.36084,5.43242,1.2493695,0.025834322
858174,0.865936279296875,67.42612,6.6900377,1.7253051,0.025588082
858175,0.903900146484375,69.94338,6.2855625,1.6645243,0.023798168
858176,0.879302978515625,69.08205,6.520761,1.7539653,0.025389597
858177,0.89337158203125,66.04991,7.2476897,1.9168398,0.02902108
858178,0.88189697265625,68.27926,7.054239,2.0579684,0.030140461
861756,0.929046630859375,38.303387,11.09712,4.0924997,0.10684433
861757,0.927398681640625,35.985752,10.5423765,3.9811985,0.110632636
861758,0.9259033203125,35.623104,10.680577,4.0985265,0.11505248
861759,0.918243408203125,36.61614,10.485475,4.062006,0.11093485
862714,0.8677978515625,74.401215,7.420644,2.4398384,0.032792993
862716,0.85589599609375,71.05844,7.827964,2.4733422,0.034807157
862718,0.83306884765625,73.39761,7.1118474,2.334157,0.031801537
865112,0.915252685546875,93.215034,8.428953,3.496165,0.03750645
865113,0.91351318359375,89.59848,7.1733103,2.9087696,0.032464497
865116,0.907684326171875,93.79131,8.147688,3.5415854,0.037760273
865117,0.904052734375,94.097084,7.2340665,3.1238544,0.033198208
866305,0.893035888671875,60.147694,4.342265,2.2818546,0.037937526
866306,0.87042236328125,52.911438,2.4202032,1.6505727,0.031195007
866309,0.913726806640625,68.846,5.305411,2.357016,0.034236062
866310,0.900421142578125,61.594814,2.8729112,1.8251604,0.02963172
907372,0.684356689453125,44.067204,3.6676276,1.0841429,0.024602035
907373,0.626251220703125,46.41962,4.7396817,1.2954162,0.027906653
907374,0.328826904296875,43.974293,2.8993938,0.84296876,0.01916958
907375,0.59698486328125,44.89587,3.0065436,0.8501463,0.018935958
684613,0.929473876953125,100.898056,11.252779,5.5447083,0.054953568
684621,0.794830322265625,71.57251,8.4377365,3.7510793,0.0524095
695623,0.902099609375,53.834507,5.718493,2.3669562,0.04396727
695629,0.913299560546875,31.309687,7.6372633,3.0265405,0.09666467
724182,0.54718017578125,48.060234,4.9064474,1.0408305,0.021656793
724185,0.80303955078125,50.828835,4.997009,1.554585,0.030584706
724195,0.762298583984375,70.34193,7.8611817,2.5174303,0.035788476
724196,0.904144287109375,73.45941,6.2670836,1.692299,0.023037197
728647,0.9427490234375,49.107407,10.326396,3.7196229,0.075744644
729428,0.7694091796875,56.042995,5.492337,2.2483995,0.04011919
757902,0.680328369140625,33.990982,8.991618,4.289085,0.12618302
762763,0.653533935546875,51.508476,5.381683,1.7274404,0.03353701
762773,0.72955322265625,69.31143,8.391333,2.802006,0.040426318
762777,0.9451904296875,73.626144,8.254942,2.622678,0.035621557
793845,0.95068359375,35.40521,8.424874,3.7478502,0.1058559
794764,0.8916015625,69.06996,6.775142,2.509095,0.036326863
799792,0.932159423828125,36.001114,3.8845677,2.719845,0.07554892
827081,0.963836669921875,100.764206,8.379259,3.3724077,0.03346831
868614,0.381622314453125,75.22215,7.3391747,2.4304497,0.032310292
868615,0.5238037109375,69.56234,7.1387777,1.9770652,0.028421488
898439,0.511199951171875,61.569996,6.581822,2.3183415,0.037653755
898443,0.45709228515625,61.310658,5.829174,2.2081754,0.036016177
900902,0.944488525390625,49.619892,4.1096177,1.9911004,0.04012706
697799,0.79559326171875,111.39938,12.492943,5.3648076,0.048158325
697803,0.894866943359375,107.42329,11.51248,5.008248,0.04662162
697805,0.86016845703125,48.563473,3.9106195,1.7590499,0.036221664
697811,0.858489990234375,56.217445,9.34997,4.2074327,0.07484212
702216,0.647613525390625,58.796146,5.2304873,2.815544,0.04788654
707821,0.844512939453125,122.50916,11.705402,5.362302,0.04377062
707825,0.58489990234375,66.08692,6.562629,1.8933474,0.02864935
707827,0.7427978515625,74.31935,6.4168367,2.052733,0.027620437
707829,0.0,,,,
707830,0.64324951171875,51.997677,2.9898689,0.9465368,0.018203443
707831,0.67034912109375,52.8525,3.5250955,1.0398318,0.019674221
707832,0.648529052734375,80.04282,15.350416,3.4610467,0.043239936
707836,0.7174072265625,79.549,6.0005193,1.8993634,0.023876647
707839,0.77130126953125,79.75148,5.4206824,1.5042542,0.018861772
707840,0.8189697265625,49.095284,8.2656765,3.4894037,0.07107411
728116,0.793853759765625,60.53892,6.079655,1.6425767,0.027132573
731634,0.887298583984375,124.55061,10.838917,5.534183,0.044433206
756714,0.818695068359375,71.94438,7.2456565,2.4210393,0.033651542
761184,0.4337158203125,51.283283,4.124859,1.1049134,0.021545293
761194,0.5216064453125,79.86666,5.3300123,1.9220585,0.024065843
761195,0.8544921875,77.6675,6.7497206,1.9318616,0.024873488
761196,0.45977783203125,77.71426,4.6788464,1.8628612,0.023970649
797425,0.66070556640625,52.783,3.859283,0.87612206,0.016598566
797475,0.599517822265625,83.545685,8.688918,2.3914127,0.028624013
825341,0.883544921875,62.341324,5.5399995,1.7788072,0.028533356
831126,0.897125244140625,49.146103,3.56483,1.8733149,0.03811726
832047,0.25775146484375,51.53351,2.138913,0.8164878,0.015843824
869346,0.3265380859375,77.15411,3.8866758,1.1533073,0.014948099
872096,0.91363525390625,54.014496,4.040015,2.281483,0.042238347
907919,0.411468505859375,83.372765,6.3775764,1.3506666,0.016200334
938277,0.948638916015625,56.865177,7.816872,4.306672,0.07573479
697806,0.8916015625,83.0993,6.9836617,2.6695545,0.032124873
702215,0.833953857421875,40.504265,3.1121395,1.9289434,0.047623217
707824,0.883331298828125,81.84212,8.309242,2.5693278,0.03139371
707833,0.7779541015625,55.0222,3.81123,0.9571263,0.017395275
707834,0.24285888671875,83.11435,4.1573105,1.5868365,0.019092208
707835,0.68182373046875,55.604824,3.8230135,1.1372576,0.020452498
707837,0.37225341796875,53.271355,3.4310942,0.9677944,0.018167257
707838,0.43377685546875,84.952515,5.8498454,2.050823,0.024140816
707844,0.924102783203125,49.533867,8.508522,3.3324122,0.06727543
727327,0.944366455078125,56.36969,7.911885,3.815494,0.06768698
728115,0.852294921875,72.9368,7.3020606,1.9984814,0.02740018
731637,0.917266845703125,107.909904,7.319686,3.6427963,0.033757757
755844,0.94146728515625,61.19102,9.8044405,4.8593884,0.07941342
757435,0.870849609375,51.51146,2.594204,1.5553424,0.030194106
761189,0.517059326171875,52.435047,2.8411098,0.914935,0.01744892
761192,0.092071533203125,51.80643,1.5962081,0.93060464,0.01796311
761199,0.811065673828125,78.01155,4.770693,1.9655325,0.025195405
761200,0.402313232421875,83.628914,5.639776,2.507523,0.029983925
797431,0.7620849609375,53.421192,4.7759757,1.0301163,0.019282915
797545,0.764892578125,82.619896,7.8592587,2.6815567,0.03245655
832050,0.42877197265625,52.263702,3.346023,1.3177675,0.025213819
869351,0.299163818359375,81.83352,5.8814178,1.4351437,0.017537357
869352,0.82598876953125,83.81361,5.2996955,1.8813012,0.02244625
871630,0.8974609375,102.04781,8.959893,2.802331,0.02746096
907924,0.898345947265625,80.97537,4.795386,1.5538962,0.019189738
907925,0.3187255859375,84.09163,4.495192,1.3108753,0.015588654
941191,0.639678955078125,63.600067,3.2299728,1.2824461,0.020164227
941201,0.811187744140625,97.82232,6.468742,2.4022236,0.02455701
941205,0.6507568359375,100.43739,8.953985,2.127202,0.021179384
696910,0.89208984375,84.22099,8.830615,4.3542147,0.051699873
696916,0.55218505859375,86.82812,24.28834,5.271639,0.0607135
696918,0.6890869140625,78.86266,8.686507,2.8004797,0.03551084
696920,0.828857421875,91.87934,10.226211,3.5359612,0.038484834
696925,0.84942626953125,47.92121,10.76188,3.1853535,0.06647064
701943,0.7818603515625,40.183334,5.222227,3.427439,0.08529504
753502,0.781646728515625,103.998474,9.942581,3.4999046,0.033653423
755375,0.798797607421875,48.257153,11.517628,4.411906,0.09142491
760111,0.601165771484375,50.78212,5.038956,1.3955168,0.027480474
760121,0.7840576171875,75.655106,7.810212,2.2369223,0.029567366
1013737,0.808746337890625,100.38576,8.570925,3.0552099,0.030434694
1015667,0.8233642578125,64.60538,6.6718807,2.4028335,0.037192468
1039497,0.860198974609375,29.059603,7.5933614,3.1706917,0.109109946
1063361,0.75018310546875,56.701122,5.1455708,1.1001221,0.019402122
1063369,0.73944091796875,89.531075,8.785831,3.4859116,0.038935214
1065066,0.8717041015625,48.88034,13.398123,5.839732,0.119469956
1088800,0.793304443359375,103.02477,9.017331,4.0430965,0.039243925
1089932,0.828857421875,39.31624,11.958644,5.3215117,0.1353515
1091724,0.15228271484375,73.52124,8.424381,2.469933,0.033594824
1129721,0.766571044921875,95.49779,9.229265,3.8375945,0.04018517
1130139,0.87872314453125,41.110405,10.064297,4.5408473,0.11045494
1131499,0.83990478515625,89.82047,11.05366,4.89993,0.054552484
693567,0.893951416015625,85.65763,7.675914,3.0586634,0.035708006
693573,0.8197021484375,70.90596,6.7566147,1.914085,0.0269947
693582,0.8619384765625,48.71272,10.554917,3.4762273,0.0713618
700907,0.8292236328125,40.43876,3.0104895,1.554329,0.038436614
707879,0.88555908203125,82.75022,6.892771,2.5787928,0.031163575
707895,0.680572509765625,46.719204,3.1406476,1.0289278,0.02202366
707898,0.7626953125,64.742676,5.2875395,2.0488427,0.03164594
724820,0.805633544921875,50.9775,3.8203266,1.7195387,0.033731326
724827,0.83331298828125,74.65301,6.1849804,2.1432276,0.028709192
724830,0.525146484375,71.78376,9.938977,1.9171458,0.026707236
732706,0.798309326171875,95.0883,7.8736825,4.1757855,0.043914817
760750,0.725555419921875,49.877434,3.2965255,1.1974438,0.024007728
819459,0.624481201171875,46.62513,4.2623453,1.9485092,0.041790966
819469,0.80450439453125,70.67009,7.9739776,3.0580509,0.04327221
821621,0.821807861328125,40.70682,9.718333,3.8909786,0.09558542
868706,0.658538818359375,47.865562,3.6651454,1.6307898,0.03407021
940906,0.682769775390625,57.962723,3.7514455,1.3231894,0.022828283
940908,0.685211181640625,92.40298,9.546194,3.5263698,0.038162947
968538,0.854736328125,92.926414,9.077343,3.0748553,0.033089142
969972,0.53564453125,60.11668,7.386073,1.2324386,0.020500775
757846,0.870574951171875,65.62271,15.465301,4.811747,0.07332442
759052,0.8350830078125,55.39446,5.056544,2.575247,0.046489254
762632,0.503265380859375,51.008064,3.6591473,1.5456544,0.030302158
823633,0.933990478515625,81.317566,10.481066,2.915587,0.035854332
902479,0.72296142578125,72.983116,6.51818,1.8654181,0.025559584
906676,0.9364013671875,81.89464,6.1143036,2.540547,0.031022139
1041722,0.805419921875,25.503864,9.861775,5.881525,0.2306131
1042607,0.862548828125,98.88816,12.156183,6.300116,0.063709505
1044336,0.1190185546875,92.52231,10.070407,1.6411364,0.017737737
1044337,0.6160888671875,73.832825,11.709902,1.9921565,0.026981989
1085950,0.50799560546875,79.59762,13.073042,2.2860696,0.028720327
1086731,0.811370849609375,24.83774,9.863598,5.7079234,0.22980848
1131128,0.40093994140625,75.16075,11.787006,2.540675,0.033803213
710087,0.88385009765625,93.99907,10.560713,4.6882257,0.049875237
710095,0.80352783203125,65.89966,9.857863,3.503865,0.053169698
710103,0.83258056640625,45.02899,3.849165,1.8147603,0.040302042
725845,0.7025146484375,55.86959,10.597838,1.9803206,0.03544541
725850,0.849761962890625,78.627365,10.998568,2.7893994,0.03547619
730005,0.830963134765625,39.087772,8.653426,3.3946729,0.08684744
730711,0.809112548828125,60.16045,6.668991,2.4253306,0.04031437
766137,0.682037353515625,56.384,8.996936,1.9155406,0.033973124
766146,0.860687255859375,76.04311,10.143297,2.7807543,0.036568128
795233,0.872406005859375,43.497814,11.741407,5.6153464,0.12909491
831075,0.85272216796875,64.720566,6.749106,3.7618372,0.058124296
831076,0.835205078125,39.802433,3.5517983,2.5430882,0.06389278
831959,0.51953125,82.0222,9.1442,2.2204118,0.027070863
831960,0.910064697265625,86.30076,17.826656,2.7561355,0.0319364
872835,0.872314453125,35.311714,9.710937,4.659939,0.1319658
873632,0.449249267578125,75.82888,6.8813243,2.8877547,0.038082518
994761,0.8759765625,93.326294,9.666999,3.293982,0.035295326
996609,0.86065673828125,77.72498,9.517051,4.108212,0.052855745
1086402,0.74169921875,68.95705,4.835115,1.8209337,0.026406782
1086403,0.71112060546875,65.90704,4.361363,1.6638169,0.025244903
1086410,0.71832275390625,99.67788,7.9431925,2.479828,0.024878418
1086411,0.7469482421875,105.6448,9.985682,4.7216654,0.04469378
1086412,0.696685791015625,99.02164,9.435115,3.73543,0.03772337
1086967,0.639617919921875,42.589867,10.249571,5.593161,0.1313261
1087412,0.646881103515625,79.02642,8.419109,3.4673138,0.043875374
1087414,0.60443115234375,84.26189,8.785524,2.8725126,0.034090295
1087416,0.569183349609375,67.24766,6.880457,2.3096297,0.03434513
1088189,0.6966552734375,93.034035,12.438387,6.722773,0.07226144
1088190,0.739410400390625,106.00058,12.759383,6.5556335,0.06184526
1088191,0.73272705078125,103.828445,13.426476,7.40176,0.07128836
1103808,0.766632080078125,69.17511,4.7643933,2.0568123,0.029733416
1103809,0.7332763671875,66.13992,4.5511703,1.8803545,0.028429948
1103816,0.71148681640625,101.95612,10.727908,4.9470334,0.0485212
1103817,0.75994873046875,104.431854,10.52538,4.9187074,0.047099683
1103818,0.764068603515625,100.95327,9.997266,4.609214,0.045656905
1104788,0.72735595703125,42.63166,13.924736,8.518116,0.19980727
1105445,0.691253662109375,70.84168,9.66779,5.2339144,0.07388185
1105447,0.702606201171875,74.178955,10.494258,5.3067703,0.07154011
1105449,0.705047607421875,77.68199,10.753518,5.62336,0.0723895
1106488,0.736968994140625,95.094376,12.995232,6.682857,0.07027605
1106490,0.736114501953125,94.175446,13.371709,6.9676266,0.0739856
1106491,0.760406494140625,91.4155,13.7172985,7.6948967,0.08417497
1106493,0.744415283203125,94.464355,13.265935,7.069766,0.07484057
832188,0.63555908203125,52.93076,4.041536,1.4283125,0.026984546
832189,0.626373291015625,51.646336,4.6709185,1.732199,0.03353963
832195,0.64599609375,76.91336,6.7184253,2.6141064,0.033987675
832196,0.683441162109375,82.00049,8.827556,2.9771497,0.03630649
832197,0.661376953125,78.53751,8.221069,2.9518542,0.037585277
832198,0.6552734375,77.95622,8.341108,2.5949614,0.033287417
832199,0.61907958984375,74.62447,8.086803,2.6735878,0.035827223
1086972,0.6881103515625,41.989532,12.550508,6.508625,0.15500589
1087417,0.56817626953125,80.68562,9.424722,3.8744128,0.048018627
1103815,0.602752685546875,68.04066,4.5988173,1.9377327,0.028479042
1103821,0.666961669921875,99.06241,10.705707,4.696047,0.047404934
1104792,0.75018310546875,35.75421,14.502692,6.873545,0.19224435
710335,0.52679443359375,80.80999,10.104852,5.574503,0.06898285
710344,0.338348388671875,48.780735,4.929026,2.0370867,0.041760065
725956,0.5140380859375,54.02339,4.199411,1.5711459,0.029082697
725960,0.557525634765625,73.07669,7.9808655,2.9798498,0.04077702
730113,0.70672607421875,45.87961,13.672422,7.739326,0.16868772
733305,0.648040771484375,95.39294,10.461698,6.561513,0.06878406
766364,0.543304443359375,54.86435,5.354948,1.97241,0.03595067
766370,0.576568603515625,83.91373,8.867089,3.3508043,0.03993154
768860,0.53564453125,57.129272,4.610932,2.815485,0.049282704
797004,0.573394775390625,48.697857,14.454933,6.250214,0.1283468
824626,0.8974609375,68.23143,12.246426,5.6097775,0.08221691
831213,0.62042236328125,54.631924,4.76004,2.7344909,0.050052986
832191,0.483245849609375,53.297886,3.9893913,1.5588235,0.029247379
832204,0.678253173828125,78.769806,7.7816033,2.8133512,0.035716113
710767,0.823486328125,75.826675,8.628857,3.2242413,0.0425212
710788,0.595458984375,46.518192,3.6383054,1.290864,0.02774966
825590,0.81231689453125,71.77808,7.534348,2.4463103,0.03408158
903426,0.91058349609375,71.80853,7.3959594,2.0532994,0.028594088
904588,0.885833740234375,31.220623,8.498829,2.9358404,0.09403529
905632,0.916534423828125,97.98708,8.827732,4.2351594,0.043221608
906862,0.92694091796875,68.8262,5.4894547,2.6657536,0.03873167
721416,0.56475830078125,49.71496,4.081292,1.2195942,0.024531737
726938,0.869598388671875,47.520195,12.4033575,3.679739,0.07743527
731282,0.85498046875,100.496216,10.777117,3.950137,0.039306324
969332,0.84100341796875,88.680786,8.162714,2.4856908,0.028029643
969333,0.86102294921875,85.96119,7.1079845,1.8835108,0.021911178
969335,0.827423095703125,87.9425,8.728612,1.9428422,0.02209219
970762,0.512603759765625,57.711258,4.3316383,1.34946,0.02338296
970766,0.620330810546875,58.215084,3.8486881,1.2037958,0.020678418
971671,0.868133544921875,48.198334,13.671565,5.4295645,0.11265046
973523,0.872650146484375,79.92625,10.389396,4.125656,0.05161829
1014360,0.399658203125,62.137753,11.065742,1.4642795,0.023565054
1014372,0.705230712890625,90.73167,10.118082,2.6269534,0.028952993
1015304,0.76904296875,45.259007,11.218895,6.054234,0.1337686
1064341,0.430328369140625,108.2102,15.963522,1.949937,0.0180199
1066174,0.41009521484375,57.520466,4.551077,1.6995021,0.029546043
1083269,0.862091064453125,35.35916,8.639827,4.8605294,0.13746168
1085403,0.869873046875,102.36886,7.8293343,2.6478097,0.025865383
1085406,0.484619140625,103.52808,11.971522,1.92495,0.018593505
1087549,0.91143798828125,92.91218,8.51873,4.645388,0.049997624
936271,0.802703857421875,37.05197,11.169437,6.0234237,0.16256689
937761,0.456207275390625,90.19085,10.347008,3.0616076,0.033945877
942088,0.324310302734375,97.58192,7.2846875,1.7165964,0.017591337
942091,0.853607177734375,96.74234,12.415304,2.8965957,0.029941345
964907,0.889007568359375,41.04459,11.422391,5.98087,0.1457164
966123,0.849700927734375,87.71935,10.173051,5.3330784,0.060797054
1014368,0.32611083984375,66.443665,11.450565,2.0514674,0.03087529
1014380,0.827880859375,92.06432,12.176494,3.4287734,0.037243236
1034722,0.904022216796875,94.72501,14.665399,2.7422252,0.028949324
1037935,0.558837890625,81.39821,5.948135,2.5202432,0.0309619
1064346,0.425140380859375,100.28132,13.209553,2.0000415,0.019944308
1067479,0.58935546875,84.54355,9.854523,4.99105,0.059035253
1067482,0.418731689453125,78.72312,6.4174733,2.318024,0.029445274
1083305,0.813812255859375,32.36472,9.186413,5.0310693,0.15544918
1085401,0.271636962890625,64.11897,6.7137284,1.5720228,0.02451728
1085407,0.76690673828125,92.91699,7.368119,2.315616,0.024921339
1085411,0.5489501953125,95.20881,8.493905,2.0665128,0.02170506
1087555,0.94525146484375,80.59853,8.684111,4.7971992,0.059519686
936276,0.82843017578125,32.032047,8.688182,5.33563,0.16657162
937765,0.56707763671875,79.64385,8.124698,5.1003437,0.06403939
942092,0.030670166015625,67.33731,13.020178,1.0598686,0.015739692
942094,0.44207763671875,89.96707,9.634102,2.4254854,0.0269597
942097,0.861358642578125,97.641136,12.306173,2.8911645,0.029610107
966132,0.89349365234375,74.83899,6.6885805,3.4926302,0.046668593
938254,0.836029052734375,44.197556,13.03497,5.4071984,0.12234157
939286,0.53802490234375,84.05683,15.604192,2.9437568,0.03502103
964755,0.8365478515625,49.873196,13.94121,5.658836,0.113464475
967498,0.823577880859375,85.84989,9.106801,3.1863577,0.037115455
995362,0.847930908203125,88.3793,7.006107,1.9995099,0.022624187
997452,0.809478759765625,87.55423,10.3422985,4.5773873,0.052280597
938470,0.916839599609375,49.46893,11.678996,5.5403233,0.111996025
938497,0.909454345703125,52.65038,13.441508,6.129508,0.11641907
942868,0.86395263671875,110.37086,13.0950165,2.44434,0.022146607
942871,0.86669921875,108.64211,10.6053705,1.9505962,0.017954329
942874,0.94207763671875,106.99592,8.842137,2.767763,0.02586793
944371,0.947906494140625,74.140015,7.726853,2.9197729,0.039381877
944375,0.91339111328125,77.95359,7.8894563,3.0422075,0.03902588
948388,0.69281005859375,73.796936,7.9536586,1.7785699,0.024100864
948390,0.268218994140625,72.966095,8.765435,1.9463608,0.026674867
948391,0.611328125,72.104385,7.9058294,1.4222914,0.01972545
938514,0.9073486328125,55.77775,11.394784,5.4254217,0.09726857
942860,0.9019775390625,69.751114,4.8641276,1.2759115,0.018292345
942878,0.884765625,101.78812,10.273108,1.8562723,0.018236632
942880,0.905609130859375,103.18308,9.380254,2.8634076,0.027750747
942884,0.872711181640625,102.18516,8.996789,1.8479716,0.01808454
942886,0.91827392578125,101.73293,8.718022,2.7602491,0.027132306
943297,0.898651123046875,55.552418,10.9561205,5.0675354,0.09122079
944376,0.895751953125,83.472435,8.141678,2.5793953,0.030901162
945234,0.9112548828125,82.738716,8.8892145,4.443449,0.053704593
945238,0.9273681640625,77.15069,8.790763,4.1821284,0.054207273
948395,0.310760498046875,69.17185,5.895013,1.5693611,0.022687856
1017574,0.8690185546875,66.73202,4.5496283,1.8263885,0.027368998
1017593,0.912811279296875,90.53235,7.0004573,2.626969,0.02901691
1019175,0.9239501953125,64.374954,20.287216,7.803841,0.121224806
1019797,0.84515380859375,77.95884,8.970312,3.274932,0.042008474
1020468,0.9285888671875,100.7596,12.652304,6.0345335,0.059890408
994507,0.854705810546875,66.17188,3.6281066,1.4536633,0.021967992
994517,0.809478759765625,88.427864,6.720462,2.6714036,0.030209975
996038,0.908172607421875,49.273193,13.234933,5.744574,0.11658619
996558,0.830108642578125,77.466156,8.008403,2.8611028,0.036933586
997067,0.915283203125,88.479225,9.088171,5.069399,0.057294793
1009850,0.48822021484375,55.94487,10.572662,4.7692523,0.08524914
1011332,0.679931640625,105.31593,17.494436,6.0167646,0.05713062
1058664,0.506927490234375,76.29083,10.30459,4.094416,0.05366852
1060175,0.36700439453125,97.155914,15.826025,4.6946845,0.04832114
1060810,0.58038330078125,86.35293,9.821515,3.2859094,0.03805209
946353,0.56683349609375,93.465004,12.302307,3.7370749,0.03998368
946355,0.367950439453125,78.59799,15.08414,5.2569113,0.066883534
948081,0.276763916015625,97.93252,12.711254,6.277901,0.064104356
1010191,0.8663330078125,51.23936,13.2252655,4.1382556,0.08076321
1010802,0.8819580078125,69.64502,9.120096,2.1453342,0.030803842
1012905,0.81390380859375,67.29625,6.142558,1.4096705,0.020947237
1012908,0.86907958984375,69.980865,6.6964273,1.6014857,0.022884622
1012909,0.86334228515625,67.63987,6.204563,1.2033929,0.017791176
1012915,0.9083251953125,111.47386,11.773814,2.401662,0.02154462
1034754,0.863037109375,120.06333,13.324069,2.9548345,0.024610631
1034757,0.65325927734375,112.05195,12.937088,3.2528238,0.029029606
1034758,0.868865966796875,117.946365,13.02015,2.657158,0.022528527
1036721,0.672149658203125,59.04672,8.587468,3.374468,0.05714912
1057050,0.8782958984375,116.617516,12.749532,2.5093884,0.02151811
1058860,0.817596435546875,63.67325,8.594819,2.0421848,0.032072887
1105081,0.0,,,,
1105083,0.060516357421875,67.15986,5.867521,1.7564319,0.026153002
942629,0.85809326171875,68.29654,4.976649,1.4323531,0.020972557
942633,0.873291015625,68.08436,4.7976108,1.4112645,0.020728176
942642,0.86688232421875,112.56154,13.053621,3.6196811,0.032157354
942644,0.88360595703125,120.53395,10.55205,2.8173223,0.023373682
942647,0.8970947265625,116.74387,10.94323,2.6375942,0.022592999
944196,0.905609130859375,38.72583,12.255274,5.049815,0.13039915
945047,0.903167724609375,64.57996,9.202594,2.5884385,0.04008114
946588,0.9178466796875,94.14157,12.159575,3.8415391,0.04080598
962138,0.90850830078125,69.06123,5.6016493,1.4502069,0.020998856
962148,0.93206787109375,106.89654,10.455463,2.8185902,0.02636746
962853,0.907562255859375,39.775513,11.027374,4.2175603,0.10603409
963384,0.920013427734375,63.465187,8.679681,2.45095,0.038618807
964270,0.913665771484375,99.28765,12.749267,4.0126495,0.040414385
988194,0.888519287109375,40.18791,13.9662695,5.7875643,0.14401259
988806,0.837158203125,63.43836,8.662758,3.2858374,0.05179575
988810,0.797027587890625,63.71593,8.331824,3.0035806,0.04714018
989818,0.886932373046875,103.27688,13.760325,4.53887,0.043948557
989821,0.8829345703125,116.49022,15.051426,5.3970876,0.04633082
990823,0.857391357421875,68.82036,5.4180045,1.4830415,0.02154946
990825,0.87139892578125,67.43237,4.678551,1.0459503,0.0155111
990827,0.83135986328125,69.13476,5.0380692,1.4820799,0.02143755
990832,0.879913330078125,114.996605,10.695684,2.5815105,0.02244858
1010198,0.863189697265625,55.71971,16.052483,4.301174,0.077193044
1034760,0.63897705078125,108.42048,13.578265,3.158656,0.029133389
1036016,0.895965576171875,34.74761,10.418119,3.6128383,0.103973724
1037962,0.8680419921875,85.752914,12.312762,5.367668,0.062594585
1057046,0.835784912109375,65.079636,4.530989,1.3734187,0.021103663
1057054,0.88818359375,108.310814,10.560681,2.6308298,0.024289632
1057056,0.680450439453125,107.49473,11.427508,2.3423684,0.021790542
1059509,0.47723388671875,88.39085,11.666923,2.6087573,0.029513884
1059510,0.704345703125,85.7594,11.676598,5.3426867,0.062298555
1059512,0.842376708984375,85.20023,11.486824,4.609444,0.05410131
1102810,0.823974609375,69.79137,5.2935243,1.8828539,0.026978321
1102819,0.914306640625,113.726906,11.165809,3.2644584,0.028704364
1104337,0.8953857421875,35.86009,13.998224,6.544257,0.18249418
1105770,0.9228515625,96.93131,13.472945,5.837842,0.060226586
942648,0.871734619140625,116.52025,15.071045,3.9117887,0.03357175
944203,0.90216064453125,41.91259,15.248553,6.070704,0.14484201
946597,0.576171875,82.35752,10.264404,2.5956345,0.031516667
962860,0.9063720703125,56.38421,15.608574,2.6897995,0.04770484
988198,0.83270263671875,48.406216,18.074762,6.6370025,0.13711055
989827,0.91632080078125,92.623924,12.953733,4.7277036,0.051041927
990837,0.924072265625,110.24987,10.602406,2.2608619,0.020506708
1009917,0.8536376953125,51.955025,15.581166,6.8134007,0.13114037
1010601,0.6927490234375,71.47308,11.283488,5.4707932,0.076543406
1011408,0.8712158203125,75.9009,11.97778,6.197426,0.081651546
1012172,0.73699951171875,57.53826,5.492461,1.506135,0.026176235
1012175,0.53485107421875,58.403973,9.937583,1.9032017,0.032586854
1012191,0.750244140625,80.53149,14.470649,3.0117102,0.03739792
1018267,0.529541015625,72.054924,6.9385295,1.5158267,0.021037102
1018279,0.559814453125,114.151436,13.286626,4.7020507,0.04119134
1018280,0.460205078125,123.75663,8.4834795,2.6340325,0.021283971
1018281,0.36572265625,112.471214,10.545004,1.7214059,0.015305302
1018282,0.4501953125,119.69312,16.490242,2.9316335,0.024492916
1018283,0.569000244140625,123.06178,14.263785,3.2047756,0.026042005
1018284,0.548370361328125,122.170685,14.364692,3.1797652,0.026027236
1019387,0.493499755859375,39.71851,7.5968003,3.0142148,0.07588942
1019390,0.599884033203125,41.11762,10.868624,4.3911457,0.106794745
1019972,0.268310546875,61.826206,7.4976225,3.2233078,0.052134976
1020808,0.199249267578125,93.61587,11.212607,6.848639,0.07315682
1020809,0.506683349609375,96.3918,11.898643,5.3860655,0.055876803
1034369,0.387481689453125,72.968414,3.3906174,0.924008,0.012663123
1034383,0.52642822265625,113.906494,12.195053,3.4594047,0.030370567
1036615,0.3245849609375,57.371284,7.1282163,2.2111118,0.038540393
1036617,0.479461669921875,53.27611,5.9051237,2.3470123,0.044053745
1103556,0.5584716796875,73.1583,6.567291,2.3559568,0.032203548
1103567,0.686004638671875,96.41176,15.986275,3.5508182,0.03682972
1103568,0.678436279296875,113.12496,13.40231,2.5384,0.022438902
1103569,0.60174560546875,103.56203,12.192495,2.4180787,0.023349086
1105363,0.421844482421875,44.758156,3.9605458,1.1935117,0.026665794
1105365,0.350494384765625,60.542534,7.8384457,1.6884212,0.027888183
1034350,0.08673095703125,68.512665,3.2420554,1.2379674,0.018069176
1034361,0.580352783203125,103.61088,10.964327,1.744537,0.016837392
1036609,0.559173583984375,58.08585,7.132669,2.524553,0.043462444
1036611,0.34710693359375,64.82864,11.238095,2.236321,0.03449588
1037726,0.5419921875,102.03575,15.222409,4.512265,0.044222396
1064034,0.81439208984375,66.976654,5.6998434,1.5814341,0.023611723
1064042,0.76251220703125,101.83147,12.681847,3.4337852,0.033720277
1064044,0.805206298828125,100.681335,9.276247,3.1849093,0.031633563
1065335,0.623626708984375,37.212578,9.746943,3.1432567,0.08446759
1066075,0.396514892578125,70.08312,20.069202,2.3181505,0.033077158
1066079,0.514190673828125,71.413795,20.010996,2.876421,0.040278226
1088852,0.81353759765625,69.29946,6.614568,2.404853,0.034702335
1088860,0.819305419921875,103.06068,9.086892,3.1455219,0.030521067
1089963,0.8917236328125,36.749588,10.954881,4.144195,0.11276848
1090656,0.8848876953125,78.296524,9.199058,2.275278,0.029059758
1103912,0.54632568359375,67.90761,5.523268,1.6409533,0.024164498
1103920,0.819915771484375,89.125916,6.1990204,2.1896062,0.02456756
1104847,0.845733642578125,30.644608,11.378914,5.1364512,0.16761354
1126289,0.906768798828125,25.530273,10.031048,5.1415367,0.2013898
1128615,0.818389892578125,74.58493,6.0812354,1.7595747,0.023591558
1128626,0.836883544921875,113.33771,10.155803,3.2018194,0.028250257
1086667,0.699554443359375,41.799545,14.389072,6.3949413,0.15299068
1090208,0.8001708984375,68.85797,8.633037,2.5615048,0.03719983
1090210,0.799346923828125,68.72248,8.691851,2.4609478,0.035809938
1090874,0.532440185546875,75.92881,12.154735,2.6531608,0.034942742
1090875,0.504638671875,65.28792,9.450736,2.5548272,0.0391317
1090876,0.80908203125,80.11161,12.153476,4.691173,0.05855797
1081600,0.896026611328125,91.52962,8.565283,2.527377,0.027612668
1081607,0.216217041015625,61.73211,6.0839524,2.661669,0.043116443
1081610,0.45648193359375,61.60737,5.7456045,1.6864021,0.027373383
1083142,0.72265625,27.993328,11.665334,5.13147,0.18331048
1083857,0.82794189453125,72.91441,18.342447,4.223467,0.057923622
1083859,0.896942138671875,75.89412,6.2402983,3.109081,0.040966034
1083861,0.49981689453125,57.481133,5.0043373,1.6741797,0.029125726
1084829,0.9847412109375,78.61129,8.926593,4.505448,0.057312988
1084833,0.97576904296875,80.613846,8.455927,4.925518,0.06110015
1189964,0.75909423828125,98.86673,9.530953,4.30729,0.04356663
1192216,0.764556884765625,101.03217,12.4825535,4.731655,0.046833154
1192217,0.41241455078125,109.077774,16.785145,6.0403147,0.05537622
1192220,0.298187255859375,110.70484,16.070196,5.4699125,0.049409878
1192231,0.77337646484375,118.5936,15.309634,5.510147,0.04646243
1192238,0.1678466796875,104.36564,23.066456,8.647823,0.08286083
1192239,0.335693359375,100.67,18.522522,8.480596,0.08424154
1192244,0.68450927734375,106.037094,24.18016,4.93962,0.046583887
1192271,0.772857666015625,121.898994,12.387886,5.1876945,0.04255732
1192276,0.38372802734375,98.21369,16.632866,7.559088,0.07696573
1192279,0.361846923828125,96.692924,17.13662,6.8931293,0.07128887
1192284,0.623260498046875,106.88489,21.883211,5.4809203,0.05127872
1192288,0.795654296875,122.08557,12.084329,5.0956206,0.041738108
1148908,0.7646484375,78.16966,11.758071,6.3035836,0.08063977
1148945,0.335662841796875,69.67915,15.098979,7.232321,0.10379461
1148984,0.626068115234375,89.08725,13.252459,8.05692,0.09043853
1149068,0.409393310546875,82.5555,14.661041,7.144331,0.08653974
1149289,0.4039306640625,78.41115,9.724439,2.7537057,0.035118803
1151784,0.855499267578125,86.66147,14.448411,7.5156507,0.08672425
1152103,0.414520263671875,84.97674,12.2477455,3.880345,0.045663618
1152104,0.808868408203125,86.01139,10.127157,4.3131227,0.050145946
1152117,0.657196044921875,76.80483,14.32225,5.6492825,0.07355373
1152143,0.0,,,,
1152239,0.781982421875,90.550735,10.598795,4.820956,0.05324039
1152242,0.49896240234375,76.70942,11.992404,5.261858,0.06859468
1152243,0.662017822265625,87.887245,10.188557,4.3204036,0.049158484
1152268,0.526763916015625,81.20289,9.49531,4.377183,0.053904276
1152282,0.41229248046875,77.537674,9.756662,3.4462938,0.044446703
1152289,0.516082763671875,78.23736,8.876525,2.6758423,0.034201592
1155278,0.30206298828125,64.42979,13.158437,4.418739,0.06858224
1155279,0.696746826171875,79.21891,13.58073,7.220634,0.091147855
1155289,0.0,,,,
1155318,0.285186767578125,61.296844,9.693542,3.9422982,0.064314865
1155337,0.421661376953125,72.656296,12.6971245,5.958083,0.082003675
1155759,0.71929931640625,100.763176,12.112572,5.7024055,0.056592155
1155772,0.41168212890625,85.11275,12.372755,6.087859,0.071527
1157712,0.822967529296875,41.141953,13.063582,7.360791,0.17891206
1157721,0.83917236328125,41.106373,12.842885,7.7337966,0.18814106
1160829,0.796295166015625,49.409725,15.787235,8.753899,0.17716955
1160894,0.692657470703125,40.87853,14.971878,8.343605,0.20410727
1189974,0.7508544921875,83.9635,9.467176,4.392869,0.052318793
1189980,0.644500732421875,84.73223,12.059943,5.0745173,0.059888866
1190010,0.3333740234375,84.664406,16.09376,7.187941,0.08489921
1190031,0.289794921875,72.26632,9.556485,4.305962,0.059584633
1190548,0.737640380859375,43.815025,8.992423,3.4356222,0.07841197
