image_id_a,image_id_b,subject_a,subject_b,eye_a,eye_b,label,score
1192852,1192853,nd1S04261,nd1S04261,L,L,genuine,0.295432
209268,209271,nd1S04859,nd1S04859,R,R,genuine,0.340061
241318,241321,nd1S04649,nd1S04649,L,L,genuine,0.368237
1192851,1192852,nd1S04261,nd1S04261,L,L,genuine,0.375943
165161,165164,nd1S04667,nd1S04667,L,L,genuine,0.400708
1192851,1192853,nd1S04261,nd1S04261,L,L,genuine,0.402424
241316,241318,nd1S04649,nd1S04649,L,L,genuine,0.405748
1086712,1087836,nd1S04470,nd1S04470,L,L,genuine,0.407531
241316,241321,nd1S04649,nd1S04649,L,L,genuine,0.412897
1192850,1192853,nd1S04261,nd1S04261,L,L,genuine,0.413026
201606,201609,nd1S04667,nd1S04667,L,L,genuine,0.414884
241316,303666,nd1S04649,nd1S04649,L,L,genuine,0.419515
206659,207642,nd1S04505,nd1S04505,L,L,genuine,0.436113
661746,661749,nd1S04970,nd1S04970,R,R,genuine,0.436361
764467,764471,nd1S04418,nd1S04418,L,L,genuine,0.452926
170317,170318,nd1S04394,nd1S04394,R,R,genuine,0.457911
1192850,1192852,nd1S04261,nd1S04261,L,L,genuine,0.465717
240235,303666,nd1S04649,nd1S04649,L,L,genuine,0.478706
1058294,1058848,nd1S04394,nd1S04394,L,L,genuine,0.482117
160252,162040,nd1S04684,nd1S04684,L,L,genuine,0.488907
165161,201609,nd1S04667,nd1S04667,L,L,genuine,0.491747
165161,201606,nd1S04667,nd1S04667,L,L,genuine,0.495437
1192959,1192960,nd1S04261,nd1S04261,R,R,genuine,0.498433
1192850,1192851,nd1S04261,nd1S04261,L,L,genuine,0.499903
1192849,1192852,nd1S04261,nd1S04261,L,L,genuine,0.501447
241318,303666,nd1S04649,nd1S04649,L,L,genuine,0.506024
241321,303666,nd1S04649,nd1S04649,L,L,genuine,0.512956
209978,209979,nd1S04701,nd1S04701,R,R,genuine,0.515934
1059130,1087232,nd1S04470,nd1S04470,L,L,genuine,0.516409
187684,187714,nd1S04786,nd1S04786,L,L,genuine,0.516464
173640,177509,nd1S04394,nd1S04394,R,R,genuine,0.516888
165847,185568,nd1S04683,nd1S04683,L,L,genuine,0.527953
208443,209268,nd1S04859,nd1S04859,R,R,genuine,0.527983
173640,177718,nd1S04394,nd1S04394,R,R,genuine,0.530510
170317,177509,nd1S04394,nd1S04394,R,R,genuine,0.535894
661748,661749,nd1S04970,nd1S04970,R,R,genuine,0.540530
164341,165164,nd1S04667,nd1S04667,L,L,genuine,0.542879
1192849,1192851,nd1S04261,nd1S04261,L,L,genuine,0.546711
240235,241316,nd1S04649,nd1S04649,L,L,genuine,0.554833
187714,204364,nd1S04786,nd1S04786,L,L,genuine,0.561756
170318,173640,nd1S04394,nd1S04394,R,R,genuine,0.562987
764441,764442,nd1S04418,nd1S04418,L,L,genuine,0.565242
165442,166874,nd1S04851,nd1S04851,L,L,genuine,0.567893
1086712,1087232,nd1S04470,nd1S04470,L,L,genuine,0.569157
209979,210510,nd1S04701,nd1S04701,R,R,genuine,0.569397
1192849,1192853,nd1S04261,nd1S04261,L,L,genuine,0.569967
660597,660598,nd1S04970,nd1S04970,R,R,genuine,0.572499
209978,210510,nd1S04701,nd1S04701,R,R,genuine,0.574824
208443,209271,nd1S04859,nd1S04859,R,R,genuine,0.574932
1192959,1192961,nd1S04261,nd1S04261,R,R,genuine,0.577725
1059130,1086712,nd1S04470,nd1S04470,L,L,genuine,0.581641
187683,187714,nd1S04786,nd1S04786,L,L,genuine,0.583563
164341,165161,nd1S04667,nd1S04667,L,L,genuine,0.585504
160356,185551,nd1S04683,nd1S04683,L,L,genuine,0.585811
160356,165847,nd1S04683,nd1S04683,L,L,genuine,0.587881
164341,201609,nd1S04667,nd1S04667,L,L,genuine,0.588946
1192849,1192850,nd1S04261,nd1S04261,L,L,genuine,0.590171
240235,241321,nd1S04649,nd1S04649,L,L,genuine,0.592439
160356,185568,nd1S04683,nd1S04683,L,L,genuine,0.593315
1087232,1087836,nd1S04470,nd1S04470,L,L,genuine,0.594172
208382,209978,nd1S04701,nd1S04701,R,R,genuine,0.594954
177509,177718,nd1S04394,nd1S04394,R,R,genuine,0.596799
170317,173640,nd1S04394,nd1S04394,R,R,genuine,0.596811
240235,241318,nd1S04649,nd1S04649,L,L,genuine,0.597647
1059130,1087836,nd1S04470,nd1S04470,L,L,genuine,0.598337
206659,206660,nd1S04505,nd1S04505,L,L,genuine,0.602464
162039,162040,nd1S04684,nd1S04684,L,L,genuine,0.602949
161092,161093,nd1S04684,nd1S04684,L,L,genuine,0.603131
1192960,1192961,nd1S04261,nd1S04261,R,R,genuine,0.603183
208381,209978,nd1S04701,nd1S04701,R,R,genuine,0.603740
187683,204364,nd1S04786,nd1S04786,L,L,genuine,0.604522
165164,201609,nd1S04667,nd1S04667,L,L,genuine,0.607185
1192961,1192962,nd1S04261,nd1S04261,R,R,genuine,0.608163
208381,208382,nd1S04701,nd1S04701,R,R,genuine,0.623080
206660,207642,nd1S04505,nd1S04505,L,L,genuine,0.624702
208381,209979,nd1S04701,nd1S04701,R,R,genuine,0.628498
170318,177509,nd1S04394,nd1S04394,R,R,genuine,0.631234
160252,162039,nd1S04684,nd1S04684,L,L,genuine,0.634233
165164,201606,nd1S04667,nd1S04667,L,L,genuine,0.634710
207642,216438,nd1S04505,nd1S04505,L,L,genuine,0.635050
160252,161092,nd1S04684,nd1S04684,L,L,genuine,0.637264
209267,209271,nd1S04859,nd1S04859,R,R,genuine,0.644171
164341,201606,nd1S04667,nd1S04667,L,L,genuine,0.644792
208382,210510,nd1S04701,nd1S04701,R,R,genuine,0.645147
170318,177718,nd1S04394,nd1S04394,R,R,genuine,0.645258
209267,209268,nd1S04859,nd1S04859,R,R,genuine,0.647220
173528,176428,nd1S04917,nd1S04917,R,R,genuine,0.654266
206659,216438,nd1S04505,nd1S04505,L,L,genuine,0.654589
165847,185551,nd1S04683,nd1S04683,L,L,genuine,0.656502
208441,208443,nd1S04859,nd1S04859,R,R,genuine,0.660259
170377,201324,nd1S04917,nd1S04917,R,R,genuine,0.660587
208382,209979,nd1S04701,nd1S04701,R,R,genuine,0.663271
661746,661748,nd1S04970,nd1S04970,R,R,genuine,0.664376
660597,661749,nd1S04970,nd1S04970,R,R,genuine,0.665788
208441,209268,nd1S04859,nd1S04859,R,R,genuine,0.669189
187654,187714,nd1S04786,nd1S04786,L,L,genuine,0.671112
170377,173528,nd1S04917,nd1S04917,R,R,genuine,0.679603
660598,661746,nd1S04970,nd1S04970,R,R,genuine,0.679712
161093,162040,nd1S04684,nd1S04684,L,L,genuine,0.680253
170377,176428,nd1S04917,nd1S04917,R,R,genuine,0.683121
160439,165442,nd1S04851,nd1S04851,L,L,genuine,0.688092
185551,185568,nd1S04683,nd1S04683,L,L,genuine,0.688275
187683,187684,nd1S04786,nd1S04786,L,L,genuine,0.688300
165846,185568,nd1S04683,nd1S04683,L,L,genuine,0.691273
160356,165846,nd1S04683,nd1S04683,L,L,genuine,0.691699
161092,162040,nd1S04684,nd1S04684,L,L,genuine,0.692503
170317,177718,nd1S04394,nd1S04394,R,R,genuine,0.693003
208441,209267,nd1S04859,nd1S04859,R,R,genuine,0.695027
660597,661748,nd1S04970,nd1S04970,R,R,genuine,0.696402
201709,374094,nd1S04701,nd1S04701,L,L,genuine,0.696726
208443,209267,nd1S04859,nd1S04859,R,R,genuine,0.704543
660597,661746,nd1S04970,nd1S04970,R,R,genuine,0.706535
660598,661748,nd1S04970,nd1S04970,R,R,genuine,0.709181
160252,161093,nd1S04684,nd1S04684,L,L,genuine,0.709345
660598,661749,nd1S04970,nd1S04970,R,R,genuine,0.713095
187684,204364,nd1S04786,nd1S04786,L,L,genuine,0.722896
704265,764471,nd1S04418,nd1S04418,L,L,genuine,0.724605
165846,165847,nd1S04683,nd1S04683,L,L,genuine,0.725904
196865,217458,nd1S04714,nd1S04714,R,R,genuine,0.729017
208381,210510,nd1S04701,nd1S04701,R,R,genuine,0.729874
208441,209271,nd1S04859,nd1S04859,R,R,genuine,0.733026
216438,216439,nd1S04505,nd1S04505,L,L,genuine,0.739351
187654,187684,nd1S04786,nd1S04786,L,L,genuine,0.741011
161092,162039,nd1S04684,nd1S04684,L,L,genuine,0.741592
206659,216439,nd1S04505,nd1S04505,L,L,genuine,0.752098
177120,217458,nd1S04714,nd1S04714,R,R,genuine,0.753209
160439,166874,nd1S04851,nd1S04851,L,L,genuine,0.767468
207642,216439,nd1S04505,nd1S04505,L,L,genuine,0.769665
201709,205864,nd1S04701,nd1S04701,L,L,genuine,0.769854
177120,196910,nd1S04714,nd1S04714,R,R,genuine,0.770205
162945,165442,nd1S04851,nd1S04851,L,L,genuine,0.770983
201709,374089,nd1S04701,nd1S04701,L,L,genuine,0.773947
206660,216438,nd1S04505,nd1S04505,L,L,genuine,0.794390
170377,201325,nd1S04917,nd1S04917,R,R,genuine,0.799325
704265,764467,nd1S04418,nd1S04418,L,L,genuine,0.803445
165846,185551,nd1S04683,nd1S04683,L,L,genuine,0.803486
1192959,1192962,nd1S04261,nd1S04261,R,R,genuine,0.804205
1192960,1192962,nd1S04261,nd1S04261,R,R,genuine,0.805322
187654,204364,nd1S04786,nd1S04786,L,L,genuine,0.806377
162945,166874,nd1S04851,nd1S04851,L,L,genuine,0.811695
764442,764467,nd1S04418,nd1S04418,L,L,genuine,0.815946
177120,662843,nd1S04714,nd1S04714,R,R,genuine,0.821697
187654,187683,nd1S04786,nd1S04786,L,L,genuine,0.823152
196910,662843,nd1S04714,nd1S04714,R,R,genuine,0.833871
217458,662843,nd1S04714,nd1S04714,R,R,genuine,0.838326
1192961,1192966,nd1S04261,nd1S04261,R,R,genuine,0.842110
176428,201324,nd1S04917,nd1S04917,R,R,genuine,0.845596
206660,216439,nd1S04505,nd1S04505,L,L,genuine,0.849540
1057029,1058294,nd1S04394,nd1S04394,L,L,genuine,0.850490
161093,162039,nd1S04684,nd1S04684,L,L,genuine,0.851438
374089,374108,nd1S04701,nd1S04701,L,L,genuine,0.852372
173528,201324,nd1S04917,nd1S04917,R,R,genuine,0.854850
160439,162945,nd1S04851,nd1S04851,L,L,genuine,0.855556
1057029,1058848,nd1S04394,nd1S04394,L,L,genuine,0.856486
201709,374108,nd1S04701,nd1S04701,L,L,genuine,0.859363
1192962,1192966,nd1S04261,nd1S04261,R,R,genuine,0.865360
205864,374094,nd1S04701,nd1S04701,L,L,genuine,0.866670
162945,164577,nd1S04851,nd1S04851,L,L,genuine,0.878341
177120,196865,nd1S04714,nd1S04714,R,R,genuine,0.879371
201324,201325,nd1S04917,nd1S04917,R,R,genuine,0.885143
374089,374094,nd1S04701,nd1S04701,L,L,genuine,0.885171
1192959,1192966,nd1S04261,nd1S04261,R,R,genuine,0.904069
764442,764471,nd1S04418,nd1S04418,L,L,genuine,0.904308
374094,374108,nd1S04701,nd1S04701,L,L,genuine,0.904454
1192960,1192966,nd1S04261,nd1S04261,R,R,genuine,0.905790
196910,217458,nd1S04714,nd1S04714,R,R,genuine,0.913772
1085920,1087836,nd1S04470,nd1S04470,L,L,genuine,0.920711
205864,374089,nd1S04701,nd1S04701,L,L,genuine,0.924313
173528,201325,nd1S04917,nd1S04917,R,R,genuine,0.931356
764441,764467,nd1S04418,nd1S04418,L,L,genuine,0.934675
196865,662843,nd1S04714,nd1S04714,R,R,genuine,0.942962
176428,201325,nd1S04917,nd1S04917,R,R,genuine,0.946381
1085920,1086712,nd1S04470,nd1S04470,L,L,genuine,0.947674
160439,164577,nd1S04851,nd1S04851,L,L,genuine,0.958646
1057020,1057029,nd1S04394,nd1S04394,L,L,genuine,0.966368
205864,374108,nd1S04701,nd1S04701,L,L,genuine,0.991856
764441,764471,nd1S04418,nd1S04418,L,L,genuine,1.013985
1085920,1087232,nd1S04470,nd1S04470,L,L,genuine,1.016656
1059130,1085920,nd1S04470,nd1S04470,L,L,genuine,1.037097
196865,196910,nd1S04714,nd1S04714,R,R,genuine,1.061189
164577,165442,nd1S04851,nd1S04851,L,L,genuine,1.075789
704265,764442,nd1S04418,nd1S04418,L,L,genuine,1.109851
164577,166874,nd1S04851,nd1S04851,L,L,genuine,1.116327
1057020,1058294,nd1S04394,nd1S04394,L,L,genuine,1.187811
1013666,1038326,nd1S02463,nd1S02463,L,L,genuine,1.195502
1057020,1057021,nd1S04394,nd1S04394,L,L,genuine,1.204837
1057021,1057029,nd1S04394,nd1S04394,L,L,genuine,1.227938
1038326,1063964,nd1S02463,nd1S02463,L,L,genuine,1.238337
704265,764441,nd1S04418,nd1S04418,L,L,genuine,1.244630
1057020,1058848,nd1S04394,nd1S04394,L,L,genuine,1.253967
162040,177120,nd1S04684,nd1S04714,L,R,impostor,1.311877
162040,165164,nd1S04684,nd1S04667,L,L,impostor,1.317617
1013666,1063964,nd1S02463,nd1S02463,L,L,genuine,1.317735
1013655,1038326,nd1S02463,nd1S02463,L,L,genuine,1.327354
162040,196865,nd1S04684,nd1S04714,L,R,impostor,1.335209
161092,177120,nd1S04684,nd1S04714,L,R,impostor,1.341134
161093,165164,nd1S04684,nd1S04667,L,L,impostor,1.342498
1192850,164577,nd1S04261,nd1S04851,L,L,impostor,1.344430
1038326,764442,nd1S02463,nd1S04418,L,L,impostor,1.350462
161092,662843,nd1S04684,nd1S04714,L,R,impostor,1.354093
162040,165161,nd1S04684,nd1S04667,L,L,impostor,1.355670
1192849,164577,nd1S04261,nd1S04851,L,L,impostor,1.355953
1192851,164577,nd1S04261,nd1S04851,L,L,impostor,1.357456
1192853,164577,nd1S04261,nd1S04851,L,L,impostor,1.358024
1015652,1038326,nd1S02463,nd1S02463,L,L,genuine,1.360177
196865,764442,nd1S04714,nd1S04418,R,L,impostor,1.360701
1192852,164577,nd1S04261,nd1S04851,L,L,impostor,1.360731
162039,177120,nd1S04684,nd1S04714,L,R,impostor,1.361609
1013655,1063964,nd1S02463,nd1S02463,L,L,genuine,1.361646
162039,662843,nd1S04684,nd1S04714,L,R,impostor,1.363707
208441,209978,nd1S04859,nd1S04701,R,R,impostor,1.366982
161092,196910,nd1S04684,nd1S04714,L,R,impostor,1.367718
1057029,209271,nd1S04394,nd1S04859,L,R,impostor,1.368630
161093,165161,nd1S04684,nd1S04667,L,L,impostor,1.369548
1057029,209268,nd1S04394,nd1S04859,L,R,impostor,1.370268
162040,217458,nd1S04684,nd1S04714,L,R,impostor,1.371073
162039,196865,nd1S04684,nd1S04714,L,R,impostor,1.373682
160252,177120,nd1S04684,nd1S04714,L,R,impostor,1.375179
1013655,160439,nd1S02463,nd1S04851,L,L,impostor,1.381289
162040,662843,nd1S04684,nd1S04714,L,R,impostor,1.381453
206660,209979,nd1S04505,nd1S04701,L,R,impostor,1.381785
1038326,764441,nd1S02463,nd1S04418,L,L,impostor,1.382462
217458,764442,nd1S04714,nd1S04418,R,L,impostor,1.383095
1013655,1057020,nd1S02463,nd1S04394,L,L,impostor,1.384596
206659,209979,nd1S04505,nd1S04701,L,R,impostor,1.385011
161093,206660,nd1S04684,nd1S04505,L,L,impostor,1.387056
160252,165164,nd1S04684,nd1S04667,L,L,impostor,1.387365
177718,205864,nd1S04394,nd1S04701,R,L,impostor,1.390003
1057029,208443,nd1S04394,nd1S04859,L,R,impostor,1.390604
209979,216438,nd1S04701,nd1S04505,R,L,impostor,1.391208
162040,164341,nd1S04684,nd1S04667,L,L,impostor,1.392380
1063964,764441,nd1S02463,nd1S04418,L,L,impostor,1.392419
1015652,185568,nd1S02463,nd1S04683,L,L,impostor,1.393224
1057021,162945,nd1S04394,nd1S04851,L,L,impostor,1.393440
206660,208381,nd1S04505,nd1S04701,L,R,impostor,1.394139
1015652,201324,nd1S02463,nd1S04917,L,R,impostor,1.394741
206659,208382,nd1S04505,nd1S04701,L,R,impostor,1.395001
161092,165164,nd1S04684,nd1S04667,L,L,impostor,1.395094
1038326,164577,nd1S02463,nd1S04851,L,L,impostor,1.396385
1058848,764471,nd1S04394,nd1S04418,L,L,impostor,1.398364
1013666,661748,nd1S02463,nd1S04970,L,R,impostor,1.398507
206660,208382,nd1S04505,nd1S04701,L,R,impostor,1.399644
206660,209978,nd1S04505,nd1S04701,L,R,impostor,1.400193
206659,209978,nd1S04505,nd1S04701,L,R,impostor,1.400379
1013655,1057021,nd1S02463,nd1S04394,L,L,impostor,1.400714
1057029,209267,nd1S04394,nd1S04859,L,R,impostor,1.403198
206660,210510,nd1S04505,nd1S04701,L,R,impostor,1.404172
1013666,661749,nd1S02463,nd1S04970,L,R,impostor,1.404323
161092,196865,nd1S04684,nd1S04714,L,R,impostor,1.405396
165442,241316,nd1S04851,nd1S04649,L,L,impostor,1.405556
1015652,1087232,nd1S02463,nd1S04470,L,L,impostor,1.406465
162040,196910,nd1S04684,nd1S04714,L,R,impostor,1.406987
162040,165846,nd1S04684,nd1S04683,L,L,impostor,1.407128
176428,764467,nd1S04917,nd1S04418,R,L,impostor,1.407193
1015652,170377,nd1S02463,nd1S04917,L,R,impostor,1.407929
1038326,217458,nd1S02463,nd1S04714,L,R,impostor,1.408346
1013666,764471,nd1S02463,nd1S04418,L,L,impostor,1.408396
162039,196910,nd1S04684,nd1S04714,L,R,impostor,1.408538
1057020,764442,nd1S04394,nd1S04418,L,L,impostor,1.408909
176428,764471,nd1S04917,nd1S04418,R,L,impostor,1.409212
1058848,704265,nd1S04394,nd1S04418,L,L,impostor,1.409232
164341,303666,nd1S04667,nd1S04649,L,L,impostor,1.409392
1058294,764471,nd1S04394,nd1S04418,L,L,impostor,1.410417
1013655,764441,nd1S02463,nd1S04418,L,L,impostor,1.410536
208382,216438,nd1S04701,nd1S04505,R,L,impostor,1.410560
204364,208381,nd1S04786,nd1S04701,L,R,impostor,1.411064
166874,241318,nd1S04851,nd1S04649,L,L,impostor,1.411593
161093,662843,nd1S04684,nd1S04714,L,R,impostor,1.412439
208441,209979,nd1S04859,nd1S04701,R,R,impostor,1.412502
1013655,208443,nd1S02463,nd1S04859,L,R,impostor,1.412507
161093,164341,nd1S04684,nd1S04667,L,L,impostor,1.412725
165442,241318,nd1S04851,nd1S04649,L,L,impostor,1.415866
1038326,177120,nd1S02463,nd1S04714,L,R,impostor,1.416004
1192959,165846,nd1S04261,nd1S04683,R,L,impostor,1.416733
162039,217458,nd1S04684,nd1S04714,L,R,impostor,1.417574
161093,177120,nd1S04684,nd1S04714,L,R,impostor,1.417641
1015652,201325,nd1S02463,nd1S04917,L,R,impostor,1.418154
1013655,165442,nd1S02463,nd1S04851,L,L,impostor,1.419028
1013655,1013666,nd1S02463,nd1S02463,L,L,genuine,1.419135
160252,196865,nd1S04684,nd1S04714,L,R,impostor,1.419138
209978,216438,nd1S04701,nd1S04505,R,L,impostor,1.419496
209979,216439,nd1S04701,nd1S04505,R,L,impostor,1.419591
160439,162039,nd1S04851,nd1S04684,L,L,impostor,1.420331
207642,209979,nd1S04505,nd1S04701,L,R,impostor,1.420405
1192959,185568,nd1S04261,nd1S04683,R,L,impostor,1.420678
165846,660598,nd1S04683,nd1S04970,L,R,impostor,1.420858
1038326,196910,nd1S02463,nd1S04714,L,R,impostor,1.420937
1057021,164577,nd1S04394,nd1S04851,L,L,impostor,1.421264
161092,165161,nd1S04684,nd1S04667,L,L,impostor,1.421513
1192960,185568,nd1S04261,nd1S04683,R,L,impostor,1.421634
196865,764441,nd1S04714,nd1S04418,R,L,impostor,1.422409
1057021,165442,nd1S04394,nd1S04851,L,L,impostor,1.422487
160252,160439,nd1S04684,nd1S04851,L,L,impostor,1.422925
1015652,176428,nd1S02463,nd1S04917,L,R,impostor,1.423349
1192850,166874,nd1S04261,nd1S04851,L,L,impostor,1.423612
1015652,210510,nd1S02463,nd1S04701,L,R,impostor,1.423856
204364,209979,nd1S04786,nd1S04701,L,R,impostor,1.423871
161093,201609,nd1S04684,nd1S04667,L,L,impostor,1.424496
1192849,165442,nd1S04261,nd1S04851,L,L,impostor,1.425199
1192960,165846,nd1S04261,nd1S04683,R,L,impostor,1.425333
165164,303666,nd1S04667,nd1S04649,L,L,impostor,1.425811
165161,177120,nd1S04667,nd1S04714,L,R,impostor,1.425859
204364,208382,nd1S04786,nd1S04701,L,R,impostor,1.426368
207642,208382,nd1S04505,nd1S04701,L,R,impostor,1.426422
1013655,764442,nd1S02463,nd1S04418,L,L,impostor,1.426527
160252,374089,nd1S04684,nd1S04701,L,L,impostor,1.426572
165846,196865,nd1S04683,nd1S04714,L,R,impostor,1.426577
165164,177120,nd1S04667,nd1S04714,L,R,impostor,1.427150
1015652,209979,nd1S02463,nd1S04701,L,R,impostor,1.427427
160252,206660,nd1S04684,nd1S04505,L,L,impostor,1.427599
1013666,661746,nd1S02463,nd1S04970,L,R,impostor,1.428131
1063964,661748,nd1S02463,nd1S04970,L,R,impostor,1.428132
161093,207642,nd1S04684,nd1S04505,L,L,impostor,1.428646
217458,764441,nd1S04714,nd1S04418,R,L,impostor,1.428705
1192962,170317,nd1S04261,nd1S04394,R,R,impostor,1.429214
1063964,764442,nd1S02463,nd1S04418,L,L,impostor,1.429354
1192850,165442,nd1S04261,nd1S04851,L,L,impostor,1.429363
166874,241316,nd1S04851,nd1S04649,L,L,impostor,1.429432
1087836,160356,nd1S04470,nd1S04683,L,L,impostor,1.429573
162039,165164,nd1S04684,nd1S04667,L,L,impostor,1.429624
204364,206659,nd1S04786,nd1S04505,L,L,impostor,1.429861
160356,161093,nd1S04683,nd1S04684,L,L,impostor,1.430149
1063964,661749,nd1S02463,nd1S04970,L,R,impostor,1.430311
164341,241316,nd1S04667,nd1S04649,L,L,impostor,1.430559
185551,196865,nd1S04683,nd1S04714,L,R,impostor,1.430563
173640,205864,nd1S04394,nd1S04701,R,L,impostor,1.430709
1192961,162945,nd1S04261,nd1S04851,R,L,impostor,1.431075
187683,209979,nd1S04786,nd1S04701,L,R,impostor,1.431176
1087836,165847,nd1S04470,nd1S04683,L,L,impostor,1.431208
1058294,704265,nd1S04394,nd1S04418,L,L,impostor,1.431394
160356,162040,nd1S04683,nd1S04684,L,L,impostor,1.431887
201609,303666,nd1S04667,nd1S04649,L,L,impostor,1.431982
208441,210510,nd1S04859,nd1S04701,R,R,impostor,1.432412
1013666,1015652,nd1S02463,nd1S02463,L,L,genuine,1.432649
201609,241316,nd1S04667,nd1S04649,L,L,impostor,1.432787
1015652,1087836,nd1S02463,nd1S04470,L,L,impostor,1.432856
1057020,160439,nd1S04394,nd1S04851,L,L,impostor,1.433006
173528,764467,nd1S04917,nd1S04418,R,L,impostor,1.433367
206659,210510,nd1S04505,nd1S04701,L,R,impostor,1.433919
206659,208381,nd1S04505,nd1S04701,L,R,impostor,1.433934
161093,196865,nd1S04684,nd1S04714,L,R,impostor,1.434069
170317,205864,nd1S04394,nd1S04701,R,L,impostor,1.434126
1192850,160439,nd1S04261,nd1S04851,L,L,impostor,1.434350
160252,165161,nd1S04684,nd1S04667,L,L,impostor,1.434369
1192961,164577,nd1S04261,nd1S04851,R,L,impostor,1.434492
187683,208381,nd1S04786,nd1S04701,L,R,impostor,1.434513
1057021,160439,nd1S04394,nd1S04851,L,L,impostor,1.434573
187714,208382,nd1S04786,nd1S04701,L,R,impostor,1.435101
208382,208441,nd1S04701,nd1S04859,R,R,impostor,1.435365
1038326,662843,nd1S02463,nd1S04714,L,R,impostor,1.435524
173528,764471,nd1S04917,nd1S04418,R,L,impostor,1.436095
1057029,764471,nd1S04394,nd1S04418,L,L,impostor,1.436428
1057020,209271,nd1S04394,nd1S04859,L,R,impostor,1.436632
206659,660598,nd1S04505,nd1S04970,L,R,impostor,1.436735
1192849,166874,nd1S04261,nd1S04851,L,L,impostor,1.436760
161093,201606,nd1S04684,nd1S04667,L,L,impostor,1.436900
201325,764441,nd1S04917,nd1S04418,R,L,impostor,1.436914
1015652,208381,nd1S02463,nd1S04701,L,R,impostor,1.437028
165846,660597,nd1S04683,nd1S04970,L,R,impostor,1.437300
1192960,170317,nd1S04261,nd1S04394,R,R,impostor,1.437338
1057021,374108,nd1S04394,nd1S04701,L,L,impostor,1.437681
210510,216438,nd1S04701,nd1S04505,R,L,impostor,1.437836
161092,208443,nd1S04684,nd1S04859,L,R,impostor,1.438584
1013655,170377,nd1S02463,nd1S04917,L,R,impostor,1.438660
1057021,764442,nd1S04394,nd1S04418,L,L,impostor,1.438756
1063964,201325,nd1S02463,nd1S04917,L,R,impostor,1.439431
208381,216438,nd1S04701,nd1S04505,R,L,impostor,1.439503
1057020,764441,nd1S04394,nd1S04418,L,L,impostor,1.439660
170318,205864,nd1S04394,nd1S04701,R,L,impostor,1.439706
208443,209978,nd1S04859,nd1S04701,R,R,impostor,1.439709
196910,661748,nd1S04714,nd1S04970,R,R,impostor,1.439802
208382,216439,nd1S04701,nd1S04505,R,L,impostor,1.439820
1038326,165442,nd1S02463,nd1S04851,L,L,impostor,1.439991
1038326,162040,nd1S02463,nd1S04684,L,L,impostor,1.440160
162040,201609,nd1S04684,nd1S04667,L,L,impostor,1.440208
165161,177509,nd1S04667,nd1S04394,L,R,impostor,1.440226
1192852,1192961,nd1S04261,nd1S04261,L,R,impostor,1.440582
1057020,209267,nd1S04394,nd1S04859,L,R,impostor,1.440589
1192849,187683,nd1S04261,nd1S04786,L,L,impostor,1.440614
208382,374108,nd1S04701,nd1S04701,R,L,impostor,1.440633
1038326,162039,nd1S02463,nd1S04684,L,L,impostor,1.441270
160252,662843,nd1S04684,nd1S04714,L,R,impostor,1.441345
1015652,209978,nd1S02463,nd1S04701,L,R,impostor,1.441672
1038326,166874,nd1S02463,nd1S04851,L,L,impostor,1.441679
164341,240235,nd1S04667,nd1S04649,L,L,impostor,1.441726
170318,201606,nd1S04394,nd1S04667,R,L,impostor,1.441735
207642,209978,nd1S04505,nd1S04701,L,R,impostor,1.441759
1192849,160439,nd1S04261,nd1S04851,L,L,impostor,1.441805
160439,162040,nd1S04851,nd1S04684,L,L,impostor,1.441860
204364,206660,nd1S04786,nd1S04505,L,L,impostor,1.441986
1192959,162945,nd1S04261,nd1S04851,R,L,impostor,1.442322
160252,196910,nd1S04684,nd1S04714,L,R,impostor,1.442481
162040,764441,nd1S04684,nd1S04418,L,L,impostor,1.442619
207642,660598,nd1S04505,nd1S04970,L,R,impostor,1.443340
1013655,176428,nd1S02463,nd1S04917,L,R,impostor,1.443356
185551,660597,nd1S04683,nd1S04970,L,R,impostor,1.443790
1013655,162945,nd1S02463,nd1S04851,L,L,impostor,1.443920
1192853,166874,nd1S04261,nd1S04851,L,L,impostor,1.444804
165164,206660,nd1S04667,nd1S04505,L,L,impostor,1.444997
177509,201606,nd1S04394,nd1S04667,R,L,impostor,1.445011
374089,764471,nd1S04701,nd1S04418,L,L,impostor,1.445017
161093,206659,nd1S04684,nd1S04505,L,L,impostor,1.445056
1192852,661746,nd1S04261,nd1S04970,L,R,impostor,1.445119
209978,216439,nd1S04701,nd1S04505,R,L,impostor,1.445251
206659,374108,nd1S04505,nd1S04701,L,L,impostor,1.445372
201609,241318,nd1S04667,nd1S04649,L,L,impostor,1.445372
187683,208382,nd1S04786,nd1S04701,L,R,impostor,1.445373
1192853,160439,nd1S04261,nd1S04851,L,L,impostor,1.445576
160252,165846,nd1S04684,nd1S04683,L,L,impostor,1.445590
165442,241321,nd1S04851,nd1S04649,L,L,impostor,1.445628
160252,201709,nd1S04684,nd1S04701,L,L,impostor,1.445919
160252,217458,nd1S04684,nd1S04714,L,R,impostor,1.446124
1057020,208443,nd1S04394,nd1S04859,L,R,impostor,1.446326
1192850,1192961,nd1S04261,nd1S04261,L,R,impostor,1.446531
164341,177120,nd1S04667,nd1S04714,L,R,impostor,1.446657
1059130,201609,nd1S04470,nd1S04667,L,L,impostor,1.446743
208381,216439,nd1S04701,nd1S04505,R,L,impostor,1.446924
160252,164341,nd1S04684,nd1S04667,L,L,impostor,1.446967
1192960,162945,nd1S04261,nd1S04851,R,L,impostor,1.446968
162039,764442,nd1S04684,nd1S04418,L,L,impostor,1.447599
1085920,187683,nd1S04470,nd1S04786,L,L,impostor,1.447732
208441,216438,nd1S04859,nd1S04505,R,L,impostor,1.448217
1058294,209267,nd1S04394,nd1S04859,L,R,impostor,1.448328
1192959,160356,nd1S04261,nd1S04683,R,L,impostor,1.448384
374089,764467,nd1S04701,nd1S04418,L,L,impostor,1.448581
160252,206659,nd1S04684,nd1S04505,L,L,impostor,1.448593
160252,374108,nd1S04684,nd1S04701,L,L,impostor,1.448856
162040,374089,nd1S04684,nd1S04701,L,L,impostor,1.449410
165161,303666,nd1S04667,nd1S04649,L,L,impostor,1.449454
162039,764441,nd1S04684,nd1S04418,L,L,impostor,1.449498
161092,217458,nd1S04684,nd1S04714,L,R,impostor,1.449535
165164,177509,nd1S04667,nd1S04394,L,R,impostor,1.449645
1063964,661746,nd1S02463,nd1S04970,L,R,impostor,1.449762
1063964,660597,nd1S02463,nd1S04970,L,R,impostor,1.449809
207642,208381,nd1S04505,nd1S04701,L,R,impostor,1.450173
1058294,209271,nd1S04394,nd1S04859,L,R,impostor,1.450344
1192853,1192961,nd1S04261,nd1S04261,L,R,impostor,1.450399
170317,201606,nd1S04394,nd1S04667,R,L,impostor,1.450430
177120,201609,nd1S04714,nd1S04667,R,L,impostor,1.450653
164577,187683,nd1S04851,nd1S04786,L,L,impostor,1.450881
1013666,162040,nd1S02463,nd1S04684,L,L,impostor,1.451038
1013655,1057029,nd1S02463,nd1S04394,L,L,impostor,1.451077
1038326,160252,nd1S02463,nd1S04684,L,L,impostor,1.451150
1013655,209268,nd1S02463,nd1S04859,L,R,impostor,1.451575
162039,165161,nd1S04684,nd1S04667,L,L,impostor,1.451649
208443,209979,nd1S04859,nd1S04701,R,R,impostor,1.451827
165164,241316,nd1S04667,nd1S04649,L,L,impostor,1.451934
209268,209978,nd1S04859,nd1S04701,R,R,impostor,1.452288
165442,303666,nd1S04851,nd1S04649,L,L,impostor,1.452295
1192850,187683,nd1S04261,nd1S04786,L,L,impostor,1.452437
1013666,660597,nd1S02463,nd1S04970,L,R,impostor,1.452446
1192962,177718,nd1S04261,nd1S04394,R,R,impostor,1.452637
1192849,660597,nd1S04261,nd1S04970,L,R,impostor,1.452745
1063964,1085920,nd1S02463,nd1S04470,L,L,impostor,1.452764
160439,241316,nd1S04851,nd1S04649,L,L,impostor,1.452778
162039,374089,nd1S04684,nd1S04701,L,L,impostor,1.452791
161092,164341,nd1S04684,nd1S04667,L,L,impostor,1.453372
196865,704265,nd1S04714,nd1S04418,R,L,impostor,1.453389
1015652,764441,nd1S02463,nd1S04418,L,L,impostor,1.453498
1058848,209271,nd1S04394,nd1S04859,L,R,impostor,1.453633
201325,209978,nd1S04917,nd1S04701,R,R,impostor,1.453768
160252,207642,nd1S04684,nd1S04505,L,L,impostor,1.454222
177509,201609,nd1S04394,nd1S04667,R,L,impostor,1.454231
1013655,209271,nd1S02463,nd1S04859,L,R,impostor,1.454241
170377,185568,nd1S04917,nd1S04683,R,L,impostor,1.454487
1192850,660597,nd1S04261,nd1S04970,L,R,impostor,1.454538
162040,764471,nd1S04684,nd1S04418,L,L,impostor,1.454549
1057020,209268,nd1S04394,nd1S04859,L,R,impostor,1.454601
161093,216438,nd1S04684,nd1S04505,L,L,impostor,1.454603
1192959,185551,nd1S04261,nd1S04683,R,L,impostor,1.454654
1192849,661746,nd1S04261,nd1S04970,L,R,impostor,1.454764
1087232,206659,nd1S04470,nd1S04505,L,L,impostor,1.454843
173528,185568,nd1S04917,nd1S04683,R,L,impostor,1.455144
1058294,208443,nd1S04394,nd1S04859,L,R,impostor,1.455179
177120,201606,nd1S04714,nd1S04667,R,L,impostor,1.455291
1192852,660598,nd1S04261,nd1S04970,L,R,impostor,1.455417
204364,207642,nd1S04786,nd1S04505,L,L,impostor,1.455489
201325,764442,nd1S04917,nd1S04418,R,L,impostor,1.455520
185551,660598,nd1S04683,nd1S04970,L,R,impostor,1.455681
161092,165846,nd1S04684,nd1S04683,L,L,impostor,1.455828
162039,374108,nd1S04684,nd1S04701,L,L,impostor,1.456044
176428,764442,nd1S04917,nd1S04418,R,L,impostor,1.456098
207642,374108,nd1S04505,nd1S04701,L,L,impostor,1.456212
1192850,660598,nd1S04261,nd1S04970,L,R,impostor,1.456218
1087836,185568,nd1S04470,nd1S04683,L,L,impostor,1.456431
160252,764471,nd1S04684,nd1S04418,L,L,impostor,1.456495
1192853,165442,nd1S04261,nd1S04851,L,L,impostor,1.456526
165161,170318,nd1S04667,nd1S04394,L,R,impostor,1.456790
208381,208441,nd1S04701,nd1S04859,R,R,impostor,1.456797
1192960,177718,nd1S04261,nd1S04394,R,R,impostor,1.457256
1192962,173640,nd1S04261,nd1S04394,R,R,impostor,1.457405
374108,764442,nd1S04701,nd1S04418,L,L,impostor,1.457507
204364,210510,nd1S04786,nd1S04701,L,R,impostor,1.457715
1192849,1192961,nd1S04261,nd1S04261,L,R,impostor,1.457764
217458,764467,nd1S04714,nd1S04418,R,L,impostor,1.457784
196865,764471,nd1S04714,nd1S04418,R,L,impostor,1.457788
162040,201606,nd1S04684,nd1S04667,L,L,impostor,1.458086
162040,165847,nd1S04684,nd1S04683,L,L,impostor,1.458283
162040,764442,nd1S04684,nd1S04418,L,L,impostor,1.458321
1085920,165847,nd1S04470,nd1S04683,L,L,impostor,1.458449
177120,764442,nd1S04714,nd1S04418,R,L,impostor,1.458628
1057021,166874,nd1S04394,nd1S04851,L,L,impostor,1.458873
1086712,165847,nd1S04470,nd1S04683,L,L,impostor,1.459041
1192852,187683,nd1S04261,nd1S04786,L,L,impostor,1.459054
1013666,660598,nd1S02463,nd1S04970,L,R,impostor,1.459098
164341,241318,nd1S04667,nd1S04649,L,L,impostor,1.459103
187714,209979,nd1S04786,nd1S04701,L,R,impostor,1.459118
1192851,661746,nd1S04261,nd1S04970,L,R,impostor,1.459205
176428,764441,nd1S04917,nd1S04418,R,L,impostor,1.459221
165847,196865,nd1S04683,nd1S04714,L,R,impostor,1.459420
1013666,160252,nd1S02463,nd1S04684,L,L,impostor,1.459450
162040,374108,nd1S04684,nd1S04701,L,L,impostor,1.459624
1192853,660598,nd1S04261,nd1S04970,L,R,impostor,1.459962
170318,201609,nd1S04394,nd1S04667,R,L,impostor,1.460056
1087232,206660,nd1S04470,nd1S04505,L,L,impostor,1.460084
164341,206660,nd1S04667,nd1S04505,L,L,impostor,1.460086
1013666,161093,nd1S02463,nd1S04684,L,L,impostor,1.460173
165164,165846,nd1S04667,nd1S04683,L,L,impostor,1.460346
162040,206660,nd1S04684,nd1S04505,L,L,impostor,1.460491
1058294,209268,nd1S04394,nd1S04859,L,R,impostor,1.460832
1192850,661746,nd1S04261,nd1S04970,L,R,impostor,1.461000
1063964,1087232,nd1S02463,nd1S04470,L,L,impostor,1.461148
161092,206660,nd1S04684,nd1S04505,L,L,impostor,1.461216
1192849,660598,nd1S04261,nd1S04970,L,R,impostor,1.461371
1038326,196865,nd1S02463,nd1S04714,L,R,impostor,1.461967
185568,660597,nd1S04683,nd1S04970,L,R,impostor,1.462126
166874,241321,nd1S04851,nd1S04649,L,L,impostor,1.462167
210510,662843,nd1S04701,nd1S04714,R,R,impostor,1.462172
160356,161092,nd1S04683,nd1S04684,L,L,impostor,1.462174
1192852,166874,nd1S04261,nd1S04851,L,L,impostor,1.462324
162039,165846,nd1S04684,nd1S04683,L,L,impostor,1.462390
201609,241321,nd1S04667,nd1S04649,L,L,impostor,1.462557
1057021,764441,nd1S04394,nd1S04418,L,L,impostor,1.462611
187683,206660,nd1S04786,nd1S04505,L,L,impostor,1.462716
161093,196910,nd1S04684,nd1S04714,L,R,impostor,1.463288
1192849,162945,nd1S04261,nd1S04851,L,L,impostor,1.463319
160356,196865,nd1S04683,nd1S04714,L,R,impostor,1.463462
1192849,208382,nd1S04261,nd1S04701,L,R,impostor,1.463682
185568,660598,nd1S04683,nd1S04970,L,R,impostor,1.463730
187714,208381,nd1S04786,nd1S04701,L,R,impostor,1.464045
187684,208382,nd1S04786,nd1S04701,L,R,impostor,1.464120
187683,206659,nd1S04786,nd1S04505,L,L,impostor,1.464384
1192851,1192961,nd1S04261,nd1S04261,L,R,impostor,1.464805
160252,764441,nd1S04684,nd1S04418,L,L,impostor,1.465003
165161,241316,nd1S04667,nd1S04649,L,L,impostor,1.465086
173528,209979,nd1S04917,nd1S04701,R,R,impostor,1.465244
1085920,196910,nd1S04470,nd1S04714,L,R,impostor,1.465435
1057029,208441,nd1S04394,nd1S04859,L,R,impostor,1.465483
1059130,660597,nd1S04470,nd1S04970,L,R,impostor,1.465541
209267,216438,nd1S04859,nd1S04505,R,L,impostor,1.465712
165164,240235,nd1S04667,nd1S04649,L,L,impostor,1.465760
1192966,185568,nd1S04261,nd1S04683,R,L,impostor,1.465918
201325,241321,nd1S04917,nd1S04649,R,L,impostor,1.466213
1192853,660597,nd1S04261,nd1S04970,L,R,impostor,1.466838
1192851,166874,nd1S04261,nd1S04851,L,L,impostor,1.466983
208443,216438,nd1S04859,nd1S04505,R,L,impostor,1.467100
1192851,660598,nd1S04261,nd1S04970,L,R,impostor,1.467119
1057020,1063964,nd1S04394,nd1S02463,L,L,impostor,1.467122
1013655,164577,nd1S02463,nd1S04851,L,L,impostor,1.467208
1192852,165442,nd1S04261,nd1S04851,L,L,impostor,1.467787
1087232,160356,nd1S04470,nd1S04683,L,L,impostor,1.467877
207642,210510,nd1S04505,nd1S04701,L,R,impostor,1.467882
165161,170317,nd1S04667,nd1S04394,L,R,impostor,1.467903
206660,374108,nd1S04505,nd1S04701,L,L,impostor,1.468025
177509,205864,nd1S04394,nd1S04701,R,L,impostor,1.468058
187714,210510,nd1S04786,nd1S04701,L,R,impostor,1.468080
1192849,1192966,nd1S04261,nd1S04261,L,R,impostor,1.468174
170377,764471,nd1S04917,nd1S04418,R,L,impostor,1.468176
1192852,660597,nd1S04261,nd1S04970,L,R,impostor,1.468187
1057021,160252,nd1S04394,nd1S04684,L,L,impostor,1.468207
165442,240235,nd1S04851,nd1S04649,L,L,impostor,1.468224
1192849,208381,nd1S04261,nd1S04701,L,R,impostor,1.468236
1192851,187683,nd1S04261,nd1S04786,L,L,impostor,1.468268
173528,764441,nd1S04917,nd1S04418,R,L,impostor,1.468338
165161,165846,nd1S04667,nd1S04683,L,L,impostor,1.468605
209979,241321,nd1S04701,nd1S04649,R,L,impostor,1.468672
187683,216438,nd1S04786,nd1S04505,L,L,impostor,1.468772
1192853,661746,nd1S04261,nd1S04970,L,R,impostor,1.468881
1013655,201324,nd1S02463,nd1S04917,L,R,impostor,1.468883
1192959,165847,nd1S04261,nd1S04683,R,L,impostor,1.468975
187654,208381,nd1S04786,nd1S04701,L,R,impostor,1.469253
1015652,1086712,nd1S02463,nd1S04470,L,L,impostor,1.469409
173640,374089,nd1S04394,nd1S04701,R,L,impostor,1.469414
1192850,162945,nd1S04261,nd1S04851,L,L,impostor,1.469450
1192852,1192962,nd1S04261,nd1S04261,L,R,impostor,1.469452
164577,176428,nd1S04851,nd1S04917,L,R,impostor,1.469598
164341,241321,nd1S04667,nd1S04649,L,L,impostor,1.469676
187684,660598,nd1S04786,nd1S04970,L,R,impostor,1.469890
187683,210510,nd1S04786,nd1S04701,L,R,impostor,1.469914
1013666,764441,nd1S02463,nd1S04418,L,L,impostor,1.469936
187654,208382,nd1S04786,nd1S04701,L,R,impostor,1.469988
1192960,170318,nd1S04261,nd1S04394,R,R,impostor,1.470028
201325,209979,nd1S04917,nd1S04701,R,R,impostor,1.470051
1087232,165847,nd1S04470,nd1S04683,L,L,impostor,1.470094
206659,660597,nd1S04505,nd1S04970,L,R,impostor,1.470410
1192851,1192962,nd1S04261,nd1S04261,L,R,impostor,1.470470
1192849,162039,nd1S04261,nd1S04684,L,L,impostor,1.470539
201324,764471,nd1S04917,nd1S04418,R,L,impostor,1.470559
1087836,209979,nd1S04470,nd1S04701,L,R,impostor,1.470575
165164,216438,nd1S04667,nd1S04505,L,L,impostor,1.470579
1192966,240235,nd1S04261,nd1S04649,R,L,impostor,1.470671
160356,162039,nd1S04683,nd1S04684,L,L,impostor,1.470696
1192851,165442,nd1S04261,nd1S04851,L,L,impostor,1.470706
1192962,170318,nd1S04261,nd1S04394,R,R,impostor,1.470718
1085920,161093,nd1S04470,nd1S04684,L,L,impostor,1.470762
1015652,160439,nd1S02463,nd1S04851,L,L,impostor,1.471028
187683,240235,nd1S04786,nd1S04649,L,L,impostor,1.471206
1192960,165847,nd1S04261,nd1S04683,R,L,impostor,1.471237
1057020,208441,nd1S04394,nd1S04859,L,R,impostor,1.471397
1013666,161092,nd1S02463,nd1S04684,L,L,impostor,1.471950
1192960,240235,nd1S04261,nd1S04649,R,L,impostor,1.472165
1058848,209268,nd1S04394,nd1S04859,L,R,impostor,1.472282
162039,164341,nd1S04684,nd1S04667,L,L,impostor,1.472302
1013666,165164,nd1S02463,nd1S04667,L,L,impostor,1.472352
1015652,1085920,nd1S02463,nd1S04470,L,L,impostor,1.472432
162040,201709,nd1S04684,nd1S04701,L,L,impostor,1.472499
1085920,160356,nd1S04470,nd1S04683,L,L,impostor,1.472515
160439,241318,nd1S04851,nd1S04649,L,L,impostor,1.472533
1013655,201325,nd1S02463,nd1S04917,L,R,impostor,1.472700
1013655,208441,nd1S02463,nd1S04859,L,R,impostor,1.472728
1058848,208443,nd1S04394,nd1S04859,L,R,impostor,1.472765
374089,764442,nd1S04701,nd1S04418,L,L,impostor,1.472791
206659,661746,nd1S04505,nd1S04970,L,R,impostor,1.472937
1058848,764467,nd1S04394,nd1S04418,L,L,impostor,1.472984
1192851,162039,nd1S04261,nd1S04684,L,L,impostor,1.473171
1038326,160439,nd1S02463,nd1S04851,L,L,impostor,1.473240
204364,209978,nd1S04786,nd1S04701,L,R,impostor,1.473277
201324,764442,nd1S04917,nd1S04418,R,L,impostor,1.473321
177718,201609,nd1S04394,nd1S04667,R,L,impostor,1.473359
187684,660597,nd1S04786,nd1S04970,L,R,impostor,1.473398
201609,240235,nd1S04667,nd1S04649,L,L,impostor,1.473483
1015652,164577,nd1S02463,nd1S04851,L,L,impostor,1.473598
176428,204364,nd1S04917,nd1S04786,R,L,impostor,1.473777
187683,374108,nd1S04786,nd1S04701,L,L,impostor,1.473914
1015652,162039,nd1S02463,nd1S04684,L,L,impostor,1.474008
173528,187683,nd1S04917,nd1S04786,R,L,impostor,1.474020
1057029,704265,nd1S04394,nd1S04418,L,L,impostor,1.474059
1059130,165847,nd1S04470,nd1S04683,L,L,impostor,1.474086
162945,187683,nd1S04851,nd1S04786,L,L,impostor,1.474178
165846,201609,nd1S04683,nd1S04667,L,L,impostor,1.474349
1192850,1192966,nd1S04261,nd1S04261,L,R,impostor,1.474537
1038326,1057021,nd1S02463,nd1S04394,L,L,impostor,1.474550
173528,208382,nd1S04917,nd1S04701,R,R,impostor,1.474557
173528,209978,nd1S04917,nd1S04701,R,R,impostor,1.474560
1192851,208382,nd1S04261,nd1S04701,L,R,impostor,1.474633
216438,374108,nd1S04505,nd1S04701,L,L,impostor,1.474762
1013655,166874,nd1S02463,nd1S04851,L,L,impostor,1.474794
170317,764467,nd1S04394,nd1S04418,R,L,impostor,1.474866
1086712,160356,nd1S04470,nd1S04683,L,L,impostor,1.474918
1015652,165847,nd1S02463,nd1S04683,L,L,impostor,1.474974
201606,303666,nd1S04667,nd1S04649,L,L,impostor,1.474982
208441,241318,nd1S04859,nd1S04649,R,L,impostor,1.475045
170317,240235,nd1S04394,nd1S04649,R,L,impostor,1.475195
187683,209978,nd1S04786,nd1S04701,L,R,impostor,1.475264
160252,661749,nd1S04684,nd1S04970,L,R,impostor,1.475291
185568,206659,nd1S04683,nd1S04505,L,L,impostor,1.475361
161093,217458,nd1S04684,nd1S04714,L,R,impostor,1.475388
173528,764442,nd1S04917,nd1S04418,R,L,impostor,1.475459
165164,241318,nd1S04667,nd1S04649,L,L,impostor,1.475625
1192966,177718,nd1S04261,nd1S04394,R,R,impostor,1.475729
162040,206659,nd1S04684,nd1S04505,L,L,impostor,1.475737
1192959,177718,nd1S04261,nd1S04394,R,R,impostor,1.476157
1057020,216439,nd1S04394,nd1S04505,L,L,impostor,1.476779
187714,208441,nd1S04786,nd1S04859,L,R,impostor,1.476801
1057020,216438,nd1S04394,nd1S04505,L,L,impostor,1.476805
164341,206659,nd1S04667,nd1S04505,L,L,impostor,1.476814
205864,241318,nd1S04701,nd1S04649,L,L,impostor,1.477049
1015652,160356,nd1S02463,nd1S04683,L,L,impostor,1.477108
187714,206659,nd1S04786,nd1S04505,L,L,impostor,1.477195
1015652,208382,nd1S02463,nd1S04701,L,R,impostor,1.477317
1063964,660598,nd1S02463,nd1S04970,L,R,impostor,1.477466
187683,241321,nd1S04786,nd1S04649,L,L,impostor,1.477536
165164,170317,nd1S04667,nd1S04394,L,R,impostor,1.477542
177718,207642,nd1S04394,nd1S04505,R,L,impostor,1.477589
162039,764471,nd1S04684,nd1S04418,L,L,impostor,1.477896
161092,208441,nd1S04684,nd1S04859,L,R,impostor,1.477918
1057021,1058294,nd1S04394,nd1S04394,L,L,genuine,1.477946
1192853,187683,nd1S04261,nd1S04786,L,L,impostor,1.477983
1038326,1192850,nd1S02463,nd1S04261,L,L,impostor,1.478067
1192966,208443,nd1S04261,nd1S04859,R,R,impostor,1.478073
1058848,209267,nd1S04394,nd1S04859,L,R,impostor,1.478074
210510,374108,nd1S04701,nd1S04701,R,L,impostor,1.478099
1015652,161093,nd1S02463,nd1S04684,L,L,impostor,1.478167
208441,241316,nd1S04859,nd1S04649,R,L,impostor,1.478398
206659,661749,nd1S04505,nd1S04970,L,R,impostor,1.478445
1087836,165846,nd1S04470,nd1S04683,L,L,impostor,1.478521
187654,209979,nd1S04786,nd1S04701,L,R,impostor,1.478630
170317,201609,nd1S04394,nd1S04667,R,L,impostor,1.478632
1192961,177718,nd1S04261,nd1S04394,R,R,impostor,1.478684
1192851,208381,nd1S04261,nd1S04701,L,R,impostor,1.478773
161093,216439,nd1S04684,nd1S04505,L,L,impostor,1.478805
208443,210510,nd1S04859,nd1S04701,R,R,impostor,1.478938
209979,241318,nd1S04701,nd1S04649,R,L,impostor,1.478953
1192966,205864,nd1S04261,nd1S04701,R,L,impostor,1.478991
162039,164577,nd1S04684,nd1S04851,L,L,impostor,1.478999
160252,661746,nd1S04684,nd1S04970,L,R,impostor,1.479021
1192850,661748,nd1S04261,nd1S04970,L,R,impostor,1.479073
209271,209978,nd1S04859,nd1S04701,R,R,impostor,1.479172
1192852,160439,nd1S04261,nd1S04851,L,L,impostor,1.479238
1192959,170317,nd1S04261,nd1S04394,R,R,impostor,1.479295
1192853,208381,nd1S04261,nd1S04701,L,R,impostor,1.479543
208443,216439,nd1S04859,nd1S04505,R,L,impostor,1.479661
176428,187683,nd1S04917,nd1S04786,R,L,impostor,1.479794
165847,660597,nd1S04683,nd1S04970,L,R,impostor,1.479871
1057020,206659,nd1S04394,nd1S04505,L,L,impostor,1.479882
166874,303666,nd1S04851,nd1S04649,L,L,impostor,1.480067
177718,201606,nd1S04394,nd1S04667,R,L,impostor,1.480069
1192961,208443,nd1S04261,nd1S04859,R,R,impostor,1.480073
1192852,208381,nd1S04261,nd1S04701,L,R,impostor,1.480096
1087836,209978,nd1S04470,nd1S04701,L,R,impostor,1.480358
170317,208382,nd1S04394,nd1S04701,R,R,impostor,1.480504
1192960,177509,nd1S04261,nd1S04394,R,R,impostor,1.480525
165161,177718,nd1S04667,nd1S04394,L,R,impostor,1.480739
1087836,185551,nd1S04470,nd1S04683,L,L,impostor,1.480742
1057021,1058848,nd1S04394,nd1S04394,L,L,genuine,1.480877
1085920,185551,nd1S04470,nd1S04683,L,L,impostor,1.480935
208382,208443,nd1S04701,nd1S04859,R,R,impostor,1.480983
1192850,162039,nd1S04261,nd1S04684,L,L,impostor,1.481006
217458,704265,nd1S04714,nd1S04418,R,L,impostor,1.481100
1192849,187714,nd1S04261,nd1S04786,L,L,impostor,1.481295
1013655,173528,nd1S02463,nd1S04917,L,R,impostor,1.481337
210510,216439,nd1S04701,nd1S04505,R,L,impostor,1.481498
170377,764441,nd1S04917,nd1S04418,R,L,impostor,1.481512
1085920,161092,nd1S04470,nd1S04684,L,L,impostor,1.481524
161092,209268,nd1S04684,nd1S04859,L,R,impostor,1.481556
1057020,207642,nd1S04394,nd1S04505,L,L,impostor,1.481557
160252,164577,nd1S04684,nd1S04851,L,L,impostor,1.481560
1192849,1192959,nd1S04261,nd1S04261,L,R,impostor,1.481598
1192851,187684,nd1S04261,nd1S04786,L,L,impostor,1.481598
1192851,160439,nd1S04261,nd1S04851,L,L,impostor,1.481790
1192853,1192962,nd1S04261,nd1S04261,L,R,impostor,1.481791
207642,208441,nd1S04505,nd1S04859,L,R,impostor,1.481994
160439,161093,nd1S04851,nd1S04684,L,L,impostor,1.482188
1015652,206660,nd1S02463,nd1S04505,L,L,impostor,1.482252
1057020,162039,nd1S04394,nd1S04684,L,L,impostor,1.482423
187714,209978,nd1S04786,nd1S04701,L,R,impostor,1.482558
165161,240235,nd1S04667,nd1S04649,L,L,impostor,1.482582
165161,206660,nd1S04667,nd1S04505,L,L,impostor,1.482616
162040,185551,nd1S04684,nd1S04683,L,L,impostor,1.482642
187654,374108,nd1S04786,nd1S04701,L,L,impostor,1.482681
1192961,185568,nd1S04261,nd1S04683,R,L,impostor,1.482842
165846,170318,nd1S04683,nd1S04394,L,R,impostor,1.482875
162040,764467,nd1S04684,nd1S04418,L,L,impostor,1.483023
187684,208381,nd1S04786,nd1S04701,L,R,impostor,1.483201
1192959,209271,nd1S04261,nd1S04859,R,R,impostor,1.483217
207642,208443,nd1S04505,nd1S04859,L,R,impostor,1.483284
1192852,201324,nd1S04261,nd1S04917,L,R,impostor,1.483376
1086712,187654,nd1S04470,nd1S04786,L,L,impostor,1.483388
201606,241316,nd1S04667,nd1S04649,L,L,impostor,1.483399
1192851,204364,nd1S04261,nd1S04786,L,L,impostor,1.483499
165164,170318,nd1S04667,nd1S04394,L,R,impostor,1.483512
1085920,662843,nd1S04470,nd1S04714,L,R,impostor,1.483556
160439,165846,nd1S04851,nd1S04683,L,L,impostor,1.483638
1085920,303666,nd1S04470,nd1S04649,L,L,impostor,1.483674
1192851,201324,nd1S04261,nd1S04917,L,R,impostor,1.483707
1192852,208382,nd1S04261,nd1S04701,L,R,impostor,1.483800
216439,374108,nd1S04505,nd1S04701,L,L,impostor,1.483807
1058294,374108,nd1S04394,nd1S04701,L,L,impostor,1.483828
165847,205864,nd1S04683,nd1S04701,L,L,impostor,1.483850
1192961,208381,nd1S04261,nd1S04701,R,R,impostor,1.483875
1192961,209271,nd1S04261,nd1S04859,R,R,impostor,1.483945
217458,764471,nd1S04714,nd1S04418,R,L,impostor,1.483946
1192960,185551,nd1S04261,nd1S04683,R,L,impostor,1.483973
161092,165847,nd1S04684,nd1S04683,L,L,impostor,1.484105
177509,209978,nd1S04394,nd1S04701,R,R,impostor,1.484256
187683,303666,nd1S04786,nd1S04649,L,L,impostor,1.484318
1058294,161092,nd1S04394,nd1S04684,L,L,impostor,1.484381
170318,201324,nd1S04394,nd1S04917,R,R,impostor,1.484414
173528,204364,nd1S04917,nd1S04786,R,L,impostor,1.484464
170317,209978,nd1S04394,nd1S04701,R,R,impostor,1.484577
204364,216438,nd1S04786,nd1S04505,L,L,impostor,1.484607
208381,208443,nd1S04701,nd1S04859,R,R,impostor,1.484644
374108,764441,nd1S04701,nd1S04418,L,L,impostor,1.484671
1063964,187683,nd1S02463,nd1S04786,L,L,impostor,1.484714
1057020,374108,nd1S04394,nd1S04701,L,L,impostor,1.484965
1013666,201606,nd1S02463,nd1S04667,L,L,impostor,1.484999
164577,201324,nd1S04851,nd1S04917,L,R,impostor,1.485127
209267,209978,nd1S04859,nd1S04701,R,R,impostor,1.485149
164341,165846,nd1S04667,nd1S04683,L,L,impostor,1.485178
165442,216438,nd1S04851,nd1S04505,L,L,impostor,1.485179
161092,207642,nd1S04684,nd1S04505,L,L,impostor,1.485245
201325,208381,nd1S04917,nd1S04701,R,R,impostor,1.485316
1057021,162040,nd1S04394,nd1S04684,L,L,impostor,1.485317
160252,660597,nd1S04684,nd1S04970,L,R,impostor,1.485378
1192960,173640,nd1S04261,nd1S04394,R,R,impostor,1.485403
166874,240235,nd1S04851,nd1S04649,L,L,impostor,1.485446
1192849,204364,nd1S04261,nd1S04786,L,L,impostor,1.485550
177718,374089,nd1S04394,nd1S04701,R,L,impostor,1.485610
162945,241318,nd1S04851,nd1S04649,L,L,impostor,1.485666
170377,209979,nd1S04917,nd1S04701,R,R,impostor,1.485795
1063964,662843,nd1S02463,nd1S04714,L,R,impostor,1.485902
170317,764471,nd1S04394,nd1S04418,R,L,impostor,1.485924
1057029,201609,nd1S04394,nd1S04667,L,L,impostor,1.486000
161093,165847,nd1S04684,nd1S04683,L,L,impostor,1.486014
201325,210510,nd1S04917,nd1S04701,R,R,impostor,1.486067
207642,661749,nd1S04505,nd1S04970,L,R,impostor,1.486107
176428,704265,nd1S04917,nd1S04418,R,L,impostor,1.486135
206659,661748,nd1S04505,nd1S04970,L,R,impostor,1.486167
161092,216438,nd1S04684,nd1S04505,L,L,impostor,1.486337
1192851,187714,nd1S04261,nd1S04786,L,L,impostor,1.486363
1192850,1192962,nd1S04261,nd1S04261,L,R,impostor,1.486370
1038326,661748,nd1S02463,nd1S04970,L,R,impostor,1.486449
206660,660598,nd1S04505,nd1S04970,L,R,impostor,1.486497
173640,208382,nd1S04394,nd1S04701,R,R,impostor,1.487030
1192850,187684,nd1S04261,nd1S04786,L,L,impostor,1.487190
161093,764441,nd1S04684,nd1S04418,L,L,impostor,1.487584
207642,661746,nd1S04505,nd1S04970,L,R,impostor,1.487633
1038326,764471,nd1S02463,nd1S04418,L,L,impostor,1.487835
1059130,661749,nd1S04470,nd1S04970,L,R,impostor,1.487856
1038326,161092,nd1S02463,nd1S04684,L,L,impostor,1.487930
1013666,764442,nd1S02463,nd1S04418,L,L,impostor,1.488073
187714,206660,nd1S04786,nd1S04505,L,L,impostor,1.488319
165164,196910,nd1S04667,nd1S04714,L,R,impostor,1.488379
1038326,162945,nd1S02463,nd1S04851,L,L,impostor,1.488502
161093,165846,nd1S04684,nd1S04683,L,L,impostor,1.488504
207642,661748,nd1S04505,nd1S04970,L,R,impostor,1.488513
208441,303666,nd1S04859,nd1S04649,R,L,impostor,1.488608
170377,209978,nd1S04917,nd1S04701,R,R,impostor,1.488617
165161,241318,nd1S04667,nd1S04649,L,L,impostor,1.488634
164341,207642,nd1S04667,nd1S04505,L,L,impostor,1.488713
165847,660598,nd1S04683,nd1S04970,L,R,impostor,1.488771
1013666,165846,nd1S02463,nd1S04683,L,L,impostor,1.488833
1015652,162040,nd1S02463,nd1S04684,L,L,impostor,1.488857
162039,165847,nd1S04684,nd1S04683,L,L,impostor,1.488866
1192959,208443,nd1S04261,nd1S04859,R,R,impostor,1.489045
187683,241318,nd1S04786,nd1S04649,L,L,impostor,1.489049
1015652,196865,nd1S02463,nd1S04714,L,R,impostor,1.489197
1192960,160356,nd1S04261,nd1S04683,R,L,impostor,1.489198
1038326,1087836,nd1S02463,nd1S04470,L,L,impostor,1.489460
165846,177509,nd1S04683,nd1S04394,L,R,impostor,1.489508
165847,187683,nd1S04683,nd1S04786,L,L,impostor,1.489532
201606,240235,nd1S04667,nd1S04649,L,L,impostor,1.489664
1192959,173640,nd1S04261,nd1S04394,R,R,impostor,1.489676
1192962,177509,nd1S04261,nd1S04394,R,R,impostor,1.489748
187654,210510,nd1S04786,nd1S04701,L,R,impostor,1.489749
162040,185568,nd1S04684,nd1S04683,L,L,impostor,1.489883
1058848,374108,nd1S04394,nd1S04701,L,L,impostor,1.489967
209268,216438,nd1S04859,nd1S04505,R,L,impostor,1.490051
1059130,374089,nd1S04470,nd1S04701,L,L,impostor,1.490075
177718,206659,nd1S04394,nd1S04505,R,L,impostor,1.490120
662843,764442,nd1S04714,nd1S04418,R,L,impostor,1.490142
1058294,161093,nd1S04394,nd1S04684,L,L,impostor,1.490179
196865,660598,nd1S04714,nd1S04970,R,R,impostor,1.490188
173640,201709,nd1S04394,nd1S04701,R,L,impostor,1.490248
165164,206659,nd1S04667,nd1S04505,L,L,impostor,1.490268
205864,764467,nd1S04701,nd1S04418,L,L,impostor,1.490282
1063964,1087836,nd1S02463,nd1S04470,L,L,impostor,1.490372
162945,241316,nd1S04851,nd1S04649,L,L,impostor,1.490418
1058848,161092,nd1S04394,nd1S04684,L,L,impostor,1.490455
208441,241321,nd1S04859,nd1S04649,R,L,impostor,1.490487
1192961,160439,nd1S04261,nd1S04851,R,L,impostor,1.490613
201324,764441,nd1S04917,nd1S04418,R,L,impostor,1.490635
209979,374108,nd1S04701,nd1S04701,R,L,impostor,1.490701
177120,661748,nd1S04714,nd1S04970,R,R,impostor,1.490768
217458,660598,nd1S04714,nd1S04970,R,R,impostor,1.491132
1086712,374089,nd1S04470,nd1S04701,L,L,impostor,1.491155
177120,660597,nd1S04714,nd1S04970,R,R,impostor,1.491276
1059130,161093,nd1S04470,nd1S04684,L,L,impostor,1.491334
165161,216438,nd1S04667,nd1S04505,L,L,impostor,1.491345
165442,206659,nd1S04851,nd1S04505,L,L,impostor,1.491428
165164,177718,nd1S04667,nd1S04394,L,R,impostor,1.491472
176428,216439,nd1S04917,nd1S04505,R,L,impostor,1.491534
187683,241316,nd1S04786,nd1S04649,L,L,impostor,1.491545
1013666,217458,nd1S02463,nd1S04714,L,R,impostor,1.491562
160252,764442,nd1S04684,nd1S04418,L,L,impostor,1.491643
1192959,164577,nd1S04261,nd1S04851,R,L,impostor,1.491814
1192849,187684,nd1S04261,nd1S04786,L,L,impostor,1.491844
1059130,1063964,nd1S04470,nd1S02463,L,L,impostor,1.491871
1192852,187714,nd1S04261,nd1S04786,L,L,impostor,1.491911
1057020,164577,nd1S04394,nd1S04851,L,L,impostor,1.491987
201709,216439,nd1S04701,nd1S04505,L,L,impostor,1.492055
166874,704265,nd1S04851,nd1S04418,L,L,impostor,1.492168
1015652,217458,nd1S02463,nd1S04714,L,R,impostor,1.492223
1015652,185551,nd1S02463,nd1S04683,L,L,impostor,1.492225
1057029,201606,nd1S04394,nd1S04667,L,L,impostor,1.492241
201609,206660,nd1S04667,nd1S04505,L,L,impostor,1.492388
160252,661748,nd1S04684,nd1S04970,L,R,impostor,1.492482
160252,216438,nd1S04684,nd1S04505,L,L,impostor,1.492482
207642,209271,nd1S04505,nd1S04859,L,R,impostor,1.492533
1086712,206660,nd1S04470,nd1S04505,L,L,impostor,1.492538
201709,208382,nd1S04701,nd1S04701,L,R,impostor,1.492625
177509,208382,nd1S04394,nd1S04701,R,R,impostor,1.492654
177718,201709,nd1S04394,nd1S04701,R,L,impostor,1.492854
1038326,1192852,nd1S02463,nd1S04261,L,L,impostor,1.492913
165846,173640,nd1S04683,nd1S04394,L,R,impostor,1.492964
209271,216438,nd1S04859,nd1S04505,R,L,impostor,1.492996
209268,209979,nd1S04859,nd1S04701,R,R,impostor,1.493223
201324,209978,nd1S04917,nd1S04701,R,R,impostor,1.493419
204364,216439,nd1S04786,nd1S04505,L,L,impostor,1.493424
207642,209268,nd1S04505,nd1S04859,L,R,impostor,1.493424
1015652,165846,nd1S02463,nd1S04683,L,L,impostor,1.493528
196910,201609,nd1S04714,nd1S04667,R,L,impostor,1.493544
1057029,165164,nd1S04394,nd1S04667,L,L,impostor,1.493561
160252,165847,nd1S04684,nd1S04683,L,L,impostor,1.493863
1192853,187684,nd1S04261,nd1S04786,L,L,impostor,1.493878
187714,207642,nd1S04786,nd1S04505,L,L,impostor,1.493914
303666,661749,nd1S04649,nd1S04970,L,R,impostor,1.493991
185568,201324,nd1S04683,nd1S04917,L,R,impostor,1.494086
165846,241316,nd1S04683,nd1S04649,L,L,impostor,1.494108
1059130,660598,nd1S04470,nd1S04970,L,R,impostor,1.494196
374089,764441,nd1S04701,nd1S04418,L,L,impostor,1.494205
1059130,160356,nd1S04470,nd1S04683,L,L,impostor,1.494311
161093,187683,nd1S04684,nd1S04786,L,L,impostor,1.494353
1086712,187683,nd1S04470,nd1S04786,L,L,impostor,1.494387
1192850,1192959,nd1S04261,nd1S04261,L,R,impostor,1.494392
1192850,160252,nd1S04261,nd1S04684,L,L,impostor,1.494449
160439,240235,nd1S04851,nd1S04649,L,L,impostor,1.494573
162039,764467,nd1S04684,nd1S04418,L,L,impostor,1.494596
1013666,164341,nd1S02463,nd1S04667,L,L,impostor,1.494609
177509,240235,nd1S04394,nd1S04649,R,L,impostor,1.494616
196910,661749,nd1S04714,nd1S04970,R,R,impostor,1.494669
165847,170377,nd1S04683,nd1S04917,L,R,impostor,1.494679
170377,764467,nd1S04917,nd1S04418,R,L,impostor,1.494694
1057021,1085920,nd1S04394,nd1S04470,L,L,impostor,1.494857
1038326,1085920,nd1S02463,nd1S04470,L,L,impostor,1.494965
1038326,206659,nd1S02463,nd1S04505,L,L,impostor,1.495270
216439,660598,nd1S04505,nd1S04970,L,R,impostor,1.495302
160252,660598,nd1S04684,nd1S04970,L,R,impostor,1.495302
1013666,185568,nd1S02463,nd1S04683,L,L,impostor,1.495336
209979,303666,nd1S04701,nd1S04649,R,L,impostor,1.495391
1192851,660597,nd1S04261,nd1S04970,L,R,impostor,1.495520
196910,764442,nd1S04714,nd1S04418,R,L,impostor,1.495612
1063964,201324,nd1S02463,nd1S04917,L,R,impostor,1.495623
187683,207642,nd1S04786,nd1S04505,L,L,impostor,1.495638
160356,660598,nd1S04683,nd1S04970,L,R,impostor,1.495752
165846,303666,nd1S04683,nd1S04649,L,L,impostor,1.495895
177718,206660,nd1S04394,nd1S04505,R,L,impostor,1.495992
1192852,204364,nd1S04261,nd1S04786,L,L,impostor,1.496092
1192853,208382,nd1S04261,nd1S04701,L,R,impostor,1.496133
1057021,162039,nd1S04394,nd1S04684,L,L,impostor,1.496137
170318,764471,nd1S04394,nd1S04418,R,L,impostor,1.496151
201709,207642,nd1S04701,nd1S04505,L,L,impostor,1.496199
187683,216439,nd1S04786,nd1S04505,L,L,impostor,1.496287
201324,204364,nd1S04917,nd1S04786,R,L,impostor,1.496320
1059130,187654,nd1S04470,nd1S04786,L,L,impostor,1.496333
1015652,207642,nd1S02463,nd1S04505,L,L,impostor,1.496347
1013666,164577,nd1S02463,nd1S04851,L,L,impostor,1.496354
1013666,206660,nd1S02463,nd1S04505,L,L,impostor,1.496451
1192852,661749,nd1S04261,nd1S04970,L,R,impostor,1.496475
201606,241318,nd1S04667,nd1S04649,L,L,impostor,1.496570
196865,208441,nd1S04714,nd1S04859,R,R,impostor,1.496646
204364,209268,nd1S04786,nd1S04859,L,R,impostor,1.496688
1086712,185551,nd1S04470,nd1S04683,L,L,impostor,1.496690
196910,201709,nd1S04714,nd1S04701,R,L,impostor,1.496706
204364,209271,nd1S04786,nd1S04859,L,R,impostor,1.496755
1063964,177120,nd1S02463,nd1S04714,L,R,impostor,1.496861
187714,216438,nd1S04786,nd1S04505,L,L,impostor,1.497003
1192852,187684,nd1S04261,nd1S04786,L,L,impostor,1.497018
170377,241321,nd1S04917,nd1S04649,R,L,impostor,1.497043
1086712,185568,nd1S04470,nd1S04683,L,L,impostor,1.497056
1059130,704265,nd1S04470,nd1S04418,L,L,impostor,1.497139
1087836,187654,nd1S04470,nd1S04786,L,L,impostor,1.497193
1192966,303666,nd1S04261,nd1S04649,R,L,impostor,1.497236
1087232,161093,nd1S04470,nd1S04684,L,L,impostor,1.497296
201325,764471,nd1S04917,nd1S04418,R,L,impostor,1.497359
160252,201609,nd1S04684,nd1S04667,L,L,impostor,1.497421
165846,173528,nd1S04683,nd1S04917,L,R,impostor,1.497559
1192850,208382,nd1S04261,nd1S04701,L,R,impostor,1.497587
196865,764467,nd1S04714,nd1S04418,R,L,impostor,1.497590
1013655,209267,nd1S02463,nd1S04859,L,R,impostor,1.497625
1013655,1015652,nd1S02463,nd1S02463,L,L,genuine,1.497672
165161,196865,nd1S04667,nd1S04714,L,R,impostor,1.497676
165164,241321,nd1S04667,nd1S04649,L,L,impostor,1.497821
162945,241321,nd1S04851,nd1S04649,L,L,impostor,1.497894
160252,187683,nd1S04684,nd1S04786,L,L,impostor,1.497981
185568,206660,nd1S04683,nd1S04505,L,L,impostor,1.497994
165846,201606,nd1S04683,nd1S04667,L,L,impostor,1.498051
185551,662843,nd1S04683,nd1S04714,L,R,impostor,1.498067
1013655,764471,nd1S02463,nd1S04418,L,L,impostor,1.498087
1059130,165164,nd1S04470,nd1S04667,L,L,impostor,1.498110
162040,207642,nd1S04684,nd1S04505,L,L,impostor,1.498135
160439,165164,nd1S04851,nd1S04667,L,L,impostor,1.498150
1059130,201606,nd1S04470,nd1S04667,L,L,impostor,1.498193
1063964,196865,nd1S02463,nd1S04714,L,R,impostor,1.498202
1192849,661749,nd1S04261,nd1S04970,L,R,impostor,1.498227
160252,205864,nd1S04684,nd1S04701,L,L,impostor,1.498279
1192959,170318,nd1S04261,nd1S04394,R,R,impostor,1.498336
170317,208381,nd1S04394,nd1S04701,R,R,impostor,1.498355
162945,165164,nd1S04851,nd1S04667,L,L,impostor,1.498360
1059130,374108,nd1S04470,nd1S04701,L,L,impostor,1.498382
1059130,661748,nd1S04470,nd1S04970,L,R,impostor,1.498406
187654,660597,nd1S04786,nd1S04970,L,R,impostor,1.498412
177509,210510,nd1S04394,nd1S04701,R,R,impostor,1.498628
196910,660597,nd1S04714,nd1S04970,R,R,impostor,1.498687
170377,240235,nd1S04917,nd1S04649,R,L,impostor,1.498749
1059130,661746,nd1S04470,nd1S04970,L,R,impostor,1.498760
1192961,185551,nd1S04261,nd1S04683,R,L,impostor,1.498822
1038326,764467,nd1S02463,nd1S04418,L,L,impostor,1.498834
207642,209267,nd1S04505,nd1S04859,L,R,impostor,1.498909
1192852,1192959,nd1S04261,nd1S04261,L,R,impostor,1.498913
187684,209978,nd1S04786,nd1S04701,L,R,impostor,1.498967
177718,374108,nd1S04394,nd1S04701,R,L,impostor,1.499363
177120,660598,nd1S04714,nd1S04970,R,R,impostor,1.499377
173528,704265,nd1S04917,nd1S04418,R,L,impostor,1.499435
1192849,661748,nd1S04261,nd1S04970,L,R,impostor,1.499493
209267,216439,nd1S04859,nd1S04505,R,L,impostor,1.499534
185568,196865,nd1S04683,nd1S04714,L,R,impostor,1.499627
1063964,217458,nd1S02463,nd1S04714,L,R,impostor,1.499749
1192851,160252,nd1S04261,nd1S04684,L,L,impostor,1.499772
185551,217458,nd1S04683,nd1S04714,L,R,impostor,1.499815
165847,173528,nd1S04683,nd1S04917,L,R,impostor,1.499816
170318,240235,nd1S04394,nd1S04649,R,L,impostor,1.499820
1038326,1057020,nd1S02463,nd1S04394,L,L,impostor,1.499852
170318,374089,nd1S04394,nd1S04701,R,L,impostor,1.499906
160439,704265,nd1S04851,nd1S04418,L,L,impostor,1.499993
1192850,173528,nd1S04261,nd1S04917,L,R,impostor,1.500226
1192966,162945,nd1S04261,nd1S04851,R,L,impostor,1.500277
173528,208381,nd1S04917,nd1S04701,R,R,impostor,1.500315
1015652,1059130,nd1S02463,nd1S04470,L,L,impostor,1.500478
1192966,170317,nd1S04261,nd1S04394,R,R,impostor,1.500485
173528,216439,nd1S04917,nd1S04505,R,L,impostor,1.500555
173640,207642,nd1S04394,nd1S04505,R,L,impostor,1.500732
201325,241318,nd1S04917,nd1S04649,R,L,impostor,1.500745
1038326,374108,nd1S02463,nd1S04701,L,L,impostor,1.501094
205864,241321,nd1S04701,nd1S04649,L,L,impostor,1.501142
160439,216438,nd1S04851,nd1S04505,L,L,impostor,1.501159
209979,241316,nd1S04701,nd1S04649,R,L,impostor,1.501178
1192849,201324,nd1S04261,nd1S04917,L,R,impostor,1.501278
209979,240235,nd1S04701,nd1S04649,R,L,impostor,1.501312
187684,661746,nd1S04786,nd1S04970,L,R,impostor,1.501386
1192961,170317,nd1S04261,nd1S04394,R,R,impostor,1.501450
1057020,201325,nd1S04394,nd1S04917,L,R,impostor,1.501513
162945,201606,nd1S04851,nd1S04667,L,L,impostor,1.501546
160439,241321,nd1S04851,nd1S04649,L,L,impostor,1.501597
162039,209267,nd1S04684,nd1S04859,L,R,impostor,1.501972
165164,207642,nd1S04667,nd1S04505,L,L,impostor,1.501980
177120,177509,nd1S04714,nd1S04394,R,R,impostor,1.502025
160356,374108,nd1S04683,nd1S04701,L,L,impostor,1.502164
1192849,1192962,nd1S04261,nd1S04261,L,R,impostor,1.502170
162039,162945,nd1S04684,nd1S04851,L,L,impostor,1.502187
1192961,173528,nd1S04261,nd1S04917,R,R,impostor,1.502193
1192966,209271,nd1S04261,nd1S04859,R,R,impostor,1.502209
170318,374108,nd1S04394,nd1S04701,R,L,impostor,1.502215
374089,704265,nd1S04701,nd1S04418,L,L,impostor,1.502216
208382,209268,nd1S04701,nd1S04859,R,R,impostor,1.502310
209978,241318,nd1S04701,nd1S04649,R,L,impostor,1.502371
201325,208382,nd1S04917,nd1S04701,R,R,impostor,1.502495
165847,374108,nd1S04683,nd1S04701,L,L,impostor,1.502564
185551,196910,nd1S04683,nd1S04714,L,R,impostor,1.502570
207642,660597,nd1S04505,nd1S04970,L,R,impostor,1.502612
164341,216438,nd1S04667,nd1S04505,L,L,impostor,1.502621
1192850,187714,nd1S04261,nd1S04786,L,L,impostor,1.502637
161092,187714,nd1S04684,nd1S04786,L,L,impostor,1.502673
204364,209267,nd1S04786,nd1S04859,L,R,impostor,1.502723
374108,764471,nd1S04701,nd1S04418,L,L,impostor,1.502819
1192850,201325,nd1S04261,nd1S04917,L,R,impostor,1.502847
1015652,173528,nd1S02463,nd1S04917,L,R,impostor,1.502968
1192966,209268,nd1S04261,nd1S04859,R,R,impostor,1.503012
209267,210510,nd1S04859,nd1S04701,R,R,impostor,1.503246
160252,764467,nd1S04684,nd1S04418,L,L,impostor,1.503278
1013666,704265,nd1S02463,nd1S04418,L,L,impostor,1.503295
161092,661746,nd1S04684,nd1S04970,L,R,impostor,1.503312
160439,201324,nd1S04851,nd1S04917,L,R,impostor,1.503412
1085920,187714,nd1S04470,nd1S04786,L,L,impostor,1.503440
1013666,201609,nd1S02463,nd1S04667,L,L,impostor,1.503511
1192852,661748,nd1S04261,nd1S04970,L,R,impostor,1.503516
1192849,209978,nd1S04261,nd1S04701,L,R,impostor,1.503532
162039,208443,nd1S04684,nd1S04859,L,R,impostor,1.503636
196910,374089,nd1S04714,nd1S04701,R,L,impostor,1.503642
1192853,1192959,nd1S04261,nd1S04261,L,R,impostor,1.503658
1057020,1192852,nd1S04394,nd1S04261,L,L,impostor,1.503781
1059130,206659,nd1S04470,nd1S04505,L,L,impostor,1.504031
1013666,196865,nd1S02463,nd1S04714,L,R,impostor,1.504336
1192960,241321,nd1S04261,nd1S04649,R,L,impostor,1.504416
1013666,187683,nd1S02463,nd1S04786,L,L,impostor,1.504479
160252,187714,nd1S04684,nd1S04786,L,L,impostor,1.504526
1059130,165161,nd1S04470,nd1S04667,L,L,impostor,1.504672
1085920,187654,nd1S04470,nd1S04786,L,L,impostor,1.504788
216438,661746,nd1S04505,nd1S04970,L,R,impostor,1.504840
164341,164577,nd1S04667,nd1S04851,L,L,impostor,1.504850
196910,205864,nd1S04714,nd1S04701,R,L,impostor,1.504970
1086712,206659,nd1S04470,nd1S04505,L,L,impostor,1.504996
216438,660598,nd1S04505,nd1S04970,L,R,impostor,1.505028
165161,196910,nd1S04667,nd1S04714,L,R,impostor,1.505103
165442,216439,nd1S04851,nd1S04505,L,L,impostor,1.505161
1087232,185568,nd1S04470,nd1S04683,L,L,impostor,1.505170
209268,210510,nd1S04859,nd1S04701,R,R,impostor,1.505184
1059130,177509,nd1S04470,nd1S04394,L,R,impostor,1.505222
161092,660597,nd1S04684,nd1S04970,L,R,impostor,1.505387
185551,661748,nd1S04683,nd1S04970,L,R,impostor,1.505400
201324,764467,nd1S04917,nd1S04418,R,L,impostor,1.505488
1192853,162945,nd1S04261,nd1S04851,L,L,impostor,1.505506
1063964,1086712,nd1S02463,nd1S04470,L,L,impostor,1.505590
1013666,160439,nd1S02463,nd1S04851,L,L,impostor,1.505720
1038326,206660,nd1S02463,nd1S04505,L,L,impostor,1.505737
1015652,216439,nd1S02463,nd1S04505,L,L,impostor,1.505743
1192853,201606,nd1S04261,nd1S04667,L,L,impostor,1.505764
1063964,161092,nd1S02463,nd1S04684,L,L,impostor,1.505813
209267,209979,nd1S04859,nd1S04701,R,R,impostor,1.505827
1087836,206659,nd1S04470,nd1S04505,L,L,impostor,1.505829
187714,374108,nd1S04786,nd1S04701,L,L,impostor,1.505872
187684,209979,nd1S04786,nd1S04701,L,R,impostor,1.505898
1058848,201709,nd1S04394,nd1S04701,L,L,impostor,1.505899
161093,185551,nd1S04684,nd1S04683,L,L,impostor,1.506014
173640,209978,nd1S04394,nd1S04701,R,R,impostor,1.506039
187684,216438,nd1S04786,nd1S04505,L,L,impostor,1.506063
1087836,187683,nd1S04470,nd1S04786,L,L,impostor,1.506200
165442,207642,nd1S04851,nd1S04505,L,L,impostor,1.506205
165846,661748,nd1S04683,nd1S04970,L,R,impostor,1.506209
1192966,165846,nd1S04261,nd1S04683,R,L,impostor,1.506243
162040,177718,nd1S04684,nd1S04394,L,R,impostor,1.506281
1085920,185568,nd1S04470,nd1S04683,L,L,impostor,1.506324
173640,210510,nd1S04394,nd1S04701,R,R,impostor,1.506421
161093,764471,nd1S04684,nd1S04418,L,L,impostor,1.506514
1038326,661746,nd1S02463,nd1S04970,L,R,impostor,1.506519
160252,210510,nd1S04684,nd1S04701,L,R,impostor,1.506578
177509,374089,nd1S04394,nd1S04701,R,L,impostor,1.506589
165846,661749,nd1S04683,nd1S04970,L,R,impostor,1.506742
187684,661749,nd1S04786,nd1S04970,L,R,impostor,1.506782
201709,216438,nd1S04701,nd1S04505,L,L,impostor,1.506808
1013666,764467,nd1S02463,nd1S04418,L,L,impostor,1.506844
162039,185551,nd1S04684,nd1S04683,L,L,impostor,1.506866
173640,374108,nd1S04394,nd1S04701,R,L,impostor,1.506923
160439,164341,nd1S04851,nd1S04667,L,L,impostor,1.506972
1086712,187714,nd1S04470,nd1S04786,L,L,impostor,1.506995
176428,209979,nd1S04917,nd1S04701,R,R,impostor,1.507142
161092,764441,nd1S04684,nd1S04418,L,L,impostor,1.507193
1192850,661749,nd1S04261,nd1S04970,L,R,impostor,1.507223
1015652,1192961,nd1S02463,nd1S04261,L,R,impostor,1.507419
206660,217458,nd1S04505,nd1S04714,L,R,impostor,1.507480
201325,764467,nd1S04917,nd1S04418,R,L,impostor,1.507484
1038326,185551,nd1S02463,nd1S04683,L,L,impostor,1.507603
1057029,165161,nd1S04394,nd1S04667,L,L,impostor,1.507616
161092,206659,nd1S04684,nd1S04505,L,L,impostor,1.507627
187684,210510,nd1S04786,nd1S04701,L,R,impostor,1.507732
206659,208443,nd1S04505,nd1S04859,L,R,impostor,1.507788
1192961,173640,nd1S04261,nd1S04394,R,R,impostor,1.507821
1192849,210510,nd1S04261,nd1S04701,L,R,impostor,1.507859
170318,764467,nd1S04394,nd1S04418,R,L,impostor,1.507886
1192959,208381,nd1S04261,nd1S04701,R,R,impostor,1.507936
160439,303666,nd1S04851,nd1S04649,L,L,impostor,1.507938
1057020,162040,nd1S04394,nd1S04684,L,L,impostor,1.507966
1059130,164341,nd1S04470,nd1S04667,L,L,impostor,1.508005
162945,185551,nd1S04851,nd1S04683,L,L,impostor,1.508011
1057029,303666,nd1S04394,nd1S04649,L,L,impostor,1.508256
201324,209979,nd1S04917,nd1S04701,R,R,impostor,1.508303
208441,216439,nd1S04859,nd1S04505,R,L,impostor,1.508312
1038326,161093,nd1S02463,nd1S04684,L,L,impostor,1.508484
160356,187683,nd1S04683,nd1S04786,L,L,impostor,1.508560
303666,660597,nd1S04649,nd1S04970,L,R,impostor,1.508596
1087836,206660,nd1S04470,nd1S04505,L,L,impostor,1.508636
1192853,201324,nd1S04261,nd1S04917,L,R,impostor,1.508653
170377,764442,nd1S04917,nd1S04418,R,L,impostor,1.508678
1192849,209979,nd1S04261,nd1S04701,L,R,impostor,1.508686
1192853,187714,nd1S04261,nd1S04786,L,L,impostor,1.508779
177120,764441,nd1S04714,nd1S04418,R,L,impostor,1.508904
1192852,162945,nd1S04261,nd1S04851,L,L,impostor,1.509130
160356,217458,nd1S04683,nd1S04714,L,R,impostor,1.509157
1192850,201324,nd1S04261,nd1S04917,L,R,impostor,1.509163
161092,201609,nd1S04684,nd1S04667,L,L,impostor,1.509165
162039,187714,nd1S04684,nd1S04786,L,L,impostor,1.509169
162945,164341,nd1S04851,nd1S04667,L,L,impostor,1.509177
1015652,161092,nd1S02463,nd1S04684,L,L,impostor,1.509180
160439,206659,nd1S04851,nd1S04505,L,L,impostor,1.509184
1058294,162040,nd1S04394,nd1S04684,L,L,impostor,1.509289
185568,187683,nd1S04683,nd1S04786,L,L,impostor,1.509298
1192852,1192966,nd1S04261,nd1S04261,L,R,impostor,1.509330
206660,208443,nd1S04505,nd1S04859,L,R,impostor,1.509331
1086712,165846,nd1S04470,nd1S04683,L,L,impostor,1.509380
1087836,208381,nd1S04470,nd1S04701,L,R,impostor,1.509507
1087836,660597,nd1S04470,nd1S04970,L,R,impostor,1.509509
166874,207642,nd1S04851,nd1S04505,L,L,impostor,1.509524
1086712,204364,nd1S04470,nd1S04786,L,L,impostor,1.509528
201609,216438,nd1S04667,nd1S04505,L,L,impostor,1.509574
1059130,1192960,nd1S04470,nd1S04261,L,R,impostor,1.509589
187714,209268,nd1S04786,nd1S04859,L,R,impostor,1.509626
160439,207642,nd1S04851,nd1S04505,L,L,impostor,1.509676
185551,303666,nd1S04683,nd1S04649,L,L,impostor,1.509715
165847,187684,nd1S04683,nd1S04786,L,L,impostor,1.509794
162945,187714,nd1S04851,nd1S04786,L,L,impostor,1.509976
1015652,160252,nd1S02463,nd1S04684,L,L,impostor,1.509981
208441,240235,nd1S04859,nd1S04649,R,L,impostor,1.510011
1013666,165161,nd1S02463,nd1S04667,L,L,impostor,1.510033
162945,204364,nd1S04851,nd1S04786,L,L,impostor,1.510063
187654,196910,nd1S04786,nd1S04714,L,R,impostor,1.510082
1057029,164577,nd1S04394,nd1S04851,L,L,impostor,1.510172
165847,187714,nd1S04683,nd1S04786,L,L,impostor,1.510191
216439,241321,nd1S04505,nd1S04649,L,L,impostor,1.510205
161092,661749,nd1S04684,nd1S04970,L,R,impostor,1.510220
164577,205864,nd1S04851,nd1S04701,L,L,impostor,1.510251
187654,216438,nd1S04786,nd1S04505,L,L,impostor,1.510257
185568,216439,nd1S04683,nd1S04505,L,L,impostor,1.510272
166874,660598,nd1S04851,nd1S04970,L,R,impostor,1.510309
1192960,303666,nd1S04261,nd1S04649,R,L,impostor,1.510403
1192853,162039,nd1S04261,nd1S04684,L,L,impostor,1.510405
165161,241321,nd1S04667,nd1S04649,L,L,impostor,1.510496
187654,207642,nd1S04786,nd1S04505,L,L,impostor,1.510520
187683,201324,nd1S04786,nd1S04917,L,R,impostor,1.510549
1192960,241318,nd1S04261,nd1S04649,R,L,impostor,1.510663
164577,764442,nd1S04851,nd1S04418,L,L,impostor,1.510665
1038326,1192851,nd1S02463,nd1S04261,L,L,impostor,1.510693
661748,704265,nd1S04970,nd1S04418,R,L,impostor,1.510883
1058848,164577,nd1S04394,nd1S04851,L,L,impostor,1.510883
205864,207642,nd1S04701,nd1S04505,L,L,impostor,1.510926
1038326,1192853,nd1S02463,nd1S04261,L,L,impostor,1.510957
1015652,216438,nd1S02463,nd1S04505,L,L,impostor,1.511056
161093,208443,nd1S04684,nd1S04859,L,R,impostor,1.511076
196910,210510,nd1S04714,nd1S04701,R,R,impostor,1.511086
201709,764471,nd1S04701,nd1S04418,L,L,impostor,1.511101
201709,241318,nd1S04701,nd1S04649,L,L,impostor,1.511103
1192851,173528,nd1S04261,nd1S04917,L,R,impostor,1.511120
185568,217458,nd1S04683,nd1S04714,L,R,impostor,1.511198
164341,177509,nd1S04667,nd1S04394,L,R,impostor,1.511213
208382,209271,nd1S04701,nd1S04859,R,R,impostor,1.511290
1085920,209978,nd1S04470,nd1S04701,L,R,impostor,1.511432
165164,165442,nd1S04667,nd1S04851,L,L,impostor,1.511473
1192966,241316,nd1S04261,nd1S04649,R,L,impostor,1.511490
170317,374089,nd1S04394,nd1S04701,R,L,impostor,1.511529
176428,185568,nd1S04917,nd1S04683,R,L,impostor,1.511615
161092,216439,nd1S04684,nd1S04505,L,L,impostor,1.511815
1192966,165164,nd1S04261,nd1S04667,R,L,impostor,1.511825
165164,166874,nd1S04667,nd1S04851,L,L,impostor,1.511826
187654,206659,nd1S04786,nd1S04505,L,L,impostor,1.511831
1015652,208443,nd1S02463,nd1S04859,L,R,impostor,1.511875
173528,185551,nd1S04917,nd1S04683,R,L,impostor,1.511984
1038326,165846,nd1S02463,nd1S04683,L,L,impostor,1.512005
173640,661746,nd1S04394,nd1S04970,R,R,impostor,1.512005
1057020,764471,nd1S04394,nd1S04418,L,L,impostor,1.512014
201606,241321,nd1S04667,nd1S04649,L,L,impostor,1.512031
160252,187684,nd1S04684,nd1S04786,L,L,impostor,1.512180
196865,201609,nd1S04714,nd1S04667,R,L,impostor,1.512184
177718,208382,nd1S04394,nd1S04701,R,R,impostor,1.512190
209978,662843,nd1S04701,nd1S04714,R,R,impostor,1.512292
1015652,764442,nd1S02463,nd1S04418,L,L,impostor,1.512407
176428,187714,nd1S04917,nd1S04786,R,L,impostor,1.512605
164577,173528,nd1S04851,nd1S04917,L,R,impostor,1.512609
170317,201324,nd1S04394,nd1S04917,R,R,impostor,1.512723
1013666,166874,nd1S02463,nd1S04851,L,L,impostor,1.512729
170317,374108,nd1S04394,nd1S04701,R,L,impostor,1.512734
162040,173640,nd1S04684,nd1S04394,L,R,impostor,1.512736
201325,240235,nd1S04917,nd1S04649,R,L,impostor,1.512758
1087232,660597,nd1S04470,nd1S04970,L,R,impostor,1.512803
170317,201709,nd1S04394,nd1S04701,R,L,impostor,1.512828
161092,661748,nd1S04684,nd1S04970,L,R,impostor,1.512833
161093,185568,nd1S04684,nd1S04683,L,L,impostor,1.512856
165847,173640,nd1S04683,nd1S04394,L,R,impostor,1.512956
1059130,206660,nd1S04470,nd1S04505,L,L,impostor,1.512956
161092,185551,nd1S04684,nd1S04683,L,L,impostor,1.512979
1192960,241316,nd1S04261,nd1S04649,R,L,impostor,1.513157
1063964,161093,nd1S02463,nd1S04684,L,L,impostor,1.513826
165164,196865,nd1S04667,nd1S04714,L,R,impostor,1.514006
1038326,1086712,nd1S02463,nd1S04470,L,L,impostor,1.514065
1013666,185551,nd1S02463,nd1S04683,L,L,impostor,1.514069
209267,764467,nd1S04859,nd1S04418,R,L,impostor,1.514113
161093,187714,nd1S04684,nd1S04786,L,L,impostor,1.514120
176428,209978,nd1S04917,nd1S04701,R,R,impostor,1.514181
1192962,209267,nd1S04261,nd1S04859,R,R,impostor,1.514277
206659,208441,nd1S04505,nd1S04859,L,R,impostor,1.514288
160252,204364,nd1S04684,nd1S04786,L,L,impostor,1.514378
1192961,209268,nd1S04261,nd1S04859,R,R,impostor,1.514382
187684,196910,nd1S04786,nd1S04714,L,R,impostor,1.514405
1192851,162945,nd1S04261,nd1S04851,L,L,impostor,1.514469
1057029,241321,nd1S04394,nd1S04649,L,L,impostor,1.514511
1057029,374108,nd1S04394,nd1S04701,L,L,impostor,1.514667
1087232,661748,nd1S04470,nd1S04970,L,R,impostor,1.514788
1087232,1192960,nd1S04470,nd1S04261,L,R,impostor,1.514801
1057021,1192966,nd1S04394,nd1S04261,L,R,impostor,1.514804
208441,704265,nd1S04859,nd1S04418,R,L,impostor,1.514813
164341,170318,nd1S04667,nd1S04394,L,R,impostor,1.514816
1192853,173528,nd1S04261,nd1S04917,L,R,impostor,1.514859
162039,201709,nd1S04684,nd1S04701,L,L,impostor,1.514922
1192853,661749,nd1S04261,nd1S04970,L,R,impostor,1.515008
662843,704265,nd1S04714,nd1S04418,R,L,impostor,1.515037
165847,217458,nd1S04683,nd1S04714,L,R,impostor,1.515129
209268,216439,nd1S04859,nd1S04505,R,L,impostor,1.515169
187654,662843,nd1S04786,nd1S04714,L,R,impostor,1.515235
208382,374094,nd1S04701,nd1S04701,R,L,impostor,1.515308
205864,303666,nd1S04701,nd1S04649,L,L,impostor,1.515309
165846,661746,nd1S04683,nd1S04970,L,R,impostor,1.515347
1192853,1192966,nd1S04261,nd1S04261,L,R,impostor,1.515350
1015652,206659,nd1S02463,nd1S04505,L,L,impostor,1.515351
170377,210510,nd1S04917,nd1S04701,R,R,impostor,1.515370
1192852,209268,nd1S04261,nd1S04859,L,R,impostor,1.515558
206660,209267,nd1S04505,nd1S04859,L,R,impostor,1.515660
165846,170377,nd1S04683,nd1S04917,L,R,impostor,1.515684
162945,165161,nd1S04851,nd1S04667,L,L,impostor,1.515821
185568,661748,nd1S04683,nd1S04970,L,R,impostor,1.515829
177718,210510,nd1S04394,nd1S04701,R,R,impostor,1.515991
165442,704265,nd1S04851,nd1S04418,L,L,impostor,1.516036
1087232,661749,nd1S04470,nd1S04970,L,R,impostor,1.516039
1192966,185551,nd1S04261,nd1S04683,R,L,impostor,1.516087
1192852,209978,nd1S04261,nd1S04701,L,R,impostor,1.516092
164577,374094,nd1S04851,nd1S04701,L,L,impostor,1.516111
173528,241321,nd1S04917,nd1S04649,R,L,impostor,1.516177
1058848,165161,nd1S04394,nd1S04667,L,L,impostor,1.516293
1192850,303666,nd1S04261,nd1S04649,L,L,impostor,1.516447
209267,704265,nd1S04859,nd1S04418,R,L,impostor,1.516486
1087836,187714,nd1S04470,nd1S04786,L,L,impostor,1.516517
1192962,165846,nd1S04261,nd1S04683,R,L,impostor,1.516520
1086712,209979,nd1S04470,nd1S04701,L,R,impostor,1.516574
161092,209267,nd1S04684,nd1S04859,L,R,impostor,1.516587
1057029,176428,nd1S04394,nd1S04917,L,R,impostor,1.516616
1192966,164577,nd1S04261,nd1S04851,R,L,impostor,1.516675
1057020,160252,nd1S04394,nd1S04684,L,L,impostor,1.516726
185551,661749,nd1S04683,nd1S04970,L,R,impostor,1.516733
206660,661748,nd1S04505,nd1S04970,L,R,impostor,1.516764
1192966,241318,nd1S04261,nd1S04649,R,L,impostor,1.516773
1058848,161093,nd1S04394,nd1S04684,L,L,impostor,1.516813
1087232,207642,nd1S04470,nd1S04505,L,L,impostor,1.516963
162945,207642,nd1S04851,nd1S04505,L,L,impostor,1.516975
173640,206659,nd1S04394,nd1S04505,R,L,impostor,1.516984
1057029,216439,nd1S04394,nd1S04505,L,L,impostor,1.517023
1192852,162039,nd1S04261,nd1S04684,L,L,impostor,1.517124
1013666,1192962,nd1S02463,nd1S04261,L,R,impostor,1.517140
209271,210510,nd1S04859,nd1S04701,R,R,impostor,1.517231
1057021,177120,nd1S04394,nd1S04714,L,R,impostor,1.517232
177120,661749,nd1S04714,nd1S04970,R,R,impostor,1.517250
1192849,160252,nd1S04261,nd1S04684,L,L,impostor,1.517281
1058294,764467,nd1S04394,nd1S04418,L,L,impostor,1.517311
1057029,241316,nd1S04394,nd1S04649,L,L,impostor,1.517484
201609,217458,nd1S04667,nd1S04714,L,R,impostor,1.517485
185568,241316,nd1S04683,nd1S04649,L,L,impostor,1.517507
1057029,216438,nd1S04394,nd1S04505,L,L,impostor,1.517518
162040,164577,nd1S04684,nd1S04851,L,L,impostor,1.517524
185568,374108,nd1S04683,nd1S04701,L,L,impostor,1.517580
160439,161092,nd1S04851,nd1S04684,L,L,impostor,1.517631
208382,209267,nd1S04701,nd1S04859,R,R,impostor,1.517663
1087836,216439,nd1S04470,nd1S04505,L,L,impostor,1.517734
165846,209268,nd1S04683,nd1S04859,L,R,impostor,1.517751
209267,241321,nd1S04859,nd1S04649,R,L,impostor,1.517789
1087836,204364,nd1S04470,nd1S04786,L,L,impostor,1.517809
201709,206659,nd1S04701,nd1S04505,L,L,impostor,1.517858
240235,704265,nd1S04649,nd1S04418,L,L,impostor,1.517921
164577,201325,nd1S04851,nd1S04917,L,R,impostor,1.517961
209978,241321,nd1S04701,nd1S04649,R,L,impostor,1.518059
162945,206660,nd1S04851,nd1S04505,L,L,impostor,1.518194
209271,209979,nd1S04859,nd1S04701,R,R,impostor,1.518220
161093,374108,nd1S04684,nd1S04701,L,L,impostor,1.518375
1063964,196910,nd1S02463,nd1S04714,L,R,impostor,1.518410
1063964,160252,nd1S02463,nd1S04684,L,L,impostor,1.518435
187714,209267,nd1S04786,nd1S04859,L,R,impostor,1.518443
209267,241318,nd1S04859,nd1S04649,R,L,impostor,1.518528
185568,209268,nd1S04683,nd1S04859,L,R,impostor,1.518566
173640,374094,nd1S04394,nd1S04701,R,L,impostor,1.518582
187714,209271,nd1S04786,nd1S04859,L,R,impostor,1.518590
1192959,241321,nd1S04261,nd1S04649,R,L,impostor,1.518612
1192959,240235,nd1S04261,nd1S04649,R,L,impostor,1.518633
303666,660598,nd1S04649,nd1S04970,L,R,impostor,1.518635
1086712,660597,nd1S04470,nd1S04970,L,R,impostor,1.518669
165161,173640,nd1S04667,nd1S04394,L,R,impostor,1.518697
1192961,210510,nd1S04261,nd1S04701,R,R,impostor,1.518731
1057020,166874,nd1S04394,nd1S04851,L,L,impostor,1.518835
1057029,161092,nd1S04394,nd1S04684,L,L,impostor,1.518868
165442,201324,nd1S04851,nd1S04917,L,R,impostor,1.518907
196910,661746,nd1S04714,nd1S04970,R,R,impostor,1.518927
217458,661748,nd1S04714,nd1S04970,R,R,impostor,1.518955
173640,177120,nd1S04394,nd1S04714,R,R,impostor,1.518996
1013666,177120,nd1S02463,nd1S04714,L,R,impostor,1.519030
1087232,661746,nd1S04470,nd1S04970,L,R,impostor,1.519054
162039,201609,nd1S04684,nd1S04667,L,L,impostor,1.519085
1192853,661748,nd1S04261,nd1S04970,L,R,impostor,1.519098
209978,303666,nd1S04701,nd1S04649,R,L,impostor,1.519132
1192851,187654,nd1S04261,nd1S04786,L,L,impostor,1.519201
162040,170318,nd1S04684,nd1S04394,L,R,impostor,1.519211
185568,209979,nd1S04683,nd1S04701,L,R,impostor,1.519323
162040,205864,nd1S04684,nd1S04701,L,L,impostor,1.519359
1038326,661749,nd1S02463,nd1S04970,L,R,impostor,1.519364
1192851,1192959,nd1S04261,nd1S04261,L,R,impostor,1.519379
1063964,764471,nd1S02463,nd1S04418,L,L,impostor,1.519417
1058848,160252,nd1S04394,nd1S04684,L,L,impostor,1.519462
173640,206660,nd1S04394,nd1S04505,R,L,impostor,1.519483
1086712,165442,nd1S04470,nd1S04851,L,L,impostor,1.519520
1057029,161093,nd1S04394,nd1S04684,L,L,impostor,1.519523
1013666,187654,nd1S02463,nd1S04786,L,L,impostor,1.519541
1058294,160252,nd1S04394,nd1S04684,L,L,impostor,1.519644
201325,241316,nd1S04917,nd1S04649,R,L,impostor,1.519655
208381,209268,nd1S04701,nd1S04859,R,R,impostor,1.519670
165846,177718,nd1S04683,nd1S04394,L,R,impostor,1.519720
165847,661748,nd1S04683,nd1S04970,L,R,impostor,1.519806
205864,241316,nd1S04701,nd1S04649,L,L,impostor,1.519806
170317,374094,nd1S04394,nd1S04701,R,L,impostor,1.519810
1192962,173528,nd1S04261,nd1S04917,R,R,impostor,1.519828
187683,201325,nd1S04786,nd1S04917,L,R,impostor,1.519830
1192852,173528,nd1S04261,nd1S04917,L,R,impostor,1.519833
162945,216438,nd1S04851,nd1S04505,L,L,impostor,1.520119
164577,185551,nd1S04851,nd1S04683,L,L,impostor,1.520350
208381,241321,nd1S04701,nd1S04649,R,L,impostor,1.520351
205864,764471,nd1S04701,nd1S04418,L,L,impostor,1.520359
162040,704265,nd1S04684,nd1S04418,L,L,impostor,1.520376
1192853,201325,nd1S04261,nd1S04917,L,R,impostor,1.520379
160356,173640,nd1S04683,nd1S04394,L,R,impostor,1.520437
161093,187684,nd1S04684,nd1S04786,L,L,impostor,1.520444
162039,185568,nd1S04684,nd1S04683,L,L,impostor,1.520471
1192961,240235,nd1S04261,nd1S04649,R,L,impostor,1.520550
165161,217458,nd1S04667,nd1S04714,L,R,impostor,1.520618
1192853,303666,nd1S04261,nd1S04649,L,L,impostor,1.520752
1013655,764467,nd1S02463,nd1S04418,L,L,impostor,1.520754
206659,209267,nd1S04505,nd1S04859,L,R,impostor,1.520777
196865,661748,nd1S04714,nd1S04970,R,R,impostor,1.520814
374108,764467,nd1S04701,nd1S04418,L,L,impostor,1.520827
170377,241316,nd1S04917,nd1S04649,R,L,impostor,1.520866
170317,303666,nd1S04394,nd1S04649,R,L,impostor,1.520942
1192851,209978,nd1S04261,nd1S04701,L,R,impostor,1.520945
1192851,661748,nd1S04261,nd1S04970,L,R,impostor,1.520963
165847,177509,nd1S04683,nd1S04394,L,R,impostor,1.521064
1192851,661749,nd1S04261,nd1S04970,L,R,impostor,1.521080
162039,173640,nd1S04684,nd1S04394,L,R,impostor,1.521120
1192960,209271,nd1S04261,nd1S04859,R,R,impostor,1.521126
1058848,201324,nd1S04394,nd1S04917,L,R,impostor,1.521180
164577,204364,nd1S04851,nd1S04786,L,L,impostor,1.521203
1057029,206660,nd1S04394,nd1S04505,L,L,impostor,1.521246
208443,303666,nd1S04859,nd1S04649,R,L,impostor,1.521247
173640,201606,nd1S04394,nd1S04667,R,L,impostor,1.521247
187683,201709,nd1S04786,nd1S04701,L,L,impostor,1.521291
1057020,1192849,nd1S04394,nd1S04261,L,L,impostor,1.521333
161092,201606,nd1S04684,nd1S04667,L,L,impostor,1.521345
1192853,204364,nd1S04261,nd1S04786,L,L,impostor,1.521354
164341,165442,nd1S04667,nd1S04851,L,L,impostor,1.521376
173640,661749,nd1S04394,nd1S04970,R,R,impostor,1.521393
161092,209271,nd1S04684,nd1S04859,L,R,impostor,1.521401
1192852,201325,nd1S04261,nd1S04917,L,R,impostor,1.521406
1085920,241318,nd1S04470,nd1S04649,L,L,impostor,1.521482
185568,209267,nd1S04683,nd1S04859,L,R,impostor,1.521574
164341,166874,nd1S04667,nd1S04851,L,L,impostor,1.521578
1192853,201609,nd1S04261,nd1S04667,L,L,impostor,1.521586
185568,208381,nd1S04683,nd1S04701,L,R,impostor,1.521617
165164,216439,nd1S04667,nd1S04505,L,L,impostor,1.521658
1013666,165847,nd1S02463,nd1S04683,L,L,impostor,1.521688
1192966,209267,nd1S04261,nd1S04859,R,R,impostor,1.521700
660598,764441,nd1S04970,nd1S04418,R,L,impostor,1.521750
1085920,217458,nd1S04470,nd1S04714,L,R,impostor,1.521777
162039,177509,nd1S04684,nd1S04394,L,R,impostor,1.521825
1192959,177509,nd1S04261,nd1S04394,R,R,impostor,1.521871
1015652,209267,nd1S02463,nd1S04859,L,R,impostor,1.521906
1192960,165164,nd1S04261,nd1S04667,R,L,impostor,1.521915
170317,210510,nd1S04394,nd1S04701,R,R,impostor,1.521967
209271,216439,nd1S04859,nd1S04505,R,L,impostor,1.522092
160356,662843,nd1S04683,nd1S04714,L,R,impostor,1.522101
1015652,764471,nd1S02463,nd1S04418,L,L,impostor,1.522161
165847,374089,nd1S04683,nd1S04701,L,L,impostor,1.522317
1192961,209267,nd1S04261,nd1S04859,R,R,impostor,1.522362
165846,374108,nd1S04683,nd1S04701,L,L,impostor,1.522381
1085920,241316,nd1S04470,nd1S04649,L,L,impostor,1.522412
1192966,201609,nd1S04261,nd1S04667,R,L,impostor,1.522650
170318,208382,nd1S04394,nd1S04701,R,R,impostor,1.522652
173528,210510,nd1S04917,nd1S04701,R,R,impostor,1.522791
196910,303666,nd1S04714,nd1S04649,R,L,impostor,1.522829
177509,661749,nd1S04394,nd1S04970,R,R,impostor,1.522848
173640,661748,nd1S04394,nd1S04970,R,R,impostor,1.522860
208441,662843,nd1S04859,nd1S04714,R,R,impostor,1.522959
165846,208443,nd1S04683,nd1S04859,L,R,impostor,1.522988
185568,303666,nd1S04683,nd1S04649,L,L,impostor,1.522999
1192852,170377,nd1S04261,nd1S04917,L,R,impostor,1.523001
1192850,204364,nd1S04261,nd1S04786,L,L,impostor,1.523087
1013655,162039,nd1S02463,nd1S04684,L,L,impostor,1.523150
161092,173640,nd1S04684,nd1S04394,L,R,impostor,1.523211
1192959,209268,nd1S04261,nd1S04859,R,R,impostor,1.523322
209267,764471,nd1S04859,nd1S04418,R,L,impostor,1.523331
208441,660598,nd1S04859,nd1S04970,R,R,impostor,1.523360
1058294,201709,nd1S04394,nd1S04701,L,L,impostor,1.523491
1058294,1192961,nd1S04394,nd1S04261,L,R,impostor,1.523503
1192850,208381,nd1S04261,nd1S04701,L,R,impostor,1.523512
165161,207642,nd1S04667,nd1S04505,L,L,impostor,1.523515
201709,764467,nd1S04701,nd1S04418,L,L,impostor,1.523605
1057021,176428,nd1S04394,nd1S04917,L,R,impostor,1.523649
177509,208381,nd1S04394,nd1S04701,R,R,impostor,1.523804
166874,216438,nd1S04851,nd1S04505,L,L,impostor,1.523948
1085920,204364,nd1S04470,nd1S04786,L,L,impostor,1.523967
1058848,165164,nd1S04394,nd1S04667,L,L,impostor,1.523995
166874,201324,nd1S04851,nd1S04917,L,R,impostor,1.524164
1192852,210510,nd1S04261,nd1S04701,L,R,impostor,1.524226
161092,187683,nd1S04684,nd1S04786,L,L,impostor,1.524230
1013655,1058294,nd1S02463,nd1S04394,L,L,impostor,1.524254
165847,662843,nd1S04683,nd1S04714,L,R,impostor,1.524255
166874,661748,nd1S04851,nd1S04970,L,R,impostor,1.524316
1057021,209271,nd1S04394,nd1S04859,L,R,impostor,1.524418
1192851,170377,nd1S04261,nd1S04917,L,R,impostor,1.524423
206659,209268,nd1S04505,nd1S04859,L,R,impostor,1.524458
201609,206659,nd1S04667,nd1S04505,L,L,impostor,1.524478
160439,201606,nd1S04851,nd1S04667,L,L,impostor,1.524537
1057020,206660,nd1S04394,nd1S04505,L,L,impostor,1.524553
1087836,374089,nd1S04470,nd1S04701,L,L,impostor,1.524554
170317,764442,nd1S04394,nd1S04418,R,L,impostor,1.524722
1192962,208381,nd1S04261,nd1S04701,R,R,impostor,1.524748
1057029,764467,nd1S04394,nd1S04418,L,L,impostor,1.524828
185568,209978,nd1S04683,nd1S04701,L,R,impostor,1.524936
161093,204364,nd1S04684,nd1S04786,L,L,impostor,1.524989
201709,210510,nd1S04701,nd1S04701,L,R,impostor,1.524995
1192960,164577,nd1S04261,nd1S04851,R,L,impostor,1.525053
1192960,201609,nd1S04261,nd1S04667,R,L,impostor,1.525171
164577,201606,nd1S04851,nd1S04667,L,L,impostor,1.525173
1038326,1087232,nd1S02463,nd1S04470,L,L,impostor,1.525202
201606,216438,nd1S04667,nd1S04505,L,L,impostor,1.525237
162039,205864,nd1S04684,nd1S04701,L,L,impostor,1.525243
1057020,165847,nd1S04394,nd1S04683,L,L,impostor,1.525262
201325,216439,nd1S04917,nd1S04505,R,L,impostor,1.525267
164577,165846,nd1S04851,nd1S04683,L,L,impostor,1.525281
165846,216439,nd1S04683,nd1S04505,L,L,impostor,1.525365
1057020,1192853,nd1S04394,nd1S04261,L,L,impostor,1.525415
160439,187683,nd1S04851,nd1S04786,L,L,impostor,1.525418
1087232,660598,nd1S04470,nd1S04970,L,R,impostor,1.525441
660598,764442,nd1S04970,nd1S04418,R,L,impostor,1.525459
1192959,160439,nd1S04261,nd1S04851,R,L,impostor,1.525483
1013666,165442,nd1S02463,nd1S04851,L,L,impostor,1.525483
185568,187684,nd1S04683,nd1S04786,L,L,impostor,1.525563
170377,208381,nd1S04917,nd1S04701,R,R,impostor,1.525608
1058294,1192962,nd1S04394,nd1S04261,L,R,impostor,1.525635
1192961,165846,nd1S04261,nd1S04683,R,L,impostor,1.525727
160356,660597,nd1S04683,nd1S04970,L,R,impostor,1.525752
1192962,185568,nd1S04261,nd1S04683,R,L,impostor,1.525762
1058848,303666,nd1S04394,nd1S04649,L,L,impostor,1.525808
1192850,764441,nd1S04261,nd1S04418,L,L,impostor,1.525811
187684,206660,nd1S04786,nd1S04505,L,L,impostor,1.525872
216439,660597,nd1S04505,nd1S04970,L,R,impostor,1.525953
165846,206659,nd1S04683,nd1S04505,L,L,impostor,1.525972
162039,173528,nd1S04684,nd1S04917,L,R,impostor,1.525985
216438,661749,nd1S04505,nd1S04970,L,R,impostor,1.526034
1013666,162039,nd1S02463,nd1S04684,L,L,impostor,1.526035
185568,208443,nd1S04683,nd1S04859,L,R,impostor,1.526126
165846,217458,nd1S04683,nd1S04714,L,R,impostor,1.526163
1192850,241318,nd1S04261,nd1S04649,L,L,impostor,1.526242
1192853,209268,nd1S04261,nd1S04859,L,R,impostor,1.526324
162945,303666,nd1S04851,nd1S04649,L,L,impostor,1.526363
1057021,161093,nd1S04394,nd1S04684,L,L,impostor,1.526432
1192966,201709,nd1S04261,nd1S04701,R,L,impostor,1.526460
209267,303666,nd1S04859,nd1S04649,R,L,impostor,1.526471
303666,661748,nd1S04649,nd1S04970,L,R,impostor,1.526523
162040,216438,nd1S04684,nd1S04505,L,L,impostor,1.526546
187684,206659,nd1S04786,nd1S04505,L,L,impostor,1.526567
1058848,201609,nd1S04394,nd1S04667,L,L,impostor,1.526613
1192959,241316,nd1S04261,nd1S04649,R,L,impostor,1.526650
1192850,1192960,nd1S04261,nd1S04261,L,R,impostor,1.526660
1087836,161093,nd1S04470,nd1S04684,L,L,impostor,1.526692
1192853,170377,nd1S04261,nd1S04917,L,R,impostor,1.526705
161093,209268,nd1S04684,nd1S04859,L,R,impostor,1.526710
196910,660598,nd1S04714,nd1S04970,R,R,impostor,1.526728
1058294,164577,nd1S04394,nd1S04851,L,L,impostor,1.526735
160356,206660,nd1S04683,nd1S04505,L,L,impostor,1.526747
1063964,162039,nd1S02463,nd1S04684,L,L,impostor,1.527021
162039,187683,nd1S04684,nd1S04786,L,L,impostor,1.527028
1087232,185551,nd1S04470,nd1S04683,L,L,impostor,1.527046
1192852,208441,nd1S04261,nd1S04859,L,R,impostor,1.527048
1192851,201325,nd1S04261,nd1S04917,L,R,impostor,1.527166
1192853,209978,nd1S04261,nd1S04701,L,R,impostor,1.527206
204364,208441,nd1S04786,nd1S04859,L,R,impostor,1.527238
173528,187654,nd1S04917,nd1S04786,R,L,impostor,1.527284
160439,216439,nd1S04851,nd1S04505,L,L,impostor,1.527307
1057021,187683,nd1S04394,nd1S04786,L,L,impostor,1.527368
162945,206659,nd1S04851,nd1S04505,L,L,impostor,1.527374
1192961,166874,nd1S04261,nd1S04851,R,L,impostor,1.527477
177120,177718,nd1S04714,nd1S04394,R,R,impostor,1.527498
185551,201609,nd1S04683,nd1S04667,L,L,impostor,1.527537
187684,661748,nd1S04786,nd1S04970,L,R,impostor,1.527558
164341,170317,nd1S04667,nd1S04394,L,R,impostor,1.527566
1038326,1059130,nd1S02463,nd1S04470,L,L,impostor,1.527620
160439,764441,nd1S04851,nd1S04418,L,L,impostor,1.527650
162040,187683,nd1S04684,nd1S04786,L,L,impostor,1.527656
165164,209268,nd1S04667,nd1S04859,L,R,impostor,1.527740
1192851,201709,nd1S04261,nd1S04701,L,L,impostor,1.527769
162039,208441,nd1S04684,nd1S04859,L,R,impostor,1.527899
185568,204364,nd1S04683,nd1S04786,L,L,impostor,1.527974
1087232,165442,nd1S04470,nd1S04851,L,L,impostor,1.527982
177120,205864,nd1S04714,nd1S04701,R,L,impostor,1.527989
164341,196910,nd1S04667,nd1S04714,L,R,impostor,1.528000
201709,241321,nd1S04701,nd1S04649,L,L,impostor,1.528030
1013666,204364,nd1S02463,nd1S04786,L,L,impostor,1.528132
177120,764471,nd1S04714,nd1S04418,R,L,impostor,1.528160
161093,704265,nd1S04684,nd1S04418,L,L,impostor,1.528261
1013655,216438,nd1S02463,nd1S04505,L,L,impostor,1.528268
160252,201606,nd1S04684,nd1S04667,L,L,impostor,1.528278
164577,764441,nd1S04851,nd1S04418,L,L,impostor,1.528301
177718,240235,nd1S04394,nd1S04649,R,L,impostor,1.528306
170377,185551,nd1S04917,nd1S04683,R,L,impostor,1.528348
165846,209271,nd1S04683,nd1S04859,L,R,impostor,1.528441
1015652,1192962,nd1S02463,nd1S04261,L,R,impostor,1.528466
165847,177718,nd1S04683,nd1S04394,L,R,impostor,1.528473
204364,240235,nd1S04786,nd1S04649,L,L,impostor,1.528491
206659,209271,nd1S04505,nd1S04859,L,R,impostor,1.528515
177509,374108,nd1S04394,nd1S04701,R,L,impostor,1.528560
185551,187683,nd1S04683,nd1S04786,L,L,impostor,1.528581
1013655,206660,nd1S02463,nd1S04505,L,L,impostor,1.528603
201325,216438,nd1S04917,nd1S04505,R,L,impostor,1.528612
165846,170317,nd1S04683,nd1S04394,L,R,impostor,1.528624
1086712,216439,nd1S04470,nd1S04505,L,L,impostor,1.528664
187684,207642,nd1S04786,nd1S04505,L,L,impostor,1.528673
164341,185568,nd1S04667,nd1S04683,L,L,impostor,1.528701
1192852,303666,nd1S04261,nd1S04649,L,L,impostor,1.528750
1192962,164577,nd1S04261,nd1S04851,R,L,impostor,1.528798
166874,206659,nd1S04851,nd1S04505,L,L,impostor,1.528860
201324,661746,nd1S04917,nd1S04970,R,R,impostor,1.528862
177718,208381,nd1S04394,nd1S04701,R,R,impostor,1.528881
1192959,241318,nd1S04261,nd1S04649,R,L,impostor,1.528886
1192853,160252,nd1S04261,nd1S04684,L,L,impostor,1.528892
160356,216439,nd1S04683,nd1S04505,L,L,impostor,1.528903
187654,660598,nd1S04786,nd1S04970,L,R,impostor,1.528927
1192959,209267,nd1S04261,nd1S04859,R,R,impostor,1.528939
1192961,165847,nd1S04261,nd1S04683,R,L,impostor,1.528967
1085920,241321,nd1S04470,nd1S04649,L,L,impostor,1.528971
161092,764471,nd1S04684,nd1S04418,L,L,impostor,1.529009
1192852,160252,nd1S04261,nd1S04684,L,L,impostor,1.529010
176428,216438,nd1S04917,nd1S04505,R,L,impostor,1.529024
206660,661746,nd1S04505,nd1S04970,L,R,impostor,1.529074
177120,201709,nd1S04714,nd1S04701,R,L,impostor,1.529087
1192849,161092,nd1S04261,nd1S04684,L,L,impostor,1.529092
208382,374089,nd1S04701,nd1S04701,R,L,impostor,1.529102
216439,661748,nd1S04505,nd1S04970,L,R,impostor,1.529141
160356,187684,nd1S04683,nd1S04786,L,L,impostor,1.529146
185551,374108,nd1S04683,nd1S04701,L,L,impostor,1.529177
162039,177718,nd1S04684,nd1S04394,L,R,impostor,1.529275
173528,216438,nd1S04917,nd1S04505,R,L,impostor,1.529278
185551,201324,nd1S04683,nd1S04917,L,R,impostor,1.529291
1192853,241318,nd1S04261,nd1S04649,L,L,impostor,1.529409
1192849,1192960,nd1S04261,nd1S04261,L,R,impostor,1.529471
161093,764442,nd1S04684,nd1S04418,L,L,impostor,1.529472
1087232,201609,nd1S04470,nd1S04667,L,L,impostor,1.529537
1192851,1192966,nd1S04261,nd1S04261,L,R,impostor,1.529550
164341,185551,nd1S04667,nd1S04683,L,L,impostor,1.529565
1013655,185568,nd1S02463,nd1S04683,L,L,impostor,1.529638
217458,660597,nd1S04714,nd1S04970,R,R,impostor,1.529645
209271,660598,nd1S04859,nd1S04970,R,R,impostor,1.529670
201606,206660,nd1S04667,nd1S04505,L,L,impostor,1.529679
661748,764471,nd1S04970,nd1S04418,R,L,impostor,1.529685
303666,704265,nd1S04649,nd1S04418,L,L,impostor,1.529711
1085920,187684,nd1S04470,nd1S04786,L,L,impostor,1.529714
1059130,196910,nd1S04470,nd1S04714,L,R,impostor,1.529717
164341,216439,nd1S04667,nd1S04505,L,L,impostor,1.529730
1192966,165847,nd1S04261,nd1S04683,R,L,impostor,1.529788
1086712,207642,nd1S04470,nd1S04505,L,L,impostor,1.529807
160439,165161,nd1S04851,nd1S04667,L,L,impostor,1.529897
162945,187654,nd1S04851,nd1S04786,L,L,impostor,1.529900
160356,173528,nd1S04683,nd1S04917,L,R,impostor,1.529965
170318,303666,nd1S04394,nd1S04649,R,L,impostor,1.530003
1192959,166874,nd1S04261,nd1S04851,R,L,impostor,1.530038
1192961,165442,nd1S04261,nd1S04851,R,L,impostor,1.530053
1192849,201325,nd1S04261,nd1S04917,L,R,impostor,1.530170
177509,209979,nd1S04394,nd1S04701,R,R,impostor,1.530237
1013666,1192852,nd1S02463,nd1S04261,L,L,impostor,1.530240
177718,374094,nd1S04394,nd1S04701,R,L,impostor,1.530313
206660,208441,nd1S04505,nd1S04859,L,R,impostor,1.530320
1192849,187654,nd1S04261,nd1S04786,L,L,impostor,1.530409
176428,206659,nd1S04917,nd1S04505,R,L,impostor,1.530473
160252,160356,nd1S04684,nd1S04683,L,L,impostor,1.530491
1085920,208381,nd1S04470,nd1S04701,L,R,impostor,1.530492
177509,303666,nd1S04394,nd1S04649,R,L,impostor,1.530503
201325,206659,nd1S04917,nd1S04505,R,L,impostor,1.530539
160356,209979,nd1S04683,nd1S04701,L,R,impostor,1.530555
170318,241321,nd1S04394,nd1S04649,R,L,impostor,1.530601
177120,185551,nd1S04714,nd1S04683,R,L,impostor,1.530603
1063964,764467,nd1S02463,nd1S04418,L,L,impostor,1.530609
201709,303666,nd1S04701,nd1S04649,L,L,impostor,1.530625
165846,240235,nd1S04683,nd1S04649,L,L,impostor,1.530696
303666,661746,nd1S04649,nd1S04970,L,R,impostor,1.530756
1058294,162039,nd1S04394,nd1S04684,L,L,impostor,1.530771
1059130,1192966,nd1S04470,nd1S04261,L,R,impostor,1.530777
208382,241318,nd1S04701,nd1S04649,R,L,impostor,1.530800
201324,704265,nd1S04917,nd1S04418,R,L,impostor,1.530808
165442,209979,nd1S04851,nd1S04701,L,R,impostor,1.530810
165164,173528,nd1S04667,nd1S04917,L,R,impostor,1.530828
1057020,764467,nd1S04394,nd1S04418,L,L,impostor,1.530894
160356,209268,nd1S04683,nd1S04859,L,R,impostor,1.530899
204364,241321,nd1S04786,nd1S04649,L,L,impostor,1.530903
161092,187684,nd1S04684,nd1S04786,L,L,impostor,1.530919
162039,187684,nd1S04684,nd1S04786,L,L,impostor,1.530943
1192966,173640,nd1S04261,nd1S04394,R,R,impostor,1.531008
662843,764467,nd1S04714,nd1S04418,R,L,impostor,1.531037
165847,241316,nd1S04683,nd1S04649,L,L,impostor,1.531062
165847,303666,nd1S04683,nd1S04649,L,L,impostor,1.531069
1057029,206659,nd1S04394,nd1S04505,L,L,impostor,1.531079
208381,241318,nd1S04701,nd1S04649,R,L,impostor,1.531138
161093,166874,nd1S04684,nd1S04851,L,L,impostor,1.531152
173640,208381,nd1S04394,nd1S04701,R,R,impostor,1.531180
1057021,1063964,nd1S04394,nd1S02463,L,L,impostor,1.531222
1057020,161093,nd1S04394,nd1S04684,L,L,impostor,1.531389
1057029,160252,nd1S04394,nd1S04684,L,L,impostor,1.531395
185551,661746,nd1S04683,nd1S04970,L,R,impostor,1.531424
1192959,210510,nd1S04261,nd1S04701,R,R,impostor,1.531441
1086712,374108,nd1S04470,nd1S04701,L,L,impostor,1.531449
164577,201709,nd1S04851,nd1S04701,L,L,impostor,1.531467
177509,206660,nd1S04394,nd1S04505,R,L,impostor,1.531516
162040,208443,nd1S04684,nd1S04859,L,R,impostor,1.531562
187654,208441,nd1S04786,nd1S04859,L,R,impostor,1.531650
1057020,177120,nd1S04394,nd1S04714,L,R,impostor,1.531750
164577,185568,nd1S04851,nd1S04683,L,L,impostor,1.531751
1057021,201709,nd1S04394,nd1S04701,L,L,impostor,1.531847
1192853,240235,nd1S04261,nd1S04649,L,L,impostor,1.531949
1087232,209979,nd1S04470,nd1S04701,L,R,impostor,1.531951
1057020,662843,nd1S04394,nd1S04714,L,R,impostor,1.532008
177718,216438,nd1S04394,nd1S04505,R,L,impostor,1.532016
1057021,196865,nd1S04394,nd1S04714,L,R,impostor,1.532040
1057029,207642,nd1S04394,nd1S04505,L,L,impostor,1.532117
216439,374089,nd1S04505,nd1S04701,L,L,impostor,1.532213
1057029,240235,nd1S04394,nd1S04649,L,L,impostor,1.532292
201324,208381,nd1S04917,nd1S04701,R,R,impostor,1.532328
1057021,204364,nd1S04394,nd1S04786,L,L,impostor,1.532331
1015652,196910,nd1S02463,nd1S04714,L,R,impostor,1.532349
1192966,374108,nd1S04261,nd1S04701,R,L,impostor,1.532365
1192966,164341,nd1S04261,nd1S04667,R,L,impostor,1.532580
240235,661749,nd1S04649,nd1S04970,L,R,impostor,1.532697
162945,201609,nd1S04851,nd1S04667,L,L,impostor,1.532719
161092,660598,nd1S04684,nd1S04970,L,R,impostor,1.532781
662843,764441,nd1S04714,nd1S04418,R,L,impostor,1.532806
160252,374094,nd1S04684,nd1S04701,L,L,impostor,1.532851
165161,206659,nd1S04667,nd1S04505,L,L,impostor,1.532856
1013666,1192850,nd1S02463,nd1S04261,L,L,impostor,1.532866
1038326,207642,nd1S02463,nd1S04505,L,L,impostor,1.532967
1063964,160439,nd1S02463,nd1S04851,L,L,impostor,1.533001
1087232,165846,nd1S04470,nd1S04683,L,L,impostor,1.533023
165846,206660,nd1S04683,nd1S04505,L,L,impostor,1.533033
160252,185568,nd1S04684,nd1S04683,L,L,impostor,1.533055
160252,704265,nd1S04684,nd1S04418,L,L,impostor,1.533090
185568,207642,nd1S04683,nd1S04505,L,L,impostor,1.533124
1058848,176428,nd1S04394,nd1S04917,L,R,impostor,1.533194
164577,187714,nd1S04851,nd1S04786,L,L,impostor,1.533216
209268,660598,nd1S04859,nd1S04970,R,R,impostor,1.533225
1087836,661748,nd1S04470,nd1S04970,L,R,impostor,1.533230
164341,209271,nd1S04667,nd1S04859,L,R,impostor,1.533240
165164,173640,nd1S04667,nd1S04394,L,R,impostor,1.533258
1059130,165846,nd1S04470,nd1S04683,L,L,impostor,1.533274
166874,764471,nd1S04851,nd1S04418,L,L,impostor,1.533339
185568,209271,nd1S04683,nd1S04859,L,R,impostor,1.533379
1192960,208381,nd1S04261,nd1S04701,R,R,impostor,1.533395
1015652,662843,nd1S02463,nd1S04714,L,R,impostor,1.533495
1063964,206660,nd1S02463,nd1S04505,L,L,impostor,1.533496
177120,661746,nd1S04714,nd1S04970,R,R,impostor,1.533514
177509,217458,nd1S04394,nd1S04714,R,R,impostor,1.533524
204364,374108,nd1S04786,nd1S04701,L,L,impostor,1.533526
177509,201709,nd1S04394,nd1S04701,R,L,impostor,1.533535
217458,661749,nd1S04714,nd1S04970,R,R,impostor,1.533541
165161,704265,nd1S04667,nd1S04418,L,L,impostor,1.533562
1192852,187654,nd1S04261,nd1S04786,L,L,impostor,1.533581
1059130,764467,nd1S04470,nd1S04418,L,L,impostor,1.533619
661749,764471,nd1S04970,nd1S04418,R,L,impostor,1.533652
660598,764471,nd1S04970,nd1S04418,R,L,impostor,1.533686
1192959,303666,nd1S04261,nd1S04649,R,L,impostor,1.533716
196910,201606,nd1S04714,nd1S04667,R,L,impostor,1.533839
187654,206660,nd1S04786,nd1S04505,L,L,impostor,1.533883
1058848,240235,nd1S04394,nd1S04649,L,L,impostor,1.533898
166874,209979,nd1S04851,nd1S04701,L,R,impostor,1.533900
185568,241321,nd1S04683,nd1S04649,L,L,impostor,1.534018
162040,177509,nd1S04684,nd1S04394,L,R,impostor,1.534020
165847,201324,nd1S04683,nd1S04917,L,R,impostor,1.534082
1087836,374108,nd1S04470,nd1S04701,L,L,impostor,1.534157
165164,208443,nd1S04667,nd1S04859,L,R,impostor,1.534203
201325,303666,nd1S04917,nd1S04649,R,L,impostor,1.534232
1192849,208443,nd1S04261,nd1S04859,L,R,impostor,1.534259
160252,166874,nd1S04684,nd1S04851,L,L,impostor,1.534308
1058848,162040,nd1S04394,nd1S04684,L,L,impostor,1.534318
176428,208382,nd1S04917,nd1S04701,R,R,impostor,1.534387
196865,661749,nd1S04714,nd1S04970,R,R,impostor,1.534397
187654,209978,nd1S04786,nd1S04701,L,R,impostor,1.534455
177120,764467,nd1S04714,nd1S04418,R,L,impostor,1.534462
165847,187654,nd1S04683,nd1S04786,L,L,impostor,1.534486
165847,661749,nd1S04683,nd1S04970,L,R,impostor,1.534534
160356,170318,nd1S04683,nd1S04394,L,R,impostor,1.534570
209978,241316,nd1S04701,nd1S04649,R,L,impostor,1.534613
1087836,207642,nd1S04470,nd1S04505,L,L,impostor,1.534625
201325,207642,nd1S04917,nd1S04505,R,L,impostor,1.534658
210510,374089,nd1S04701,nd1S04701,R,L,impostor,1.534684
1192966,177509,nd1S04261,nd1S04394,R,R,impostor,1.534699
177509,206659,nd1S04394,nd1S04505,R,L,impostor,1.534736
1063964,204364,nd1S02463,nd1S04786,L,L,impostor,1.534886
177509,207642,nd1S04394,nd1S04505,R,L,impostor,1.534886
162040,216439,nd1S04684,nd1S04505,L,L,impostor,1.534901
164577,201609,nd1S04851,nd1S04667,L,L,impostor,1.534982
177718,209978,nd1S04394,nd1S04701,R,R,impostor,1.534984
1057021,173528,nd1S04394,nd1S04917,L,R,impostor,1.534989
160356,196910,nd1S04683,nd1S04714,L,R,impostor,1.534996
204364,208443,nd1S04786,nd1S04859,L,R,impostor,1.534997
185568,210510,nd1S04683,nd1S04701,L,R,impostor,1.535016
165847,209267,nd1S04683,nd1S04859,L,R,impostor,1.535022
1192962,201325,nd1S04261,nd1S04917,R,R,impostor,1.535028
209271,661746,nd1S04859,nd1S04970,R,R,impostor,1.535048
177509,661746,nd1S04394,nd1S04970,R,R,impostor,1.535050
187683,660597,nd1S04786,nd1S04970,L,R,impostor,1.535056
1192961,241321,nd1S04261,nd1S04649,R,L,impostor,1.535126
209267,241316,nd1S04859,nd1S04649,R,L,impostor,1.535228
241316,704265,nd1S04649,nd1S04418,L,L,impostor,1.535260
1192961,160356,nd1S04261,nd1S04683,R,L,impostor,1.535278
201325,206660,nd1S04917,nd1S04505,R,L,impostor,1.535398
160439,185551,nd1S04851,nd1S04683,L,L,impostor,1.535600
177120,216439,nd1S04714,nd1S04505,R,L,impostor,1.535608
164577,374108,nd1S04851,nd1S04701,L,L,impostor,1.535631
165164,217458,nd1S04667,nd1S04714,L,R,impostor,1.535690
201606,217458,nd1S04667,nd1S04714,L,R,impostor,1.535820
1059130,662843,nd1S04470,nd1S04714,L,R,impostor,1.535838
161092,201709,nd1S04684,nd1S04701,L,L,impostor,1.535849
165847,209271,nd1S04683,nd1S04859,L,R,impostor,1.535862
177718,201324,nd1S04394,nd1S04917,R,R,impostor,1.535921
1192966,201606,nd1S04261,nd1S04667,R,L,impostor,1.535993
661749,764441,nd1S04970,nd1S04418,R,L,impostor,1.535998
1087836,208382,nd1S04470,nd1S04701,L,R,impostor,1.536022
210510,374094,nd1S04701,nd1S04701,R,L,impostor,1.536040
1087836,196865,nd1S04470,nd1S04714,L,R,impostor,1.536063
204364,660598,nd1S04786,nd1S04970,L,R,impostor,1.536065
1192852,208443,nd1S04261,nd1S04859,L,R,impostor,1.536122
164341,165847,nd1S04667,nd1S04683,L,L,impostor,1.536267
187714,660597,nd1S04786,nd1S04970,L,R,impostor,1.536289
161093,187654,nd1S04684,nd1S04786,L,L,impostor,1.536345
209267,374108,nd1S04859,nd1S04701,R,L,impostor,1.536356
170318,764442,nd1S04394,nd1S04418,R,L,impostor,1.536366
176428,187654,nd1S04917,nd1S04786,R,L,impostor,1.536372
1192961,205864,nd1S04261,nd1S04701,R,L,impostor,1.536393
196865,206660,nd1S04714,nd1S04505,R,L,impostor,1.536507
170377,208382,nd1S04917,nd1S04701,R,R,impostor,1.536514
160356,206659,nd1S04683,nd1S04505,L,L,impostor,1.536553
1059130,185551,nd1S04470,nd1S04683,L,L,impostor,1.536586
160252,173528,nd1S04684,nd1S04917,L,R,impostor,1.536638
165442,187683,nd1S04851,nd1S04786,L,L,impostor,1.536674
1192850,240235,nd1S04261,nd1S04649,L,L,impostor,1.536693
164577,170377,nd1S04851,nd1S04917,L,R,impostor,1.536696
1087232,187654,nd1S04470,nd1S04786,L,L,impostor,1.536709
1057021,1192959,nd1S04394,nd1S04261,L,R,impostor,1.536786
165442,206660,nd1S04851,nd1S04505,L,L,impostor,1.536919
162945,187684,nd1S04851,nd1S04786,L,L,impostor,1.536935
162945,704265,nd1S04851,nd1S04418,L,L,impostor,1.536938
1038326,1192849,nd1S02463,nd1S04261,L,L,impostor,1.536951
1192852,241318,nd1S04261,nd1S04649,L,L,impostor,1.536986
1059130,303666,nd1S04470,nd1S04649,L,L,impostor,1.537015
187654,201324,nd1S04786,nd1S04917,L,R,impostor,1.537036
164577,206660,nd1S04851,nd1S04505,L,L,impostor,1.537229
208381,209271,nd1S04701,nd1S04859,R,R,impostor,1.537252
162039,209268,nd1S04684,nd1S04859,L,R,impostor,1.537263
1192960,164341,nd1S04261,nd1S04667,R,L,impostor,1.537303
1015652,165442,nd1S02463,nd1S04851,L,L,impostor,1.537311
165847,209268,nd1S04683,nd1S04859,L,R,impostor,1.537345
170318,207642,nd1S04394,nd1S04505,R,L,impostor,1.537360
1063964,216438,nd1S02463,nd1S04505,L,L,impostor,1.537360
208443,240235,nd1S04859,nd1S04649,R,L,impostor,1.537381
1059130,201709,nd1S04470,nd1S04701,L,L,impostor,1.537500
1057020,1085920,nd1S04394,nd1S04470,L,L,impostor,1.537569
206660,209268,nd1S04505,nd1S04859,L,R,impostor,1.537658
187654,209268,nd1S04786,nd1S04859,L,R,impostor,1.537683
1086712,161093,nd1S04470,nd1S04684,L,L,impostor,1.537735
1057021,161092,nd1S04394,nd1S04684,L,L,impostor,1.537837
1087836,196910,nd1S04470,nd1S04714,L,R,impostor,1.537838
216439,661746,nd1S04505,nd1S04970,L,R,impostor,1.537856
201324,216439,nd1S04917,nd1S04505,R,L,impostor,1.537887
1015652,764467,nd1S02463,nd1S04418,L,L,impostor,1.537899
164577,165164,nd1S04851,nd1S04667,L,L,impostor,1.537907
162040,187714,nd1S04684,nd1S04786,L,L,impostor,1.537988
165846,241321,nd1S04683,nd1S04649,L,L,impostor,1.538086
1058294,165161,nd1S04394,nd1S04667,L,L,impostor,1.538100
1013655,216439,nd1S02463,nd1S04505,L,L,impostor,1.538104
207642,374089,nd1S04505,nd1S04701,L,L,impostor,1.538163
1013655,207642,nd1S02463,nd1S04505,L,L,impostor,1.538178
1057020,185568,nd1S04394,nd1S04683,L,L,impostor,1.538240
201609,207642,nd1S04667,nd1S04505,L,L,impostor,1.538240
170377,303666,nd1S04917,nd1S04649,R,L,impostor,1.538242
187714,374089,nd1S04786,nd1S04701,L,L,impostor,1.538259
216438,660597,nd1S04505,nd1S04970,L,R,impostor,1.538285
177509,374094,nd1S04394,nd1S04701,R,L,impostor,1.538308
1192960,160439,nd1S04261,nd1S04851,R,L,impostor,1.538414
1058848,241321,nd1S04394,nd1S04649,L,L,impostor,1.538416
1038326,660598,nd1S02463,nd1S04970,L,R,impostor,1.538431
1013655,1058848,nd1S02463,nd1S04394,L,L,impostor,1.538442
209267,240235,nd1S04859,nd1S04649,R,L,impostor,1.538465
160252,162945,nd1S04684,nd1S04851,L,L,impostor,1.538517
1063964,187684,nd1S02463,nd1S04786,L,L,impostor,1.538517
176428,207642,nd1S04917,nd1S04505,R,L,impostor,1.538622
208381,374108,nd1S04701,nd1S04701,R,L,impostor,1.538724
1015652,1063964,nd1S02463,nd1S02463,L,L,genuine,1.538731
166874,216439,nd1S04851,nd1S04505,L,L,impostor,1.538763
1059130,185568,nd1S04470,nd1S04683,L,L,impostor,1.538776
187654,201709,nd1S04786,nd1S04701,L,L,impostor,1.538939
374094,764471,nd1S04701,nd1S04418,L,L,impostor,1.538942
1192966,170318,nd1S04261,nd1S04394,R,R,impostor,1.538958
1192851,210510,nd1S04261,nd1S04701,L,R,impostor,1.539006
164577,208381,nd1S04851,nd1S04701,L,R,impostor,1.539036
173528,187714,nd1S04917,nd1S04786,R,L,impostor,1.539115
1192852,240235,nd1S04261,nd1S04649,L,L,impostor,1.539170
1192852,209271,nd1S04261,nd1S04859,L,R,impostor,1.539203
1057021,201609,nd1S04394,nd1S04667,L,L,impostor,1.539223
204364,660597,nd1S04786,nd1S04970,L,R,impostor,1.539230
1063964,208381,nd1S02463,nd1S04701,L,R,impostor,1.539233
170318,206660,nd1S04394,nd1S04505,R,L,impostor,1.539280
162039,166874,nd1S04684,nd1S04851,L,L,impostor,1.539292
217458,661746,nd1S04714,nd1S04970,R,R,impostor,1.539336
217458,303666,nd1S04714,nd1S04649,R,L,impostor,1.539367
1192966,241321,nd1S04261,nd1S04649,R,L,impostor,1.539403
164341,196865,nd1S04667,nd1S04714,L,R,impostor,1.539426
160252,208382,nd1S04684,nd1S04701,L,R,impostor,1.539452
1192966,207642,nd1S04261,nd1S04505,R,L,impostor,1.539577
201709,704265,nd1S04701,nd1S04418,L,L,impostor,1.539585
177509,764467,nd1S04394,nd1S04418,R,L,impostor,1.539614
1057021,187654,nd1S04394,nd1S04786,L,L,impostor,1.539634
1057021,205864,nd1S04394,nd1S04701,L,L,impostor,1.539674
1015652,177120,nd1S02463,nd1S04714,L,R,impostor,1.539695
1057021,201324,nd1S04394,nd1S04917,L,R,impostor,1.539721
1057020,161092,nd1S04394,nd1S04684,L,L,impostor,1.539756
164341,209268,nd1S04667,nd1S04859,L,R,impostor,1.539765
165847,201609,nd1S04683,nd1S04667,L,L,impostor,1.539788
1058848,1192961,nd1S04394,nd1S04261,L,R,impostor,1.539796
160356,165164,nd1S04683,nd1S04667,L,L,impostor,1.539841
1057029,162945,nd1S04394,nd1S04851,L,L,impostor,1.539844
185551,241321,nd1S04683,nd1S04649,L,L,impostor,1.539884
173528,207642,nd1S04917,nd1S04505,R,L,impostor,1.540004
204364,241316,nd1S04786,nd1S04649,L,L,impostor,1.540024
208443,241316,nd1S04859,nd1S04649,R,L,impostor,1.540036
170317,241321,nd1S04394,nd1S04649,R,L,impostor,1.540056
177120,704265,nd1S04714,nd1S04418,R,L,impostor,1.540104
161093,201709,nd1S04684,nd1S04701,L,L,impostor,1.540161
177509,201324,nd1S04394,nd1S04917,R,R,impostor,1.540200
1086712,187684,nd1S04470,nd1S04786,L,L,impostor,1.540298
162040,187684,nd1S04684,nd1S04786,L,L,impostor,1.540348
170318,206659,nd1S04394,nd1S04505,R,L,impostor,1.540389
165847,764471,nd1S04683,nd1S04418,L,L,impostor,1.540539
216439,661749,nd1S04505,nd1S04970,L,R,impostor,1.540544
1085920,240235,nd1S04470,nd1S04649,L,L,impostor,1.540635
216438,374089,nd1S04505,nd1S04701,L,L,impostor,1.540763
1013666,187714,nd1S02463,nd1S04786,L,L,impostor,1.540768
177509,764471,nd1S04394,nd1S04418,R,L,impostor,1.540784
661749,764442,nd1S04970,nd1S04418,R,L,impostor,1.540804
204364,661746,nd1S04786,nd1S04970,L,R,impostor,1.540851
185551,241316,nd1S04683,nd1S04649,L,L,impostor,1.540922
187714,241316,nd1S04786,nd1S04649,L,L,impostor,1.540934
165442,204364,nd1S04851,nd1S04786,L,L,impostor,1.540961
187654,209271,nd1S04786,nd1S04859,L,R,impostor,1.540993
1192850,201709,nd1S04261,nd1S04701,L,L,impostor,1.541014
173640,201609,nd1S04394,nd1S04667,R,L,impostor,1.541054
177718,303666,nd1S04394,nd1S04649,R,L,impostor,1.541086
176428,374094,nd1S04917,nd1S04701,R,L,impostor,1.541117
208443,660598,nd1S04859,nd1S04970,R,R,impostor,1.541184
170318,201709,nd1S04394,nd1S04701,R,L,impostor,1.541248
187683,374089,nd1S04786,nd1S04701,L,L,impostor,1.541284
1015652,1192851,nd1S02463,nd1S04261,L,L,impostor,1.541335
165847,196910,nd1S04683,nd1S04714,L,R,impostor,1.541342
1192962,210510,nd1S04261,nd1S04701,R,R,impostor,1.541350
1192961,176428,nd1S04261,nd1S04917,R,R,impostor,1.541380
1192853,208441,nd1S04261,nd1S04859,L,R,impostor,1.541417
165847,201709,nd1S04683,nd1S04701,L,L,impostor,1.541463
1059130,187683,nd1S04470,nd1S04786,L,L,impostor,1.541520
1192961,170318,nd1S04261,nd1S04394,R,R,impostor,1.541532
170377,241318,nd1S04917,nd1S04649,R,L,impostor,1.541585
187714,240235,nd1S04786,nd1S04649,L,L,impostor,1.541613
160252,216439,nd1S04684,nd1S04505,L,L,impostor,1.541617
1192960,208443,nd1S04261,nd1S04859,R,R,impostor,1.541623
1058848,173528,nd1S04394,nd1S04917,L,R,impostor,1.541631
1192966,165161,nd1S04261,nd1S04667,R,L,impostor,1.541683
1192853,1192960,nd1S04261,nd1S04261,L,R,impostor,1.541757
1057020,201324,nd1S04394,nd1S04917,L,R,impostor,1.541763
1192852,176428,nd1S04261,nd1S04917,L,R,impostor,1.541784
170318,661746,nd1S04394,nd1S04970,R,R,impostor,1.541797
160252,177718,nd1S04684,nd1S04394,L,R,impostor,1.541816
165847,170318,nd1S04683,nd1S04394,L,R,impostor,1.541918
1015652,1192959,nd1S02463,nd1S04261,L,R,impostor,1.541936
1057029,164341,nd1S04394,nd1S04667,L,L,impostor,1.541947
173640,660598,nd1S04394,nd1S04970,R,R,impostor,1.542030
1192851,374108,nd1S04261,nd1S04701,L,L,impostor,1.542174
187714,241321,nd1S04786,nd1S04649,L,L,impostor,1.542176
160439,196865,nd1S04851,nd1S04714,L,R,impostor,1.542226
185551,208381,nd1S04683,nd1S04701,L,R,impostor,1.542287
1192849,173528,nd1S04261,nd1S04917,L,R,impostor,1.542295
1192961,201325,nd1S04261,nd1S04917,R,R,impostor,1.542312
187684,374108,nd1S04786,nd1S04701,L,L,impostor,1.542325
1087836,303666,nd1S04470,nd1S04649,L,L,impostor,1.542340
1087836,176428,nd1S04470,nd1S04917,L,R,impostor,1.542408
207642,374094,nd1S04505,nd1S04701,L,L,impostor,1.542434
170318,704265,nd1S04394,nd1S04418,R,L,impostor,1.542466
1192849,209268,nd1S04261,nd1S04859,L,R,impostor,1.542621
1015652,660598,nd1S02463,nd1S04970,L,R,impostor,1.542766
170377,204364,nd1S04917,nd1S04786,R,L,impostor,1.542928
160439,201609,nd1S04851,nd1S04667,L,L,impostor,1.542930
1087232,209978,nd1S04470,nd1S04701,L,R,impostor,1.543072
1038326,185568,nd1S02463,nd1S04683,L,L,impostor,1.543140
374094,764467,nd1S04701,nd1S04418,L,L,impostor,1.543158
1059130,764471,nd1S04470,nd1S04418,L,L,impostor,1.543176
162945,660598,nd1S04851,nd1S04970,L,R,impostor,1.543289
173528,187684,nd1S04917,nd1S04786,R,L,impostor,1.543315
1059130,177718,nd1S04470,nd1S04394,L,R,impostor,1.543356
162039,210510,nd1S04684,nd1S04701,L,R,impostor,1.543437
1192850,187654,nd1S04261,nd1S04786,L,L,impostor,1.543502
165846,209267,nd1S04683,nd1S04859,L,R,impostor,1.543530
1013655,1087232,nd1S02463,nd1S04470,L,L,impostor,1.543545
162945,208381,nd1S04851,nd1S04701,L,R,impostor,1.543554
1192960,173528,nd1S04261,nd1S04917,R,R,impostor,1.543621
160356,210510,nd1S04683,nd1S04701,L,R,impostor,1.543659
1015652,1192852,nd1S02463,nd1S04261,L,L,impostor,1.543760
1192851,176428,nd1S04261,nd1S04917,L,R,impostor,1.543791
1038326,165847,nd1S02463,nd1S04683,L,L,impostor,1.543897
160356,209978,nd1S04683,nd1S04701,L,R,impostor,1.543964
1192851,201606,nd1S04261,nd1S04667,L,L,impostor,1.543996
165846,704265,nd1S04683,nd1S04418,L,L,impostor,1.544014
165164,201325,nd1S04667,nd1S04917,L,R,impostor,1.544033
1013666,160356,nd1S02463,nd1S04683,L,L,impostor,1.544035
187684,374089,nd1S04786,nd1S04701,L,L,impostor,1.544065
187654,374089,nd1S04786,nd1S04701,L,L,impostor,1.544118
1192966,160439,nd1S04261,nd1S04851,R,L,impostor,1.544289
1192850,374089,nd1S04261,nd1S04701,L,L,impostor,1.544321
1086712,209978,nd1S04470,nd1S04701,L,R,impostor,1.544328
196910,704265,nd1S04714,nd1S04418,R,L,impostor,1.544367
1192852,1192960,nd1S04261,nd1S04261,L,R,impostor,1.544434
1192850,201606,nd1S04261,nd1S04667,L,L,impostor,1.544474
160252,185551,nd1S04684,nd1S04683,L,L,impostor,1.544504
216438,764441,nd1S04505,nd1S04418,L,L,impostor,1.544512
1013666,1192853,nd1S02463,nd1S04261,L,L,impostor,1.544525
162039,170318,nd1S04684,nd1S04394,L,R,impostor,1.544534
162945,662843,nd1S04851,nd1S04714,L,R,impostor,1.544534
160356,177509,nd1S04683,nd1S04394,L,R,impostor,1.544550
1192852,209267,nd1S04261,nd1S04859,L,R,impostor,1.544575
160356,201609,nd1S04683,nd1S04667,L,L,impostor,1.544587
1087232,216439,nd1S04470,nd1S04505,L,L,impostor,1.544594
1057021,374094,nd1S04394,nd1S04701,L,L,impostor,1.544605
1192851,209979,nd1S04261,nd1S04701,L,R,impostor,1.544633
177718,217458,nd1S04394,nd1S04714,R,R,impostor,1.544674
1192966,206660,nd1S04261,nd1S04505,R,L,impostor,1.544765
660598,764467,nd1S04970,nd1S04418,R,L,impostor,1.544823
160356,164341,nd1S04683,nd1S04667,L,L,impostor,1.544847
1087232,704265,nd1S04470,nd1S04418,L,L,impostor,1.544925
1192961,201709,nd1S04261,nd1S04701,R,L,impostor,1.544926
165161,216439,nd1S04667,nd1S04505,L,L,impostor,1.544945
170377,187683,nd1S04917,nd1S04786,R,L,impostor,1.544960
1038326,660597,nd1S02463,nd1S04970,L,R,impostor,1.544977
165846,241318,nd1S04683,nd1S04649,L,L,impostor,1.544980
176428,187684,nd1S04917,nd1S04786,R,L,impostor,1.545004
1059130,187714,nd1S04470,nd1S04786,L,L,impostor,1.545026
205864,764442,nd1S04701,nd1S04418,L,L,impostor,1.545070
173640,185551,nd1S04394,nd1S04683,R,L,impostor,1.545083
1038326,374089,nd1S02463,nd1S04701,L,L,impostor,1.545144
187654,661746,nd1S04786,nd1S04970,L,R,impostor,1.545204
216439,217458,nd1S04505,nd1S04714,L,R,impostor,1.545266
1013655,1085920,nd1S02463,nd1S04470,L,L,impostor,1.545279
1192853,164341,nd1S04261,nd1S04667,L,L,impostor,1.545295
165164,209271,nd1S04667,nd1S04859,L,R,impostor,1.545316
1059130,170318,nd1S04470,nd1S04394,L,R,impostor,1.545322
170317,206660,nd1S04394,nd1S04505,R,L,impostor,1.545382
1013655,165164,nd1S02463,nd1S04667,L,L,impostor,1.545412
1087232,1192959,nd1S04470,nd1S04261,L,R,impostor,1.545434
160356,303666,nd1S04683,nd1S04649,L,L,impostor,1.545463
162040,173528,nd1S04684,nd1S04917,L,R,impostor,1.545471
1192853,176428,nd1S04261,nd1S04917,L,R,impostor,1.545500
187654,205864,nd1S04786,nd1S04701,L,L,impostor,1.545511
1057029,165847,nd1S04394,nd1S04683,L,L,impostor,1.545572
209979,662843,nd1S04701,nd1S04714,R,R,impostor,1.545577
170318,208381,nd1S04394,nd1S04701,R,R,impostor,1.545588
170317,217458,nd1S04394,nd1S04714,R,R,impostor,1.545599
170317,661746,nd1S04394,nd1S04970,R,R,impostor,1.545650
166874,201606,nd1S04851,nd1S04667,L,L,impostor,1.545663
1057021,661749,nd1S04394,nd1S04970,L,R,impostor,1.545687
1038326,216439,nd1S02463,nd1S04505,L,L,impostor,1.545693
165847,204364,nd1S04683,nd1S04786,L,L,impostor,1.545711
1085920,660597,nd1S04470,nd1S04970,L,R,impostor,1.545718
1192849,201709,nd1S04261,nd1S04701,L,L,impostor,1.545760
177509,661748,nd1S04394,nd1S04970,R,R,impostor,1.545775
206660,209271,nd1S04505,nd1S04859,L,R,impostor,1.545775
1087232,160439,nd1S04470,nd1S04851,L,L,impostor,1.545801
208443,241321,nd1S04859,nd1S04649,R,L,impostor,1.545920
1013666,240235,nd1S02463,nd1S04649,L,L,impostor,1.545962
173528,240235,nd1S04917,nd1S04649,R,L,impostor,1.545968
1058848,201606,nd1S04394,nd1S04667,L,L,impostor,1.545978
162945,165846,nd1S04851,nd1S04683,L,L,impostor,1.546021
1192853,208443,nd1S04261,nd1S04859,L,R,impostor,1.546076
1015652,1057020,nd1S02463,nd1S04394,L,L,impostor,1.546079
1013666,162945,nd1S02463,nd1S04851,L,L,impostor,1.546086
187714,241318,nd1S04786,nd1S04649,L,L,impostor,1.546138
1013655,1087836,nd1S02463,nd1S04470,L,L,impostor,1.546228
187684,662843,nd1S04786,nd1S04714,L,R,impostor,1.546242
1192850,241321,nd1S04261,nd1S04649,L,L,impostor,1.546316
185568,662843,nd1S04683,nd1S04714,L,R,impostor,1.546366
165846,208381,nd1S04683,nd1S04701,L,R,impostor,1.546383
160356,205864,nd1S04683,nd1S04701,L,L,impostor,1.546408
185568,764471,nd1S04683,nd1S04418,L,L,impostor,1.546422
1192850,170377,nd1S04261,nd1S04917,L,R,impostor,1.546458
216438,661748,nd1S04505,nd1S04970,L,R,impostor,1.546470
165161,209268,nd1S04667,nd1S04859,L,R,impostor,1.546659
1192853,209267,nd1S04261,nd1S04859,L,R,impostor,1.546747
1015652,166874,nd1S02463,nd1S04851,L,L,impostor,1.546784
162945,217458,nd1S04851,nd1S04714,L,R,impostor,1.546809
161093,209267,nd1S04684,nd1S04859,L,R,impostor,1.546822
1013655,164341,nd1S02463,nd1S04667,L,L,impostor,1.546835
161092,187654,nd1S04684,nd1S04786,L,L,impostor,1.546887
1013666,206659,nd1S02463,nd1S04505,L,L,impostor,1.547000
173640,240235,nd1S04394,nd1S04649,R,L,impostor,1.547040
177509,764442,nd1S04394,nd1S04418,R,L,impostor,1.547084
1015652,209268,nd1S02463,nd1S04859,L,R,impostor,1.547101
1038326,216438,nd1S02463,nd1S04505,L,L,impostor,1.547120
208443,660597,nd1S04859,nd1S04970,R,R,impostor,1.547201
164341,177718,nd1S04667,nd1S04394,L,R,impostor,1.547205
160439,173528,nd1S04851,nd1S04917,L,R,impostor,1.547233
177509,704265,nd1S04394,nd1S04418,R,L,impostor,1.547247
1192852,209979,nd1S04261,nd1S04701,L,R,impostor,1.547270
1087836,210510,nd1S04470,nd1S04701,L,R,impostor,1.547294
1057029,162040,nd1S04394,nd1S04684,L,L,impostor,1.547349
165164,185551,nd1S04667,nd1S04683,L,L,impostor,1.547392
177120,374089,nd1S04714,nd1S04701,R,L,impostor,1.547465
1087836,241318,nd1S04470,nd1S04649,L,L,impostor,1.547499
162039,201606,nd1S04684,nd1S04667,L,L,impostor,1.547506
209978,240235,nd1S04701,nd1S04649,R,L,impostor,1.547513
187684,208441,nd1S04786,nd1S04859,L,R,impostor,1.547565
165847,241321,nd1S04683,nd1S04649,L,L,impostor,1.547590
1087232,374108,nd1S04470,nd1S04701,L,L,impostor,1.547705
1192849,208441,nd1S04261,nd1S04859,L,R,impostor,1.547749
162039,661746,nd1S04684,nd1S04970,L,R,impostor,1.547763
1057021,201606,nd1S04394,nd1S04667,L,L,impostor,1.547771
1057020,162945,nd1S04394,nd1S04851,L,L,impostor,1.547817
1059130,161092,nd1S04470,nd1S04684,L,L,impostor,1.547867
160356,208381,nd1S04683,nd1S04701,L,R,impostor,1.547987
1086712,661748,nd1S04470,nd1S04970,L,R,impostor,1.548034
173528,241318,nd1S04917,nd1S04649,R,L,impostor,1.548075
205864,206659,nd1S04701,nd1S04505,L,L,impostor,1.548114
1192852,201709,nd1S04261,nd1S04701,L,L,impostor,1.548227
1087232,176428,nd1S04470,nd1S04917,L,R,impostor,1.548264
162945,205864,nd1S04851,nd1S04701,L,L,impostor,1.548269
1087836,661749,nd1S04470,nd1S04970,L,R,impostor,1.548287
1013655,704265,nd1S02463,nd1S04418,L,L,impostor,1.548301
207642,217458,nd1S04505,nd1S04714,L,R,impostor,1.548321
204364,303666,nd1S04786,nd1S04649,L,L,impostor,1.548378
1058848,162039,nd1S04394,nd1S04684,L,L,impostor,1.548388
170318,209978,nd1S04394,nd1S04701,R,R,impostor,1.548425
185568,187654,nd1S04683,nd1S04786,L,L,impostor,1.548448
173528,206659,nd1S04917,nd1S04505,R,L,impostor,1.548488
201324,661749,nd1S04917,nd1S04970,R,R,impostor,1.548494
170317,661749,nd1S04394,nd1S04970,R,R,impostor,1.548511
201325,374089,nd1S04917,nd1S04701,R,L,impostor,1.548527
208382,241321,nd1S04701,nd1S04649,R,L,impostor,1.548622
1192851,161092,nd1S04261,nd1S04684,L,L,impostor,1.548663
1013655,206659,nd1S02463,nd1S04505,L,L,impostor,1.548709
165847,208443,nd1S04683,nd1S04859,L,R,impostor,1.548822
1192853,241321,nd1S04261,nd1S04649,L,L,impostor,1.548910
1059130,196865,nd1S04470,nd1S04714,L,R,impostor,1.548988
1192850,209267,nd1S04261,nd1S04859,L,R,impostor,1.549062
160356,374089,nd1S04683,nd1S04701,L,L,impostor,1.549108
1087836,177509,nd1S04470,nd1S04394,L,R,impostor,1.549123
173640,764467,nd1S04394,nd1S04418,R,L,impostor,1.549179
162039,206659,nd1S04684,nd1S04505,L,L,impostor,1.549234
1058294,1192960,nd1S04394,nd1S04261,L,R,impostor,1.549258
1058848,1063964,nd1S04394,nd1S02463,L,L,impostor,1.549266
1192849,161093,nd1S04261,nd1S04684,L,L,impostor,1.549303
165847,176428,nd1S04683,nd1S04917,L,R,impostor,1.549338
208441,660597,nd1S04859,nd1S04970,R,R,impostor,1.549339
161092,704265,nd1S04684,nd1S04418,L,L,impostor,1.549375
206659,374094,nd1S04505,nd1S04701,L,L,impostor,1.549472
1058848,241316,nd1S04394,nd1S04649,L,L,impostor,1.549479
1013655,240235,nd1S02463,nd1S04649,L,L,impostor,1.549500
160252,208443,nd1S04684,nd1S04859,L,R,impostor,1.549518
187714,660598,nd1S04786,nd1S04970,L,R,impostor,1.549525
170317,764441,nd1S04394,nd1S04418,R,L,impostor,1.549541
204364,241318,nd1S04786,nd1S04649,L,L,impostor,1.549542
161092,764442,nd1S04684,nd1S04418,L,L,impostor,1.549566
1057029,1063964,nd1S04394,nd1S02463,L,L,impostor,1.549604
196865,209978,nd1S04714,nd1S04701,R,R,impostor,1.549650
164341,208441,nd1S04667,nd1S04859,L,R,impostor,1.549659
162040,162945,nd1S04684,nd1S04851,L,L,impostor,1.549684
1057020,1192851,nd1S04394,nd1S04261,L,L,impostor,1.549689
1015652,209271,nd1S02463,nd1S04859,L,R,impostor,1.549721
176428,210510,nd1S04917,nd1S04701,R,R,impostor,1.549747
165164,660598,nd1S04667,nd1S04970,L,R,impostor,1.549763
1085920,661749,nd1S04470,nd1S04970,L,R,impostor,1.549834
165164,208441,nd1S04667,nd1S04859,L,R,impostor,1.549843
160356,204364,nd1S04683,nd1S04786,L,L,impostor,1.549973
165847,210510,nd1S04683,nd1S04701,L,R,impostor,1.550027
162040,166874,nd1S04684,nd1S04851,L,L,impostor,1.550034
661749,704265,nd1S04970,nd1S04418,R,L,impostor,1.550040
165846,187683,nd1S04683,nd1S04786,L,L,impostor,1.550048
206659,374089,nd1S04505,nd1S04701,L,L,impostor,1.550051
1085920,160252,nd1S04470,nd1S04684,L,L,impostor,1.550066
187683,661749,nd1S04786,nd1S04970,L,R,impostor,1.550104
185568,187714,nd1S04683,nd1S04786,L,L,impostor,1.550122
1013655,241316,nd1S02463,nd1S04649,L,L,impostor,1.550140
161092,374108,nd1S04684,nd1S04701,L,L,impostor,1.550141
1192850,161093,nd1S04261,nd1S04684,L,L,impostor,1.550148
1085920,196865,nd1S04470,nd1S04714,L,R,impostor,1.550193
1192853,187654,nd1S04261,nd1S04786,L,L,impostor,1.550206
201709,206660,nd1S04701,nd1S04505,L,L,impostor,1.550218
206660,303666,nd1S04505,nd1S04649,L,L,impostor,1.550258
1192850,241316,nd1S04261,nd1S04649,L,L,impostor,1.550261
162039,209271,nd1S04684,nd1S04859,L,R,impostor,1.550262
196910,374108,nd1S04714,nd1S04701,R,L,impostor,1.550273
1192852,374108,nd1S04261,nd1S04701,L,L,impostor,1.550383
165161,173528,nd1S04667,nd1S04917,L,R,impostor,1.550393
1192960,210510,nd1S04261,nd1S04701,R,R,impostor,1.550516
177718,241321,nd1S04394,nd1S04649,R,L,impostor,1.550537
1192850,176428,nd1S04261,nd1S04917,L,R,impostor,1.550556
165847,208381,nd1S04683,nd1S04701,L,R,impostor,1.550650
1192853,201709,nd1S04261,nd1S04701,L,L,impostor,1.550652
196865,201606,nd1S04714,nd1S04667,R,L,impostor,1.550714
162039,704265,nd1S04684,nd1S04418,L,L,impostor,1.550724
1057020,176428,nd1S04394,nd1S04917,L,R,impostor,1.550780
173528,241316,nd1S04917,nd1S04649,R,L,impostor,1.550788
162040,209267,nd1S04684,nd1S04859,L,R,impostor,1.550840
170318,170377,nd1S04394,nd1S04917,R,R,impostor,1.550874
201324,207642,nd1S04917,nd1S04505,R,L,impostor,1.550941
1059130,207642,nd1S04470,nd1S04505,L,L,impostor,1.551027
1038326,160356,nd1S02463,nd1S04683,L,L,impostor,1.551127
173528,201606,nd1S04917,nd1S04667,R,L,impostor,1.551174
1013666,1192966,nd1S02463,nd1S04261,L,R,impostor,1.551335
185551,240235,nd1S04683,nd1S04649,L,L,impostor,1.551360
165846,764471,nd1S04683,nd1S04418,L,L,impostor,1.551384
201606,704265,nd1S04667,nd1S04418,L,L,impostor,1.551444
1087232,303666,nd1S04470,nd1S04649,L,L,impostor,1.551486
187683,661746,nd1S04786,nd1S04970,L,R,impostor,1.551580
1057021,187714,nd1S04394,nd1S04786,L,L,impostor,1.551595
196865,208381,nd1S04714,nd1S04701,R,R,impostor,1.551635
1192966,206659,nd1S04261,nd1S04505,R,L,impostor,1.551736
162040,204364,nd1S04684,nd1S04786,L,L,impostor,1.551743
165442,201606,nd1S04851,nd1S04667,L,L,impostor,1.551747
1087232,170377,nd1S04470,nd1S04917,L,R,impostor,1.551771
1087836,161092,nd1S04470,nd1S04684,L,L,impostor,1.551784
160439,170377,nd1S04851,nd1S04917,L,R,impostor,1.551816
240235,660597,nd1S04649,nd1S04970,L,R,impostor,1.551884
1058294,201609,nd1S04394,nd1S04667,L,L,impostor,1.551934
160356,209271,nd1S04683,nd1S04859,L,R,impostor,1.551946
1059130,205864,nd1S04470,nd1S04701,L,L,impostor,1.552037
1086712,196910,nd1S04470,nd1S04714,L,R,impostor,1.552118
165164,704265,nd1S04667,nd1S04418,L,L,impostor,1.552141
170377,704265,nd1S04917,nd1S04418,R,L,impostor,1.552160
160356,764471,nd1S04683,nd1S04418,L,L,impostor,1.552167
1192850,209268,nd1S04261,nd1S04859,L,R,impostor,1.552206
160439,764442,nd1S04851,nd1S04418,L,L,impostor,1.552217
1057020,201609,nd1S04394,nd1S04667,L,L,impostor,1.552228
170317,241316,nd1S04394,nd1S04649,R,L,impostor,1.552261
187714,303666,nd1S04786,nd1S04649,L,L,impostor,1.552281
165846,201324,nd1S04683,nd1S04917,L,R,impostor,1.552414
1192852,241321,nd1S04261,nd1S04649,L,L,impostor,1.552430
1192853,241316,nd1S04261,nd1S04649,L,L,impostor,1.552471
165161,185551,nd1S04667,nd1S04683,L,L,impostor,1.552524
206659,241321,nd1S04505,nd1S04649,L,L,impostor,1.552577
165164,165847,nd1S04667,nd1S04683,L,L,impostor,1.552614
1192851,161093,nd1S04261,nd1S04684,L,L,impostor,1.552641
185551,204364,nd1S04683,nd1S04786,L,L,impostor,1.552701
165846,374089,nd1S04683,nd1S04701,L,L,impostor,1.552715
1192851,1192960,nd1S04261,nd1S04261,L,R,impostor,1.552763
1057029,177718,nd1S04394,nd1S04394,L,R,impostor,1.552782
173640,217458,nd1S04394,nd1S04714,R,R,impostor,1.552826
161092,374089,nd1S04684,nd1S04701,L,L,impostor,1.552829
1013666,303666,nd1S02463,nd1S04649,L,L,impostor,1.552918
187654,661748,nd1S04786,nd1S04970,L,R,impostor,1.553007
196910,209978,nd1S04714,nd1S04701,R,R,impostor,1.553012
1057029,241318,nd1S04394,nd1S04649,L,L,impostor,1.553020
161092,164577,nd1S04684,nd1S04851,L,L,impostor,1.553130
1192849,303666,nd1S04261,nd1S04649,L,L,impostor,1.553131
170318,374094,nd1S04394,nd1S04701,R,L,impostor,1.553144
1086712,661749,nd1S04470,nd1S04970,L,R,impostor,1.553193
1192851,201609,nd1S04261,nd1S04667,L,L,impostor,1.553195
165846,187684,nd1S04683,nd1S04786,L,L,impostor,1.553234
165161,209271,nd1S04667,nd1S04859,L,R,impostor,1.553262
196865,661746,nd1S04714,nd1S04970,R,R,impostor,1.553457
164577,165161,nd1S04851,nd1S04667,L,L,impostor,1.553468
1085920,206659,nd1S04470,nd1S04505,L,L,impostor,1.553491
160252,173640,nd1S04684,nd1S04394,L,R,impostor,1.553537
162039,661749,nd1S04684,nd1S04970,L,R,impostor,1.553553
1015652,1192850,nd1S02463,nd1S04261,L,L,impostor,1.553557
1057020,173528,nd1S04394,nd1S04917,L,R,impostor,1.553585
160356,241321,nd1S04683,nd1S04649,L,L,impostor,1.553601
1086712,176428,nd1S04470,nd1S04917,L,R,impostor,1.553629
208381,303666,nd1S04701,nd1S04649,R,L,impostor,1.553644
1087836,201609,nd1S04470,nd1S04667,L,L,impostor,1.553732
1063964,201609,nd1S02463,nd1S04667,L,L,impostor,1.553777
1086712,660598,nd1S04470,nd1S04970,L,R,impostor,1.553778
170318,661749,nd1S04394,nd1S04970,R,R,impostor,1.553781
170318,241316,nd1S04394,nd1S04649,R,L,impostor,1.553790
161093,165442,nd1S04684,nd1S04851,L,L,impostor,1.553834
1087232,196910,nd1S04470,nd1S04714,L,R,impostor,1.553869
1059130,176428,nd1S04470,nd1S04917,L,R,impostor,1.553873
1192851,374089,nd1S04261,nd1S04701,L,L,impostor,1.553985
160356,165161,nd1S04683,nd1S04667,L,L,impostor,1.554029
160439,209979,nd1S04851,nd1S04701,L,R,impostor,1.554043
187654,661749,nd1S04786,nd1S04970,L,R,impostor,1.554050
177509,241321,nd1S04394,nd1S04649,R,L,impostor,1.554057
170317,704265,nd1S04394,nd1S04418,R,L,impostor,1.554106
1057020,196910,nd1S04394,nd1S04714,L,R,impostor,1.554171
187714,216439,nd1S04786,nd1S04505,L,L,impostor,1.554215
1057029,208381,nd1S04394,nd1S04701,L,R,impostor,1.554234
166874,661746,nd1S04851,nd1S04970,L,R,impostor,1.554252
187684,196865,nd1S04786,nd1S04714,L,R,impostor,1.554303
1085920,210510,nd1S04470,nd1S04701,L,R,impostor,1.554331
187684,217458,nd1S04786,nd1S04714,L,R,impostor,1.554401
160356,187714,nd1S04683,nd1S04786,L,L,impostor,1.554463
1087836,661746,nd1S04470,nd1S04970,L,R,impostor,1.554469
170317,209979,nd1S04394,nd1S04701,R,R,impostor,1.554477
1086712,303666,nd1S04470,nd1S04649,L,L,impostor,1.554502
201606,209268,nd1S04667,nd1S04859,L,R,impostor,1.554511
162039,207642,nd1S04684,nd1S04505,L,L,impostor,1.554526
177718,196910,nd1S04394,nd1S04714,R,R,impostor,1.554537
1013666,1192851,nd1S02463,nd1S04261,L,L,impostor,1.554542
206660,241321,nd1S04505,nd1S04649,L,L,impostor,1.554543
160439,201325,nd1S04851,nd1S04917,L,R,impostor,1.554546
1192960,166874,nd1S04261,nd1S04851,R,L,impostor,1.554630
1086712,661746,nd1S04470,nd1S04970,L,R,impostor,1.554729
208443,241318,nd1S04859,nd1S04649,R,L,impostor,1.554736
164341,660598,nd1S04667,nd1S04970,L,R,impostor,1.554743
162945,201324,nd1S04851,nd1S04917,L,R,impostor,1.554794
160356,170377,nd1S04683,nd1S04917,L,R,impostor,1.554845
164341,208443,nd1S04667,nd1S04859,L,R,impostor,1.554853
1192849,241318,nd1S04261,nd1S04649,L,L,impostor,1.554895
1015652,162945,nd1S02463,nd1S04851,L,L,impostor,1.554919
166874,764442,nd1S04851,nd1S04418,L,L,impostor,1.554954
1192966,160356,nd1S04261,nd1S04683,R,L,impostor,1.554967
1192850,161092,nd1S04261,nd1S04684,L,L,impostor,1.554993
160356,177120,nd1S04683,nd1S04714,L,R,impostor,1.554993
201325,374094,nd1S04917,nd1S04701,R,L,impostor,1.555030
166874,661749,nd1S04851,nd1S04970,L,R,impostor,1.555033
1015652,208441,nd1S02463,nd1S04859,L,R,impostor,1.555054
1192960,201606,nd1S04261,nd1S04667,R,L,impostor,1.555126
1192959,165442,nd1S04261,nd1S04851,R,L,impostor,1.555129
205864,662843,nd1S04701,nd1S04714,L,R,impostor,1.555197
201609,662843,nd1S04667,nd1S04714,L,R,impostor,1.555199
1013655,196865,nd1S02463,nd1S04714,L,R,impostor,1.555216
196865,241316,nd1S04714,nd1S04649,R,L,impostor,1.555240
185568,208382,nd1S04683,nd1S04701,L,R,impostor,1.555276
1058294,1063964,nd1S04394,nd1S02463,L,L,impostor,1.555278
1192849,240235,nd1S04261,nd1S04649,L,L,impostor,1.555308
1058848,241318,nd1S04394,nd1S04649,L,L,impostor,1.555341
1192850,164341,nd1S04261,nd1S04667,L,L,impostor,1.555345
165164,176428,nd1S04667,nd1S04917,L,R,impostor,1.555368
173640,196910,nd1S04394,nd1S04714,R,R,impostor,1.555398
177509,185551,nd1S04394,nd1S04683,R,L,impostor,1.555400
185568,661749,nd1S04683,nd1S04970,L,R,impostor,1.555405
165442,660598,nd1S04851,nd1S04970,L,R,impostor,1.555447
1063964,210510,nd1S02463,nd1S04701,L,R,impostor,1.555451
201606,209271,nd1S04667,nd1S04859,L,R,impostor,1.555463
160439,176428,nd1S04851,nd1S04917,L,R,impostor,1.555472
160356,209267,nd1S04683,nd1S04859,L,R,impostor,1.555529
160356,208443,nd1S04683,nd1S04859,L,R,impostor,1.555555
201324,208382,nd1S04917,nd1S04701,R,R,impostor,1.555560
160439,206660,nd1S04851,nd1S04505,L,L,impostor,1.555564
165442,661748,nd1S04851,nd1S04970,L,R,impostor,1.555621
1087836,660598,nd1S04470,nd1S04970,L,R,impostor,1.555642
1057021,1192962,nd1S04394,nd1S04261,L,R,impostor,1.555681
177120,374094,nd1S04714,nd1S04701,R,L,impostor,1.555706
1013655,241318,nd1S02463,nd1S04649,L,L,impostor,1.555718
1087232,204364,nd1S04470,nd1S04786,L,L,impostor,1.555782
165846,204364,nd1S04683,nd1S04786,L,L,impostor,1.555795
1087232,1192966,nd1S04470,nd1S04261,L,R,impostor,1.555818
1013666,1192961,nd1S02463,nd1S04261,L,R,impostor,1.555863
173640,764471,nd1S04394,nd1S04418,R,L,impostor,1.555911
1015652,164341,nd1S02463,nd1S04667,L,L,impostor,1.555947
165442,764441,nd1S04851,nd1S04418,L,L,impostor,1.555971
1192853,209271,nd1S04261,nd1S04859,L,R,impostor,1.556033
216438,374094,nd1S04505,nd1S04701,L,L,impostor,1.556049
1057021,165164,nd1S04394,nd1S04667,L,L,impostor,1.556094
165846,196910,nd1S04683,nd1S04714,L,R,impostor,1.556237
1085920,661748,nd1S04470,nd1S04970,L,R,impostor,1.556237
1057020,165846,nd1S04394,nd1S04683,L,L,impostor,1.556279
185551,241318,nd1S04683,nd1S04649,L,L,impostor,1.556350
1192962,162945,nd1S04261,nd1S04851,R,L,impostor,1.556356
165847,177120,nd1S04683,nd1S04714,L,R,impostor,1.556365
1192851,303666,nd1S04261,nd1S04649,L,L,impostor,1.556391
165442,185551,nd1S04851,nd1S04683,L,L,impostor,1.556464
1087232,164341,nd1S04470,nd1S04667,L,L,impostor,1.556485
177509,196865,nd1S04394,nd1S04714,R,R,impostor,1.556526
196865,660597,nd1S04714,nd1S04970,R,R,impostor,1.556532
176428,206660,nd1S04917,nd1S04505,R,L,impostor,1.556555
201324,240235,nd1S04917,nd1S04649,R,L,impostor,1.556607
161092,177718,nd1S04684,nd1S04394,L,R,impostor,1.556632
161092,185568,nd1S04684,nd1S04683,L,L,impostor,1.556667
1059130,204364,nd1S04470,nd1S04786,L,L,impostor,1.556670
165847,241318,nd1S04683,nd1S04649,L,L,impostor,1.556685
185568,241318,nd1S04683,nd1S04649,L,L,impostor,1.556696
1085920,206660,nd1S04470,nd1S04505,L,L,impostor,1.556729
185551,201606,nd1S04683,nd1S04667,L,L,impostor,1.556767
1058848,374089,nd1S04394,nd1S04701,L,L,impostor,1.556775
1057021,196910,nd1S04394,nd1S04714,L,R,impostor,1.556821
1085920,162040,nd1S04470,nd1S04684,L,L,impostor,1.556836
1058294,206659,nd1S04394,nd1S04505,L,L,impostor,1.556859
170317,207642,nd1S04394,nd1S04505,R,L,impostor,1.556874
173528,374089,nd1S04917,nd1S04701,R,L,impostor,1.556958
176428,374089,nd1S04917,nd1S04701,R,L,impostor,1.556983
201606,206659,nd1S04667,nd1S04505,L,L,impostor,1.556990
216439,241318,nd1S04505,nd1S04649,L,L,impostor,1.557003
1013655,165846,nd1S02463,nd1S04683,L,L,impostor,1.557047
185568,205864,nd1S04683,nd1S04701,L,L,impostor,1.557060
1192853,210510,nd1S04261,nd1S04701,L,R,impostor,1.557067
208441,661746,nd1S04859,nd1S04970,R,R,impostor,1.557080
165846,177120,nd1S04683,nd1S04714,L,R,impostor,1.557102
1192851,177718,nd1S04261,nd1S04394,L,R,impostor,1.557124
1192962,240235,nd1S04261,nd1S04649,R,L,impostor,1.557160
1085920,208382,nd1S04470,nd1S04701,L,R,impostor,1.557187
1058848,216439,nd1S04394,nd1S04505,L,L,impostor,1.557215
161093,209271,nd1S04684,nd1S04859,L,R,impostor,1.557306
165847,170317,nd1S04683,nd1S04394,L,R,impostor,1.557361
185568,201609,nd1S04683,nd1S04667,L,L,impostor,1.557401
205864,704265,nd1S04701,nd1S04418,L,L,impostor,1.557414
216439,240235,nd1S04505,nd1S04649,L,L,impostor,1.557484
1058294,1192959,nd1S04394,nd1S04261,L,R,impostor,1.557485
1085920,207642,nd1S04470,nd1S04505,L,L,impostor,1.557517
161092,210510,nd1S04684,nd1S04701,L,R,impostor,1.557521
161093,374089,nd1S04684,nd1S04701,L,L,impostor,1.557540
1063964,374089,nd1S02463,nd1S04701,L,L,impostor,1.557580
161093,661748,nd1S04684,nd1S04970,L,R,impostor,1.557595
1087232,166874,nd1S04470,nd1S04851,L,L,impostor,1.557602
1059130,217458,nd1S04470,nd1S04714,L,R,impostor,1.557615
1058848,170377,nd1S04394,nd1S04917,L,R,impostor,1.557622
1087836,662843,nd1S04470,nd1S04714,L,R,impostor,1.557664
164577,187684,nd1S04851,nd1S04786,L,L,impostor,1.557674
208441,217458,nd1S04859,nd1S04714,R,R,impostor,1.557700
1057021,1059130,nd1S04394,nd1S04470,L,L,impostor,1.557754
196910,207642,nd1S04714,nd1S04505,R,L,impostor,1.557842
166874,660597,nd1S04851,nd1S04970,L,R,impostor,1.557867
205864,216438,nd1S04701,nd1S04505,L,L,impostor,1.557878
1192962,209271,nd1S04261,nd1S04859,R,R,impostor,1.557902
1057020,165442,nd1S04394,nd1S04851,L,L,impostor,1.557904
166874,185551,nd1S04851,nd1S04683,L,L,impostor,1.557931
1057029,173528,nd1S04394,nd1S04917,L,R,impostor,1.558010
1057020,1192850,nd1S04394,nd1S04261,L,L,impostor,1.558014
1192851,662843,nd1S04261,nd1S04714,L,R,impostor,1.558029
1059130,1192959,nd1S04470,nd1S04261,L,R,impostor,1.558034
206660,660597,nd1S04505,nd1S04970,L,R,impostor,1.558113
187684,201324,nd1S04786,nd1S04917,L,R,impostor,1.558118
206660,661749,nd1S04505,nd1S04970,L,R,impostor,1.558130
165442,201325,nd1S04851,nd1S04917,L,R,impostor,1.558155
196910,764441,nd1S04714,nd1S04418,R,L,impostor,1.558248
205864,208382,nd1S04701,nd1S04701,L,R,impostor,1.558378
209978,661746,nd1S04701,nd1S04970,R,R,impostor,1.558453
1013666,1057021,nd1S02463,nd1S04394,L,L,impostor,1.558477
204364,661749,nd1S04786,nd1S04970,L,R,impostor,1.558495
1192966,217458,nd1S04261,nd1S04714,R,R,impostor,1.558549
209978,661749,nd1S04701,nd1S04970,R,R,impostor,1.558577
176428,241321,nd1S04917,nd1S04649,R,L,impostor,1.558590
1192966,208441,nd1S04261,nd1S04859,R,R,impostor,1.558639
1192852,374089,nd1S04261,nd1S04701,L,L,impostor,1.558675
170318,185551,nd1S04394,nd1S04683,R,L,impostor,1.558717
161093,210510,nd1S04684,nd1S04701,L,R,impostor,1.558721
165847,206660,nd1S04683,nd1S04505,L,L,impostor,1.558777
1192852,241316,nd1S04261,nd1S04649,L,L,impostor,1.558872
165847,209979,nd1S04683,nd1S04701,L,R,impostor,1.558894
166874,764467,nd1S04851,nd1S04418,L,L,impostor,1.558943
1015652,1192853,nd1S02463,nd1S04261,L,L,impostor,1.558958
165164,170377,nd1S04667,nd1S04917,L,R,impostor,1.559017
1057029,1085920,nd1S04394,nd1S04470,L,L,impostor,1.559022
170377,216439,nd1S04917,nd1S04505,R,L,impostor,1.559113
1192850,209978,nd1S04261,nd1S04701,L,R,impostor,1.559148
185551,205864,nd1S04683,nd1S04701,L,L,impostor,1.559154
1013666,216438,nd1S02463,nd1S04505,L,L,impostor,1.559160
160439,208381,nd1S04851,nd1S04701,L,R,impostor,1.559269
1192961,303666,nd1S04261,nd1S04649,R,L,impostor,1.559303
165846,209978,nd1S04683,nd1S04701,L,R,impostor,1.559317
1192961,177509,nd1S04261,nd1S04394,R,R,impostor,1.559374
1015652,187683,nd1S02463,nd1S04786,L,L,impostor,1.559414
661749,764467,nd1S04970,nd1S04418,R,L,impostor,1.559421
176428,208381,nd1S04917,nd1S04701,R,R,impostor,1.559454
1192966,216438,nd1S04261,nd1S04505,R,L,impostor,1.559470
1013655,201606,nd1S02463,nd1S04667,L,L,impostor,1.559513
164577,177120,nd1S04851,nd1S04714,L,R,impostor,1.559524
1192962,206660,nd1S04261,nd1S04505,R,L,impostor,1.559551
206660,374089,nd1S04505,nd1S04701,L,L,impostor,1.559621
1038326,164341,nd1S02463,nd1S04667,L,L,impostor,1.559692
177120,208441,nd1S04714,nd1S04859,R,R,impostor,1.559713
1192853,209979,nd1S04261,nd1S04701,L,R,impostor,1.559757
1192960,165442,nd1S04261,nd1S04851,R,L,impostor,1.559759
205864,240235,nd1S04701,nd1S04649,L,L,impostor,1.559814
1057020,1192961,nd1S04394,nd1S04261,L,R,impostor,1.559887
1192853,374094,nd1S04261,nd1S04701,L,L,impostor,1.559943
1087232,161092,nd1S04470,nd1S04684,L,L,impostor,1.559972
185568,764441,nd1S04683,nd1S04418,L,L,impostor,1.560060
166874,764441,nd1S04851,nd1S04418,L,L,impostor,1.560069
1057029,764441,nd1S04394,nd1S04418,L,L,impostor,1.560082
1038326,240235,nd1S02463,nd1S04649,L,L,impostor,1.560093
1192962,208382,nd1S04261,nd1S04701,R,R,impostor,1.560097
1192853,374089,nd1S04261,nd1S04701,L,L,impostor,1.560160
216438,241321,nd1S04505,nd1S04649,L,L,impostor,1.560242
1192962,208443,nd1S04261,nd1S04859,R,R,impostor,1.560249
160252,170318,nd1S04684,nd1S04394,L,R,impostor,1.560252
196910,241316,nd1S04714,nd1S04649,R,L,impostor,1.560290
209268,303666,nd1S04859,nd1S04649,R,L,impostor,1.560389
165846,209979,nd1S04683,nd1S04701,L,R,impostor,1.560400
1059130,208443,nd1S04470,nd1S04859,L,R,impostor,1.560411
173640,209979,nd1S04394,nd1S04701,R,R,impostor,1.560412
196865,303666,nd1S04714,nd1S04649,R,L,impostor,1.560440
165161,165442,nd1S04667,nd1S04851,L,L,impostor,1.560492
1057021,216439,nd1S04394,nd1S04505,L,L,impostor,1.560502
1058294,208441,nd1S04394,nd1S04859,L,R,impostor,1.560595
1057029,209979,nd1S04394,nd1S04701,L,R,impostor,1.560623
196910,240235,nd1S04714,nd1S04649,R,L,impostor,1.560660
160356,177718,nd1S04683,nd1S04394,L,R,impostor,1.560673
1058848,1192962,nd1S04394,nd1S04261,L,R,impostor,1.560692
161092,177509,nd1S04684,nd1S04394,L,R,impostor,1.560738
1057021,1087232,nd1S04394,nd1S04470,L,L,impostor,1.560743
1192852,764441,nd1S04261,nd1S04418,L,L,impostor,1.560776
1057029,201324,nd1S04394,nd1S04917,L,R,impostor,1.560789
1057021,216438,nd1S04394,nd1S04505,L,L,impostor,1.560797
160356,661748,nd1S04683,nd1S04970,L,R,impostor,1.560829
165846,208441,nd1S04683,nd1S04859,L,R,impostor,1.560862
1087232,187683,nd1S04470,nd1S04786,L,L,impostor,1.560930
208382,303666,nd1S04701,nd1S04649,R,L,impostor,1.561023
173640,660597,nd1S04394,nd1S04970,R,R,impostor,1.561024
170317,661748,nd1S04394,nd1S04970,R,R,impostor,1.561135
173640,764442,nd1S04394,nd1S04418,R,L,impostor,1.561215
1192966,166874,nd1S04261,nd1S04851,R,L,impostor,1.561265
160356,162945,nd1S04683,nd1S04851,L,L,impostor,1.561291
1192852,177718,nd1S04261,nd1S04394,L,R,impostor,1.561307
1038326,201324,nd1S02463,nd1S04917,L,R,impostor,1.561320
201709,240235,nd1S04701,nd1S04649,L,L,impostor,1.561347
165442,176428,nd1S04851,nd1S04917,L,R,impostor,1.561365
1192852,201606,nd1S04261,nd1S04667,L,L,impostor,1.561372
165161,165847,nd1S04667,nd1S04683,L,L,impostor,1.561417
161093,661746,nd1S04684,nd1S04970,L,R,impostor,1.561456
1057020,1192966,nd1S04394,nd1S04261,L,R,impostor,1.561524
1013655,160356,nd1S02463,nd1S04683,L,L,impostor,1.561555
177120,187684,nd1S04714,nd1S04786,R,L,impostor,1.561620
1192851,240235,nd1S04261,nd1S04649,L,L,impostor,1.561665
164341,217458,nd1S04667,nd1S04714,L,R,impostor,1.561668
1192962,176428,nd1S04261,nd1S04917,R,R,impostor,1.561691
165161,208441,nd1S04667,nd1S04859,L,R,impostor,1.561762
240235,661746,nd1S04649,nd1S04970,L,R,impostor,1.561800
1058848,201325,nd1S04394,nd1S04917,L,R,impostor,1.561807
1058294,206660,nd1S04394,nd1S04505,L,L,impostor,1.561839
165847,209978,nd1S04683,nd1S04701,L,R,impostor,1.561933
187714,208443,nd1S04786,nd1S04859,L,R,impostor,1.561960
1057021,241316,nd1S04394,nd1S04649,L,L,impostor,1.562002
1192852,201609,nd1S04261,nd1S04667,L,L,impostor,1.562016
208443,704265,nd1S04859,nd1S04418,R,L,impostor,1.562023
1038326,1057029,nd1S02463,nd1S04394,L,L,impostor,1.562157
240235,660598,nd1S04649,nd1S04970,L,R,impostor,1.562159
165846,764467,nd1S04683,nd1S04418,L,L,impostor,1.562197
1087836,170377,nd1S04470,nd1S04917,L,R,impostor,1.562226
1085920,764441,nd1S04470,nd1S04418,L,L,impostor,1.562235
209271,303666,nd1S04859,nd1S04649,R,L,impostor,1.562296
1063964,165442,nd1S02463,nd1S04851,L,L,impostor,1.562321
165161,166874,nd1S04667,nd1S04851,L,L,impostor,1.562325
201325,204364,nd1S04917,nd1S04786,R,L,impostor,1.562327
1085920,177718,nd1S04470,nd1S04394,L,R,impostor,1.562360
166874,208381,nd1S04851,nd1S04701,L,R,impostor,1.562390
1192851,764441,nd1S04261,nd1S04418,L,L,impostor,1.562397
187684,216439,nd1S04786,nd1S04505,L,L,impostor,1.562415
164341,201325,nd1S04667,nd1S04917,L,R,impostor,1.562424
1058848,374094,nd1S04394,nd1S04701,L,L,impostor,1.562426
165442,165846,nd1S04851,nd1S04683,L,L,impostor,1.562443
170318,764441,nd1S04394,nd1S04418,R,L,impostor,1.562469
1192960,209267,nd1S04261,nd1S04859,R,R,impostor,1.562522
205864,764441,nd1S04701,nd1S04418,L,L,impostor,1.562575
1038326,303666,nd1S02463,nd1S04649,L,L,impostor,1.562674
173640,201324,nd1S04394,nd1S04917,R,R,impostor,1.562755
1057029,204364,nd1S04394,nd1S04786,L,L,impostor,1.562759
661748,764467,nd1S04970,nd1S04418,R,L,impostor,1.562781
1013666,1192959,nd1S02463,nd1S04261,L,R,impostor,1.562800
241318,704265,nd1S04649,nd1S04418,L,L,impostor,1.562814
166874,206660,nd1S04851,nd1S04505,L,L,impostor,1.562828
1057021,206659,nd1S04394,nd1S04505,L,L,impostor,1.562887
185551,374089,nd1S04683,nd1S04701,L,L,impostor,1.562904
1086712,196865,nd1S04470,nd1S04714,L,R,impostor,1.562997
162039,204364,nd1S04684,nd1S04786,L,L,impostor,1.563044
165847,206659,nd1S04683,nd1S04505,L,L,impostor,1.563059
196910,374094,nd1S04714,nd1S04701,R,L,impostor,1.563073
185568,661746,nd1S04683,nd1S04970,L,R,impostor,1.563093
1057029,209978,nd1S04394,nd1S04701,L,R,impostor,1.563094
187714,661746,nd1S04786,nd1S04970,L,R,impostor,1.563126
1058294,201606,nd1S04394,nd1S04667,L,L,impostor,1.563144
1063964,207642,nd1S02463,nd1S04505,L,L,impostor,1.563265
1086712,166874,nd1S04470,nd1S04851,L,L,impostor,1.563303
1058294,216438,nd1S04394,nd1S04505,L,L,impostor,1.563304
374094,764441,nd1S04701,nd1S04418,L,L,impostor,1.563354
160439,185568,nd1S04851,nd1S04683,L,L,impostor,1.563367
160356,165442,nd1S04683,nd1S04851,L,L,impostor,1.563480
1013666,1058294,nd1S02463,nd1S04394,L,L,impostor,1.563515
160252,209979,nd1S04684,nd1S04701,L,R,impostor,1.563566
201709,208381,nd1S04701,nd1S04701,L,R,impostor,1.563576
161092,205864,nd1S04684,nd1S04701,L,L,impostor,1.563637
177509,660598,nd1S04394,nd1S04970,R,R,impostor,1.563720
1192961,241318,nd1S04261,nd1S04649,R,L,impostor,1.563741
185551,187684,nd1S04683,nd1S04786,L,L,impostor,1.563809
1087232,162945,nd1S04470,nd1S04851,L,L,impostor,1.563819
1192850,201609,nd1S04261,nd1S04667,L,L,impostor,1.563827
1085920,209979,nd1S04470,nd1S04701,L,R,impostor,1.563857
1087232,208381,nd1S04470,nd1S04701,L,R,impostor,1.563908
176428,240235,nd1S04917,nd1S04649,R,L,impostor,1.563956
185568,374089,nd1S04683,nd1S04701,L,L,impostor,1.563975
1192850,162040,nd1S04261,nd1S04684,L,L,impostor,1.564093
661748,764441,nd1S04970,nd1S04418,R,L,impostor,1.564095
187714,661749,nd1S04786,nd1S04970,L,R,impostor,1.564224
209979,374094,nd1S04701,nd1S04701,R,L,impostor,1.564254
241318,374094,nd1S04649,nd1S04701,L,L,impostor,1.564322
162040,210510,nd1S04684,nd1S04701,L,R,impostor,1.564350
1057029,165846,nd1S04394,nd1S04683,L,L,impostor,1.564579
1192851,177509,nd1S04261,nd1S04394,L,R,impostor,1.564580
206660,764441,nd1S04505,nd1S04418,L,L,impostor,1.564582
1192850,374108,nd1S04261,nd1S04701,L,L,impostor,1.564592
208381,241316,nd1S04701,nd1S04649,R,L,impostor,1.564603
166874,208443,nd1S04851,nd1S04859,L,R,impostor,1.564653
1192850,374094,nd1S04261,nd1S04701,L,L,impostor,1.564659
1192961,208382,nd1S04261,nd1S04701,R,R,impostor,1.564683
1192960,165161,nd1S04261,nd1S04667,R,L,impostor,1.564717
1087836,187684,nd1S04470,nd1S04786,L,L,impostor,1.564729
1085920,176428,nd1S04470,nd1S04917,L,R,impostor,1.564765
1063964,1192850,nd1S02463,nd1S04261,L,L,impostor,1.564813
1192849,185551,nd1S04261,nd1S04683,L,L,impostor,1.564886
196865,210510,nd1S04714,nd1S04701,R,R,impostor,1.564889
1057021,187684,nd1S04394,nd1S04786,L,L,impostor,1.564906
1087232,662843,nd1S04470,nd1S04714,L,R,impostor,1.564937
1015652,661746,nd1S02463,nd1S04970,L,R,impostor,1.564977
187684,201709,nd1S04786,nd1S04701,L,L,impostor,1.564991
1192851,374094,nd1S04261,nd1S04701,L,L,impostor,1.564997
1063964,164341,nd1S02463,nd1S04667,L,L,impostor,1.565064
1087836,165164,nd1S04470,nd1S04667,L,L,impostor,1.565069
162039,165442,nd1S04684,nd1S04851,L,L,impostor,1.565086
1058294,1087232,nd1S04394,nd1S04470,L,L,impostor,1.565103
209979,374089,nd1S04701,nd1S04701,R,L,impostor,1.565103
1013655,187683,nd1S02463,nd1S04786,L,L,impostor,1.565150
1013655,201609,nd1S02463,nd1S04667,L,L,impostor,1.565225
1058294,216439,nd1S04394,nd1S04505,L,L,impostor,1.565230
162040,208441,nd1S04684,nd1S04859,L,R,impostor,1.565260
196910,201325,nd1S04714,nd1S04917,R,R,impostor,1.565300
201324,206659,nd1S04917,nd1S04505,R,L,impostor,1.565326
1057020,704265,nd1S04394,nd1S04418,L,L,impostor,1.565334
165846,187714,nd1S04683,nd1S04786,L,L,impostor,1.565423
1087836,241321,nd1S04470,nd1S04649,L,L,impostor,1.565442
1087232,374089,nd1S04470,nd1S04701,L,L,impostor,1.565456
201324,209268,nd1S04917,nd1S04859,R,R,impostor,1.565492
1057029,374094,nd1S04394,nd1S04701,L,L,impostor,1.565531
1087232,1192962,nd1S04470,nd1S04261,L,R,impostor,1.565537
165161,176428,nd1S04667,nd1S04917,L,R,impostor,1.565545
201324,216438,nd1S04917,nd1S04505,R,L,impostor,1.565566
165164,204364,nd1S04667,nd1S04786,L,L,impostor,1.565593
1086712,160439,nd1S04470,nd1S04851,L,L,impostor,1.565629
1085920,177509,nd1S04470,nd1S04394,L,R,impostor,1.565698
1086712,662843,nd1S04470,nd1S04714,L,R,impostor,1.565717
1085920,165846,nd1S04470,nd1S04683,L,L,impostor,1.565826
201606,207642,nd1S04667,nd1S04505,L,L,impostor,1.565941
206660,374094,nd1S04505,nd1S04701,L,L,impostor,1.565942
173528,201609,nd1S04917,nd1S04667,R,L,impostor,1.565957
165442,187714,nd1S04851,nd1S04786,L,L,impostor,1.565974
173640,185568,nd1S04394,nd1S04683,R,L,impostor,1.566057
201324,241321,nd1S04917,nd1S04649,R,L,impostor,1.566098
1058294,1059130,nd1S04394,nd1S04470,L,L,impostor,1.566131
241316,660597,nd1S04649,nd1S04970,L,R,impostor,1.566149
185568,201325,nd1S04683,nd1S04917,L,R,impostor,1.566160
1057021,209268,nd1S04394,nd1S04859,L,R,impostor,1.566196
201709,241316,nd1S04701,nd1S04649,L,L,impostor,1.566231
164577,165847,nd1S04851,nd1S04683,L,L,impostor,1.566238
1058294,165164,nd1S04394,nd1S04667,L,L,impostor,1.566242
209268,661746,nd1S04859,nd1S04970,R,R,impostor,1.566272
662843,764471,nd1S04714,nd1S04418,R,L,impostor,1.566296
161092,764467,nd1S04684,nd1S04418,L,L,impostor,1.566358
1192961,764441,nd1S04261,nd1S04418,R,L,impostor,1.566385
1063964,206659,nd1S02463,nd1S04505,L,L,impostor,1.566468
201709,662843,nd1S04701,nd1S04714,L,R,impostor,1.566537
165164,185568,nd1S04667,nd1S04683,L,L,impostor,1.566589
1013666,170377,nd1S02463,nd1S04917,L,R,impostor,1.566595
177509,216438,nd1S04394,nd1S04505,R,L,impostor,1.566611
1192961,374108,nd1S04261,nd1S04701,R,L,impostor,1.566633
1192962,165847,nd1S04261,nd1S04683,R,L,impostor,1.566741
1058848,208441,nd1S04394,nd1S04859,L,R,impostor,1.566762
1085920,764467,nd1S04470,nd1S04418,L,L,impostor,1.566767
1063964,187714,nd1S02463,nd1S04786,L,L,impostor,1.566867
160356,764467,nd1S04683,nd1S04418,L,L,impostor,1.566951
1057020,170377,nd1S04394,nd1S04917,L,R,impostor,1.566974
160356,208382,nd1S04683,nd1S04701,L,R,impostor,1.566997
1192850,208443,nd1S04261,nd1S04859,L,R,impostor,1.566999
241321,660597,nd1S04649,nd1S04970,L,R,impostor,1.567094
1086712,1192960,nd1S04470,nd1S04261,L,R,impostor,1.567111
216439,303666,nd1S04505,nd1S04649,L,L,impostor,1.567151
177718,209271,nd1S04394,nd1S04859,R,R,impostor,1.567166
661748,662843,nd1S04970,nd1S04714,R,R,impostor,1.567195
1057021,241321,nd1S04394,nd1S04649,L,L,impostor,1.567218
1192849,170377,nd1S04261,nd1S04917,L,R,impostor,1.567301
1192851,209268,nd1S04261,nd1S04859,L,R,impostor,1.567339
1192850,209271,nd1S04261,nd1S04859,L,R,impostor,1.567358
1086712,201709,nd1S04470,nd1S04701,L,L,impostor,1.567359
1192959,764467,nd1S04261,nd1S04418,R,L,impostor,1.567413
209978,660598,nd1S04701,nd1S04970,R,R,impostor,1.567447
1059130,187684,nd1S04470,nd1S04786,L,L,impostor,1.567496
176428,241318,nd1S04917,nd1S04649,R,L,impostor,1.567497
1058848,1192960,nd1S04394,nd1S04261,L,R,impostor,1.567507
1059130,209271,nd1S04470,nd1S04859,L,R,impostor,1.567509
187684,209268,nd1S04786,nd1S04859,L,R,impostor,1.567536
1058848,170317,nd1S04394,nd1S04394,L,R,impostor,1.567567
170317,241318,nd1S04394,nd1S04649,R,L,impostor,1.567748
201325,201709,nd1S04917,nd1S04701,R,L,impostor,1.567812
1058848,1192959,nd1S04394,nd1S04261,L,R,impostor,1.567845
164341,660597,nd1S04667,nd1S04970,L,R,impostor,1.567848
1057021,1192961,nd1S04394,nd1S04261,L,R,impostor,1.568104
1057021,1192960,nd1S04394,nd1S04261,L,R,impostor,1.568142
1057020,240235,nd1S04394,nd1S04649,L,L,impostor,1.568187
165846,176428,nd1S04683,nd1S04917,L,R,impostor,1.568256
170317,206659,nd1S04394,nd1S04505,R,L,impostor,1.568268
185551,187654,nd1S04683,nd1S04786,L,L,impostor,1.568299
1058294,207642,nd1S04394,nd1S04505,L,L,impostor,1.568338
160252,201325,nd1S04684,nd1S04917,L,R,impostor,1.568381
209271,240235,nd1S04859,nd1S04649,R,L,impostor,1.568390
1013666,207642,nd1S02463,nd1S04505,L,L,impostor,1.568394
161093,208441,nd1S04684,nd1S04859,L,R,impostor,1.568454
240235,661748,nd1S04649,nd1S04970,L,R,impostor,1.568476
160356,241316,nd1S04683,nd1S04649,L,L,impostor,1.568496
1057020,185551,nd1S04394,nd1S04683,L,L,impostor,1.568498
160439,660598,nd1S04851,nd1S04970,L,R,impostor,1.568524
241321,661749,nd1S04649,nd1S04970,L,R,impostor,1.568540
164577,764471,nd1S04851,nd1S04418,L,L,impostor,1.568557
160356,160439,nd1S04683,nd1S04851,L,L,impostor,1.568579
164341,173528,nd1S04667,nd1S04917,L,R,impostor,1.568623
1057020,241316,nd1S04394,nd1S04649,L,L,impostor,1.568650
176428,185551,nd1S04917,nd1S04683,R,L,impostor,1.568674
176428,201606,nd1S04917,nd1S04667,R,L,impostor,1.568786
1085920,162039,nd1S04470,nd1S04684,L,L,impostor,1.568893
177120,303666,nd1S04714,nd1S04649,R,L,impostor,1.568944
177509,241316,nd1S04394,nd1S04649,R,L,impostor,1.568955
1192962,170377,nd1S04261,nd1S04917,R,R,impostor,1.568971
201709,764442,nd1S04701,nd1S04418,L,L,impostor,1.569003
187683,374094,nd1S04786,nd1S04701,L,L,impostor,1.569003
161093,764467,nd1S04684,nd1S04418,L,L,impostor,1.569038
1085920,1192959,nd1S04470,nd1S04261,L,R,impostor,1.569055
209267,764442,nd1S04859,nd1S04418,R,L,impostor,1.569132
1192853,374108,nd1S04261,nd1S04701,L,L,impostor,1.569135
176428,661746,nd1S04917,nd1S04970,R,R,impostor,1.569167
1087836,165442,nd1S04470,nd1S04851,L,L,impostor,1.569179
1087232,764467,nd1S04470,nd1S04418,L,L,impostor,1.569265
162945,240235,nd1S04851,nd1S04649,L,L,impostor,1.569303
1063964,209978,nd1S02463,nd1S04701,L,R,impostor,1.569364
187714,201709,nd1S04786,nd1S04701,L,L,impostor,1.569378
162040,660598,nd1S04684,nd1S04970,L,R,impostor,1.569396
1057029,764442,nd1S04394,nd1S04418,L,L,impostor,1.569411
1057021,170377,nd1S04394,nd1S04917,L,R,impostor,1.569431
164341,173640,nd1S04667,nd1S04394,L,R,impostor,1.569477
177509,196910,nd1S04394,nd1S04714,R,R,impostor,1.569484
170318,216438,nd1S04394,nd1S04505,R,L,impostor,1.569494
1057029,187683,nd1S04394,nd1S04786,L,L,impostor,1.569520
374108,704265,nd1S04701,nd1S04418,L,L,impostor,1.569621
170377,206659,nd1S04917,nd1S04505,R,L,impostor,1.569643
1086712,161092,nd1S04470,nd1S04684,L,L,impostor,1.569678
160356,187654,nd1S04683,nd1S04786,L,L,impostor,1.569699
165847,661746,nd1S04683,nd1S04970,L,R,impostor,1.569742
177509,185568,nd1S04394,nd1S04683,R,L,impostor,1.569761
1015652,1192849,nd1S02463,nd1S04261,L,L,impostor,1.569838
1192853,161092,nd1S04261,nd1S04684,L,L,impostor,1.569839
1192960,764467,nd1S04261,nd1S04418,R,L,impostor,1.569926
208381,209267,nd1S04701,nd1S04859,R,R,impostor,1.569956
162040,209268,nd1S04684,nd1S04859,L,R,impostor,1.569962
1192962,209268,nd1S04261,nd1S04859,R,R,impostor,1.569973
209268,240235,nd1S04859,nd1S04649,R,L,impostor,1.570007
1063964,162040,nd1S02463,nd1S04684,L,L,impostor,1.570061
170318,185568,nd1S04394,nd1S04683,R,L,impostor,1.570094
206660,662843,nd1S04505,nd1S04714,L,R,impostor,1.570102
1192850,210510,nd1S04261,nd1S04701,L,R,impostor,1.570145
1057021,217458,nd1S04394,nd1S04714,L,R,impostor,1.570157
162945,165847,nd1S04851,nd1S04683,L,L,impostor,1.570161
187684,209267,nd1S04786,nd1S04859,L,R,impostor,1.570173
241321,374094,nd1S04649,nd1S04701,L,L,impostor,1.570184
201324,241316,nd1S04917,nd1S04649,R,L,impostor,1.570203
165847,374094,nd1S04683,nd1S04701,L,L,impostor,1.570272
165846,207642,nd1S04683,nd1S04505,L,L,impostor,1.570274
205864,216439,nd1S04701,nd1S04505,L,L,impostor,1.570275
1192852,161092,nd1S04261,nd1S04684,L,L,impostor,1.570284
162040,187654,nd1S04684,nd1S04786,L,L,impostor,1.570291
187654,216439,nd1S04786,nd1S04505,L,L,impostor,1.570332
1192853,177718,nd1S04261,nd1S04394,L,R,impostor,1.570366
1057029,201709,nd1S04394,nd1S04701,L,L,impostor,1.570403
160252,165442,nd1S04684,nd1S04851,L,L,impostor,1.570408
164341,176428,nd1S04667,nd1S04917,L,R,impostor,1.570514
209267,660598,nd1S04859,nd1S04970,R,R,impostor,1.570516
201609,209271,nd1S04667,nd1S04859,L,R,impostor,1.570552
1058848,1192852,nd1S04394,nd1S04261,L,L,impostor,1.570573
162040,661746,nd1S04684,nd1S04970,L,R,impostor,1.570573
164577,704265,nd1S04851,nd1S04418,L,L,impostor,1.570625
1038326,208381,nd1S02463,nd1S04701,L,R,impostor,1.570695
185551,201709,nd1S04683,nd1S04701,L,L,impostor,1.570706
164577,764467,nd1S04851,nd1S04418,L,L,impostor,1.570709
1192960,209268,nd1S04261,nd1S04859,R,R,impostor,1.570788
177718,662843,nd1S04394,nd1S04714,R,R,impostor,1.570864
1057029,1192852,nd1S04394,nd1S04261,L,L,impostor,1.570865
1059130,162040,nd1S04470,nd1S04684,L,L,impostor,1.570877
166874,201609,nd1S04851,nd1S04667,L,L,impostor,1.570881
176428,201709,nd1S04917,nd1S04701,R,L,impostor,1.570893
1192961,170377,nd1S04261,nd1S04917,R,R,impostor,1.570910
185551,209979,nd1S04683,nd1S04701,L,R,impostor,1.570979
1058294,1192966,nd1S04394,nd1S04261,L,R,impostor,1.570993
160252,187654,nd1S04684,nd1S04786,L,L,impostor,1.570994
162945,661748,nd1S04851,nd1S04970,L,R,impostor,1.571093
1058294,170318,nd1S04394,nd1S04394,L,R,impostor,1.571104
1192966,374094,nd1S04261,nd1S04701,R,L,impostor,1.571162
1058848,206660,nd1S04394,nd1S04505,L,L,impostor,1.571178
161092,162945,nd1S04684,nd1S04851,L,L,impostor,1.571240
208443,661746,nd1S04859,nd1S04970,R,R,impostor,1.571254
177120,207642,nd1S04714,nd1S04505,R,L,impostor,1.571266
1087232,201324,nd1S04470,nd1S04917,L,R,impostor,1.571285
1192851,173640,nd1S04261,nd1S04394,L,R,impostor,1.571304
162945,216439,nd1S04851,nd1S04505,L,L,impostor,1.571309
208382,240235,nd1S04701,nd1S04649,R,L,impostor,1.571321
164577,217458,nd1S04851,nd1S04714,L,R,impostor,1.571324
1013655,241321,nd1S02463,nd1S04649,L,L,impostor,1.571346
160356,241318,nd1S04683,nd1S04649,L,L,impostor,1.571396
208381,240235,nd1S04701,nd1S04649,R,L,impostor,1.571433
170377,207642,nd1S04917,nd1S04505,R,L,impostor,1.571437
1059130,173640,nd1S04470,nd1S04394,L,R,impostor,1.571461
1063964,1192852,nd1S02463,nd1S04261,L,L,impostor,1.571555
162945,209979,nd1S04851,nd1S04701,L,R,impostor,1.571560
1057021,374089,nd1S04394,nd1S04701,L,L,impostor,1.571560
187714,661748,nd1S04786,nd1S04970,L,R,impostor,1.571707
209268,660597,nd1S04859,nd1S04970,R,R,impostor,1.571774
1013666,662843,nd1S02463,nd1S04714,L,R,impostor,1.571776
1192849,216438,nd1S04261,nd1S04505,L,L,impostor,1.571813
1192851,162040,nd1S04261,nd1S04684,L,L,impostor,1.571813
1057021,207642,nd1S04394,nd1S04505,L,L,impostor,1.571823
661746,764442,nd1S04970,nd1S04418,R,L,impostor,1.571826
170318,241318,nd1S04394,nd1S04649,R,L,impostor,1.571846
1013655,170317,nd1S02463,nd1S04394,L,R,impostor,1.571851
165442,187684,nd1S04851,nd1S04786,L,L,impostor,1.571879
1192849,241321,nd1S04261,nd1S04649,L,L,impostor,1.571943
164577,241316,nd1S04851,nd1S04649,L,L,impostor,1.571952
1013655,162040,nd1S02463,nd1S04684,L,L,impostor,1.571980
162945,185568,nd1S04851,nd1S04683,L,L,impostor,1.572008
241316,764441,nd1S04649,nd1S04418,L,L,impostor,1.572010
201325,374108,nd1S04917,nd1S04701,R,L,impostor,1.572095
160252,209267,nd1S04684,nd1S04859,L,R,impostor,1.572122
177718,216439,nd1S04394,nd1S04505,R,L,impostor,1.572136
1087836,1192960,nd1S04470,nd1S04261,L,R,impostor,1.572257
1059130,764442,nd1S04470,nd1S04418,L,L,impostor,1.572290
162945,196865,nd1S04851,nd1S04714,L,R,impostor,1.572404
1087232,187714,nd1S04470,nd1S04786,L,L,impostor,1.572411
1087232,165161,nd1S04470,nd1S04667,L,L,impostor,1.572428
1057029,208382,nd1S04394,nd1S04701,L,R,impostor,1.572435
1057029,162039,nd1S04394,nd1S04684,L,L,impostor,1.572480
187683,208441,nd1S04786,nd1S04859,L,R,impostor,1.572482
1192849,374089,nd1S04261,nd1S04701,L,L,impostor,1.572576
1015652,240235,nd1S02463,nd1S04649,L,L,impostor,1.572686
165164,374094,nd1S04667,nd1S04701,L,L,impostor,1.572738
241321,704265,nd1S04649,nd1S04418,L,L,impostor,1.572772
1013666,201325,nd1S02463,nd1S04917,L,R,impostor,1.572778
1057021,241318,nd1S04394,nd1S04649,L,L,impostor,1.572778
1058294,170317,nd1S04394,nd1S04394,L,R,impostor,1.572798
185568,196910,nd1S04683,nd1S04714,L,R,impostor,1.572888
1013655,161092,nd1S02463,nd1S04684,L,L,impostor,1.572921
165442,764442,nd1S04851,nd1S04418,L,L,impostor,1.572923
207642,241321,nd1S04505,nd1S04649,L,L,impostor,1.572942
1063964,170377,nd1S02463,nd1S04917,L,R,impostor,1.572950
162039,206660,nd1S04684,nd1S04505,L,L,impostor,1.573041
1087232,177509,nd1S04470,nd1S04394,L,R,impostor,1.573044
1192850,764442,nd1S04261,nd1S04418,L,L,impostor,1.573060
241321,660598,nd1S04649,nd1S04970,L,R,impostor,1.573135
1057020,187683,nd1S04394,nd1S04786,L,L,impostor,1.573177
1038326,374094,nd1S02463,nd1S04701,L,L,impostor,1.573181
201324,210510,nd1S04917,nd1S04701,R,R,impostor,1.573242
1192853,177509,nd1S04261,nd1S04394,L,R,impostor,1.573303
1085920,201709,nd1S04470,nd1S04701,L,L,impostor,1.573416
1192849,209267,nd1S04261,nd1S04859,L,R,impostor,1.573462
209978,374108,nd1S04701,nd1S04701,R,L,impostor,1.573526
1192959,208382,nd1S04261,nd1S04701,R,R,impostor,1.573527
1192962,160439,nd1S04261,nd1S04851,R,L,impostor,1.573541
173640,216439,nd1S04394,nd1S04505,R,L,impostor,1.573565
162040,170317,nd1S04684,nd1S04394,L,R,impostor,1.573586
166874,196865,nd1S04851,nd1S04714,L,R,impostor,1.573594
660598,704265,nd1S04970,nd1S04418,R,L,impostor,1.573607
206659,217458,nd1S04505,nd1S04714,L,R,impostor,1.573643
1192961,209979,nd1S04261,nd1S04701,R,R,impostor,1.573664
201709,209979,nd1S04701,nd1S04701,L,R,impostor,1.573687
173640,196865,nd1S04394,nd1S04714,R,R,impostor,1.573715
1192851,241318,nd1S04261,nd1S04649,L,L,impostor,1.573741
201324,660598,nd1S04917,nd1S04970,R,R,impostor,1.573764
205864,217458,nd1S04701,nd1S04714,L,R,impostor,1.573793
1059130,216439,nd1S04470,nd1S04505,L,L,impostor,1.573828
1013666,187684,nd1S02463,nd1S04786,L,L,impostor,1.573864
165847,764467,nd1S04683,nd1S04418,L,L,impostor,1.573866
241316,661749,nd1S04649,nd1S04970,L,R,impostor,1.573868
201325,661749,nd1S04917,nd1S04970,R,R,impostor,1.573877
177120,210510,nd1S04714,nd1S04701,R,R,impostor,1.573881
217458,241316,nd1S04714,nd1S04649,R,L,impostor,1.573916
1063964,187654,nd1S02463,nd1S04786,L,L,impostor,1.573928
1087232,164577,nd1S04470,nd1S04851,L,L,impostor,1.573950
1057021,208443,nd1S04394,nd1S04859,L,R,impostor,1.573996
1192851,164341,nd1S04261,nd1S04667,L,L,impostor,1.574007
1192959,660597,nd1S04261,nd1S04970,R,R,impostor,1.574079
1087232,201325,nd1S04470,nd1S04917,L,R,impostor,1.574156
1087836,764467,nd1S04470,nd1S04418,L,L,impostor,1.574276
160356,201709,nd1S04683,nd1S04701,L,L,impostor,1.574314
1059130,240235,nd1S04470,nd1S04649,L,L,impostor,1.574392
185551,206659,nd1S04683,nd1S04505,L,L,impostor,1.574466
1038326,1192966,nd1S02463,nd1S04261,L,R,impostor,1.574488
1087232,196865,nd1S04470,nd1S04714,L,R,impostor,1.574488
187683,764471,nd1S04786,nd1S04418,L,L,impostor,1.574596
166874,209978,nd1S04851,nd1S04701,L,R,impostor,1.574671
1192850,205864,nd1S04261,nd1S04701,L,L,impostor,1.574680
1086712,1192966,nd1S04470,nd1S04261,L,R,impostor,1.574723
1057020,196865,nd1S04394,nd1S04714,L,R,impostor,1.574724
162040,209271,nd1S04684,nd1S04859,L,R,impostor,1.574728
1057021,165161,nd1S04394,nd1S04667,L,L,impostor,1.574737
177509,660597,nd1S04394,nd1S04970,R,R,impostor,1.574758
185568,240235,nd1S04683,nd1S04649,L,L,impostor,1.574833
185551,764441,nd1S04683,nd1S04418,L,L,impostor,1.574857
165164,187683,nd1S04667,nd1S04786,L,L,impostor,1.574904
209267,661746,nd1S04859,nd1S04970,R,R,impostor,1.574927
204364,374089,nd1S04786,nd1S04701,L,L,impostor,1.574934
170318,210510,nd1S04394,nd1S04701,R,R,impostor,1.574981
374108,662843,nd1S04701,nd1S04714,L,R,impostor,1.574993
173640,303666,nd1S04394,nd1S04649,R,L,impostor,1.575032
161093,162945,nd1S04684,nd1S04851,L,L,impostor,1.575037
1192960,205864,nd1S04261,nd1S04701,R,L,impostor,1.575051
173640,241321,nd1S04394,nd1S04649,R,L,impostor,1.575095
160356,207642,nd1S04683,nd1S04505,L,L,impostor,1.575112
185551,216439,nd1S04683,nd1S04505,L,L,impostor,1.575112
1013666,241316,nd1S02463,nd1S04649,L,L,impostor,1.575118
1192853,165164,nd1S04261,nd1S04667,L,L,impostor,1.575159
241318,660597,nd1S04649,nd1S04970,L,R,impostor,1.575165
165442,764471,nd1S04851,nd1S04418,L,L,impostor,1.575176
1058848,207642,nd1S04394,nd1S04505,L,L,impostor,1.575252
166874,201325,nd1S04851,nd1S04917,L,R,impostor,1.575256
1192962,206659,nd1S04261,nd1S04505,R,L,impostor,1.575311
161092,166874,nd1S04684,nd1S04851,L,L,impostor,1.575336
1192959,209978,nd1S04261,nd1S04701,R,R,impostor,1.575347
161093,209979,nd1S04684,nd1S04701,L,R,impostor,1.575358
1087232,217458,nd1S04470,nd1S04714,L,R,impostor,1.575406
241318,374108,nd1S04649,nd1S04701,L,L,impostor,1.575437
1192960,176428,nd1S04261,nd1S04917,R,R,impostor,1.575521
201324,217458,nd1S04917,nd1S04714,R,R,impostor,1.575522
185568,216438,nd1S04683,nd1S04505,L,L,impostor,1.575529
209268,241321,nd1S04859,nd1S04649,R,L,impostor,1.575530
1063964,1192853,nd1S02463,nd1S04261,L,L,impostor,1.575540
1192850,173640,nd1S04261,nd1S04394,L,R,impostor,1.575714
1038326,201325,nd1S02463,nd1S04917,L,R,impostor,1.575822
1087232,208382,nd1S04470,nd1S04701,L,R,impostor,1.575859
1058848,206659,nd1S04394,nd1S04505,L,L,impostor,1.575969
1058294,201325,nd1S04394,nd1S04917,L,R,impostor,1.575993
161093,661749,nd1S04684,nd1S04970,L,R,impostor,1.576004
176428,201609,nd1S04917,nd1S04667,R,L,impostor,1.576061
162040,661749,nd1S04684,nd1S04970,L,R,impostor,1.576072
217458,374089,nd1S04714,nd1S04701,R,L,impostor,1.576092
165164,661746,nd1S04667,nd1S04970,L,R,impostor,1.576102
1087232,216438,nd1S04470,nd1S04505,L,L,impostor,1.576108
170318,661748,nd1S04394,nd1S04970,R,R,impostor,1.576173
201324,241318,nd1S04917,nd1S04649,R,L,impostor,1.576174
1013655,165847,nd1S02463,nd1S04683,L,L,impostor,1.576187
160439,661748,nd1S04851,nd1S04970,L,R,impostor,1.576243
1192849,374108,nd1S04261,nd1S04701,L,L,impostor,1.576246
1192966,216439,nd1S04261,nd1S04505,R,L,impostor,1.576261
162039,216438,nd1S04684,nd1S04505,L,L,impostor,1.576288
164577,216438,nd1S04851,nd1S04505,L,L,impostor,1.576301
216439,764442,nd1S04505,nd1S04418,L,L,impostor,1.576341
201609,704265,nd1S04667,nd1S04418,L,L,impostor,1.576377
1057020,165164,nd1S04394,nd1S04667,L,L,impostor,1.576418
187683,660598,nd1S04786,nd1S04970,L,R,impostor,1.576451
201609,216439,nd1S04667,nd1S04505,L,L,impostor,1.576465
1087836,241316,nd1S04470,nd1S04649,L,L,impostor,1.576500
1059130,1192962,nd1S04470,nd1S04261,L,R,impostor,1.576602
1192959,201609,nd1S04261,nd1S04667,R,L,impostor,1.576609
196865,201324,nd1S04714,nd1S04917,R,R,impostor,1.576615
1059130,209268,nd1S04470,nd1S04859,L,R,impostor,1.576622
161093,164577,nd1S04684,nd1S04851,L,L,impostor,1.576652
1057020,201606,nd1S04394,nd1S04667,L,L,impostor,1.576665
160356,164577,nd1S04683,nd1S04851,L,L,impostor,1.576676
185551,208443,nd1S04683,nd1S04859,L,R,impostor,1.576688
185551,209978,nd1S04683,nd1S04701,L,R,impostor,1.576695
216439,241316,nd1S04505,nd1S04649,L,L,impostor,1.576713
1087836,170318,nd1S04470,nd1S04394,L,R,impostor,1.576722
1013666,1192849,nd1S02463,nd1S04261,L,L,impostor,1.576733
176428,374108,nd1S04917,nd1S04701,R,L,impostor,1.576738
208441,764467,nd1S04859,nd1S04418,R,L,impostor,1.576831
1057021,764471,nd1S04394,nd1S04418,L,L,impostor,1.576833
1057021,1192849,nd1S04394,nd1S04261,L,L,impostor,1.576850
1059130,165442,nd1S04470,nd1S04851,L,L,impostor,1.576861
1192850,177509,nd1S04261,nd1S04394,L,R,impostor,1.576868
170317,170377,nd1S04394,nd1S04917,R,R,impostor,1.576908
1058294,177718,nd1S04394,nd1S04394,L,R,impostor,1.576933
187714,201324,nd1S04786,nd1S04917,L,R,impostor,1.576945
1087232,240235,nd1S04470,nd1S04649,L,L,impostor,1.576956
1192850,208441,nd1S04261,nd1S04859,L,R,impostor,1.577028
1059130,160252,nd1S04470,nd1S04684,L,L,impostor,1.577081
187684,201325,nd1S04786,nd1S04917,L,R,impostor,1.577091
161092,204364,nd1S04684,nd1S04786,L,L,impostor,1.577093
185551,764471,nd1S04683,nd1S04418,L,L,impostor,1.577094
1192851,209267,nd1S04261,nd1S04859,L,R,impostor,1.577106
165846,208382,nd1S04683,nd1S04701,L,R,impostor,1.577128
1192962,764467,nd1S04261,nd1S04418,R,L,impostor,1.577185
1192851,196910,nd1S04261,nd1S04714,L,R,impostor,1.577294
1192849,764441,nd1S04261,nd1S04418,L,L,impostor,1.577307
241321,374108,nd1S04649,nd1S04701,L,L,impostor,1.577337
1192853,205864,nd1S04261,nd1S04701,L,L,impostor,1.577367
1015652,303666,nd1S02463,nd1S04649,L,L,impostor,1.577481
208381,662843,nd1S04701,nd1S04714,R,R,impostor,1.577517
1192961,241316,nd1S04261,nd1S04649,R,L,impostor,1.577558
160356,170317,nd1S04683,nd1S04394,L,R,impostor,1.577578
164577,374089,nd1S04851,nd1S04701,L,L,impostor,1.577688
209268,704265,nd1S04859,nd1S04418,R,L,impostor,1.577777
1058848,216438,nd1S04394,nd1S04505,L,L,impostor,1.577872
162945,208443,nd1S04851,nd1S04859,L,R,impostor,1.577881
162040,165442,nd1S04684,nd1S04851,L,L,impostor,1.577923
165161,374094,nd1S04667,nd1S04701,L,L,impostor,1.577986
160356,704265,nd1S04683,nd1S04418,L,L,impostor,1.577994
1057020,204364,nd1S04394,nd1S04786,L,L,impostor,1.577995
1057021,303666,nd1S04394,nd1S04649,L,L,impostor,1.578008
176428,660598,nd1S04917,nd1S04970,R,R,impostor,1.578012
165442,208381,nd1S04851,nd1S04701,L,R,impostor,1.578022
1057020,241321,nd1S04394,nd1S04649,L,L,impostor,1.578045
161092,170318,nd1S04684,nd1S04394,L,R,impostor,1.578082
1057029,185568,nd1S04394,nd1S04683,L,L,impostor,1.578172
1086712,201609,nd1S04470,nd1S04667,L,L,impostor,1.578174
170317,216438,nd1S04394,nd1S04505,R,L,impostor,1.578174
187714,662843,nd1S04786,nd1S04714,L,R,impostor,1.578186
1015652,241321,nd1S02463,nd1S04649,L,L,impostor,1.578216
162945,177120,nd1S04851,nd1S04714,L,R,impostor,1.578258
196910,216439,nd1S04714,nd1S04505,R,L,impostor,1.578268
1063964,704265,nd1S02463,nd1S04418,L,L,impostor,1.578323
1086712,208381,nd1S04470,nd1S04701,L,R,impostor,1.578337
162040,374094,nd1S04684,nd1S04701,L,L,impostor,1.578344
187654,196865,nd1S04786,nd1S04714,L,R,impostor,1.578349
162039,209979,nd1S04684,nd1S04701,L,R,impostor,1.578436
170377,374094,nd1S04917,nd1S04701,R,L,impostor,1.578437
1057020,217458,nd1S04394,nd1S04714,L,R,impostor,1.578458
196865,216439,nd1S04714,nd1S04505,R,L,impostor,1.578493
206660,240235,nd1S04505,nd1S04649,L,L,impostor,1.578501
165442,201609,nd1S04851,nd1S04667,L,L,impostor,1.578541
177120,185568,nd1S04714,nd1S04683,R,L,impostor,1.578579
1192852,662843,nd1S04261,nd1S04714,L,R,impostor,1.578584
165164,209267,nd1S04667,nd1S04859,L,R,impostor,1.578615
1192849,162040,nd1S04261,nd1S04684,L,L,impostor,1.578637
164577,662843,nd1S04851,nd1S04714,L,R,impostor,1.578673
173640,216438,nd1S04394,nd1S04505,R,L,impostor,1.578688
162039,187654,nd1S04684,nd1S04786,L,L,impostor,1.578692
164577,206659,nd1S04851,nd1S04505,L,L,impostor,1.578701
177718,208443,nd1S04394,nd1S04859,R,R,impostor,1.578717
1192849,241316,nd1S04261,nd1S04649,L,L,impostor,1.578804
1058294,187683,nd1S04394,nd1S04786,L,L,impostor,1.578831
1087836,201709,nd1S04470,nd1S04701,L,L,impostor,1.578862
210510,217458,nd1S04701,nd1S04714,R,R,impostor,1.578870
206660,764442,nd1S04505,nd1S04418,L,L,impostor,1.578901
1013655,177509,nd1S02463,nd1S04394,L,R,impostor,1.578976
177718,185551,nd1S04394,nd1S04683,R,L,impostor,1.579032
1058848,187683,nd1S04394,nd1S04786,L,L,impostor,1.579034
1192853,764441,nd1S04261,nd1S04418,L,L,impostor,1.579071
1057029,185551,nd1S04394,nd1S04683,L,L,impostor,1.579085
162039,374094,nd1S04684,nd1S04701,L,L,impostor,1.579120
1192852,374094,nd1S04261,nd1S04701,L,L,impostor,1.579157
1087836,162040,nd1S04470,nd1S04684,L,L,impostor,1.579191
170317,177120,nd1S04394,nd1S04714,R,R,impostor,1.579206
1013655,165161,nd1S02463,nd1S04667,L,L,impostor,1.579213
160356,201606,nd1S04683,nd1S04667,L,L,impostor,1.579241
1192962,160356,nd1S04261,nd1S04683,R,L,impostor,1.579242
201324,660597,nd1S04917,nd1S04970,R,R,impostor,1.579252
1015652,1192960,nd1S02463,nd1S04261,L,R,impostor,1.579323
177718,185568,nd1S04394,nd1S04683,R,L,impostor,1.579332
209268,241318,nd1S04859,nd1S04649,R,L,impostor,1.579370
1058848,1192853,nd1S04394,nd1S04261,L,L,impostor,1.579458
1013655,187714,nd1S02463,nd1S04786,L,L,impostor,1.579463
241316,660598,nd1S04649,nd1S04970,L,R,impostor,1.579469
1192962,185551,nd1S04261,nd1S04683,R,L,impostor,1.579494
165164,201324,nd1S04667,nd1S04917,L,R,impostor,1.579531
165442,185568,nd1S04851,nd1S04683,L,L,impostor,1.579570
1063964,162945,nd1S02463,nd1S04851,L,L,impostor,1.579635
206659,764442,nd1S04505,nd1S04418,L,L,impostor,1.579685
164341,209267,nd1S04667,nd1S04859,L,R,impostor,1.579733
209978,661748,nd1S04701,nd1S04970,R,R,impostor,1.579736
1087836,240235,nd1S04470,nd1S04649,L,L,impostor,1.579755
1085920,374089,nd1S04470,nd1S04701,L,L,impostor,1.579757
1087232,165164,nd1S04470,nd1S04667,L,L,impostor,1.579828
209271,704265,nd1S04859,nd1S04418,R,L,impostor,1.579893
216438,764442,nd1S04505,nd1S04418,L,L,impostor,1.579906
1087232,241318,nd1S04470,nd1S04649,L,L,impostor,1.579938
1086712,704265,nd1S04470,nd1S04418,L,L,impostor,1.579989
173528,206660,nd1S04917,nd1S04505,R,L,impostor,1.579996
177718,661749,nd1S04394,nd1S04970,R,R,impostor,1.580009
161093,660598,nd1S04684,nd1S04970,L,R,impostor,1.580014
1192959,661746,nd1S04261,nd1S04970,R,R,impostor,1.580047
160252,209978,nd1S04684,nd1S04701,L,R,impostor,1.580049
1085920,165164,nd1S04470,nd1S04667,L,L,impostor,1.580051
177718,661746,nd1S04394,nd1S04970,R,R,impostor,1.580065
1063964,165164,nd1S02463,nd1S04667,L,L,impostor,1.580081
1058294,201324,nd1S04394,nd1S04917,L,R,impostor,1.580121
170318,176428,nd1S04394,nd1S04917,R,R,impostor,1.580172
1059130,374094,nd1S04470,nd1S04701,L,L,impostor,1.580172
1086712,165164,nd1S04470,nd1S04667,L,L,impostor,1.580276
170377,196865,nd1S04917,nd1S04714,R,R,impostor,1.580281
209268,241316,nd1S04859,nd1S04649,R,L,impostor,1.580283
1013655,170318,nd1S02463,nd1S04394,L,R,impostor,1.580333
165847,764441,nd1S04683,nd1S04418,L,L,impostor,1.580388
165164,209979,nd1S04667,nd1S04701,L,R,impostor,1.580464
162039,660598,nd1S04684,nd1S04970,L,R,impostor,1.580481
196865,207642,nd1S04714,nd1S04505,R,L,impostor,1.580508
216439,764441,nd1S04505,nd1S04418,L,L,impostor,1.580524
196910,208441,nd1S04714,nd1S04859,R,R,impostor,1.580527
196910,764467,nd1S04714,nd1S04418,R,L,impostor,1.580587
162945,176428,nd1S04851,nd1S04917,L,R,impostor,1.580592
1058294,205864,nd1S04394,nd1S04701,L,L,impostor,1.580592
1192959,209979,nd1S04261,nd1S04701,R,R,impostor,1.580604
1057020,1087232,nd1S04394,nd1S04470,L,L,impostor,1.580689
201709,764441,nd1S04701,nd1S04418,L,L,impostor,1.580689
1192849,176428,nd1S04261,nd1S04917,L,R,impostor,1.580730
201324,206660,nd1S04917,nd1S04505,R,L,impostor,1.580805
185551,209268,nd1S04683,nd1S04859,L,R,impostor,1.580871
1058848,661749,nd1S04394,nd1S04970,L,R,impostor,1.580905
165847,704265,nd1S04683,nd1S04418,L,L,impostor,1.580980
1192849,209271,nd1S04261,nd1S04859,L,R,impostor,1.581016
201609,209268,nd1S04667,nd1S04859,L,R,impostor,1.581041
1087836,764441,nd1S04470,nd1S04418,L,L,impostor,1.581112
210510,241321,nd1S04701,nd1S04649,R,L,impostor,1.581135
1058848,164341,nd1S04394,nd1S04667,L,L,impostor,1.581165
170317,209267,nd1S04394,nd1S04859,R,R,impostor,1.581201
1192961,216439,nd1S04261,nd1S04505,R,L,impostor,1.581205
160252,208381,nd1S04684,nd1S04701,L,R,impostor,1.581222
1192961,660598,nd1S04261,nd1S04970,R,R,impostor,1.581236
1192853,170317,nd1S04261,nd1S04394,L,R,impostor,1.581293
1057021,165847,nd1S04394,nd1S04683,L,L,impostor,1.581311
177509,764441,nd1S04394,nd1S04418,R,L,impostor,1.581409
209271,241321,nd1S04859,nd1S04649,R,L,impostor,1.581418
1038326,176428,nd1S02463,nd1S04917,L,R,impostor,1.581492
164577,187654,nd1S04851,nd1S04786,L,L,impostor,1.581493
661746,764471,nd1S04970,nd1S04418,R,L,impostor,1.581537
177509,208441,nd1S04394,nd1S04859,R,R,impostor,1.581589
1192850,177718,nd1S04261,nd1S04394,L,R,impostor,1.581605
1087232,160252,nd1S04470,nd1S04684,L,L,impostor,1.581633
1192851,208441,nd1S04261,nd1S04859,L,R,impostor,1.581656
196910,241318,nd1S04714,nd1S04649,R,L,impostor,1.581726
1057029,201325,nd1S04394,nd1S04917,L,R,impostor,1.581781
165161,185568,nd1S04667,nd1S04683,L,L,impostor,1.581819
160356,201324,nd1S04683,nd1S04917,L,R,impostor,1.581837
661746,764441,nd1S04970,nd1S04418,R,L,impostor,1.581843
1087232,201606,nd1S04470,nd1S04667,L,L,impostor,1.581844
1192961,187654,nd1S04261,nd1S04786,R,L,impostor,1.581852
201324,661748,nd1S04917,nd1S04970,R,R,impostor,1.581869
206659,240235,nd1S04505,nd1S04649,L,L,impostor,1.581920
165442,196865,nd1S04851,nd1S04714,L,R,impostor,1.581931
160252,208441,nd1S04684,nd1S04859,L,R,impostor,1.581961
204364,661748,nd1S04786,nd1S04970,L,R,impostor,1.581983
1086712,241318,nd1S04470,nd1S04649,L,L,impostor,1.582011
1063964,1192849,nd1S02463,nd1S04261,L,L,impostor,1.582071
1192959,660598,nd1S04261,nd1S04970,R,R,impostor,1.582156
206659,303666,nd1S04505,nd1S04649,L,L,impostor,1.582227
1192851,170317,nd1S04261,nd1S04394,L,R,impostor,1.582252
1087232,764441,nd1S04470,nd1S04418,L,L,impostor,1.582308
661746,704265,nd1S04970,nd1S04418,R,L,impostor,1.582354
1192962,216439,nd1S04261,nd1S04505,R,L,impostor,1.582394
1192849,216439,nd1S04261,nd1S04505,L,L,impostor,1.582410
1013666,170318,nd1S02463,nd1S04394,L,R,impostor,1.582490
160439,764471,nd1S04851,nd1S04418,L,L,impostor,1.582494
1057020,1192962,nd1S04394,nd1S04261,L,R,impostor,1.582507
170318,209267,nd1S04394,nd1S04859,R,R,impostor,1.582544
1086712,162945,nd1S04470,nd1S04851,L,L,impostor,1.582550
241318,660598,nd1S04649,nd1S04970,L,R,impostor,1.582593
1015652,241316,nd1S02463,nd1S04649,L,L,impostor,1.582595
1058294,374089,nd1S04394,nd1S04701,L,L,impostor,1.582612
162040,660597,nd1S04684,nd1S04970,L,R,impostor,1.582625
1192849,206659,nd1S04261,nd1S04505,L,L,impostor,1.582655
1038326,201609,nd1S02463,nd1S04667,L,L,impostor,1.582684
185568,764467,nd1S04683,nd1S04418,L,L,impostor,1.582689
165847,201606,nd1S04683,nd1S04667,L,L,impostor,1.582691
1058848,764441,nd1S04394,nd1S04418,L,L,impostor,1.582731
241321,661748,nd1S04649,nd1S04970,L,R,impostor,1.582757
187683,764442,nd1S04786,nd1S04418,L,L,impostor,1.582823
177509,662843,nd1S04394,nd1S04714,R,R,impostor,1.582866
185551,206660,nd1S04683,nd1S04505,L,L,impostor,1.582940
241316,764467,nd1S04649,nd1S04418,L,L,impostor,1.582959
173640,704265,nd1S04394,nd1S04418,R,L,impostor,1.583080
185551,187714,nd1S04683,nd1S04786,L,L,impostor,1.583087
1192959,208441,nd1S04261,nd1S04859,R,R,impostor,1.583087
1057020,160356,nd1S04394,nd1S04683,L,L,impostor,1.583117
165442,217458,nd1S04851,nd1S04714,L,R,impostor,1.583230
201709,661749,nd1S04701,nd1S04970,L,R,impostor,1.583244
187683,209267,nd1S04786,nd1S04859,L,R,impostor,1.583384
187654,374094,nd1S04786,nd1S04701,L,L,impostor,1.583431
162040,209979,nd1S04684,nd1S04701,L,R,impostor,1.583470
165846,187654,nd1S04683,nd1S04786,L,L,impostor,1.583479
165161,662843,nd1S04667,nd1S04714,L,R,impostor,1.583509
205864,210510,nd1S04701,nd1S04701,L,R,impostor,1.583510
1057021,165846,nd1S04394,nd1S04683,L,L,impostor,1.583513
160252,177509,nd1S04684,nd1S04394,L,R,impostor,1.583523
166874,177718,nd1S04851,nd1S04394,L,R,impostor,1.583529
196910,209979,nd1S04714,nd1S04701,R,R,impostor,1.583556
1057029,165442,nd1S04394,nd1S04851,L,L,impostor,1.583573
1192853,165161,nd1S04261,nd1S04667,L,L,impostor,1.583589
164577,661746,nd1S04851,nd1S04970,L,R,impostor,1.583693
1063964,166874,nd1S02463,nd1S04851,L,L,impostor,1.583733
165442,170377,nd1S04851,nd1S04917,L,R,impostor,1.583738
1192959,173528,nd1S04261,nd1S04917,R,R,impostor,1.583742
170377,187654,nd1S04917,nd1S04786,R,L,impostor,1.583791
1057020,661749,nd1S04394,nd1S04970,L,R,impostor,1.583867
209271,660597,nd1S04859,nd1S04970,R,R,impostor,1.583919
170317,660598,nd1S04394,nd1S04970,R,R,impostor,1.583963
1038326,241316,nd1S02463,nd1S04649,L,L,impostor,1.584002
165846,205864,nd1S04683,nd1S04701,L,L,impostor,1.584040
374094,764442,nd1S04701,nd1S04418,L,L,impostor,1.584202
1057021,240235,nd1S04394,nd1S04649,L,L,impostor,1.584222
1087232,210510,nd1S04470,nd1S04701,L,R,impostor,1.584229
1087232,764471,nd1S04470,nd1S04418,L,L,impostor,1.584244
173640,662843,nd1S04394,nd1S04714,R,R,impostor,1.584368
161093,660597,nd1S04684,nd1S04970,L,R,impostor,1.584373
162039,170317,nd1S04684,nd1S04394,L,R,impostor,1.584427
165161,208443,nd1S04667,nd1S04859,L,R,impostor,1.584442
1015652,1192966,nd1S02463,nd1S04261,L,R,impostor,1.584446
1058848,170318,nd1S04394,nd1S04394,L,R,impostor,1.584463
1013655,1086712,nd1S02463,nd1S04470,L,L,impostor,1.584526
1058848,764442,nd1S04394,nd1S04418,L,L,impostor,1.584530
1086712,205864,nd1S04470,nd1S04701,L,L,impostor,1.584563
161092,208382,nd1S04684,nd1S04701,L,R,impostor,1.584594
201325,661746,nd1S04917,nd1S04970,R,R,impostor,1.584643
160439,204364,nd1S04851,nd1S04786,L,L,impostor,1.584668
1192961,374094,nd1S04261,nd1S04701,R,L,impostor,1.584708
1057021,662843,nd1S04394,nd1S04714,L,R,impostor,1.584740
1087836,704265,nd1S04470,nd1S04418,L,L,impostor,1.584849
1192961,217458,nd1S04261,nd1S04714,R,R,impostor,1.584873
201606,209267,nd1S04667,nd1S04859,L,R,impostor,1.585019
1192961,209978,nd1S04261,nd1S04701,R,R,impostor,1.585021
161093,208382,nd1S04684,nd1S04701,L,R,impostor,1.585087
216438,217458,nd1S04505,nd1S04714,L,R,impostor,1.585160
1192961,187683,nd1S04261,nd1S04786,R,L,impostor,1.585161
176428,241316,nd1S04917,nd1S04649,R,L,impostor,1.585170
1192962,187683,nd1S04261,nd1S04786,R,L,impostor,1.585193
209271,241318,nd1S04859,nd1S04649,R,L,impostor,1.585219
177718,661748,nd1S04394,nd1S04970,R,R,impostor,1.585240
1192961,206660,nd1S04261,nd1S04505,R,L,impostor,1.585251
209271,241316,nd1S04859,nd1S04649,R,L,impostor,1.585382
170318,217458,nd1S04394,nd1S04714,R,R,impostor,1.585399
1192962,209978,nd1S04261,nd1S04701,R,R,impostor,1.585408
216438,240235,nd1S04505,nd1S04649,L,L,impostor,1.585420
1057029,170317,nd1S04394,nd1S04394,L,R,impostor,1.585444
1087836,217458,nd1S04470,nd1S04714,L,R,impostor,1.585448
240235,764441,nd1S04649,nd1S04418,L,L,impostor,1.585457
1192851,209271,nd1S04261,nd1S04859,L,R,impostor,1.585490
1192959,205864,nd1S04261,nd1S04701,R,L,impostor,1.585504
170318,173528,nd1S04394,nd1S04917,R,R,impostor,1.585545
170318,209271,nd1S04394,nd1S04859,R,R,impostor,1.585608
185568,208441,nd1S04683,nd1S04859,L,R,impostor,1.585686
185551,704265,nd1S04683,nd1S04418,L,L,impostor,1.585787
201325,217458,nd1S04917,nd1S04714,R,R,impostor,1.585790
1058848,1192850,nd1S04394,nd1S04261,L,L,impostor,1.585917
1192966,196910,nd1S04261,nd1S04714,R,R,impostor,1.585965
162945,764471,nd1S04851,nd1S04418,L,L,impostor,1.585992
176428,661749,nd1S04917,nd1S04970,R,R,impostor,1.586032
1013666,196910,nd1S02463,nd1S04714,L,R,impostor,1.586069
1063964,164577,nd1S02463,nd1S04851,L,L,impostor,1.586144
170317,209271,nd1S04394,nd1S04859,R,R,impostor,1.586196
1087232,170318,nd1S04470,nd1S04394,L,R,impostor,1.586208
1087836,165161,nd1S04470,nd1S04667,L,L,impostor,1.586219
173640,764441,nd1S04394,nd1S04418,R,L,impostor,1.586269
166874,177120,nd1S04851,nd1S04714,L,R,impostor,1.586288
1192849,201606,nd1S04261,nd1S04667,L,L,impostor,1.586320
185551,209267,nd1S04683,nd1S04859,L,R,impostor,1.586321
170377,216438,nd1S04917,nd1S04505,R,L,impostor,1.586330
1038326,173528,nd1S02463,nd1S04917,L,R,impostor,1.586357
1057021,208441,nd1S04394,nd1S04859,L,R,impostor,1.586405
1192962,187684,nd1S04261,nd1S04786,R,L,impostor,1.586411
160439,165847,nd1S04851,nd1S04683,L,L,impostor,1.586430
661748,764442,nd1S04970,nd1S04418,R,L,impostor,1.586589
187683,704265,nd1S04786,nd1S04418,L,L,impostor,1.586611
170377,201606,nd1S04917,nd1S04667,R,L,impostor,1.586644
187683,764441,nd1S04786,nd1S04418,L,L,impostor,1.586672
165847,240235,nd1S04683,nd1S04649,L,L,impostor,1.586702
201609,374094,nd1S04667,nd1S04701,L,L,impostor,1.586714
185568,201606,nd1S04683,nd1S04667,L,L,impostor,1.586714
165442,208443,nd1S04851,nd1S04859,L,R,impostor,1.586763
1192851,206659,nd1S04261,nd1S04505,L,L,impostor,1.586772
1013655,204364,nd1S02463,nd1S04786,L,L,impostor,1.586776
201324,303666,nd1S04917,nd1S04649,R,L,impostor,1.586791
1057021,209267,nd1S04394,nd1S04859,L,R,impostor,1.586843
201606,216439,nd1S04667,nd1S04505,L,L,impostor,1.586867
177509,241318,nd1S04394,nd1S04649,R,L,impostor,1.586871
208382,241316,nd1S04701,nd1S04649,R,L,impostor,1.586989
1013666,374089,nd1S02463,nd1S04701,L,L,impostor,1.587007
1085920,1192966,nd1S04470,nd1S04261,L,R,impostor,1.587028
1086712,165161,nd1S04470,nd1S04667,L,L,impostor,1.587138
165847,207642,nd1S04683,nd1S04505,L,L,impostor,1.587140
185551,209271,nd1S04683,nd1S04859,L,R,impostor,1.587156
173528,374094,nd1S04917,nd1S04701,R,L,impostor,1.587173
177120,201325,nd1S04714,nd1S04917,R,R,impostor,1.587275
164577,241318,nd1S04851,nd1S04649,L,L,impostor,1.587331
1057029,1192853,nd1S04394,nd1S04261,L,L,impostor,1.587349
165442,187654,nd1S04851,nd1S04786,L,L,impostor,1.587350
1192852,177509,nd1S04261,nd1S04394,L,R,impostor,1.587378
1038326,704265,nd1S02463,nd1S04418,L,L,impostor,1.587395
210510,241318,nd1S04701,nd1S04649,R,L,impostor,1.587406
661746,662843,nd1S04970,nd1S04714,R,R,impostor,1.587420
170318,660598,nd1S04394,nd1S04970,R,R,impostor,1.587457
1192849,205864,nd1S04261,nd1S04701,L,L,impostor,1.587471
1058294,162945,nd1S04394,nd1S04851,L,L,impostor,1.587474
1086712,162040,nd1S04470,nd1S04684,L,L,impostor,1.587481
1057020,209978,nd1S04394,nd1S04701,L,R,impostor,1.587481
177718,241316,nd1S04394,nd1S04649,R,L,impostor,1.587528
1058848,162945,nd1S04394,nd1S04851,L,L,impostor,1.587579
1063964,201606,nd1S02463,nd1S04667,L,L,impostor,1.587609
1059130,170317,nd1S04470,nd1S04394,L,R,impostor,1.587643
165847,208382,nd1S04683,nd1S04701,L,R,impostor,1.587671
162040,208382,nd1S04684,nd1S04701,L,R,impostor,1.587712
1038326,201709,nd1S02463,nd1S04701,L,L,impostor,1.587873
1063964,185551,nd1S02463,nd1S04683,L,L,impostor,1.587891
165164,660597,nd1S04667,nd1S04970,L,R,impostor,1.587947
173640,176428,nd1S04394,nd1S04917,R,R,impostor,1.587980
1057020,165161,nd1S04394,nd1S04667,L,L,impostor,1.587995
1087836,164341,nd1S04470,nd1S04667,L,L,impostor,1.588045
209267,374089,nd1S04859,nd1S04701,R,L,impostor,1.588126
1057021,764467,nd1S04394,nd1S04418,L,L,impostor,1.588166
1192959,217458,nd1S04261,nd1S04714,R,R,impostor,1.588168
1059130,162039,nd1S04470,nd1S04684,L,L,impostor,1.588224
241318,661749,nd1S04649,nd1S04970,L,R,impostor,1.588257
1013655,374094,nd1S02463,nd1S04701,L,L,impostor,1.588262
161092,209978,nd1S04684,nd1S04701,L,R,impostor,1.588266
1059130,1192961,nd1S04470,nd1S04261,L,R,impostor,1.588288
160439,217458,nd1S04851,nd1S04714,L,R,impostor,1.588375
170377,217458,nd1S04917,nd1S04714,R,R,impostor,1.588380
164341,661746,nd1S04667,nd1S04970,L,R,impostor,1.588384
170377,661749,nd1S04917,nd1S04970,R,R,impostor,1.588405
196910,764471,nd1S04714,nd1S04418,R,L,impostor,1.588494
1192959,764441,nd1S04261,nd1S04418,R,L,impostor,1.588512
1057021,1192852,nd1S04394,nd1S04261,L,L,impostor,1.588527
1058848,1059130,nd1S04394,nd1S04470,L,L,impostor,1.588560
185551,764467,nd1S04683,nd1S04418,L,L,impostor,1.588610
165846,662843,nd1S04683,nd1S04714,L,R,impostor,1.588636
166874,196910,nd1S04851,nd1S04714,L,R,impostor,1.588734
1085920,201609,nd1S04470,nd1S04667,L,L,impostor,1.588746
164341,204364,nd1S04667,nd1S04786,L,L,impostor,1.588759
1192959,165164,nd1S04261,nd1S04667,R,L,impostor,1.588800
161092,209979,nd1S04684,nd1S04701,L,R,impostor,1.588802
1059130,241318,nd1S04470,nd1S04649,L,L,impostor,1.588839
1058848,1192851,nd1S04394,nd1S04261,L,L,impostor,1.588942
165846,210510,nd1S04683,nd1S04701,L,R,impostor,1.588976
164341,704265,nd1S04667,nd1S04418,L,L,impostor,1.588978
165164,661749,nd1S04667,nd1S04970,L,R,impostor,1.589068
165442,662843,nd1S04851,nd1S04714,L,R,impostor,1.589085
1058848,204364,nd1S04394,nd1S04786,L,L,impostor,1.589116
177718,209268,nd1S04394,nd1S04859,R,R,impostor,1.589132
176428,303666,nd1S04917,nd1S04649,R,L,impostor,1.589167
1087836,1192966,nd1S04470,nd1S04261,L,R,impostor,1.589229
177120,206660,nd1S04714,nd1S04505,R,L,impostor,1.589252
201609,374108,nd1S04667,nd1S04701,L,L,impostor,1.589259
1192851,208443,nd1S04261,nd1S04859,L,R,impostor,1.589282
1087836,208443,nd1S04470,nd1S04859,L,R,impostor,1.589314
164341,170377,nd1S04667,nd1S04917,L,R,impostor,1.589368
1013655,161093,nd1S02463,nd1S04684,L,L,impostor,1.589386
208441,661749,nd1S04859,nd1S04970,R,R,impostor,1.589392
165846,201325,nd1S04683,nd1S04917,L,R,impostor,1.589440
201709,209267,nd1S04701,nd1S04859,L,R,impostor,1.589459
241316,764442,nd1S04649,nd1S04418,L,L,impostor,1.589640
173528,303666,nd1S04917,nd1S04649,R,L,impostor,1.589682
303666,764467,nd1S04649,nd1S04418,L,L,impostor,1.589729
1038326,165164,nd1S02463,nd1S04667,L,L,impostor,1.589741
208382,662843,nd1S04701,nd1S04714,R,R,impostor,1.589751
1085920,374108,nd1S04470,nd1S04701,L,L,impostor,1.589755
1058294,374094,nd1S04394,nd1S04701,L,L,impostor,1.589758
165161,209267,nd1S04667,nd1S04859,L,R,impostor,1.589781
1059130,170377,nd1S04470,nd1S04917,L,R,impostor,1.589884
1192849,177718,nd1S04261,nd1S04394,L,R,impostor,1.589959
1057020,1059130,nd1S04394,nd1S04470,L,L,impostor,1.589973
187654,208443,nd1S04786,nd1S04859,L,R,impostor,1.590000
187683,662843,nd1S04786,nd1S04714,L,R,impostor,1.590032
166874,662843,nd1S04851,nd1S04714,L,R,impostor,1.590049
1058294,764441,nd1S04394,nd1S04418,L,L,impostor,1.590057
1057021,661748,nd1S04394,nd1S04970,L,R,impostor,1.590070
208443,764467,nd1S04859,nd1S04418,R,L,impostor,1.590090
1058848,1192966,nd1S04394,nd1S04261,L,R,impostor,1.590094
160252,201324,nd1S04684,nd1S04917,L,R,impostor,1.590134
216439,374094,nd1S04505,nd1S04701,L,L,impostor,1.590211
160439,764467,nd1S04851,nd1S04418,L,L,impostor,1.590293
1015652,170317,nd1S02463,nd1S04394,L,R,impostor,1.590309
1192959,187683,nd1S04261,nd1S04786,R,L,impostor,1.590310
1057029,160356,nd1S04394,nd1S04683,L,L,impostor,1.590362
1086712,164341,nd1S04470,nd1S04667,L,L,impostor,1.590390
201709,204364,nd1S04701,nd1S04786,L,L,impostor,1.590519
1057029,166874,nd1S04394,nd1S04851,L,L,impostor,1.590611
206660,241316,nd1S04505,nd1S04649,L,L,impostor,1.590694
1192853,161093,nd1S04261,nd1S04684,L,L,impostor,1.590814
1087232,162039,nd1S04470,nd1S04684,L,L,impostor,1.590909
196910,206660,nd1S04714,nd1S04505,R,L,impostor,1.590922
208443,662843,nd1S04859,nd1S04714,R,R,impostor,1.590923
1057021,201325,nd1S04394,nd1S04917,L,R,impostor,1.590954
1192961,165164,nd1S04261,nd1S04667,R,L,impostor,1.590968
1087836,201324,nd1S04470,nd1S04917,L,R,impostor,1.590973
170377,177120,nd1S04917,nd1S04714,R,R,impostor,1.590988
208441,764471,nd1S04859,nd1S04418,R,L,impostor,1.591017
1013666,241321,nd1S02463,nd1S04649,L,L,impostor,1.591047
170318,209979,nd1S04394,nd1S04701,R,R,impostor,1.591099
166874,173528,nd1S04851,nd1S04917,L,R,impostor,1.591146
166874,217458,nd1S04851,nd1S04714,L,R,impostor,1.591167
165161,170377,nd1S04667,nd1S04917,L,R,impostor,1.591219
216439,662843,nd1S04505,nd1S04714,L,R,impostor,1.591220
164577,303666,nd1S04851,nd1S04649,L,L,impostor,1.591220
161093,201325,nd1S04684,nd1S04917,L,R,impostor,1.591261
1192852,173640,nd1S04261,nd1S04394,L,R,impostor,1.591266
1192959,206659,nd1S04261,nd1S04505,R,L,impostor,1.591294
1057020,241318,nd1S04394,nd1S04649,L,L,impostor,1.591338
1057029,170377,nd1S04394,nd1S04917,L,R,impostor,1.591365
1192851,241321,nd1S04261,nd1S04649,L,L,impostor,1.591384
1057021,206660,nd1S04394,nd1S04505,L,L,impostor,1.591408
165442,177120,nd1S04851,nd1S04714,L,R,impostor,1.591439
165847,208441,nd1S04683,nd1S04859,L,R,impostor,1.591598
1057029,187714,nd1S04394,nd1S04786,L,L,impostor,1.591603
1013655,160252,nd1S02463,nd1S04684,L,L,impostor,1.591747
1192961,206659,nd1S04261,nd1S04505,R,L,impostor,1.591763
1013666,1058848,nd1S02463,nd1S04394,L,L,impostor,1.591819
1058294,173528,nd1S04394,nd1S04917,L,R,impostor,1.591839
1057020,1192960,nd1S04394,nd1S04261,L,R,impostor,1.591863
187684,241316,nd1S04786,nd1S04649,L,L,impostor,1.591879
170377,661746,nd1S04917,nd1S04970,R,R,impostor,1.591891
1057029,1059130,nd1S04394,nd1S04470,L,L,impostor,1.591916
170377,206660,nd1S04917,nd1S04505,R,L,impostor,1.591923
160439,205864,nd1S04851,nd1S04701,L,L,impostor,1.591930
1015652,661748,nd1S02463,nd1S04970,L,R,impostor,1.591935
162945,660597,nd1S04851,nd1S04970,L,R,impostor,1.591947
177718,209979,nd1S04394,nd1S04701,R,R,impostor,1.591953
1038326,170377,nd1S02463,nd1S04917,L,R,impostor,1.591969
208381,764441,nd1S04701,nd1S04418,R,L,impostor,1.591981
1192852,164341,nd1S04261,nd1S04667,L,L,impostor,1.591996
1057029,1192851,nd1S04394,nd1S04261,L,L,impostor,1.592056
185551,207642,nd1S04683,nd1S04505,L,L,impostor,1.592058
187683,209268,nd1S04786,nd1S04859,L,R,impostor,1.592073
241316,661748,nd1S04649,nd1S04970,L,R,impostor,1.592158
1192962,201324,nd1S04261,nd1S04917,R,R,impostor,1.592176
206660,764471,nd1S04505,nd1S04418,L,L,impostor,1.592181
162945,201325,nd1S04851,nd1S04917,L,R,impostor,1.592257
1013666,374108,nd1S02463,nd1S04701,L,L,impostor,1.592306
374094,704265,nd1S04701,nd1S04418,L,L,impostor,1.592331
1192962,209979,nd1S04261,nd1S04701,R,R,impostor,1.592396
1013655,303666,nd1S02463,nd1S04649,L,L,impostor,1.592450
1085920,177120,nd1S04470,nd1S04714,L,R,impostor,1.592486
1057020,205864,nd1S04394,nd1S04701,L,L,impostor,1.592535
177120,216438,nd1S04714,nd1S04505,R,L,impostor,1.592558
1087232,208443,nd1S04470,nd1S04859,L,R,impostor,1.592581
1192852,161093,nd1S04261,nd1S04684,L,L,impostor,1.592657
162945,170377,nd1S04851,nd1S04917,L,R,impostor,1.592780
1058848,1087232,nd1S04394,nd1S04470,L,L,impostor,1.592808
1059130,764441,nd1S04470,nd1S04418,L,L,impostor,1.592813
160252,209268,nd1S04684,nd1S04859,L,R,impostor,1.592930
1192850,165164,nd1S04261,nd1S04667,L,L,impostor,1.592950
162039,209978,nd1S04684,nd1S04701,L,R,impostor,1.592978
196910,206659,nd1S04714,nd1S04505,R,L,impostor,1.593025
1192959,206660,nd1S04261,nd1S04505,R,L,impostor,1.593102
1192962,764441,nd1S04261,nd1S04418,R,L,impostor,1.593113
201606,660598,nd1S04667,nd1S04970,L,R,impostor,1.593125
1087232,162040,nd1S04470,nd1S04684,L,L,impostor,1.593139
1013655,1059130,nd1S02463,nd1S04470,L,L,impostor,1.593165
177718,208441,nd1S04394,nd1S04859,R,R,impostor,1.593193
170317,185551,nd1S04394,nd1S04683,R,L,impostor,1.593230
1085920,661746,nd1S04470,nd1S04970,L,R,impostor,1.593241
1015652,660597,nd1S02463,nd1S04970,L,R,impostor,1.593308
1085920,173640,nd1S04470,nd1S04394,L,R,impostor,1.593322
1192850,185551,nd1S04261,nd1S04683,L,L,impostor,1.593447
206660,704265,nd1S04505,nd1S04418,L,L,impostor,1.593447
1087232,241321,nd1S04470,nd1S04649,L,L,impostor,1.593476
187684,303666,nd1S04786,nd1S04649,L,L,impostor,1.593590
1192962,241321,nd1S04261,nd1S04649,R,L,impostor,1.593639
187684,241321,nd1S04786,nd1S04649,L,L,impostor,1.593680
177509,187683,nd1S04394,nd1S04786,R,L,impostor,1.593708
1192850,209979,nd1S04261,nd1S04701,L,R,impostor,1.593782
1192849,207642,nd1S04261,nd1S04505,L,L,impostor,1.593801
1085920,165161,nd1S04470,nd1S04667,L,L,impostor,1.593817
1086712,240235,nd1S04470,nd1S04649,L,L,impostor,1.593871
1192850,170317,nd1S04261,nd1S04394,L,R,impostor,1.593916
216438,303666,nd1S04505,nd1S04649,L,L,impostor,1.593965
1192960,764441,nd1S04261,nd1S04418,R,L,impostor,1.593984
1058294,165846,nd1S04394,nd1S04683,L,L,impostor,1.593990
201709,217458,nd1S04701,nd1S04714,L,R,impostor,1.594038
1086712,374094,nd1S04470,nd1S04701,L,L,impostor,1.594091
170377,201609,nd1S04917,nd1S04667,R,L,impostor,1.594139
208381,661749,nd1S04701,nd1S04970,R,R,impostor,1.594140
1087232,1192961,nd1S04470,nd1S04261,L,R,impostor,1.594141
187714,374094,nd1S04786,nd1S04701,L,L,impostor,1.594171
173528,173640,nd1S04917,nd1S04394,R,R,impostor,1.594267
162945,209271,nd1S04851,nd1S04859,L,R,impostor,1.594298
1058848,177718,nd1S04394,nd1S04394,L,R,impostor,1.594450
1087836,1192959,nd1S04470,nd1S04261,L,R,impostor,1.594470
1085920,216438,nd1S04470,nd1S04505,L,L,impostor,1.594471
1015652,1057021,nd1S02463,nd1S04394,L,L,impostor,1.594494
1086712,1192849,nd1S04470,nd1S04261,L,L,impostor,1.594568
1087836,205864,nd1S04470,nd1S04701,L,L,impostor,1.594605
207642,303666,nd1S04505,nd1S04649,L,L,impostor,1.594608
1057020,164341,nd1S04394,nd1S04667,L,L,impostor,1.594817
1058848,165846,nd1S04394,nd1S04683,L,L,impostor,1.594829
1085920,1192960,nd1S04470,nd1S04261,L,R,impostor,1.594861
170377,177509,nd1S04917,nd1S04394,R,R,impostor,1.594922
187684,241318,nd1S04786,nd1S04649,L,L,impostor,1.595023
162040,661748,nd1S04684,nd1S04970,L,R,impostor,1.595034
187684,240235,nd1S04786,nd1S04649,L,L,impostor,1.595042
206659,764441,nd1S04505,nd1S04418,L,L,impostor,1.595200
1058848,205864,nd1S04394,nd1S04701,L,L,impostor,1.595294
162945,764467,nd1S04851,nd1S04418,L,L,impostor,1.595357
241321,764467,nd1S04649,nd1S04418,L,L,impostor,1.595413
170318,216439,nd1S04394,nd1S04505,R,L,impostor,1.595509
161092,201325,nd1S04684,nd1S04917,L,R,impostor,1.595552
162945,764442,nd1S04851,nd1S04418,L,L,impostor,1.595568
374089,661746,nd1S04701,nd1S04970,L,R,impostor,1.595588
165846,216438,nd1S04683,nd1S04505,L,L,impostor,1.595625
1059130,166874,nd1S04470,nd1S04851,L,L,impostor,1.595640
165164,201709,nd1S04667,nd1S04701,L,L,impostor,1.595641
1192850,206659,nd1S04261,nd1S04505,L,L,impostor,1.595755
187683,661748,nd1S04786,nd1S04970,L,R,impostor,1.595822
1058294,764442,nd1S04394,nd1S04418,L,L,impostor,1.595876
1192850,704265,nd1S04261,nd1S04418,L,L,impostor,1.595901
1192850,206660,nd1S04261,nd1S04505,L,L,impostor,1.595981
1192849,662843,nd1S04261,nd1S04714,L,R,impostor,1.595987
1085920,165442,nd1S04470,nd1S04851,L,L,impostor,1.596001
165164,661748,nd1S04667,nd1S04970,L,R,impostor,1.596071
170377,177718,nd1S04917,nd1S04394,R,R,impostor,1.596076
1058294,166874,nd1S04394,nd1S04851,L,L,impostor,1.596136
1192961,201609,nd1S04261,nd1S04667,R,L,impostor,1.596150
1192849,164341,nd1S04261,nd1S04667,L,L,impostor,1.596153
201606,662843,nd1S04667,nd1S04714,L,R,impostor,1.596175
1013666,1057029,nd1S02463,nd1S04394,L,L,impostor,1.596294
196865,201325,nd1S04714,nd1S04917,R,R,impostor,1.596303
165846,764441,nd1S04683,nd1S04418,L,L,impostor,1.596328
164577,660598,nd1S04851,nd1S04970,L,R,impostor,1.596334
1192961,164341,nd1S04261,nd1S04667,R,L,impostor,1.596387
208381,374089,nd1S04701,nd1S04701,R,L,impostor,1.596401
1192853,173640,nd1S04261,nd1S04394,L,R,impostor,1.596405
1058294,1087836,nd1S04394,nd1S04470,L,L,impostor,1.596586
162945,173528,nd1S04851,nd1S04917,L,R,impostor,1.596595
160356,764441,nd1S04683,nd1S04418,L,L,impostor,1.596657
165164,662843,nd1S04667,nd1S04714,L,R,impostor,1.596660
1058294,1086712,nd1S04394,nd1S04470,L,L,impostor,1.596667
1192966,374089,nd1S04261,nd1S04701,R,L,impostor,1.596667
201325,209267,nd1S04917,nd1S04859,R,R,impostor,1.596670
166874,176428,nd1S04851,nd1S04917,L,R,impostor,1.596697
1063964,1192966,nd1S02463,nd1S04261,L,R,impostor,1.596722
1192850,216438,nd1S04261,nd1S04505,L,L,impostor,1.596744
1192960,187654,nd1S04261,nd1S04786,R,L,impostor,1.596754
177120,206659,nd1S04714,nd1S04505,R,L,impostor,1.596764
1192852,205864,nd1S04261,nd1S04701,L,L,impostor,1.596840
208443,764471,nd1S04859,nd1S04418,R,L,impostor,1.596865
1085920,205864,nd1S04470,nd1S04701,L,L,impostor,1.596945
162039,201325,nd1S04684,nd1S04917,L,R,impostor,1.597060
162039,661748,nd1S04684,nd1S04970,L,R,impostor,1.597088
1058294,204364,nd1S04394,nd1S04786,L,L,impostor,1.597095
1057029,661749,nd1S04394,nd1S04970,L,R,impostor,1.597109
201325,209268,nd1S04917,nd1S04859,R,R,impostor,1.597229
205864,206660,nd1S04701,nd1S04505,L,L,impostor,1.597243
207642,764442,nd1S04505,nd1S04418,L,L,impostor,1.597398
164577,208382,nd1S04851,nd1S04701,L,R,impostor,1.597464
201606,660597,nd1S04667,nd1S04970,L,R,impostor,1.597470
160356,240235,nd1S04683,nd1S04649,L,L,impostor,1.597488
1192961,374089,nd1S04261,nd1S04701,R,L,impostor,1.597500
1013666,241318,nd1S02463,nd1S04649,L,L,impostor,1.597511
165161,204364,nd1S04667,nd1S04786,L,L,impostor,1.597603
187683,217458,nd1S04786,nd1S04714,L,R,impostor,1.597607
177718,241318,nd1S04394,nd1S04649,R,L,impostor,1.597626
1013666,173528,nd1S02463,nd1S04917,L,R,impostor,1.597637
1192961,201324,nd1S04261,nd1S04917,R,R,impostor,1.597673
1086712,1192959,nd1S04470,nd1S04261,L,R,impostor,1.597683
201325,661748,nd1S04917,nd1S04970,R,R,impostor,1.597709
1013666,177718,nd1S02463,nd1S04394,L,R,impostor,1.597733
187683,205864,nd1S04786,nd1S04701,L,L,impostor,1.597805
303666,374108,nd1S04649,nd1S04701,L,L,impostor,1.597837
1192852,764442,nd1S04261,nd1S04418,L,L,impostor,1.597869
1086712,208443,nd1S04470,nd1S04859,L,R,impostor,1.597888
177120,201324,nd1S04714,nd1S04917,R,R,impostor,1.597895
1192850,196910,nd1S04261,nd1S04714,L,R,impostor,1.597895
1057020,1192959,nd1S04394,nd1S04261,L,R,impostor,1.597898
1192962,217458,nd1S04261,nd1S04714,R,R,impostor,1.597943
1192851,241316,nd1S04261,nd1S04649,L,L,impostor,1.597960
1087836,162039,nd1S04470,nd1S04684,L,L,impostor,1.598003
170317,660597,nd1S04394,nd1S04970,R,R,impostor,1.598073
1057021,1192851,nd1S04394,nd1S04261,L,L,impostor,1.598091
1192961,204364,nd1S04261,nd1S04786,R,L,impostor,1.598110
1059130,209267,nd1S04470,nd1S04859,L,R,impostor,1.598127
1087836,160252,nd1S04470,nd1S04684,L,L,impostor,1.598183
185551,764442,nd1S04683,nd1S04418,L,L,impostor,1.598197
162945,177718,nd1S04851,nd1S04394,L,R,impostor,1.598213
1058294,176428,nd1S04394,nd1S04917,L,R,impostor,1.598222
1087232,209267,nd1S04470,nd1S04859,L,R,impostor,1.598276
216438,241316,nd1S04505,nd1S04649,L,L,impostor,1.598299
1086712,217458,nd1S04470,nd1S04714,L,R,impostor,1.598311
1057021,185568,nd1S04394,nd1S04683,L,L,impostor,1.598364
162945,208382,nd1S04851,nd1S04701,L,R,impostor,1.598374
1086712,170377,nd1S04470,nd1S04917,L,R,impostor,1.598382
160439,374094,nd1S04851,nd1S04701,L,L,impostor,1.598386
176428,177509,nd1S04917,nd1S04394,R,R,impostor,1.598389
1087232,764442,nd1S04470,nd1S04418,L,L,impostor,1.598409
1192966,764442,nd1S04261,nd1S04418,R,L,impostor,1.598537
1058294,240235,nd1S04394,nd1S04649,L,L,impostor,1.598554
1086712,201324,nd1S04470,nd1S04917,L,R,impostor,1.598556
201609,208441,nd1S04667,nd1S04859,L,R,impostor,1.598566
177718,660598,nd1S04394,nd1S04970,R,R,impostor,1.598571
160356,661746,nd1S04683,nd1S04970,L,R,impostor,1.598581
1059130,208441,nd1S04470,nd1S04859,L,R,impostor,1.598637
1058848,196910,nd1S04394,nd1S04714,L,R,impostor,1.598644
164341,661749,nd1S04667,nd1S04970,L,R,impostor,1.598645
165442,764467,nd1S04851,nd1S04418,L,L,impostor,1.598664
303666,662843,nd1S04649,nd1S04714,L,R,impostor,1.598763
206659,241316,nd1S04505,nd1S04649,L,L,impostor,1.598773
660597,764441,nd1S04970,nd1S04418,R,L,impostor,1.598830
173528,201709,nd1S04917,nd1S04701,R,L,impostor,1.598859
162039,201324,nd1S04684,nd1S04917,L,R,impostor,1.598882
1192962,204364,nd1S04261,nd1S04786,R,L,impostor,1.598897
187714,196865,nd1S04786,nd1S04714,L,R,impostor,1.599003
1087232,209271,nd1S04470,nd1S04859,L,R,impostor,1.599011
210510,303666,nd1S04701,nd1S04649,R,L,impostor,1.599035
164341,662843,nd1S04667,nd1S04714,L,R,impostor,1.599042
161093,177718,nd1S04684,nd1S04394,L,R,impostor,1.599120
164577,241321,nd1S04851,nd1S04649,L,L,impostor,1.599167
1063964,165846,nd1S02463,nd1S04683,L,L,impostor,1.599181
1192961,764467,nd1S04261,nd1S04418,R,L,impostor,1.599332
1057029,205864,nd1S04394,nd1S04701,L,L,impostor,1.599336
1192960,201325,nd1S04261,nd1S04917,R,R,impostor,1.599364
1192849,196910,nd1S04261,nd1S04714,L,R,impostor,1.599374
1058294,165847,nd1S04394,nd1S04683,L,L,impostor,1.599375
1192962,764471,nd1S04261,nd1S04418,R,L,impostor,1.599387
1086712,177509,nd1S04470,nd1S04394,L,R,impostor,1.599562
209271,661749,nd1S04859,nd1S04970,R,R,impostor,1.599595
187684,209271,nd1S04786,nd1S04859,L,R,impostor,1.599604
240235,764467,nd1S04649,nd1S04418,L,L,impostor,1.599605
166874,208382,nd1S04851,nd1S04701,L,R,impostor,1.599656
160356,176428,nd1S04683,nd1S04917,L,R,impostor,1.599661
1015652,241318,nd1S02463,nd1S04649,L,L,impostor,1.599768
1192851,206660,nd1S04261,nd1S04505,L,L,impostor,1.599774
207642,240235,nd1S04505,nd1S04649,L,L,impostor,1.599805
1192849,201609,nd1S04261,nd1S04667,L,L,impostor,1.599829
206659,241318,nd1S04505,nd1S04649,L,L,impostor,1.599892
1192959,201606,nd1S04261,nd1S04667,R,L,impostor,1.599909
161093,205864,nd1S04684,nd1S04701,L,L,impostor,1.600018
170377,173640,nd1S04917,nd1S04394,R,R,impostor,1.600129
1058294,164341,nd1S04394,nd1S04667,L,L,impostor,1.600156
201709,661748,nd1S04701,nd1S04970,L,R,impostor,1.600189
160439,374108,nd1S04851,nd1S04701,L,L,impostor,1.600266
160439,177120,nd1S04851,nd1S04714,L,R,impostor,1.600330
1192961,207642,nd1S04261,nd1S04505,R,L,impostor,1.600383
1057020,209979,nd1S04394,nd1S04701,L,R,impostor,1.600441
160252,209271,nd1S04684,nd1S04859,L,R,impostor,1.600470
1192966,165442,nd1S04261,nd1S04851,R,L,impostor,1.600513
201606,374094,nd1S04667,nd1S04701,L,L,impostor,1.600610
162039,208382,nd1S04684,nd1S04701,L,R,impostor,1.600645
1192851,185551,nd1S04261,nd1S04683,L,L,impostor,1.600682
1192851,216438,nd1S04261,nd1S04505,L,L,impostor,1.600739
1086712,160252,nd1S04470,nd1S04684,L,L,impostor,1.600762
177120,209978,nd1S04714,nd1S04701,R,R,impostor,1.600831
1192852,216438,nd1S04261,nd1S04505,L,L,impostor,1.600861
170318,201325,nd1S04394,nd1S04917,R,R,impostor,1.600864
170377,660598,nd1S04917,nd1S04970,R,R,impostor,1.600865
166874,173640,nd1S04851,nd1S04394,L,R,impostor,1.600896
1057020,303666,nd1S04394,nd1S04649,L,L,impostor,1.600908
165161,660598,nd1S04667,nd1S04970,L,R,impostor,1.600913
1058294,187714,nd1S04394,nd1S04786,L,L,impostor,1.600939
1013655,205864,nd1S02463,nd1S04701,L,L,impostor,1.600979
208381,661746,nd1S04701,nd1S04970,R,R,impostor,1.601016
1086712,764467,nd1S04470,nd1S04418,L,L,impostor,1.601017
160356,216438,nd1S04683,nd1S04505,L,L,impostor,1.601115
1057021,660598,nd1S04394,nd1S04970,L,R,impostor,1.601121
1192851,177120,nd1S04261,nd1S04714,L,R,impostor,1.601226
196910,241321,nd1S04714,nd1S04649,R,L,impostor,1.601375
201606,208441,nd1S04667,nd1S04859,L,R,impostor,1.601377
177509,216439,nd1S04394,nd1S04505,R,L,impostor,1.601644
187684,374094,nd1S04786,nd1S04701,L,L,impostor,1.601684
207642,662843,nd1S04505,nd1S04714,L,R,impostor,1.601688
1192959,201709,nd1S04261,nd1S04701,R,L,impostor,1.601728
1085920,170318,nd1S04470,nd1S04394,L,R,impostor,1.601774
1085920,208441,nd1S04470,nd1S04859,L,R,impostor,1.601801
660598,662843,nd1S04970,nd1S04714,R,R,impostor,1.601814
1063964,209979,nd1S02463,nd1S04701,L,R,impostor,1.601824
170377,209268,nd1S04917,nd1S04859,R,R,impostor,1.601917
187714,196910,nd1S04786,nd1S04714,L,R,impostor,1.601966
1057020,660598,nd1S04394,nd1S04970,L,R,impostor,1.601967
216439,704265,nd1S04505,nd1S04418,L,L,impostor,1.602018
177120,241316,nd1S04714,nd1S04649,R,L,impostor,1.602088
1192852,196910,nd1S04261,nd1S04714,L,R,impostor,1.602094
161093,177509,nd1S04684,nd1S04394,L,R,impostor,1.602116
201609,204364,nd1S04667,nd1S04786,L,L,impostor,1.602116
201709,660597,nd1S04701,nd1S04970,L,R,impostor,1.602145
1192962,208441,nd1S04261,nd1S04859,R,R,impostor,1.602175
1057029,1192960,nd1S04394,nd1S04261,L,R,impostor,1.602230
201709,661746,nd1S04701,nd1S04970,L,R,impostor,1.602236
661749,662843,nd1S04970,nd1S04714,R,R,impostor,1.602240
165442,660597,nd1S04851,nd1S04970,L,R,impostor,1.602241
165846,201709,nd1S04683,nd1S04701,L,L,impostor,1.602278
1057029,1192959,nd1S04394,nd1S04261,L,R,impostor,1.602393
1085920,209268,nd1S04470,nd1S04859,L,R,impostor,1.602439
216438,704265,nd1S04505,nd1S04418,L,L,impostor,1.602452
1057029,160439,nd1S04394,nd1S04851,L,L,impostor,1.602479
173528,177509,nd1S04917,nd1S04394,R,R,impostor,1.602488
1192851,170318,nd1S04261,nd1S04394,L,R,impostor,1.602498
187683,209271,nd1S04786,nd1S04859,L,R,impostor,1.602630
170377,374089,nd1S04917,nd1S04701,R,L,impostor,1.602658
1192851,207642,nd1S04261,nd1S04505,L,L,impostor,1.602661
162945,210510,nd1S04851,nd1S04701,L,R,impostor,1.602690
201324,201606,nd1S04917,nd1S04667,R,L,impostor,1.602720
162039,660597,nd1S04684,nd1S04970,L,R,impostor,1.602756
1087232,241316,nd1S04470,nd1S04649,L,L,impostor,1.602821
1192960,208382,nd1S04261,nd1S04701,R,R,impostor,1.602830
216438,662843,nd1S04505,nd1S04714,L,R,impostor,1.602876
1192853,216438,nd1S04261,nd1S04505,L,L,impostor,1.602906
177718,187683,nd1S04394,nd1S04786,R,L,impostor,1.603017
1015652,177509,nd1S02463,nd1S04394,L,R,impostor,1.603035
661746,764467,nd1S04970,nd1S04418,R,L,impostor,1.603076
1086712,216438,nd1S04470,nd1S04505,L,L,impostor,1.603085
201606,208443,nd1S04667,nd1S04859,L,R,impostor,1.603095
208381,660598,nd1S04701,nd1S04970,R,R,impostor,1.603126
1063964,165847,nd1S02463,nd1S04683,L,L,impostor,1.603195
201606,661746,nd1S04667,nd1S04970,L,R,impostor,1.603215
185551,210510,nd1S04683,nd1S04701,L,R,impostor,1.603266
1192850,170318,nd1S04261,nd1S04394,L,R,impostor,1.603275
166874,204364,nd1S04851,nd1S04786,L,L,impostor,1.603327
1192959,764471,nd1S04261,nd1S04418,R,L,impostor,1.603338
160439,208443,nd1S04851,nd1S04859,L,R,impostor,1.603353
1057029,170318,nd1S04394,nd1S04394,L,R,impostor,1.603449
164577,207642,nd1S04851,nd1S04505,L,L,impostor,1.603451
1192853,704265,nd1S04261,nd1S04418,L,L,impostor,1.603456
1192966,187683,nd1S04261,nd1S04786,R,L,impostor,1.603513
1192849,173640,nd1S04261,nd1S04394,L,R,impostor,1.603521
166874,170377,nd1S04851,nd1S04917,L,R,impostor,1.603526
209978,660597,nd1S04701,nd1S04970,R,R,impostor,1.603537
1192849,374094,nd1S04261,nd1S04701,L,L,impostor,1.603554
187714,201325,nd1S04786,nd1S04917,L,R,impostor,1.603846
1057029,1192849,nd1S04394,nd1S04261,L,L,impostor,1.603846
1057021,661746,nd1S04394,nd1S04970,L,R,impostor,1.603928
1192960,209979,nd1S04261,nd1S04701,R,R,impostor,1.603967
187654,217458,nd1S04786,nd1S04714,L,R,impostor,1.603993
162945,661749,nd1S04851,nd1S04970,L,R,impostor,1.604009
201609,208443,nd1S04667,nd1S04859,L,R,impostor,1.604056
1192851,217458,nd1S04261,nd1S04714,L,R,impostor,1.604074
1192852,206659,nd1S04261,nd1S04505,L,L,impostor,1.604077
1038326,209979,nd1S02463,nd1S04701,L,R,impostor,1.604105
160439,660597,nd1S04851,nd1S04970,L,R,impostor,1.604170
1192850,165161,nd1S04261,nd1S04667,L,L,impostor,1.604262
165161,374108,nd1S04667,nd1S04701,L,L,impostor,1.604294
161093,173640,nd1S04684,nd1S04394,L,R,impostor,1.604306
165442,374108,nd1S04851,nd1S04701,L,L,impostor,1.604336
1192959,196910,nd1S04261,nd1S04714,R,R,impostor,1.604363
1063964,303666,nd1S02463,nd1S04649,L,L,impostor,1.604365
1192851,165164,nd1S04261,nd1S04667,L,L,impostor,1.604375
1192960,660598,nd1S04261,nd1S04970,R,R,impostor,1.604407
374089,662843,nd1S04701,nd1S04714,L,R,impostor,1.604453
165161,187683,nd1S04667,nd1S04786,L,L,impostor,1.604526
1085920,704265,nd1S04470,nd1S04418,L,L,impostor,1.604544
173640,208441,nd1S04394,nd1S04859,R,R,impostor,1.604635
1192961,662843,nd1S04261,nd1S04714,R,R,impostor,1.604656
1192960,764442,nd1S04261,nd1S04418,R,L,impostor,1.604686
241318,764467,nd1S04649,nd1S04418,L,L,impostor,1.604705
162040,201325,nd1S04684,nd1S04917,L,R,impostor,1.604710
1192851,165161,nd1S04261,nd1S04667,L,L,impostor,1.604740
216438,241318,nd1S04505,nd1S04649,L,L,impostor,1.604865
177509,209267,nd1S04394,nd1S04859,R,R,impostor,1.604880
201325,704265,nd1S04917,nd1S04418,R,L,impostor,1.604930
201606,661749,nd1S04667,nd1S04970,L,R,impostor,1.605048
161093,374094,nd1S04684,nd1S04701,L,L,impostor,1.605098
177718,660597,nd1S04394,nd1S04970,R,R,impostor,1.605120
165847,216439,nd1S04683,nd1S04505,L,L,impostor,1.605132
1192852,170317,nd1S04261,nd1S04394,L,R,impostor,1.605156
165442,210510,nd1S04851,nd1S04701,L,R,impostor,1.605169
1013666,170317,nd1S02463,nd1S04394,L,R,impostor,1.605170
1192960,204364,nd1S04261,nd1S04786,R,L,impostor,1.605179
207642,764441,nd1S04505,nd1S04418,L,L,impostor,1.605283
1058848,1192849,nd1S04394,nd1S04261,L,L,impostor,1.605285
166874,187683,nd1S04851,nd1S04786,L,L,impostor,1.605335
196910,216438,nd1S04714,nd1S04505,R,L,impostor,1.605350
1086712,164577,nd1S04470,nd1S04851,L,L,impostor,1.605484
1192960,208441,nd1S04261,nd1S04859,R,R,impostor,1.605533
201325,208441,nd1S04917,nd1S04859,R,R,impostor,1.605606
1086712,210510,nd1S04470,nd1S04701,L,R,impostor,1.605634
1192850,217458,nd1S04261,nd1S04714,L,R,impostor,1.605636
1087836,764442,nd1S04470,nd1S04418,L,L,impostor,1.605667
1192851,205864,nd1S04261,nd1S04701,L,L,impostor,1.605722
1085920,1192849,nd1S04470,nd1S04261,L,L,impostor,1.605784
177718,196865,nd1S04394,nd1S04714,R,R,impostor,1.605790
1013666,1057020,nd1S02463,nd1S04394,L,L,impostor,1.605844
216438,764471,nd1S04505,nd1S04418,L,L,impostor,1.605905
173528,661746,nd1S04917,nd1S04970,R,R,impostor,1.605915
187683,764467,nd1S04786,nd1S04418,L,L,impostor,1.605938
173640,209271,nd1S04394,nd1S04859,R,R,impostor,1.605963
1087836,764471,nd1S04470,nd1S04418,L,L,impostor,1.605972
160356,661749,nd1S04683,nd1S04970,L,R,impostor,1.605993
1015652,201609,nd1S02463,nd1S04667,L,L,impostor,1.605996
1192961,187684,nd1S04261,nd1S04786,R,L,impostor,1.606024
205864,209267,nd1S04701,nd1S04859,L,R,impostor,1.606047
1192961,764442,nd1S04261,nd1S04418,R,L,impostor,1.606048
374089,661749,nd1S04701,nd1S04970,L,R,impostor,1.606074
1013666,201324,nd1S02463,nd1S04917,L,R,impostor,1.606125
241316,374094,nd1S04649,nd1S04701,L,L,impostor,1.606175
165846,166874,nd1S04683,nd1S04851,L,L,impostor,1.606205
165847,166874,nd1S04683,nd1S04851,L,L,impostor,1.606238
201609,660598,nd1S04667,nd1S04970,L,R,impostor,1.606242
303666,374094,nd1S04649,nd1S04701,L,L,impostor,1.606260
165442,661746,nd1S04851,nd1S04970,L,R,impostor,1.606442
1192961,660597,nd1S04261,nd1S04970,R,R,impostor,1.606471
1085920,1192852,nd1S04470,nd1S04261,L,L,impostor,1.606487
170318,660597,nd1S04394,nd1S04970,R,R,impostor,1.606522
1057020,661748,nd1S04394,nd1S04970,L,R,impostor,1.606659
187683,208443,nd1S04786,nd1S04859,L,R,impostor,1.606665
1057029,187654,nd1S04394,nd1S04786,L,L,impostor,1.606665
161092,165442,nd1S04684,nd1S04851,L,L,impostor,1.606675
1013655,173640,nd1S02463,nd1S04394,L,R,impostor,1.606794
187683,201606,nd1S04786,nd1S04667,L,L,impostor,1.606800
170377,187684,nd1S04917,nd1S04786,R,L,impostor,1.606846
164341,187654,nd1S04667,nd1S04786,L,L,impostor,1.606893
165164,374108,nd1S04667,nd1S04701,L,L,impostor,1.606901
241321,764441,nd1S04649,nd1S04418,L,L,impostor,1.606956
187654,241321,nd1S04786,nd1S04649,L,L,impostor,1.606963
177120,208443,nd1S04714,nd1S04859,R,R,impostor,1.606972
185568,704265,nd1S04683,nd1S04418,L,L,impostor,1.607022
1063964,240235,nd1S02463,nd1S04649,L,L,impostor,1.607120
177509,209271,nd1S04394,nd1S04859,R,R,impostor,1.607145
170317,209268,nd1S04394,nd1S04859,R,R,impostor,1.607183
1015652,204364,nd1S02463,nd1S04786,L,L,impostor,1.607293
1192962,241318,nd1S04261,nd1S04649,R,L,impostor,1.607309
1058294,1192853,nd1S04394,nd1S04261,L,L,impostor,1.607398
1015652,187684,nd1S02463,nd1S04786,L,L,impostor,1.607435
201324,201609,nd1S04917,nd1S04667,R,L,impostor,1.607440
217458,240235,nd1S04714,nd1S04649,R,L,impostor,1.607463
1192961,208441,nd1S04261,nd1S04859,R,R,impostor,1.607470
1038326,210510,nd1S02463,nd1S04701,L,R,impostor,1.607501
165442,205864,nd1S04851,nd1S04701,L,L,impostor,1.607505
1058294,241318,nd1S04394,nd1S04649,L,L,impostor,1.607618
1192959,164341,nd1S04261,nd1S04667,R,L,impostor,1.607661
1086712,162039,nd1S04470,nd1S04684,L,L,impostor,1.607702
165847,201325,nd1S04683,nd1S04917,L,R,impostor,1.607726
164577,209979,nd1S04851,nd1S04701,L,R,impostor,1.607750
1192960,661746,nd1S04261,nd1S04970,R,R,impostor,1.607864
1038326,241321,nd1S02463,nd1S04649,L,L,impostor,1.607880
1086712,208382,nd1S04470,nd1S04701,L,R,impostor,1.607900
1192960,187683,nd1S04261,nd1S04786,R,L,impostor,1.607943
1087232,209268,nd1S04470,nd1S04859,L,R,impostor,1.608041
1192849,206660,nd1S04261,nd1S04505,L,L,impostor,1.608074
1057029,1087232,nd1S04394,nd1S04470,L,L,impostor,1.608098
1192959,662843,nd1S04261,nd1S04714,R,R,impostor,1.608107
166874,187684,nd1S04851,nd1S04786,L,L,impostor,1.608131
1058848,165847,nd1S04394,nd1S04683,L,L,impostor,1.608199
1086712,241321,nd1S04470,nd1S04649,L,L,impostor,1.608209
1057020,208381,nd1S04394,nd1S04701,L,R,impostor,1.608215
1086712,764441,nd1S04470,nd1S04418,L,L,impostor,1.608243
1192961,196910,nd1S04261,nd1S04714,R,R,impostor,1.608247
164341,187683,nd1S04667,nd1S04786,L,L,impostor,1.608284
185568,201709,nd1S04683,nd1S04701,L,L,impostor,1.608378
165161,201325,nd1S04667,nd1S04917,L,R,impostor,1.608379
1192959,374108,nd1S04261,nd1S04701,R,L,impostor,1.608409
1192849,165164,nd1S04261,nd1S04667,L,L,impostor,1.608465
1059130,241316,nd1S04470,nd1S04649,L,L,impostor,1.608474
1086712,241316,nd1S04470,nd1S04649,L,L,impostor,1.608506
170317,201325,nd1S04394,nd1S04917,R,R,impostor,1.608549
1192850,662843,nd1S04261,nd1S04714,L,R,impostor,1.608571
160252,170317,nd1S04684,nd1S04394,L,R,impostor,1.608622
1038326,1058848,nd1S02463,nd1S04394,L,L,impostor,1.608625
216438,764467,nd1S04505,nd1S04418,L,L,impostor,1.608667
187684,764471,nd1S04786,nd1S04418,L,L,impostor,1.608699
176428,209267,nd1S04917,nd1S04859,R,R,impostor,1.608756
162945,209978,nd1S04851,nd1S04701,L,R,impostor,1.608781
162945,196910,nd1S04851,nd1S04714,L,R,impostor,1.608941
240235,764442,nd1S04649,nd1S04418,L,L,impostor,1.608999
1192960,764471,nd1S04261,nd1S04418,R,L,impostor,1.609017
1058294,1192852,nd1S04394,nd1S04261,L,L,impostor,1.609088
241316,764471,nd1S04649,nd1S04418,L,L,impostor,1.609093
165442,173528,nd1S04851,nd1S04917,L,R,impostor,1.609129
1038326,187654,nd1S02463,nd1S04786,L,L,impostor,1.609137
1085920,201325,nd1S04470,nd1S04917,L,R,impostor,1.609209
170317,196865,nd1S04394,nd1S04714,R,R,impostor,1.609239
162040,209978,nd1S04684,nd1S04701,L,R,impostor,1.609291
208381,374094,nd1S04701,nd1S04701,R,L,impostor,1.609299
1038326,187683,nd1S02463,nd1S04786,L,L,impostor,1.609327
1085920,201606,nd1S04470,nd1S04667,L,L,impostor,1.609367
166874,210510,nd1S04851,nd1S04701,L,R,impostor,1.609421
1085920,201324,nd1S04470,nd1S04917,L,R,impostor,1.609452
187684,704265,nd1S04786,nd1S04418,L,L,impostor,1.609527
1192962,201609,nd1S04261,nd1S04667,R,L,impostor,1.609534
1057021,208382,nd1S04394,nd1S04701,L,R,impostor,1.609554
1087836,166874,nd1S04470,nd1S04851,L,L,impostor,1.609660
187654,241316,nd1S04786,nd1S04649,L,L,impostor,1.609670
1058294,241321,nd1S04394,nd1S04649,L,L,impostor,1.609706
164577,196865,nd1S04851,nd1S04714,L,R,impostor,1.609746
170317,185568,nd1S04394,nd1S04683,R,L,impostor,1.609769
165164,764471,nd1S04667,nd1S04418,L,L,impostor,1.609786
1087836,216438,nd1S04470,nd1S04505,L,L,impostor,1.609906
303666,764441,nd1S04649,nd1S04418,L,L,impostor,1.609985
1192960,209978,nd1S04261,nd1S04701,R,R,impostor,1.610004
1087232,173528,nd1S04470,nd1S04917,L,R,impostor,1.610083
196865,374089,nd1S04714,nd1S04701,R,L,impostor,1.610114
1192960,201324,nd1S04261,nd1S04917,R,R,impostor,1.610154
173528,209267,nd1S04917,nd1S04859,R,R,impostor,1.610164
1192966,660597,nd1S04261,nd1S04970,R,R,impostor,1.610184
1085920,170377,nd1S04470,nd1S04917,L,R,impostor,1.610207
1038326,208443,nd1S02463,nd1S04859,L,R,impostor,1.610307
241318,661748,nd1S04649,nd1S04970,L,R,impostor,1.610337
164341,374094,nd1S04667,nd1S04701,L,L,impostor,1.610347
201609,660597,nd1S04667,nd1S04970,L,R,impostor,1.610369
1057021,1192853,nd1S04394,nd1S04261,L,L,impostor,1.610644
1192962,207642,nd1S04261,nd1S04505,R,L,impostor,1.610677
160252,176428,nd1S04684,nd1S04917,L,R,impostor,1.610685
660597,764467,nd1S04970,nd1S04418,R,L,impostor,1.610727
185551,201325,nd1S04683,nd1S04917,L,R,impostor,1.610752
241321,661746,nd1S04649,nd1S04970,L,R,impostor,1.610772
164577,661748,nd1S04851,nd1S04970,L,R,impostor,1.610788
165442,173640,nd1S04851,nd1S04394,L,R,impostor,1.610863
1059130,177120,nd1S04470,nd1S04714,L,R,impostor,1.610870
1192961,216438,nd1S04261,nd1S04505,R,L,impostor,1.610877
1013666,209267,nd1S02463,nd1S04859,L,R,impostor,1.610959
165442,177718,nd1S04851,nd1S04394,L,R,impostor,1.610973
164341,661748,nd1S04667,nd1S04970,L,R,impostor,1.610978
210510,241316,nd1S04701,nd1S04649,R,L,impostor,1.611014
170317,216439,nd1S04394,nd1S04505,R,L,impostor,1.611024
201325,662843,nd1S04917,nd1S04714,R,R,impostor,1.611033
164341,205864,nd1S04667,nd1S04701,L,L,impostor,1.611044
1192960,660597,nd1S04261,nd1S04970,R,R,impostor,1.611091
170317,176428,nd1S04394,nd1S04917,R,R,impostor,1.611165
196865,241318,nd1S04714,nd1S04649,R,L,impostor,1.611191
207642,241316,nd1S04505,nd1S04649,L,L,impostor,1.611255
1085920,216439,nd1S04470,nd1S04505,L,L,impostor,1.611365
196910,208381,nd1S04714,nd1S04701,R,R,impostor,1.611426
196865,209979,nd1S04714,nd1S04701,R,R,impostor,1.611428
1059130,160439,nd1S04470,nd1S04851,L,L,impostor,1.611452
187683,196910,nd1S04786,nd1S04714,L,R,impostor,1.611459
1087232,205864,nd1S04470,nd1S04701,L,L,impostor,1.611480
1192852,162040,nd1S04261,nd1S04684,L,L,impostor,1.611484
196865,209268,nd1S04714,nd1S04859,R,R,impostor,1.611509
1038326,1192961,nd1S02463,nd1S04261,L,R,impostor,1.611567
162945,374094,nd1S04851,nd1S04701,L,L,impostor,1.611577
1057020,208382,nd1S04394,nd1S04701,L,R,impostor,1.611632
160439,662843,nd1S04851,nd1S04714,L,R,impostor,1.611640
187684,205864,nd1S04786,nd1S04701,L,L,impostor,1.611729
177718,209267,nd1S04394,nd1S04859,R,R,impostor,1.611750
201606,661748,nd1S04667,nd1S04970,L,R,impostor,1.611848
161092,170317,nd1S04684,nd1S04394,L,R,impostor,1.611855
1057021,1087836,nd1S04394,nd1S04470,L,L,impostor,1.612073
165442,209271,nd1S04851,nd1S04859,L,R,impostor,1.612180
177509,208443,nd1S04394,nd1S04859,R,R,impostor,1.612180
1063964,205864,nd1S02463,nd1S04701,L,L,impostor,1.612185
1087836,1192849,nd1S04470,nd1S04261,L,L,impostor,1.612258
1087836,173528,nd1S04470,nd1S04917,L,R,impostor,1.612303
1057029,187684,nd1S04394,nd1S04786,L,L,impostor,1.612397
165164,209978,nd1S04667,nd1S04701,L,R,impostor,1.612469
187714,205864,nd1S04786,nd1S04701,L,L,impostor,1.612491
206660,241318,nd1S04505,nd1S04649,L,L,impostor,1.612492
170318,187683,nd1S04394,nd1S04786,R,L,impostor,1.612535
164341,374108,nd1S04667,nd1S04701,L,L,impostor,1.612543
1192962,187714,nd1S04261,nd1S04786,R,L,impostor,1.612547
1192959,204364,nd1S04261,nd1S04786,R,L,impostor,1.612610
1059130,241321,nd1S04470,nd1S04649,L,L,impostor,1.612625
1087836,201325,nd1S04470,nd1S04917,L,R,impostor,1.612626
161093,208381,nd1S04684,nd1S04701,L,R,impostor,1.612646
201325,660598,nd1S04917,nd1S04970,R,R,impostor,1.612856
170377,209267,nd1S04917,nd1S04859,R,R,impostor,1.612856
1057021,177718,nd1S04394,nd1S04394,L,R,impostor,1.612858
1192966,660598,nd1S04261,nd1S04970,R,R,impostor,1.612895
1057020,187714,nd1S04394,nd1S04786,L,L,impostor,1.612900
1058848,208382,nd1S04394,nd1S04701,L,R,impostor,1.612945
173640,209267,nd1S04394,nd1S04859,R,R,impostor,1.612987
1013655,177120,nd1S02463,nd1S04714,L,R,impostor,1.612993
187683,196865,nd1S04786,nd1S04714,L,R,impostor,1.612998
173528,196865,nd1S04917,nd1S04714,R,R,impostor,1.613005
173528,217458,nd1S04917,nd1S04714,R,R,impostor,1.613082
161092,208381,nd1S04684,nd1S04701,L,R,impostor,1.613089
196865,209267,nd1S04714,nd1S04859,R,R,impostor,1.613169
1057029,196910,nd1S04394,nd1S04714,L,R,impostor,1.613197
1087232,201709,nd1S04470,nd1S04701,L,L,impostor,1.613272
1192959,216438,nd1S04261,nd1S04505,R,L,impostor,1.613274
1192966,764441,nd1S04261,nd1S04418,R,L,impostor,1.613401
1192962,662843,nd1S04261,nd1S04714,R,R,impostor,1.613405
206660,764467,nd1S04505,nd1S04418,L,L,impostor,1.613410
660597,764471,nd1S04970,nd1S04418,R,L,impostor,1.613421
170377,201709,nd1S04917,nd1S04701,R,L,impostor,1.613449
1192959,374089,nd1S04261,nd1S04701,R,L,impostor,1.613463
160356,374094,nd1S04683,nd1S04701,L,L,impostor,1.613469
1058294,241316,nd1S04394,nd1S04649,L,L,impostor,1.613483
177718,764471,nd1S04394,nd1S04418,R,L,impostor,1.613554
1087232,187684,nd1S04470,nd1S04786,L,L,impostor,1.613557
166874,209271,nd1S04851,nd1S04859,L,R,impostor,1.613569
201609,209267,nd1S04667,nd1S04859,L,R,impostor,1.613570
165161,201709,nd1S04667,nd1S04701,L,L,impostor,1.613638
209271,374108,nd1S04859,nd1S04701,R,L,impostor,1.613715
166874,205864,nd1S04851,nd1S04701,L,L,impostor,1.613720
1192853,162040,nd1S04261,nd1S04684,L,L,impostor,1.613733
1013655,374089,nd1S02463,nd1S04701,L,L,impostor,1.613749
209267,764441,nd1S04859,nd1S04418,R,L,impostor,1.613770
1013655,1192966,nd1S02463,nd1S04261,L,R,impostor,1.613783
160439,661749,nd1S04851,nd1S04970,L,R,impostor,1.613788
1057021,1086712,nd1S04394,nd1S04470,L,L,impostor,1.613907
162945,764441,nd1S04851,nd1S04418,L,L,impostor,1.613964
160439,661746,nd1S04851,nd1S04970,L,R,impostor,1.614014
1192853,170318,nd1S04261,nd1S04394,L,R,impostor,1.614019
1192849,764442,nd1S04261,nd1S04418,L,L,impostor,1.614024
1087836,208441,nd1S04470,nd1S04859,L,R,impostor,1.614077
208381,661748,nd1S04701,nd1S04970,R,R,impostor,1.614084
1192850,207642,nd1S04261,nd1S04505,L,L,impostor,1.614129
1192966,208381,nd1S04261,nd1S04701,R,R,impostor,1.614159
165442,209978,nd1S04851,nd1S04701,L,R,impostor,1.614196
1058848,177509,nd1S04394,nd1S04394,L,R,impostor,1.614243
166874,170318,nd1S04851,nd1S04394,L,R,impostor,1.614250
170377,660597,nd1S04917,nd1S04970,R,R,impostor,1.614256
1192853,764442,nd1S04261,nd1S04418,L,L,impostor,1.614273
173528,177718,nd1S04917,nd1S04394,R,R,impostor,1.614341
1013655,1192850,nd1S02463,nd1S04261,L,L,impostor,1.614520
1015652,661749,nd1S02463,nd1S04970,L,R,impostor,1.614551
1063964,241318,nd1S02463,nd1S04649,L,L,impostor,1.614559
209978,217458,nd1S04701,nd1S04714,R,R,impostor,1.614563
1087232,208441,nd1S04470,nd1S04859,L,R,impostor,1.614734
1085920,170317,nd1S04470,nd1S04394,L,R,impostor,1.614754
1058848,185551,nd1S04394,nd1S04683,L,L,impostor,1.614806
1087836,160439,nd1S04470,nd1S04851,L,L,impostor,1.614877
1038326,241318,nd1S02463,nd1S04649,L,L,impostor,1.614882
1087836,209268,nd1S04470,nd1S04859,L,R,impostor,1.614925
160439,208382,nd1S04851,nd1S04701,L,R,impostor,1.614990
1192852,165164,nd1S04261,nd1S04667,L,L,impostor,1.615006
196910,201324,nd1S04714,nd1S04917,R,R,impostor,1.615067
1192962,201709,nd1S04261,nd1S04701,R,L,impostor,1.615080
1058848,1087836,nd1S04394,nd1S04470,L,L,impostor,1.615091
1063964,208382,nd1S02463,nd1S04701,L,R,impostor,1.615195
374094,662843,nd1S04701,nd1S04714,L,R,impostor,1.615233
187714,704265,nd1S04786,nd1S04418,L,L,impostor,1.615316
1192962,165164,nd1S04261,nd1S04667,R,L,impostor,1.615337
1057021,177509,nd1S04394,nd1S04394,L,R,impostor,1.615418
1192853,196910,nd1S04261,nd1S04714,L,R,impostor,1.615446
1085920,764471,nd1S04470,nd1S04418,L,L,impostor,1.615494
1057029,374089,nd1S04394,nd1S04701,L,L,impostor,1.615495
196865,208443,nd1S04714,nd1S04859,R,R,impostor,1.615548
1058294,185551,nd1S04394,nd1S04683,L,L,impostor,1.615563
1192961,177120,nd1S04261,nd1S04714,R,R,impostor,1.615631
1057021,660597,nd1S04394,nd1S04970,L,R,impostor,1.615649
161093,209978,nd1S04684,nd1S04701,L,R,impostor,1.615683
1085920,1192850,nd1S04470,nd1S04261,L,L,impostor,1.615723
1087836,201606,nd1S04470,nd1S04667,L,L,impostor,1.615770
209267,660597,nd1S04859,nd1S04970,R,R,impostor,1.615794
173528,374108,nd1S04917,nd1S04701,R,L,impostor,1.615807
1058848,166874,nd1S04394,nd1S04851,L,L,impostor,1.615845
1192962,764442,nd1S04261,nd1S04418,R,L,impostor,1.615846
1086712,201606,nd1S04470,nd1S04667,L,L,impostor,1.615875
161093,170318,nd1S04684,nd1S04394,L,R,impostor,1.615882
162945,661746,nd1S04851,nd1S04970,L,R,impostor,1.615960
1192960,187714,nd1S04261,nd1S04786,R,L,impostor,1.616003
1015652,170318,nd1S02463,nd1S04394,L,R,impostor,1.616119
1086712,1192961,nd1S04470,nd1S04261,L,R,impostor,1.616180
209268,764471,nd1S04859,nd1S04418,R,L,impostor,1.616297
166874,374094,nd1S04851,nd1S04701,L,L,impostor,1.616302
1057020,660597,nd1S04394,nd1S04970,L,R,impostor,1.616346
207642,241318,nd1S04505,nd1S04649,L,L,impostor,1.616375
173640,241316,nd1S04394,nd1S04649,R,L,impostor,1.616407
165846,764442,nd1S04683,nd1S04418,L,L,impostor,1.616509
165442,208382,nd1S04851,nd1S04701,L,R,impostor,1.616521
206659,704265,nd1S04505,nd1S04418,L,L,impostor,1.616572
170318,196865,nd1S04394,nd1S04714,R,R,impostor,1.616609
165161,205864,nd1S04667,nd1S04701,L,L,impostor,1.616639
1085920,764442,nd1S04470,nd1S04418,L,L,impostor,1.616674
165442,165847,nd1S04851,nd1S04683,L,L,impostor,1.616717
1087836,177718,nd1S04470,nd1S04394,L,R,impostor,1.616728
201606,204364,nd1S04667,nd1S04786,L,L,impostor,1.616752
1038326,1058294,nd1S02463,nd1S04394,L,L,impostor,1.616768
170318,209268,nd1S04394,nd1S04859,R,R,impostor,1.616835
196865,204364,nd1S04714,nd1S04786,R,L,impostor,1.616849
196910,208443,nd1S04714,nd1S04859,R,R,impostor,1.616888
1086712,209268,nd1S04470,nd1S04859,L,R,impostor,1.616949
206659,662843,nd1S04505,nd1S04714,L,R,impostor,1.616997
1058294,187654,nd1S04394,nd1S04786,L,L,impostor,1.617005
1058294,303666,nd1S04394,nd1S04649,L,L,impostor,1.617067
185568,764442,nd1S04683,nd1S04418,L,L,impostor,1.617132
303666,764471,nd1S04649,nd1S04418,L,L,impostor,1.617169
1058294,177509,nd1S04394,nd1S04394,L,R,impostor,1.617247
187684,764442,nd1S04786,nd1S04418,L,L,impostor,1.617276
1087836,1192851,nd1S04470,nd1S04261,L,L,impostor,1.617279
161093,173528,nd1S04684,nd1S04917,L,R,impostor,1.617281
1058294,661749,nd1S04394,nd1S04970,L,R,impostor,1.617311
208441,764442,nd1S04859,nd1S04418,R,L,impostor,1.617331
241318,764441,nd1S04649,nd1S04418,L,L,impostor,1.617392
187654,201325,nd1S04786,nd1S04917,L,R,impostor,1.617411
1192960,187684,nd1S04261,nd1S04786,R,L,impostor,1.617413
1057029,1192850,nd1S04394,nd1S04261,L,L,impostor,1.617428
1015652,704265,nd1S02463,nd1S04418,L,L,impostor,1.617530
1192959,187654,nd1S04261,nd1S04786,R,L,impostor,1.617619
173528,660598,nd1S04917,nd1S04970,R,R,impostor,1.617667
187654,209267,nd1S04786,nd1S04859,L,R,impostor,1.617675
208381,660597,nd1S04701,nd1S04970,R,R,impostor,1.617689
208381,764467,nd1S04701,nd1S04418,R,L,impostor,1.617709
1063964,1192851,nd1S02463,nd1S04261,L,L,impostor,1.617716
1058848,661748,nd1S04394,nd1S04970,L,R,impostor,1.617764
1087836,1192962,nd1S04470,nd1S04261,L,R,impostor,1.617781
1192959,764442,nd1S04261,nd1S04418,R,L,impostor,1.617782
187683,201609,nd1S04786,nd1S04667,L,L,impostor,1.617830
187654,240235,nd1S04786,nd1S04649,L,L,impostor,1.617883
160356,166874,nd1S04683,nd1S04851,L,L,impostor,1.617924
1085920,209271,nd1S04470,nd1S04859,L,R,impostor,1.617982
201325,660597,nd1S04917,nd1S04970,R,R,impostor,1.618027
164577,196910,nd1S04851,nd1S04714,L,R,impostor,1.618071
177509,187684,nd1S04394,nd1S04786,R,L,impostor,1.618078
1192852,177120,nd1S04261,nd1S04714,L,R,impostor,1.618083
177509,187714,nd1S04394,nd1S04786,R,L,impostor,1.618087
1086712,1192962,nd1S04470,nd1S04261,L,R,impostor,1.618119
177120,374108,nd1S04714,nd1S04701,R,L,impostor,1.618137
660597,704265,nd1S04970,nd1S04418,R,L,impostor,1.618158
1013666,216439,nd1S02463,nd1S04505,L,L,impostor,1.618184
1057020,187654,nd1S04394,nd1S04786,L,L,impostor,1.618197
1192852,185551,nd1S04261,nd1S04683,L,L,impostor,1.618257
1192959,165161,nd1S04261,nd1S04667,R,L,impostor,1.618377
196865,240235,nd1S04714,nd1S04649,R,L,impostor,1.618456
164341,209979,nd1S04667,nd1S04701,L,R,impostor,1.618514
160439,177718,nd1S04851,nd1S04394,L,R,impostor,1.618533
165161,187654,nd1S04667,nd1S04786,L,L,impostor,1.618801
161092,374094,nd1S04684,nd1S04701,L,L,impostor,1.618802
1192960,201709,nd1S04261,nd1S04701,R,L,impostor,1.618814
177509,209268,nd1S04394,nd1S04859,R,R,impostor,1.618909
164341,201324,nd1S04667,nd1S04917,L,R,impostor,1.618961
160439,187714,nd1S04851,nd1S04786,L,L,impostor,1.618962
1013655,187654,nd1S02463,nd1S04786,L,L,impostor,1.619018
1059130,201324,nd1S04470,nd1S04917,L,R,impostor,1.619058
201325,205864,nd1S04917,nd1S04701,R,L,impostor,1.619204
216439,764467,nd1S04505,nd1S04418,L,L,impostor,1.619206
1192851,764442,nd1S04261,nd1S04418,L,L,impostor,1.619251
210510,240235,nd1S04701,nd1S04649,R,L,impostor,1.619291
173528,177120,nd1S04917,nd1S04714,R,R,impostor,1.619293
1086712,764442,nd1S04470,nd1S04418,L,L,impostor,1.619297
1192850,764467,nd1S04261,nd1S04418,L,L,impostor,1.619319
1058294,187684,nd1S04394,nd1S04786,L,L,impostor,1.619343
1058294,177120,nd1S04394,nd1S04714,L,R,impostor,1.619388
201606,764471,nd1S04667,nd1S04418,L,L,impostor,1.619395
201609,661749,nd1S04667,nd1S04970,L,R,impostor,1.619426
161092,303666,nd1S04684,nd1S04649,L,L,impostor,1.619446
208443,661749,nd1S04859,nd1S04970,R,R,impostor,1.619470
160439,210510,nd1S04851,nd1S04701,L,R,impostor,1.619481
201324,209271,nd1S04917,nd1S04859,R,R,impostor,1.619553
1058848,209979,nd1S04394,nd1S04701,L,R,impostor,1.619580
660597,662843,nd1S04970,nd1S04714,R,R,impostor,1.619673
162039,176428,nd1S04684,nd1S04917,L,R,impostor,1.619708
196865,206659,nd1S04714,nd1S04505,R,L,impostor,1.619811
201324,208443,nd1S04917,nd1S04859,R,R,impostor,1.619812
1057029,661748,nd1S04394,nd1S04970,L,R,impostor,1.619897
160439,187684,nd1S04851,nd1S04786,L,L,impostor,1.619931
1063964,165161,nd1S02463,nd1S04667,L,L,impostor,1.620017
660597,764442,nd1S04970,nd1S04418,R,L,impostor,1.620030
164577,660597,nd1S04851,nd1S04970,L,R,impostor,1.620090
1192961,201606,nd1S04261,nd1S04667,R,L,impostor,1.620116
1192961,187714,nd1S04261,nd1S04786,R,L,impostor,1.620129
209268,764467,nd1S04859,nd1S04418,R,L,impostor,1.620157
1058294,1192851,nd1S04394,nd1S04261,L,L,impostor,1.620160
1057029,1192961,nd1S04394,nd1S04261,L,R,impostor,1.620213
164341,209978,nd1S04667,nd1S04701,L,R,impostor,1.620222
160439,209271,nd1S04851,nd1S04859,L,R,impostor,1.620233
177718,187684,nd1S04394,nd1S04786,R,L,impostor,1.620252
160439,209978,nd1S04851,nd1S04701,L,R,impostor,1.620273
165161,201324,nd1S04667,nd1S04917,L,R,impostor,1.620357
165442,196910,nd1S04851,nd1S04714,L,R,impostor,1.620422
1192850,177120,nd1S04261,nd1S04714,L,R,impostor,1.620425
208443,217458,nd1S04859,nd1S04714,R,R,impostor,1.620446
165164,187654,nd1S04667,nd1S04786,L,L,impostor,1.620495
162945,201709,nd1S04851,nd1S04701,L,L,impostor,1.620524
165442,661749,nd1S04851,nd1S04970,L,R,impostor,1.620585
1057020,201709,nd1S04394,nd1S04701,L,L,impostor,1.620628
164577,240235,nd1S04851,nd1S04649,L,L,impostor,1.620694
1013655,185551,nd1S02463,nd1S04683,L,L,impostor,1.620770
1086712,1192851,nd1S04470,nd1S04261,L,L,impostor,1.620791
241318,374089,nd1S04649,nd1S04701,L,L,impostor,1.620824
1085920,208443,nd1S04470,nd1S04859,L,R,impostor,1.620829
1192851,216439,nd1S04261,nd1S04505,L,L,impostor,1.620866
187654,303666,nd1S04786,nd1S04649,L,L,impostor,1.620872
161092,173528,nd1S04684,nd1S04917,L,R,impostor,1.620947
1063964,1192959,nd1S02463,nd1S04261,L,R,impostor,1.621006
160356,208441,nd1S04683,nd1S04859,L,R,impostor,1.621038
170377,187714,nd1S04917,nd1S04786,R,L,impostor,1.621056
1058848,661746,nd1S04394,nd1S04970,L,R,impostor,1.621080
205864,660597,nd1S04701,nd1S04970,L,R,impostor,1.621087
1013666,1192960,nd1S02463,nd1S04261,L,R,impostor,1.621224
1087836,170317,nd1S04470,nd1S04394,L,R,impostor,1.621274
1192959,661749,nd1S04261,nd1S04970,R,R,impostor,1.621443
1192962,187654,nd1S04261,nd1S04786,R,L,impostor,1.621539
1063964,185568,nd1S02463,nd1S04683,L,L,impostor,1.621638
1192960,662843,nd1S04261,nd1S04714,R,R,impostor,1.621649
187654,201609,nd1S04786,nd1S04667,L,L,impostor,1.621756
164577,216439,nd1S04851,nd1S04505,L,L,impostor,1.621888
170317,208443,nd1S04394,nd1S04859,R,R,impostor,1.621979
1058848,187714,nd1S04394,nd1S04786,L,L,impostor,1.622031
177120,209979,nd1S04714,nd1S04701,R,R,impostor,1.622103
240235,374108,nd1S04649,nd1S04701,L,L,impostor,1.622170
1058294,208382,nd1S04394,nd1S04701,L,R,impostor,1.622185
240235,764471,nd1S04649,nd1S04418,L,L,impostor,1.622205
1057020,187684,nd1S04394,nd1S04786,L,L,impostor,1.622225
160356,201325,nd1S04683,nd1S04917,L,R,impostor,1.622245
177120,187654,nd1S04714,nd1S04786,R,L,impostor,1.622262
187654,241318,nd1S04786,nd1S04649,L,L,impostor,1.622360
173528,661749,nd1S04917,nd1S04970,R,R,impostor,1.622361
177718,187714,nd1S04394,nd1S04786,R,L,impostor,1.622432
176428,209268,nd1S04917,nd1S04859,R,R,impostor,1.622465
374089,660597,nd1S04701,nd1S04970,L,R,impostor,1.622468
1192853,662843,nd1S04261,nd1S04714,L,R,impostor,1.622527
170317,187683,nd1S04394,nd1S04786,R,L,impostor,1.622528
1058294,170377,nd1S04394,nd1S04917,L,R,impostor,1.622572
209267,661749,nd1S04859,nd1S04970,R,R,impostor,1.622584
1192962,374108,nd1S04261,nd1S04701,R,L,impostor,1.622621
1192852,207642,nd1S04261,nd1S04505,L,L,impostor,1.622622
1087836,1192961,nd1S04470,nd1S04261,L,R,impostor,1.622675
1015652,187654,nd1S02463,nd1S04786,L,L,impostor,1.622699
1057020,374089,nd1S04394,nd1S04701,L,L,impostor,1.622979
241316,374108,nd1S04649,nd1S04701,L,L,impostor,1.623008
1038326,205864,nd1S02463,nd1S04701,L,L,impostor,1.623027
1063964,208443,nd1S02463,nd1S04859,L,R,impostor,1.623127
1192961,764471,nd1S04261,nd1S04418,R,L,impostor,1.623146
1085920,173528,nd1S04470,nd1S04917,L,R,impostor,1.623159
1192959,187714,nd1S04261,nd1S04786,R,L,impostor,1.623177
1087836,1192850,nd1S04470,nd1S04261,L,L,impostor,1.623228
1192962,166874,nd1S04261,nd1S04851,R,L,impostor,1.623311
241316,661746,nd1S04649,nd1S04970,L,R,impostor,1.623413
185551,208382,nd1S04683,nd1S04701,L,R,impostor,1.623456
177120,209267,nd1S04714,nd1S04859,R,R,impostor,1.623500
201324,662843,nd1S04917,nd1S04714,R,R,impostor,1.623604
1192960,217458,nd1S04261,nd1S04714,R,R,impostor,1.623644
177718,764467,nd1S04394,nd1S04418,R,L,impostor,1.623725
1057029,210510,nd1S04394,nd1S04701,L,R,impostor,1.623764
1192852,206660,nd1S04261,nd1S04505,L,L,impostor,1.623786
1058848,209978,nd1S04394,nd1S04701,L,R,impostor,1.623816
201325,208443,nd1S04917,nd1S04859,R,R,impostor,1.623819
217458,374108,nd1S04714,nd1S04701,R,L,impostor,1.623860
1058294,1192850,nd1S04394,nd1S04261,L,L,impostor,1.624043
1063964,209268,nd1S02463,nd1S04859,L,R,impostor,1.624114
1192961,661746,nd1S04261,nd1S04970,R,R,impostor,1.624131
201609,661746,nd1S04667,nd1S04970,L,R,impostor,1.624211
1086712,764471,nd1S04470,nd1S04418,L,L,impostor,1.624239
209267,662843,nd1S04859,nd1S04714,R,R,impostor,1.624324
1057020,210510,nd1S04394,nd1S04701,L,R,impostor,1.624465
1063964,209271,nd1S02463,nd1S04859,L,R,impostor,1.624491
1087836,374094,nd1S04470,nd1S04701,L,L,impostor,1.624513
1192959,176428,nd1S04261,nd1S04917,R,R,impostor,1.624532
164341,210510,nd1S04667,nd1S04701,L,R,impostor,1.624543
1063964,176428,nd1S02463,nd1S04917,L,R,impostor,1.624572
209268,217458,nd1S04859,nd1S04714,R,R,impostor,1.624576
170317,173528,nd1S04394,nd1S04917,R,R,impostor,1.624611
177509,201325,nd1S04394,nd1S04917,R,R,impostor,1.624870
164577,661749,nd1S04851,nd1S04970,L,R,impostor,1.624872
1059130,162945,nd1S04470,nd1S04851,L,L,impostor,1.624969
173528,209268,nd1S04917,nd1S04859,R,R,impostor,1.624974
1192962,303666,nd1S04261,nd1S04649,R,L,impostor,1.625158
1013666,201709,nd1S02463,nd1S04701,L,L,impostor,1.625212
1192959,216439,nd1S04261,nd1S04505,R,L,impostor,1.625239
162945,170318,nd1S04851,nd1S04394,L,R,impostor,1.625328
201325,201606,nd1S04917,nd1S04667,R,L,impostor,1.625330
164341,187714,nd1S04667,nd1S04786,L,L,impostor,1.625362
374094,660597,nd1S04701,nd1S04970,L,R,impostor,1.625415
1192962,660598,nd1S04261,nd1S04970,R,R,impostor,1.625442
303666,764442,nd1S04649,nd1S04418,L,L,impostor,1.625512
170318,208443,nd1S04394,nd1S04859,R,R,impostor,1.625673
1192962,216438,nd1S04261,nd1S04505,R,L,impostor,1.625721
165164,205864,nd1S04667,nd1S04701,L,L,impostor,1.625850
165164,210510,nd1S04667,nd1S04701,L,R,impostor,1.625864
1086712,208441,nd1S04470,nd1S04859,L,R,impostor,1.625943
1192966,187654,nd1S04261,nd1S04786,R,L,impostor,1.626014
1059130,209979,nd1S04470,nd1S04701,L,R,impostor,1.626028
1063964,216439,nd1S02463,nd1S04505,L,L,impostor,1.626072
1192852,217458,nd1S04261,nd1S04714,L,R,impostor,1.626104
201709,660598,nd1S04701,nd1S04970,L,R,impostor,1.626161
1192853,206659,nd1S04261,nd1S04505,L,L,impostor,1.626177
1192960,206660,nd1S04261,nd1S04505,R,L,impostor,1.626243
164341,201709,nd1S04667,nd1S04701,L,L,impostor,1.626355
177120,240235,nd1S04714,nd1S04649,R,L,impostor,1.626385
165161,187714,nd1S04667,nd1S04786,L,L,impostor,1.626426
209267,217458,nd1S04859,nd1S04714,R,R,impostor,1.626495
216439,764471,nd1S04505,nd1S04418,L,L,impostor,1.626548
1059130,1192851,nd1S04470,nd1S04261,L,L,impostor,1.626570
241321,764471,nd1S04649,nd1S04418,L,L,impostor,1.626591
1057029,1087836,nd1S04394,nd1S04470,L,L,impostor,1.626636
165161,187684,nd1S04667,nd1S04786,L,L,impostor,1.626686
170318,177120,nd1S04394,nd1S04714,R,R,impostor,1.626701
170377,374108,nd1S04917,nd1S04701,R,L,impostor,1.626730
1087232,1192851,nd1S04470,nd1S04261,L,L,impostor,1.626782
196865,208382,nd1S04714,nd1S04701,R,R,impostor,1.626856
1087232,170317,nd1S04470,nd1S04394,L,R,impostor,1.626862
187714,217458,nd1S04786,nd1S04714,L,R,impostor,1.626877
1087836,1192852,nd1S04470,nd1S04261,L,L,impostor,1.626954
1192966,661749,nd1S04261,nd1S04970,R,R,impostor,1.626967
217458,374094,nd1S04714,nd1S04701,R,L,impostor,1.626986
173640,208443,nd1S04394,nd1S04859,R,R,impostor,1.627008
1192959,207642,nd1S04261,nd1S04505,R,L,impostor,1.627191
241316,662843,nd1S04649,nd1S04714,L,R,impostor,1.627196
1192962,660597,nd1S04261,nd1S04970,R,R,impostor,1.627233
1057021,164341,nd1S04394,nd1S04667,L,L,impostor,1.627380
1192850,216439,nd1S04261,nd1S04505,L,L,impostor,1.627497
1192850,185568,nd1S04261,nd1S04683,L,L,impostor,1.627548
1087836,173640,nd1S04470,nd1S04394,L,R,impostor,1.627619
1058848,662843,nd1S04394,nd1S04714,L,R,impostor,1.627822
1192960,196910,nd1S04261,nd1S04714,R,R,impostor,1.627883
1192853,177120,nd1S04261,nd1S04714,L,R,impostor,1.627975
1057029,662843,nd1S04394,nd1S04714,L,R,impostor,1.627983
241318,661746,nd1S04649,nd1S04970,L,R,impostor,1.627987
170318,187714,nd1S04394,nd1S04786,R,L,impostor,1.628334
1057021,1192850,nd1S04394,nd1S04261,L,L,impostor,1.628339
1192853,185551,nd1S04261,nd1S04683,L,L,impostor,1.628382
165164,764467,nd1S04667,nd1S04418,L,L,impostor,1.628393
209978,704265,nd1S04701,nd1S04418,R,L,impostor,1.628475
1192966,196865,nd1S04261,nd1S04714,R,R,impostor,1.628509
162945,173640,nd1S04851,nd1S04394,L,R,impostor,1.628531
162039,216439,nd1S04684,nd1S04505,L,L,impostor,1.628537
1086712,209267,nd1S04470,nd1S04859,L,R,impostor,1.628545
1086712,209271,nd1S04470,nd1S04859,L,R,impostor,1.628573
164577,208443,nd1S04851,nd1S04859,L,R,impostor,1.628600
1192852,165161,nd1S04261,nd1S04667,L,L,impostor,1.628700
1015652,187714,nd1S02463,nd1S04786,L,L,impostor,1.628705
160439,374089,nd1S04851,nd1S04701,L,L,impostor,1.628711
204364,374094,nd1S04786,nd1S04701,L,L,impostor,1.628901
374089,661748,nd1S04701,nd1S04970,L,R,impostor,1.629013
208443,661748,nd1S04859,nd1S04970,R,R,impostor,1.629020
1192850,764471,nd1S04261,nd1S04418,L,L,impostor,1.629082
1192960,206659,nd1S04261,nd1S04505,R,L,impostor,1.629199
162040,208381,nd1S04684,nd1S04701,L,R,impostor,1.629221
1058848,177120,nd1S04394,nd1S04714,L,R,impostor,1.629272
1192852,216439,nd1S04261,nd1S04505,L,L,impostor,1.629342
201709,209978,nd1S04701,nd1S04701,L,R,impostor,1.629490
201609,201709,nd1S04667,nd1S04701,L,L,impostor,1.629533
1057029,177120,nd1S04394,nd1S04714,L,R,impostor,1.629648
170318,204364,nd1S04394,nd1S04786,R,L,impostor,1.629674
177718,204364,nd1S04394,nd1S04786,R,L,impostor,1.629716
1013655,217458,nd1S02463,nd1S04714,L,R,impostor,1.629787
165161,661746,nd1S04667,nd1S04970,L,R,impostor,1.629792
1192966,173528,nd1S04261,nd1S04917,R,R,impostor,1.629801
165161,661748,nd1S04667,nd1S04970,L,R,impostor,1.629805
201325,201609,nd1S04917,nd1S04667,R,L,impostor,1.629847
1192849,177509,nd1S04261,nd1S04394,L,R,impostor,1.629852
208382,660598,nd1S04701,nd1S04970,R,R,impostor,1.629854
1063964,241316,nd1S02463,nd1S04649,L,L,impostor,1.629882
1038326,1192962,nd1S02463,nd1S04261,L,R,impostor,1.629906
1192853,764467,nd1S04261,nd1S04418,L,L,impostor,1.630027
1013655,177718,nd1S02463,nd1S04394,L,R,impostor,1.630131
1058848,1085920,nd1S04394,nd1S04470,L,L,impostor,1.630134
173640,241318,nd1S04394,nd1S04649,R,L,impostor,1.630208
160252,170377,nd1S04684,nd1S04917,L,R,impostor,1.630253
160439,177509,nd1S04851,nd1S04394,L,R,impostor,1.630278
1192960,170377,nd1S04261,nd1S04917,R,R,impostor,1.630321
1192962,205864,nd1S04261,nd1S04701,R,L,impostor,1.630323
1192966,662843,nd1S04261,nd1S04714,R,R,impostor,1.630325
170317,208441,nd1S04394,nd1S04859,R,R,impostor,1.630355
1058294,1085920,nd1S04394,nd1S04470,L,L,impostor,1.630546
173640,209268,nd1S04394,nd1S04859,R,R,impostor,1.630629
1057021,160356,nd1S04394,nd1S04683,L,L,impostor,1.630678
165164,187714,nd1S04667,nd1S04786,L,L,impostor,1.630721
1192962,201606,nd1S04261,nd1S04667,R,L,impostor,1.630727
165164,187684,nd1S04667,nd1S04786,L,L,impostor,1.630837
187684,208443,nd1S04786,nd1S04859,L,R,impostor,1.630848
166874,187714,nd1S04851,nd1S04786,L,L,impostor,1.630913
209267,374094,nd1S04859,nd1S04701,R,L,impostor,1.631139
173640,187683,nd1S04394,nd1S04786,R,L,impostor,1.631150
1013666,1087232,nd1S02463,nd1S04470,L,L,impostor,1.631342
206659,764471,nd1S04505,nd1S04418,L,L,impostor,1.631349
162039,208381,nd1S04684,nd1S04701,L,R,impostor,1.631462
1085920,1192962,nd1S04470,nd1S04261,L,R,impostor,1.631474
173640,187714,nd1S04394,nd1S04786,R,L,impostor,1.631497
165442,170318,nd1S04851,nd1S04394,L,R,impostor,1.631626
1015652,165164,nd1S02463,nd1S04667,L,L,impostor,1.631671
201609,661748,nd1S04667,nd1S04970,L,R,impostor,1.631682
1038326,204364,nd1S02463,nd1S04786,L,L,impostor,1.631715
205864,208381,nd1S04701,nd1S04701,L,R,impostor,1.631716
177718,704265,nd1S04394,nd1S04418,R,L,impostor,1.632148
1013666,1085920,nd1S02463,nd1S04470,L,L,impostor,1.632161
164341,187684,nd1S04667,nd1S04786,L,L,impostor,1.632371
1058294,209979,nd1S04394,nd1S04701,L,R,impostor,1.632532
176428,177718,nd1S04917,nd1S04394,R,R,impostor,1.632586
1192849,165846,nd1S04261,nd1S04683,L,L,impostor,1.632625
1192852,704265,nd1S04261,nd1S04418,L,L,impostor,1.632629
1063964,160356,nd1S02463,nd1S04683,L,L,impostor,1.632698
209268,661749,nd1S04859,nd1S04970,R,R,impostor,1.632725
209271,661748,nd1S04859,nd1S04970,R,R,impostor,1.632738
160356,764442,nd1S04683,nd1S04418,L,L,impostor,1.632738
170318,208441,nd1S04394,nd1S04859,R,R,impostor,1.632832
165442,374094,nd1S04851,nd1S04701,L,L,impostor,1.632837
1058848,1086712,nd1S04394,nd1S04470,L,L,impostor,1.633048
209271,764467,nd1S04859,nd1S04418,R,L,impostor,1.633108
240235,374094,nd1S04649,nd1S04701,L,L,impostor,1.633207
209271,764471,nd1S04859,nd1S04418,R,L,impostor,1.633255
1058294,209978,nd1S04394,nd1S04701,L,R,impostor,1.633262
1057020,661746,nd1S04394,nd1S04970,L,R,impostor,1.633263
164341,208382,nd1S04667,nd1S04701,L,R,impostor,1.633379
170377,661748,nd1S04917,nd1S04970,R,R,impostor,1.633458
241318,764471,nd1S04649,nd1S04418,L,L,impostor,1.633545
164577,177509,nd1S04851,nd1S04394,L,R,impostor,1.633582
164341,374089,nd1S04667,nd1S04701,L,L,impostor,1.633645
1086712,1192850,nd1S04470,nd1S04261,L,L,impostor,1.633646
1192966,764467,nd1S04261,nd1S04418,R,L,impostor,1.633738
1192962,196865,nd1S04261,nd1S04714,R,R,impostor,1.633815
1192962,241316,nd1S04261,nd1S04649,R,L,impostor,1.633852
165164,208381,nd1S04667,nd1S04701,L,R,impostor,1.634007
166874,185568,nd1S04851,nd1S04683,L,L,impostor,1.634015
162945,374108,nd1S04851,nd1S04701,L,L,impostor,1.634136
1192959,374094,nd1S04261,nd1S04701,R,L,impostor,1.634158
204364,662843,nd1S04786,nd1S04714,L,R,impostor,1.634179
1013655,1192853,nd1S02463,nd1S04261,L,L,impostor,1.634210
1087836,209271,nd1S04470,nd1S04859,L,R,impostor,1.634222
165161,661749,nd1S04667,nd1S04970,L,R,impostor,1.634263
1013655,661748,nd1S02463,nd1S04970,L,R,impostor,1.634454
1058294,661748,nd1S04394,nd1S04970,L,R,impostor,1.634469
1057029,177509,nd1S04394,nd1S04394,L,R,impostor,1.634509
1087232,1192850,nd1S04470,nd1S04261,L,L,impostor,1.634722
165164,374089,nd1S04667,nd1S04701,L,L,impostor,1.634921
201606,374108,nd1S04667,nd1S04701,L,L,impostor,1.634922
185568,374094,nd1S04683,nd1S04701,L,L,impostor,1.634924
208382,660597,nd1S04701,nd1S04970,R,R,impostor,1.635089
1057020,374094,nd1S04394,nd1S04701,L,L,impostor,1.635115
170317,196910,nd1S04394,nd1S04714,R,R,impostor,1.635120
165847,764442,nd1S04683,nd1S04418,L,L,impostor,1.635219
170318,187684,nd1S04394,nd1S04786,R,L,impostor,1.635335
240235,662843,nd1S04649,nd1S04714,L,R,impostor,1.635521
1086712,1192852,nd1S04470,nd1S04261,L,L,impostor,1.635524
176428,177120,nd1S04917,nd1S04714,R,R,impostor,1.635563
1013666,177509,nd1S02463,nd1S04394,L,R,impostor,1.635575
1085920,164341,nd1S04470,nd1S04667,L,L,impostor,1.635608
217458,241318,nd1S04714,nd1S04649,R,L,impostor,1.636052
161092,201324,nd1S04684,nd1S04917,L,R,impostor,1.636086
1057029,661746,nd1S04394,nd1S04970,L,R,impostor,1.636124
1192849,177120,nd1S04261,nd1S04714,L,R,impostor,1.636184
1015652,173640,nd1S02463,nd1S04394,L,R,impostor,1.636256
209979,661746,nd1S04701,nd1S04970,R,R,impostor,1.636290
1013655,374108,nd1S02463,nd1S04701,L,L,impostor,1.636364
187684,201609,nd1S04786,nd1S04667,L,L,impostor,1.636366
1192960,661749,nd1S04261,nd1S04970,R,R,impostor,1.636374
208441,374108,nd1S04859,nd1S04701,R,L,impostor,1.636389
164341,208381,nd1S04667,nd1S04701,L,R,impostor,1.636418
160439,201709,nd1S04851,nd1S04701,L,L,impostor,1.636431
217458,241321,nd1S04714,nd1S04649,R,L,impostor,1.636494
196865,241321,nd1S04714,nd1S04649,R,L,impostor,1.636511
208443,374108,nd1S04859,nd1S04701,R,L,impostor,1.636589
165442,177509,nd1S04851,nd1S04394,L,R,impostor,1.636761
1087836,209267,nd1S04470,nd1S04859,L,R,impostor,1.636808
1059130,201325,nd1S04470,nd1S04917,L,R,impostor,1.637141
1085920,1192853,nd1S04470,nd1S04261,L,L,impostor,1.637266
1087836,177120,nd1S04470,nd1S04714,L,R,impostor,1.637499
1086712,170318,nd1S04470,nd1S04394,L,R,impostor,1.637512
1013666,208443,nd1S02463,nd1S04859,L,R,impostor,1.637551
196865,205864,nd1S04714,nd1S04701,R,L,impostor,1.637660
1038326,209271,nd1S02463,nd1S04859,L,R,impostor,1.637736
201324,209267,nd1S04917,nd1S04859,R,R,impostor,1.638145
165161,660597,nd1S04667,nd1S04970,L,R,impostor,1.638178
1192849,165161,nd1S04261,nd1S04667,L,L,impostor,1.638255
160439,170318,nd1S04851,nd1S04394,L,R,impostor,1.638316
241321,374089,nd1S04649,nd1S04701,L,L,impostor,1.638379
204364,217458,nd1S04786,nd1S04714,L,R,impostor,1.638429
196910,208382,nd1S04714,nd1S04701,R,R,impostor,1.638437
1192962,165442,nd1S04261,nd1S04851,R,L,impostor,1.638503
162040,201324,nd1S04684,nd1S04917,L,R,impostor,1.638521
187684,201606,nd1S04786,nd1S04667,L,L,impostor,1.638552
1059130,216438,nd1S04470,nd1S04505,L,L,impostor,1.638572
164577,210510,nd1S04851,nd1S04701,L,R,impostor,1.638653
1058294,185568,nd1S04394,nd1S04683,L,L,impostor,1.638712
241321,764442,nd1S04649,nd1S04418,L,L,impostor,1.638773
209271,217458,nd1S04859,nd1S04714,R,R,impostor,1.638845
1192959,187684,nd1S04261,nd1S04786,R,L,impostor,1.638932
1086712,201325,nd1S04470,nd1S04917,L,R,impostor,1.638980
1087232,177718,nd1S04470,nd1S04394,L,R,impostor,1.638986
1192852,170318,nd1S04261,nd1S04394,L,R,impostor,1.639028
1192959,196865,nd1S04261,nd1S04714,R,R,impostor,1.639065
1192960,704265,nd1S04261,nd1S04418,R,L,impostor,1.639153
1058848,187654,nd1S04394,nd1S04786,L,L,impostor,1.639269
1192849,185568,nd1S04261,nd1S04683,L,L,impostor,1.639300
1057021,173640,nd1S04394,nd1S04394,L,R,impostor,1.639361
1192849,160356,nd1S04261,nd1S04683,L,L,impostor,1.639379
1087232,1192849,nd1S04470,nd1S04261,L,L,impostor,1.639387
209271,662843,nd1S04859,nd1S04714,R,R,impostor,1.639445
165442,374089,nd1S04851,nd1S04701,L,L,impostor,1.639456
196865,209271,nd1S04714,nd1S04859,R,R,impostor,1.639477
1085920,162945,nd1S04470,nd1S04851,L,L,impostor,1.639583
1192966,187684,nd1S04261,nd1S04786,R,L,impostor,1.639606
1192851,704265,nd1S04261,nd1S04418,L,L,impostor,1.639633
160439,173640,nd1S04851,nd1S04394,L,R,impostor,1.639765
1086712,177120,nd1S04470,nd1S04714,L,R,impostor,1.639817
1063964,173528,nd1S02463,nd1S04917,L,R,impostor,1.639850
1192853,764471,nd1S04261,nd1S04418,L,L,impostor,1.639961
1013666,173640,nd1S02463,nd1S04394,L,R,impostor,1.640038
1057021,704265,nd1S04394,nd1S04418,L,L,impostor,1.640052
1058294,160356,nd1S04394,nd1S04683,L,L,impostor,1.640084
1192966,187714,nd1S04261,nd1S04786,R,L,impostor,1.640330
1057020,1087836,nd1S04394,nd1S04470,L,L,impostor,1.640437
1059130,1192852,nd1S04470,nd1S04261,L,L,impostor,1.640477
173640,201325,nd1S04394,nd1S04917,R,R,impostor,1.640490
165846,374094,nd1S04683,nd1S04701,L,L,impostor,1.640624
1059130,209978,nd1S04470,nd1S04701,L,R,impostor,1.640694
209979,661749,nd1S04701,nd1S04970,R,R,impostor,1.640729
1192966,204364,nd1S04261,nd1S04786,R,L,impostor,1.640791
165161,209978,nd1S04667,nd1S04701,L,R,impostor,1.640911
209978,764467,nd1S04701,nd1S04418,R,L,impostor,1.640913
201606,374089,nd1S04667,nd1S04701,L,L,impostor,1.641571
1038326,201606,nd1S02463,nd1S04667,L,L,impostor,1.641589
209979,764441,nd1S04701,nd1S04418,R,L,impostor,1.641681
185551,374094,nd1S04683,nd1S04701,L,L,impostor,1.641769
1013666,205864,nd1S02463,nd1S04701,L,L,impostor,1.641929
165161,764471,nd1S04667,nd1S04418,L,L,impostor,1.642038
201609,764471,nd1S04667,nd1S04418,L,L,impostor,1.642094
1058848,160356,nd1S04394,nd1S04683,L,L,impostor,1.642145
1058848,208381,nd1S04394,nd1S04701,L,R,impostor,1.642151
208381,764471,nd1S04701,nd1S04418,R,L,impostor,1.642549
1057029,660598,nd1S04394,nd1S04970,L,R,impostor,1.642612
1192853,207642,nd1S04261,nd1S04505,L,L,impostor,1.642694
1192961,165161,nd1S04261,nd1S04667,R,L,impostor,1.642697
1192962,661749,nd1S04261,nd1S04970,R,R,impostor,1.642726
166874,374108,nd1S04851,nd1S04701,L,L,impostor,1.642757
1087232,374094,nd1S04470,nd1S04701,L,L,impostor,1.642810
208441,661748,nd1S04859,nd1S04970,R,R,impostor,1.642824
1058848,187684,nd1S04394,nd1S04786,L,L,impostor,1.642862
303666,374089,nd1S04649,nd1S04701,L,L,impostor,1.642864
1013655,187684,nd1S02463,nd1S04786,L,L,impostor,1.642898
1192960,162039,nd1S04261,nd1S04684,R,L,impostor,1.643037
208382,661746,nd1S04701,nd1S04970,R,R,impostor,1.643146
1057020,1086712,nd1S04394,nd1S04470,L,L,impostor,1.643173
1192853,206660,nd1S04261,nd1S04505,L,L,impostor,1.643185
1192960,374108,nd1S04261,nd1S04701,R,L,impostor,1.643346
1063964,374094,nd1S02463,nd1S04701,L,L,impostor,1.643357
201609,374089,nd1S04667,nd1S04701,L,L,impostor,1.643407
1057029,1192966,nd1S04394,nd1S04261,L,R,impostor,1.643457
164577,173640,nd1S04851,nd1S04394,L,R,impostor,1.643457
170377,208443,nd1S04917,nd1S04859,R,R,impostor,1.643483
208443,764442,nd1S04859,nd1S04418,R,L,impostor,1.643676
162945,209268,nd1S04851,nd1S04859,L,R,impostor,1.643737
1058294,196910,nd1S04394,nd1S04714,L,R,impostor,1.643748
1013655,196910,nd1S02463,nd1S04714,L,R,impostor,1.643914
241318,764442,nd1S04649,nd1S04418,L,L,impostor,1.643948
208381,704265,nd1S04701,nd1S04418,R,L,impostor,1.643990
1063964,374108,nd1S02463,nd1S04701,L,L,impostor,1.643990
187684,764467,nd1S04786,nd1S04418,L,L,impostor,1.643993
1013655,662843,nd1S02463,nd1S04714,L,R,impostor,1.644005
208381,217458,nd1S04701,nd1S04714,R,R,impostor,1.644021
1013666,176428,nd1S02463,nd1S04917,L,R,impostor,1.644054
1013655,1192959,nd1S02463,nd1S04261,L,R,impostor,1.644094
201325,209271,nd1S04917,nd1S04859,R,R,impostor,1.644107
208382,661749,nd1S04701,nd1S04970,R,R,impostor,1.644393
1192966,161093,nd1S04261,nd1S04684,R,L,impostor,1.644496
166874,209268,nd1S04851,nd1S04859,L,R,impostor,1.644527
1038326,187714,nd1S02463,nd1S04786,L,L,impostor,1.644527
1057021,185551,nd1S04394,nd1S04683,L,L,impostor,1.644603
1038326,170317,nd1S02463,nd1S04394,L,R,impostor,1.644981
160252,303666,nd1S04684,nd1S04649,L,L,impostor,1.645007
1087836,1192853,nd1S04470,nd1S04261,L,L,impostor,1.645051
187714,764471,nd1S04786,nd1S04418,L,L,impostor,1.645268
170317,187684,nd1S04394,nd1S04786,R,L,impostor,1.645274
210510,660598,nd1S04701,nd1S04970,R,R,impostor,1.645281
1063964,1192961,nd1S02463,nd1S04261,L,R,impostor,1.645550
1192962,196910,nd1S04261,nd1S04714,R,R,impostor,1.645589
1038326,209978,nd1S02463,nd1S04701,L,R,impostor,1.645695
165442,209268,nd1S04851,nd1S04859,L,R,impostor,1.645761
1192966,661746,nd1S04261,nd1S04970,R,R,impostor,1.645814
1038326,1192959,nd1S02463,nd1S04261,L,R,impostor,1.645828
176428,205864,nd1S04917,nd1S04701,R,L,impostor,1.645967
162039,170377,nd1S04684,nd1S04917,L,R,impostor,1.646061
1057021,208381,nd1S04394,nd1S04701,L,R,impostor,1.646092
1063964,177718,nd1S02463,nd1S04394,L,R,impostor,1.646110
1192852,764467,nd1S04261,nd1S04418,L,L,impostor,1.646116
1015652,201606,nd1S02463,nd1S04667,L,L,impostor,1.646166
166874,177509,nd1S04851,nd1S04394,L,R,impostor,1.646245
1192851,196865,nd1S04261,nd1S04714,L,R,impostor,1.646467
1063964,201709,nd1S02463,nd1S04701,L,L,impostor,1.646548
1085920,1192961,nd1S04470,nd1S04261,L,R,impostor,1.646579
1015652,165161,nd1S02463,nd1S04667,L,L,impostor,1.646885
1087232,177120,nd1S04470,nd1S04714,L,R,impostor,1.646898
1057021,170317,nd1S04394,nd1S04394,L,R,impostor,1.646912
208382,704265,nd1S04701,nd1S04418,R,L,impostor,1.647010
187714,764442,nd1S04786,nd1S04418,L,L,impostor,1.647104
201324,208441,nd1S04917,nd1S04859,R,R,impostor,1.647128
209979,704265,nd1S04701,nd1S04418,R,L,impostor,1.647343
1059130,1192849,nd1S04470,nd1S04261,L,L,impostor,1.647384
1192853,217458,nd1S04261,nd1S04714,L,R,impostor,1.647397
1192962,177120,nd1S04261,nd1S04714,R,R,impostor,1.647404
1059130,1192853,nd1S04470,nd1S04261,L,L,impostor,1.647541
210510,660597,nd1S04701,nd1S04970,R,R,impostor,1.647541
1192966,177120,nd1S04261,nd1S04714,R,R,impostor,1.647560
1192962,164341,nd1S04261,nd1S04667,R,L,impostor,1.647592
1059130,208381,nd1S04470,nd1S04701,L,R,impostor,1.647594
1059130,1192850,nd1S04470,nd1S04261,L,L,impostor,1.647638
1192959,704265,nd1S04261,nd1S04418,R,L,impostor,1.647653
1087836,162945,nd1S04470,nd1S04851,L,L,impostor,1.647660
177718,764442,nd1S04394,nd1S04418,R,L,impostor,1.647740
177120,187683,nd1S04714,nd1S04786,R,L,impostor,1.647824
1085920,660598,nd1S04470,nd1S04970,L,R,impostor,1.647840
1192852,764471,nd1S04261,nd1S04418,L,L,impostor,1.647891
1013655,208381,nd1S02463,nd1S04701,L,R,impostor,1.647893
208381,764442,nd1S04701,nd1S04418,R,L,impostor,1.647936
1058294,1192849,nd1S04394,nd1S04261,L,L,impostor,1.647986
187654,201606,nd1S04786,nd1S04667,L,L,impostor,1.648009
1063964,1192960,nd1S02463,nd1S04261,L,R,impostor,1.648076
176428,661748,nd1S04917,nd1S04970,R,R,impostor,1.648082
1013655,1192849,nd1S02463,nd1S04261,L,L,impostor,1.648224
173640,187684,nd1S04394,nd1S04786,R,L,impostor,1.648333
209979,764467,nd1S04701,nd1S04418,R,L,impostor,1.648359
176428,209271,nd1S04917,nd1S04859,R,R,impostor,1.648396
1085920,374094,nd1S04470,nd1S04701,L,L,impostor,1.648474
165161,209979,nd1S04667,nd1S04701,L,R,impostor,1.648495
1085920,1192851,nd1S04470,nd1S04261,L,L,impostor,1.648632
1192849,704265,nd1S04261,nd1S04418,L,L,impostor,1.648669
1058294,160439,nd1S04394,nd1S04851,L,L,impostor,1.648708
205864,660598,nd1S04701,nd1S04970,L,R,impostor,1.648732
1192853,216439,nd1S04261,nd1S04505,L,L,impostor,1.648756
1087232,1192852,nd1S04470,nd1S04261,L,L,impostor,1.648906
1063964,1192962,nd1S02463,nd1S04261,L,R,impostor,1.649058
187714,201609,nd1S04786,nd1S04667,L,L,impostor,1.649184
165847,216438,nd1S04683,nd1S04505,L,L,impostor,1.649269
1192959,201325,nd1S04261,nd1S04917,R,R,impostor,1.649372
196865,201709,nd1S04714,nd1S04701,R,L,impostor,1.649479
166874,170317,nd1S04851,nd1S04394,L,R,impostor,1.649618
205864,209979,nd1S04701,nd1S04701,L,R,impostor,1.649871
1059130,173528,nd1S04470,nd1S04917,L,R,impostor,1.649991
241318,662843,nd1S04649,nd1S04714,L,R,impostor,1.650161
1013666,209271,nd1S02463,nd1S04859,L,R,impostor,1.650201
209978,374089,nd1S04701,nd1S04701,R,L,impostor,1.650236
209978,764441,nd1S04701,nd1S04418,R,L,impostor,1.650289
176428,660597,nd1S04917,nd1S04970,R,R,impostor,1.650503
209979,660598,nd1S04701,nd1S04970,R,R,impostor,1.650515
164577,209978,nd1S04851,nd1S04701,L,R,impostor,1.650536
164577,177718,nd1S04851,nd1S04394,L,R,impostor,1.650613
1192960,216439,nd1S04261,nd1S04505,R,L,impostor,1.650617
176428,208441,nd1S04917,nd1S04859,R,R,impostor,1.650682
1015652,1057029,nd1S02463,nd1S04394,L,L,impostor,1.650818
177718,187654,nd1S04394,nd1S04786,R,L,impostor,1.650890
1086712,1192853,nd1S04470,nd1S04261,L,L,impostor,1.650909
1087232,173640,nd1S04470,nd1S04394,L,R,impostor,1.650925
201606,209978,nd1S04667,nd1S04701,L,R,impostor,1.651177
1192960,216438,nd1S04261,nd1S04505,R,L,impostor,1.651224
1015652,374108,nd1S02463,nd1S04701,L,L,impostor,1.651259
1192960,207642,nd1S04261,nd1S04505,R,L,impostor,1.651512
176428,662843,nd1S04917,nd1S04714,R,R,impostor,1.651581
201606,201709,nd1S04667,nd1S04701,L,L,impostor,1.651678
161092,240235,nd1S04684,nd1S04649,L,L,impostor,1.651732
210510,661746,nd1S04701,nd1S04970,R,R,impostor,1.651808
165164,764442,nd1S04667,nd1S04418,L,L,impostor,1.651854
170317,204364,nd1S04394,nd1S04786,R,L,impostor,1.651944
1192959,177120,nd1S04261,nd1S04714,R,R,impostor,1.652033
205864,661748,nd1S04701,nd1S04970,L,R,impostor,1.652073
161092,241316,nd1S04684,nd1S04649,L,L,impostor,1.652160
1086712,173528,nd1S04470,nd1S04917,L,R,impostor,1.652208
209268,374108,nd1S04859,nd1S04701,R,L,impostor,1.652271
210510,764441,nd1S04701,nd1S04418,R,L,impostor,1.652461
173528,660597,nd1S04917,nd1S04970,R,R,impostor,1.652635
1057021,170318,nd1S04394,nd1S04394,L,R,impostor,1.652715
207642,704265,nd1S04505,nd1S04418,L,L,impostor,1.652809
1063964,170318,nd1S02463,nd1S04394,L,R,impostor,1.653003
177120,241318,nd1S04714,nd1S04649,R,L,impostor,1.653098
170377,662843,nd1S04917,nd1S04714,R,R,impostor,1.653318
1192849,764467,nd1S04261,nd1S04418,L,L,impostor,1.653347
209979,217458,nd1S04701,nd1S04714,R,R,impostor,1.653359
196910,204364,nd1S04714,nd1S04786,R,L,impostor,1.653492
1059130,164577,nd1S04470,nd1S04851,L,L,impostor,1.653508
1087232,1192853,nd1S04470,nd1S04261,L,L,impostor,1.653522
164577,209271,nd1S04851,nd1S04859,L,R,impostor,1.653674
1058294,208381,nd1S04394,nd1S04701,L,R,impostor,1.653709
165161,374089,nd1S04667,nd1S04701,L,L,impostor,1.653829
170317,662843,nd1S04394,nd1S04714,R,R,impostor,1.653873
1192961,196865,nd1S04261,nd1S04714,R,R,impostor,1.653878
1057020,177718,nd1S04394,nd1S04394,L,R,impostor,1.654006
209268,661748,nd1S04859,nd1S04970,R,R,impostor,1.654166
177509,187654,nd1S04394,nd1S04786,R,L,impostor,1.654200
161093,170317,nd1S04684,nd1S04394,L,R,impostor,1.654218
1058848,185568,nd1S04394,nd1S04683,L,L,impostor,1.654293
206659,764467,nd1S04505,nd1S04418,L,L,impostor,1.654327
1192962,374089,nd1S04261,nd1S04701,R,L,impostor,1.654467
374108,661749,nd1S04701,nd1S04970,L,R,impostor,1.654503
1192962,165161,nd1S04261,nd1S04667,R,L,impostor,1.654517
177718,201325,nd1S04394,nd1S04917,R,R,impostor,1.654598
170317,187714,nd1S04394,nd1S04786,R,L,impostor,1.654955
1038326,177718,nd1S02463,nd1S04394,L,R,impostor,1.655126
160439,209268,nd1S04851,nd1S04859,L,R,impostor,1.655131
170377,209271,nd1S04917,nd1S04859,R,R,impostor,1.655143
165164,208382,nd1S04667,nd1S04701,L,R,impostor,1.655231
165161,208382,nd1S04667,nd1S04701,L,R,impostor,1.655262
1192960,374089,nd1S04261,nd1S04701,R,L,impostor,1.655286
177120,241321,nd1S04714,nd1S04649,R,L,impostor,1.655341
241321,662843,nd1S04649,nd1S04714,L,R,impostor,1.655352
1058848,160439,nd1S04394,nd1S04851,L,L,impostor,1.655353
164577,170318,nd1S04851,nd1S04394,L,R,impostor,1.655365
1086712,177718,nd1S04470,nd1S04394,L,R,impostor,1.655413
209268,662843,nd1S04859,nd1S04714,R,R,impostor,1.655627
1192849,217458,nd1S04261,nd1S04714,L,R,impostor,1.655697
1058848,660598,nd1S04394,nd1S04970,L,R,impostor,1.655732
161093,303666,nd1S04684,nd1S04649,L,L,impostor,1.655792
185551,208441,nd1S04683,nd1S04859,L,R,impostor,1.655833
1192966,661748,nd1S04261,nd1S04970,R,R,impostor,1.655869
162040,176428,nd1S04684,nd1S04917,L,R,impostor,1.656244
209978,764471,nd1S04701,nd1S04418,R,L,impostor,1.656407
1085920,166874,nd1S04470,nd1S04851,L,L,impostor,1.656529
187654,704265,nd1S04786,nd1S04418,L,L,impostor,1.656579
177509,204364,nd1S04394,nd1S04786,R,L,impostor,1.656795
177120,208381,nd1S04714,nd1S04701,R,R,impostor,1.656901
173528,205864,nd1S04917,nd1S04701,R,L,impostor,1.657017
201609,205864,nd1S04667,nd1S04701,L,L,impostor,1.657049
201606,764467,nd1S04667,nd1S04418,L,L,impostor,1.657096
201606,205864,nd1S04667,nd1S04701,L,L,impostor,1.657244
204364,764442,nd1S04786,nd1S04418,L,L,impostor,1.657292
1192966,208382,nd1S04261,nd1S04701,R,R,impostor,1.657321
1038326,1192960,nd1S02463,nd1S04261,L,R,impostor,1.657382
1192959,162039,nd1S04261,nd1S04684,R,L,impostor,1.657512
1192962,661746,nd1S04261,nd1S04970,R,R,impostor,1.658020
209979,764471,nd1S04701,nd1S04418,R,L,impostor,1.658032
173528,208443,nd1S04917,nd1S04859,R,R,impostor,1.658110
201324,374094,nd1S04917,nd1S04701,R,L,impostor,1.658251
208382,764441,nd1S04701,nd1S04418,R,L,impostor,1.658439
173528,208441,nd1S04917,nd1S04859,R,R,impostor,1.658487
201609,209978,nd1S04667,nd1S04701,L,R,impostor,1.658567
210510,661748,nd1S04701,nd1S04970,R,R,impostor,1.658673
173528,196910,nd1S04917,nd1S04714,R,R,impostor,1.658727
1013666,209268,nd1S02463,nd1S04859,L,R,impostor,1.658750
1192851,165846,nd1S04261,nd1S04683,L,L,impostor,1.658831
1015652,177718,nd1S02463,nd1S04394,L,R,impostor,1.659021
1192966,162039,nd1S04261,nd1S04684,R,L,impostor,1.659028
1087836,164577,nd1S04470,nd1S04851,L,L,impostor,1.659216
1057029,1086712,nd1S04394,nd1S04470,L,L,impostor,1.659469
209268,764442,nd1S04859,nd1S04418,R,L,impostor,1.659508
177120,208382,nd1S04714,nd1S04701,R,R,impostor,1.659549
161093,201324,nd1S04684,nd1S04917,L,R,impostor,1.659616
1192961,661749,nd1S04261,nd1S04970,R,R,impostor,1.659635
208382,764467,nd1S04701,nd1S04418,R,L,impostor,1.659638
1038326,208382,nd1S02463,nd1S04701,L,R,impostor,1.659918
1038326,173640,nd1S02463,nd1S04394,L,R,impostor,1.659924
160439,187654,nd1S04851,nd1S04786,L,L,impostor,1.660110
1038326,170318,nd1S02463,nd1S04394,L,R,impostor,1.660158
164577,170317,nd1S04851,nd1S04394,L,R,impostor,1.660224
1192850,165846,nd1S04261,nd1S04683,L,L,impostor,1.660541
185551,216438,nd1S04683,nd1S04505,L,L,impostor,1.660759
1058294,173640,nd1S04394,nd1S04394,L,R,impostor,1.660884
177120,209268,nd1S04714,nd1S04859,R,R,impostor,1.660941
1058848,173640,nd1S04394,nd1S04394,L,R,impostor,1.660993
187714,201606,nd1S04786,nd1S04667,L,L,impostor,1.661152
201609,208381,nd1S04667,nd1S04701,L,R,impostor,1.661502
1038326,165161,nd1S02463,nd1S04667,L,L,impostor,1.661982
210510,764467,nd1S04701,nd1S04418,R,L,impostor,1.662058
166874,374089,nd1S04851,nd1S04701,L,L,impostor,1.662168
1015652,1058848,nd1S02463,nd1S04394,L,L,impostor,1.662529
1192960,374094,nd1S04261,nd1S04701,R,L,impostor,1.662557
1192852,185568,nd1S04261,nd1S04683,L,L,impostor,1.662557
1192853,165846,nd1S04261,nd1S04683,L,L,impostor,1.662575
173640,204364,nd1S04394,nd1S04786,R,L,impostor,1.662659
208382,217458,nd1S04701,nd1S04714,R,R,impostor,1.662711
1058294,165442,nd1S04394,nd1S04851,L,L,impostor,1.662740
209978,374094,nd1S04701,nd1S04701,R,L,impostor,1.662773
160439,196910,nd1S04851,nd1S04714,L,R,impostor,1.662848
161092,241321,nd1S04684,nd1S04649,L,L,impostor,1.662920
1058848,660597,nd1S04394,nd1S04970,L,R,impostor,1.662929
1057029,173640,nd1S04394,nd1S04394,L,R,impostor,1.663022
210510,661749,nd1S04701,nd1S04970,R,R,impostor,1.663050
170377,196910,nd1S04917,nd1S04714,R,R,impostor,1.663108
1063964,209267,nd1S02463,nd1S04859,L,R,impostor,1.663125
176428,196865,nd1S04917,nd1S04714,R,R,impostor,1.663233
170377,205864,nd1S04917,nd1S04701,R,L,impostor,1.663331
1085920,160439,nd1S04470,nd1S04851,L,L,impostor,1.663345
1192966,210510,nd1S04261,nd1S04701,R,R,impostor,1.663399
1192966,201324,nd1S04261,nd1S04917,R,R,impostor,1.663425
1192959,661748,nd1S04261,nd1S04970,R,R,impostor,1.663526
173528,209271,nd1S04917,nd1S04859,R,R,impostor,1.663572
187684,764441,nd1S04786,nd1S04418,L,L,impostor,1.663625
1063964,177509,nd1S02463,nd1S04394,L,R,impostor,1.663688
1058848,165442,nd1S04394,nd1S04851,L,L,impostor,1.663728
1063964,170317,nd1S02463,nd1S04394,L,R,impostor,1.664191
205864,208441,nd1S04701,nd1S04859,L,R,impostor,1.664302
1015652,1058294,nd1S02463,nd1S04394,L,L,impostor,1.664302
165164,764441,nd1S04667,nd1S04418,L,L,impostor,1.664395
1063964,241321,nd1S02463,nd1S04649,L,L,impostor,1.664407
160439,208441,nd1S04851,nd1S04859,L,R,impostor,1.664624
205864,209271,nd1S04701,nd1S04859,L,R,impostor,1.664675
177120,187714,nd1S04714,nd1S04786,R,L,impostor,1.664807
1013655,1192852,nd1S02463,nd1S04261,L,L,impostor,1.664911
1192851,185568,nd1S04261,nd1S04683,L,L,impostor,1.664948
1192966,160252,nd1S04261,nd1S04684,R,L,impostor,1.664955
1192852,165846,nd1S04261,nd1S04683,L,L,impostor,1.665013
173528,662843,nd1S04917,nd1S04714,R,R,impostor,1.665032
1057029,196865,nd1S04394,nd1S04714,L,R,impostor,1.665127
207642,764471,nd1S04505,nd1S04418,L,L,impostor,1.665306
209271,374089,nd1S04859,nd1S04701,R,L,impostor,1.665329
201609,209979,nd1S04667,nd1S04701,L,R,impostor,1.665338
209271,764442,nd1S04859,nd1S04418,R,L,impostor,1.665584
1058294,662843,nd1S04394,nd1S04714,L,R,impostor,1.665598
241316,374089,nd1S04649,nd1S04701,L,L,impostor,1.665661
1192960,161092,nd1S04261,nd1S04684,R,L,impostor,1.665684
161092,176428,nd1S04684,nd1S04917,L,R,impostor,1.665730
1192959,161092,nd1S04261,nd1S04684,R,L,impostor,1.665739
209979,661748,nd1S04701,nd1S04970,R,R,impostor,1.665901
1013666,374094,nd1S02463,nd1S04701,L,L,impostor,1.666036
164341,764471,nd1S04667,nd1S04418,L,L,impostor,1.666306
205864,208443,nd1S04701,nd1S04859,L,R,impostor,1.666586
201324,374089,nd1S04917,nd1S04701,R,L,impostor,1.666601
208382,661748,nd1S04701,nd1S04970,R,R,impostor,1.666807
162945,177509,nd1S04851,nd1S04394,L,R,impostor,1.666923
208443,764441,nd1S04859,nd1S04418,R,L,impostor,1.666948
201609,208382,nd1S04667,nd1S04701,L,R,impostor,1.667078
161093,176428,nd1S04684,nd1S04917,L,R,impostor,1.667112
1013655,1192961,nd1S02463,nd1S04261,L,R,impostor,1.667514
1192962,374094,nd1S04261,nd1S04701,R,L,impostor,1.667629
166874,187654,nd1S04851,nd1S04786,L,L,impostor,1.667826
1192966,764471,nd1S04261,nd1S04418,R,L,impostor,1.668190
166874,201709,nd1S04851,nd1S04701,L,L,impostor,1.668377
1192960,160252,nd1S04261,nd1S04684,R,L,impostor,1.668507
165161,764467,nd1S04667,nd1S04418,L,L,impostor,1.668541
162040,303666,nd1S04684,nd1S04649,L,L,impostor,1.668631
1192850,160356,nd1S04261,nd1S04683,L,L,impostor,1.668694
374094,661749,nd1S04701,nd1S04970,L,R,impostor,1.668877
201606,208381,nd1S04667,nd1S04701,L,R,impostor,1.669167
374089,660598,nd1S04701,nd1S04970,L,R,impostor,1.669535
1192849,170318,nd1S04261,nd1S04394,L,R,impostor,1.670003
1192849,170317,nd1S04261,nd1S04394,L,R,impostor,1.670014
177718,764441,nd1S04394,nd1S04418,R,L,impostor,1.670089
201324,374108,nd1S04917,nd1S04701,R,L,impostor,1.670109
209979,660597,nd1S04701,nd1S04970,R,R,impostor,1.670117
1192959,170377,nd1S04261,nd1S04917,R,R,impostor,1.670156
162945,209267,nd1S04851,nd1S04859,L,R,impostor,1.670198
374108,661746,nd1S04701,nd1S04970,L,R,impostor,1.670462
165442,208441,nd1S04851,nd1S04859,L,R,impostor,1.670541
1192960,661748,nd1S04261,nd1S04970,R,R,impostor,1.670559
204364,205864,nd1S04786,nd1S04701,L,L,impostor,1.671154
1057029,1192962,nd1S04394,nd1S04261,L,R,impostor,1.671211
1058294,196865,nd1S04394,nd1S04714,L,R,impostor,1.671295
162945,208441,nd1S04851,nd1S04859,L,R,impostor,1.671319
1192966,162040,nd1S04261,nd1S04684,R,L,impostor,1.671448
1192961,661748,nd1S04261,nd1S04970,R,R,impostor,1.671451
1063964,208441,nd1S02463,nd1S04859,L,R,impostor,1.671492
162040,170377,nd1S04684,nd1S04917,L,R,impostor,1.671500
1192966,201325,nd1S04261,nd1S04917,R,R,impostor,1.671884
1086712,173640,nd1S04470,nd1S04394,L,R,impostor,1.671931
165161,208381,nd1S04667,nd1S04701,L,R,impostor,1.671937
1013655,210510,nd1S02463,nd1S04701,L,R,impostor,1.672124
1038326,209268,nd1S02463,nd1S04859,L,R,impostor,1.672343
1057021,209978,nd1S04394,nd1S04701,L,R,impostor,1.672408
1013666,1086712,nd1S02463,nd1S04470,L,L,impostor,1.672421
208441,374089,nd1S04859,nd1S04701,R,L,impostor,1.672452
208441,764441,nd1S04859,nd1S04418,R,L,impostor,1.672485
1013655,209978,nd1S02463,nd1S04701,L,R,impostor,1.672901
1013655,201709,nd1S02463,nd1S04701,L,L,impostor,1.673017
1038326,209267,nd1S02463,nd1S04859,L,R,impostor,1.673041
170318,187654,nd1S04394,nd1S04786,R,L,impostor,1.673081
201606,208382,nd1S04667,nd1S04701,L,R,impostor,1.673279
1057029,660597,nd1S04394,nd1S04970,L,R,impostor,1.673496
165442,201709,nd1S04851,nd1S04701,L,L,impostor,1.673861
166874,208441,nd1S04851,nd1S04859,L,R,impostor,1.673955
1192851,764467,nd1S04261,nd1S04418,L,L,impostor,1.674216
1038326,187684,nd1S02463,nd1S04786,L,L,impostor,1.674247
166874,209267,nd1S04851,nd1S04859,L,R,impostor,1.674449
1059130,210510,nd1S04470,nd1S04701,L,R,impostor,1.674455
1013655,1192960,nd1S02463,nd1S04261,L,R,impostor,1.674640
187654,764442,nd1S04786,nd1S04418,L,L,impostor,1.674706
209268,764441,nd1S04859,nd1S04418,R,L,impostor,1.674727
1192849,196865,nd1S04261,nd1S04714,L,R,impostor,1.674790
1192962,704265,nd1S04261,nd1S04418,R,L,impostor,1.675012
1013666,1087836,nd1S02463,nd1S04470,L,L,impostor,1.675134
201609,764467,nd1S04667,nd1S04418,L,L,impostor,1.675139
196865,374108,nd1S04714,nd1S04701,R,L,impostor,1.675347
160252,241316,nd1S04684,nd1S04649,L,L,impostor,1.675377
1192960,177120,nd1S04261,nd1S04714,R,R,impostor,1.675790
173640,187654,nd1S04394,nd1S04786,R,L,impostor,1.675830
1059130,208382,nd1S04470,nd1S04701,L,R,impostor,1.676721
1085920,209267,nd1S04470,nd1S04859,L,R,impostor,1.676903
1038326,177509,nd1S02463,nd1S04394,L,R,impostor,1.677124
170318,196910,nd1S04394,nd1S04714,R,R,impostor,1.677164
177120,209271,nd1S04714,nd1S04859,R,R,impostor,1.677204
1192966,161092,nd1S04261,nd1S04684,R,L,impostor,1.677552
201709,209271,nd1S04701,nd1S04859,L,R,impostor,1.677570
1192849,764471,nd1S04261,nd1S04418,L,L,impostor,1.677946
170318,662843,nd1S04394,nd1S04714,R,R,impostor,1.678156
187714,764467,nd1S04786,nd1S04418,L,L,impostor,1.678359
205864,209268,nd1S04701,nd1S04859,L,R,impostor,1.679105
170377,208441,nd1S04917,nd1S04859,R,R,impostor,1.679238
208441,374094,nd1S04859,nd1S04701,R,L,impostor,1.679518
160439,209267,nd1S04851,nd1S04859,L,R,impostor,1.679927
187714,764441,nd1S04786,nd1S04418,L,L,impostor,1.679978
209271,764441,nd1S04859,nd1S04418,R,L,impostor,1.680003
201609,210510,nd1S04667,nd1S04701,L,R,impostor,1.680052
240235,374089,nd1S04649,nd1S04701,L,L,impostor,1.680292
1013666,1059130,nd1S02463,nd1S04470,L,L,impostor,1.680915
176428,208443,nd1S04917,nd1S04859,R,R,impostor,1.681036
201709,208441,nd1S04701,nd1S04859,L,R,impostor,1.681100
1192959,201324,nd1S04261,nd1S04917,R,R,impostor,1.681113
1058848,196865,nd1S04394,nd1S04714,L,R,impostor,1.681301
160439,170317,nd1S04851,nd1S04394,L,R,impostor,1.681536
162945,170317,nd1S04851,nd1S04394,L,R,impostor,1.681552
204364,764441,nd1S04786,nd1S04418,L,L,impostor,1.681600
210510,764471,nd1S04701,nd1S04418,R,L,impostor,1.681606
1192849,165847,nd1S04261,nd1S04683,L,L,impostor,1.681688
374094,661748,nd1S04701,nd1S04970,L,R,impostor,1.681733
1013666,208381,nd1S02463,nd1S04701,L,R,impostor,1.682067
165442,170317,nd1S04851,nd1S04394,L,R,impostor,1.682195
1013655,661746,nd1S02463,nd1S04970,L,R,impostor,1.682275
164341,764442,nd1S04667,nd1S04418,L,L,impostor,1.682355
1192853,185568,nd1S04261,nd1S04683,L,L,impostor,1.682364
1013655,660597,nd1S02463,nd1S04970,L,R,impostor,1.682462
162945,374089,nd1S04851,nd1S04701,L,L,impostor,1.682648
1013666,208441,nd1S02463,nd1S04859,L,R,impostor,1.682943
177120,204364,nd1S04714,nd1S04786,R,L,impostor,1.682961
1013655,1192851,nd1S02463,nd1S04261,L,L,impostor,1.683188
1192851,764471,nd1S04261,nd1S04418,L,L,impostor,1.684173
1192851,160356,nd1S04261,nd1S04683,L,L,impostor,1.684246
1013655,661749,nd1S02463,nd1S04970,L,R,impostor,1.684286
165442,209267,nd1S04851,nd1S04859,L,R,impostor,1.684404
1192959,162040,nd1S04261,nd1S04684,R,L,impostor,1.685111
173528,661748,nd1S04917,nd1S04970,R,R,impostor,1.685340
208382,764471,nd1S04701,nd1S04418,R,L,impostor,1.685373
1058294,661746,nd1S04394,nd1S04970,L,R,impostor,1.685635
164577,209267,nd1S04851,nd1S04859,L,R,impostor,1.685658
1192852,196865,nd1S04261,nd1S04714,L,R,impostor,1.686001
201709,208443,nd1S04701,nd1S04859,L,R,impostor,1.686535
1192960,162040,nd1S04261,nd1S04684,R,L,impostor,1.686650
165161,210510,nd1S04667,nd1S04701,L,R,impostor,1.686688
170317,187654,nd1S04394,nd1S04786,R,L,impostor,1.686730
1192966,704265,nd1S04261,nd1S04418,R,L,impostor,1.686888
209267,661748,nd1S04859,nd1S04970,R,R,impostor,1.686980
374094,661746,nd1S04701,nd1S04970,L,R,impostor,1.687335
1192850,196865,nd1S04261,nd1S04714,L,R,impostor,1.687347
204364,704265,nd1S04786,nd1S04418,L,L,impostor,1.687474
201606,209979,nd1S04667,nd1S04701,L,R,impostor,1.687481
1058294,660598,nd1S04394,nd1S04970,L,R,impostor,1.687608
1192961,704265,nd1S04261,nd1S04418,R,L,impostor,1.687679
162039,303666,nd1S04684,nd1S04649,L,L,impostor,1.688381
209271,374094,nd1S04859,nd1S04701,R,L,impostor,1.688408
176428,217458,nd1S04917,nd1S04714,R,R,impostor,1.688462
1058294,660597,nd1S04394,nd1S04970,L,R,impostor,1.688478
374094,660598,nd1S04701,nd1S04970,L,R,impostor,1.688647
162040,241316,nd1S04684,nd1S04649,L,L,impostor,1.688755
1058848,217458,nd1S04394,nd1S04714,L,R,impostor,1.688810
164341,764467,nd1S04667,nd1S04418,L,L,impostor,1.688980
187654,764471,nd1S04786,nd1S04418,L,L,impostor,1.690005
1192962,661748,nd1S04261,nd1S04970,R,R,impostor,1.690108
205864,661749,nd1S04701,nd1S04970,L,R,impostor,1.690134
1013655,208382,nd1S02463,nd1S04701,L,R,impostor,1.690456
1013655,209979,nd1S02463,nd1S04701,L,R,impostor,1.690601
1013655,660598,nd1S02463,nd1S04970,L,R,impostor,1.690624
201324,205864,nd1S04917,nd1S04701,R,L,impostor,1.690707
204364,764471,nd1S04786,nd1S04418,L,L,impostor,1.690730
1038326,208441,nd1S02463,nd1S04859,L,R,impostor,1.690756
207642,764467,nd1S04505,nd1S04418,L,L,impostor,1.691265
1192850,165847,nd1S04261,nd1S04683,L,L,impostor,1.691590
208443,374089,nd1S04859,nd1S04701,R,L,impostor,1.691759
196865,216438,nd1S04714,nd1S04505,R,L,impostor,1.692297
161093,240235,nd1S04684,nd1S04649,L,L,impostor,1.693649
1057029,217458,nd1S04394,nd1S04714,L,R,impostor,1.693771
1192966,176428,nd1S04261,nd1S04917,R,R,impostor,1.693924
209268,374089,nd1S04859,nd1S04701,R,L,impostor,1.693968
1057021,209979,nd1S04394,nd1S04701,L,R,impostor,1.694173
1192959,160252,nd1S04261,nd1S04684,R,L,impostor,1.694251
1192852,160356,nd1S04261,nd1S04683,L,L,impostor,1.694839
1086712,170317,nd1S04470,nd1S04394,L,R,impostor,1.695317
1192961,161092,nd1S04261,nd1S04684,R,L,impostor,1.695412
1192961,162039,nd1S04261,nd1S04684,R,L,impostor,1.695787
1192962,161092,nd1S04261,nd1S04684,R,L,impostor,1.696215
196910,209268,nd1S04714,nd1S04859,R,R,impostor,1.696582
196865,374094,nd1S04714,nd1S04701,R,L,impostor,1.697022
161092,241318,nd1S04684,nd1S04649,L,L,impostor,1.697121
1192960,196865,nd1S04261,nd1S04714,R,R,impostor,1.697146
164577,209268,nd1S04851,nd1S04859,L,R,impostor,1.697250
1057020,170317,nd1S04394,nd1S04394,L,R,impostor,1.697344
1192960,161093,nd1S04261,nd1S04684,R,L,impostor,1.697374
1192853,160356,nd1S04261,nd1S04683,L,L,impostor,1.697446
1192966,209979,nd1S04261,nd1S04701,R,R,impostor,1.697488
1192962,160252,nd1S04261,nd1S04684,R,L,impostor,1.698452
201609,764442,nd1S04667,nd1S04418,L,L,impostor,1.698557
208443,374094,nd1S04859,nd1S04701,R,L,impostor,1.698863
210510,704265,nd1S04701,nd1S04418,R,L,impostor,1.698915
160252,240235,nd1S04684,nd1S04649,L,L,impostor,1.698930
1085920,164577,nd1S04470,nd1S04851,L,L,impostor,1.699061
204364,764467,nd1S04786,nd1S04418,L,L,impostor,1.699767
201606,764442,nd1S04667,nd1S04418,L,L,impostor,1.700342
205864,661746,nd1S04701,nd1S04970,L,R,impostor,1.701063
1192851,165847,nd1S04261,nd1S04683,L,L,impostor,1.701081
201324,201709,nd1S04917,nd1S04701,R,L,impostor,1.701181
161093,241316,nd1S04684,nd1S04649,L,L,impostor,1.701228
374108,661748,nd1S04701,nd1S04970,L,R,impostor,1.701844
165161,764442,nd1S04667,nd1S04418,L,L,impostor,1.703196
1192961,160252,nd1S04261,nd1S04684,R,L,impostor,1.703367
1013655,1192962,nd1S02463,nd1S04261,L,R,impostor,1.703385
1057021,210510,nd1S04394,nd1S04701,L,R,impostor,1.703446
201606,210510,nd1S04667,nd1S04701,L,R,impostor,1.704954
161092,170377,nd1S04684,nd1S04917,L,R,impostor,1.705235
162039,241316,nd1S04684,nd1S04649,L,L,impostor,1.705541
1058848,210510,nd1S04394,nd1S04701,L,R,impostor,1.705854
1192853,196865,nd1S04261,nd1S04714,L,R,impostor,1.706197
1192852,165847,nd1S04261,nd1S04683,L,L,impostor,1.707121
209978,764442,nd1S04701,nd1S04418,R,L,impostor,1.707665
209979,764442,nd1S04701,nd1S04418,R,L,impostor,1.707846
374108,660597,nd1S04701,nd1S04970,L,R,impostor,1.708103
1058294,217458,nd1S04394,nd1S04714,L,R,impostor,1.709523
205864,209978,nd1S04701,nd1S04701,L,R,impostor,1.709871
164341,764441,nd1S04667,nd1S04418,L,L,impostor,1.710040
1013666,210510,nd1S02463,nd1S04701,L,R,impostor,1.710200
162040,240235,nd1S04684,nd1S04649,L,L,impostor,1.710390
374108,660598,nd1S04701,nd1S04970,L,R,impostor,1.711274
1192966,209978,nd1S04261,nd1S04701,R,R,impostor,1.711295
209268,374094,nd1S04859,nd1S04701,R,L,impostor,1.712052
196910,209267,nd1S04714,nd1S04859,R,R,impostor,1.712811
1057020,170318,nd1S04394,nd1S04394,L,R,impostor,1.712933
1058294,210510,nd1S04394,nd1S04701,L,R,impostor,1.713683
161093,170377,nd1S04684,nd1S04917,L,R,impostor,1.713926
1192959,161093,nd1S04261,nd1S04684,R,L,impostor,1.714237
201606,764441,nd1S04667,nd1S04418,L,L,impostor,1.714308
1057020,177509,nd1S04394,nd1S04394,L,R,impostor,1.714739
1063964,173640,nd1S02463,nd1S04394,L,R,impostor,1.714897
210510,764442,nd1S04701,nd1S04418,R,L,impostor,1.714945
1192853,165847,nd1S04261,nd1S04683,L,L,impostor,1.716654
1192962,161093,nd1S04261,nd1S04684,R,L,impostor,1.716947
1192962,162039,nd1S04261,nd1S04684,R,L,impostor,1.718706
176428,196910,nd1S04917,nd1S04714,R,R,impostor,1.718753
1013666,209979,nd1S02463,nd1S04701,L,R,impostor,1.718883
208382,764442,nd1S04701,nd1S04418,R,L,impostor,1.718970
1192961,162040,nd1S04261,nd1S04684,R,L,impostor,1.719277
196910,209271,nd1S04714,nd1S04859,R,R,impostor,1.719815
160252,241321,nd1S04684,nd1S04649,L,L,impostor,1.720200
201709,209268,nd1S04701,nd1S04859,L,R,impostor,1.720585
164577,208441,nd1S04851,nd1S04859,L,R,impostor,1.720704
161093,241321,nd1S04684,nd1S04649,L,L,impostor,1.721275
187654,764441,nd1S04786,nd1S04418,L,L,impostor,1.721845
1192962,162040,nd1S04261,nd1S04684,R,L,impostor,1.722756
201609,764441,nd1S04667,nd1S04418,L,L,impostor,1.723842
1192961,161093,nd1S04261,nd1S04684,R,L,impostor,1.726164
1013666,209978,nd1S02463,nd1S04701,L,R,impostor,1.726680
165161,764441,nd1S04667,nd1S04418,L,L,impostor,1.726908
162040,241321,nd1S04684,nd1S04649,L,L,impostor,1.729053
1015652,374089,nd1S02463,nd1S04701,L,L,impostor,1.729378
162039,240235,nd1S04684,nd1S04649,L,L,impostor,1.731158
161093,241318,nd1S04684,nd1S04649,L,L,impostor,1.731669
1057020,173640,nd1S04394,nd1S04394,L,R,impostor,1.732033
187654,764467,nd1S04786,nd1S04418,L,L,impostor,1.733291
1192966,170377,nd1S04261,nd1S04917,R,R,impostor,1.733585
162039,241321,nd1S04684,nd1S04649,L,L,impostor,1.743436
160252,241318,nd1S04684,nd1S04649,L,L,impostor,1.743656
162040,241318,nd1S04684,nd1S04649,L,L,impostor,1.747166
1015652,201709,nd1S02463,nd1S04701,L,L,impostor,1.748090
162039,241318,nd1S04684,nd1S04649,L,L,impostor,1.751975
1015652,205864,nd1S02463,nd1S04701,L,L,impostor,1.752489
1013666,208382,nd1S02463,nd1S04701,L,R,impostor,1.763932
1015652,374094,nd1S02463,nd1S04701,L,L,impostor,1.808908
