SUBJECT_ID,EYE,FILENAME,USABLE_IRIS_AREA,IRIS_RADIUS,PUPIL_IRIS_RATIO,IRIS_PUPIL_CONCENTRICITY,MARGIN_ADEQUACY,IRIS_SCLERA_CONTRAST,IRIS_PUPIL_CONTRAST,GREY_SCALE_UTILISATION,PUPIL_BOUNDARY_CIRCULARITY,SHARPNESS,MOTION_BLUR,FRONTAL_GAZE_AZIMUTH,FRONTAL_GAZE_ELEVATION,OVERALL_QUALITY
nd1S02463,Left,1013655.tiff,255,255,255,255,255,255,255,255,255,2,255,255,255,255
nd1S02463,Left,1013666.tiff,57,68.3239,24,91,100,10,0,4.9513,99.9394,12,1.1557,255,255,6
nd1S02463,Left,1015652.tiff,25,65.2224,46,77,100,16,0,4.747,255,14,1.44,255,255,255
nd1S02463,Left,1038326.tiff,55,66.1153,53,64,100,13,2,4.6909,56.8464,1,1.481,255,255,0
nd1S02463,Left,1063964.tiff,26,48.9518,49,88,100,14,0,3.5975,255,1,1.601,255,255,255
nd1S02463,Left,1063973.tiff,84,63.9973,29,82,100,16,49,5.8484,99.7003,3,1.5203,255,255,1
nd1S02463,Left,1063974.tiff,59,90.211,31,92,100,36,0,6.5267,89.5363,2,1.5474,255,255,1
nd1S02463,Left,1065299.tiff,96,138.962,24,94,100,35,96,5.1854,99.9616,71,1.5056,255,255,30
nd1S02463,Left,1090351.tiff,34,108.5665,27,95,100,19,0,4.7356,99.9114,14,1.1522,255,255,5
nd1S02463,Left,1091156.tiff,99,122.0834,24,95,100,33,66,5.5766,99.9532,85,255,255,255,255
nd1S02463,Left,161019.tiff,57,114.3802,29,97,4,44,0,5.5452,99.9516,8,1.1694,255,255,0
nd1S02463,Left,161025.tiff,25,92.2504,34,90,100,37,0,5.3886,99.866,43,1.2134,255,255,11
nd1S02463,Left,166784.tiff,77,111.3136,25,95,100,16,13,5.3815,99.9079,4,1.7316,255,255,1
nd1S02463,Left,167403.tiff,50,96.7567,29,94,100,22,4,5.2944,99.8059,49,1.2171,255,255,24
nd1S02463,Left,179758.tiff,38,121.4256,32,94,100,25,0,5.2929,99.9335,9,1.074,255,255,4
nd1S02463,Left,179783.tiff,44,112.9962,26,95,100,18,13,5.0979,99.9024,55,1.0528,255,255,28
nd1S02463,Left,201495.tiff,59,112.9005,24,93,100,31,0,5.4795,99.9545,57,1.1505,255,255,37
nd1S02463,Left,202097.tiff,59,114.8109,26,92,100,32,0,5.0532,99.9603,3,255,255,255,255
nd1S02463,Left,202511.tiff,78,118.6134,23,95,100,33,15,5.3833,99.9091,9,1.0755,255,255,7
nd1S02463,Left,203024.tiff,73,119.1002,23,94,100,14,0,5.4807,99.8973,10,1.4362,255,255,5
nd1S02463,Left,204059.tiff,35,108.1436,25,94,100,32,0,4.9787,99.804,21,1.1406,255,255,7
nd1S02463,Left,204592.tiff,40,116.1704,30,95,100,32,6,5.2452,99.9405,6,1.0757,255,255,3
nd1S02463,Left,205609.tiff,68,110.4798,27,95,100,16,0,5.3894,99.9403,59,1.0627,255,255,48
nd1S02463,Left,207431.tiff,36,116.7958,25,95,61,30,0,5.1869,99.9457,59,1.0841,255,255,18
nd1S02463,Left,214777.tiff,40,122.1664,32,95,100,26,0,4.9102,99.9607,9,1.0716,255,255,4
nd1S02463,Left,515399.tiff,61,122.8253,25,96,100,22,0,5.0792,99.9708,12,1.1721,255,255,7
nd1S02463,Left,659563.tiff,0,119.8437,37,93,0,255,255,255,99.9321,22,2.3501,255,255,255
nd1S02463,Left,659566.tiff,13,113.2156,48,97,100,71,255,3.8604,99.5456,14,2.0123,255,255,255
nd1S02463,Left,666725.tiff,86,117.3439,26,96,100,27,99,5.5465,99.951,45,1.1671,255,255,35
nd1S02463,Left,666970.tiff,93,112.9965,30,95,100,45,98,5.02,99.9481,23,1.2042,255,255,15
nd1S02463,Left,669542.tiff,35,103.8341,29,97,97,41,0,5.214,99.776,53,1.0842,255,255,21
nd1S02463,Left,673946.tiff,64,136.3827,23,93,100,14,0,5.9974,99.9491,57,1.3282,255,255,35
nd1S02463,Left,704749.tiff,6,40.2196,72,66,100,0,255,2.315,255,1,1.6902,255,255,255
nd1S02463,Left,722165.tiff,4,16.8459,36,100,100,0,255,2.7155,98.7797,0,1.3215,255,255,255
nd1S02463,Left,727010.tiff,97,134.9976,28,93,100,36,98,5.7419,99.9503,58,1.3275,255,255,37
nd1S02463,Left,761884.tiff,25,69.9281,54,73,100,11,25,5.0574,97.7914,0,1.7081,255,255,0
nd1S02463,Left,872071.tiff,96,123.6,23,91,100,22,53,5.1636,99.9548,60,2.0533,255,255,0
nd1S02463,Left,909935.tiff,5,33.7744,39,61,100,3,255,3.2055,255,0,1.0318,255,255,255
nd1S02463,Left,909975.tiff,26,109.6719,48,48,100,25,0,4.9886,255,5,1.8446,255,255,255
nd1S02463,Left,910670.tiff,99,108.6573,26,95,100,26,50,4.6742,99.9599,57,4.4355,255,255,0
nd1S02463,Left,934687.tiff,31,119.5515,39,98,75,34,0,5.0957,99.9402,8,1.0588,255,255,3
nd1S02463,Left,934691.tiff,1,120.0822,35,98,11,255,255,4.2558,99.8726,7,1.7412,255,255,255
nd1S02463,Left,934763.tiff,85,113.8838,27,94,100,30,97,5.2351,99.9668,79,1.3712,255,255,43
nd1S02463,Left,935033.tiff,23,119.0394,27,94,41,50,255,5.8183,99.8744,31,1.6808,255,255,255
nd1S02463,Left,935099.tiff,24,115.3503,43,95,47,42,0,5.0063,99.8956,65,1.3034,255,255,8
nd1S04261,Left,1192849.tiff,84,118.9066,26,94,100,44,55,5.6182,99.8513,79,4.0837,255,255,0
nd1S04261,Left,1192850.tiff,81,124.7984,26,93,100,44,58,5.6132,99.9012,77,4.0444,255,255,0
nd1S04261,Left,1192851.tiff,91,118.1917,26,94,100,40,55,5.4114,99.9496,75,3.9047,255,255,0
nd1S04261,Left,1192852.tiff,82,114.0469,26,95,100,37,55,5.2903,99.9664,74,4.4935,255,255,0
nd1S04261,Left,1192853.tiff,84,116.1039,26,93,100,38,55,5.2921,99.969,74,4.2094,255,255,0
nd1S04261,Left,1192854.tiff,89,126.2131,26,94,100,44,56,5.5992,99.9459,78,4.2388,255,255,0
nd1S04261,Left,1192855.tiff,80,111.4042,28,94,100,34,52,5.0897,99.9653,70,4.2094,255,255,0
nd1S04261,Left,1192856.tiff,79,118.7107,28,95,100,45,54,5.2963,99.9299,73,4.1982,255,255,0
nd1S04261,Left,1192857.tiff,64,133.9769,26,93,100,50,57,5.7347,99.9132,81,4.0869,255,255,0
nd1S04261,Left,1192858.tiff,76,110.8014,27,95,100,38,53,5.2965,99.9515,77,4.5979,255,255,0
nd1S04261,Left,1192859.tiff,79,117.7468,27,95,100,41,55,5.4829,99.8984,78,4.4475,255,255,0
nd1S04261,Left,1192860.tiff,76,117.445,26,96,100,45,57,5.6415,99.8903,80,255,255,255,255
nd1S04261,Left,1192861.tiff,86,116.7478,26,95,100,40,54,5.4387,99.937,77,4.3808,255,255,0
nd1S04261,Left,1192862.tiff,64,112.5193,27,95,100,44,55,5.4567,99.9221,77,4.5125,255,255,0
nd1S04261,Left,1192863.tiff,75,117.1593,27,94,100,45,56,5.4871,99.9369,75,4.222,255,255,0
nd1S04261,Left,1192864.tiff,58,116.7642,28,96,100,56,57,5.65,99.9496,76,4.065,255,255,0
nd1S04261,Left,1192865.tiff,72,117.0779,27,96,100,44,55,5.4713,99.9247,77,4.4423,255,255,0
nd1S04261,Left,1192866.tiff,82,126.623,27,96,100,46,58,5.599,99.9157,77,4.2146,255,255,0
nd1S04261,Left,1192867.tiff,77,131.4561,27,93,100,48,57,5.7735,99.9162,79,4.0801,255,255,0
nd1S04261,Left,1192868.tiff,84,129.2853,27,94,100,45,56,5.6323,99.9217,79,4.1469,255,255,0
nd1S04261,Left,1192869.tiff,83,129.0609,26,93,100,43,57,5.535,99.9492,80,4.0793,255,255,0
nd1S04261,Left,1192870.tiff,80,126.8356,27,95,100,44,57,5.6908,99.9065,82,4.1777,255,255,0
nd1S04261,Left,1192871.tiff,83,116.2333,27,95,100,35,53,5.499,99.9114,31,3.0001,255,255,0
nd1S04261,Left,1192872.tiff,79,128.0511,27,95,100,47,58,5.6725,99.9344,79,4.0801,255,255,0
nd1S04261,Left,1192873.tiff,82,126.0364,27,95,100,43,56,5.6223,99.9283,78,255,255,255,255
nd1S04261,Left,1192874.tiff,40,121.7754,22,95,100,56,255,5.692,255,77,4.108,255,255,255
nd1S04261,Left,1192875.tiff,79,129.6675,26,94,100,44,57,5.6873,99.946,80,4.0799,255,255,0
nd1S04261,Left,1192876.tiff,77,131.645,26,95,100,48,57,5.8145,99.8519,81,4.0914,255,255,0
nd1S04261,Left,1192877.tiff,75,125.7095,27,94,100,47,58,5.7382,99.9289,79,4.0869,255,255,0
nd1S04261,Left,1192878.tiff,75,126.2829,27,95,100,45,59,5.5756,99.9234,78,4.1667,255,255,0
nd1S04261,Left,1192879.tiff,67,128.702,28,96,100,51,57,5.755,99.9207,78,4.0903,255,255,0
nd1S04261,Left,1192880.tiff,61,126.1067,27,92,100,49,58,5.7093,99.8831,79,4.0903,255,255,0
nd1S04261,Left,1192881.tiff,77,126.7734,27,94,100,52,56,5.8691,99.9066,82,3.9986,255,255,0
nd1S04261,Left,1192882.tiff,71,119.989,26,94,100,50,55,5.7902,99.9612,69,3.3566,255,255,0
nd1S04261,Left,1192883.tiff,80,125.0287,28,95,100,51,58,5.7553,99.8981,80,255,255,255,255
nd1S04261,Left,1192884.tiff,74,119.8983,26,95,100,43,55,5.5459,99.9508,54,2.1278,255,255,0
nd1S04261,Left,1192885.tiff,78,118.2552,27,95,100,43,56,5.5941,99.9205,83,3.4445,255,255,0
nd1S04261,Left,1192886.tiff,71,126.1359,25,94,100,42,54,5.6375,99.8926,82,4.2539,255,255,0
nd1S04261,Left,1192887.tiff,58,115.0278,28,93,100,51,54,5.7253,99.9373,77,4.2034,255,255,0
nd1S04261,Left,1192888.tiff,89,123.7952,28,96,100,45,54,5.6883,99.954,77,3.9663,255,255,0
nd1S04261,Left,1192889.tiff,84,117.8258,26,94,100,36,57,5.4297,99.9132,83,255,255,255,255
nd1S04261,Left,1192890.tiff,82,124.8676,26,94,100,30,53,5.2221,99.9639,81,4.0329,255,255,0
nd1S04261,Left,1192891.tiff,92,118.2816,26,95,100,32,54,5.241,99.948,80,255,255,255,255
nd1S04261,Left,1192892.tiff,81,114.7282,26,94,100,33,55,5.2321,99.9679,79,4.0532,255,255,0
nd1S04261,Left,1192893.tiff,85,116.29,26,94,100,33,55,5.1798,99.9633,79,4.0437,255,255,0
nd1S04261,Left,1192894.tiff,90,125.5842,27,93,100,32,56,5.2854,99.914,82,4.075,255,255,0
nd1S04261,Left,1192895.tiff,80,111.7359,28,93,100,31,53,5.1306,99.8936,76,3.9585,255,255,0
nd1S04261,Left,1192896.tiff,81,118.9818,28,95,100,40,53,5.1893,99.9303,78,3.973,255,255,0
nd1S04261,Left,1192897.tiff,64,135.0761,26,93,100,43,57,5.2696,99.9375,83,4.1696,255,255,0
nd1S04261,Left,1192898.tiff,77,110.8186,27,95,100,40,57,5.3462,99.9157,81,4.2254,255,255,0
nd1S04261,Right,1192959.tiff,55,127.9908,29,96,100,49,63,5.3983,99.866,79,4.4056,255,255,0
nd1S04261,Right,1192960.tiff,48,128.6079,28,92,100,48,62,5.4504,99.8691,80,4.3997,255,255,0
nd1S04261,Right,1192961.tiff,66,124.6399,29,94,100,54,62,5.7289,99.8635,84,4.073,255,255,0
nd1S04261,Right,1192962.tiff,64,121.3819,27,96,100,46,62,5.5509,99.941,81,4.0642,255,255,0
nd1S04261,Right,1192966.tiff,41,127.8535,29,89,100,53,60,5.5485,99.8344,81,4.3655,255,255,0
nd1S04261,Right,1192967.tiff,55,120.1163,29,92,100,51,60,5.523,99.8805,79,4.3925,255,255,0
nd1S04261,Right,1192968.tiff,89,119.6569,30,94,100,40,59,5.4189,99.8853,76,4.3114,255,255,0
nd1S04261,Right,1192969.tiff,87,119.1478,28,95,100,30,53,5.1841,99.9231,81,4.4211,255,255,0
nd1S04261,Right,1192970.tiff,88,128.5008,26,94,100,37,56,5.296,99.9173,82,255,255,255,255
nd1S04261,Right,1192971.tiff,85,118.5399,25,94,100,38,53,5.0927,99.9358,78,4.0322,255,255,0
nd1S04261,Right,1192973.tiff,78,118.0287,29,95,100,40,48,5.1416,99.8727,81,3.9514,255,255,0
nd1S04261,Right,1192975.tiff,84,117.8517,29,94,100,36,54,5.0041,99.9171,78,4.3616,255,255,0
nd1S04261,Right,1192976.tiff,74,120.5092,28,94,100,45,55,5.0886,99.9453,79,4.1881,255,255,0
nd1S04261,Right,1192977.tiff,68,140.3219,27,95,100,46,57,5.4657,99.8834,84,255,255,255,255
nd1S04261,Right,1192978.tiff,72,116.5102,27,94,100,43,55,5.3043,99.8819,80,4.532,255,255,0
nd1S04261,Right,1192979.tiff,78,121.2973,28,93,100,36,55,5.2954,99.8661,82,4.2495,255,255,0
nd1S04261,Right,1192980.tiff,81,119.5423,28,93,100,35,55,5.2454,99.8866,81,4.0171,255,255,0
nd1S04261,Right,1192981.tiff,68,118.5959,27,95,100,49,54,5.2506,99.8321,80,4.2202,255,255,0
nd1S04261,Right,1192982.tiff,58,116.3863,27,91,100,56,53,5.3205,99.8779,81,4.0322,255,255,0
nd1S04261,Right,1192984.tiff,56,117.9749,28,94,100,55,58,5.4538,99.9157,83,255,255,255,255
nd1S04261,Right,1192985.tiff,62,119.4683,27,94,100,49,54,5.2603,99.8722,77,4.5763,255,255,0
nd1S04261,Right,1192986.tiff,76,129.1512,27,95,100,41,55,5.2262,99.8503,81,4.2564,255,255,0
nd1S04261,Right,1192987.tiff,61,133.0281,27,94,100,54,55,5.4096,99.7985,82,4.4941,255,255,0
nd1S04261,Right,1192988.tiff,75,130.1047,27,93,100,41,55,5.1002,99.8849,81,4.2085,255,255,0
nd1S04261,Right,1192989.tiff,57,127.7079,28,95,100,46,53,5.1972,99.8324,84,4.103,255,255,0
nd1S04261,Right,1192990.tiff,74,129.3734,27,95,100,42,52,5.4103,99.8695,83,4.0815,255,255,0
nd1S04261,Right,1192991.tiff,82,118.5704,27,93,100,35,54,5.1164,99.9472,79,4.5519,255,255,0
nd1S04261,Right,1192992.tiff,68,131.7245,28,94,100,49,55,5.1776,99.8667,83,4.0875,255,255,0
nd1S04261,Right,1192993.tiff,73,130.1883,29,95,100,46,54,5.2695,99.8549,81,4.0877,255,255,0
nd1S04261,Right,1192995.tiff,69,128.5298,27,94,100,41,54,5.1285,99.8142,80,4.4831,255,255,0
nd1S04261,Right,1192996.tiff,63,132.2219,27,93,100,50,53,5.2583,99.7836,79,255,255,255,255
nd1S04261,Right,1192997.tiff,64,131.5302,27,94,100,42,49,5.224,99.8987,82,4.2147,255,255,0
nd1S04261,Right,1192998.tiff,67,128.5795,28,94,100,47,56,5.3492,99.8386,82,4.1499,255,255,0
nd1S04261,Right,1192999.tiff,55,131.4175,28,92,100,48,56,5.1313,99.8669,80,4.3201,255,255,0
nd1S04261,Right,1193000.tiff,48,131.1507,28,94,100,46,57,5.0774,99.8417,80,4.3914,255,255,0
nd1S04261,Right,1193001.tiff,66,126.0143,28,96,100,48,54,5.4325,99.8544,84,4.0861,255,255,0
nd1S04261,Right,1193002.tiff,64,122.3401,27,93,100,39,58,5.2119,99.8709,82,4.3164,255,255,0
nd1S04261,Right,1193003.tiff,67,127.1243,29,94,100,53,54,5.346,99.8891,84,4.0843,255,255,0
nd1S04261,Right,1193004.tiff,66,121.9353,28,95,100,43,53,5.2544,99.8746,80,255,255,255,255
nd1S04261,Right,1193005.tiff,72,120.0918,29,94,100,40,55,5.3655,99.9108,81,4.1867,255,255,0
nd1S04261,Right,1193006.tiff,41,128.4423,29,88,100,46,54,5.323,99.7343,83,4.5071,255,255,0
nd1S04261,Right,1193007.tiff,56,120.9419,29,94,100,48,53,5.3781,99.8662,80,4.1955,255,255,0
nd1S04261,Right,1193008.tiff,90,120.271,29,95,100,34,52,5.1729,99.9144,80,4.1119,255,255,0
nd1S04394,Left,1057020.tiff,12,75.7855,40,77,100,12,4,4.5254,255,0,1.1615,255,255,255
nd1S04394,Left,1057021.tiff,20,26.125,25,74,100,0,255,5.0179,255,0,1.2149,255,255,255
nd1S04394,Left,1057029.tiff,84,61.0655,30,90,100,13,36,4.5856,99.834,3,1.0154,255,255,2
nd1S04394,Left,1058294.tiff,73,107.9443,26,97,100,41,49,4.2675,99.9773,32,1.2219,255,255,18
nd1S04394,Left,1058848.tiff,76,106.3759,28,96,100,24,51,4.7489,99.9039,12,1.5911,255,255,4
nd1S04394,Left,1059492.tiff,81,112.3585,26,96,100,32,54,5.2418,99.9386,85,255,255,255,255
nd1S04394,Left,1059494.tiff,41,110.3445,27,91,100,45,43,5.3079,255,81,255,255,255,255
nd1S04394,Left,1104374.tiff,82,138.6842,25,97,100,38,57,4.8948,99.9366,61,1.1605,255,255,42
nd1S04394,Left,1110959.tiff,29,39.0815,30,70,100,1,255,3.4426,255,0,1.0852,255,255,255
nd1S04394,Left,1110980.tiff,84,61.6028,31,87,100,14,30,4.8224,99.8248,2,1.2399,255,255,1
nd1S04394,Left,1111707.tiff,32,90.3792,31,87,100,20,0,4.7989,99.8835,4,1.0665,255,255,1
nd1S04394,Left,1112190.tiff,92,118.2562,26,96,100,26,53,5.1306,99.95,85,255,255,255,255
nd1S04394,Right,170317.tiff,21,102.0058,35,94,100,46,255,4.6198,99.9275,19,1.1143,255,255,255
nd1S04394,Right,170318.tiff,81,101.8943,34,95,100,29,91,5.044,99.8712,17,1.3824,255,255,9
nd1S04394,Right,173640.tiff,82,104.5495,33,96,65,42,99,4.9887,99.8802,33,1.1958,255,255,18
nd1S04394,Right,177509.tiff,67,103.3513,34,96,100,28,15,5.0847,99.838,55,1.1384,255,255,38
nd1S04394,Right,177718.tiff,66,100.8999,39,95,100,37,99,5.5151,99.8505,35,1.2863,255,255,22
nd1S04394,Right,178513.tiff,81,107.6454,37,94,100,40,99,5.1927,99.7696,10,1.1563,255,255,7
nd1S04394,Right,178514.tiff,62,99.8688,38,97,100,24,26,5.1897,99.7993,16,1.2337,255,255,9
nd1S04394,Right,192818.tiff,84,107.6182,35,95,42,46,98,5.0831,99.869,36,1.0783,255,255,15
nd1S04394,Right,192822.tiff,255,255,255,255,255,255,255,255,255,39,255,255,255,255
nd1S04394,Right,192841.tiff,41,110.3988,37,91,100,38,255,5.1634,255,4,255,255,255,255
nd1S04394,Right,192843.tiff,43,101.0709,43,96,100,25,46,5.3058,99.8899,6,1.3462,255,255,2
nd1S04394,Right,192847.tiff,95,107.4745,41,98,100,28,88,5.0842,99.954,9,1.0983,255,255,7
nd1S04394,Right,212383.tiff,36,111.1616,36,94,100,30,4,5.1218,99.967,12,1.1315,255,255,5
nd1S04394,Right,217811.tiff,0,98.5591,43,76,33,255,255,255,255,39,1.5944,255,255,255
nd1S04394,Right,217812.tiff,12,106.9329,46,96,100,55,0,5.5653,99.7814,13,1.4512,255,255,1
nd1S04394,Right,229480.tiff,21,102.3298,32,92,100,37,255,5.0212,99.9262,7,1.5404,255,255,255
nd1S04394,Right,231649.tiff,0,102.0397,32,94,75,255,255,255,99.7601,28,1.2693,255,255,255
nd1S04394,Right,428361.tiff,56,106.1817,45,96,100,29,45,5.0942,99.9537,36,1.0966,255,255,22
nd1S04394,Right,660158.tiff,70,106.8553,38,98,100,28,86,5.4596,99.8587,44,1.2516,255,255,30
nd1S04394,Right,664014.tiff,82,108.6259,47,94,100,36,99,5.4702,99.8984,24,1.0675,255,255,20
nd1S04394,Right,665777.tiff,61,104.9822,37,93,100,18,68,5.0528,99.8529,48,1.1667,255,255,29
nd1S04394,Right,683550.tiff,50,106.2886,27,95,100,14,6,4.7857,99.8973,22,1.7015,255,255,4
nd1S04394,Right,693891.tiff,82,134.5475,26,94,100,48,95,5.2562,99.8588,40,1.6582,255,255,12
nd1S04394,Right,701005.tiff,87,116.2867,34,98,100,17,39,3.8026,99.9344,26,10.7482,255,255,0
nd1S04394,Right,704656.tiff,90,86.6197,35,94,100,13,37,3.8378,99.9302,1,1.6053,255,255,0
nd1S04394,Right,760523.tiff,43,67.3271,53,75,100,13,0,4.7861,85.8611,1,2.288,255,255,0
nd1S04394,Right,760524.tiff,29,71.0038,51,80,100,23,5,3.9261,94.0342,0,1.7198,255,255,0
nd1S04394,Right,760539.tiff,83,63.4707,36,94,100,14,12,4.2882,99.9051,3,1.165,255,255,1
nd1S04394,Right,818343.tiff,53,66.3732,48,45,100,10,15,4.181,98.9994,0,1.9119,255,255,0
nd1S04418,Left,704265.tiff,69,135.1162,35,96,100,34,99,5.4929,99.9059,48,1.0721,255,255,40
nd1S04418,Left,764441.tiff,61,65.2509,32,83,100,11,22,3.9915,99.7768,0,1.0578,255,255,0
nd1S04418,Left,764442.tiff,58,67.2721,31,77,100,11,33,4.0297,99.9567,0,1.3295,255,255,0
nd1S04418,Left,764467.tiff,76,62.852,37,94,100,17,44,4.503,99.9133,1,1.7616,255,255,0
nd1S04418,Left,764471.tiff,77,63.3963,36,93,100,20,46,4.5961,99.8055,4,1.8364,255,255,0
nd1S04418,Left,764737.tiff,81,126.3933,36,97,100,30,61,5.5379,99.9087,81,255,255,255,255
nd1S04418,Left,767299.tiff,22,119.8694,34,96,100,46,0,4.9465,99.9446,28,1.5705,255,255,3
nd1S04418,Left,768547.tiff,81,115.1286,37,97,100,20,47,4.6731,99.9327,47,2.4185,255,255,0
nd1S04418,Left,936164.tiff,61,140.3476,30,97,100,22,0,5.3018,99.9736,50,1.3001,255,255,27
nd1S04418,Left,937618.tiff,84,123.0596,27,97,100,25,64,4.9322,99.9437,87,255,255,255,255
nd1S04418,Left,941642.tiff,44,63.6591,33,90,100,9,0,4.4436,99.9362,4,1.9184,255,255,0
nd1S04418,Left,941644.tiff,69,55.7289,35,93,100,9,0,3.6135,99.1662,0,1.4095,255,255,0
nd1S04470,Left,1059130.tiff,43,107.8683,38,94,100,10,4,5.1051,99.9338,68,1.1781,255,255,29
nd1S04470,Left,1085920.tiff,39,65.0791,41,98,100,13,0,4.9162,99.6566,1,1.2136,255,255,0
nd1S04470,Left,1086712.tiff,60,133.9839,36,96,100,38,48,4.9034,99.9546,76,2.0323,255,255,0
nd1S04470,Left,1087232.tiff,42,109.7564,42,93,100,12,7,5.4517,99.9342,48,2.5695,255,255,0
nd1S04470,Left,1087836.tiff,77,121.4938,37,99,100,22,49,5.0834,99.913,90,3.7829,255,255,0
nd1S04470,Left,1107417.tiff,84,44.907,57,57,100,0,13,4.1132,98.7529,2,1.2023,255,255,0
nd1S04470,Left,1107423.tiff,0,61.363,37,96,100,255,255,255,99.7471,10,1.3469,255,255,255
nd1S04470,Left,1110185.tiff,82,117.7851,35,95,100,14,45,5.5607,99.9256,86,255,255,255,255
nd1S04505,Left,206659.tiff,48,118.7499,41,94,100,53,17,5.4887,99.904,49,1.0863,255,255,28
nd1S04505,Left,206660.tiff,77,118.4654,40,95,100,48,97,5.7397,99.9118,3,1.2565,255,255,2
nd1S04505,Left,207642.tiff,80,120.8401,35,93,100,53,99,5.799,99.9286,7,1.0304,255,255,7
nd1S04505,Left,216438.tiff,89,119.7545,35,95,100,49,99,5.7647,99.8927,7,1.0435,255,255,6
nd1S04505,Left,216439.tiff,33,112.0328,40,92,45,40,0,5.4797,99.8942,9,1.3145,255,255,1
nd1S04505,Left,216454.tiff,70,119.059,34,93,100,41,99,5.5952,99.9551,7,1.0209,255,255,6
nd1S04505,Left,216455.tiff,63,112.8937,33,91,100,45,64,5.3247,99.9391,53,1.0742,255,255,39
nd1S04505,Left,658742.tiff,58,113.1527,35,92,100,48,0,5.4371,99.8146,28,1.082,255,255,19
nd1S04505,Left,658745.tiff,35,111.3186,38,95,100,51,0,5.5999,99.9275,70,1.1238,255,255,29
nd1S04505,Left,661159.tiff,43,113.8044,31,94,100,30,16,5.6677,99.8751,30,1.1651,255,255,15
nd1S04505,Left,661161.tiff,43,124.7964,41,94,100,46,18,5.4194,99.8661,3,1.1271,255,255,1
nd1S04505,Left,661162.tiff,78,116.5236,35,94,100,34,88,5.6082,99.8563,3,1.3517,255,255,2
nd1S04505,Left,662358.tiff,47,118.0306,37,92,100,46,0,5.3684,99.8224,6,1.074,255,255,3
nd1S04649,Left,240235.tiff,74,120.449,40,93,100,35,69,5.5803,99.9466,58,1.9338,255,255,4
nd1S04649,Left,241316.tiff,26,112.7999,49,97,100,43,0,5.0949,255,39,1.295,255,255,255
nd1S04649,Left,241318.tiff,23,117.6411,51,94,100,44,0,4.6404,255,14,1.1561,255,255,255
nd1S04649,Left,241321.tiff,38,113.0693,51,92,100,38,7,5.7197,255,54,1.6974,255,255,255
nd1S04649,Left,303666.tiff,59,107.9811,44,97,100,33,99,5.358,99.9528,73,1.45,255,255,30
nd1S04649,Left,303668.tiff,31,113.3325,45,97,100,33,78,6.0108,99.8872,19,1.5003,255,255,4
nd1S04649,Left,303673.tiff,67,116.1052,42,96,100,35,99,5.4387,99.8796,10,1.0236,255,255,8
nd1S04649,Left,303674.tiff,54,110.2804,48,87,100,36,99,6.0288,255,58,1.4065,255,255,255
nd1S04649,Left,303676.tiff,46,119.0043,40,95,100,29,99,5.2309,99.9213,6,1.1339,255,255,3
nd1S04649,Left,441493.tiff,5,112.1068,39,93,100,47,255,4.5835,9.3557,35,1.1029,255,255,255
nd1S04649,Left,441495.tiff,0,114.9412,39,96,35,255,255,255,255,45,1.1979,255,255,255
nd1S04649,Left,441498.tiff,29,114.992,41,96,100,33,0,5.1021,255,8,1.0998,255,255,255
nd1S04649,Left,512982.tiff,72,116.6588,35,94,100,30,50,5.37,99.9752,57,2.176,255,255,0
nd1S04649,Left,512986.tiff,72,116.7971,37,95,100,29,50,5.3229,99.9195,57,2.0774,255,255,0
nd1S04649,Left,517592.tiff,29,116.6368,39,95,100,39,0,5.2907,255,10,1.0849,255,255,255
nd1S04649,Left,517593.tiff,38,108.6953,37,96,100,26,0,5.3785,99.9286,4,1.0415,255,255,2
nd1S04649,Left,517599.tiff,28,112.0757,46,96,100,33,0,5.3058,255,22,1.0861,255,255,255
nd1S04649,Left,522403.tiff,81,101.0531,42,87,100,22,99,5.4391,99.7765,10,1.255,255,255,7
nd1S04649,Left,524387.tiff,0,62.7641,33,100,100,255,255,255,91.6931,33,1.5022,255,255,255
nd1S04649,Left,524389.tiff,94,117.0169,33,92,100,27,64,5.4529,99.9366,71,2.2271,255,255,0
nd1S04649,Left,537280.tiff,73,113.9312,35,92,100,37,66,5.7152,99.9433,63,1.8625,255,255,8
nd1S04649,Left,541045.tiff,24,118.2062,36,94,100,38,0,5.0988,99.9142,8,1.0455,255,255,2
nd1S04649,Left,541046.tiff,56,114.2685,37,96,100,34,8,5.1342,99.8839,7,1.4554,255,255,3
nd1S04649,Left,541047.tiff,28,113.4484,34,96,100,43,0,4.797,255,5,1.5964,255,255,255
nd1S04649,Left,541050.tiff,36,113.563,51,81,100,29,0,5.3404,255,19,1.4936,255,255,255
nd1S04649,Left,541051.tiff,55,111.8997,34,94,100,29,0,5.2473,99.9443,8,1.4775,255,255,3
nd1S04649,Left,541053.tiff,42,113.4887,35,94,100,56,0,5.4184,255,20,1.6019,255,255,255
nd1S04649,Left,541056.tiff,34,113.3696,37,96,100,32,0,5.3289,98.9574,13,1.3688,255,255,4
nd1S04649,Left,554137.tiff,95,107.4501,39,93,100,31,64,5.4604,99.9504,66,2.1034,255,255,0
nd1S04649,Left,557156.tiff,61,115.0815,36,95,100,40,1,5.9402,99.9422,7,1.5877,255,255,2
nd1S04649,Left,557157.tiff,0,118.8907,36,94,0,255,255,255,99.9619,4,1.1263,255,255,255
nd1S04649,Left,557159.tiff,1,117.44,36,96,100,255,255,2.7534,99.9462,4,1.2209,255,255,255
nd1S04649,Left,585319.tiff,54,112.9456,35,93,100,36,0,5.4242,99.8897,4,1.0488,255,255,3
nd1S04649,Left,586215.tiff,72,113.6581,37,93,100,32,65,5.5692,99.9195,60,1.8853,255,255,6
nd1S04649,Left,588607.tiff,65,109.4506,32,94,100,40,99,5.8719,99.6364,49,1.2444,255,255,34
nd1S04649,Left,611526.tiff,39,60.4856,4,45,100,37,0,4.6984,99.9302,8,255,255,255,255
nd1S04649,Left,611531.tiff,20,112.8011,33,95,100,45,255,4.8364,99.9081,26,1.2426,255,255,255
nd1S04649,Left,611532.tiff,31,84.7942,39,68,100,29,255,4.7935,97.5811,12,1.4933,255,255,255
nd1S04649,Left,611533.tiff,26,113.8469,32,95,100,34,0,5.0907,99.9304,33,1.2253,255,255,8
nd1S04649,Left,674508.tiff,61,122.3058,32,94,100,44,0,5.6061,99.9477,40,1.0922,255,255,30
nd1S04649,Left,683039.tiff,40,105.2496,32,93,100,23,40,5.063,99.9109,16,2.0077,255,255,0
nd1S04649,Left,694192.tiff,64,113.7641,30,95,100,34,54,4.8551,99.9344,15,1.1382,255,255,10
nd1S04649,Left,694200.tiff,63,133.0349,33,93,100,40,99,5.4092,99.9579,54,1.3026,255,255,31
nd1S04649,Left,701100.tiff,69,122.9303,39,96,100,32,56,4.8725,99.8907,52,3.5874,255,255,0
nd1S04649,Left,722799.tiff,65,51.9407,38,82,100,12,0,3.7408,99.9014,0,1.1853,255,255,0
nd1S04649,Left,722809.tiff,40,61.5418,33,91,100,15,0,4.4048,99.8784,4,1.6669,255,255,0
nd1S04649,Left,728234.tiff,14,107.2917,36,93,100,32,0,5.0513,255,5,1.2146,255,255,255
nd1S04649,Left,755792.tiff,38,119.1083,36,94,100,36,61,5.0674,99.9375,37,1.0847,255,255,16
nd1S04649,Left,858299.tiff,3,20.3602,48,0,100,16,255,2.599,255,0,1.3606,255,255,255
nd1S04649,Left,858309.tiff,43,55.7735,40,77,100,19,0,4.2004,255,4,1.8887,255,255,255
nd1S04667,Left,164341.tiff,72,115.7366,40,94,100,58,98,5.323,99.8852,17,2.0771,255,255,0
nd1S04667,Left,165161.tiff,76,116.7368,43,93,100,40,99,5.2557,99.7592,9,1.0246,255,255,8
nd1S04667,Left,165164.tiff,56,118.689,44,93,100,35,99,5.2584,99.8302,4,1.1175,255,255,2
nd1S04667,Left,201606.tiff,75,115.136,37,95,100,38,99,5.287,99.7621,32,1.2242,255,255,22
nd1S04667,Left,201609.tiff,42,112.119,43,96,100,39,18,5.3137,255,22,1.053,255,255,255
nd1S04667,Left,201610.tiff,50,115.8269,44,96,100,38,99,5.7348,255,12,1.5248,255,255,255
nd1S04667,Left,216718.tiff,62,112.5342,48,95,100,29,99,5.3008,99.8564,10,1.3001,255,255,5
nd1S04667,Left,216719.tiff,29,106.4993,44,97,100,40,13,5.8744,255,18,255,255,255,255
nd1S04667,Left,216720.tiff,69,116.1818,52,96,100,25,99,5.2524,99.7533,11,1.0551,255,255,9
nd1S04667,Left,661424.tiff,18,118.0947,42,95,100,40,0,5.3039,99.9292,28,1.0795,255,255,6
nd1S04667,Left,661429.tiff,35,110.9602,42,95,100,39,87,5.6968,99.8886,33,1.4689,255,255,8
nd1S04667,Left,663002.tiff,27,115.0507,44,93,100,36,4,5.406,99.7247,41,1.3431,255,255,9
nd1S04667,Left,663003.tiff,31,128.3997,43,93,100,29,13,5.3433,99.7995,43,1.2285,255,255,13
nd1S04667,Left,663005.tiff,33,117.6427,44,93,100,29,15,5.4391,255,4,1.1815,255,255,255
nd1S04667,Left,663006.tiff,37,115.8966,46,96,100,34,22,5.2453,255,8,1.1239,255,255,255
nd1S04667,Left,663007.tiff,44,119.0867,43,95,100,25,22,5.7098,99.8455,6,1.1417,255,255,3
nd1S04667,Left,664352.tiff,56,104.8157,63,82,100,31,99,5.3046,93.5533,13,1.2306,255,255,6
nd1S04667,Left,664353.tiff,23,120.1871,54,97,100,27,4,5.3343,99.8408,6,1.0407,255,255,2
nd1S04667,Left,664354.tiff,22,118.0543,51,94,100,33,5,5.1085,99.5631,12,1.1799,255,255,3
nd1S04667,Left,664355.tiff,24,116.476,53,96,100,24,10,5.2468,255,3,1.1473,255,255,255
nd1S04667,Left,664357.tiff,25,114.0945,53,96,100,28,13,5.2267,99.4333,40,1.4093,255,255,7
nd1S04667,Left,664846.tiff,62,112.9496,58,98,100,35,99,5.4819,255,28,1.7619,255,255,255
nd1S04667,Left,664847.tiff,57,120.2998,57,96,100,33,99,5.3427,99.6303,6,1.0798,255,255,4
nd1S04667,Left,664849.tiff,32,121.8703,53,97,100,20,41,5.506,255,5,1.2769,255,255,255
nd1S04667,Left,667254.tiff,0,96.473,58,88,100,255,255,255,255,7,1.2413,255,255,255
nd1S04667,Left,667255.tiff,30,115.4957,40,95,100,36,6,4.9311,99.7852,10,1.3287,255,255,2
nd1S04683,Left,160356.tiff,36,109.0909,35,93,100,34,0,5.2559,99.9542,42,1.7035,255,255,6
nd1S04683,Left,165846.tiff,33,92.5097,39,90,100,38,0,5.0431,99.6377,47,1.8679,255,255,2
nd1S04683,Left,165847.tiff,36,116.3891,35,93,100,27,0,5.7142,99.9471,8,1.1564,255,255,3
nd1S04683,Left,185551.tiff,77,114.233,32,93,100,23,99,4.9869,99.9736,7,1.2788,255,255,4
nd1S04683,Left,185568.tiff,33,114.1027,37,93,100,26,0,5.5935,99.9005,11,1.3333,255,255,3
nd1S04683,Left,185571.tiff,44,114.2793,36,93,100,34,0,5.6139,99.9288,22,1.4008,255,255,8
nd1S04683,Left,185586.tiff,40,114.4119,45,89,100,49,44,5.5797,99.7676,44,1.9802,255,255,0
nd1S04683,Left,185590.tiff,34,86.819,53,79,100,40,66,5.885,95.0581,48,1.9905,255,255,0
nd1S04683,Left,185611.tiff,52,99.3065,37,90,100,38,10,5.2924,99.9282,5,1.7143,255,255,1
nd1S04683,Left,185624.tiff,53,105.9849,35,90,100,31,11,5.496,99.9762,35,1.6191,255,255,9
nd1S04683,Left,185626.tiff,42,107.4071,33,92,100,49,0,5.1328,99.9093,41,1.7412,255,255,5
nd1S04683,Left,185627.tiff,36,106.794,33,92,100,34,0,5.5025,99.9307,47,1.6372,255,255,8
nd1S04683,Left,202293.tiff,77,112.3548,33,95,100,32,90,5.5269,99.9596,36,1.9503,255,255,2
nd1S04683,Left,202294.tiff,72,114.2743,33,94,100,31,45,5.1679,99.9675,15,1.9175,255,255,1
nd1S04683,Left,206316.tiff,41,115.5035,50,84,100,36,0,5.525,255,4,1.7947,255,255,255
nd1S04683,Left,206990.tiff,30,115.4583,31,95,100,38,0,5.4744,99.9112,24,1.9762,255,255,0
nd1S04683,Left,216969.tiff,79,114.2537,35,94,100,31,99,5.1878,99.9681,6,1.273,255,255,4
nd1S04683,Left,216974.tiff,55,109.8541,36,93,100,38,99,5.2532,99.9602,61,1.9956,255,255,0
nd1S04683,Left,655037.tiff,38,109.9891,42,97,100,61,88,6.0517,99.5566,4,255,255,255,255
nd1S04683,Left,655038.tiff,74,113.1908,40,91,100,31,99,5.5666,99.963,55,1.2755,255,255,37
nd1S04683,Left,655039.tiff,36,114.7376,52,94,100,41,29,5.618,255,18,1.1832,255,255,255
nd1S04683,Left,658644.tiff,58,111.7834,32,92,100,29,4,5.7022,99.9543,15,1.5946,255,255,5
nd1S04683,Left,662827.tiff,86,112.1441,30,93,100,33,99,5.1738,99.9569,31,1.9427,255,255,2
nd1S04683,Left,662828.tiff,68,114.4486,30,90,100,43,99,5.6067,99.89,35,1.3018,255,255,22
nd1S04683,Left,664388.tiff,31,106.8521,47,93,100,38,43,6.0206,255,27,255,255,255,255
nd1S04683,Left,664808.tiff,24,119.8681,47,95,100,42,0,5.4664,99.5868,6,1.267,255,255,1
nd1S04683,Left,666063.tiff,26,105.8492,46,95,100,32,22,5.616,99.9457,48,1.5275,255,255,8
nd1S04683,Left,666066.tiff,58,116.3771,40,95,100,35,31,5.6368,99.9557,16,1.3775,255,255,8
nd1S04683,Left,666814.tiff,79,112.3041,35,95,100,37,99,5.2535,99.9587,32,2.0154,255,255,0
nd1S04683,Left,668617.tiff,74,109.5923,35,91,100,34,99,5.4298,99.9458,27,1.8068,255,255,5
nd1S04683,Left,668618.tiff,81,116.0946,39,93,100,33,99,5.7051,99.9675,48,1.2848,255,255,33
nd1S04683,Left,669612.tiff,30,113.4857,37,95,100,35,0,5.132,99.8345,7,1.3654,255,255,2
nd1S04683,Left,669616.tiff,43,110.0251,34,95,100,44,0,5.1578,99.9362,23,2.1046,255,255,0
nd1S04684,Left,160252.tiff,49,109.6169,53,96,100,20,99,4.969,99.9031,24,1.176,255,255,11
nd1S04684,Left,161092.tiff,25,108.6195,55,94,100,29,21,5.3021,99.8445,55,1.1843,255,255,14
nd1S04684,Left,161093.tiff,46,119.548,54,99,100,25,99,5.8712,255,8,1.3426,255,255,255
nd1S04684,Left,162039.tiff,19,99.7183,51,93,100,38,0,5.2461,99.9344,3,1.1958,255,255,1
nd1S04684,Left,162040.tiff,0,107.0846,52,99,100,255,255,255,255,15,1.1985,255,255,255
nd1S04684,Left,164487.tiff,22,113.4993,50,98,100,33,0,4.8482,255,5,1.0863,255,255,255
nd1S04684,Left,164490.tiff,36,112.5644,53,96,100,36,99,5.8916,255,9,1.0979,255,255,255
nd1S04684,Left,165320.tiff,6,112.9916,52,93,100,45,255,5.3692,99.8907,8,1.5387,255,255,255
nd1S04684,Left,165322.tiff,9,107.024,51,95,100,73,255,5.3816,255,43,1.2439,255,255,255
nd1S04684,Left,166615.tiff,41,105.2983,58,94,100,23,71,5.2231,99.1892,6,1.1406,255,255,3
nd1S04684,Left,185637.tiff,19,94.6785,57,98,100,37,0,5.2645,99.3633,39,2.5074,255,255,0
nd1S04684,Left,185643.tiff,12,96.7623,52,85,100,55,255,5.763,90.3572,29,2.0423,255,255,255
nd1S04684,Left,185644.tiff,16,103.382,55,84,100,34,0,5.3182,255,30,2.0415,255,255,255
nd1S04684,Left,185648.tiff,47,104.3303,53,89,100,38,99,5.8056,97.1162,38,1.1451,255,255,20
nd1S04684,Left,185649.tiff,65,112.3316,53,96,100,25,99,5.3414,99.9078,40,1.1655,255,255,28
nd1S04684,Left,185678.tiff,9,96.245,51,95,100,40,255,4.7661,99.9113,7,1.2212,255,255,255
nd1S04684,Left,204437.tiff,8,113.5593,52,98,100,66,255,5.2951,255,13,1.1447,255,255,255
nd1S04684,Left,207349.tiff,0,107.1497,51,95,100,255,255,255,255,33,1.271,255,255,255
nd1S04684,Left,208037.tiff,0,115.5354,52,91,50,255,255,255,255,37,1.3808,255,255,255
nd1S04684,Left,654404.tiff,0,109.4527,53,97,100,255,255,255,255,28,1.1461,255,255,255
nd1S04684,Left,659682.tiff,21,115.6199,41,85,100,28,0,5.9183,99.8975,19,2.0611,255,255,0
nd1S04684,Left,659683.tiff,29,108.6804,37,85,100,40,0,6.1896,255,11,1.7683,255,255,255
nd1S04684,Left,659685.tiff,53,102.0541,51,96,100,37,96,5.6008,99.7733,32,2.0126,255,255,0
nd1S04684,Left,665699.tiff,15,106.8556,51,94,100,28,255,5.1581,99.8161,42,1.4315,255,255,255
nd1S04684,Left,665700.tiff,18,108.0376,52,97,100,33,0,5.4073,99.8427,83,1.2623,255,255,14
nd1S04684,Left,666468.tiff,60,110.0079,51,96,100,29,99,5.263,99.86,26,1.2341,255,255,15
nd1S04701,Left,201709.tiff,50,118.44,46,94,100,15,96,5.6677,99.9139,82,1.7009,255,255,17
nd1S04701,Left,205864.tiff,22,110.1991,40,86,100,24,0,6.034,99.4104,12,1.4022,255,255,2
nd1S04701,Left,374089.tiff,37,115.1053,51,93,100,37,7,5.7427,255,10,255,255,255,255
nd1S04701,Left,374094.tiff,47,114.8072,41,89,100,31,41,5.7024,99.9413,64,1.3609,255,255,26
nd1S04701,Left,374108.tiff,22,124.6402,45,84,100,40,13,5.9403,255,6,1.1276,255,255,255
nd1S04701,Left,374118.tiff,24,114.8527,44,93,100,39,0,5.3987,99.909,8,1.3737,255,255,2
nd1S04701,Left,374119.tiff,17,112.9311,40,88,100,57,255,5.7458,255,20,1.7261,255,255,255
nd1S04701,Left,374135.tiff,29,106.3728,43,70,100,23,96,5.7609,255,72,1.9842,255,255,255
nd1S04701,Left,374137.tiff,33,112.6958,46,92,100,54,96,4.647,99.9138,46,1.0864,255,255,15
nd1S04701,Left,374149.tiff,27,98.8456,48,93,39,53,34,5.3489,255,22,1.2798,255,255,255
nd1S04701,Left,374161.tiff,29,112.9085,46,89,100,33,12,5.6387,99.8925,48,1.4606,255,255,10
nd1S04701,Left,654979.tiff,36,111.488,50,94,100,32,76,5.8751,255,42,1.2268,255,255,255
nd1S04701,Left,657779.tiff,23,111.8751,52,96,100,59,255,5.9312,255,34,1.2489,255,255,255
nd1S04701,Left,659117.tiff,54,110.6742,47,94,100,25,99,6.327,255,79,1.1586,255,255,255
nd1S04701,Left,659122.tiff,31,112.3123,37,93,100,25,0,5.7816,99.9285,87,1.9295,255,255,3
nd1S04701,Left,663038.tiff,37,114.0448,36,90,100,53,98,5.6983,255,34,1.1206,255,255,255
nd1S04701,Left,663040.tiff,51,111.3111,41,91,100,33,99,6.0473,255,46,1.3988,255,255,255
nd1S04701,Left,664246.tiff,61,116.7784,46,95,100,31,99,6.0693,255,74,1.5523,255,255,255
nd1S04701,Left,664249.tiff,46,113.0743,49,94,100,43,94,5.6486,99.8663,64,1.1599,255,255,33
nd1S04701,Right,208381.tiff,52,103.4958,49,94,100,42,98,5.043,99.9133,4,1.3824,255,255,2
nd1S04701,Right,208382.tiff,4,115.9028,46,95,100,61,255,5.6113,99.7981,25,1.5906,255,255,255
nd1S04701,Right,209978.tiff,55,115.6722,56,94,100,31,99,5.7277,96.5655,12,1.0596,255,255,8
nd1S04701,Right,209979.tiff,51,121.625,53,98,100,32,93,5.889,255,5,1.0799,255,255,255
nd1S04701,Right,210510.tiff,15,119.1893,57,96,100,68,0,5.4996,255,14,1.1285,255,255,255
nd1S04701,Right,212448.tiff,81,103.8576,43,92,100,33,99,5.4495,99.9217,68,1.5821,255,255,26
nd1S04701,Right,214345.tiff,18,110.9612,42,96,100,41,0,5.8862,99.9227,76,1.331,255,255,13
nd1S04701,Right,214346.tiff,8,112.8639,51,95,100,93,255,4.8594,255,57,1.3686,255,255,255
nd1S04701,Right,374180.tiff,33,116.1163,51,95,100,39,81,5.7043,255,86,1.5478,255,255,255
nd1S04701,Right,374193.tiff,13,113.16,45,95,100,50,255,5.0924,99.8548,17,1.1935,255,255,255
nd1S04701,Right,374198.tiff,46,96.6201,48,87,100,33,99,5.4188,255,1,1.3937,255,255,255
nd1S04701,Right,374203.tiff,34,113.6773,45,93,100,32,77,5.7998,99.094,80,1.4016,255,255,22
nd1S04701,Right,374210.tiff,69,114.1282,46,91,100,30,99,5.7092,99.8821,43,1.342,255,255,27
nd1S04701,Right,374217.tiff,16,115.2372,50,84,100,41,0,5.4222,99.8741,42,1.2785,255,255,6
nd1S04701,Right,374218.tiff,44,96.9007,55,94,100,48,98,5.338,255,11,255,255,255,255
nd1S04701,Right,374225.tiff,21,115.311,47,95,100,30,0,5.5356,99.9107,8,1.3016,255,255,2
nd1S04701,Right,374227.tiff,10,117.6944,52,94,100,97,0,4.1098,255,9,1.1638,255,255,255
nd1S04701,Right,653620.tiff,29,108.1592,48,95,100,31,36,6.0977,99.8472,66,1.2307,255,255,21
nd1S04701,Right,654986.tiff,44,110.5,49,92,100,35,99,6.0399,255,63,1.5402,255,255,255
nd1S04701,Right,657781.tiff,67,108.3509,52,95,100,23,99,6.3252,99.8755,54,1.4724,255,255,27
nd1S04701,Right,657784.tiff,53,107.8065,55,96,100,26,99,6.3,44.7281,66,1.395,255,255,14
nd1S04701,Right,659109.tiff,21,115.2195,51,93,100,37,0,5.7369,255,14,1.3246,255,255,255
nd1S04701,Right,659123.tiff,75,110.859,42,89,100,38,99,5.6819,99.8701,93,2.6338,255,255,0
nd1S04701,Right,659124.tiff,35,110.7967,42,95,100,37,38,5.9819,255,44,1.5073,255,255,255
nd1S04701,Right,661737.tiff,77,112.0461,45,88,100,23,99,5.6616,99.8979,18,1.1985,255,255,13
nd1S04701,Right,663046.tiff,31,110.7771,48,94,100,52,40,5.9203,255,38,1.3704,255,255,255
nd1S04701,Right,664251.tiff,44,105.0743,48,96,100,41,99,5.7356,255,3,1.4455,255,255,255
nd1S04701,Right,664254.tiff,27,110.9998,46,92,100,27,0,5.5218,99.8706,9,1.314,255,255,2
nd1S04701,Right,664255.tiff,61,112.8336,47,95,100,35,99,5.8187,91.584,48,1.3543,255,255,24
nd1S04714,Right,177120.tiff,57,114.144,40,94,100,29,30,5.043,99.8619,86,1.4459,255,255,33
nd1S04714,Right,196865.tiff,58,115.0522,32,92,100,36,28,5.0578,99.9249,60,1.4482,255,255,23
nd1S04714,Right,196910.tiff,72,116.1337,46,94,100,27,99,5.1035,99.9044,86,1.2583,255,255,54
nd1S04714,Right,217458.tiff,55,119.2903,35,92,100,32,36,4.7762,99.9031,25,1.2857,255,255,11
nd1S04714,Right,662843.tiff,40,122.9267,34,92,100,27,0,4.7182,99.9428,41,1.728,255,255,5
nd1S04714,Right,664500.tiff,18,121.6557,61,97,100,26,9,5.2404,255,46,1.2222,255,255,255
nd1S04714,Right,665355.tiff,67,116.7746,51,93,100,28,99,5.203,99.8517,70,1.3088,255,255,40
nd1S04714,Right,666083.tiff,29,122.3535,45,93,100,27,9,5.0091,99.9437,5,1.2041,255,255,1
nd1S04714,Right,666830.tiff,46,119.6281,37,96,100,25,0,4.7898,99.8937,18,1.3913,255,255,6
nd1S04714,Right,668611.tiff,76,123.57,35,96,100,25,99,4.9286,99.9438,6,1.2313,255,255,4
nd1S04714,Right,669610.tiff,39,117.8248,35,97,100,17,0,4.9565,99.9439,89,1.8963,255,255,4
nd1S04786,Left,187654.tiff,40,116.3701,54,89,100,61,255,5.6972,95.0486,4,1.9541,255,255,255
nd1S04786,Left,187683.tiff,25,118.162,60,98,100,45,21,5.5192,255,6,1.3996,255,255,255
nd1S04786,Left,187684.tiff,28,121.4638,57,97,100,53,94,6.2718,255,35,1.8529,255,255,255
nd1S04786,Left,187714.tiff,61,118.656,55,95,100,56,98,5.7978,255,41,1.9613,255,255,255
nd1S04786,Left,204364.tiff,55,115.3484,53,96,100,38,99,5.5985,99.9039,19,1.2498,255,255,10
nd1S04786,Left,660273.tiff,32,108.4946,51,63,100,22,15,5.9824,69.2344,6,1.2469,255,255,1
nd1S04786,Left,660274.tiff,53,117.2622,53,95,100,47,99,5.8405,255,9,1.0998,255,255,255
nd1S04786,Left,660276.tiff,44,115.2588,52,93,100,51,10,5.9788,255,72,1.1545,255,255,255
nd1S04786,Left,668338.tiff,56,112.2603,52,96,100,54,99,5.9216,255,21,1.1509,255,255,255
nd1S04851,Left,160439.tiff,71,116.3929,44,96,100,29,99,5.4166,99.8767,17,1.0195,255,255,15
nd1S04851,Left,162945.tiff,24,115.6136,51,95,100,27,9,5.3629,99.9159,54,1.0669,255,255,15
nd1S04851,Left,164577.tiff,20,120.6004,53,98,100,39,0,5.4715,99.9385,6,1.084,255,255,1
nd1S04851,Left,165442.tiff,68,115.2081,42,95,100,29,99,5.5259,99.9673,60,1.0925,255,255,49
nd1S04851,Left,166874.tiff,54,119.3672,41,93,100,28,23,5.5122,99.9206,14,1.0305,255,255,10
nd1S04851,Left,167630.tiff,41,119.3574,43,95,100,22,10,5.5293,99.9445,3,1.2354,255,255,1
nd1S04851,Left,168373.tiff,86,114.9773,38,96,100,41,99,5.2934,99.9404,18,1.1456,255,255,14
nd1S04851,Left,169119.tiff,45,117.7187,46,96,100,24,25,5.6911,99.9634,5,1.2306,255,255,2
nd1S04851,Left,169888.tiff,50,117.3436,43,97,100,25,12,5.5035,99.9111,5,1.0961,255,255,3
nd1S04851,Left,189019.tiff,21,118.5555,52,98,100,37,0,5.4525,99.9276,5,1.1138,255,255,1
nd1S04851,Left,189040.tiff,26,112.8567,62,91,100,27,20,5.488,255,44,1.1208,255,255,255
nd1S04851,Left,189057.tiff,24,117.6093,58,98,100,31,8,5.6288,99.8307,5,1.1732,255,255,1
nd1S04851,Left,189066.tiff,22,116.6393,54,99,100,45,0,4.8177,99.6258,13,1.1177,255,255,3
nd1S04851,Left,201677.tiff,57,118.6713,39,96,100,32,20,5.447,99.9391,7,1.0224,255,255,5
nd1S04851,Left,201679.tiff,73,117.2576,38,97,100,35,99,5.2695,99.9042,9,1.0843,255,255,7
nd1S04851,Left,203082.tiff,45,116.8191,50,99,100,34,48,5.5998,99.9685,4,1.0216,255,255,2
nd1S04851,Left,203641.tiff,32,121.0818,48,96,100,22,9,5.513,99.9474,5,1.1036,255,255,2
nd1S04851,Left,204264.tiff,32,112.866,57,92,100,31,8,5.3151,92.6446,26,1.093,255,255,9
nd1S04851,Left,205162.tiff,40,112.6259,50,97,100,23,20,5.7355,99.8619,6,1.1989,255,255,3
nd1S04851,Left,205669.tiff,25,117.4713,54,95,100,44,0,4.7524,94.2243,42,1.2416,255,255,8
nd1S04851,Left,206222.tiff,30,115.935,49,98,100,34,6,5.3756,99.9104,5,1.0376,255,255,2
nd1S04851,Left,206822.tiff,20,121.6976,52,96,100,36,0,5.4048,99.9409,7,1.1488,255,255,2
nd1S04851,Left,206824.tiff,21,111.676,54,98,100,41,0,4.8629,99.3589,33,1.3012,255,255,6
nd1S04851,Left,207911.tiff,65,114.6521,42,94,100,39,99,5.0533,99.9558,25,1.1444,255,255,17
nd1S04851,Left,207912.tiff,90,112.0801,40,98,100,33,99,5.4604,99.9286,65,1.2791,255,255,43
nd1S04851,Left,217090.tiff,36,115.6702,57,94,100,19,99,5.6733,99.8617,15,1.1635,255,255,6
nd1S04851,Left,217094.tiff,16,114.0504,59,90,100,52,0,4.9399,89.3353,48,1.5193,255,255,4
nd1S04851,Left,217104.tiff,24,118.0522,54,98,100,32,6,5.3404,99.928,5,1.1159,255,255,1
nd1S04851,Left,217105.tiff,17,116.3822,58,97,100,36,0,5.5612,99.9175,4,1.1828,255,255,1
nd1S04851,Left,217107.tiff,20,117.7549,56,99,100,34,0,5.2224,99.9112,5,1.1003,255,255,1
nd1S04851,Left,229485.tiff,38,109.4936,54,98,100,28,63,5.3775,99.908,22,1.2077,255,255,8
nd1S04851,Left,241822.tiff,53,111.937,55,97,100,39,99,5.3807,99.8498,59,1.1022,255,255,36
nd1S04851,Left,255659.tiff,63,118.6006,51,96,100,37,99,5.5519,99.8816,8,1.0955,255,255,6
nd1S04851,Left,277300.tiff,39,112.2118,52,98,100,49,98,4.9885,99.3464,34,1.2461,255,255,12
nd1S04851,Left,304002.tiff,38,113.0377,59,93,100,25,99,5.5966,99.8228,28,1.1854,255,255,12
nd1S04851,Left,534641.tiff,67,110.3173,39,97,100,34,99,5.3915,99.9112,73,1.2535,255,255,47
nd1S04851,Left,655631.tiff,17,114.5198,58,98,100,39,0,5.1976,255,33,255,255,255,255
nd1S04851,Left,655645.tiff,18,118.708,68,90,100,34,10,5.3997,94.7603,51,1.1929,255,255,9
nd1S04851,Left,657323.tiff,19,118.6743,58,98,100,33,0,5.2284,99.9411,7,1.0822,255,255,2
nd1S04851,Left,669839.tiff,30,111.0053,60,94,100,27,28,5.3286,255,41,1.1543,255,255,255
nd1S04859,Right,208441.tiff,29,128.902,36,93,100,38,0,5.3252,99.8331,55,2.0598,255,255,0
nd1S04859,Right,208443.tiff,32,115.4172,37,98,100,37,0,5.1833,99.8193,32,2.1635,255,255,0
nd1S04859,Right,209267.tiff,29,114.448,37,93,100,33,0,5.3275,99.8384,66,1.9951,255,255,0
nd1S04859,Right,209268.tiff,36,120.0433,34,97,100,31,4,5.4013,99.9411,31,2.0403,255,255,0
nd1S04859,Right,209271.tiff,35,126.0931,36,97,100,31,9,5.1495,99.9232,6,1.7676,255,255,1
nd1S04859,Right,209635.tiff,25,115.4832,40,94,100,49,0,5.3991,99.8912,16,1.9856,255,255,0
nd1S04859,Right,210657.tiff,36,123.4007,37,97,100,12,55,5.7592,99.8086,15,2.1887,255,255,0
nd1S04859,Right,211423.tiff,26,121.7255,43,94,100,46,0,5.4282,99.8494,8,1.8837,255,255,0
nd1S04859,Right,212960.tiff,31,126.1538,31,95,100,34,0,5.2409,99.8301,9,1.9904,255,255,0
nd1S04859,Right,318780.tiff,71,126.8873,45,98,100,29,99,5.7964,99.8356,5,1.9098,255,255,0
nd1S04859,Right,318786.tiff,30,127.5661,40,96,100,36,0,5.4423,99.8032,10,2.1252,255,255,0
nd1S04859,Right,654119.tiff,30,116.4661,38,98,100,39,0,5.4999,99.8191,12,2.0297,255,255,0
nd1S04859,Right,655517.tiff,26,125.8671,48,98,100,31,0,5.6225,99.9016,46,1.8951,255,255,2
nd1S04859,Right,656673.tiff,39,122.982,37,97,100,7,31,5.5525,99.9404,5,1.9938,255,255,0
nd1S04859,Right,656690.tiff,38,124.1222,35,97,100,33,5,5.3234,99.9168,8,1.7073,255,255,1
nd1S04859,Right,661940.tiff,78,121.9234,49,94,100,39,99,5.5044,99.4427,7,1.9061,255,255,1
nd1S04859,Right,664587.tiff,51,120.0974,45,97,100,28,54,5.7224,99.7506,72,2.309,255,255,0
nd1S04917,Right,170377.tiff,65,117.6096,46,96,100,27,98,5.3194,99.86,73,1.3997,255,255,36
nd1S04917,Right,173528.tiff,37,126.3002,45,82,100,23,0,5.7431,255,12,255,255,255,255
nd1S04917,Right,176428.tiff,0,113.5074,42,89,100,255,255,255,255,12,255,255,255,255
nd1S04917,Right,201324.tiff,55,116.1834,40,90,100,35,73,5.2347,99.9006,11,1.2804,255,255,5
nd1S04917,Right,201325.tiff,36,89.2282,44,90,100,35,92,5.3054,255,56,1.3239,255,255,255
nd1S04917,Right,201327.tiff,54,118.0356,44,90,100,39,99,5.7439,99.8905,5,1.3982,255,255,2
nd1S04917,Right,201357.tiff,57,123.8043,44,93,100,42,99,5.9209,99.723,19,1.2557,255,255,11
nd1S04917,Right,201371.tiff,76,120.7681,48,96,100,33,99,5.5236,99.8785,68,1.3591,255,255,40
nd1S04917,Right,201377.tiff,18,125.7312,51,93,100,31,0,5.1387,99.8974,5,1.2247,255,255,1
nd1S04917,Right,213207.tiff,26,105.1193,54,94,100,29,14,4.7986,255,2,255,255,255,255
nd1S04917,Right,219099.tiff,70,102.6312,55,81,4,20,99,4.9824,99.6738,13,1.0349,255,255,0
nd1S04917,Right,655884.tiff,79,115.0623,55,95,100,31,99,5.3253,99.7581,56,1.2313,255,255,38
nd1S04917,Right,660893.tiff,77,123.3717,44,95,100,27,75,5.3459,99.8884,59,2.0987,255,255,0
nd1S04917,Right,666391.tiff,34,119.9737,45,94,100,17,14,5.4952,99.8257,68,1.687,255,255,9
nd1S04917,Right,668161.tiff,31,123.1176,48,95,100,32,0,6.1986,255,46,1.7314,255,255,255
nd1S04917,Right,669367.tiff,8,113.7795,43,89,100,81,255,4.617,255,29,1.3449,255,255,255
nd1S04917,Right,669370.tiff,28,118.6583,48,96,100,32,22,5.1152,99.925,17,1.664,255,255,2
nd1S04970,Right,660597.tiff,49,118.4912,44,92,100,19,29,5.6506,99.8695,50,1.9333,255,255,2
nd1S04970,Right,660598.tiff,65,120.3745,43,94,100,28,99,5.7289,99.9489,41,1.8414,255,255,6
nd1S04970,Right,661746.tiff,72,118.7383,35,95,100,27,87,5.4727,99.9209,27,1.3814,255,255,15
nd1S04970,Right,661748.tiff,87,111.7886,44,97,100,32,99,5.4192,99.818,58,1.1548,255,255,44
nd1S04970,Right,661749.tiff,92,118.5981,41,96,100,29,99,5.5437,99.7587,25,1.2632,255,255,17
nd1S04970,Right,662911.tiff,33,118.2423,45,95,100,23,12,5.3671,99.8998,11,1.0992,255,255,4
nd1S04970,Right,664133.tiff,83,115.9899,49,95,100,29,99,5.5426,99.7266,42,1.1775,255,255,32
nd1S04970,Right,664134.tiff,54,121.3818,51,94,100,25,99,5.4859,99.7863,14,1.109,255,255,9
nd1S04970,Right,664135.tiff,68,115.412,51,94,100,35,99,5.9413,99.8602,37,1.2242,255,255,28
nd1S04970,Right,664138.tiff,36,119.2972,53,96,100,29,48,5.7177,99.6972,14,1.1845,255,255,6
nd1S04970,Right,664682.tiff,85,118.4483,53,96,100,33,99,5.616,99.5137,48,1.1961,255,255,36
nd1S04970,Right,664686.tiff,46,118.956,51,94,100,21,99,5.721,99.5455,31,1.0864,255,255,18
nd1S04970,Right,665539.tiff,67,119.6442,45,95,100,33,99,5.6831,99.7088,38,1.4046,255,255,20
nd1S04970,Right,665542.tiff,41,118.3554,48,94,100,24,64,5.6434,99.7658,44,1.286,255,255,17
nd1S04970,Right,666344.tiff,25,110.5213,37,97,100,37,0,5.3473,99.8224,47,1.2514,255,255,11
nd1S04970,Right,666346.tiff,29,107.0916,34,95,100,36,0,5.2677,99.9032,10,1.0963,255,255,3
nd1S04970,Right,666349.tiff,26,111.0176,37,96,100,40,0,5.6617,99.8129,42,1.2207,255,255,11
nd1S04970,Right,666949.tiff,32,115.546,45,94,100,30,34,5.5562,99.8511,27,1.1525,255,255,10
nd1S04970,Right,666952.tiff,21,116.2591,45,94,100,38,0,5.7562,99.8779,7,1.1252,255,255,2
nd1S04970,Right,668645.tiff,25,114.9437,42,95,100,33,0,5.4476,99.7393,60,1.2595,255,255,14
nd1S04970,Right,668646.tiff,40,116.5006,45,95,100,22,1,5.6,99.8101,21,1.1478,255,255,10
nd1S04970,Right,668649.tiff,58,112.3333,48,95,100,26,99,5.5012,99.8123,24,1.3035,255,255,13
nd1S05028,Right,231014.tiff,13,80.8917,55,80,100,46,0,5.1538,96.1592,78,1.4149,255,255,6
nd1S05028,Right,233655.tiff,255,255,255,255,255,255,255,255,255,5,255,255,255,255
nd1S05028,Right,242832.tiff,73,109.2771,45,93,100,31,79,5.1682,98.8348,84,3.2886,255,255,0
nd1S05028,Right,244119.tiff,54,108.5065,35,89,100,48,23,5.1978,99.7942,25,1.5485,255,255,7
nd1S05028,Right,261655.tiff,65,112.521,40,94,100,35,99,5.0701,99.8492,8,1.0965,255,255,6
nd1S05028,Right,261657.tiff,23,93.6093,41,92,100,56,19,6.0209,99.5961,64,1.6445,255,255,7
nd1S05028,Right,261664.tiff,51,113.925,39,93,100,43,99,5.5506,255,6,255,255,255,255
nd1S05028,Right,261682.tiff,38,88.7083,40,85,100,47,71,5.3876,98.9063,33,255,255,255,255
nd1S05028,Right,266957.tiff,79,109.188,50,94,100,32,79,5.1292,99.5791,81,1.5478,255,255,31
nd1S05028,Right,279572.tiff,30,92.5519,29,74,100,53,24,5.1677,85.0346,4,255,255,255,255
nd1S05028,Right,281435.tiff,57,83.2957,41,81,100,33,99,5.1823,99.5323,67,1.4051,255,255,25
nd1S05028,Right,312838.tiff,52,113.2464,42,91,100,47,99,5.9859,255,7,1.2304,255,255,255
nd1S05028,Right,396943.tiff,40,94.5031,39,79,100,24,99,5.2158,255,43,1.2335,255,255,255
nd1S05028,Right,438178.tiff,89,104.8756,49,93,100,33,77,5.1624,99.9535,85,3.8234,255,255,0
nd1S05028,Right,441535.tiff,255,255,255,255,255,255,255,255,255,10,255,255,255,255
nd1S05028,Right,535162.tiff,38,113.3705,37,94,100,33,0,5.0473,99.9453,13,1.2599,255,255,4
nd1S05028,Right,657217.tiff,25,120.1188,46,93,100,45,0,4.8638,255,13,1.1288,255,255,255
nd1S05028,Right,660741.tiff,70,107.1464,35,89,100,29,90,5.9891,99.9271,22,2.0464,255,255,0
nd1S05028,Right,660744.tiff,33,101.8958,35,87,100,34,0,5.9167,99.4679,24,1.6599,255,255,4
nd1S05028,Right,660745.tiff,27,107.9723,33,91,100,53,0,4.4181,89.4621,12,1.7661,255,255,1
nd1S05028,Right,665645.tiff,39,111.3658,40,93,100,41,41,5.2844,255,10,1.1083,255,255,255
nd1S05028,Right,665650.tiff,52,101.4875,37,93,100,59,99,5.383,255,31,1.9393,255,255,255
nd1S05028,Right,666204.tiff,57,111.1384,36,95,100,42,60,5.2985,99.0022,53,1.1876,255,255,31
nd1S05028,Right,667033.tiff,27,112.0579,43,93,100,43,0,4.9719,255,19,2.6126,255,255,255
nd1S05028,Right,669190.tiff,42,108.2724,36,94,100,25,79,5.6964,99.4387,13,1.6112,255,255,3
nd1S05033,Right,229123.tiff,47,124.1322,35,92,100,27,77,5.0205,96.8624,19,1.93,255,255,1
nd1S05033,Right,231429.tiff,53,124.7307,53,93,100,36,99,5.0406,255,69,2.1508,255,255,255
nd1S05033,Right,233715.tiff,37,128.9031,49,92,100,37,1,5.1208,255,5,255,255,255,255
nd1S05033,Right,241396.tiff,39,126.0453,44,96,100,36,0,5.3858,255,8,1.9724,255,255,255
nd1S05033,Right,241398.tiff,31,128.2025,37,90,100,33,0,4.8852,255,13,1.2336,255,255,255
nd1S05033,Right,243864.tiff,35,113.5719,52,84,100,42,5,5.2701,255,17,1.8553,255,255,255
nd1S05033,Right,243868.tiff,45,125.2356,38,95,100,39,99,5.0521,255,10,2.0146,255,255,255
nd1S05033,Right,276915.tiff,46,110.8297,35,94,100,45,98,6.3256,255,20,1.2642,255,255,255
nd1S05033,Right,276916.tiff,62,122.8106,38,96,100,34,95,5.1277,98.3523,33,2.0738,255,255,0
nd1S05033,Right,276918.tiff,54,122.2278,52,91,100,37,99,5.0456,255,7,1.2492,255,255,255
nd1S05033,Right,276919.tiff,63,125.6057,41,94,100,37,99,5.3972,97.0817,65,2.224,255,255,0
nd1S05033,Right,397666.tiff,43,125.82,56,82,100,38,8,5.2637,47.8815,48,1.3276,255,255,8
nd1S05033,Right,397667.tiff,16,77.9931,33,100,100,23,255,5.4986,90.7659,12,1.866,255,255,255
nd1S05033,Right,397668.tiff,40,128.3761,56,92,100,35,35,5.3467,255,39,1.3964,255,255,255
nd1S05033,Right,397670.tiff,40,125.0279,50,93,100,38,42,5.4726,255,55,1.9298,255,255,255
nd1S05033,Right,535286.tiff,64,120.0378,55,84,100,35,90,5.2368,66.5746,76,1.9109,255,255,3
nd1S05033,Right,558702.tiff,51,123.9103,35,93,100,38,0,5.4613,99.6209,63,1.6495,255,255,15
nd1S05033,Right,583409.tiff,32,126.1784,29,92,100,32,0,5.2924,99.8122,14,1.4232,255,255,3
nd1S05033,Right,583410.tiff,255,255,255,255,255,255,255,255,255,25,255,255,255,255
nd1S05033,Right,583411.tiff,30,122.3842,34,93,100,30,0,4.9612,99.7705,63,1.8917,255,255,2
nd1S05033,Right,591394.tiff,56,120.9078,42,99,100,42,99,5.2626,255,29,2.1173,255,255,255
nd1S05033,Right,591395.tiff,65,126.2117,47,94,100,33,99,5.28,82.7701,31,1.2804,255,255,15
nd1S05033,Right,604620.tiff,52,126.4216,32,90,100,44,37,5.3283,99.9062,5,1.2711,255,255,2
nd1S05033,Right,604621.tiff,49,121.9432,31,96,100,36,0,5.3836,99.8698,45,2.0434,255,255,0
nd1S05033,Right,612955.tiff,25,121.6066,50,87,100,41,68,5.6406,255,53,1.8924,255,255,255
nd1S05033,Right,653489.tiff,35,126.5528,47,93,100,27,0,5.1089,48.8991,44,1.9621,255,255,0
nd1S05033,Right,657949.tiff,92,123.7762,29,94,100,27,99,5.6316,99.8821,4,1.2493,255,255,3
nd1S05033,Right,657950.tiff,60,120.677,29,94,100,12,18,5.2799,99.9495,71,1.1427,255,255,46
nd1S05033,Right,659536.tiff,69,118.6864,27,94,100,34,99,5.1539,99.9272,65,2.1768,255,255,0
nd1S05033,Right,659543.tiff,5,119.4273,46,97,78,55,255,5.0264,255,49,2.0024,255,255,255
nd1S05033,Right,659544.tiff,59,126.8768,39,91,100,28,82,5.39,99.9111,6,1.2279,255,255,4
nd1S05033,Right,659545.tiff,27,125.6738,41,95,100,35,0,5.1644,255,25,2.082,255,255,255
nd1S05033,Right,659546.tiff,28,126.4975,38,91,100,32,0,5.1083,99.7033,40,1.1863,255,255,11
nd1S05033,Right,659547.tiff,42,128.922,38,89,100,40,8,5.5648,99.2496,36,1.9088,255,255,2
nd1S05033,Right,662621.tiff,44,126.0485,53,88,100,27,0,5.3504,71.3022,70,1.8637,255,255,4
nd1S05033,Right,664444.tiff,56,125.5809,48,96,100,24,99,4.7064,99.8456,8,1.5486,255,255,2
nd1S05033,Right,665549.tiff,1,124.5149,35,91,0,255,255,4.8568,99.9346,7,1.4117,255,255,255
nd1S05033,Right,696395.tiff,36,130.6673,30,90,100,41,26,5.5725,98.6483,33,1.5809,255,255,7
nd1S05044,Left,235847.tiff,71,130.7638,40,98,100,25,83,6.0494,99.8916,85,2.8454,255,255,0
nd1S05044,Left,237037.tiff,24,86.594,51,90,100,12,0,4.7518,94.4083,14,1.0281,255,255,3
nd1S05044,Left,237039.tiff,24,119.2092,41,97,100,42,0,4.9867,98.3178,13,1.0976,255,255,3
nd1S05044,Left,243677.tiff,33,113.1211,46,96,100,27,43,5.4517,255,14,255,255,255,255
nd1S05044,Left,259396.tiff,85,121.418,40,98,100,18,81,5.5861,99.8469,79,4.5769,255,255,0
nd1S05044,Left,268187.tiff,18,120.1179,49,97,100,30,0,5.7806,99.9207,6,255,255,255,255
nd1S05044,Left,268188.tiff,255,255,255,255,255,255,255,255,255,18,255,255,255,255
nd1S05044,Left,268193.tiff,25,115.8783,51,97,100,23,31,5.5937,99.9315,32,1.2781,255,255,8
nd1S05044,Left,277153.tiff,0,61.4584,63,28,100,255,255,255,70.6802,3,1.2634,255,255,255
nd1S05044,Left,302355.tiff,82,122.5447,33,98,100,22,81,5.6786,99.9203,74,5.4996,255,255,0
nd1S05044,Left,303531.tiff,26,116.4022,42,92,100,23,0,5.4939,255,13,255,255,255,255
nd1S05044,Left,388782.tiff,64,111.6878,41,96,100,22,80,5.7099,99.8567,79,4.608,255,255,0
nd1S05044,Left,388784.tiff,75,122.074,42,97,100,23,80,5.5658,99.8484,84,4.6183,255,255,0
nd1S05044,Left,388786.tiff,62,125.1472,40,96,100,24,81,5.7299,99.7686,73,3.9086,255,255,0
nd1S05044,Left,406426.tiff,45,100.2362,48,94,100,28,92,5.2126,255,55,1.2133,255,255,255
nd1S05044,Left,406430.tiff,37,106.0008,47,86,100,25,99,5.9945,255,23,255,255,255,255
nd1S05044,Left,406436.tiff,54,85.0071,68,90,100,17,99,6.0818,85.4391,55,1.1489,255,255,31
nd1S05044,Left,415158.tiff,17,119.8391,44,96,100,9,0,5.3571,255,7,1.7542,255,255,255
nd1S05044,Left,433419.tiff,56,115.4231,44,95,100,25,99,5.5675,255,84,1.5784,255,255,255
nd1S05044,Left,433423.tiff,41,102.5774,39,94,100,26,255,6.0945,255,38,255,255,255,255
nd1S05044,Left,441895.tiff,22,121.4774,55,98,100,26,4,5.32,255,5,1.1666,255,255,255
nd1S05044,Left,441900.tiff,51,122.323,47,94,100,25,99,5.6234,255,48,1.9755,255,255,255
nd1S05044,Left,441913.tiff,56,112.6396,50,95,100,26,99,5.243,84.5779,29,1.4018,255,255,10
nd1S05044,Left,441918.tiff,31,88.3922,46,59,100,20,255,5.739,255,36,255,255,255,255
nd1S05044,Left,535391.tiff,48,119.5671,44,97,100,15,32,5.2215,99.9426,7,1.7524,255,255,1
nd1S05044,Left,535399.tiff,66,114.8011,39,96,100,24,95,5.0783,99.9683,69,1.2782,255,255,40
nd1S05044,Left,535404.tiff,48,115.0946,38,99,100,28,99,5.6809,99.8967,62,1.475,255,255,21
nd1S05044,Left,535480.tiff,61,118.5162,42,97,100,24,99,5.0807,99.9624,6,1.036,255,255,4
nd1S05044,Left,535481.tiff,24,119.047,41,97,100,26,0,5.3502,99.9809,36,1.1479,255,255,9
nd1S05044,Left,535557.tiff,28,109.0113,46,94,100,17,0,5.0595,99.8657,43,1.2361,255,255,11
nd1S05044,Left,535558.tiff,47,116.7138,38,96,100,19,4,5.3109,99.934,18,1.9082,255,255,1
nd1S05044,Left,656694.tiff,27,94.3189,56,68,100,24,99,5.4205,255,6,1.0248,255,255,255
nd1S05044,Left,658526.tiff,60,117.0736,44,96,100,28,99,5.731,255,51,1.18,255,255,255
nd1S05044,Left,662467.tiff,77,120.1842,40,99,100,21,99,5.176,99.9674,26,1.4108,255,255,13
nd1S05044,Left,665668.tiff,37,119.1313,44,88,100,25,0,5.783,255,42,1.1871,255,255,255
nd1S05044,Left,666186.tiff,40,117.5976,58,88,100,36,99,4.9391,255,5,1.6007,255,255,255
nd1S05044,Left,666187.tiff,36,122.4436,55,89,100,30,28,5.8269,255,4,1.9307,255,255,255
nd1S05044,Left,667085.tiff,19,117.5598,42,98,100,33,0,5.2525,99.9659,6,1.0748,255,255,1
nd1S05044,Right,229191.tiff,60,118.2039,43,95,100,23,99,5.4066,99.8432,86,2.6335,255,255,0
nd1S05044,Right,229195.tiff,20,120.931,42,90,100,19,255,5.3713,97.6001,3,255,255,255,255
nd1S05044,Right,231064.tiff,49,113.9959,39,93,100,28,99,5.4775,255,77,2.3488,255,255,255
nd1S05044,Right,234278.tiff,255,255,255,255,255,255,255,255,255,26,255,255,255,255
nd1S05044,Right,241711.tiff,39,111.7056,46,95,100,29,99,5.6311,255,72,2.7425,255,255,255
nd1S05044,Right,243683.tiff,29,110.9579,48,81,100,23,99,5.6868,255,80,255,255,255,255
nd1S05044,Right,243684.tiff,50,114.1513,48,95,100,25,99,5.6641,99.8262,76,1.9568,255,255,2
nd1S05044,Right,255842.tiff,18,114.9442,50,97,100,14,0,5.237,95.9323,40,3.0015,255,255,0
nd1S05044,Right,255845.tiff,34,115.5071,40,93,100,27,99,5.6309,255,23,2.424,255,255,255
nd1S05044,Right,255846.tiff,32,121.8554,48,96,100,31,86,5.4855,255,78,255,255,255,255
nd1S05044,Right,260439.tiff,33,120.9687,45,95,100,22,0,5.4194,255,12,1.1699,255,255,255
nd1S05044,Right,277164.tiff,52,119.2618,41,89,100,25,99,5.7309,99.9413,69,1.427,255,255,28
nd1S05044,Right,303543.tiff,53,117.8128,44,96,100,23,99,5.188,99.9039,65,2.2983,255,255,0
nd1S05044,Right,303545.tiff,33,118.8436,43,91,100,24,0,5.7092,255,47,2.3924,255,255,255
nd1S05044,Right,303551.tiff,255,255,255,255,255,255,255,255,255,11,255,255,255,255
nd1S05044,Right,387601.tiff,38,124.2889,47,90,100,25,89,5.7277,255,30,255,255,255,255
nd1S05044,Right,388787.tiff,76,126.0215,38,94,100,27,79,5.2168,99.9184,77,255,255,255,255
nd1S05044,Right,406446.tiff,32,117.504,47,94,100,26,78,5.4727,255,69,1.373,255,255,255
nd1S05044,Right,415176.tiff,42,117.6805,47,86,100,27,99,5.8007,255,16,255,255,255,255
nd1S05044,Right,433438.tiff,255,255,255,255,255,255,255,255,255,50,255,255,255,255
nd1S05044,Right,441928.tiff,0,15.5141,14,84,100,255,255,255,99.8371,41,255,255,255,255
nd1S05044,Right,535403.tiff,69,114.5369,39,93,100,18,99,5.2862,99.947,78,1.4848,255,255,35
nd1S05044,Right,535409.tiff,62,109.3458,39,93,0,26,99,5.6035,99.8665,36,1.1983,255,255,0
nd1S05044,Right,535496.tiff,63,111.7086,39,92,100,33,99,5.7425,99.9164,58,1.4556,255,255,27
nd1S05044,Right,535523.tiff,57,118.613,49,95,100,26,99,5.5699,99.581,34,1.2581,255,255,19
nd1S05044,Right,535554.tiff,19,114.6942,46,95,100,37,0,5.9873,99.715,69,1.4255,255,255,11
nd1S05044,Right,653502.tiff,81,119.4827,41,95,100,26,99,5.102,99.9043,60,1.5335,255,255,24
nd1S05044,Right,655504.tiff,63,115.2312,51,90,100,24,99,5.4391,99.563,72,1.1919,255,255,47
nd1S05044,Right,656697.tiff,20,115.076,40,80,100,42,255,6.0966,255,36,2.3673,255,255,255
nd1S05044,Right,656698.tiff,38,123.0447,41,97,100,30,43,5.5985,99.7986,8,2.0731,255,255,0
nd1S05044,Right,656699.tiff,0,107.386,38,0,0,37,0,255,67.2082,9,255,255,255,255
nd1S05044,Right,656700.tiff,24,118.8718,45,91,100,33,0,5.7088,255,30,1.9715,255,255,255
nd1S05044,Right,658530.tiff,69,112.1507,43,90,100,27,99,5.3695,99.9197,28,1.4295,255,255,14
nd1S05044,Right,658533.tiff,47,118.6823,42,99,100,28,99,5.435,255,7,255,255,255,255
nd1S05044,Right,663790.tiff,44,124.006,52,96,100,22,99,5.3235,255,21,2.0483,255,255,255
nd1S05044,Right,665671.tiff,255,255,255,255,255,255,255,255,255,47,255,255,255,255
nd1S05044,Right,666193.tiff,20,118.6639,52,95,100,29,0,5.3441,255,35,2.1226,255,255,255
nd1S05044,Right,667091.tiff,56,119.1292,45,95,100,24,99,5.4158,99.8381,56,2.3249,255,255,0
nd1S05044,Right,667094.tiff,42,119.7954,46,98,100,28,99,5.3857,255,9,1.263,255,255,255
nd1S05044,Right,668104.tiff,255,255,255,255,255,255,255,255,255,79,255,255,255,255
nd1S05044,Right,669463.tiff,1,109.3517,39,95,100,255,255,2.2725,255,3,2.1118,255,255,255
nd1S05044,Right,669464.tiff,26,110.3435,34,96,100,20,0,5.3116,99.9702,53,2.2639,255,255,0
nd1S05044,Right,935155.tiff,0,116.4304,37,95,22,255,255,255,99.9471,40,1.4699,255,255,255
nd1S05044,Right,935166.tiff,14,106.5116,57,95,100,33,255,5.4288,99.5714,3,1.1386,255,255,255
nd1S05049,Left,660966.tiff,61,131.3967,31,91,100,35,23,5.3096,99.8908,14,1.2853,255,255,8
nd1S05049,Left,660967.tiff,69,131.2791,30,92,100,32,99,5.4996,99.9393,46,1.6603,255,255,14
nd1S05049,Left,660974.tiff,42,108.4668,42,86,51,18,98,5.4806,92.7167,72,1.81,255,255,4
nd1S05049,Left,660977.tiff,9,128.7265,37,91,14,46,255,4.5581,99.7924,22,1.2889,255,255,255
nd1S05049,Left,660978.tiff,0,132.5115,35,92,0,255,255,255,99.8588,40,1.6113,255,255,255
nd1S05049,Left,660979.tiff,1,132.3313,38,92,0,255,255,5.0026,99.9359,55,1.5043,255,255,255
nd1S05049,Left,661873.tiff,11,130.528,32,93,17,40,255,4.9188,99.9103,56,1.148,255,255,255
nd1S05049,Left,662414.tiff,54,128.1666,30,91,100,15,41,5.5891,99.8618,77,1.4307,255,255,31
nd1S05049,Left,662415.tiff,58,127.1891,31,93,100,7,26,5.4236,99.8614,74,1.6414,255,255,20
nd1S05049,Left,662416.tiff,49,129.7202,30,92,100,29,98,4.9413,99.8765,61,1.1899,255,255,28
nd1S05049,Left,662431.tiff,49,127.7517,30,94,100,16,78,5.3032,99.8209,77,1.1365,255,255,41
nd1S05049,Left,664118.tiff,64,132.3119,35,90,100,22,99,5.9257,99.8353,84,1.3239,255,255,51
nd1S05049,Left,665213.tiff,60,132.6345,40,92,100,23,99,5.9162,99.935,66,1.302,255,255,39
nd1S05049,Left,665214.tiff,57,127.145,41,94,100,28,77,5.7257,99.9741,10,1.2609,255,255,6
nd1S05049,Left,665218.tiff,33,130.3754,38,94,100,9,4,5.5716,99.886,13,1.2551,255,255,4
nd1S05049,Left,665968.tiff,56,128.1143,29,89,100,28,58,5.3468,99.915,65,1.3147,255,255,31
nd1S05049,Left,667427.tiff,63,139.7988,34,88,100,62,91,4.1108,99.6717,11,1.4375,255,255,4
nd1S05049,Left,667428.tiff,55,126.5575,30,92,100,24,45,5.3268,99.9014,48,1.3927,255,255,20
nd1S05049,Right,653822.tiff,71,122.6971,38,94,100,33,99,5.3631,99.8154,77,1.1397,255,255,59
nd1S05049,Right,657795.tiff,37,130.9772,36,92,100,16,20,5.4449,99.9456,90,1.4293,255,255,25
nd1S05049,Right,658423.tiff,65,122.8412,33,90,100,30,90,5.6847,99.7548,75,1.3784,255,255,41
nd1S05049,Right,658426.tiff,39,133.3662,31,91,100,15,59,5.4725,99.8804,12,1.3246,255,255,4
nd1S05049,Right,660971.tiff,19,126.4037,35,94,100,40,0,5.5691,99.9255,46,1.8506,255,255,2
nd1S05049,Right,660980.tiff,33,123.8287,36,93,100,33,98,5.0322,99.9164,25,2.0688,255,255,0
nd1S05049,Right,660981.tiff,42,62.4633,74,69,100,0,97,3.8735,255,1,1.4347,255,255,255
nd1S05049,Right,660982.tiff,62,123.9278,39,92,100,48,98,4.6613,99.3872,8,1.3643,255,255,3
nd1S05049,Right,661878.tiff,71,122.8969,33,93,100,35,99,5.2381,99.8567,71,1.3394,255,255,41
nd1S05049,Right,662432.tiff,33,125.9502,32,91,100,18,48,5.6061,99.8412,78,1.6473,255,255,12
nd1S05049,Right,665221.tiff,71,126.4709,37,92,100,46,98,5.1151,99.9505,50,1.2016,255,255,34
nd1S05049,Right,667433.tiff,48,122.8542,27,92,100,22,32,5.2171,99.8808,77,1.481,255,255,24
nd1S05060,Left,660284.tiff,61,111.5638,40,97,100,42,36,5.5748,99.9042,27,1.255,255,255,16
nd1S05060,Left,660285.tiff,44,118.7907,41,96,100,44,29,5.7614,99.8949,15,1.0823,255,255,8
nd1S05060,Left,660286.tiff,73,120.334,39,97,100,34,97,5.7602,99.9107,25,1.4012,255,255,14
nd1S05060,Left,660287.tiff,86,112.3043,42,96,100,44,99,5.6801,99.8704,25,1.3162,255,255,16
nd1S05060,Left,660288.tiff,88,119.2861,41,97,100,42,99,5.8122,99.8584,12,1.0979,255,255,10
nd1S05060,Left,660289.tiff,59,116.7517,41,96,100,38,89,5.7525,99.8747,12,1.1829,255,255,8
nd1S05060,Left,660308.tiff,40,118.5972,56,95,100,41,94,5.3555,99.9318,10,1.0302,255,255,5
nd1S05060,Left,660309.tiff,37,116.4476,58,96,100,50,94,5.2389,99.9529,7,1.0314,255,255,3
nd1S05060,Left,660311.tiff,87,113.3063,53,95,100,52,98,5.372,99.9514,20,1.1218,255,255,16
nd1S05060,Left,660312.tiff,89,118.5683,52,96,100,45,94,5.5841,99.9606,9,1.0394,255,255,8
nd1S05060,Left,660313.tiff,82,117.731,55,97,100,56,98,5.0359,99.8576,9,1.2025,255,255,6
nd1S05060,Right,660290.tiff,96,113.2299,40,95,100,37,97,5.7015,99.8907,33,1.2189,255,255,24
nd1S05060,Right,660291.tiff,95,110.1089,38,95,100,49,98,5.4574,99.9457,12,1.3261,255,255,7
nd1S05060,Right,660292.tiff,79,115.4178,39,95,100,35,97,5.6563,99.9553,17,1.2063,255,255,13
nd1S05060,Right,660293.tiff,35,115.9155,40,95,100,47,0,5.7688,99.9056,17,1.0599,255,255,8
nd1S05060,Right,660294.tiff,65,115.2663,40,94,100,37,99,5.793,99.8886,21,1.2259,255,255,15
nd1S05060,Right,660295.tiff,46,116.0863,39,96,100,39,0,5.683,99.8997,14,1.2214,255,255,7
nd1S05060,Right,660314.tiff,87,114.9268,54,96,81,47,98,5.5699,99.9544,17,1.3025,255,255,11
nd1S05060,Right,660315.tiff,88,116.4152,53,91,40,49,98,5.492,99.9488,28,1.2107,255,255,10
nd1S05060,Right,660316.tiff,80,115.4868,54,96,66,53,98,5.2102,99.8713,20,1.1717,255,255,12
nd1S05060,Right,660317.tiff,41,114.1148,57,97,100,32,95,5.9037,99.9598,26,1.0325,255,255,14
nd1S05060,Right,660318.tiff,75,112.9579,57,94,94,44,98,5.4076,99.9321,33,1.0225,255,255,29
nd1S05060,Right,660319.tiff,29,116.0275,53,96,100,45,11,5.2529,99.9383,15,1.1011,255,255,5
nd1S05062,Left,656708.tiff,17,107.6538,57,93,100,31,98,5.5899,255,56,2.0329,255,255,255
nd1S05062,Left,658865.tiff,0,105.5208,52,92,100,255,255,255,255,55,1.5092,255,255,255
nd1S05062,Left,659258.tiff,30,109.7791,48,94,100,41,18,5.3118,99.8751,18,1.905,255,255,1
nd1S05062,Left,659259.tiff,23,105.8467,48,95,100,42,0,5.3085,99.706,74,2.3858,255,255,0
nd1S05062,Left,659263.tiff,45,109.3555,47,95,100,36,92,5.9917,255,51,2.4616,255,255,255
nd1S05062,Left,667270.tiff,4,112.1893,49,96,100,94,255,4.8667,99.7421,8,1.2762,255,255,255
nd1S05062,Left,668167.tiff,33,111.1508,44,95,100,38,60,5.437,99.6896,72,1.403,255,255,18
nd1S05062,Right,655659.tiff,17,110.5404,62,95,100,31,0,5.5684,99.709,89,2.1474,255,255,0
nd1S05062,Right,655661.tiff,12,110.1287,64,98,100,61,0,5.3438,255,76,1.8119,255,255,255
nd1S05062,Right,656710.tiff,20,112.5706,52,96,100,9,0,5.4258,255,7,1.2241,255,255,255
nd1S05062,Right,656711.tiff,9,113.2569,48,97,100,91,255,4.3193,255,4,1.2074,255,255,255
nd1S05062,Right,656713.tiff,30,118.1647,50,97,100,23,27,5.1546,255,8,1.2434,255,255,255
nd1S05062,Right,658866.tiff,5,102.5991,41,98,100,35,255,5.2021,99.954,75,1.553,255,255,255
nd1S05062,Right,658870.tiff,0,111.8095,44,96,75,255,255,255,99.4327,5,1.1545,255,255,255
nd1S05062,Right,658871.tiff,0,111.9086,42,97,100,255,255,255,99.8943,18,1.1815,255,255,255
nd1S05062,Right,659266.tiff,68,104.3711,46,97,100,33,75,5.2616,99.8786,15,1.7818,255,255,3
nd1S05062,Right,664182.tiff,16,107.0814,52,97,100,57,0,5.1645,99.7558,91,2.0657,255,255,0
nd1S05062,Right,664183.tiff,0,101.6232,53,99,100,255,255,255,99.9135,3,1.5486,255,255,255
nd1S05062,Right,665681.tiff,2,102.5648,46,96,100,255,255,5.3036,99.7848,6,1.1602,255,255,255
nd1S05062,Right,668168.tiff,14,106.9632,44,96,100,56,255,5.3346,99.9146,76,1.3762,255,255,255
nd1S05062,Right,668171.tiff,77,106.8343,45,95,100,41,99,5.2873,99.8906,84,1.2588,255,255,55
nd1S05062,Right,668173.tiff,37,111.8499,43,95,100,47,93,4.7281,99.899,68,1.1709,255,255,23
nd1S05064,Left,654016.tiff,33,111.5027,44,95,100,30,11,5.3406,99.8321,49,1.4584,255,255,11
nd1S05064,Left,654017.tiff,31,115.3903,43,95,100,25,10,5.0054,91.0393,50,1.3703,255,255,11
nd1S05064,Left,654018.tiff,26,112.8172,45,96,100,29,0,5.3392,99.8361,72,1.2629,255,255,18
nd1S05064,Right,654021.tiff,72,108.991,42,96,100,32,99,4.7851,99.9679,4,1.0995,255,255,3
nd1S05064,Right,654022.tiff,72,110.062,40,97,100,32,99,5.1579,99.9398,70,1.5474,255,255,27
nd1S05064,Right,654026.tiff,63,108.0659,44,98,100,26,99,5.3455,99.7798,60,1.654,255,255,17
nd1S05091,Right,653952.tiff,38,124.0345,51,94,100,36,41,5.6657,99.9725,46,1.1845,255,255,19
nd1S05091,Right,655799.tiff,46,126.5001,61,97,100,42,98,5.0491,99.8704,9,1.1137,255,255,4
nd1S05091,Right,658782.tiff,44,117.0992,37,95,100,38,3,5.4733,99.9593,47,1.3278,255,255,18
nd1S05091,Right,658784.tiff,36,118.5447,38,94,100,45,3,5.5289,99.9724,36,1.4976,255,255,9
nd1S05091,Right,660180.tiff,78,114.9594,59,95,100,64,96,4.8258,99.8093,11,1.0728,255,255,8
nd1S05091,Right,660181.tiff,60,122.7761,48,86,100,19,5,6.24,255,21,1.2584,255,255,255
nd1S05091,Right,661951.tiff,78,123.6206,39,93,100,45,99,5.1516,99.9507,27,1.391,255,255,14
nd1S05091,Right,662949.tiff,74,120.8451,43,94,100,42,99,5.5958,99.9647,50,1.2775,255,255,34
nd1S05091,Right,664468.tiff,67,118.6359,62,97,100,41,99,5.9501,99.6496,38,1.2513,255,255,27
nd1S05091,Right,664471.tiff,28,123.1244,63,96,100,32,99,5.5331,95.7321,31,1.0923,255,255,10
nd1S05096,Left,655287.tiff,11,107.4907,57,95,100,44,255,4.4931,255,5,1.1457,255,255,255
nd1S05096,Left,655292.tiff,23,115.9514,54,97,100,38,0,4.9242,96.3449,59,1.3088,255,255,11
nd1S05096,Left,659250.tiff,23,122.9369,46,94,100,36,0,5.0543,99.968,8,1.1728,255,255,2
nd1S05096,Left,659271.tiff,35,110.0712,38,91,100,28,0,6.3657,99.6691,48,2.0969,255,255,0
nd1S05096,Left,659272.tiff,48,110.308,42,94,100,37,37,5.726,99.6464,42,1.9345,255,255,2
nd1S05096,Left,659273.tiff,53,111.7725,42,93,100,37,67,5.9387,99.8247,77,2.2171,255,255,0
nd1S05096,Left,659274.tiff,35,111.7942,37,90,100,29,0,6.3622,99.8185,65,2.397,255,255,0
nd1S05096,Left,661217.tiff,25,117.9273,47,96,100,30,0,5.4145,99.9065,35,1.2136,255,255,9
nd1S05096,Left,665440.tiff,19,116.9019,59,99,100,36,0,4.9765,255,63,1.4421,255,255,255
nd1S05096,Left,665975.tiff,51,108.7038,47,94,100,37,99,5.5804,99.5236,63,2.296,255,255,0
nd1S05096,Left,665976.tiff,53,98.4458,45,96,100,26,73,5.825,99.7557,68,2.3009,255,255,0
nd1S05096,Left,665977.tiff,47,104.7785,45,94,100,38,82,6.249,99.8705,92,2.3894,255,255,0
nd1S05096,Left,665978.tiff,49,103.9538,47,95,100,32,71,5.4253,99.7134,65,2.1869,255,255,0
nd1S05096,Left,665979.tiff,45,101.6508,45,95,100,21,19,5.8875,99.8899,91,2.4591,255,255,0
nd1S05096,Left,665980.tiff,53,105.0183,44,95,100,33,87,6.1545,98.9697,81,2.0228,255,255,0
nd1S05096,Left,666307.tiff,45,112.9506,48,94,100,32,16,5.6375,255,54,1.2412,255,255,255
nd1S05096,Right,656789.tiff,52,120.6576,44,92,100,23,2,5.1598,99.8574,8,1.1546,255,255,4
nd1S05096,Right,658450.tiff,60,109.4427,41,92,100,36,99,5.6662,255,78,1.0914,255,255,255
nd1S05096,Right,659256.tiff,65,117.7913,43,93,100,29,99,5.0473,99.9701,7,1.1483,255,255,5
nd1S05096,Right,659276.tiff,38,113.8754,40,94,100,24,9,6.2082,255,81,1.9642,255,255,255
nd1S05096,Right,659277.tiff,34,111.186,47,89,100,32,1,6.4329,99.2442,50,1.8166,255,255,4
nd1S05096,Right,659278.tiff,27,113.7612,41,93,100,40,0,4.9693,99.9275,51,1.4717,255,255,9
nd1S05096,Right,659279.tiff,27,121.851,35,88,100,28,0,6.1665,99.7151,87,1.7601,255,255,8
nd1S05096,Right,659280.tiff,33,113.0778,49,81,100,32,0,6.587,87.3789,86,1.6649,255,255,11
nd1S05096,Right,659281.tiff,27,110.6909,40,94,100,39,0,5.1255,99.9328,64,1.2539,255,255,16
nd1S05096,Right,663930.tiff,18,117.6293,59,94,100,40,0,5.57,99.8539,13,1.1256,255,255,3
nd1S05096,Right,665446.tiff,19,120.9856,59,97,100,29,0,5.0228,255,54,1.1212,255,255,255
nd1S05096,Right,665981.tiff,49,119.8701,40,87,100,32,60,6.1114,99.7392,89,2.3281,255,255,0
nd1S05096,Right,665986.tiff,57,109.5496,42,93,100,26,99,5.4394,99.5675,91,3.1198,255,255,0
nd1S05096,Right,666313.tiff,24,119.0634,48,95,100,33,0,5.0781,99.1139,35,1.1314,255,255,9
nd1S05129,Right,170247.tiff,47,108.7405,48,96,100,36,99,5.2463,97.344,49,1.3105,255,255,19
nd1S05129,Right,170248.tiff,56,110.1582,45,89,100,29,99,5.2171,99.9202,59,1.285,255,255,29
nd1S05129,Right,170258.tiff,11,113.1496,46,95,100,59,255,5.7862,255,8,1.2465,255,255,255
nd1S05129,Right,654809.tiff,9,75.6463,46,5,100,59,0,4.7438,255,12,1.9154,255,255,255
nd1S05133,Right,662216.tiff,57,119.1136,43,97,100,34,76,5.5769,99.8111,12,1.157,255,255,8
nd1S05133,Right,662217.tiff,45,117.1212,41,97,100,41,5,5.8936,99.8145,50,1.1551,255,255,27
nd1S05133,Right,662219.tiff,48,115.1925,38,98,100,45,0,5.7482,99.8566,44,1.171,255,255,24
nd1S05133,Right,662822.tiff,31,115.671,41,96,100,51,0,5.4921,99.8493,28,1.1924,255,255,9
nd1S05133,Right,663953.tiff,0,55.8283,59,38,100,255,255,255,255,9,255,255,255,255
nd1S05133,Right,663954.tiff,30,117.2781,57,99,100,40,27,5.9714,98.909,17,1.6976,255,255,2
nd1S05133,Right,663955.tiff,55,121.9485,52,94,100,47,98,5.7018,89.5218,33,1.3626,255,255,14
nd1S05133,Right,663956.tiff,16,110.6347,58,99,100,48,0,5.1166,99.2385,16,1.4335,255,255,2
nd1S05133,Right,663958.tiff,35,120.7494,57,97,100,40,99,6.0304,99.6343,15,1.2008,255,255,6
nd1S05165,Left,259992.tiff,85,132.5763,44,89,100,36,68,5.9683,99.941,83,255,255,255,255
nd1S05165,Left,262918.tiff,8,113.877,59,84,100,76,255,4.8918,88.3488,65,1.2879,255,255,255
nd1S05165,Left,262919.tiff,23,122.4964,48,88,100,61,0,5.6041,99.9154,29,1.4035,255,255,5
nd1S05165,Left,262920.tiff,6,118.8538,57,89,100,54,255,5.6899,97.2221,57,1.4064,255,255,255
nd1S05165,Left,262922.tiff,30,122.7049,49,91,100,45,32,5.7973,99.9397,23,1.3811,255,255,6
nd1S05165,Left,262923.tiff,21,116.0722,52,94,100,50,0,5.8376,99.8266,22,1.9524,255,255,0
nd1S05165,Left,262924.tiff,30,123.5639,48,89,100,46,13,5.969,99.9263,11,1.2721,255,255,3
nd1S05165,Left,262926.tiff,25,119.7397,54,83,100,53,0,5.9362,255,40,1.4225,255,255,255
nd1S05213,Left,231691.tiff,56,110.3652,41,97,100,39,97,5.7942,99.7824,24,1.5122,255,255,9
nd1S05213,Left,234224.tiff,26,106.7868,43,99,100,38,0,5.6069,99.8814,72,1.3172,255,255,17
nd1S05213,Left,237928.tiff,23,110.1597,49,96,100,28,0,5.4458,99.9055,80,1.1857,255,255,19
nd1S05213,Left,240021.tiff,64,110.5031,43,94,100,38,68,5.904,99.8829,87,255,255,255,255
nd1S05213,Left,243087.tiff,78,122.0481,41,98,100,44,70,6.0091,99.9307,87,255,255,255,255
nd1S05213,Left,244618.tiff,26,112.2409,40,94,100,39,0,5.4888,99.8766,72,1.5692,255,255,11
nd1S05213,Left,410923.tiff,48,114.6715,43,95,100,33,99,5.4037,255,18,1.7386,255,255,255
nd1S05213,Left,656291.tiff,35,115.1058,50,100,100,38,99,6.1024,255,14,1.3135,255,255,255
nd1S05213,Left,661455.tiff,66,108.1957,39,97,100,32,99,5.4163,99.8141,71,1.4293,255,255,34
nd1S05213,Left,661461.tiff,22,117.9565,42,95,100,39,0,5.4938,255,2,1.3611,255,255,255
nd1S05213,Left,662393.tiff,41,101.9919,40,95,100,26,2,5.4788,99.9065,21,1.1134,255,255,10
nd1S05213,Left,665865.tiff,46,117.293,49,99,100,32,99,5.7617,99.8932,29,1.5838,255,255,8
nd1S05213,Left,665866.tiff,19,94.1331,48,99,100,62,0,5.3936,99.8213,2,1.2232,255,255,0
nd1S05213,Left,665869.tiff,3,109.6176,51,94,100,85,255,5.0163,255,7,1.8875,255,255,255
nd1S05213,Left,666764.tiff,57,43.9182,61,12,100,13,99,5.2881,255,18,255,255,255,255
nd1S05213,Left,666766.tiff,41,114.619,48,90,100,41,99,6.0873,60.5422,13,1.2871,255,255,3
nd1S05213,Left,667932.tiff,58,114.6848,47,94,100,33,99,5.6477,99.9061,12,1.3631,255,255,6
nd1S05213,Left,668989.tiff,19,111.951,36,83,100,55,0,5.6045,99.1608,2,255,255,255,255
nd1S05213,Left,668992.tiff,62,107.9263,40,98,100,36,99,5.7776,99.907,62,1.4924,255,255,27
nd1S05214,Right,653773.tiff,85,118.8839,48,95,100,28,99,5.5986,99.8054,96,1.5581,255,255,40
nd1S05214,Right,655825.tiff,54,113.1047,59,95,100,20,99,5.5413,99.9295,94,1.1195,255,255,59
nd1S05214,Right,655826.tiff,62,111.4441,61,93,100,20,96,5.5679,99.8443,94,1.23,255,255,59
nd1S05214,Right,658438.tiff,50,110.0767,36,95,100,21,0,5.7698,99.8684,95,1.3613,255,255,42
nd1S05214,Right,660632.tiff,51,118.1246,43,96,100,26,9,5.4989,99.6685,89,1.3154,255,255,41
nd1S05214,Right,660641.tiff,59,116.4988,45,97,100,24,76,5.5616,99.4329,79,1.9762,255,255,1
nd1S05214,Right,660642.tiff,0,79.9465,53,80,100,255,255,255,90.5225,65,2.1301,255,255,255
nd1S05214,Right,660643.tiff,47,112.7388,42,97,100,23,8,5.7302,99.7747,89,2.4751,255,255,0
nd1S05214,Right,660644.tiff,96,116.7188,45,96,100,28,80,5.5476,99.8527,76,1.9366,255,255,4
nd1S05214,Right,660645.tiff,27,100.8119,50,0,100,0,24,6.1387,255,87,2.4306,255,255,255
nd1S05214,Right,660646.tiff,72,117.5464,43,98,100,48,97,4.8784,99.8154,32,2.0023,255,255,0
nd1S05216,Left,660541.tiff,29,122.7806,53,93,100,38,99,6.148,98.9315,6,1.3822,255,255,2
nd1S05216,Left,660542.tiff,50,119.2844,49,94,100,41,99,5.6941,255,41,1.4266,255,255,255
nd1S05216,Left,660543.tiff,55,129.1391,47,94,100,41,99,5.6049,99.7167,6,1.1222,255,255,4
nd1S05216,Left,660544.tiff,8,100.3014,45,67,100,47,255,5.774,255,13,1.1615,255,255,255
nd1S05216,Left,660555.tiff,39,119.036,46,97,100,53,85,5.513,255,46,1.8405,255,255,255
nd1S05216,Left,660556.tiff,29,127.2854,47,94,100,32,25,5.8875,99.9072,4,1.0333,255,255,2
nd1S05216,Left,660567.tiff,53,123.3165,55,96,100,53,94,5.0682,255,9,1.4019,255,255,255
nd1S05216,Right,660545.tiff,33,108.5955,47,94,100,36,24,5.564,99.8653,40,1.3097,255,255,12
nd1S05216,Right,660547.tiff,35,127.947,49,96,100,38,94,5.9603,255,13,1.6636,255,255,255
nd1S05216,Right,660550.tiff,18,127.0653,48,93,100,62,0,5.2698,255,21,1.5301,255,255,255
nd1S05216,Right,660560.tiff,44,122.533,47,95,100,56,98,5.0833,255,21,1.7943,255,255,255
nd1S05216,Right,660561.tiff,51,124.4285,47,93,100,54,95,5.8965,89.0422,20,255,255,255,255
nd1S05216,Right,660573.tiff,37,121.139,58,96,100,57,96,4.7644,97.514,33,1.2963,255,255,10
nd1S05216,Right,660574.tiff,46,123.411,58,97,100,58,95,4.53,255,27,1.3307,255,255,255
nd1S05244,Left,228389.tiff,87,112.3012,40,93,100,27,81,5.4246,99.9618,53,2.7746,255,255,0
nd1S05244,Left,229053.tiff,42,120.945,44,95,100,30,87,5.4983,99.9435,63,1.3129,255,255,24
nd1S05244,Left,229055.tiff,19,120.4341,47,95,100,39,23,5.0512,95.1462,6,1.316,255,255,1
nd1S05244,Left,230995.tiff,39,117.1203,40,91,100,33,91,5.3144,99.9239,51,1.2907,255,255,18
nd1S05244,Left,244593.tiff,72,128.6073,47,94,100,39,99,5.7134,99.9045,5,1.177,255,255,4
nd1S05244,Left,254819.tiff,20,121.8149,44,94,100,36,28,5.2214,86.9721,53,1.3387,255,255,8
nd1S05244,Left,259840.tiff,91,117.972,39,92,100,27,80,5.4211,99.9564,82,255,255,255,255
nd1S05244,Left,262279.tiff,37,119.6958,48,94,100,39,67,5.7061,255,29,1.4867,255,255,255
nd1S05244,Left,276920.tiff,25,118.99,43,93,100,39,0,5.3955,255,32,255,255,255,255
nd1S05244,Left,281189.tiff,25,122.7777,46,93,100,27,8,5.1397,99.9712,4,1.6572,255,255,0
nd1S05244,Left,303644.tiff,255,255,255,255,255,255,255,255,255,2,255,255,255,255
nd1S05244,Left,387299.tiff,60,121.5269,46,95,100,37,99,5.2334,99.8094,15,1.2824,255,255,8
nd1S05244,Left,410846.tiff,24,124.2093,46,92,100,30,96,5.1117,255,35,1.1936,255,255,255
nd1S05244,Left,410850.tiff,25,127.0488,49,92,100,28,0,5.0859,99.945,6,1.5591,255,255,1
nd1S05244,Left,446100.tiff,46,126.3131,46,91,100,27,99,5.1922,255,3,1.1571,255,255,255
nd1S05244,Left,446102.tiff,49,124.3251,51,95,100,25,99,4.9635,99.6286,62,1.4682,255,255,19
nd1S05244,Left,529525.tiff,82,134.4001,36,91,100,24,76,5.2893,99.9722,72,2.0782,255,255,0
nd1S05244,Left,530323.tiff,52,124.0744,45,96,100,33,99,5.4258,255,8,255,255,255,255
nd1S05244,Left,530325.tiff,54,122.1993,48,98,100,38,99,5.2909,98.1109,14,1.4224,255,255,5
nd1S05244,Left,653673.tiff,43,114.2576,33,91,100,40,99,4.6874,255,12,1.1994,255,255,255
nd1S05244,Left,653685.tiff,45,120.0343,56,96,100,44,99,5.8718,255,35,1.392,255,255,255
nd1S05244,Left,658223.tiff,61,125.3895,42,95,100,33,99,5.4843,99.342,11,1.0663,255,255,8
nd1S05244,Left,659367.tiff,28,111.0124,42,96,100,31,0,5.9554,99.8293,55,1.4258,255,255,13
nd1S05244,Left,659371.tiff,24,115.213,45,96,100,35,0,5.2074,255,39,1.519,255,255,255
nd1S05244,Left,661811.tiff,52,124.6637,47,95,100,42,99,5.8362,255,6,1.6522,255,255,255
nd1S05244,Left,661812.tiff,57,133.505,44,95,100,38,99,5.2598,99.678,6,1.2679,255,255,3
nd1S05244,Left,661813.tiff,47,118.4149,55,90,100,32,99,5.2362,255,24,1.3546,255,255,255
nd1S05244,Left,661816.tiff,26,125.3957,49,94,100,32,0,5.2666,255,6,1.0401,255,255,255
nd1S05244,Left,663348.tiff,69,123.9698,40,95,100,40,99,5.2866,99.9171,5,1.0557,255,255,4
nd1S05244,Left,663350.tiff,61,117.9571,41,93,100,34,99,5.525,99.8355,62,1.2506,255,255,37
nd1S05244,Left,663351.tiff,57,126.6105,42,92,100,39,99,5.2862,99.8712,6,1.1241,255,255,4
nd1S05244,Right,229059.tiff,50,112.0177,44,95,100,38,99,5.0393,99.9162,26,1.5312,255,255,7
nd1S05244,Right,230229.tiff,75,136.8533,39,95,100,24,82,5.0322,99.7914,83,4.3242,255,255,0
nd1S05244,Right,231003.tiff,14,113.8317,44,88,100,49,0,5.4613,255,54,1.543,255,255,255
nd1S05244,Right,262291.tiff,58,118.6958,46,93,100,34,99,5.4232,99.7386,74,1.3796,255,255,34
nd1S05244,Right,262298.tiff,44,116.3485,38,77,100,27,69,5.0934,255,31,255,255,255,255
nd1S05244,Right,281200.tiff,29,114.8485,42,73,100,33,81,5.7845,92.7143,37,1.2515,255,255,8
nd1S05244,Right,303662.tiff,28,121.8938,35,48,100,52,255,6.1848,255,15,255,255,255,255
nd1S05244,Right,306573.tiff,30,117.7045,47,86,100,43,99,5.5212,255,61,1.2637,255,255,255
nd1S05244,Right,387310.tiff,41,125.9148,34,93,100,33,94,5.4761,255,54,1.2601,255,255,255
nd1S05244,Right,529532.tiff,80,120.3371,38,95,100,19,60,4.7368,99.9242,56,1.9953,255,255,0
nd1S05244,Right,653684.tiff,31,111.7667,39,97,100,31,0,4.9288,99.8743,66,1.366,255,255,15
nd1S05244,Right,655348.tiff,23,123.3277,62,95,100,29,50,5.5962,255,60,1.2845,255,255,255
nd1S05244,Right,656852.tiff,26,122.7488,54,93,100,23,0,4.7717,255,7,1.664,255,255,255
nd1S05244,Right,658229.tiff,40,123.0372,39,87,100,33,99,5.5102,255,54,1.5346,255,255,255
nd1S05244,Right,659373.tiff,31,110.7227,49,86,100,31,0,5.6594,255,42,1.4658,255,255,255
nd1S05244,Right,659376.tiff,38,105.9421,49,74,100,26,0,5.6928,255,51,1.2727,255,255,255
nd1S05244,Right,661822.tiff,41,123.3079,42,94,100,45,70,6.0375,255,10,1.3051,255,255,255
nd1S05244,Right,663358.tiff,44,121.8133,47,87,100,47,99,6.1162,255,15,1.1463,255,255,255
nd1S05246,Right,873455.tiff,34,109.4058,38,97,100,26,0,4.6365,99.4831,11,1.6974,255,255,1
nd1S05246,Right,943613.tiff,71,144.683,31,94,100,45,97,5.4523,99.881,60,1.1481,255,255,46
nd1S05246,Right,944600.tiff,53,107.1127,34,90,100,33,0,4.8762,99.3886,26,1.8711,255,255,2
nd1S05246,Right,945720.tiff,42,118.3024,36,84,100,27,57,5.4385,99.2161,82,4.9974,255,255,0
nd1S05246,Right,945721.tiff,71,123.1412,33,95,100,32,66,5.2554,99.7316,85,4.6235,255,255,0
nd1S05246,Right,947147.tiff,75,43.3041,65,60,100,2,17,4.1117,98.8521,1,1.9879,255,255,0
nd1S05246,Right,947156.tiff,58,62.7523,33,94,100,17,0,5.0227,99.8735,2,1.4517,255,255,1
nd1S05246,Right,968898.tiff,65,61.5111,34,87,100,18,0,4.8052,99.6114,7,1.273,255,255,3
nd1S05246,Right,970329.tiff,59,52.2624,66,72,100,12,2,3.7725,98.7062,0,1.6584,255,255,0
nd1S05246,Right,971416.tiff,47,135.2265,46,82,100,27,95,5.2255,80.945,47,1.4226,255,255,12
nd1S05246,Right,972226.tiff,38,105.7488,40,85,100,30,0,4.2588,255,5,1.3068,255,255,255
nd1S05249,Right,655421.tiff,85,112.295,51,96,100,44,92,6.1153,99.9216,11,1.0888,255,255,10
nd1S05249,Right,657291.tiff,27,116.9717,51,94,100,44,24,5.5784,99.9106,46,1.066,255,255,15
nd1S05249,Right,657292.tiff,19,116.009,52,95,100,48,0,5.5997,98.0191,6,1.2193,255,255,1
nd1S05249,Right,657293.tiff,29,85.1431,63,78,0,49,0,5.6369,255,10,1.1249,255,255,255
nd1S05249,Right,658499.tiff,51,108.3886,37,96,100,29,0,5.5796,99.9492,77,1.1081,255,255,47
nd1S05249,Right,661805.tiff,91,105.6476,40,94,100,52,98,5.3474,99.9625,52,1.0568,255,255,44
nd1S05249,Right,661808.tiff,77,110.1711,40,96,100,43,99,5.5926,99.9751,19,1.0525,255,255,17
nd1S05249,Right,663157.tiff,67,108.2712,37,94,100,28,7,5.5049,99.9086,60,1.0978,255,255,47
nd1S05249,Right,664721.tiff,10,115.2329,56,97,100,64,0,4.9854,99.9269,8,1.1267,255,255,1
nd1S05249,Right,664723.tiff,14,115.6223,56,95,100,79,0,4.8447,99.8482,6,1.0883,255,255,1
nd1S05256,Left,236019.tiff,90,120.9461,38,96,100,35,63,5.7101,99.8918,89,3.907,255,255,0
nd1S05256,Left,237385.tiff,56,124.2443,42,95,100,23,99,5.9181,99.939,77,1.2374,255,255,46
nd1S05256,Left,237387.tiff,56,119.748,42,95,100,40,99,6.0045,99.7862,33,1.1775,255,255,22
nd1S05256,Left,237388.tiff,70,124.8094,42,93,100,34,99,5.9019,99.9435,64,1.1933,255,255,51
nd1S05256,Left,240295.tiff,90,129.6089,36,95,100,41,65,5.9566,99.9495,75,2.6213,255,255,0
nd1S05256,Left,241440.tiff,78,125.6407,40,94,100,33,99,5.7297,99.9782,9,1.0855,255,255,8
nd1S05256,Left,243101.tiff,89,140.9404,33,95,100,53,66,6.1184,99.9671,86,255,255,255,255
nd1S05256,Left,244650.tiff,52,129.4603,43,94,100,32,57,5.6144,99.9605,5,1.0305,255,255,3
nd1S05256,Left,654209.tiff,52,128.3398,46,92,100,51,98,5.6554,99.9257,7,1.076,255,255,5
nd1S05256,Left,655461.tiff,83,120.9908,47,95,100,41,99,5.8757,99.9267,31,1.1397,255,255,26
nd1S05256,Left,655462.tiff,41,122.2185,50,93,100,40,96,6.0042,255,6,255,255,255,255
nd1S05256,Left,655463.tiff,83,129.6091,48,95,100,49,99,5.8688,99.9626,15,1.048,255,255,14
nd1S05256,Left,658611.tiff,56,120.6141,37,91,100,42,99,5.8015,99.9289,44,1.3912,255,255,21
nd1S05256,Left,658613.tiff,60,119.4341,39,93,100,41,93,5.9257,99.9364,28,1.2199,255,255,18
nd1S05256,Left,659331.tiff,43,133.2502,44,94,100,30,19,5.8205,99.9241,55,1.1838,255,255,27
nd1S05256,Left,659334.tiff,61,126.899,46,96,100,30,99,5.7396,99.8443,6,1.0098,255,255,5
nd1S05260,Right,660782.tiff,26,119.0358,47,96,100,33,1,5.2583,99.7249,5,1.1086,255,255,1
nd1S05260,Right,660785.tiff,65,113.4948,36,94,100,35,80,5.3024,99.8665,71,1.3838,255,255,36
nd1S05260,Right,660794.tiff,50,105.9608,43,92,100,34,66,5.0557,99.9435,68,2.0895,255,255,0
nd1S05260,Right,660797.tiff,70,111.2514,43,93,100,32,95,5.0279,99.9809,66,2.5557,255,255,0
nd1S05260,Right,662146.tiff,41,115.1049,49,95,100,29,99,5.5426,255,26,1.1464,255,255,255
nd1S05260,Right,662148.tiff,65,120.3326,38,93,100,38,99,5.3882,99.9547,16,1.2189,255,255,10
nd1S05260,Right,665463.tiff,18,108.9487,56,94,100,48,0,5.9645,255,9,1.1762,255,255,255
nd1S05260,Right,665465.tiff,51,115.405,59,97,100,59,98,5.264,255,45,1.1335,255,255,255
nd1S05260,Right,665470.tiff,45,119.2064,61,94,100,37,99,5.8909,255,51,1.2771,255,255,255
nd1S05260,Right,667529.tiff,58,118.6689,51,95,100,35,99,5.3226,28.3562,51,1.2974,255,255,7
nd1S05260,Right,668695.tiff,46,113.0769,49,95,100,45,99,5.8527,255,10,255,255,255,255
nd1S05260,Right,669715.tiff,255,255,255,255,255,255,255,255,255,17,255,255,255,255
nd1S05260,Right,669718.tiff,56,110.7388,42,96,100,38,99,5.9057,255,45,1.3954,255,255,255
nd1S05269,Left,659402.tiff,27,111.6122,45,95,100,37,0,6.2711,99.782,38,2.1658,255,255,0
nd1S05269,Left,659403.tiff,27,122.2451,42,89,100,23,0,6.3652,99.4708,9,1.2436,255,255,3
nd1S05269,Left,659404.tiff,42,118.9099,46,94,100,39,26,5.6233,99.7128,23,1.9687,255,255,0
nd1S05269,Left,659408.tiff,59,118.7989,45,97,100,38,90,5.3077,99.754,11,1.1065,255,255,7
nd1S05269,Left,659410.tiff,82,120.0117,46,96,100,57,98,4.9361,99.731,8,1.0391,255,255,6
nd1S05269,Left,659417.tiff,27,118.677,39,96,100,50,0,6.2016,99.8192,43,1.3161,255,255,11
nd1S05269,Left,659419.tiff,26,120.3654,42,94,100,56,6,5.3016,99.7349,6,1.2985,255,255,1
nd1S05269,Left,659420.tiff,69,123.7787,39,93,100,34,83,6.1404,99.9393,18,2.0354,255,255,0
nd1S05269,Left,659421.tiff,79,116.3015,39,91,100,23,49,6.2696,99.5177,21,1.9398,255,255,1
nd1S05269,Left,659422.tiff,59,120.5804,43,95,100,41,58,5.3753,99.8079,9,1.7207,255,255,2
nd1S05269,Right,659413.tiff,44,121.01,46,95,100,44,73,4.7725,99.8209,20,1.7879,255,255,2
nd1S05269,Right,659415.tiff,83,120.695,46,95,100,41,84,5.3903,99.8852,11,1.3269,255,255,7
nd1S05269,Right,659423.tiff,84,113.138,42,96,100,38,73,6.1938,99.967,29,1.9393,255,255,2
nd1S05269,Right,659425.tiff,72,109.4485,44,96,100,53,98,4.9992,99.9575,58,2.2541,255,255,0
nd1S05269,Right,659426.tiff,44,110.3945,43,95,100,34,24,6.0931,99.8154,61,2.547,255,255,0
nd1S05269,Right,659428.tiff,83,114.9009,41,92,100,36,72,5.5237,99.893,56,2.0987,255,255,0
nd1S05270,Left,235775.tiff,86,135.2092,32,96,100,46,70,5.9682,99.9608,46,3.023,255,255,0
nd1S05270,Left,236894.tiff,82,124.2902,35,97,100,35,99,5.4848,99.9131,15,1.1052,255,255,12
nd1S05270,Left,236895.tiff,42,119.9758,35,95,100,40,14,5.5105,99.8874,19,1.2039,255,255,8
nd1S05270,Left,254100.tiff,87,137.2725,34,97,100,49,70,5.9978,99.9605,80,255,255,255,255
nd1S05270,Left,257823.tiff,66,121.194,32,94,100,18,19,5.6594,99.93,6,1.1502,255,255,5
nd1S05270,Left,257825.tiff,45,121.8755,34,95,100,36,12,5.5912,99.9194,8,1.0267,255,255,5
nd1S05270,Left,257843.tiff,70,124.4918,32,94,100,29,62,5.5354,99.9175,4,1.055,255,255,3
nd1S05270,Left,279604.tiff,39,123.7296,37,95,100,31,11,5.4189,99.9042,6,1.1021,255,255,3
nd1S05270,Left,530580.tiff,46,123.364,29,95,100,29,0,5.7053,99.9512,7,1.1188,255,255,4
nd1S05270,Left,593151.tiff,76,127.3611,29,94,100,36,90,5.1724,99.9457,19,1.2684,255,255,12
nd1S05270,Left,593158.tiff,4,92.763,44,79,100,53,255,5.3627,255,8,255,255,255,255
nd1S05270,Left,605851.tiff,65,129.6668,29,96,100,18,11,5.1763,99.94,11,1.101,255,255,8
nd1S05270,Left,605853.tiff,50,121.7809,27,95,100,35,0,5.2915,99.9508,9,1.1813,255,255,5
nd1S05270,Left,659431.tiff,28,124.6169,37,93,100,35,0,5.2518,99.9034,8,1.0269,255,255,3
nd1S05270,Left,659433.tiff,36,127.6368,35,94,100,34,12,5.5521,99.8651,6,1.0574,255,255,3
nd1S05270,Left,659441.tiff,34,121.3985,33,94,100,34,5,5.4459,99.9201,46,2.0619,255,255,0
nd1S05270,Left,659443.tiff,40,125.0746,35,95,100,45,8,5.3634,99.8561,29,2.0314,255,255,0
nd1S05270,Left,659444.tiff,44,122.4845,32,95,100,32,3,5.4978,99.9419,20,2.0313,255,255,0
nd1S05270,Left,659445.tiff,35,127.8936,33,93,100,32,2,5.2341,97.5514,17,1.9128,255,255,1
nd1S05270,Right,235774.tiff,90,135.4824,41,98,100,33,68,5.3259,99.9735,84,255,255,255,255
nd1S05270,Right,236899.tiff,81,116.4638,36,96,100,35,99,5.2137,99.9518,19,1.2427,255,255,12
nd1S05270,Right,236900.tiff,30,115.6188,37,95,100,33,0,5.4728,99.9009,11,1.3132,255,255,3
nd1S05270,Right,257848.tiff,61,119.0048,35,94,100,25,15,5.4748,99.9033,26,1.0631,255,255,19
nd1S05270,Right,257852.tiff,61,116.7757,34,96,100,29,14,5.2848,99.9322,32,1.1725,255,255,20
nd1S05270,Right,397282.tiff,88,117.3326,33,94,100,35,97,5.3815,99.9504,26,1.3977,255,255,14
nd1S05270,Right,432363.tiff,53,122.6472,37,92,100,42,93,5.378,99.4545,5,255,255,255,255
nd1S05270,Right,432365.tiff,81,119.4074,33,96,100,40,99,5.0381,99.9475,13,255,255,255,255
nd1S05270,Right,432369.tiff,75,119.6152,34,94,100,30,96,5.495,99.9472,26,1.3464,255,255,16
nd1S05270,Right,433998.tiff,23,128.5636,37,97,100,43,255,5.6137,96.5464,64,4.6967,255,255,255
nd1S05270,Right,451849.tiff,48,116.1558,33,92,100,28,11,5.5352,99.9096,24,1.1287,255,255,13
nd1S05270,Right,529664.tiff,82,124.5399,26,96,100,23,51,4.7939,99.9589,53,4.2711,255,255,0
nd1S05270,Right,529667.tiff,78,113.5582,31,96,100,31,58,5.0219,99.9791,61,1.9608,255,255,2
nd1S05270,Right,593173.tiff,66,117.8363,28,95,100,20,8,5.0788,99.9327,26,1.2344,255,255,16
nd1S05270,Right,605871.tiff,57,103.1279,30,93,100,24,0,5.2625,99.8599,27,1.0456,255,255,18
nd1S05270,Right,605872.tiff,31,118.5257,30,94,100,35,0,5.1705,99.9224,8,1.0786,255,255,3
nd1S05270,Right,659439.tiff,38,121.7051,35,92,100,25,6,5.4586,99.9144,13,1.0481,255,255,6
nd1S05270,Right,659440.tiff,28,115.734,34,92,100,39,0,5.0369,99.9192,27,1.346,255,255,6
nd1S05270,Right,659447.tiff,29,120.9378,33,91,100,35,0,5.917,99.9497,56,2.2069,255,255,0
nd1S05270,Right,659452.tiff,32,116.1976,33,94,100,45,0,5.0496,99.8986,51,2.2673,255,255,0
nd1S05271,Left,228393.tiff,95,119.9889,40,93,100,27,81,5.2423,99.9548,88,3.6942,255,255,0
nd1S05271,Left,229068.tiff,58,119.6921,39,95,100,40,99,5.3201,99.9421,70,1.4691,255,255,27
nd1S05271,Left,229069.tiff,79,119.5584,37,94,100,30,99,5.373,99.8178,91,1.1311,255,255,71
nd1S05271,Left,229070.tiff,41,122.5643,40,94,100,44,98,5.089,99.8528,72,1.4308,255,255,20
nd1S05271,Left,255414.tiff,37,114.1166,35,95,100,23,0,5.2574,99.8904,82,1.1999,255,255,30
nd1S05271,Left,255417.tiff,19,114.7175,36,93,100,31,255,5.0355,99.8927,33,1.2242,255,255,255
nd1S05271,Left,255418.tiff,26,123.1642,36,94,100,24,0,5.0644,99.9145,21,1.137,255,255,6
nd1S05271,Left,255419.tiff,11,121.8129,34,93,100,49,255,5.7198,99.8768,80,1.2532,255,255,255
nd1S05271,Left,264067.tiff,88,121.0395,39,94,100,21,99,5.2542,99.9089,90,1.3287,255,255,53
nd1S05271,Left,391564.tiff,92,124.1569,42,94,100,29,99,4.8923,99.8864,6,1.4411,255,255,3
nd1S05271,Left,391565.tiff,72,121.9278,40,96,100,40,99,4.9597,99.8694,45,1.1465,255,255,32
nd1S05271,Left,406403.tiff,44,122.9888,37,96,100,26,81,5.4724,99.8807,88,1.2472,255,255,38
nd1S05271,Left,406408.tiff,23,124.3064,40,94,100,40,0,4.6708,99.8081,12,1.0859,255,255,3
nd1S05271,Left,406409.tiff,22,123.9143,38,95,100,25,6,5.4967,99.8598,87,1.0795,255,255,23
nd1S05271,Left,417225.tiff,50,118.5512,40,93,100,33,49,4.635,99.8096,52,1.3896,255,255,17
nd1S05271,Left,451730.tiff,17,115.7296,40,92,100,56,255,4.264,99.9299,6,1.1057,255,255,255
nd1S05271,Left,451735.tiff,53,117.8242,39,93,100,21,31,5.5241,99.9026,83,1.2602,255,255,43
nd1S05271,Left,512754.tiff,79,122.5791,36,93,100,18,53,4.9309,99.9556,49,1.8447,255,255,6
nd1S05271,Left,516616.tiff,54,123.6244,33,95,100,28,58,5.1806,99.9155,13,1.0905,255,255,8
nd1S05271,Left,516617.tiff,46,120.8388,34,93,100,31,99,5.9033,255,6,255,255,255,255
nd1S05271,Left,516622.tiff,82,121.677,34,95,100,31,99,5.1978,99.9646,8,1.1905,255,255,6
nd1S05271,Left,522733.tiff,76,120.5459,34,94,100,30,99,5.1791,99.9607,6,1.1742,255,255,4
nd1S05271,Left,522740.tiff,56,124.0837,36,94,100,25,99,5.2566,99.9554,9,1.0363,255,255,6
nd1S05271,Left,524469.tiff,88,124.7116,35,93,100,20,65,4.5835,99.9373,63,1.7724,255,255,11
nd1S05271,Left,529574.tiff,45,151.1197,56,86,100,13,2,5.8891,39.1803,29,1.6904,255,255,2
nd1S05271,Left,530420.tiff,76,121.9979,32,95,100,30,59,5.2836,99.9208,5,1.3294,255,255,3
nd1S05271,Left,546226.tiff,69,113.6307,32,93,100,20,66,4.7944,99.9482,67,1.6259,255,255,20
nd1S05271,Left,546228.tiff,73,113.714,32,92,100,21,64,4.8389,99.9662,65,1.717,255,255,15
nd1S05271,Left,659477.tiff,86,120.5083,40,93,100,28,99,5.2765,99.803,67,1.3639,255,255,37
nd1S05271,Left,659479.tiff,90,112.7357,40,93,100,47,98,4.7764,99.9293,59,1.2244,255,255,36
nd1S05271,Left,659489.tiff,37,120.1857,42,96,100,16,5,5.3461,99.8446,92,1.9111,255,255,4
nd1S05271,Left,659490.tiff,41,118.319,41,93,100,22,7,5.5425,99.8989,92,2.4078,255,255,0
nd1S05271,Left,659491.tiff,70,125.7743,42,94,100,37,99,5.22,99.9454,65,2.2613,255,255,0
nd1S05271,Left,659493.tiff,94,124.1348,40,96,100,31,99,5.4637,99.89,89,2.279,255,255,0
nd1S05271,Left,666543.tiff,74,118.7179,41,94,100,33,99,5.5991,99.9097,94,1.161,255,255,74
nd1S05271,Left,666544.tiff,48,121.9528,40,94,100,40,17,5.2472,99.9081,15,255,255,255,255
nd1S05271,Left,667162.tiff,51,122.5595,38,94,100,32,92,5.5743,99.9482,87,1.1262,255,255,51
nd1S05271,Left,667715.tiff,46,118.7553,42,93,100,18,23,5.691,99.8731,51,1.7165,255,255,9
nd1S05271,Left,934719.tiff,87,120.0445,40,94,100,36,98,4.947,99.8701,35,1.8562,255,255,4
nd1S05271,Left,934720.tiff,80,122.8563,37,95,100,29,99,5.3706,99.8531,93,1.1811,255,255,68
nd1S05271,Left,934727.tiff,73,122.3464,36,94,100,21,99,5.4885,99.975,83,1.4943,255,255,38
nd1S05271,Left,934730.tiff,69,124.5586,40,92,100,46,97,4.6977,99.8532,11,1.5812,255,255,4
nd1S05271,Left,934731.tiff,47,122.9112,48,97,100,14,99,5.3518,99.7582,80,1.2197,255,255,37
nd1S05271,Left,934740.tiff,36,119.912,52,96,100,13,18,5.2866,99.5274,88,1.2295,255,255,31
nd1S05271,Left,934846.tiff,80,115.4018,50,98,100,31,99,5.4737,99.7958,92,1.2167,255,255,66
nd1S05271,Left,934851.tiff,62,114.8623,33,95,100,18,94,5.4116,99.8469,92,1.3058,255,255,51
nd1S05271,Left,934853.tiff,64,115.2547,35,96,100,23,98,5.804,99.8865,91,1.1987,255,255,64
nd1S05271,Left,935084.tiff,81,117.0827,41,98,100,30,99,5.4362,99.8811,86,1.6445,255,255,28
nd1S05271,Left,935087.tiff,62,118.6224,44,94,100,32,99,5.5669,99.8442,96,1.3285,255,255,53
nd1S05271,Left,935093.tiff,59,118.0387,38,93,100,31,22,5.4239,99.9019,95,1.3509,255,255,47
nd1S05271,Right,231635.tiff,48,127.2846,42,95,100,38,98,4.7438,99.9316,9,1.3542,255,255,3
nd1S05271,Right,243066.tiff,87,119.4423,41,96,100,25,80,5.3513,99.9395,85,3.911,255,255,0
nd1S05271,Right,255430.tiff,30,109.8881,37,93,100,19,0,5.4276,99.8273,86,1.2463,255,255,25
nd1S05271,Right,255431.tiff,2,105.0552,39,92,100,92,255,4.9741,255,8,255,255,255,255
nd1S05271,Right,255437.tiff,12,112.5037,36,92,100,78,255,5.8049,99.7926,81,1.1923,255,255,255
nd1S05271,Right,264085.tiff,1,115.0466,44,97,100,100,255,3.2941,255,75,1.3379,255,255,255
nd1S05271,Right,275412.tiff,85,125.6261,41,94,100,25,78,5.1984,99.8478,87,4.0044,255,255,0
nd1S05271,Right,391578.tiff,29,123.3283,41,96,100,30,0,5.0526,99.9155,49,1.2625,255,255,13
nd1S05271,Right,391598.tiff,33,116.213,39,96,100,25,0,5.6291,99.791,78,1.2904,255,255,24
nd1S05271,Right,406418.tiff,3,122.2779,39,94,100,92,255,4.8964,99.7042,89,1.7406,255,255,255
nd1S05271,Right,418070.tiff,29,115.4776,32,86,100,17,255,5.0725,255,72,4.5008,255,255,255
nd1S05271,Right,437068.tiff,68,115.5088,40,95,100,27,99,5.7021,99.941,12,255,255,255,255
nd1S05271,Right,452790.tiff,87,125.4504,45,95,100,24,79,5.32,99.9552,89,4.5776,255,255,0
nd1S05271,Right,516629.tiff,42,119.0286,38,96,100,20,99,5.6191,255,7,1.0872,255,255,255
nd1S05271,Right,522752.tiff,47,116.3664,40,96,100,22,14,5.5363,255,84,1.1316,255,255,255
nd1S05271,Right,546229.tiff,68,111.4301,32,95,100,19,65,4.8143,99.9624,61,1.9441,255,255,3
nd1S05271,Right,659485.tiff,75,120.5371,40,93,100,48,98,4.8054,99.8927,43,1.2743,255,255,25
nd1S05271,Right,659496.tiff,14,113.674,44,90,100,16,7,6.5785,99.857,85,2.2577,255,255,0
nd1S05271,Right,659498.tiff,56,120.5041,41,95,100,22,78,6.1128,99.8345,91,2.5483,255,255,0
nd1S05271,Right,935268.tiff,59,119.574,33,96,100,35,16,5.479,99.8685,93,1.6661,255,255,24
nd1S05271,Right,935269.tiff,38,115.4503,32,82,100,30,86,5.8408,255,4,255,255,255,255
nd1S05271,Right,935394.tiff,4,120.6084,53,94,71,33,255,5.1675,99.9174,97,1.1046,255,255,255
nd1S05271,Right,935400.tiff,91,120.8555,38,93,100,22,99,5.6241,99.6989,96,1.2256,255,255,69
nd1S05271,Right,935641.tiff,82,113.2322,49,94,100,25,99,5.7273,99.9099,90,1.3133,255,255,59
nd1S05271,Right,935649.tiff,54,120.7214,36,95,100,16,89,5.6855,99.8565,93,1.1991,255,255,54
nd1S05272,Left,659501.tiff,44,121.0938,45,93,100,40,99,5.5976,5.5318,6,1.0396,255,255,0
nd1S05272,Left,659502.tiff,36,111.5256,47,96,100,42,43,5.5105,99.8847,30,1.0895,255,255,13
nd1S05272,Left,659503.tiff,29,112.5676,48,96,100,45,17,5.845,255,5,1.7262,255,255,255
nd1S05272,Left,659504.tiff,15,120.2146,42,96,100,52,0,5.5414,99.9088,3,1.1526,255,255,1
nd1S05272,Left,659513.tiff,17,111.1769,48,94,100,25,255,5.7343,99.9337,51,1.9322,255,255,255
nd1S05272,Left,659515.tiff,0,109.4688,50,96,91,255,255,255,255,25,2.0605,255,255,255
nd1S05272,Left,659517.tiff,36,114.516,38,93,100,39,0,6.1795,99.7766,80,2.2512,255,255,0
nd1S05272,Left,659518.tiff,31,116.7646,41,95,100,49,0,5.6935,99.7426,55,2.1179,255,255,0
nd1S05272,Left,666137.tiff,255,255,255,255,255,255,255,255,255,10,255,255,255,255
nd1S05272,Left,666138.tiff,58,112.6691,42,96,100,42,99,5.3345,99.9626,11,1.0767,255,255,7
nd1S05272,Left,666142.tiff,48,114.6045,45,97,100,39,98,5.4021,99.7241,6,1.2502,255,255,3
nd1S05272,Left,666143.tiff,46,116.328,41,97,100,47,15,5.811,99.9318,5,1.094,255,255,3
nd1S05272,Left,666146.tiff,57,111.0752,41,95,100,43,99,5.8018,255,10,255,255,255,255
nd1S05272,Left,668063.tiff,49,105.5357,34,95,100,54,9,5.4782,99.8893,38,1.2515,255,255,18
nd1S05272,Left,669748.tiff,7,111.7325,41,95,100,80,255,5.1062,99.8931,7,1.4525,255,255,255
nd1S05272,Right,659507.tiff,85,114.7167,39,96,100,45,99,5.5878,99.9329,68,1.3791,255,255,39
nd1S05272,Right,659512.tiff,72,114.9302,37,94,100,48,99,5.6822,99.8702,6,1.2465,255,255,4
nd1S05272,Right,659519.tiff,65,114.071,41,95,100,42,78,5.6002,99.9202,26,1.782,255,255,5
nd1S05272,Right,659520.tiff,81,108.6986,41,90,100,31,48,6.3559,99.6276,28,1.8638,255,255,4
nd1S05272,Right,659521.tiff,63,119.0331,48,92,100,43,99,5.998,93.9947,62,1.9353,255,255,3
nd1S05272,Right,659522.tiff,78,117.5697,42,95,100,40,98,5.5151,99.9407,16,1.7991,255,255,3
nd1S05272,Right,659523.tiff,60,115.2721,44,94,100,28,0,5.978,98.9874,25,1.8104,255,255,4
nd1S05272,Right,659524.tiff,57,110.9564,47,90,100,25,99,6.4323,99.4149,75,2.0075,255,255,0
nd1S05272,Right,666149.tiff,54,112.5116,37,95,100,45,42,5.4555,99.656,7,1.1605,255,255,4
nd1S05272,Right,666152.tiff,60,109.9224,35,94,100,49,24,5.5194,99.9172,6,1.5801,255,255,2
nd1S05272,Right,667285.tiff,40,111.2787,33,94,100,35,0,5.4782,99.9578,6,1.1501,255,255,3
nd1S05272,Right,668067.tiff,61,108.4131,36,92,100,50,63,5.3608,99.8722,48,1.2703,255,255,27
nd1S05272,Right,668068.tiff,53,104.6659,35,94,100,57,98,5.0254,99.9202,23,1.3451,255,255,10
nd1S05272,Right,669750.tiff,65,109.2679,41,94,100,45,99,5.5837,99.931,41,1.1614,255,255,30
nd1S05272,Right,669754.tiff,64,108.2902,39,95,100,37,99,5.4867,99.8686,44,1.1101,255,255,33
nd1S05273,Left,659575.tiff,36,114.3785,64,96,100,48,86,5.6189,255,16,1.0554,255,255,255
nd1S05273,Left,659576.tiff,64,119.6187,68,96,100,47,95,5.6225,255,19,1.0616,255,255,255
nd1S05273,Left,659586.tiff,60,108.3921,61,97,100,44,83,5.7217,90.8251,48,1.8895,255,255,4
nd1S05273,Left,659587.tiff,34,108.5926,67,97,100,64,98,4.9468,255,48,1.9673,255,255,255
nd1S05273,Left,659588.tiff,30,98.2011,71,81,100,44,0,5.847,89.4654,11,1.7717,255,255,1
nd1S05273,Right,659581.tiff,55,113.2585,67,98,100,50,94,5.535,255,34,1.1552,255,255,255
nd1S05273,Right,659584.tiff,10,114.752,68,97,100,43,0,5.7019,255,21,1.1259,255,255,255
nd1S05273,Right,659591.tiff,17,110.2081,56,93,100,75,0,5.2507,255,25,1.9246,255,255,255
nd1S05273,Right,659593.tiff,14,105.6243,61,99,100,54,0,5.5873,255,41,2.1564,255,255,255
nd1S05273,Right,659594.tiff,18,111.0568,58,95,100,57,0,5.9731,72.0367,23,1.8933,255,255,0
nd1S05273,Right,659595.tiff,15,101.3332,47,86,100,55,0,6.2571,97.7412,47,1.9834,255,255,0
nd1S05273,Right,659596.tiff,15,105.5174,62,98,100,55,0,5.5202,255,61,2.4146,255,255,255
nd1S05275,Right,659699.tiff,48,112.8538,44,94,100,25,18,5.0956,99.9239,62,1.9449,255,255,2
nd1S05275,Right,659700.tiff,37,108.0577,39,96,100,26,7,5.1791,99.9163,12,1.6658,255,255,2
nd1S05275,Right,659701.tiff,41,113.6554,46,97,100,22,15,5.2803,255,38,1.8099,255,255,255
nd1S05275,Right,659711.tiff,23,115.2785,37,91,100,34,0,4.9504,99.9243,65,1.2761,255,255,13
nd1S05275,Right,659712.tiff,29,109.7234,35,93,100,30,0,5.0007,99.7859,10,2.1161,255,255,0
nd1S05275,Right,659713.tiff,26,116.4176,34,94,100,34,0,5.0432,99.947,59,1.5154,255,255,9
nd1S05278,Right,660302.tiff,69,114.4236,48,93,100,29,99,5.5836,99.8916,87,1.2765,255,255,58
nd1S05278,Right,660303.tiff,43,117.7753,49,93,100,17,91,5.6825,99.8087,7,1.4424,255,255,2
nd1S05278,Right,660304.tiff,68,113.8484,48,93,100,49,98,5.2577,99.9104,70,1.6043,255,255,24
nd1S05278,Right,660305.tiff,32,119.1161,47,91,100,25,41,5.7441,99.8808,33,1.3825,255,255,9
nd1S05278,Right,660306.tiff,63,119.8266,48,92,100,32,99,5.789,99.9099,63,1.7436,255,255,14
nd1S05278,Right,660307.tiff,62,118.5218,48,94,100,34,99,5.7655,255,65,1.5229,255,255,255
nd1S05278,Right,660326.tiff,74,112.0801,46,95,3,39,99,5.2615,99.8321,80,1.8523,255,255,0
nd1S05278,Right,660327.tiff,63,121.5266,45,90,100,28,83,5.9436,99.8391,7,1.8805,255,255,1
nd1S05278,Right,660328.tiff,47,120.7091,47,93,100,23,92,5.559,99.9242,54,1.8674,255,255,4
nd1S05278,Right,660335.tiff,54,118.0649,44,93,100,30,99,5.5501,99.8113,43,1.1321,255,255,27
nd1S05278,Right,660336.tiff,47,116.0898,45,92,100,20,97,5.6657,99.8546,84,1.2791,255,255,38
nd1S05278,Right,660337.tiff,45,113.8864,46,93,100,18,83,5.8314,99.9396,89,1.3003,255,255,39
nd1S05278,Right,660338.tiff,12,117.3271,47,93,100,45,255,5.8418,99.8379,52,1.7369,255,255,255
nd1S05278,Right,660339.tiff,9,116.7307,46,93,100,43,255,6.0233,99.7791,58,1.7696,255,255,255
nd1S05278,Right,660340.tiff,16,117.8656,45,93,100,23,0,6.1834,99.7946,30,1.4982,255,255,3
nd1S05278,Right,660347.tiff,50,114.0626,47,93,100,29,98,4.9536,99.8427,33,2.0614,255,255,0
nd1S05278,Right,660348.tiff,39,118.5198,52,17,100,38,0,5.8947,255,69,2.2521,255,255,255
nd1S05278,Right,660349.tiff,48,115.2337,46,93,100,18,83,5.6561,99.9155,81,2.4823,255,255,0
nd1S05278,Right,660350.tiff,24,114.9906,49,94,100,32,18,5.1269,99.8797,24,1.8009,255,255,1
nd1S05278,Right,660351.tiff,28,121.1227,62,63,100,20,0,6.6922,255,86,3.3996,255,255,255
nd1S05278,Right,660352.tiff,27,115.5981,47,93,100,28,42,5.7824,99.8685,79,2.7123,255,255,0
nd1S05279,Left,660353.tiff,78,123.1413,42,96,100,37,99,5.8639,99.8792,3,1.0721,255,255,3
nd1S05279,Left,660354.tiff,37,117.4004,41,95,100,41,0,5.7286,99.8621,68,1.1974,255,255,28
nd1S05279,Left,660355.tiff,56,118.1342,42,96,100,41,99,6.12,99.8644,58,1.1073,255,255,41
nd1S05279,Left,660356.tiff,45,117.3224,41,96,100,30,2,5.947,99.8672,59,1.2038,255,255,30
nd1S05279,Left,660357.tiff,57,124.7397,43,94,100,39,73,5.7845,99.8879,16,1.0986,255,255,11
nd1S05279,Left,660358.tiff,36,125.4973,43,95,100,35,9,6.1596,99.8895,8,1.0549,255,255,4
nd1S05279,Left,660365.tiff,49,124.0421,45,96,100,56,98,5.4886,99.788,47,1.8213,255,255,5
nd1S05279,Left,660366.tiff,3,67.8477,49,0,100,47,27,4.6088,255,61,2.5782,255,255,255
nd1S05279,Left,660367.tiff,41,125.6023,44,93,100,42,47,6.115,99.3459,47,2.1772,255,255,0
nd1S05279,Left,660368.tiff,44,123.3603,48,94,100,65,97,5.1756,99.8825,14,1.7764,255,255,2
nd1S05279,Left,660369.tiff,36,92.1713,60,58,100,21,45,4.9384,255,44,1.7647,255,255,255
nd1S05279,Left,660370.tiff,59,128.1048,49,96,100,35,99,6.0812,97.12,20,1.8247,255,255,3
nd1S05279,Right,660359.tiff,37,118.046,43,96,100,41,16,5.684,99.9374,67,1.4736,255,255,18
nd1S05279,Right,660360.tiff,62,118.1154,44,96,100,42,99,6.2444,99.909,71,1.4554,255,255,34
nd1S05279,Right,660372.tiff,52,119.3922,46,94,100,35,75,5.8096,99.6477,56,2.0967,255,255,0
nd1S05279,Right,660373.tiff,31,124.3145,46,95,100,59,99,5.7591,255,14,2.099,255,255,255
nd1S05279,Right,660374.tiff,27,123.7689,47,96,100,35,20,5.5582,99.9319,53,2.0431,255,255,0
nd1S05279,Right,660375.tiff,54,122.2986,47,95,100,35,77,5.7408,99.8612,64,1.9818,255,255,1
nd1S05279,Right,660376.tiff,44,124.8734,48,95,100,43,88,6.0422,255,9,1.9256,255,255,255
nd1S05280,Left,660377.tiff,41,120.9971,47,96,100,24,19,5.815,99.9565,50,1.1663,255,255,24
nd1S05280,Left,660378.tiff,59,132.7652,46,96,100,35,99,5.5395,99.9588,20,1.0637,255,255,15
nd1S05280,Left,660389.tiff,68,122.1433,40,95,100,22,96,6.3583,99.9334,76,2.1848,255,255,0
nd1S05280,Left,660390.tiff,39,123.7991,39,96,100,17,0,6.5934,99.5483,31,1.5338,255,255,8
nd1S05280,Left,660391.tiff,30,123.9087,42,96,100,42,81,4.7199,99.7776,23,1.5454,255,255,4
nd1S05280,Left,660392.tiff,88,121.9282,40,97,100,29,97,6.3067,99.9574,18,1.8901,255,255,2
nd1S05280,Left,660393.tiff,75,126.839,41,94,100,34,0,6.4271,98.7593,23,1.7975,255,255,5
nd1S05280,Left,660394.tiff,31,124.2556,40,97,100,14,80,5.6431,25.3898,10,1.6741,255,255,0
nd1S05280,Right,660383.tiff,65,119.5135,43,97,100,32,99,5.6409,99.8642,58,1.2846,255,255,36
nd1S05280,Right,660384.tiff,83,118.8708,43,97,100,44,99,5.7626,99.8809,55,1.2224,255,255,41
nd1S05280,Right,660387.tiff,89,124.9441,43,96,100,48,99,5.7381,99.9175,9,1.1674,255,255,7
nd1S05280,Right,660388.tiff,65,125.5255,42,96,100,36,99,5.854,99.9044,65,1.3733,255,255,37
nd1S05280,Right,660395.tiff,62,120.5116,42,96,100,39,59,6.1711,99.9429,44,2.0853,255,255,0
nd1S05280,Right,660396.tiff,92,120.8935,27,90,100,31,0,6.3662,98.8328,63,2.2222,255,255,0
nd1S05280,Right,660397.tiff,74,120.5099,38,95,100,48,98,5.3596,99.8271,58,2.2034,255,255,0
nd1S05280,Right,660398.tiff,61,120.4489,36,90,100,31,23,6.2359,99.6849,64,2.1403,255,255,0
nd1S05280,Right,660399.tiff,77,120.6132,28,91,100,18,0,6.2059,98.4834,64,2.1968,255,255,0
nd1S05281,Left,397287.tiff,16,115.5388,57,92,100,51,0,5.4305,255,50,1.2372,255,255,255
nd1S05281,Left,397289.tiff,21,113.7462,57,95,100,45,0,5.8414,255,48,1.2161,255,255,255
nd1S05281,Left,397290.tiff,15,114.4089,58,91,100,51,0,5.5173,255,8,1.253,255,255,255
nd1S05281,Left,397291.tiff,16,113.705,57,94,100,53,0,5.4758,255,15,1.2817,255,255,255
nd1S05281,Left,397292.tiff,17,112.8487,58,95,100,51,0,5.5985,255,34,1.2004,255,255,255
nd1S05281,Left,397293.tiff,18,109.2416,62,95,77,51,0,5.3681,99.8221,11,1.428,255,255,1
nd1S05281,Left,397294.tiff,15,113.4764,61,94,100,54,0,5.3259,255,37,1.114,255,255,255
nd1S05281,Left,397295.tiff,19,114.5799,61,97,100,44,0,5.8627,255,48,1.3027,255,255,255
nd1S05281,Left,397296.tiff,16,115.8996,59,93,100,49,0,5.4892,255,29,1.2327,255,255,255
nd1S05281,Left,397297.tiff,14,113.9907,60,94,100,54,0,5.3882,255,38,1.1865,255,255,255
nd1S05281,Left,397298.tiff,18,112.7203,61,97,100,46,0,5.6334,255,45,1.2252,255,255,255
nd1S05281,Left,397299.tiff,53,110.915,59,98,100,43,99,5.7307,99.9182,71,1.323,255,255,35
nd1S05281,Left,397300.tiff,24,77.0872,74,69,100,24,28,5.2876,255,36,1.1826,255,255,255
nd1S05281,Left,397301.tiff,25,112.3204,60,95,100,31,99,5.8832,99.7805,73,1.8886,255,255,3
nd1S05281,Left,397304.tiff,61,111.252,60,95,100,34,99,5.9481,99.7635,58,1.8892,255,255,6
nd1S05281,Left,397305.tiff,70,114.8724,60,91,100,40,99,5.8038,99.8408,69,1.3964,255,255,40
nd1S05281,Left,397306.tiff,75,110.2768,59,98,100,38,99,5.6889,99.9381,82,1.5694,255,255,33
nd1S05281,Left,397308.tiff,72,113.9272,61,94,100,39,99,5.668,99.9125,71,1.3436,255,255,44
nd1S05281,Left,397309.tiff,53,112.3053,61,96,100,40,99,5.516,99.7747,37,1.2466,255,255,19
nd1S05281,Left,397310.tiff,74,114.9457,60,93,100,32,99,5.8442,99.846,67,1.691,255,255,20
nd1S05281,Left,399100.tiff,59,114.4986,58,95,100,43,69,5.6645,99.7988,78,255,255,255,255
nd1S05281,Left,399104.tiff,65,107.1137,57,95,100,37,67,5.2975,99.897,78,4.1111,255,255,0
nd1S05281,Left,660401.tiff,31,118.817,60,91,100,37,99,5.7032,255,8,1.1759,255,255,255
nd1S05281,Left,660402.tiff,33,117.7455,59,97,100,36,99,5.7079,255,18,1.2213,255,255,255
nd1S05281,Left,660403.tiff,35,112.4921,61,95,100,37,99,6.2727,255,60,1.997,255,255,255
nd1S05281,Left,660405.tiff,50,119.1268,61,96,100,44,99,5.8723,255,6,1.3725,255,255,255
nd1S05281,Left,660406.tiff,46,114.3444,62,97,100,34,99,6.302,255,55,1.9784,255,255,255
nd1S05281,Left,660413.tiff,15,106.6519,56,97,100,63,0,6.1691,99.467,79,2.5485,255,255,0
nd1S05281,Left,660414.tiff,28,110.6961,56,96,100,33,74,5.9845,98.6163,63,1.9699,255,255,1
nd1S05281,Left,660415.tiff,23,109.5698,59,97,100,39,7,5.6085,255,41,2.0185,255,255,255
nd1S05281,Left,660416.tiff,36,109.4225,58,96,100,38,99,6.325,70.3176,59,2.1822,255,255,0
nd1S05281,Left,660417.tiff,27,109.24,52,89,100,38,93,5.9578,255,26,1.932,255,255,255
nd1S05281,Left,660418.tiff,27,109.4723,58,93,100,42,99,5.9686,255,17,2.0271,255,255,255
nd1S05281,Right,397311.tiff,57,113.0164,54,93,100,35,99,5.5213,99.8947,60,1.7317,255,255,12
nd1S05281,Right,399103.tiff,67,106.1712,55,93,100,34,68,4.8285,56.8436,71,4.5656,255,255,0
nd1S05281,Right,660409.tiff,31,114.1803,62,94,100,55,98,5.6445,255,31,2.286,255,255,255
nd1S05281,Right,660419.tiff,38,109.2997,55,94,100,41,91,6.1064,255,43,2.3922,255,255,255
nd1S05281,Right,660420.tiff,34,104.5183,49,93,100,45,90,6.3834,255,88,2.7278,255,255,255
nd1S05281,Right,660421.tiff,45,59.458,54,49,100,57,98,5.4455,255,19,2.0083,255,255,255
nd1S05281,Right,660422.tiff,36,107.1645,57,93,100,37,84,5.8713,255,71,2.1317,255,255,255
nd1S05281,Right,660423.tiff,41,105.8222,59,91,100,55,95,6.2515,255,87,2.7404,255,255,255
nd1S05281,Right,660424.tiff,61,60.9433,73,47,100,0,98,5.4938,255,81,2.5076,255,255,255
nd1S05283,Left,660671.tiff,68,106.2672,47,95,100,19,99,5.4961,99.8732,7,1.296,255,255,4
nd1S05283,Left,660672.tiff,73,111.0499,49,97,100,54,97,4.9484,99.789,66,2.4927,255,255,0
nd1S05283,Left,660673.tiff,39,107.8631,48,98,100,25,92,5.531,99.8111,8,1.1902,255,255,3
nd1S05283,Left,660674.tiff,4,109.2179,48,96,100,79,255,5.8986,99.7982,89,1.3842,255,255,255
nd1S05283,Left,660683.tiff,30,115.2294,42,85,100,35,40,6.4948,99.9211,73,2.0318,255,255,0
nd1S05283,Left,660685.tiff,28,102.2621,50,94,100,38,57,5.839,255,57,1.932,255,255,255
nd1S05283,Left,660688.tiff,40,105.6956,54,84,100,27,99,5.6521,255,61,1.7724,255,255,255
nd1S05284,Left,231113.tiff,30,109.0511,36,92,100,40,0,5.0817,99.8739,37,1.423,255,255,8
nd1S05284,Left,260766.tiff,0,105.5169,47,94,39,255,255,255,99.0645,4,255,255,255,255
nd1S05284,Left,260776.tiff,18,108.2694,37,92,100,48,255,4.7048,255,24,1.3488,255,255,255
nd1S05284,Left,260781.tiff,26,113.4237,39,95,100,41,0,4.8484,255,15,1.8556,255,255,255
nd1S05284,Left,276228.tiff,75,108.4657,40,93,100,39,99,5.2755,99.4675,39,1.3876,255,255,21
nd1S05284,Left,276229.tiff,42,118.3277,51,85,100,42,90,5.4673,255,15,1.7891,255,255,255
nd1S05284,Left,281361.tiff,61,111.7939,38,96,100,34,99,5.2785,99.8395,10,1.5368,255,255,4
nd1S05284,Left,302457.tiff,54,105.4047,45,94,100,42,72,5.408,90.8116,77,2.2382,255,255,0
nd1S05284,Left,303965.tiff,24,109.1791,36,95,100,40,255,4.8699,255,19,1.9403,255,255,255
nd1S05284,Left,307638.tiff,56,106.1132,32,92,100,49,78,5.5163,255,74,2.2978,255,255,255
nd1S05284,Left,432323.tiff,55,113.3525,34,92,100,25,46,5.0753,99.9593,22,1.3856,255,255,9
nd1S05284,Left,433995.tiff,47,106.3935,43,88,100,43,77,5.4778,255,76,2.9441,255,255,255
nd1S05284,Left,443435.tiff,64,116.0947,36,91,100,42,78,5.4244,99.6437,75,255,255,255,255
nd1S05284,Left,660757.tiff,10,107.8099,37,90,100,51,255,4.7852,255,48,2.1494,255,255,255
nd1S05284,Left,660764.tiff,5,90.0491,55,80,100,50,255,5.3413,89.3061,31,1.4019,255,255,255
nd1S05284,Left,660766.tiff,22,96.9112,40,90,100,50,255,4.6591,255,35,1.9593,255,255,255
nd1S05284,Left,660767.tiff,15,90.8861,50,80,100,40,255,5.407,96.7569,49,1.8984,255,255,255
nd1S05284,Left,660768.tiff,8,101.8867,37,91,100,47,255,4.911,255,29,1.7401,255,255,255
nd1S05284,Left,665656.tiff,20,113.9413,46,94,100,79,0,4.8422,255,8,1.9087,255,255,255
nd1S05284,Left,667018.tiff,45,108.9939,49,90,100,34,99,5.3979,255,20,1.8843,255,255,255
nd1S05284,Left,667846.tiff,29,101.9336,40,94,100,44,0,5.0226,99.9339,9,1.9053,255,255,0
nd1S05284,Left,669196.tiff,37,107.7248,37,95,100,46,6,5.4184,255,33,2.0877,255,255,255
nd1S05284,Right,228460.tiff,64,110.4754,45,98,100,39,82,5.5012,99.7132,82,2.3751,255,255,0
nd1S05284,Right,260782.tiff,20,108.7984,42,93,100,49,0,5.4119,255,22,2.1039,255,255,255
nd1S05284,Right,260787.tiff,26,118.0941,40,93,100,40,0,4.9621,255,8,1.6422,255,255,255
nd1S05284,Right,303966.tiff,18,112.4024,38,91,100,47,255,4.3647,99.9541,8,1.1748,255,255,255
nd1S05284,Right,306556.tiff,50,112.0454,32,92,100,37,8,5.5754,99.1328,11,1.5216,255,255,3
nd1S05284,Right,412739.tiff,68,103.4256,40,94,100,34,79,5.4962,99.8842,82,4.0807,255,255,0
nd1S05284,Right,443434.tiff,74,113.8503,39,94,100,30,77,5.1694,99.9342,79,2.7164,255,255,0
nd1S05284,Right,660770.tiff,27,100.999,44,95,100,32,0,5.8902,96.2404,45,2.0924,255,255,0
nd1S05284,Right,660771.tiff,25,108.086,38,90,100,50,0,4.8492,255,8,1.8776,255,255,255
nd1S05284,Right,660772.tiff,28,100.224,36,90,100,38,0,5.2932,255,44,2.1538,255,255,255
nd1S05284,Right,660773.tiff,27,100.5952,43,91,100,31,0,5.7068,97.1376,46,2.1775,255,255,0
nd1S05284,Right,660774.tiff,25,108.2225,34,86,86,33,0,5.2868,255,21,1.9153,255,255,255
nd1S05284,Right,665657.tiff,29,89.4427,44,68,100,53,0,5.8912,255,4,1.8887,255,255,255
nd1S05284,Right,665658.tiff,29,103.8018,51,91,100,52,98,5.3616,255,49,1.5356,255,255,255
nd1S05284,Right,669202.tiff,76,111.8087,36,93,100,35,99,5.6296,99.9636,31,1.4976,255,255,15
nd1S05285,Left,660800.tiff,40,119.0563,44,95,100,33,27,5.8549,99.729,71,2.1724,255,255,0
nd1S05285,Left,660801.tiff,71,133.3823,47,92,100,42,99,5.7014,99.8123,5,1.5685,255,255,2
nd1S05285,Left,660802.tiff,45,120.3382,57,87,100,27,29,6.573,85.3055,21,1.3859,255,255,7
nd1S05285,Left,660803.tiff,51,124.7527,46,91,100,35,92,5.6892,99.7849,8,1.8115,255,255,1
nd1S05285,Left,660812.tiff,24,130.1416,50,95,100,40,11,5.8331,99.8443,9,1.7,255,255,1
nd1S05285,Left,660814.tiff,24,121.2872,63,88,100,38,0,6.1475,255,13,1.7781,255,255,255
nd1S05285,Left,660815.tiff,21,123.5373,49,93,100,39,2,5.6349,99.8476,24,2.041,255,255,0
nd1S05285,Left,660816.tiff,29,128.8697,49,95,100,42,31,6.3448,99.8182,21,1.935,255,255,1
nd1S05285,Left,660817.tiff,19,124.6363,46,88,100,49,6,5.8504,255,11,2.0446,255,255,255
nd1S05285,Right,660810.tiff,81,119.4242,49,95,100,47,99,5.8609,99.7801,29,1.8563,255,255,4
nd1S05285,Right,660811.tiff,35,128.1579,49,95,82,40,40,6.0972,95.6908,6,1.5579,255,255,1
nd1S05285,Right,660821.tiff,51,125.8099,50,91,100,29,69,5.9056,99.7525,16,1.7923,255,255,2
nd1S05285,Right,660823.tiff,47,127.3944,51,94,100,17,99,5.6925,255,17,1.2478,255,255,255
nd1S05286,Left,660850.tiff,35,125.0766,46,95,100,48,16,6.1669,99.6445,8,1.0303,255,255,4
nd1S05286,Left,660851.tiff,47,119.0373,48,96,100,45,99,6.0884,255,24,1.3594,255,255,255
nd1S05286,Left,660852.tiff,55,124.8979,46,93,100,44,94,5.6363,99.8158,8,1.1811,255,255,5
nd1S05286,Left,660853.tiff,63,114.017,46,95,100,43,99,6.148,99.5423,74,1.1598,255,255,56
nd1S05286,Left,660864.tiff,60,114.0124,34,90,100,56,0,5.8912,99.7385,32,1.7971,255,255,5
nd1S05286,Left,660865.tiff,73,106.6062,33,92,100,64,97,5.2331,99.8277,74,2.1106,255,255,0
nd1S05286,Left,660866.tiff,45,108.9265,36,91,100,61,99,5.6302,255,33,1.6357,255,255,255
nd1S05286,Right,660854.tiff,21,107.8469,48,93,100,49,0,5.1932,99.6284,17,1.2979,255,255,3
nd1S05286,Right,660856.tiff,47,116.1594,57,96,100,41,99,5.9604,255,57,1.3783,255,255,255
nd1S05286,Right,660857.tiff,28,121.1189,44,92,100,45,7,5.565,99.8961,80,1.3581,255,255,19
nd1S05286,Right,660859.tiff,28,123.3225,46,93,100,46,3,6.2236,255,20,1.0597,255,255,255
nd1S05286,Right,660861.tiff,39,112.8414,38,88,100,43,8,6.0509,99.7129,51,1.7735,255,255,6
nd1S05286,Right,660869.tiff,62,94.4835,37,80,100,43,99,5.9315,99.6136,78,2.0029,255,255,0
nd1S05286,Right,660870.tiff,42,112.8329,37,90,100,38,9,5.8973,99.8632,23,1.7626,255,255,3
nd1S05286,Right,660871.tiff,23,105.478,37,89,100,54,0,5.1253,99.5851,37,2.3047,255,255,0
nd1S05286,Right,660872.tiff,62,112.1457,39,89,100,47,86,5.7383,99.3719,71,1.9632,255,255,2
nd1S05286,Right,660874.tiff,57,105.1396,40,90,100,72,97,5.1436,99.8112,76,2.2934,255,255,0
nd1S05287,Right,660992.tiff,85,111.393,37,97,100,48,91,5.5456,99.8032,37,1.5818,255,255,14
nd1S05287,Right,660993.tiff,82,114.6248,37,92,100,51,91,5.6537,99.7924,35,1.7389,255,255,9
nd1S05287,Right,660994.tiff,79,114.3086,35,92,100,48,76,5.6922,99.8258,33,1.9198,255,255,3
nd1S05287,Right,660995.tiff,64,114.1391,34,92,100,49,96,5.5417,99.8265,36,1.6581,255,255,10
nd1S05287,Right,660996.tiff,79,112.1005,33,96,100,47,93,5.571,99.9218,42,1.6565,255,255,13
nd1S05287,Right,660997.tiff,46,110.5932,36,96,100,53,89,5.7855,255,22,2.0529,255,255,255
nd1S05287,Right,661004.tiff,47,120.7084,36,96,100,30,2,5.4147,99.8284,59,2.4557,255,255,0
nd1S05287,Right,661005.tiff,45,133.734,41,96,100,44,72,5.4466,255,7,1.6707,255,255,255
nd1S05287,Right,661006.tiff,60,126.4598,34,92,100,39,0,6.1384,99.6988,58,3.0683,255,255,0
nd1S05287,Right,661007.tiff,79,121.9984,36,93,100,43,84,5.4095,99.7717,64,2.8724,255,255,0
nd1S05287,Right,661008.tiff,78,121.1091,35,95,100,44,84,5.2543,99.7708,60,2.6633,255,255,0
nd1S05287,Right,661009.tiff,72,125.7891,31,91,100,37,33,6.4966,99.8016,52,2.9842,255,255,0
nd1S05288,Left,229858.tiff,78,116.4165,53,95,100,49,99,5.7826,99.8851,18,1.0593,255,255,16
nd1S05288,Left,230644.tiff,64,129.9016,53,94,100,51,67,5.8509,25.909,87,3.832,255,255,0
nd1S05288,Left,231849.tiff,15,119.0488,52,96,100,50,255,5.1876,99.8216,8,1.1982,255,255,255
nd1S05288,Left,234440.tiff,19,96.2179,60,92,6,49,0,5.5669,98.8347,40,1.0957,255,255,1
nd1S05288,Left,242163.tiff,70,116.9458,49,95,100,49,99,5.6308,99.8529,12,1.1567,255,255,9
nd1S05288,Left,243143.tiff,76,122.742,51,94,100,56,65,5.3301,99.9219,74,1.8552,255,255,10
nd1S05288,Left,253944.tiff,78,130.0851,55,95,100,44,66,5.7247,99.9022,85,255,255,255,255
nd1S05288,Left,260333.tiff,82,116.0158,53,97,100,48,99,5.7359,99.8879,12,1.2547,255,255,9
nd1S05288,Left,554737.tiff,90,124.7797,48,93,100,37,58,5.0139,99.8973,67,2.0963,255,255,0
nd1S05288,Left,559728.tiff,37,116.9626,51,94,100,51,47,5.6174,99.8538,18,1.0636,255,255,8
nd1S05288,Left,665573.tiff,40,99.3766,43,98,100,49,33,6.0323,99.8838,79,1.0634,255,255,42
nd1S05288,Left,665574.tiff,66,107.6312,48,97,100,35,63,6.1546,99.8915,18,1.8942,255,255,2
nd1S05288,Left,665575.tiff,40,102.2308,46,95,100,55,33,5.8389,99.7873,74,1.6203,255,255,16
nd1S05288,Left,665576.tiff,29,104.4973,48,98,100,36,0,6.4562,99.7475,69,1.3927,255,255,17
nd1S05288,Left,665577.tiff,24,96.8393,55,95,100,56,16,5.6232,99.8651,72,1.2523,255,255,17
nd1S05288,Left,665578.tiff,22,105.7212,45,93,100,61,0,5.1615,99.56,67,1.1578,255,255,15
nd1S05288,Left,666291.tiff,26,114.6162,51,98,100,53,2,6.0359,99.3741,77,1.2206,255,255,22
nd1S05288,Left,666293.tiff,59,114.5354,55,96,100,50,99,6.0339,97.4611,56,1.2187,255,255,36
nd1S05288,Left,668629.tiff,12,118.0565,49,93,100,94,255,4.3804,255,23,2.2134,255,255,255
nd1S05288,Left,669647.tiff,74,114.2861,56,95,100,46,99,5.79,99.8665,85,1.1684,255,255,68
nd1S05288,Left,934637.tiff,40,115.2032,46,96,100,59,47,5.9969,255,70,1.1395,255,255,255
nd1S05288,Left,934643.tiff,81,113.8373,39,94,100,53,99,5.8369,99.8227,83,1.3485,255,255,53
nd1S05288,Left,934651.tiff,40,107.9169,61,84,100,46,99,5.7443,99.8786,88,1.7394,255,255,12
nd1S05288,Left,934652.tiff,18,107.527,63,96,100,53,0,5.5041,255,85,255,255,255,255
nd1S05288,Left,934656.tiff,21,117.2588,65,96,99,55,97,4.9741,99.7724,5,1.6093,255,255,0
nd1S05289,Left,229502.tiff,26,107.2963,49,97,100,45,17,5.6197,99.8228,87,1.0553,255,255,29
nd1S05289,Left,230520.tiff,95,118.8706,48,96,100,42,54,5.8182,99.9678,86,1.4599,255,255,45
nd1S05289,Left,231568.tiff,27,112.5029,52,92,100,49,51,5.7384,99.6996,89,1.0317,255,255,32
nd1S05289,Left,231571.tiff,48,113.4318,55,93,100,60,79,5.7028,255,19,1.0556,255,255,255
nd1S05289,Left,236141.tiff,91,123.0866,49,95,100,37,54,5.4802,99.9608,80,2.0499,255,255,0
nd1S05289,Left,237628.tiff,82,113.1147,46,97,100,42,99,5.787,99.9402,81,1.3712,255,255,49
nd1S05289,Left,237629.tiff,84,109.6194,47,97,100,47,96,5.5901,99.9349,78,1.3114,255,255,50
nd1S05289,Left,240441.tiff,88,128.826,49,93,100,34,55,5.6203,99.9368,83,3.9469,255,255,0
nd1S05289,Left,241726.tiff,54,114.5977,49,95,100,42,56,5.4114,99.7986,7,1.0446,255,255,5
nd1S05289,Left,242937.tiff,93,126.464,51,95,100,37,52,5.669,99.9272,82,2.2671,255,255,0
nd1S05289,Left,244318.tiff,49,113.0053,51,96,100,35,51,5.324,99.8195,9,1.0503,255,255,5
nd1S05289,Left,665954.tiff,20,106.2484,52,97,100,24,0,5.734,99.9602,72,2.0183,255,255,0
nd1S05289,Left,665956.tiff,20,113.6387,52,97,100,51,0,5.4371,99.8874,57,1.9031,255,255,1
nd1S05289,Left,666862.tiff,62,111.452,48,96,100,51,80,5.4306,99.9289,8,1.3153,255,255,4
nd1S05289,Right,229504.tiff,19,109.4128,40,96,100,53,0,5.579,99.7693,59,1.8371,255,255,2
nd1S05289,Right,229505.tiff,36,106.7734,35,94,100,44,0,5.6158,99.9148,10,1.3228,255,255,3
nd1S05289,Right,230517.tiff,90,120.6706,45,95,100,43,60,4.9332,99.8935,85,3.5502,255,255,0
nd1S05289,Right,231573.tiff,32,110.6782,46,93,100,54,86,6.2038,255,84,1.2318,255,255,255
nd1S05289,Right,231577.tiff,41,109.4254,40,95,100,37,15,5.8448,99.9052,92,1.0356,255,255,51
nd1S05289,Right,236140.tiff,92,132.9301,45,94,100,42,62,4.9491,99.9485,90,3.607,255,255,0
nd1S05289,Right,237632.tiff,73,110.5945,36,96,100,37,99,5.6415,99.8671,90,1.1199,255,255,74
nd1S05289,Right,237634.tiff,66,109.4969,40,95,100,37,99,5.4412,99.9243,93,1.3,255,255,56
nd1S05289,Right,241731.tiff,82,107.2261,38,96,100,45,97,5.7065,99.9176,84,1.3383,255,255,53
nd1S05289,Right,242934.tiff,94,127.3461,47,96,100,41,60,4.9641,99.9313,88,2.6263,255,255,0
nd1S05289,Right,244324.tiff,48,105.839,44,93,100,27,38,5.3878,99.9379,92,1.0702,255,255,53
nd1S05289,Right,665957.tiff,39,108.9374,46,95,100,47,0,5.9939,80.0313,40,1.9265,255,255,1
nd1S05289,Right,665958.tiff,46,112.8321,45,93,100,48,39,5.7022,99.9143,53,1.8792,255,255,4
nd1S05289,Right,665959.tiff,47,110.9765,44,92,100,48,22,5.6785,99.9373,70,2.2057,255,255,0
nd1S05289,Right,665960.tiff,56,108.3168,45,93,100,38,38,6.1475,89.5979,71,1.9987,255,255,0
nd1S05289,Right,665961.tiff,44,111.1424,49,97,100,50,94,5.6657,99.8939,68,1.9317,255,255,3
nd1S05289,Right,665962.tiff,46,112.8683,48,94,100,63,87,5.296,99.6797,72,2.2234,255,255,0
nd1S05289,Right,666864.tiff,68,113.5659,39,95,100,54,98,5.1089,99.9144,13,1.2244,255,255,8
nd1S05301,Left,856874.tiff,78,51.6248,31,89,100,17,33,3.6531,99.9224,0,1.6856,255,255,0
nd1S05301,Left,856877.tiff,87,54.791,33,90,100,15,27,3.5407,99.6728,1,1.5236,255,255,0
nd1S05301,Left,856883.tiff,56,59.9217,32,88,100,26,0,4.6817,99.9141,4,1.7191,255,255,1
nd1S05301,Left,856887.tiff,79,64.1629,37,84,100,18,36,4.6105,99.8938,8,1.3572,255,255,3
nd1S05301,Left,861174.tiff,81,122.8546,36,96,100,51,98,5.3143,99.9657,22,1.0746,255,255,18
nd1S05301,Left,862325.tiff,43,105.9095,37,96,100,31,7,5.2648,99.9643,17,2.2399,255,255,0
nd1S05301,Left,864596.tiff,94,125.318,35,97,100,34,55,5.9356,99.9574,77,4.1352,255,255,0
nd1S05301,Left,864597.tiff,94,125.1242,35,96,100,35,58,5.6272,99.9848,83,255,255,255,255
nd1S05301,Left,865790.tiff,86,110.0331,34,97,100,35,50,4.9026,99.9741,48,1.9526,255,255,2
nd1S05301,Left,902261.tiff,64,54.1625,38,86,100,13,25,3.4706,99.8892,0,1.2036,255,255,0
nd1S05301,Left,902265.tiff,77,51.6491,41,88,100,13,27,3.551,99.8236,0,1.9268,255,255,0
nd1S05301,Left,902271.tiff,88,63.9239,36,86,100,22,33,4.5728,99.8887,1,1.4833,255,255,0
nd1S05301,Left,902275.tiff,73,64.4536,39,93,100,27,30,4.8251,99.7407,6,1.8071,255,255,1
nd1S05301,Left,904063.tiff,60,118.3344,40,98,100,47,96,5.4372,99.943,60,1.3975,255,255,28
nd1S05301,Left,905756.tiff,90,122.6593,35,96,100,30,52,5.7459,99.9255,61,1.8579,255,255,8
nd1S05301,Left,906227.tiff,80,109.7008,41,96,100,26,35,4.7109,99.9522,37,4.6535,255,255,0
nd1S05301,Left,906228.tiff,84,110.3022,41,96,100,33,46,4.6398,99.9541,44,3.5984,255,255,0
nd1S05301,Right,856880.tiff,61,53.225,48,61,100,12,7,3.9226,99.5239,0,1.7252,255,255,0
nd1S05301,Right,856881.tiff,84,56.6408,37,86,100,17,23,3.5838,99.8927,0,1.7308,255,255,0
nd1S05301,Right,856889.tiff,67,64.1725,32,87,100,28,27,4.7858,99.8021,3,1.6799,255,255,1
nd1S05301,Right,856890.tiff,74,64.186,32,93,100,21,3,4.6352,99.879,5,1.2558,255,255,2
nd1S05301,Right,861178.tiff,73,128.3666,36,95,100,54,98,5.2889,99.9367,39,1.0541,255,255,32
nd1S05301,Right,862326.tiff,73,106.6657,36,96,100,38,56,5.2767,99.9562,23,1.9797,255,255,0
nd1S05301,Right,864599.tiff,90,131.5278,33,96,100,33,46,5.4538,99.9695,81,4.1267,255,255,0
nd1S05301,Right,865792.tiff,83,110.9224,34,96,100,22,29,4.3655,99.9665,24,3.8404,255,255,0
nd1S05301,Right,902266.tiff,49,57.7221,56,82,100,21,5,4.2767,255,0,1.5337,255,255,255
nd1S05301,Right,902268.tiff,84,55.2797,37,89,100,17,25,3.5674,99.9144,0,1.7468,255,255,0
nd1S05301,Right,902270.tiff,57,66.6994,34,82,100,22,25,4.2687,99.843,0,1.8084,255,255,0
nd1S05301,Right,902278.tiff,88,63.3681,35,87,100,22,31,4.5626,99.8878,6,1.5728,255,255,1
nd1S05301,Right,902280.tiff,44,63.9319,38,94,100,20,0,4.744,99.9334,4,1.9337,255,255,0
nd1S05301,Right,904070.tiff,81,118.0617,37,97,100,52,98,5.3815,99.938,41,1.1465,255,255,31
nd1S05301,Right,904942.tiff,86,123.6483,42,96,100,38,52,5.6758,99.9398,80,4.2105,255,255,0
nd1S05301,Right,904956.tiff,53,123.7837,37,95,100,34,39,4.9439,255,67,255,255,255,255
nd1S05301,Right,904975.tiff,35,106.0845,39,97,100,31,0,5.0718,99.94,19,1.1111,255,255,7
nd1S05301,Right,906635.tiff,85,104.0098,40,97,100,25,36,4.5722,99.9355,55,255,255,255,255
nd1S05301,Right,906637.tiff,83,101.8536,36,97,100,25,37,4.5515,99.9347,44,8.8551,255,255,0
nd1S05308,Left,529061.tiff,45,123.7091,48,96,100,21,63,5.5105,99.8384,6,1.0223,255,255,3
nd1S05308,Left,529062.tiff,55,124.0203,49,95,100,22,99,5.4738,99.7781,7,1.2451,255,255,4
nd1S05308,Left,529063.tiff,35,119.1965,48,94,100,18,14,5.578,99.8201,37,1.2834,255,255,12
nd1S05308,Left,529064.tiff,41,121.8067,47,94,100,20,28,5.4928,99.9075,8,1.1507,255,255,4
nd1S05308,Left,529065.tiff,26,123.2165,45,94,100,20,26,5.6984,99.7857,6,1.462,255,255,1
nd1S05308,Left,529066.tiff,52,120.0596,44,95,100,19,99,5.4534,99.8756,18,1.1505,255,255,10
nd1S05308,Left,529067.tiff,58,124.452,42,94,100,24,99,5.4653,99.8312,12,1.1596,255,255,8
nd1S05308,Left,529068.tiff,54,126.5079,45,94,100,28,99,5.6164,99.88,8,1.2674,255,255,4
nd1S05308,Left,586619.tiff,83,127.5256,37,95,100,24,72,5.7208,99.7716,76,2.1414,255,255,0
nd1S05308,Left,590438.tiff,77,123.7707,39,94,100,32,99,5.5027,99.8575,7,1.5118,255,255,3
nd1S05308,Left,590439.tiff,38,105.3214,27,79,100,37,255,5.9301,255,38,255,255,255,255
nd1S05308,Left,590440.tiff,63,123.6717,37,96,100,30,99,5.5842,99.9044,15,1.4849,255,255,6
nd1S05308,Left,590441.tiff,40,119.5759,43,94,100,17,0,5.5831,99.8683,50,1.9938,255,255,0
nd1S05308,Left,590442.tiff,66,125.1509,40,96,100,25,89,5.3852,99.9179,12,1.7093,255,255,3
nd1S05308,Left,590443.tiff,43,111.5571,40,95,100,32,0,5.4466,99.9227,4,1.2708,255,255,2
nd1S05308,Left,590444.tiff,74,124.1953,37,94,100,33,99,5.4283,99.8144,13,1.5417,255,255,5
nd1S05308,Left,590445.tiff,66,124.4094,38,94,100,26,99,5.2567,99.7852,53,1.8717,255,255,6
nd1S05308,Left,590446.tiff,57,124.4271,42,95,100,30,99,5.3647,76.2373,14,1.9176,255,255,1
nd1S05308,Left,590447.tiff,38,124.4812,36,95,100,1,2,5.4736,99.78,24,1.4937,255,255,1
nd1S05308,Left,590448.tiff,40,124.2894,36,96,100,4,0,5.2074,99.7694,33,1.5438,255,255,6
nd1S05308,Left,590449.tiff,40,120.3608,40,96,100,0,99,5.5924,4.9329,46,1.8122,255,255,0
nd1S05308,Left,609035.tiff,80,130.1667,39,93,100,21,69,5.6565,99.9782,73,2.9851,255,255,0
nd1S05308,Left,609039.tiff,83,128.9651,48,93,100,18,70,5.6074,99.9524,85,3.8667,255,255,0
nd1S05308,Left,611426.tiff,77,119.2805,42,93,100,25,99,5.2279,99.8246,21,1.7104,255,255,5
nd1S05308,Left,611427.tiff,71,122.9181,43,94,100,26,99,5.0917,99.7802,8,1.4839,255,255,3
nd1S05308,Left,611428.tiff,71,127.3304,41,95,100,25,99,5.2727,99.9081,6,1.7149,255,255,2
nd1S05308,Left,611429.tiff,60,121.5313,42,94,100,19,99,5.162,99.8518,17,1.638,255,255,5
nd1S05308,Left,611430.tiff,61,123.3962,43,95,100,24,99,5.0394,99.8401,9,1.4434,255,255,4
nd1S05308,Left,611431.tiff,63,130.129,41,94,100,21,99,5.0525,99.8754,6,1.6022,255,255,2
nd1S05308,Left,611432.tiff,60,121.3304,42,94,100,18,99,5.1886,99.7928,15,1.63,255,255,4
nd1S05308,Left,611433.tiff,77,123.3999,43,94,100,28,99,5.1235,99.7073,7,1.5665,255,255,3
nd1S05308,Left,611434.tiff,59,121.8493,41,96,100,16,95,5.2402,99.8889,16,1.7981,255,255,2
nd1S05308,Left,611435.tiff,81,117.1583,40,94,100,22,99,5.251,99.7767,49,1.9743,255,255,1
nd1S05308,Left,611436.tiff,80,124.4103,42,93,100,29,99,5.1693,99.8185,11,1.6549,255,255,3
nd1S05308,Left,611437.tiff,69,124.4628,40,93,100,26,99,5.1051,99.8496,9,1.7755,255,255,2
nd1S05308,Left,667583.tiff,23,123.3316,47,94,100,26,0,5.5547,99.7896,55,1.1021,255,255,15
nd1S05308,Left,667584.tiff,28,126.9019,49,96,100,30,3,5.4706,99.7525,6,1.1505,255,255,2
nd1S05308,Left,667585.tiff,24,124.6003,48,95,100,28,0,5.2728,255,10,1.3005,255,255,255
nd1S05308,Left,667586.tiff,24,124.7759,49,94,100,23,0,5.4306,99.8628,10,1.0542,255,255,3
nd1S05308,Left,667587.tiff,28,125.698,49,94,100,31,3,5.517,99.7701,6,1.4305,255,255,1
nd1S05308,Left,667588.tiff,24,125.8376,49,96,100,29,0,5.2609,255,13,1.2083,255,255,255
nd1S05308,Left,668504.tiff,44,118.1477,49,93,100,16,54,5.609,99.7908,88,1.1857,255,255,42
nd1S05308,Left,668505.tiff,27,122.6315,49,94,100,31,8,5.5855,99.847,25,1.1224,255,255,8
nd1S05308,Left,668506.tiff,49,128.4445,47,97,100,18,84,5.7347,99.8373,7,1.2604,255,255,3
nd1S05308,Left,668507.tiff,45,123.9605,51,94,100,18,74,5.5731,99.7188,11,1.1079,255,255,6
nd1S05308,Left,668508.tiff,40,124.7704,50,95,100,30,26,5.5645,99.8336,11,1.0922,255,255,5
nd1S05308,Left,668509.tiff,42,117.5166,51,96,100,16,64,5.7218,99.5563,75,1.5287,255,255,20
nd1S05310,Right,1041536.tiff,80,129.1766,39,96,100,51,98,4.9606,99.8421,41,1.6241,255,255,13
nd1S05310,Right,1042350.tiff,75,114.9525,37,93,100,33,59,5.2022,99.9309,81,3.9126,255,255,0
nd1S05310,Right,1043394.tiff,76,56.0898,33,93,100,16,7,3.8175,99.9416,0,1.094,255,255,0
nd1S05310,Right,1043410.tiff,50,65.451,34,95,100,14,0,5.1897,99.9539,7,1.5045,255,255,2
nd1S05310,Right,1043732.tiff,75,109.7445,35,95,100,36,63,5.0195,99.94,28,2.0538,255,255,0
nd1S05310,Right,230685.tiff,44,122.8043,31,85,100,46,41,5.5205,255,73,255,255,255,255
nd1S05310,Right,233338.tiff,78,125.4756,44,96,100,33,70,5.5135,99.722,67,1.5861,255,255,25
nd1S05310,Right,234362.tiff,0,44.8029,44,6,100,45,255,255,255,29,1.6451,255,255,255
nd1S05310,Right,262572.tiff,40,112.9423,43,94,100,44,4,5.901,255,14,2.0135,255,255,255
nd1S05310,Right,417806.tiff,79,126.0418,41,97,100,34,68,5.4748,99.8425,79,255,255,255,255
nd1S05310,Right,516869.tiff,34,108.8262,37,94,100,29,65,5.9973,99.901,35,2.0616,255,255,0
nd1S05310,Right,541821.tiff,62,108.9787,53,92,100,42,94,5.9873,85.711,35,2.0138,255,255,0
nd1S05310,Right,611567.tiff,45,109.2896,35,92,100,30,5,5.4088,99.9332,61,1.6753,255,255,11
nd1S05310,Right,667649.tiff,42,107.536,40,96,100,32,39,5.6288,99.9454,22,1.5196,255,255,6
nd1S05310,Right,667651.tiff,1,115.9968,30,39,57,71,0,4.3921,96.5977,45,1.578,255,255,0
nd1S05310,Right,796154.tiff,47,64.2172,34,88,100,17,0,4.4862,99.9191,7,1.6111,255,255,1
nd1S05310,Right,861419.tiff,80,136.4866,36,96,100,48,98,5.2906,99.9065,54,1.1503,255,255,40
nd1S05310,Right,944580.tiff,48,105.8837,34,93,100,27,13,5.1975,99.9131,33,2.1645,255,255,0
nd1S05315,Left,231213.tiff,34,115.0298,56,97,100,56,86,5.7099,255,30,1.4154,255,255,255
nd1S05315,Left,233663.tiff,38,123.1977,53,94,100,46,99,6.2519,255,7,1.0443,255,255,255
nd1S05315,Left,237961.tiff,92,113.2837,45,96,100,51,98,5.1512,99.9786,8,1.1386,255,255,6
nd1S05315,Left,237962.tiff,69,120.0107,49,98,100,34,94,5.5347,99.949,42,1.1197,255,255,34
nd1S05315,Left,242226.tiff,91,125.2473,50,96,100,40,97,5.668,99.9545,18,1.1115,255,255,15
nd1S05315,Left,259464.tiff,77,132.9873,58,96,100,47,56,5.9925,99.7316,76,2.803,255,255,0
nd1S05315,Left,267541.tiff,50,120.8798,53,95,100,53,98,4.9846,255,17,1.1499,255,255,255
nd1S05315,Left,267545.tiff,29,117.496,54,98,100,47,42,5.3813,99.8112,32,1.0544,255,255,11
nd1S05315,Left,285791.tiff,79,122.8637,62,95,100,42,91,5.4848,99.783,22,1.1256,255,255,18
nd1S05315,Left,406131.tiff,75,118.249,52,97,100,46,99,5.4802,99.9045,17,1.063,255,255,15
nd1S05315,Left,406132.tiff,70,123.754,56,96,100,30,89,5.6386,99.9306,11,1.1413,255,255,9
nd1S05315,Left,417741.tiff,54,118.6693,62,94,100,55,53,5.6066,255,77,4.2306,255,255,255
nd1S05315,Left,438090.tiff,69,124.9027,57,96,100,33,90,5.6958,99.8664,6,1.1391,255,255,5
nd1S05315,Left,667765.tiff,66,115.9659,50,95,100,45,94,5.2401,99.7684,10,1.11,255,255,7
nd1S05315,Left,667766.tiff,61,122.3857,51,93,64,46,98,5.2874,99.8176,7,1.0621,255,255,4
nd1S05315,Left,669796.tiff,37,123.3244,65,94,67,50,89,5.3514,94.91,11,1.1132,255,255,4
nd1S05317,Left,228823.tiff,70,125.038,43,92,100,41,72,5.957,99.7436,71,2.6885,255,255,0
nd1S05317,Left,229919.tiff,43,112.1861,44,92,100,41,99,6.0109,255,42,1.6114,255,255,255
nd1S05317,Left,236265.tiff,61,111.6659,41,94,100,52,69,5.8435,99.8183,50,2.0518,255,255,0
nd1S05317,Left,241872.tiff,50,115.7323,43,90,100,34,97,5.6811,99.8242,9,1.5806,255,255,3
nd1S05317,Left,243473.tiff,57,112.36,41,94,100,34,88,5.7067,99.8534,55,1.3718,255,255,27
nd1S05317,Left,243477.tiff,42,110.2318,48,89,100,39,94,5.6357,255,12,1.3086,255,255,255
nd1S05317,Left,243478.tiff,63,117.8779,50,94,100,39,99,5.797,255,9,1.4017,255,255,255
nd1S05317,Left,254337.tiff,44,117.7291,51,95,100,29,90,5.6628,99.5873,5,1.2727,255,255,2
nd1S05317,Left,254342.tiff,47,125.4767,57,92,100,18,94,6.0036,255,43,1.1565,255,255,255
nd1S05317,Left,254345.tiff,11,122.5134,51,93,100,33,0,6.146,255,4,1.1036,255,255,255
nd1S05317,Left,262947.tiff,27,120.7593,47,91,100,23,99,6.0394,86.0337,5,1.6412,255,255,1
nd1S05317,Left,262950.tiff,34,122.9382,51,92,100,16,99,6.2675,94.6043,8,1.5442,255,255,2
nd1S05317,Left,262953.tiff,20,130.6778,43,85,100,25,0,5.7469,255,7,1.3407,255,255,255
nd1S05317,Left,276424.tiff,2,67.2286,61,70,87,40,255,4.6275,71.5023,9,1.1336,255,255,255
nd1S05317,Left,276426.tiff,75,119.3228,42,94,100,40,99,5.4879,99.9079,24,1.1139,255,255,19
nd1S05317,Left,283621.tiff,49,120.3302,50,90,100,24,99,6.4073,255,19,1.1471,255,255,255
nd1S05317,Left,283627.tiff,72,114.724,40,93,100,34,99,6.0596,99.9139,36,1.2821,255,255,26
nd1S05317,Left,309497.tiff,46,121.0039,53,78,100,17,90,6.3661,255,7,1.0271,255,255,255
nd1S05317,Left,310574.tiff,72,121.7301,44,92,100,37,69,5.7751,99.6659,68,4.1454,255,255,0
nd1S05317,Left,410507.tiff,38,105.5352,59,88,100,18,76,6.0682,255,43,1.3048,255,255,255
nd1S05317,Left,410508.tiff,30,112.5516,54,94,100,49,84,5.7468,99.7689,24,1.332,255,255,7
nd1S05317,Left,433921.tiff,67,114.1486,49,94,100,42,63,5.8145,99.6241,73,2.2507,255,255,0
nd1S05317,Left,446644.tiff,68,118.9816,43,94,100,25,97,5.3471,99.8833,12,1.149,255,255,9
nd1S05317,Left,446649.tiff,50,123.4903,38,94,100,29,24,5.9966,99.8357,6,1.1178,255,255,4
nd1S05317,Left,667787.tiff,72,111.0553,42,95,100,36,99,5.5094,99.9338,41,1.4373,255,255,21
nd1S05317,Left,667792.tiff,64,118.7594,42,92,99,42,99,5.6826,99.4448,10,1.1987,255,255,7
nd1S05317,Right,236264.tiff,75,114.5231,49,93,100,36,70,5.6517,99.9047,77,3.2422,255,255,0
nd1S05317,Right,241877.tiff,43,115.1132,35,92,100,33,97,6.0643,99.8428,49,1.9882,255,255,0
nd1S05317,Right,260001.tiff,85,122.2408,40,92,100,30,69,5.2613,99.9437,69,4.6134,255,255,0
nd1S05317,Right,262955.tiff,13,118.7695,49,88,100,62,0,5.9709,255,39,2.0927,255,255,255
nd1S05317,Right,262956.tiff,17,115.5774,49,90,100,31,0,5.9851,255,10,1.892,255,255,255
nd1S05317,Right,262961.tiff,25,115.4777,44,90,100,42,0,5.5902,99.9521,37,2.0005,255,255,0
nd1S05317,Right,262965.tiff,21,114.993,43,89,100,39,0,5.2795,255,36,1.9078,255,255,255
nd1S05317,Right,276436.tiff,41,116.6111,50,84,100,48,24,6.0704,255,6,1.2195,255,255,255
nd1S05317,Right,276437.tiff,32,114.9201,42,90,100,38,15,5.6267,255,43,1.4516,255,255,255
nd1S05317,Right,280085.tiff,79,121.7868,45,91,100,33,68,5.3936,99.9055,76,2.3724,255,255,0
nd1S05317,Right,283636.tiff,43,119.159,52,91,100,32,17,6.3389,71.4949,47,1.5011,255,255,10
nd1S05317,Right,283639.tiff,62,118.9557,36,91,100,18,99,6.1108,255,42,1.5235,255,255,255
nd1S05317,Right,309507.tiff,37,119.7906,46,93,100,35,44,5.5751,99.959,6,1.2903,255,255,2
nd1S05317,Right,309509.tiff,41,54.352,70,19,100,22,98,5.588,255,34,1.377,255,255,255
nd1S05317,Right,309512.tiff,44,111.5118,45,90,100,19,82,5.526,99.4397,19,1.5613,255,255,5
nd1S05317,Right,387033.tiff,67,116.0728,43,91,100,39,99,5.1858,99.9083,30,1.5945,255,255,10
nd1S05317,Right,387040.tiff,35,115.0945,42,91,100,37,20,5.8813,99.2764,40,1.5657,255,255,8
nd1S05317,Right,407667.tiff,75,113.1115,45,91,100,34,69,5.5407,99.9414,75,3.9614,255,255,0
nd1S05317,Right,410512.tiff,76,119.0013,46,91,100,32,99,5.5373,99.8217,12,1.4766,255,255,6
nd1S05317,Right,410517.tiff,70,118.3756,48,91,100,33,99,5.4061,99.9372,8,1.1666,255,255,6
nd1S05317,Right,412669.tiff,80,114.2974,46,92,100,33,68,5.4361,99.9437,78,2.1891,255,255,0
nd1S05317,Right,432039.tiff,36,114.5643,43,89,100,31,19,5.5022,99.939,8,1.5841,255,255,2
nd1S05317,Right,432042.tiff,27,113.1524,44,91,100,36,0,5.5909,99.926,20,1.757,255,255,2
nd1S05317,Right,432046.tiff,28,115.8443,52,89,100,41,0,5.948,255,52,1.6144,255,255,255
nd1S05317,Right,433924.tiff,75,114.303,52,91,100,35,67,5.4486,99.8836,73,2.3637,255,255,0
nd1S05317,Right,446653.tiff,34,120.8778,40,91,100,37,8,5.4094,99.9247,23,1.0902,255,255,9
nd1S05317,Right,448118.tiff,73,114.4847,44,91,100,35,70,5.4142,99.9477,55,2.1007,255,255,0
nd1S05317,Right,667798.tiff,38,115.4007,35,91,100,42,14,5.6596,99.9355,41,1.6779,255,255,7
nd1S05321,Left,1104339.tiff,93,127.8294,26,95,100,28,80,5.1045,99.9537,88,1.3634,255,255,48
nd1S05321,Left,1133069.tiff,59,54.3066,42,66,100,7,0,5.6596,99.5865,4,1.3177,255,255,1
nd1S05321,Left,1133070.tiff,49,61.6142,33,76,100,7,0,4.4268,99.8959,6,1.0706,255,255,2
nd1S05321,Left,228381.tiff,97,112.4279,38,97,100,27,70,5.3134,99.918,91,1.1761,255,255,66
nd1S05321,Left,229041.tiff,54,109.6476,34,99,100,30,4,5.2413,99.9244,86,1.1638,255,255,48
nd1S05321,Left,229042.tiff,36,116.2916,33,100,100,16,0,4.9252,99.9528,35,1.1461,255,255,13
nd1S05321,Left,240107.tiff,96,105.8885,40,97,100,23,70,5.1749,99.9684,71,2.5119,255,255,0
nd1S05321,Left,241062.tiff,80,121.0056,38,99,100,29,89,5.086,99.9011,11,1.1038,255,255,8
nd1S05321,Left,241063.tiff,59,116.3814,38,98,100,17,94,5.0057,99.928,6,1.1972,255,255,3
nd1S05321,Left,241065.tiff,30,117.2324,41,99,100,34,0,5.3924,99.9521,6,1.0435,255,255,2
nd1S05321,Left,243031.tiff,94,118.3804,36,96,100,22,73,5.5978,99.8931,93,2.669,255,255,0
nd1S05321,Left,256354.tiff,33,113.6325,35,98,100,11,0,5.1089,99.9323,84,1.2758,255,255,24
nd1S05321,Left,256355.tiff,79,116.5491,37,96,100,18,90,5.4335,99.9634,9,1.4105,255,255,5
nd1S05321,Left,260823.tiff,43,115.7251,39,98,100,9,3,5.0904,99.9394,57,1.0954,255,255,27
nd1S05321,Left,277030.tiff,38,115.704,37,98,100,27,9,4.7233,99.9369,30,1.142,255,255,11
nd1S05321,Left,277036.tiff,80,116.0519,36,99,100,23,99,5.1874,99.9696,10,1.1794,255,255,7
nd1S05321,Left,277039.tiff,77,116.577,37,99,100,21,99,5.3067,99.9346,30,1.1738,255,255,22
nd1S05321,Left,281587.tiff,64,114.6659,34,98,100,29,98,4.7446,99.9689,39,1.1407,255,255,24
nd1S05321,Left,281596.tiff,53,114.1472,35,100,100,21,53,5.1565,99.9372,5,1.0392,255,255,3
nd1S05321,Left,302985.tiff,21,106.1409,27,93,100,0,255,5.9907,255,68,1.4769,255,255,255
nd1S05321,Left,302986.tiff,77,119.2445,36,100,100,17,97,4.7916,99.9617,16,1.0807,255,255,12
nd1S05321,Left,387820.tiff,51,109.3417,37,95,100,14,0,5.281,99.9685,84,1.6907,255,255,17
nd1S05321,Left,415635.tiff,57,117.3325,36,97,100,18,59,5.648,99.897,85,1.1903,255,255,53
nd1S05321,Left,512838.tiff,91,129.4389,33,94,100,16,49,5.4962,99.9641,78,1.6331,255,255,26
nd1S05321,Left,516951.tiff,47,116.9067,36,98,100,12,3,5.0197,99.964,7,1.1548,255,255,3
nd1S05321,Left,523875.tiff,92,123.1716,31,94,100,19,61,4.9911,99.8745,88,1.8829,255,255,9
nd1S05321,Left,541070.tiff,83,120.798,33,99,100,25,93,4.4498,99.8717,5,1.0952,255,255,3
nd1S05321,Left,541071.tiff,80,122.2896,32,97,100,25,95,4.985,99.9796,12,1.0772,255,255,9
nd1S05321,Left,541074.tiff,50,119.553,32,97,100,16,0,4.9019,255,13,1.095,255,255,255
nd1S05321,Left,559343.tiff,77,117.2244,32,97,100,39,98,4.5188,99.9555,6,1.1116,255,255,4
nd1S05321,Left,559346.tiff,44,113.9417,30,98,100,25,0,5.1618,99.933,16,1.101,255,255,8
nd1S05321,Left,559348.tiff,60,118.143,30,98,100,16,0,4.9642,99.9699,7,1.1278,255,255,4
nd1S05321,Left,591886.tiff,29,119.3522,32,98,100,19,0,5.2678,99.9255,16,1.1495,255,255,5
nd1S05321,Left,611380.tiff,81,107.2223,32,98,100,29,99,4.9024,99.9338,48,1.0761,255,255,36
nd1S05321,Left,669047.tiff,17,110.598,36,96,100,27,255,4.8742,99.9166,82,1.0584,255,255,255
nd1S05321,Left,676575.tiff,43,126.1321,28,98,100,22,0,5.5003,99.9003,63,1.07,255,255,33
nd1S05321,Left,693519.tiff,75,122.8876,28,96,100,21,23,5.351,99.7408,78,1.3384,255,255,46
nd1S05321,Left,700888.tiff,94,115.0812,34,96,100,18,51,4.4462,99.9281,45,2.3433,255,255,0
nd1S05321,Left,706846.tiff,0,105.8845,39,95,100,255,255,255,99.6558,1,1.3698,255,255,255
nd1S05321,Left,725628.tiff,24,50.1057,57,80,100,6,0,2.7863,255,1,1.3786,255,255,255
nd1S05321,Left,725633.tiff,30,65.2704,37,94,100,17,0,4.1966,99.8476,3,1.3686,255,255,0
nd1S05321,Left,730439.tiff,81,136.4504,33,98,100,14,96,6.2496,99.9009,51,1.0489,255,255,48
nd1S05321,Left,765553.tiff,53,58.1131,58,78,100,5,5,4.9437,100,0,1.6568,255,255,0
nd1S05321,Left,765609.tiff,83,58.0439,34,77,100,0,5,5.1362,99.8138,7,1.2905,255,255,0
nd1S05321,Left,789389.tiff,71,61.7661,35,93,100,8,38,4.9811,99.7672,3,1.271,255,255,1
nd1S05321,Left,789391.tiff,255,255,255,255,255,255,255,255,255,1,255,255,255,255
nd1S05321,Left,799333.tiff,89,102.8784,35,89,100,9,36,3.3615,99.9582,39,2.9065,255,255,0
nd1S05321,Left,799336.tiff,94,109.4627,31,96,100,11,44,4.6027,99.8395,55,2.4412,255,255,0
nd1S05321,Left,819145.tiff,33,57.7207,53,65,100,4,40,4.4373,255,3,1.3456,255,255,255
nd1S05321,Left,897014.tiff,64,64.7361,35,92,100,11,5,4.2353,99.9179,4,1.1658,255,255,2
nd1S05321,Right,1056866.tiff,64,65.2767,41,53,100,0,8,4.3449,99.498,0,1.8623,255,255,0
nd1S05321,Right,1059389.tiff,91,107.8259,31,93,100,13,62,4.9802,99.8216,87,3.8627,255,255,0
nd1S05321,Right,1081907.tiff,77,48.7132,55,62,100,3,4,3.7091,99.416,0,1.9526,255,255,0
nd1S05321,Right,1083006.tiff,81,123.3163,26,97,100,26,88,5.0418,99.9556,80,1.1282,255,255,59
nd1S05321,Right,1083769.tiff,37,113.4984,29,98,100,8,0,5.0441,99.6925,37,1.3857,255,255,10
nd1S05321,Right,1102839.tiff,80,50.0592,62,55,100,2,0,3.9634,95.946,1,1.5695,255,255,0
nd1S05321,Right,1105098.tiff,59,100.5017,29,96,100,4,22,5.1121,99.8988,43,2.168,255,255,0
nd1S05321,Right,1130649.tiff,91,125.7485,27,96,100,23,84,5.0244,99.9573,54,1.2364,255,255,35
nd1S05321,Right,1132232.tiff,89,122.6331,29,98,100,12,53,4.4438,99.9358,85,3.6982,255,255,0
nd1S05321,Right,1133064.tiff,77,56.529,46,71,100,0,2,4.2532,96.3212,1,1.9012,255,255,0
nd1S05321,Right,1133073.tiff,47,58.0394,43,73,100,1,0,4.6,98.7665,10,1.1127,255,255,1
nd1S05321,Right,1133075.tiff,38,51.9763,55,52,100,10,5,4.751,96.9699,4,1.1597,255,255,1
nd1S05321,Right,1133078.tiff,50,62.9343,33,69,100,4,5,4.5898,97.978,6,1.1502,255,255,1
nd1S05321,Right,229050.tiff,36,116.3813,33,96,100,9,0,4.8853,99.9231,5,1.0889,255,255,2
nd1S05321,Right,237573.tiff,36,103.5371,35,97,100,18,0,4.7297,99.9,5,1.1477,255,255,2
nd1S05321,Right,243030.tiff,90,118.5824,33,98,100,26,70,5.072,99.98,90,255,255,255,255
nd1S05321,Right,268106.tiff,84,105.9917,40,98,100,15,99,5.4811,99.6258,33,1.3535,255,255,19
nd1S05321,Right,277043.tiff,51,119.4146,44,91,100,22,78,5.3545,255,5,255,255,255,255
nd1S05321,Right,281599.tiff,37,112.6619,37,96,86,16,0,5.2201,99.9171,3,255,255,255,255
nd1S05321,Right,281608.tiff,22,114.2771,45,94,100,31,18,4.4291,99.8329,23,1.012,255,255,5
nd1S05321,Right,292978.tiff,89,115.41,35,98,100,19,68,5.1182,99.9665,84,3.352,255,255,0
nd1S05321,Right,402606.tiff,66,112.3712,35,97,100,16,62,5.4036,99.9211,93,1.7454,255,255,20
nd1S05321,Right,520307.tiff,63,113.9859,32,96,100,32,98,4.7257,99.9622,59,1.0743,255,255,39
nd1S05321,Right,537287.tiff,89,112.815,30,96,100,15,60,4.6488,99.9587,70,1.6122,255,255,21
nd1S05321,Right,541083.tiff,49,113.7448,31,96,100,15,0,5.2551,99.8971,4,1.273,255,255,2
nd1S05321,Right,541092.tiff,44,111.8408,33,95,100,16,7,5.3234,99.9393,8,1.2214,255,255,3
nd1S05321,Right,582316.tiff,52,114.6858,30,98,100,20,0,4.958,99.9272,95,1.1934,255,255,47
nd1S05321,Right,582321.tiff,66,114.5411,31,98,100,19,42,5.2303,99.9317,49,1.0474,255,255,38
nd1S05321,Right,611396.tiff,43,88.9712,29,51,100,26,21,5.148,77.195,18,255,255,255,255
nd1S05321,Right,611401.tiff,74,112.7505,29,95,100,14,25,5.0405,99.8532,9,1.1311,255,255,7
nd1S05321,Right,669058.tiff,30,106.6022,41,97,100,15,0,4.9722,99.9367,81,1.0668,255,255,27
nd1S05321,Right,682750.tiff,61,104.5116,28,97,100,6,8,4.8769,99.8247,24,1.8581,255,255,2
nd1S05321,Right,700889.tiff,86,112.2362,32,99,100,17,40,3.5979,99.9357,47,2.5558,255,255,0
nd1S05321,Right,706848.tiff,255,255,255,255,255,255,255,255,255,0,255,255,255,255
nd1S05321,Right,706854.tiff,84,136.6487,32,96,100,19,95,5.8601,99.9635,58,1.1654,255,255,47
nd1S05321,Right,730445.tiff,88,137.4827,33,97,100,19,98,5.8478,99.9458,68,1.0503,255,255,63
nd1S05321,Right,733038.tiff,92,129.3478,33,98,100,18,55,5.0639,99.9753,89,3.8162,255,255,0
nd1S05321,Right,765559.tiff,53,46.1053,54,66,100,3,0,4.1629,93.4275,0,2.1123,255,255,0
nd1S05321,Right,768646.tiff,90,113.2319,33,97,100,6,37,3.8047,99.9615,41,1.9528,255,255,1
nd1S05321,Right,789397.tiff,255,255,255,255,255,255,255,255,255,2,255,255,255,255
nd1S05321,Right,794389.tiff,51,106.4634,32,95,100,9,3,5.2695,99.7238,56,2.0779,255,255,0
nd1S05321,Right,798285.tiff,95,123.9531,31,94,100,14,58,5.2106,99.8931,87,3.8173,255,255,0
nd1S05321,Right,799339.tiff,91,106.6808,33,95,100,9,36,4.0093,99.9239,44,2.1154,255,255,0
nd1S05321,Right,819148.tiff,83,60.8911,37,88,100,4,12,4.3526,97.7284,10,1.565,255,255,2
nd1S05321,Right,819149.tiff,52,65.3562,32,80,100,6,0,4.5206,99.6482,5,1.3101,255,255,1
nd1S05321,Right,856632.tiff,50,62.2913,62,55,100,5,0,4.243,255,1,1.3607,255,255,255
nd1S05321,Right,861064.tiff,82,135.5747,30,95,100,13,93,5.8492,99.8993,58,1.1754,255,255,47
nd1S05321,Right,897034.tiff,62,60.3574,42,72,100,1,0,4.4427,99.303,11,2.0107,255,255,0
nd1S05321,Right,897901.tiff,86,135.7164,31,97,100,28,97,5.5928,99.9527,56,1.1987,255,255,42
nd1S05321,Right,966410.tiff,86,122.51,28,97,100,12,54,4.6853,99.9612,55,255,255,255,255
nd1S05338,Right,586658.tiff,67,132.8626,39,95,100,28,66,4.9814,99.9613,72,2.4562,255,255,0
nd1S05338,Right,590594.tiff,69,134.1612,33,90,100,32,99,5.1851,99.8347,21,1.1046,255,255,16
nd1S05338,Right,590595.tiff,72,126.812,32,91,100,35,98,5.4823,99.8916,65,1.2441,255,255,45
nd1S05338,Right,590596.tiff,58,132.3873,32,94,100,15,98,5.024,99.9374,9,1.0905,255,255,6
nd1S05338,Right,590599.tiff,56,133.3211,34,94,100,18,99,5.0897,91.3753,37,1.0829,255,255,21
nd1S05338,Right,590600.tiff,57,130.8903,36,92,100,23,8,5.0775,99.9522,15,1.2258,255,255,8
nd1S05338,Right,590601.tiff,62,132.5109,35,94,100,32,92,5.2906,99.823,49,1.2237,255,255,30
nd1S05338,Right,590602.tiff,50,132.2808,35,96,100,20,20,5.2136,27.3748,36,1.1781,255,255,5
nd1S05338,Right,590603.tiff,57,130.9191,36,93,100,23,19,5.1454,99.9011,33,1.2006,255,255,18
nd1S05338,Right,590604.tiff,61,125.6393,36,92,100,26,94,5.3472,99.8314,73,1.3451,255,255,37
nd1S05338,Right,590605.tiff,50,132.6634,37,94,100,18,95,5.1098,93.0585,20,1.0544,255,255,11
nd1S05338,Right,601541.tiff,63,129.4777,46,95,100,27,66,4.9491,255,82,4.7489,255,255,255
nd1S05338,Right,601543.tiff,67,128.1713,41,95,100,26,67,5.0528,99.9308,82,4.7665,255,255,0
nd1S05338,Right,601545.tiff,64,126.4707,41,96,100,29,66,5.1588,99.1805,86,4.0558,255,255,0
nd1S05338,Right,605621.tiff,76,132.4984,36,91,100,29,99,5.0786,99.8322,11,1.1888,255,255,8
nd1S05338,Right,605622.tiff,0,77.0354,34,100,100,255,255,255,88.67,8,255,255,255,255
nd1S05338,Right,605624.tiff,60,132.8422,34,91,100,22,28,5.0861,99.8931,46,1.1255,255,255,29
nd1S05338,Right,605625.tiff,66,131.1894,34,93,100,20,83,5.0726,99.9246,6,1.0453,255,255,5
nd1S05338,Right,605626.tiff,54,128.0898,35,93,100,19,14,5.4838,99.9408,63,1.2259,255,255,34
nd1S05338,Right,605627.tiff,71,131.6708,35,92,100,25,99,5.1227,99.9024,25,1.1336,255,255,18
nd1S05338,Right,605628.tiff,65,131.1724,37,93,100,18,91,5.1088,99.8922,6,1.0354,255,255,5
nd1S05338,Right,605629.tiff,58,132.0101,37,94,100,21,99,5.0534,99.4494,17,1.1145,255,255,10
nd1S05338,Right,605630.tiff,67,131.607,36,91,100,27,99,5.0684,99.889,10,1.1566,255,255,7
nd1S05338,Right,605631.tiff,62,133.9633,36,91,100,28,99,5.2411,99.8834,19,1.1111,255,255,13
nd1S05338,Right,605632.tiff,55,134.4085,34,91,100,22,99,5.132,99.9039,8,1.1199,255,255,5
nd1S05338,Right,609656.tiff,80,138.6756,39,96,100,25,67,5.1009,99.8988,81,4.023,255,255,0
nd1S05338,Right,609658.tiff,82,142.1181,42,95,100,24,68,5.0924,99.9213,88,4.0451,255,255,0
nd1S05338,Right,609660.tiff,79,144.1041,35,95,100,27,67,5.2491,99.9278,82,2.6998,255,255,0
nd1S05338,Right,614024.tiff,53,127.8155,33,92,100,19,2,5.2859,99.9413,77,1.1827,255,255,42
nd1S05338,Right,614025.tiff,61,128.2437,34,90,100,21,29,5.3414,99.8925,72,1.2408,255,255,42
nd1S05338,Right,614026.tiff,50,128.2732,33,94,100,17,11,5.514,99.9066,17,1.3413,255,255,7
nd1S05338,Right,614027.tiff,62,127.479,34,91,100,30,99,5.2064,99.9074,68,1.252,255,255,39
nd1S05338,Right,614028.tiff,64,128.7889,33,91,100,28,99,5.2971,99.8923,66,1.2508,255,255,40
nd1S05338,Right,614029.tiff,44,127.7662,33,93,100,16,30,5.5434,99.9091,72,1.3758,255,255,26
nd1S05338,Right,614030.tiff,53,129.0725,33,92,100,23,9,5.26,99.927,79,1.3025,255,255,37
nd1S05338,Right,614031.tiff,47,129.5688,34,91,100,19,5,5.3633,99.9025,75,1.3365,255,255,30
nd1S05338,Right,614032.tiff,40,130.5725,33,93,100,19,48,5.4639,99.9148,56,1.3502,255,255,19
nd1S05338,Right,614034.tiff,51,131.3085,32,91,100,20,3,5.3655,99.8715,66,1.3583,255,255,28
nd1S05338,Right,614035.tiff,51,131.9249,31,92,100,20,17,5.4161,99.9086,26,1.4248,255,255,10
nd1S05338,Right,668546.tiff,26,98.5451,42,85,100,36,64,5.2848,88.2376,7,255,255,255,255
nd1S05338,Right,668547.tiff,31,133.732,48,92,100,22,15,5.4536,255,6,1.0359,255,255,255
nd1S05338,Right,668548.tiff,24,131.3441,49,96,100,14,0,5.3537,255,14,1.1441,255,255,255
nd1S05338,Right,668549.tiff,28,127.2945,52,91,100,26,19,5.2162,99.8362,58,1.2765,255,255,15
nd1S05338,Right,668550.tiff,29,135.275,51,92,100,15,18,5.2413,99.8609,12,1.0693,255,255,4
nd1S05338,Right,668551.tiff,26,136.0114,52,94,100,13,14,5.0829,99.866,11,1.1361,255,255,3
nd1S05340,Left,230272.tiff,59,128.3682,63,84,100,28,81,5.6512,85.5024,79,2.8881,255,255,0
nd1S05340,Left,230274.tiff,74,127.4579,58,96,100,24,81,6.166,99.8482,57,2.004,255,255,0
nd1S05340,Left,231081.tiff,75,123.6395,55,97,100,31,99,5.8385,99.8486,87,1.2758,255,255,61
nd1S05340,Left,232981.tiff,69,137.7966,57,97,100,30,82,6.34,99.8857,69,1.9162,255,255,6
nd1S05340,Left,233626.tiff,37,115.6503,59,78,100,38,99,6.2294,255,21,1.1167,255,255,255
nd1S05340,Left,233627.tiff,40,124.0433,54,99,100,45,99,6.0716,255,24,1.2331,255,255,255
nd1S05340,Left,233630.tiff,44,124.0571,51,98,100,19,99,5.8441,76.2474,69,1.2704,255,255,24
nd1S05340,Left,668903.tiff,71,123.4231,50,95,100,30,99,5.6232,99.8687,46,1.1532,255,255,36
nd1S05367,Left,543147.tiff,47,118.1562,24,94,100,24,67,5.8625,99.9527,69,1.1177,255,255,40
nd1S05367,Left,543152.tiff,77,121.7534,23,94,100,31,37,5.3405,99.9208,63,1.2449,255,255,42
nd1S05367,Left,543153.tiff,51,125.9563,23,91,100,30,0,5.5048,99.8976,9,1.1229,255,255,5
nd1S05367,Left,592380.tiff,44,117.6588,22,93,100,35,0,5.1768,99.9536,6,255,255,255,255
nd1S05367,Left,592387.tiff,51,118.6115,22,90,100,36,3,5.7059,99.9034,46,1.2134,255,255,25
nd1S05367,Left,592390.tiff,40,118.9157,23,95,100,26,29,5.7308,99.9258,20,1.2128,255,255,9
nd1S05367,Left,608662.tiff,71,118.291,23,92,100,35,0,5.559,99.9433,56,1.2272,255,255,40
nd1S05367,Left,608664.tiff,79,126.3844,25,94,100,33,93,5.2346,99.8923,6,1.2133,255,255,4
nd1S05367,Left,608668.tiff,65,119.8671,24,94,100,39,0,5.4762,99.9478,12,1.0866,255,255,9
nd1S05367,Left,677064.tiff,90,127.8849,23,95,100,24,61,5.6996,99.9364,81,255,255,255,255
nd1S05367,Left,677074.tiff,62,111.1271,24,95,100,20,0,5.0478,99.9045,6,1.8385,255,255,1
nd1S05367,Left,677079.tiff,57,123.5245,23,93,100,33,0,5.3515,99.8456,54,1.1439,255,255,34
nd1S05373,Left,518313.tiff,68,111.2611,37,92,100,32,99,5.5885,99.9154,34,1.2862,255,255,22
nd1S05373,Left,518314.tiff,44,110.8578,40,91,100,42,99,5.2727,99.9766,26,1.3035,255,255,10
nd1S05373,Left,518318.tiff,69,110.7806,39,92,100,39,99,5.6974,99.8666,22,1.1578,255,255,17
nd1S05373,Left,523403.tiff,75,105.8175,38,90,100,31,68,5.3049,99.9373,58,2.0303,255,255,0
nd1S05373,Left,537378.tiff,85,102.2357,39,89,100,27,68,5.1609,99.9779,56,2.055,255,255,0
nd1S05373,Left,541444.tiff,37,101.2273,39,87,100,36,0,5.3816,99.9636,8,1.1581,255,255,3
nd1S05373,Left,541455.tiff,48,110.8306,43,91,100,40,37,5.8909,255,20,1.0796,255,255,255
nd1S05373,Left,554049.tiff,84,99.3558,41,91,100,25,68,5.2005,99.9593,56,1.8956,255,255,5
nd1S05373,Left,556792.tiff,40,112.3785,47,93,100,43,44,5.4724,255,25,1.089,255,255,255
nd1S05373,Left,556795.tiff,73,111.7505,46,93,100,39,99,5.7151,99.8882,45,1.1107,255,255,38
nd1S05373,Right,515671.tiff,51,110.8964,42,91,100,49,40,4.8947,99.8771,9,1.2046,255,255,4
nd1S05373,Right,515672.tiff,51,116.185,41,92,100,39,26,5.7586,99.9164,8,1.1572,255,255,5
nd1S05373,Right,518326.tiff,22,105.393,44,91,100,50,0,5.261,99.9194,44,1.335,255,255,8
nd1S05373,Right,518331.tiff,72,108.5872,41,93,100,40,99,5.4431,99.8689,14,1.2262,255,255,10
nd1S05373,Right,518334.tiff,75,108.1733,42,93,100,36,99,5.5211,99.8425,37,1.5039,255,255,17
nd1S05373,Right,518335.tiff,71,110.9629,40,90,100,39,99,5.5299,99.8935,38,1.2519,255,255,26
nd1S05373,Right,537379.tiff,85,104.1333,41,92,100,29,69,5.0016,99.9522,65,1.9335,255,255,4
nd1S05373,Right,541462.tiff,56,111.7546,43,92,100,35,52,5.5349,99.9529,41,1.2101,255,255,24
nd1S05373,Right,554054.tiff,85,108.3828,40,91,100,28,71,5.2294,99.9037,67,1.6843,255,255,18
nd1S05373,Right,556804.tiff,24,111.2516,47,89,100,49,0,5.3523,77.5158,37,1.1879,255,255,7
nd1S05375,Right,528167.tiff,24,121.4953,48,95,100,49,0,5.6238,99.9341,35,2.2562,255,255,0
nd1S05375,Right,554394.tiff,65,117.2706,44,96,100,30,63,4.7765,99.8527,75,3.4096,255,255,0
nd1S05375,Right,558229.tiff,44,121.652,43,94,100,41,13,5.5448,99.8488,9,2.1356,255,255,0
nd1S05375,Right,558231.tiff,27,120.9306,43,94,100,41,0,5.1566,99.9367,20,2.1452,255,255,0
nd1S05375,Right,580714.tiff,51,105.3338,52,86,100,25,96,5.1548,92.8461,7,1.8036,255,255,1
nd1S05375,Right,580718.tiff,24,116.3309,47,96,31,58,0,4.7816,99.111,29,2.0237,255,255,0
nd1S05375,Right,586534.tiff,74,114.5305,43,96,100,32,61,4.8349,99.8569,68,3.5184,255,255,0
nd1S05375,Right,590058.tiff,65,121.3179,41,95,100,47,99,5.3693,99.4131,8,2.1008,255,255,0
nd1S05375,Right,590059.tiff,55,119.8628,42,96,100,39,99,5.7022,32.937,13,2.038,255,255,0
nd1S05375,Right,590064.tiff,60,122.6947,42,94,100,34,99,5.4878,99.8931,8,1.6888,255,255,2
nd1S05375,Right,601809.tiff,70,113.4523,36,97,100,34,62,4.9702,99.8903,78,4.292,255,255,0
nd1S05375,Right,606712.tiff,40,115.503,50,93,100,38,10,5.9881,255,53,2.3244,255,255,255
nd1S05375,Right,606714.tiff,41,121.5453,56,78,100,47,11,5.5594,77.7277,8,2.097,255,255,0
nd1S05375,Right,606718.tiff,50,118.7219,48,95,100,28,99,5.5639,255,6,1.6894,255,255,255
nd1S05375,Right,606721.tiff,53,120.2252,39,97,100,33,99,5.6552,255,17,1.8833,255,255,255
nd1S05379,Left,1016516.tiff,96,114.9345,53,97,100,27,54,5.0636,99.8723,51,255,255,255,255
nd1S05379,Left,1041765.tiff,25,124.7393,43,98,100,59,0,5.0883,99.9664,63,1.2096,255,255,15
nd1S05379,Left,1044449.tiff,36,63.5423,45,99,100,16,0,4.5631,99.8151,2,1.2726,255,255,0
nd1S05379,Left,1064105.tiff,64,58.1453,45,94,100,14,19,4.2424,99.722,0,1.6325,255,255,0
nd1S05379,Left,1089811.tiff,87,139.9248,35,97,100,56,98,4.9387,99.9493,73,1.2507,255,255,45
nd1S05379,Left,1103595.tiff,28,54.0714,46,96,100,14,6,4.2083,98.5491,1,2.1436,255,255,0
nd1S05379,Left,1103606.tiff,83,67.7505,47,96,100,17,34,5.1106,99.9175,0,1.3942,255,255,0
nd1S05379,Left,1103608.tiff,52,65.6859,43,89,100,16,37,4.9364,99.7464,5,1.1435,255,255,2
nd1S05379,Left,1133775.tiff,63,133.6151,43,97,100,50,56,4.7221,99.8901,70,1.3108,255,255,34
nd1S05379,Left,1134260.tiff,55,114.6693,49,99,100,17,54,4.9618,99.9573,27,1.0951,255,255,16
nd1S05379,Left,1135912.tiff,86,57.7443,47,88,100,13,22,4.0056,99.8224,1,1.176,255,255,0
nd1S05379,Left,1135925.tiff,54,69.7748,47,93,100,16,37,4.7016,99.6159,1,1.1679,255,255,0
nd1S05379,Left,255785.tiff,70,115.7724,59,99,100,46,99,6.2595,255,27,255,255,255,255
nd1S05379,Left,263015.tiff,44,124.7243,60,96,100,34,95,5.5319,99.7952,6,1.215,255,255,3
nd1S05379,Left,263020.tiff,21,117.8106,54,95,100,14,0,5.8164,99.7868,12,1.1163,255,255,3
nd1S05379,Left,280885.tiff,33,122.3985,58,97,100,23,88,5.7346,99.82,4,1.055,255,255,2
nd1S05379,Left,411366.tiff,1,116.8984,64,99,73,255,255,4.6637,99.8547,9,1.4339,255,255,255
nd1S05379,Left,511453.tiff,73,119.5021,55,94,100,25,38,5.3679,99.4661,61,2.3024,255,255,0
nd1S05379,Left,513777.tiff,90,124.3176,57,97,100,38,89,5.1565,99.8455,65,1.1953,255,255,45
nd1S05379,Left,523803.tiff,87,113.3529,49,97,100,26,48,5.4626,99.6807,65,2.2928,255,255,0
nd1S05379,Left,559951.tiff,94,114.6503,47,98,100,40,85,5.0645,99.906,7,1.1231,255,255,5
nd1S05379,Left,581700.tiff,56,109.1555,52,95,100,25,86,5.6192,99.9058,78,1.4628,255,255,31
nd1S05379,Left,581704.tiff,56,121.0811,52,95,100,25,87,5.2281,99.9199,6,1.0784,255,255,4
nd1S05379,Left,588249.tiff,24,121.8686,45,95,63,44,0,5.3077,99.8904,6,1.1477,255,255,1
nd1S05379,Left,603534.tiff,78,120.6041,50,98,100,32,90,4.9312,99.8692,7,1.1581,255,255,5
nd1S05379,Left,613532.tiff,38,115.6004,56,97,100,26,88,5.2248,99.8245,8,1.1145,255,255,3
nd1S05379,Left,613537.tiff,84,117.7133,53,99,100,32,93,5.234,99.8124,4,1.0612,255,255,3
nd1S05379,Left,613540.tiff,21,113.9445,52,97,100,39,0,5.0503,99.8759,26,1.1979,255,255,5
nd1S05379,Left,613543.tiff,72,118.2864,52,93,100,29,88,4.9081,99.8949,6,1.0443,255,255,5
nd1S05379,Left,705267.tiff,84,129.448,48,98,100,39,97,5.3086,99.8983,68,1.302,255,255,42
nd1S05379,Left,721337.tiff,38,64.1452,44,98,100,10,0,4.748,98.8959,5,1.4553,255,255,1
nd1S05379,Left,731247.tiff,81,120.8816,57,97,100,26,54,5.0397,99.9644,88,3.9996,255,255,0
nd1S05379,Left,757726.tiff,96,133.2862,43,97,100,40,99,5.5393,99.9528,51,1.0979,255,255,42
nd1S05379,Left,762363.tiff,63,56.5516,53,95,100,12,23,3.6432,99.741,0,1.8557,255,255,0
nd1S05379,Left,827464.tiff,57,49.4781,45,86,100,6,25,4.0881,99.664,0,1.3772,255,255,0
nd1S05379,Left,828763.tiff,92,108.4326,53,99,100,20,40,3.7843,99.9063,37,2.8527,255,255,0
nd1S05379,Left,868675.tiff,67,66.2184,51,89,100,16,35,4.6042,99.6747,2,1.2293,255,255,1
nd1S05379,Left,872537.tiff,88,137.1351,50,98,100,39,97,5.2977,99.9689,58,1.0637,255,255,48
nd1S05379,Left,896827.tiff,27,57.268,47,90,100,11,0,3.294,99.4579,1,1.6763,255,255,0
nd1S05379,Left,896837.tiff,35,65.7329,43,96,100,16,0,4.8431,255,5,1.6074,255,255,255
nd1S05379,Left,900135.tiff,95,126.6316,52,97,100,33,51,5.3385,99.9576,75,1.7379,255,255,17
nd1S05379,Left,901428.tiff,91,114.0472,48,97,100,30,44,4.2511,99.8937,56,3.0807,255,255,0
nd1S05379,Left,934927.tiff,30,120.9506,59,97,100,28,74,5.5709,99.8854,6,1.103,255,255,2
nd1S05379,Left,935109.tiff,23,118.1169,70,97,31,37,99,5.4352,255,4,1.0486,255,255,255
nd1S05379,Left,935116.tiff,28,121.2644,64,94,100,25,96,5.593,99.6368,6,1.0472,255,255,2
nd1S05379,Left,943990.tiff,97,114.6023,42,96,100,40,96,4.9795,99.93,30,1.1328,255,255,22
nd1S05379,Left,946280.tiff,97,124.9892,54,98,100,31,59,4.9739,99.9411,89,255,255,255,255
nd1S05379,Left,969415.tiff,63,64.559,40,87,100,15,0,4.548,99.8318,7,1.7835,255,255,1
nd1S05379,Left,970837.tiff,83,55.3909,40,96,100,15,21,3.8159,99.7552,1,1.886,255,255,0
nd1S05379,Left,997374.tiff,87,121.149,55,98,100,29,61,5.3088,99.9289,88,255,255,255,255
nd1S05379,Right,1041770.tiff,63,119.247,39,97,100,43,78,4.7826,99.9347,46,1.2972,255,255,23
nd1S05379,Right,1044445.tiff,16,59.7169,65,80,100,9,0,3.789,94.1599,0,1.9079,255,255,0
nd1S05379,Right,1103603.tiff,27,48.2371,54,94,100,13,4,4.0164,255,1,1.1619,255,255,255
nd1S05379,Right,1135920.tiff,77,66.9918,48,95,100,15,36,4.8308,99.8562,5,1.7369,255,255,1
nd1S05379,Right,228796.tiff,79,113.5664,57,98,100,33,64,5.0601,99.9445,87,3.8331,255,255,0
nd1S05379,Right,228798.tiff,83,112.6354,62,98,100,31,64,5.17,99.9618,75,1.9309,255,255,4
nd1S05379,Right,230475.tiff,68,104.7399,60,98,100,32,62,5.1407,99.9301,78,4.07,255,255,0
nd1S05379,Right,233242.tiff,86,122.4623,65,98,100,30,63,5.1453,99.9336,89,4.0337,255,255,0
nd1S05379,Right,236172.tiff,61,113.0962,60,98,100,34,65,5.4297,99.9133,87,255,255,255,255
nd1S05379,Right,237693.tiff,18,112.1758,58,96,100,61,0,6.0164,99.9031,89,1.7383,255,255,6
nd1S05379,Right,237696.tiff,20,119.8831,57,96,100,35,25,5.8569,99.8712,11,1.1435,255,255,3
nd1S05379,Right,241947.tiff,68,117.8557,57,96,100,34,97,5.5412,99.8836,17,1.2744,255,255,11
nd1S05379,Right,241951.tiff,46,118.0372,58,97,100,26,92,5.4455,99.8756,7,1.2202,255,255,3
nd1S05379,Right,255797.tiff,85,119.542,57,96,100,36,98,5.5338,99.8604,8,1.2261,255,255,6
nd1S05379,Right,278768.tiff,37,116.9031,59,96,100,27,87,5.5522,99.8783,4,1.3183,255,255,1
nd1S05379,Right,285608.tiff,13,114.4586,61,93,100,65,0,5.877,99.7548,81,1.2722,255,255,11
nd1S05379,Right,285610.tiff,87,119.2584,63,95,100,32,98,5.4016,99.9001,27,1.2691,255,255,18
nd1S05379,Right,411372.tiff,21,118.9433,63,99,100,28,31,5.3793,99.8734,88,1.3379,255,255,16
nd1S05379,Right,432868.tiff,16,119.3808,57,94,100,41,0,5.9983,99.9482,10,1.3185,255,255,2
nd1S05379,Right,441338.tiff,21,116.7184,57,95,100,29,7,5.2544,99.837,5,1.1591,255,255,1
nd1S05379,Right,519992.tiff,17,109.7826,56,95,100,63,0,5.9629,99.7807,27,1.4449,255,255,4
nd1S05379,Right,519997.tiff,53,110.4045,51,92,100,32,97,5.6306,255,17,255,255,255,255
nd1S05379,Right,539336.tiff,64,117.0741,49,96,100,21,92,5.2525,99.8939,37,1.3519,255,255,19
nd1S05379,Right,581712.tiff,27,113.7779,43,87,100,60,255,5.9649,255,24,255,255,255,255
nd1S05379,Right,581714.tiff,83,117.5515,49,96,100,35,93,5.473,99.9379,70,1.2874,255,255,45
nd1S05379,Right,588259.tiff,40,115.5983,51,92,100,27,82,5.9444,255,30,255,255,255,255
nd1S05379,Right,588265.tiff,39,115.1226,53,95,100,25,78,5.4753,99.7867,7,1.2786,255,255,3
nd1S05379,Right,588267.tiff,75,105.0786,52,97,100,28,91,5.0208,99.9332,13,1.1995,255,255,9
nd1S05379,Right,603547.tiff,45,113.7128,52,95,100,39,99,5.0744,99.8308,32,1.347,255,255,11
nd1S05379,Right,613545.tiff,0,113.3652,55,93,94,255,255,255,99.9171,68,1.8791,255,255,255
nd1S05379,Right,673352.tiff,93,113.0559,45,95,100,22,60,4.9239,99.9535,24,1.1447,255,255,17
nd1S05379,Right,673354.tiff,21,109.8669,47,98,100,29,0,5.2044,99.9593,42,1.8221,255,255,2
nd1S05379,Right,673361.tiff,91,121.2612,37,95,100,39,97,5.1343,99.9357,46,1.4117,255,255,23
nd1S05379,Right,693968.tiff,86,136.7496,33,95,100,47,97,5.4808,99.9295,30,1.0698,255,255,25
nd1S05379,Right,701027.tiff,98,115.3425,52,98,100,27,42,3.9462,99.9626,34,2.551,255,255,0
nd1S05379,Right,721332.tiff,84,59.8232,45,94,100,13,25,3.6922,99.8608,0,1.0845,255,255,0
nd1S05379,Right,721335.tiff,10,41.8608,63,81,100,1,255,3.2121,255,0,1.2585,255,255,255
nd1S05379,Right,721342.tiff,73,64.5078,44,93,100,13,35,4.6081,99.5892,4,1.6897,255,255,1
nd1S05379,Right,721345.tiff,59,66.9335,39,94,100,6,2,4.3739,99.9163,2,1.5493,255,255,0
nd1S05379,Right,726899.tiff,79,135.5292,48,97,100,37,99,5.6347,99.9563,71,1.2085,255,255,53
nd1S05379,Right,827465.tiff,75,55.2957,42,85,100,16,24,4.2588,99.628,1,2.104,255,255,0
nd1S05379,Right,896832.tiff,29,61.7866,71,57,100,12,0,3.8568,82.2991,0,1.2747,255,255,0
nd1S05379,Right,896838.tiff,41,61.9251,47,92,100,19,0,5.1222,255,6,1.9473,255,255,255
nd1S05379,Right,896839.tiff,59,84.3376,58,88,100,18,38,4.5573,93.0677,5,1.4377,255,255,2
nd1S05379,Right,897855.tiff,88,132.8615,41,96,100,37,98,5.1458,99.9276,48,1.3597,255,255,26
nd1S05379,Right,935341.tiff,75,108.9444,55,95,100,40,99,5.305,99.8796,7,1.3279,255,255,4
nd1S05379,Right,935485.tiff,27,119.1796,69,98,100,29,87,5.5679,99.7337,89,1.5309,255,255,15
nd1S05379,Right,935490.tiff,44,118.0651,57,99,100,40,96,5.9798,255,81,1.8264,255,255,255
nd1S05379,Right,943991.tiff,75,119.393,41,95,100,34,98,5.1318,99.9203,38,1.273,255,255,24
nd1S05405,Right,228562.tiff,55,121.3711,55,96,100,31,75,5.1178,255,81,2.5241,255,255,255
nd1S05405,Right,229407.tiff,53,117.7326,51,95,100,35,99,5.3461,255,78,1.6242,255,255,255
nd1S05405,Right,231096.tiff,20,108.3185,48,93,100,51,0,5.1761,255,23,1.1637,255,255,255
nd1S05405,Right,231097.tiff,31,113.2161,47,94,100,36,9,5.8782,255,32,1.1885,255,255,255
nd1S05405,Right,231100.tiff,38,114.049,48,97,100,39,40,6.186,255,4,1.1224,255,255,255
nd1S05405,Right,233068.tiff,67,127.1982,55,96,100,33,75,4.9667,255,89,2.4094,255,255,255
nd1S05405,Right,233813.tiff,26,113.1286,35,95,100,34,41,5.608,93.1801,45,1.2042,255,255,12
nd1S05405,Right,237912.tiff,44,112.7617,45,96,100,39,98,5.8603,255,52,1.2155,255,255,255
nd1S05405,Right,241648.tiff,40,112.2313,41,91,100,49,99,5.5696,255,12,1.2883,255,255,255
nd1S05405,Right,241651.tiff,45,111.1406,44,94,100,38,99,5.5628,255,51,1.1711,255,255,255
nd1S05405,Right,244163.tiff,47,111.9241,46,94,100,31,99,5.2368,255,52,1.6365,255,255,255
nd1S05405,Right,244167.tiff,50,111.9365,44,94,100,36,99,5.151,255,64,1.2562,255,255,255
nd1S05405,Right,257450.tiff,30,103.2387,55,93,100,39,99,6.3299,98.0417,65,1.2714,255,255,20
nd1S05405,Right,257456.tiff,51,113.1231,51,93,100,44,99,6.1585,255,7,1.2673,255,255,255
nd1S05405,Right,263546.tiff,58,117.6922,45,93,100,32,99,4.9763,255,8,1.4239,255,255,255
nd1S05405,Right,279553.tiff,27,116.6152,47,96,100,31,51,5.7807,99.7869,8,1.24,255,255,2
nd1S05405,Right,288233.tiff,44,117.3263,48,95,100,26,48,5.1471,255,11,1.1412,255,255,255
nd1S05405,Right,447212.tiff,26,114.0568,50,93,100,24,36,5.3163,98.8766,63,1.377,255,255,13
nd1S05405,Right,447216.tiff,24,114.093,52,96,100,42,71,5.7404,255,63,1.2766,255,255,255
nd1S05407,Left,869141.tiff,43,53.7183,60,0,100,8,0,3.6883,99.2969,0,1.3626,255,255,0
nd1S05407,Left,869145.tiff,69,61.4259,38,97,100,10,30,4.1487,99.7532,0,1.0801,255,255,0
nd1S05407,Left,869151.tiff,23,45.0633,40,79,100,4,0,3.6612,93.7015,2,1.3895,255,255,0
nd1S05407,Left,869152.tiff,72,70.9867,38,88,100,10,44,4.4205,99.8171,3,1.6118,255,255,1
nd1S05407,Left,869153.tiff,66,73.0881,35,91,100,10,46,4.5349,99.7875,4,1.5465,255,255,1
nd1S05407,Left,869154.tiff,74,73.7775,38,89,100,13,43,4.4597,99.8949,4,1.3276,255,255,2
nd1S05407,Left,871122.tiff,81,131.7546,35,93,100,23,62,5.6142,99.968,84,3.8306,255,255,0
nd1S05407,Left,871123.tiff,81,131.3829,35,92,100,26,60,5.1618,99.9389,87,3.8746,255,255,0
nd1S05407,Left,871124.tiff,77,122.7982,34,93,100,21,60,5.3426,99.9587,81,3.9428,255,255,0
nd1S05407,Left,871125.tiff,78,123.2677,34,93,100,25,59,5.1069,99.9181,85,3.9058,255,255,0
nd1S05407,Left,872055.tiff,73,119.9639,35,92,100,17,51,4.7587,99.9289,81,4.7731,255,255,0
nd1S05407,Left,872056.tiff,76,121.2161,34,94,100,26,51,4.1962,99.9545,80,4.8451,255,255,0
nd1S05407,Left,872057.tiff,81,122.9263,32,92,100,20,53,4.9455,99.9346,60,2.4849,255,255,0
nd1S05407,Left,872058.tiff,82,126.2084,32,95,100,27,55,4.3272,99.9594,63,2.7164,255,255,0
nd1S05407,Left,872723.tiff,72,134.9863,34,91,100,26,99,5.7394,99.949,48,1.084,255,255,42
nd1S05407,Left,872724.tiff,74,134.9513,34,92,100,28,99,5.7265,99.9496,47,1.0901,255,255,41
nd1S05407,Left,873542.tiff,44,114.5719,36,92,100,8,49,5.1549,99.9721,26,2.145,255,255,0
nd1S05407,Left,873544.tiff,73,115.3463,35,95,100,25,64,5.3262,99.9695,27,2.2958,255,255,0
nd1S05407,Left,873546.tiff,71,113.5715,33,93,100,22,18,5.2108,99.961,28,2.2149,255,255,0
nd1S05407,Left,902897.tiff,51,52.992,61,93,100,6,13,3.7877,96.408,0,1.2548,255,255,0
nd1S05407,Left,902907.tiff,68,64.3396,35,89,100,12,44,4.5659,99.9226,2,1.2933,255,255,1
nd1S05407,Left,902908.tiff,37,64.8939,37,91,100,11,7,4.4052,99.8937,2,1.3959,255,255,0
nd1S05407,Left,902909.tiff,28,65.7897,36,91,100,14,0,4.4169,99.929,5,1.3808,255,255,1
nd1S05407,Left,904350.tiff,60,135.1305,36,92,100,25,99,5.5683,99.9602,41,1.0661,255,255,30
nd1S05407,Left,905209.tiff,78,115.0683,35,95,100,26,61,5.162,99.9659,29,2.1915,255,255,0
nd1S05407,Left,905214.tiff,79,113.7138,37,94,100,26,65,5.3281,99.951,28,2.1714,255,255,0
nd1S05407,Left,905882.tiff,82,121.849,36,94,100,20,60,5.4284,99.9647,80,3.8983,255,255,0
nd1S05407,Left,905884.tiff,71,126.2795,36,93,100,18,61,5.5478,99.9538,82,4.1145,255,255,0
nd1S05407,Left,905885.tiff,77,125.7151,36,94,100,25,61,5.1834,99.9582,87,3.974,255,255,0
nd1S05407,Left,906351.tiff,65,114.4705,35,93,100,11,48,4.5226,99.9548,45,9.6827,255,255,0
nd1S05407,Left,906352.tiff,69,114.1952,35,94,100,20,49,4.1255,99.9579,52,6.4976,255,255,0
nd1S05407,Left,906353.tiff,71,114.0887,34,93,100,13,47,4.5596,99.9593,44,9.0361,255,255,0
nd1S05407,Right,826010.tiff,77,109.5198,33,96,100,26,54,4.8924,99.9596,79,4.6522,255,255,0
nd1S05407,Right,869146.tiff,69,51.6055,55,55,100,3,25,3.8665,99.7094,0,2.2714,255,255,0
nd1S05407,Right,869157.tiff,38,64.1255,45,44,100,10,0,4.4471,255,4,1.1874,255,255,255
nd1S05407,Right,869160.tiff,64,73.8574,41,84,100,10,2,4.4756,99.7769,6,1.2922,255,255,2
nd1S05407,Right,870658.tiff,78,130.4801,38,95,100,23,53,4.682,99.9409,80,4.9114,255,255,0
nd1S05407,Right,871590.tiff,73,117.9435,34,93,100,15,57,4.6511,99.9509,77,5.3592,255,255,0
nd1S05407,Right,871593.tiff,73,124.7517,33,95,100,26,51,4.6,99.957,64,2.5425,255,255,0
nd1S05407,Right,872730.tiff,76,133.2476,34,91,100,36,99,5.8806,99.9509,40,1.0153,255,255,39
nd1S05407,Right,873547.tiff,69,113.5683,34,91,100,24,17,5.3687,99.9594,35,2.0536,255,255,0
nd1S05407,Right,902902.tiff,73,54.9064,47,78,100,10,30,3.6296,98.9382,0,2.2651,255,255,0
nd1S05407,Right,904354.tiff,59,136.0027,35,91,100,20,99,5.5983,99.8263,42,1.0655,255,255,31
nd1S05407,Right,905546.tiff,76,125.0927,34,92,100,22,58,5.2036,99.9468,79,4.8257,255,255,0
nd1S05407,Right,906761.tiff,76,116.1937,37,94,100,18,45,4.3331,99.9767,33,8.0048,255,255,0
nd1S05455,Left,263241.tiff,29,113.8358,61,97,100,49,90,5.7475,255,18,1.4239,255,255,255
nd1S05455,Left,271501.tiff,33,102.4868,55,97,100,63,94,5.1945,255,33,1.1101,255,255,255
nd1S05455,Left,271506.tiff,38,107.9631,52,91,100,58,0,5.7671,255,16,1.6685,255,255,255
nd1S05455,Left,271507.tiff,22,103.5378,56,96,100,74,0,4.671,255,28,1.4847,255,255,255
nd1S05455,Left,271512.tiff,17,107.5053,55,97,100,58,0,5.3425,255,34,1.2417,255,255,255
nd1S05455,Left,271515.tiff,19,109.9028,56,97,100,76,0,4.9834,99.8938,30,1.3451,255,255,4
nd1S05455,Left,271525.tiff,19,104.5706,55,96,100,58,0,5.4801,255,24,1.0777,255,255,255
nd1S05455,Left,271526.tiff,22,108.5352,57,97,100,52,30,5.6043,255,34,1.136,255,255,255
nd1S05455,Left,271536.tiff,19,112.1054,58,97,100,50,0,5.6925,255,10,1.0848,255,255,255
nd1S05455,Left,271537.tiff,74,107.9635,58,97,100,54,98,5.478,99.8826,51,1.047,255,255,44
nd1S05455,Left,271545.tiff,23,109.8178,59,98,100,46,19,5.6734,77.6177,45,1.0922,255,255,10
nd1S05455,Left,271546.tiff,21,109.3614,58,95,100,44,21,5.8506,255,41,1.3481,255,255,255
nd1S05455,Left,271549.tiff,17,101.2737,58,97,100,59,0,5.2749,99.9516,33,1.0797,255,255,6
nd1S05455,Left,271551.tiff,15,107.4874,57,96,100,80,0,5.0099,99.9098,41,1.0992,255,255,7
nd1S05455,Left,271556.tiff,22,108.9393,58,96,100,51,0,5.3365,98.7913,27,1.2789,255,255,5
nd1S05455,Left,271560.tiff,24,104.2613,58,98,100,35,33,5.4996,99.8993,38,1.0315,255,255,12
nd1S05455,Left,278440.tiff,42,104.3974,53,96,100,56,99,6.008,255,38,1.3537,255,255,255
nd1S05455,Left,278445.tiff,63,107.0374,55,98,100,53,98,5.5001,99.9072,42,1.3567,255,255,22
nd1S05455,Left,280294.tiff,72,108.8264,58,92,100,47,41,5.4253,95.2937,78,3.7911,255,255,0
nd1S05455,Left,284510.tiff,1,97.595,42,83,100,255,255,4.2082,255,37,1.2033,255,255,255
nd1S05455,Left,284515.tiff,4,112.445,59,94,100,91,255,3.4193,255,6,1.4343,255,255,255
nd1S05455,Left,286941.tiff,0,102.9096,53,92,100,255,255,255,255,2,1.1851,255,255,255
nd1S05455,Left,286942.tiff,32,102.6534,58,95,100,53,80,5.4455,255,36,1.0759,255,255,255
nd1S05455,Left,390562.tiff,13,101.6879,67,96,13,72,0,5.2852,98.5887,15,1.2634,255,255,0
nd1S05455,Left,393205.tiff,51,114.6325,60,97,100,63,53,5.9996,255,63,1.3933,255,255,255
nd1S05455,Left,405148.tiff,25,108.3102,58,96,100,37,48,5.5933,99.916,5,1.5693,255,255,1
nd1S05455,Left,420066.tiff,19,110.2768,58,96,100,63,0,5.0363,99.8816,8,1.1417,255,255,2
nd1S05455,Left,422346.tiff,46,109.4681,58,98,100,60,52,6.0222,255,63,2.0158,255,255,255
nd1S05455,Left,436028.tiff,40,109.1115,56,95,100,45,96,5.5895,255,31,1.5824,255,255,255
nd1S05455,Left,436032.tiff,18,110.8279,53,96,100,44,0,5.4213,99.9046,26,1.5899,255,255,2
nd1S05455,Left,436038.tiff,13,110.5277,52,96,100,60,0,4.8073,255,6,1.1492,255,255,255
nd1S05455,Left,441587.tiff,26,102.2903,69,89,0,74,0,4.8663,99.8424,12,1.7277,255,255,0
nd1S05455,Left,441589.tiff,0,107.6716,59,97,0,255,255,255,255,12,1.1187,255,255,255
nd1S05455,Left,441601.tiff,17,110.4936,60,98,100,49,0,5.4599,255,18,1.5788,255,255,255
nd1S05455,Left,512519.tiff,42,105.1939,46,94,100,44,35,5.1691,255,43,2.3483,255,255,255
nd1S05455,Left,521064.tiff,23,113.5742,54,97,100,54,14,5.3722,99.783,12,1.4785,255,255,2
nd1S05455,Left,521068.tiff,36,110.8127,57,95,100,40,63,5.4264,255,11,1.8846,255,255,255
nd1S05455,Left,527341.tiff,47,100.8812,49,95,100,43,35,5.1157,255,43,2.4959,255,255,255
nd1S05455,Left,557201.tiff,31,111.764,54,99,100,42,47,5.8315,255,4,1.3232,255,255,255
nd1S05455,Left,579524.tiff,54,113.2086,52,97,100,40,45,5.082,255,66,1.8594,255,255,255
nd1S05455,Left,609247.tiff,87,113.3019,56,95,100,31,40,5.334,99.9155,72,4.7344,255,255,0
nd1S05455,Left,675820.tiff,71,109.9108,43,96,100,50,93,5.1095,99.9397,35,1.0289,255,255,29
nd1S05455,Left,695967.tiff,26,111.6041,47,98,100,43,0,5.1804,255,7,1.5368,255,255,255
nd1S05455,Left,695974.tiff,48,121.153,42,96,100,55,95,4.6878,99.9229,31,1.204,255,255,13
nd1S05455,Left,707173.tiff,47,96.3276,46,98,100,31,32,4.4923,255,1,1.2718,255,255,255
nd1S05455,Left,725112.tiff,42,42.7254,56,75,100,20,6,3.4967,96.6772,0,1.279,255,255,0
nd1S05455,Left,725122.tiff,56,56.9947,45,89,100,28,29,4.6646,255,1,1.0401,255,255,255
nd1S05455,Right,1107585.tiff,48,47.3666,75,65,100,5,31,5.885,98.0951,1,2.1115,255,255,0
nd1S05455,Right,1107598.tiff,55,63.329,32,96,100,27,6,5.9776,99.7389,5,1.9035,255,255,0
nd1S05455,Right,1109511.tiff,77,106.4695,46,95,100,41,52,4.7061,99.9274,21,1.072,255,255,15
nd1S05455,Right,1109513.tiff,14,101.8616,47,93,100,46,0,4.3945,97.4722,22,1.1658,255,255,3
nd1S05455,Right,1110304.tiff,83,101.5658,47,96,100,35,45,4.9929,99.9152,83,4.1653,255,255,0
nd1S05455,Right,1129841.tiff,0,28.9598,45,47,100,255,255,255,85.1267,0,1.7345,255,255,255
nd1S05455,Right,1130192.tiff,29,131.8412,53,89,100,70,57,4.483,99.0039,46,1.2681,255,255,10
nd1S05455,Right,1131578.tiff,83,108.5817,44,95,100,32,53,4.942,99.8698,80,3.9958,255,255,0
nd1S05455,Right,1131579.tiff,95,108.9526,41,96,100,32,48,4.7799,99.822,84,4.1006,255,255,0
nd1S05456,Left,1085890.tiff,0,13.8777,70,0,100,0,255,255,255,0,1.0731,255,255,255
nd1S05456,Left,1086703.tiff,53,132.035,34,97,100,61,97,4.6136,99.8004,38,1.2252,255,255,17
nd1S05456,Left,1087226.tiff,50,117.299,30,96,100,36,2,4.947,99.9659,16,2.3156,255,255,0
nd1S05456,Left,1129585.tiff,70,54.4498,39,92,100,20,22,3.7738,99.7323,1,1.0617,255,255,0
nd1S05456,Left,1129599.tiff,69,65.2295,32,95,100,28,3,4.6568,99.9187,2,1.0236,255,255,1
nd1S05456,Left,1130083.tiff,61,116.1986,31,95,100,62,12,4.604,99.9676,29,1.4645,255,255,10
nd1S05456,Left,1131425.tiff,78,114.0368,29,95,100,54,59,5.5134,99.9329,84,255,255,255,255
nd1S05456,Left,253710.tiff,42,43.9645,120,0,100,17,8,6.0668,255,40,2.1768,255,255,255
nd1S05456,Left,255943.tiff,56,117.4545,41,96,100,41,89,5.5364,99.8883,35,1.4029,255,255,15
nd1S05456,Left,344074.tiff,23,122.4797,42,82,100,48,25,5.3945,255,22,1.6903,255,255,255
nd1S05456,Left,539803.tiff,0,14.486,51,0,100,255,255,255,255,3,1.7678,255,255,255
nd1S05456,Left,589609.tiff,29,117.3152,35,97,100,62,0,5.5426,255,19,1.5278,255,255,255
nd1S05456,Left,612118.tiff,31,120.397,39,84,100,60,255,5.6553,255,22,1.8589,255,255,255
nd1S05456,Left,706507.tiff,69,129.6378,30,97,100,58,54,5.7388,99.9561,78,255,255,255,255
nd1S05456,Left,989360.tiff,85,129.8677,31,97,100,36,57,5.1148,99.9356,85,255,255,255,255
nd1S05456,Right,1035342.tiff,86,109.7629,33,97,100,70,96,4.5926,99.9264,36,1.6097,255,255,11
nd1S05456,Right,1058129.tiff,82,129.0756,37,95,100,64,96,4.5539,99.9527,37,1.4788,255,255,15
nd1S05456,Right,1087227.tiff,47,115.7484,33,95,100,36,0,4.948,99.9748,21,1.9995,255,255,0
nd1S05456,Right,1129593.tiff,69,68.3217,34,94,100,26,3,4.7529,99.9374,3,1.2938,255,255,1
nd1S05456,Right,1130087.tiff,82,116.1517,33,95,100,63,96,4.6813,99.9549,34,1.6232,255,255,10
nd1S05456,Right,1130823.tiff,34,114.1853,33,95,100,39,0,4.7479,255,20,2.0594,255,255,255
nd1S05456,Right,1131431.tiff,78,115.5741,32,94,100,40,52,5.1009,99.9469,84,255,255,255,255
nd1S05456,Right,228776.tiff,82,113.7538,51,97,100,39,58,5.001,99.9581,78,4.07,255,255,0
nd1S05456,Right,260219.tiff,72,61.5103,48,36,100,0,58,4.7928,255,76,4.7886,255,255,255
nd1S05456,Right,268803.tiff,32,115.743,44,89,100,58,255,5.7624,255,15,1.7949,255,255,255
nd1S05456,Right,416600.tiff,33,118.7451,55,90,100,85,92,3.9754,255,8,1.7568,255,255,255
nd1S05456,Right,416607.tiff,26,112.7035,51,98,100,44,0,5.1279,99.8316,49,1.2345,255,255,12
nd1S05456,Right,518168.tiff,29,112.1061,44,92,100,72,0,5.3454,255,22,255,255,255,255
nd1S05456,Right,539818.tiff,28,114.1279,36,72,100,53,71,5.6004,255,3,255,255,255,255
nd1S05456,Right,582633.tiff,43,122.9679,47,95,100,56,99,5.866,255,31,1.7461,255,255,255
nd1S05456,Right,612122.tiff,11,119.6347,39,90,100,71,255,4.8971,41.8056,29,1.2438,255,255,255
nd1S05456,Right,723346.tiff,255,255,255,255,255,255,255,255,255,0,255,255,255,255
nd1S05456,Right,757802.tiff,84,116.6108,36,94,100,51,98,5.2839,99.9725,24,1.1771,255,255,17
nd1S05456,Right,861924.tiff,29,137.9586,33,92,100,64,0,4.8296,99.9281,43,1.2701,255,255,10
nd1S05456,Right,935803.tiff,81,141.4971,35,94,100,57,98,5.4014,99.9387,59,1.1738,255,255,44
nd1S05456,Right,990090.tiff,33,54.5944,34,91,100,17,0,3.4906,99.8106,0,1.3975,255,255,0
nd1S05456,Right,990100.tiff,41,64.9513,32,93,100,23,2,4.786,99.7861,2,1.3587,255,255,0
nd1S05459,Left,314900.tiff,85,121.8861,45,98,100,40,67,5.6359,99.9455,54,2.9659,255,255,0
nd1S05459,Left,411741.tiff,57,121.0206,45,90,100,40,97,5.6024,99.8937,32,1.1201,255,255,21
nd1S05459,Left,411742.tiff,18,115.1237,52,93,100,47,0,5.3956,99.7039,12,1.0629,255,255,3
nd1S05459,Left,411743.tiff,52,123.8325,53,95,100,36,90,6.1201,255,29,1.4088,255,255,255
nd1S05459,Left,411744.tiff,58,121.3878,48,93,100,42,95,5.5675,99.6268,9,1.0971,255,255,6
nd1S05459,Left,411745.tiff,47,121.7593,49,94,100,36,89,5.6478,99.9123,33,1.0272,255,255,20
nd1S05459,Left,411746.tiff,46,120.5123,53,98,100,42,86,5.9397,255,8,1.412,255,255,255
nd1S05459,Left,411747.tiff,62,121.3477,46,93,100,44,94,5.5693,99.9319,7,1.0391,255,255,6
nd1S05459,Left,411748.tiff,67,120.3055,50,94,100,43,97,5.4814,92.2581,6,1.1102,255,255,4
nd1S05459,Left,411749.tiff,56,123.2322,52,98,100,32,86,5.9195,255,7,1.2349,255,255,255
nd1S05459,Left,411750.tiff,70,128.4245,48,93,100,44,95,5.6462,99.9232,33,1.1746,255,255,26
nd1S05459,Left,411751.tiff,65,118.6486,47,95,100,45,93,5.3532,99.8506,13,1.065,255,255,10
nd1S05459,Left,411752.tiff,54,123.2545,47,93,100,33,85,5.7829,255,6,1.2405,255,255,255
nd1S05459,Left,412974.tiff,81,109.3905,47,95,100,39,63,5.3804,99.931,69,255,255,255,255
nd1S05459,Left,412976.tiff,84,111.0716,46,97,100,43,64,5.5997,99.96,73,4.6776,255,255,0
nd1S05459,Left,412978.tiff,80,112.4346,46,95,100,43,63,5.5465,99.9669,74,2.2702,255,255,0
nd1S05459,Left,437240.tiff,62,120.5544,45,94,100,39,96,5.5744,99.8176,11,1.1291,255,255,8
nd1S05459,Left,437241.tiff,58,120.5887,40,92,100,35,97,5.3588,99.891,23,1.1905,255,255,14
nd1S05459,Left,437242.tiff,57,122.9288,45,94,100,27,90,5.7375,255,5,1.085,255,255,255
nd1S05459,Left,437243.tiff,23,123.6416,47,94,100,25,0,5.436,99.8699,26,1.122,255,255,7
nd1S05459,Left,437244.tiff,24,120.6711,45,92,100,47,0,5.153,99.7875,45,1.1625,255,255,11
nd1S05459,Left,437245.tiff,13,119.5863,49,93,100,18,0,5.487,99.257,38,1.1592,255,255,5
nd1S05459,Left,437246.tiff,22,119.8829,48,92,100,23,0,5.5405,99.795,50,1.1033,255,255,13
nd1S05459,Left,437247.tiff,25,115.4582,47,91,100,33,0,5.4237,99.7757,41,1.1598,255,255,11
nd1S05459,Left,437248.tiff,11,119.8792,49,98,100,27,0,5.6516,91.3214,38,1.1411,255,255,4
nd1S05459,Left,437249.tiff,23,125.964,49,90,100,22,0,5.4539,99.8134,20,1.0993,255,255,5
nd1S05459,Left,437251.tiff,17,119.7517,49,93,100,26,0,5.6957,99.8515,53,1.2242,255,255,9
nd1S05459,Left,438407.tiff,81,115.905,47,94,100,39,63,5.6324,99.9468,80,4.1034,255,255,0
nd1S05459,Left,438409.tiff,86,108.5384,48,98,100,36,62,5.3818,99.9398,74,2.2943,255,255,0
nd1S05459,Left,512262.tiff,67,111.218,36,88,100,38,56,5.4653,99.973,63,1.9569,255,255,2
nd1S05459,Left,512263.tiff,73,127.8661,34,94,100,29,47,5.3743,99.9706,54,2.0215,255,255,0
nd1S05459,Left,512266.tiff,88,109.4945,38,96,100,31,57,5.3261,99.9726,58,1.9197,255,255,4
nd1S05459,Left,512267.tiff,79,120.2349,38,97,100,30,43,5.2401,99.9669,54,2.096,255,255,0
nd1S05459,Left,512270.tiff,88,110.4805,41,97,100,28,55,5.2354,99.9654,59,2.0209,255,255,0
nd1S05459,Left,515556.tiff,61,117.4552,51,95,100,33,99,5.5178,99.8467,13,1.0998,255,255,9
nd1S05459,Left,515557.tiff,55,129.3968,51,93,100,34,98,5.2636,99.919,21,1.0809,255,255,13
nd1S05459,Left,515559.tiff,57,125.599,53,94,100,33,99,5.4711,99.9615,20,1.0858,255,255,14
nd1S05459,Left,515560.tiff,49,118.8014,51,95,100,32,78,5.5411,99.9669,15,1.1002,255,255,9
nd1S05459,Left,515562.tiff,18,117.7498,48,95,100,52,0,4.737,99.8929,23,1.1494,255,255,4
nd1S05459,Left,515563.tiff,59,124.2738,47,93,100,34,99,5.024,99.9275,9,1.368,255,255,4
nd1S05459,Left,515565.tiff,22,129.4091,47,94,100,38,0,5.3167,99.9012,8,1.1055,255,255,2
nd1S05459,Left,515566.tiff,22,122.8077,46,94,100,37,0,5.1488,99.9275,34,1.2532,255,255,7
nd1S05478,Left,230288.tiff,79,130.4053,40,93,100,40,64,5.7494,99.9309,72,2.1272,255,255,0
nd1S05478,Left,256679.tiff,25,122.6275,49,93,100,60,0,5.8895,255,6,1.2725,255,255,255
nd1S05478,Left,346483.tiff,82,131.2617,43,91,100,37,61,5.3518,99.8995,63,1.1515,255,255,48
nd1S05478,Left,396805.tiff,16,116.7349,50,95,100,53,0,5.3538,99.6242,69,1.2813,255,255,10
nd1S05478,Left,412474.tiff,34,129.3758,46,90,100,51,78,5.6216,255,7,255,255,255,255
nd1S05478,Left,427319.tiff,30,122.7869,48,94,100,39,57,5.7728,255,6,1.0687,255,255,255
nd1S05478,Left,427325.tiff,63,120.9369,56,90,100,49,88,5.8497,46.9141,67,1.07,255,255,26
nd1S05478,Left,442128.tiff,0,115.0247,45,93,100,255,255,255,99.4771,56,1.114,255,255,255
nd1S05478,Left,443603.tiff,61,131.9075,44,87,100,28,59,5.2528,99.9024,82,255,255,255,255
nd1S05487,Right,230427.tiff,86,141.6717,46,97,100,24,66,5.2475,99.8748,87,2.4673,255,255,0
nd1S05487,Right,231389.tiff,47,127.1907,51,91,100,44,99,5.8617,87.3096,3,1.094,255,255,2
nd1S05487,Right,231390.tiff,11,124.1266,49,95,100,63,0,5.959,255,81,1.1518,255,255,255
nd1S05487,Right,231391.tiff,4,123.2931,50,95,100,92,255,4.3569,255,8,1.331,255,255,255
nd1S05487,Right,237271.tiff,19,120.8617,52,99,100,40,0,5.956,255,69,1.0728,255,255,255
nd1S05487,Right,237272.tiff,26,126.6341,49,91,100,34,66,5.8842,255,89,1.4578,255,255,255
nd1S05487,Right,240242.tiff,92,138.6859,48,97,100,34,65,5.3397,99.9705,91,1.5316,255,255,38
nd1S05487,Right,241335.tiff,59,129.0189,49,92,100,37,99,5.3404,99.7851,23,1.0383,255,255,17
nd1S05487,Right,241339.tiff,56,126.1039,53,94,100,58,97,4.8442,99.8806,10,1.1743,255,255,5
nd1S05487,Right,257327.tiff,30,125.7778,47,98,100,32,84,6.1938,99.7607,92,1.5024,255,255,20
nd1S05487,Right,257335.tiff,36,123.1203,52,95,100,19,67,5.6134,99.8384,14,1.1547,255,255,6
nd1S05487,Right,517418.tiff,34,128.8758,45,62,100,35,255,6.016,255,91,1.0823,255,255,255
nd1S05487,Right,518258.tiff,24,126.6456,45,97,100,40,23,5.6107,99.6448,5,1.107,255,255,1
nd1S05487,Right,523384.tiff,65,141.164,43,98,100,25,57,4.8921,99.9292,64,1.4446,255,255,27
nd1S05491,Right,230481.tiff,76,124.1934,52,93,100,37,64,5.2469,99.8534,82,2.8693,255,255,0
nd1S05491,Right,231497.tiff,13,112.167,50,95,100,87,255,5.3914,88.8708,14,1.4905,255,255,255
nd1S05491,Right,254029.tiff,77,117.6784,52,94,100,38,62,4.9593,99.838,73,2.5735,255,255,0
nd1S05491,Right,257499.tiff,7,116.9444,51,94,100,73,255,5.5314,99.9541,31,1.5292,255,255,255
nd1S05491,Right,283803.tiff,29,110.5318,40,91,100,38,0,5.4042,99.8663,25,1.5733,255,255,4
nd1S05491,Right,288381.tiff,75,111.4928,51,94,100,51,98,5.2105,99.7178,36,1.7582,255,255,8
nd1S05491,Right,392011.tiff,30,113.6355,46,94,100,44,15,5.4947,99.9426,22,1.1672,255,255,7
nd1S05491,Right,452568.tiff,76,129.1124,54,94,100,36,60,4.8024,99.5357,75,2.1944,255,255,0
nd1S05501,Right,232936.tiff,92,129.867,43,93,100,32,69,5.1553,99.9149,88,4.2449,255,255,0
nd1S05501,Right,232940.tiff,90,127.4057,33,93,100,32,70,5.151,99.9608,84,3.9865,255,255,0
nd1S05501,Right,240618.tiff,91,120.999,39,93,100,32,70,5.1602,99.9556,88,255,255,255,255
nd1S05501,Right,244200.tiff,25,109.4447,45,95,100,26,0,5.3701,99.8753,52,1.4348,255,255,9
nd1S05501,Right,277897.tiff,32,113.2348,39,91,100,65,50,4.6261,99.8925,37,1.019,255,255,13
nd1S05501,Right,284976.tiff,79,128.224,40,93,100,31,67,4.9452,99.9324,84,4.0665,255,255,0
nd1S05501,Right,286842.tiff,61,112.0127,36,91,100,53,99,5.9678,99.9186,79,1.1132,255,255,61
nd1S05501,Right,415919.tiff,0,110.4994,44,94,100,255,255,255,99.6934,8,255,255,255,255
nd1S05501,Right,432290.tiff,58,112.7259,45,94,100,47,99,5.3438,99.8936,64,1.3424,255,255,31
nd1S05501,Right,432295.tiff,47,117.276,43,86,100,39,88,5.985,255,11,255,255,255,255
nd1S05501,Right,432297.tiff,18,114.0504,48,93,100,57,0,4.8304,99.9066,16,1.3722,255,255,2
nd1S05501,Right,537753.tiff,77,112.159,37,95,100,30,59,4.8886,99.969,66,2.0198,255,255,0
nd1S05501,Right,543033.tiff,56,113.34,45,92,100,36,97,5.5635,99.8689,10,1.1906,255,255,6
nd1S05501,Right,543034.tiff,37,115.6917,35,81,100,42,255,5.7815,255,7,255,255,255,255
nd1S05501,Right,585509.tiff,6,112.361,37,91,100,55,255,5.6457,255,18,255,255,255,255
nd1S05501,Right,615583.tiff,27,114.4282,34,91,100,50,255,5.7598,255,14,1.2365,255,255,255
nd1S05501,Right,615591.tiff,37,111.6837,38,93,100,26,0,5.3396,99.9485,6,1.1329,255,255,2
nd1S05501,Right,615592.tiff,34,113.8626,37,93,100,30,32,5.9657,99.9254,81,1.16,255,255,33
nd1S05508,Left,233145.tiff,73,128.6158,42,94,100,7,72,6.4266,99.9215,72,1.652,255,255,25
nd1S05508,Left,233961.tiff,33,115.8226,45,95,100,19,58,6.0474,99.6955,52,1.073,255,255,23
nd1S05508,Left,233962.tiff,36,117.4864,48,98,100,25,57,5.8362,99.7559,9,1.0646,255,255,4
nd1S05508,Left,233964.tiff,69,118.1922,46,95,100,14,99,6.0425,99.6941,69,1.0943,255,255,61
nd1S05508,Left,233966.tiff,46,117.8337,46,96,100,24,99,5.7476,99.8085,54,1.2458,255,255,26
nd1S05508,Left,256701.tiff,30,123.7225,43,95,100,13,26,5.9951,99.7267,20,1.1392,255,255,7
nd1S05508,Left,256702.tiff,25,122.607,44,96,100,14,26,5.7321,99.6586,36,1.2727,255,255,9
nd1S05508,Left,256703.tiff,22,122.4735,46,96,100,13,69,5.932,99.7008,4,1.0235,255,255,1
nd1S05508,Left,256705.tiff,31,123.3838,43,95,100,13,36,5.7708,99.7699,49,1.2549,255,255,16
nd1S05508,Left,256706.tiff,17,119.6976,46,97,100,28,61,6.3589,255,84,1.167,255,255,255
nd1S05508,Left,256707.tiff,27,121.8763,44,95,100,13,31,5.9433,99.7647,8,1.1991,255,255,2
nd1S05508,Left,256711.tiff,19,121.4275,44,98,100,22,0,5.7569,99.7912,14,1.3478,255,255,2
nd1S05508,Left,256712.tiff,16,124.0946,50,97,100,10,52,5.6737,255,9,1.145,255,255,255
nd1S05508,Left,283005.tiff,59,118.0328,56,97,100,15,99,5.8209,99.0698,60,1.4807,255,255,25
nd1S05508,Left,283009.tiff,54,119.0457,52,98,100,19,99,6.3092,255,93,1.4653,255,255,255
nd1S05508,Left,283014.tiff,54,118.5867,47,99,100,15,99,6.0496,99.7681,95,1.8306,255,255,12
nd1S05508,Left,407187.tiff,29,115.0641,48,97,100,11,42,6.1489,99.8594,79,1.217,255,255,26
nd1S05508,Left,407189.tiff,18,117.1757,49,96,100,73,255,5.7496,255,78,1.1214,255,255,255
nd1S05508,Left,407190.tiff,22,121.2271,43,96,100,19,13,6.0485,99.8565,91,1.2135,255,255,22
nd1S05508,Left,407191.tiff,17,120.0711,44,96,100,22,19,5.6397,99.7916,93,1.277,255,255,15
nd1S05508,Left,407192.tiff,26,121.2569,47,96,100,42,79,6.4749,255,15,1.1139,255,255,255
nd1S05508,Left,407195.tiff,13,122.0327,49,96,100,70,0,6.0202,255,47,1.1302,255,255,255
nd1S05508,Left,407196.tiff,40,119.2264,50,96,100,11,99,6.1022,255,50,1.2395,255,255,255
nd1S05508,Left,408072.tiff,77,144.1437,43,95,100,7,71,6.6038,99.9429,70,1.6866,255,255,22
nd1S05508,Left,408076.tiff,80,119.5561,43,96,100,11,69,6.0672,99.9337,88,3.1975,255,255,0
nd1S05511,Left,233283.tiff,73,119.5084,47,95,100,30,67,5.4331,99.9517,71,1.5381,255,255,30
nd1S05511,Left,234246.tiff,17,110.6556,49,93,100,49,0,5.4307,4.3216,62,1.4291,255,255,0
nd1S05511,Left,234247.tiff,17,112.5337,46,97,100,52,0,5.5143,20.8327,4,1.2734,255,255,0
nd1S05511,Left,234248.tiff,20,111.5324,50,90,100,76,0,5.7204,255,48,1.4297,255,255,255
nd1S05511,Left,236057.tiff,58,126.5214,34,95,100,45,68,5.7449,99.9092,66,2.8813,255,255,0
nd1S05511,Left,241123.tiff,44,114.2853,46,96,100,44,90,6.0376,255,8,1.2878,255,255,255
nd1S05511,Left,258134.tiff,69,113.5203,43,95,100,33,99,5.3343,99.9174,3,1.0426,255,255,3
nd1S05511,Left,258143.tiff,62,114.0315,43,93,100,40,96,5.8898,99.8818,7,1.055,255,255,6
nd1S05511,Left,263393.tiff,15,118.7978,52,94,100,46,52,5.6772,99.8845,58,255,255,255,255
nd1S05511,Left,266462.tiff,59,122.4071,35,92,100,36,66,5.5306,99.9195,82,3.2239,255,255,0
nd1S05511,Left,274601.tiff,83,119.7159,33,94,100,30,65,5.5198,99.963,65,2.581,255,255,0
nd1S05511,Left,285239.tiff,55,124.5767,39,94,100,28,66,5.6203,99.7023,83,2.5943,255,255,0
nd1S05511,Left,287907.tiff,53,110.1963,51,92,100,30,99,6.0232,255,73,1.1556,255,255,255
nd1S05511,Left,410800.tiff,47,118.8925,54,96,100,42,98,4.91,99.8096,41,1.4509,255,255,12
nd1S05511,Left,441703.tiff,80,118.2732,47,96,100,25,99,5.5749,99.8593,20,1.0691,255,255,17
nd1S05541,Left,275647.tiff,26,119.162,44,94,100,41,0,5.0932,99.9368,6,1.3822,255,255,1
nd1S05541,Left,293031.tiff,83,134.6277,50,95,100,33,66,5.706,99.9389,68,2.0506,255,255,0
nd1S05541,Left,428908.tiff,28,118.0949,44,94,100,33,5,5.4529,99.9414,74,1.1421,255,255,23
nd1S05541,Left,529926.tiff,68,113.9276,38,93,100,27,89,5.4723,99.9127,49,1.4863,255,255,22
nd1S05541,Left,541953.tiff,34,115.3653,40,95,100,28,4,5.4769,99.9272,36,1.1116,255,255,14
nd1S05541,Left,582713.tiff,34,119.4658,41,95,100,30,5,5.4839,99.9059,8,1.0674,255,255,3
nd1S05541,Left,603108.tiff,31,120.3126,38,94,100,34,0,5.187,99.9678,6,1.0673,255,255,2
nd1S05541,Left,673499.tiff,44,107.2041,32,95,100,22,5,4.7103,99.9549,4,1.3162,255,255,1
nd1S05541,Left,696638.tiff,87,121.791,33,94,100,21,61,5.6485,99.9205,83,3.88,255,255,0
nd1S05541,Left,707086.tiff,87,126.8979,36,94,100,31,58,5.6646,99.9625,86,4.0006,255,255,0
nd1S05541,Left,707092.tiff,64,68.6712,39,88,100,15,32,3.5155,255,0,1.176,255,255,255
nd1S05541,Left,707093.tiff,45,102.5159,42,82,100,22,18,4.1471,99.0841,1,1.2671,255,255,0
nd1S05541,Left,725653.tiff,74,55.9206,39,92,100,6,32,3.8139,99.8955,0,1.5743,255,255,0
nd1S05541,Left,755462.tiff,82,137.5823,34,94,100,27,95,5.6679,99.9402,88,1.2037,255,255,66
nd1S05541,Left,757176.tiff,86,113.8289,41,94,100,15,45,4.7659,99.9109,53,1.5975,255,255,17
nd1S05541,Left,760308.tiff,23,54.8168,46,96,100,7,0,3.2451,99.6368,1,1.5342,255,255,0
nd1S05541,Left,760318.tiff,69,63.7659,40,90,100,6,42,4.8232,99.7728,2,1.2727,255,255,1
nd1S05541,Left,760320.tiff,34,65.6776,37,99,100,14,4,4.4836,255,2,1.063,255,255,255
nd1S05541,Left,790840.tiff,79,65.9949,46,90,100,13,40,4.7429,99.635,4,1.2321,255,255,2
nd1S05541,Left,798965.tiff,85,124.2036,53,95,100,27,65,5.2727,99.9604,89,3.9531,255,255,0
nd1S05541,Left,799914.tiff,75,118.7572,52,92,100,17,52,3.7011,99.9414,33,2.6033,255,255,0
nd1S05541,Left,821260.tiff,78,111.4435,35,94,100,31,94,5.5465,99.9467,18,1.2071,255,255,13
nd1S05541,Left,826073.tiff,82,112.7216,38,95,100,21,57,5.5014,99.9141,88,4.2678,255,255,0
nd1S05541,Left,870377.tiff,83,58.2097,36,97,100,12,29,3.8696,99.869,0,1.3941,255,255,0
nd1S05541,Left,870386.tiff,70,64.7968,36,92,100,11,0,4.5501,99.797,4,1.0982,255,255,2
nd1S05541,Left,873210.tiff,61,133.2133,37,93,100,19,98,5.5295,99.9149,38,1.1373,255,255,26
nd1S05541,Left,908490.tiff,85,121.7051,35,94,100,46,98,5.4512,99.9322,22,1.1109,255,255,18
nd1S05541,Left,911381.tiff,72,57.7053,41,93,100,12,3,3.6412,99.901,0,1.2275,255,255,0
nd1S05541,Left,911393.tiff,88,64.4361,37,87,100,15,37,4.4126,99.7861,3,1.192,255,255,1
nd1S05541,Right,826071.tiff,81,111.7325,37,94,100,20,58,5.3658,99.9711,88,4.2319,255,255,0
nd1S05541,Right,870378.tiff,53,69.2251,47,57,100,4,3,3.9234,255,0,2.0689,255,255,255
nd1S05541,Right,870379.tiff,39,68.0855,41,77,100,6,3,3.954,98.6645,1,2.1707,255,255,0
nd1S05541,Right,870381.tiff,59,81.6731,35,67,100,9,33,4.2868,99.1899,0,2.134,255,255,0
nd1S05541,Right,870388.tiff,87,65.25,36,91,100,13,24,4.3341,99.8961,8,1.7969,255,255,1
nd1S05541,Right,870902.tiff,89,132.5301,36,95,100,25,59,5.4684,99.967,85,4.259,255,255,0
nd1S05541,Right,871835.tiff,92,108.807,39,95,100,21,52,4.8145,99.955,58,1.7396,255,255,12
nd1S05541,Right,871838.tiff,93,109.9534,36,94,100,25,50,4.9133,99.9413,78,1.9568,255,255,3
nd1S05541,Right,873213.tiff,91,133.0339,38,94,100,38,98,5.229,99.931,34,1.1301,255,255,26
nd1S05541,Right,873915.tiff,49,112.9978,38,94,100,15,3,5.0749,99.9813,41,1.8385,255,255,4
nd1S05541,Right,873917.tiff,55,112.2003,34,94,100,15,0,5.2959,99.975,43,1.9837,255,255,0
nd1S05541,Right,908184.tiff,93,131.9466,43,95,100,26,54,4.9324,99.9629,88,255,255,255,255
nd1S05541,Right,908492.tiff,76,124.7541,34,94,100,43,98,5.2396,99.9098,21,1.1199,255,255,16
nd1S05541,Right,910727.tiff,91,123.3108,41,93,100,19,49,4.6278,99.9394,57,2.1556,255,255,0
nd1S05541,Right,910728.tiff,90,123.5824,41,95,100,21,41,4.4575,99.9764,54,2.6371,255,255,0
nd1S05541,Right,910729.tiff,90,122.9018,38,93,100,20,50,4.6779,99.9584,58,6.8466,255,255,0
nd1S05541,Right,910730.tiff,91,121.7295,39,95,100,21,41,4.5476,99.9844,62,6.9051,255,255,0
nd1S05541,Right,911384.tiff,45,59.8289,37,77,100,8,0,3.8434,99.781,1,2.1694,255,255,0
nd1S05541,Right,911385.tiff,80,53.5326,57,67,100,10,8,3.5049,99.2117,1,2.3355,255,255,0
nd1S05541,Right,911386.tiff,66,51.8815,51,66,100,7,0,3.4573,98.5985,1,2.2825,255,255,0
nd1S05541,Right,911388.tiff,86,54.1824,47,70,100,10,5,3.5479,99.5719,0,2.1947,255,255,0
nd1S05541,Right,911394.tiff,56,64.7688,39,90,100,13,2,4.3137,99.8899,7,1.7976,255,255,1
nd1S05541,Right,911395.tiff,75,65.1095,37,89,100,12,5,4.4176,99.9143,7,1.9786,255,255,0
nd1S05541,Right,911396.tiff,66,64.2785,37,88,100,12,2,4.384,99.8968,7,1.9852,255,255,0
nd1S05541,Right,911397.tiff,69,64.7295,36,88,100,11,2,4.405,99.8931,9,1.8965,255,255,1
nd1S05547,Right,236348.tiff,90,127.4805,46,93,100,41,55,4.8227,99.9565,84,3.7219,255,255,0
nd1S05547,Right,238051.tiff,22,115.8153,42,94,100,43,17,5.4725,99.9242,44,1.188,255,255,10
nd1S05547,Right,238056.tiff,23,116.4071,41,93,100,57,0,5.0706,99.8891,61,1.5251,255,255,8
nd1S05547,Right,244056.tiff,50,113.3309,43,93,100,49,16,5.4063,99.7578,18,1.0643,255,255,11
nd1S05547,Right,244057.tiff,69,120.2092,39,93,100,57,94,5.0395,99.8921,4,255,255,255,255
nd1S05547,Right,388530.tiff,75,116.1968,41,93,100,52,98,5.2075,99.7765,21,1.3819,255,255,11
nd1S05547,Right,388540.tiff,14,116.3863,57,87,100,31,0,6.2679,75.6284,13,1.8295,255,255,0
nd1S05547,Right,697432.tiff,83,108.7587,30,94,100,44,50,4.8842,99.9411,16,1.7344,255,255,3
nd1S05547,Right,702099.tiff,86,126.6818,34,93,100,33,37,3.7762,99.9222,26,255,255,255,255
nd1S05547,Right,709525.tiff,84,117.5132,33,93,100,31,39,4.3111,99.9653,76,4.91,255,255,0
nd1S05547,Right,709531.tiff,39,110.7475,35,92,100,26,3,5.0514,99.9589,67,1.8835,255,255,4
nd1S05547,Right,709538.tiff,78,110.227,36,87,100,18,2,4.0206,99.7891,7,1.0883,255,255,4
nd1S05547,Right,709541.tiff,63,75.0978,56,76,100,7,16,3.2452,90.8737,0,1.6395,255,255,0
nd1S05547,Right,709546.tiff,79,132.4868,36,92,100,46,91,5.0679,99.9646,15,1.4658,255,255,7
nd1S05547,Right,756457.tiff,45,120.2355,36,91,100,37,0,4.6948,99.7771,7,1.5995,255,255,1
nd1S05547,Right,760335.tiff,57,54.9559,66,71,100,11,3,2.9042,97.8358,0,2.2987,255,255,0
nd1S05547,Right,798232.tiff,90,130.3609,35,93,100,36,38,4.6061,99.9675,72,4.7646,255,255,0
nd1S05547,Right,821249.tiff,83,136.1203,37,93,100,55,87,5.1068,99.8917,60,1.2029,255,255,41
nd1S05547,Right,896410.tiff,60,71.9347,39,66,100,13,0,4.3531,99.1472,0,2.1685,255,255,0
nd1S05547,Right,896420.tiff,90,67.9925,32,87,100,23,27,4.2574,99.9138,1,2.2195,255,255,0
nd1S05547,Right,897514.tiff,81,136.3193,33,94,100,61,98,5.3312,99.9471,51,1.1946,255,255,36
nd1S05547,Right,898668.tiff,41,119.7317,33,93,100,33,5,4.8804,99.9435,20,1.5478,255,255,4
nd1S05547,Right,899773.tiff,89,136.985,34,94,100,33,37,4.6893,99.934,74,255,255,255,255
nd1S05547,Right,901167.tiff,86,121.0927,33,94,100,27,23,4.2456,99.9667,61,255,255,255,255
nd1S05555,Left,240383.tiff,81,125.0614,54,97,100,39,60,5.6455,99.9179,88,3.9934,255,255,0
nd1S05555,Left,241616.tiff,14,114.0107,54,97,0,23,0,5.4196,99.8368,59,1.2489,255,255,0
nd1S05555,Left,241617.tiff,13,113.2063,54,97,0,24,0,5.3126,99.8757,63,1.3744,255,255,0
nd1S05555,Left,241619.tiff,255,255,255,255,255,255,255,255,255,3,255,255,255,255
nd1S05555,Left,241621.tiff,2,115.6224,56,97,100,76,255,5.0546,255,66,1.3313,255,255,255
nd1S05555,Left,244793.tiff,43,123.1728,58,96,100,42,93,5.8004,255,54,1.3536,255,255,255
nd1S05555,Left,244794.tiff,40,124.7348,57,96,100,51,99,5.6066,255,9,1.12,255,255,255
nd1S05555,Left,259796.tiff,79,119.7877,53,97,100,33,55,5.599,99.8954,77,4.7209,255,255,0
nd1S05555,Left,262110.tiff,50,122.204,56,97,100,49,99,5.9833,255,37,1.9207,255,255,255
nd1S05555,Left,262112.tiff,73,126.1687,59,96,100,39,99,5.6379,99.9039,7,1.5338,255,255,3
nd1S05555,Left,277771.tiff,15,116.9204,61,96,100,51,0,5.0536,99.8076,54,1.2312,255,255,7
nd1S05555,Left,277774.tiff,15,121.6402,62,97,100,38,0,5.3922,99.8517,5,1.1807,255,255,1
nd1S05555,Left,284629.tiff,19,122.4503,59,98,100,18,0,5.7697,99.8591,10,1.6541,255,255,1
nd1S05555,Left,287610.tiff,29,106.9329,58,84,100,33,53,5.9138,255,8,1.719,255,255,255
nd1S05555,Left,287616.tiff,39,118.7645,60,98,100,38,96,5.0827,99.6385,39,1.7832,255,255,4
nd1S05555,Left,287622.tiff,23,124.0606,59,97,100,14,43,5.4274,99.7928,13,1.3638,255,255,2
nd1S05555,Left,313908.tiff,16,122.1858,59,97,100,40,0,5.819,99.834,22,1.304,255,255,3
nd1S05555,Left,405823.tiff,27,122.1993,59,94,100,44,42,5.7556,255,34,255,255,255,255
nd1S05555,Left,405826.tiff,41,117.8992,61,97,100,54,97,4.9323,99.9223,57,1.7542,255,255,7
nd1S05555,Left,451522.tiff,15,124.1868,58,97,100,35,0,5.7289,99.8408,74,1.4143,255,255,9
nd1S05555,Left,529501.tiff,94,121.6987,49,97,100,31,51,5.1686,99.9529,74,2.1735,255,255,0
nd1S05555,Left,530280.tiff,68,123.5549,52,98,100,30,89,5.3991,99.8736,4,1.2136,255,255,3
nd1S05555,Left,530283.tiff,19,123.028,52,98,99,44,0,5.4287,99.8989,4,255,255,255,255
nd1S05555,Left,540377.tiff,54,119.9126,57,95,100,42,99,5.7491,255,14,255,255,255,255
nd1S05555,Left,540380.tiff,41,120.4153,58,97,100,51,98,5.452,255,8,255,255,255,255
nd1S05555,Left,540383.tiff,81,123.6265,60,97,100,64,97,5.0312,99.8937,12,255,255,255,255
nd1S05555,Left,557359.tiff,85,129.5998,55,99,100,40,91,5.5795,99.9062,27,1.2139,255,255,20
nd1S05555,Left,585764.tiff,62,128.4726,52,98,100,34,92,5.4088,99.872,84,1.2493,255,255,50
nd1S05555,Left,613152.tiff,41,124.4078,54,97,100,35,93,5.3677,99.9444,15,1.2419,255,255,6
nd1S05555,Left,682613.tiff,30,115.3031,36,97,100,36,0,4.9393,99.946,7,1.5648,255,255,1
nd1S05555,Left,697755.tiff,81,137.8978,34,96,100,48,98,5.2671,99.9571,58,1.1152,255,255,45
nd1S05555,Left,702198.tiff,89,118.2062,50,97,100,28,41,4.3632,99.9339,47,4.1939,255,255,0
nd1S05555,Left,706156.tiff,88,75.7497,43,89,100,12,26,3.0209,99.6715,0,1.4165,255,255,0
nd1S05555,Left,723662.tiff,82,66.4007,45,94,100,18,27,3.8768,99.7683,0,1.2038,255,255,0
nd1S05555,Left,723672.tiff,71,70.4585,48,90,100,18,37,4.4465,99.6195,5,1.3247,255,255,2
nd1S05555,Left,728438.tiff,65,136.3989,41,96,100,38,97,5.642,99.9182,80,1.7001,255,255,21
nd1S05555,Left,903129.tiff,71,68.3315,42,87,100,19,35,4.1007,99.8127,1,1.3452,255,255,0
nd1S05555,Left,906398.tiff,92,130.097,48,97,100,31,46,4.3557,99.8693,61,4.3806,255,255,0
nd1S05555,Right,240384.tiff,83,123.7765,58,94,100,35,66,5.2797,99.8118,91,255,255,255,255
nd1S05555,Right,241622.tiff,49,111.6154,56,94,100,36,91,5.2049,99.9325,13,1.1231,255,255,7
nd1S05555,Right,241623.tiff,24,112.2842,57,95,100,35,22,5.3661,99.907,11,1.0766,255,255,3
nd1S05555,Right,241625.tiff,18,113.8998,58,95,100,35,0,5.5749,99.9471,69,1.155,255,255,14
nd1S05555,Right,244799.tiff,10,118.4954,54,91,100,53,0,5.4898,255,44,1.4888,255,255,255
nd1S05555,Right,244800.tiff,32,118.3959,52,97,100,40,16,6.0257,255,49,1.9026,255,255,255
nd1S05555,Right,244803.tiff,51,116.7044,56,96,100,49,99,5.585,255,14,1.2515,255,255,255
nd1S05555,Right,262121.tiff,86,117.4128,59,96,100,40,93,5.6185,99.9734,83,1.2281,255,255,60
nd1S05555,Right,267069.tiff,89,135.2216,54,96,100,34,64,5.2517,99.8588,88,255,255,255,255
nd1S05555,Right,277777.tiff,23,115.202,58,95,100,62,20,4.829,97.1055,2,255,255,255,255
nd1S05555,Right,287628.tiff,16,114.8646,52,96,100,74,0,4.0445,99.9011,28,1.1914,255,255,3
nd1S05555,Right,287634.tiff,54,119.2727,52,95,100,53,98,5.7625,255,14,255,255,255,255
nd1S05555,Right,287637.tiff,36,122.4504,56,95,100,26,88,5.4212,99.9314,4,1.0789,255,255,2
nd1S05555,Right,392224.tiff,33,121.6022,59,97,100,38,99,5.4455,99.9786,26,1.1468,255,255,9
nd1S05555,Right,405832.tiff,17,120.1593,59,96,100,41,0,5.6826,99.9652,76,1.2586,255,255,13
nd1S05555,Right,416444.tiff,43,120.3261,59,97,100,38,98,5.5857,94.2019,15,255,255,255,255
nd1S05555,Right,416449.tiff,79,123.0027,62,96,100,36,97,5.4949,99.9546,72,1.0867,255,255,60
nd1S05555,Right,513101.tiff,82,138.1174,44,96,100,27,48,5.051,99.9612,82,2.0714,255,255,0
nd1S05555,Right,529503.tiff,94,121.7618,46,95,100,32,55,4.8569,99.9222,71,2.2411,255,255,0
nd1S05555,Right,530292.tiff,82,118.951,55,96,100,34,87,5.4244,99.9818,63,1.3711,255,255,36
nd1S05555,Right,540396.tiff,80,122.5642,59,95,100,26,91,5.252,99.9579,7,1.1085,255,255,5
nd1S05555,Right,557370.tiff,45,117.4283,55,97,100,45,98,5.0738,99.9357,67,1.3245,255,255,25
nd1S05555,Right,580043.tiff,89,115.634,49,95,100,31,53,4.8958,99.9638,66,2.4334,255,255,0
nd1S05555,Right,608656.tiff,42,120.6313,58,96,100,29,92,5.4447,99.9675,25,1.2263,255,255,11
nd1S05555,Right,682614.tiff,65,116.7851,38,94,100,27,60,4.745,99.9131,13,1.8454,255,255,1
nd1S05555,Right,697760.tiff,80,136.3445,37,95,100,42,98,5.232,99.9573,58,1.3148,255,255,35
nd1S05555,Right,702197.tiff,92,115.1929,49,96,100,27,45,3.8074,99.9176,34,3.7032,255,255,0
nd1S05555,Right,723665.tiff,52,72.1512,48,86,100,16,10,4.0819,99.6877,0,1.064,255,255,0
nd1S05555,Right,723679.tiff,89,70.6749,48,89,100,17,38,4.1987,99.7115,5,1.7715,255,255,1
nd1S05555,Right,903131.tiff,80,85.2416,40,90,100,17,37,4.149,99.6639,10,1.9305,255,255,0
nd1S05587,Right,243208.tiff,64,138.0789,49,98,100,36,74,5.3897,99.8001,85,2.891,255,255,0
nd1S05587,Right,244860.tiff,0,113.524,43,85,79,255,255,255,255,14,1.4849,255,255,255
nd1S05587,Right,244863.tiff,45,119.8736,45,100,100,25,40,5.6847,99.6766,14,255,255,255,255
nd1S05587,Right,259803.tiff,73,136.1617,48,97,100,33,72,5.0662,99.9276,75,4.0744,255,255,0
nd1S05587,Right,262153.tiff,21,122.7612,48,96,100,29,0,5.4078,99.839,6,1.5143,255,255,1
nd1S05587,Right,262154.tiff,22,122.4957,46,96,100,22,0,5.6711,99.8979,7,1.455,255,255,1
nd1S05587,Right,262155.tiff,32,119.3938,48,99,100,43,71,5.9863,255,65,1.5591,255,255,255
nd1S05587,Right,433680.tiff,55,121.9346,46,96,100,34,99,5.3317,99.7133,65,1.1162,255,255,40
nd1S05587,Right,610885.tiff,0,118.1674,37,98,98,255,255,255,99.7608,13,1.1865,255,255,255
nd1S05587,Right,610894.tiff,14,120.0351,42,98,100,27,0,5.7212,99.5759,64,1.7834,255,255,3
nd1S05587,Right,683104.tiff,67,125.5273,35,98,100,32,61,4.9741,99.9529,65,2.2556,255,255,0
nd1S05587,Right,683112.tiff,15,110.9145,35,96,100,1,0,4.9978,15.1294,24,1.8316,255,255,0
nd1S05587,Right,694820.tiff,74,125.3591,37,98,100,31,62,5.1101,99.958,80,4.4567,255,255,0
nd1S05587,Right,694825.tiff,54,138.3112,34,97,100,26,97,5.4037,98.4727,30,1.1152,255,255,18
nd1S05587,Right,764149.tiff,59,58.3064,42,86,100,10,3,3.586,84.8605,0,1.9055,255,255,0
nd1S05587,Right,767184.tiff,61,137.3546,36,99,100,53,99,5.8027,99.8366,63,1.1081,255,255,47
nd1S05587,Right,768460.tiff,78,117.7247,44,98,100,24,41,3.9485,99.973,28,5.5243,255,255,0
nd1S05587,Right,796319.tiff,61,67.7097,37,90,100,10,0,4.4225,99.9183,2,1.2436,255,255,1
nd1S05587,Right,801270.tiff,78,129.8691,41,97,100,25,56,5.0395,99.8527,54,6.0428,255,255,0
nd1S05587,Right,818054.tiff,54,62.5607,37,84,100,14,0,4.4248,255,2,1.5254,255,255,255
nd1S05587,Right,856108.tiff,41,55.6108,42,83,100,10,3,3.3932,96.0684,0,1.7055,255,255,0
nd1S05587,Right,856118.tiff,63,65.1658,35,89,100,12,0,4.487,99.8465,3,1.5589,255,255,1
nd1S05587,Right,864283.tiff,76,127.1663,40,97,100,25,55,5.1171,99.8815,69,4.8635,255,255,0
nd1S05587,Right,900968.tiff,76,117.6824,38,98,100,17,27,4.4092,99.9635,41,1.7437,255,255,8
nd1S05597,Left,396610.tiff,65,120.7396,38,93,100,35,97,5.6106,99.9431,74,1.288,255,255,46
nd1S05597,Left,396611.tiff,53,122.5281,37,90,100,41,96,5.8717,255,71,1.6122,255,255,255
nd1S05597,Left,398938.tiff,80,116.4084,33,94,100,35,66,5.5461,99.9487,84,4.1943,255,255,0
nd1S05597,Left,398940.tiff,74,115.3006,34,91,100,34,69,5.7662,99.8561,84,4.0765,255,255,0
nd1S05597,Left,398942.tiff,72,120.7809,30,93,100,38,69,5.8725,99.9116,87,4.0424,255,255,0
nd1S05597,Left,410313.tiff,32,116.2457,35,93,100,20,4,5.7791,99.9611,67,1.186,255,255,24
nd1S05597,Left,410314.tiff,25,116.5833,36,92,100,35,0,5.286,99.9364,69,1.2487,255,255,16
nd1S05597,Left,410315.tiff,46,125.4847,34,92,100,30,0,6.142,99.8049,11,1.5557,255,255,3
nd1S05597,Left,410316.tiff,52,118.5774,37,93,100,28,5,5.9073,99.9528,68,1.2377,255,255,38
nd1S05597,Left,410317.tiff,35,124.5136,38,92,100,30,6,5.4779,99.8529,7,1.1981,255,255,3
nd1S05597,Left,410318.tiff,45,124.9555,38,93,100,29,1,6.115,99.1577,9,1.4099,255,255,3
nd1S05597,Left,410319.tiff,40,117.4457,40,93,100,19,8,5.8561,99.9242,69,1.2376,255,255,29
nd1S05597,Left,410320.tiff,38,118.9,39,93,100,29,8,5.5118,99.9263,80,1.2482,255,255,30
nd1S05597,Left,410321.tiff,32,117.6716,43,96,100,40,6,6.3392,255,12,255,255,255,255
nd1S05597,Left,410323.tiff,33,121.1709,38,92,100,30,4,5.4202,99.8844,77,1.2268,255,255,25
nd1S05597,Left,410324.tiff,30,120.9609,39,93,100,23,6,5.8284,98.2854,72,1.5795,255,255,12
nd1S05597,Left,412626.tiff,88,113.6078,35,92,100,41,64,5.7343,99.8685,85,4.0206,255,255,0
nd1S05597,Left,412628.tiff,81,111.5321,35,93,100,38,66,5.7274,99.8794,85,255,255,255,255
nd1S05597,Left,436268.tiff,55,122.8186,36,93,100,28,4,5.8373,99.9159,76,1.2193,255,255,45
nd1S05597,Left,436270.tiff,50,120.1407,36,96,100,36,0,6.1061,99.0458,5,1.5359,255,255,2
nd1S05597,Left,436271.tiff,68,119.3744,37,92,100,41,99,5.8445,99.9551,64,1.2787,255,255,44
nd1S05597,Left,436272.tiff,72,122.5825,37,93,100,39,99,5.4695,99.9324,70,1.4727,255,255,34
nd1S05597,Left,436273.tiff,55,122.6762,36,93,100,29,99,6.054,99.7411,11,1.7806,255,255,2
nd1S05597,Left,436274.tiff,70,117.7029,39,92,100,40,99,5.897,99.917,75,1.2373,255,255,56
nd1S05597,Left,436276.tiff,60,121.7435,50,80,100,48,80,6.2257,75.8714,5,1.5278,255,255,1
nd1S05597,Left,436278.tiff,34,105.6529,36,94,100,47,255,5.7408,94.434,7,255,255,255,255
nd1S05597,Left,436279.tiff,55,119.6813,37,92,100,42,97,6.0957,85.4705,76,1.7142,255,255,15
nd1S05597,Left,438171.tiff,86,120.8334,37,92,100,47,65,5.9225,99.8901,85,3.0564,255,255,0
nd1S05597,Left,438173.tiff,87,126.8169,33,93,100,45,66,6.0424,99.8963,86,3.8701,255,255,0
nd1S05597,Left,449960.tiff,41,123.5719,36,91,100,30,0,5.8683,99.9399,59,1.2096,255,255,27
nd1S05597,Left,449961.tiff,41,122.0217,36,93,100,33,0,5.4973,99.9341,36,1.3765,255,255,12
nd1S05597,Left,449962.tiff,38,123.9747,36,92,100,26,0,5.9491,99.2823,34,1.7287,255,255,5
nd1S05597,Left,449963.tiff,75,115.8954,36,92,100,46,99,6.0234,99.9131,63,1.2461,255,255,47
nd1S05597,Left,449964.tiff,75,121.8994,39,94,100,41,99,5.5298,99.862,34,1.1912,255,255,25
nd1S05597,Left,449965.tiff,15,120.2215,40,93,100,43,255,5.3535,99.4382,10,1.7851,255,255,255
nd1S05597,Left,449966.tiff,43,123.3132,36,92,100,28,0,5.7828,99.9311,19,1.2185,255,255,9
nd1S05597,Left,449967.tiff,34,123.6771,39,92,100,33,9,5.5205,99.8468,7,1.19,255,255,3
nd1S05597,Left,449968.tiff,43,123.9593,35,92,100,28,0,5.9393,99.7475,12,1.7018,255,255,2
nd1S05597,Left,449969.tiff,30,122.4003,40,92,100,27,1,5.8164,99.8821,67,1.2423,255,255,21
nd1S05597,Left,449970.tiff,31,124.0822,39,94,100,35,8,5.5179,98.8486,67,1.2762,255,255,20
nd1S05597,Left,449971.tiff,32,122.8288,40,94,100,30,6,5.9208,70.2069,5,1.5816,255,255,1
nd1S05597,Left,452369.tiff,80,116.7031,33,92,100,42,66,5.8763,99.9084,68,2.0217,255,255,0
nd1S05597,Left,452373.tiff,84,125.9933,33,92,100,46,65,6.0564,99.9185,86,2.5016,255,255,0
nd1S05600,Left,254675.tiff,255,255,255,255,255,255,255,255,255,7,255,255,255,255
nd1S05600,Left,254679.tiff,1,104.4192,51,74,100,77,255,5.2519,255,85,1.29,255,255,255
nd1S05600,Left,263768.tiff,20,108.623,50,94,100,74,0,5.78,255,95,1.875,255,255,255
nd1S05600,Left,263769.tiff,6,103.325,60,81,100,100,0,3.7742,95.8651,50,1.7671,255,255,1
nd1S05600,Left,271044.tiff,31,120.4058,43,97,100,29,0,5.9994,99.2245,8,1.4048,255,255,2
nd1S05600,Left,286854.tiff,46,116.7058,47,86,100,38,99,6.4116,255,83,1.1406,255,255,255
nd1S05600,Right,254684.tiff,1,75.5605,62,46,100,255,0,0,95.1789,6,1.239,255,255,255
nd1S05600,Right,254686.tiff,1,93.1577,56,59,100,86,0,4.5203,99.4534,86,1.19,255,255,0
nd1S05600,Right,254693.tiff,2,77.7214,43,40,100,255,255,3.1925,255,78,1.1342,255,255,255
nd1S05600,Right,271062.tiff,28,120.913,43,91,100,34,20,6.3262,255,84,1.441,255,255,255
nd1S05600,Right,271067.tiff,40,114.0527,50,88,100,31,99,5.9253,255,85,1.9937,255,255,255
nd1S05600,Right,271082.tiff,61,118.0223,42,95,100,16,99,5.4008,99.9137,88,1.4975,255,255,35
nd1S05600,Right,271092.tiff,29,120.8604,47,93,100,24,74,6.2732,255,85,1.1552,255,255,255
nd1S05600,Right,271097.tiff,35,117.2306,56,89,100,20,98,5.4297,255,77,1.7669,255,255,255
nd1S05600,Right,284986.tiff,46,121.6559,52,97,100,28,78,5.4015,255,88,2.8926,255,255,255
nd1S05600,Right,286860.tiff,50,40.8553,66,0,100,4,99,5.5561,255,84,1.3657,255,255,255
nd1S05600,Right,286866.tiff,22,113.3053,52,93,100,54,79,6.1338,255,48,1.4219,255,255,255
nd1S05616,Right,1009710.tiff,78,142.1631,33,93,100,20,99,5.2426,99.9176,54,1.0476,255,255,45
nd1S05616,Right,1033078.tiff,60,58.7516,35,82,100,8,54,5.0271,99.8879,2,1.3385,255,255,1
nd1S05616,Right,1064394.tiff,40,46.9293,60,84,100,4,19,3.4331,98.7956,1,2.1566,255,255,0
nd1S05616,Right,1064404.tiff,71,60.9156,38,89,100,10,13,4.7017,99.9363,1,1.605,255,255,0
nd1S05616,Right,1065475.tiff,68,137.9743,38,94,100,33,99,4.8617,99.9646,50,1.3045,255,255,27
nd1S05616,Right,1130386.tiff,51,138.7821,34,95,100,30,12,5.1152,99.9833,69,1.3272,255,255,29
nd1S05616,Right,1131849.tiff,88,108.6853,36,93,100,27,73,5.3232,99.9504,86,4.5288,255,255,0
nd1S05616,Right,1132233.tiff,2,11.9367,15,0,100,1,255,1.9219,255,1,1.4241,255,255,255
nd1S05616,Right,1132357.tiff,48,46.102,36,70,100,18,0,5.1253,99.0187,4,1.185,255,255,1
nd1S05616,Right,1132360.tiff,80,80.5998,36,86,100,16,48,4.6671,99.835,31,1.4876,255,255,12
nd1S05616,Right,256156.tiff,18,105.822,53,89,100,44,255,5.9459,97.6825,16,1.0897,255,255,255
nd1S05616,Right,256163.tiff,41,104.85,56,85,100,39,99,5.9338,255,54,1.2671,255,255,255
nd1S05616,Right,303948.tiff,31,113.2959,64,81,100,39,99,5.5942,255,46,1.1883,255,255,255
nd1S05616,Right,345779.tiff,18,117.5558,58,96,100,36,80,6.0296,255,74,1.4018,255,255,255
nd1S05616,Right,429208.tiff,65,116.1247,58,92,100,31,99,5.273,99.6845,75,1.1049,255,255,55
nd1S05616,Right,512465.tiff,78,113.6127,37,93,100,21,59,4.7515,99.911,70,2.4843,255,255,0
nd1S05616,Right,522512.tiff,12,111.4512,53,95,100,46,6,5.562,63.7898,85,2.3103,255,255,0
nd1S05616,Right,542932.tiff,24,96.1097,48,82,100,34,255,5.7148,98.1755,19,255,255,255,255
nd1S05616,Right,579905.tiff,69,122.2469,43,94,100,25,72,5.0285,99.9426,81,2.3623,255,255,0
nd1S05616,Right,585196.tiff,3,111.3651,46,89,100,78,255,4.9406,255,28,255,255,255,255
nd1S05616,Right,615808.tiff,50,121.0259,49,92,100,28,99,5.4074,99.8269,75,1.3893,255,255,29
nd1S05616,Right,706553.tiff,48,135.6713,34,92,100,25,22,5.3495,99.9742,64,1.3305,255,255,26
nd1S05616,Right,765124.tiff,74,128.1256,46,92,100,32,71,5.6428,99.8823,86,255,255,255,255
nd1S05616,Right,766037.tiff,52,61.3028,47,70,100,14,0,4.7384,255,16,1.4662,255,255,255
nd1S05616,Right,867918.tiff,81,116.7732,45,92,100,20,63,4.5885,99.9276,47,6.528,255,255,0
nd1S05619,Left,1035705.tiff,28,128.0253,31,96,100,53,4,4.3829,99.9375,67,1.1576,255,255,16
nd1S05619,Left,1165941.tiff,57,143.7677,29,96,100,34,90,4.5351,99.9407,63,1.2255,255,255,30
nd1S05619,Left,1169180.tiff,66,125.6886,33,97,100,38,98,4.559,99.9013,53,1.2643,255,255,28
nd1S05619,Left,1170431.tiff,67,135.0321,33,97,100,37,98,4.5781,99.9091,64,1.157,255,255,39
nd1S05619,Left,1171247.tiff,21,117.817,32,94,100,59,0,4.2961,99.9444,43,1.3497,255,255,6
nd1S05619,Left,256305.tiff,57,104.9293,45,93,100,40,99,5.1204,97.9828,22,1.2333,255,255,11
nd1S05619,Left,256310.tiff,48,113.1116,45,96,100,52,98,4.8133,255,25,1.175,255,255,255
nd1S05619,Left,256311.tiff,84,110.5538,43,95,100,35,99,5.1329,99.8797,31,1.2472,255,255,20
nd1S05619,Left,256312.tiff,63,108.0841,43,96,100,44,99,5.1305,98.0036,60,1.3292,255,255,30
nd1S05619,Left,256315.tiff,67,106.9168,42,96,100,38,99,5.3191,99.7709,59,1.4098,255,255,29
nd1S05619,Left,256316.tiff,49,110.742,53,88,100,43,50,5.0097,255,23,1.2322,255,255,255
nd1S05619,Left,259580.tiff,81,102.5601,39,92,100,34,78,5.3233,99.9554,57,2.0374,255,255,0
nd1S05619,Left,261206.tiff,73,111.1821,46,97,100,37,99,5.3992,99.9267,4,1.1035,255,255,3
nd1S05619,Left,261213.tiff,83,112.55,45,96,100,29,99,5.4264,99.9176,7,1.0333,255,255,6
nd1S05619,Left,277637.tiff,27,106.6517,42,94,100,52,0,5.1453,99.7378,53,1.249,255,255,13
nd1S05619,Left,277648.tiff,61,112.4124,36,96,100,47,20,5.5378,99.8487,26,1.3363,255,255,14
nd1S05619,Left,281668.tiff,60,112.3563,41,95,100,40,99,5.377,66.301,12,1.0773,255,255,6
nd1S05619,Left,281671.tiff,61,112.2047,40,96,100,52,98,5.0897,255,12,1.1676,255,255,255
nd1S05619,Left,307038.tiff,28,110.298,41,96,100,56,0,4.673,99.6767,41,1.2873,255,255,9
nd1S05619,Left,345075.tiff,49,106.0899,38,93,100,40,91,4.7546,99.9123,8,1.1419,255,255,4
nd1S05619,Left,345078.tiff,58,108.7783,38,96,100,25,93,5.2287,99.919,37,1.1037,255,255,24
nd1S05619,Left,345083.tiff,78,105.0324,39,96,100,52,98,4.6907,99.8803,52,1.4423,255,255,23
nd1S05619,Left,411099.tiff,28,111.8355,39,94,100,52,0,4.7575,99.6585,8,1.0841,255,255,2
nd1S05619,Left,512898.tiff,87,102.2319,33,93,100,20,55,4.8465,99.9466,48,2.3115,255,255,0
nd1S05619,Left,556505.tiff,34,113.5515,38,97,100,34,0,5.1063,99.9405,52,1.1235,255,255,19
nd1S05619,Left,587827.tiff,51,106.5261,34,97,100,46,99,5.7759,255,15,255,255,255,255
nd1S05619,Left,613994.tiff,82,85.7507,42,89,100,29,99,5.2393,99.6053,20,1.2995,255,255,12
nd1S05619,Left,676417.tiff,37,100.8928,34,96,100,27,0,4.293,99.9176,1,1.3108,255,255,0
nd1S05619,Left,676423.tiff,14,120.3114,29,96,100,61,255,4.4619,99.9106,37,1.2745,255,255,255
nd1S05619,Left,695293.tiff,45,105.9078,29,95,100,30,4,4.4834,255,27,1.0659,255,255,255
nd1S05619,Left,706761.tiff,32,97.2766,44,86,100,28,0,4.5993,99.6099,5,1.2525,255,255,1
nd1S05619,Left,706765.tiff,30,34.8878,41,74,100,0,34,2.3997,255,0,1.1612,255,255,255
nd1S05619,Left,706769.tiff,1,90.7422,37,77,100,255,255,3.6307,98.6438,1,1.0973,255,255,255
nd1S05619,Left,723584.tiff,0,8.5287,35,100,100,255,255,255,100,0,1.0592,255,255,255
nd1S05619,Left,723590.tiff,76,55.599,44,80,100,10,10,3.7427,99.4015,4,1.5187,255,255,1
nd1S05619,Left,728404.tiff,50,105.6669,33,98,100,40,4,4.8804,99.9368,30,1.1688,255,255,14
nd1S05619,Left,755672.tiff,58,138.5591,32,96,100,37,98,4.8679,99.8992,64,1.0948,255,255,39
nd1S05619,Left,756596.tiff,33,89.2496,35,91,100,28,0,4.7496,97.1952,3,1.5301,255,255,1
nd1S05619,Left,795050.tiff,48,132.9506,29,93,100,37,0,4.8896,99.5851,61,1.2388,255,255,26
nd1S05619,Left,818256.tiff,255,255,255,255,255,255,255,255,255,0,255,255,255,255
nd1S05619,Left,818257.tiff,2,30.3172,32,0,100,14,255,2.3682,255,0,1.0631,255,255,255
nd1S05619,Left,822076.tiff,31,91.9394,43,0,100,20,0,4.8138,87.0743,10,1.0688,255,255,0
nd1S05619,Left,822080.tiff,49,108.8444,30,97,100,22,0,4.6036,99.9071,6,1.5301,255,255,2
nd1S05619,Left,861458.tiff,69,125.1722,32,92,100,28,98,4.5725,99.8943,42,1.4123,255,255,19
nd1S05619,Left,988470.tiff,44,104.6568,43,84,100,30,8,4.0081,98.5536,10,1.4121,255,255,2
nd1S05619,Right,1033849.tiff,34,61.7514,41,85,100,14,20,4.0254,90.2924,1,1.2883,255,255,0
nd1S05619,Right,1033850.tiff,66,61.8467,38,87,100,10,55,4.3931,99.9558,1,1.4222,255,255,0
nd1S05619,Right,1056833.tiff,0,27.6482,38,0,100,255,255,255,93.275,1,1.1971,255,255,255
nd1S05619,Right,1056844.tiff,41,60.0369,45,86,100,10,11,4.1483,99.3031,4,1.6202,255,255,0
nd1S05619,Right,1058217.tiff,75,123.0976,29,96,100,40,98,4.7508,99.9452,72,1.2025,255,255,45
nd1S05619,Right,1059366.tiff,82,116.0804,30,94,100,24,74,4.9112,99.8521,87,4.0166,255,255,0
nd1S05619,Right,1081619.tiff,67,60.6302,36,90,100,11,51,4.1423,99.3804,10,1.9229,255,255,0
nd1S05619,Right,1081629.tiff,28,48.3383,63,68,100,6,0,2.6899,99.1194,0,1.8934,255,255,0
nd1S05619,Right,1084820.tiff,90,108.6853,28,95,100,27,69,4.8434,99.96,90,255,255,255,255
nd1S05619,Right,1104288.tiff,83,125.7344,32,94,100,38,98,4.5549,99.8963,65,1.1845,255,255,40
nd1S05619,Right,1105046.tiff,36,107.4923,34,95,100,12,17,4.314,99.958,35,1.9265,255,255,1
nd1S05619,Right,1105698.tiff,89,124.883,33,94,100,27,70,4.9916,99.9514,88,2.6799,255,255,0
nd1S05619,Right,1126309.tiff,45,48.2602,58,68,100,4,9,3.5819,98.9415,1,1.3031,255,255,0
nd1S05619,Right,1126313.tiff,77,48.2844,63,66,100,5,23,3.6208,97.4193,1,1.5189,255,255,0
nd1S05619,Right,1126484.tiff,53,69.3172,39,88,100,15,43,4.4752,99.8069,2,1.2981,255,255,1
nd1S05619,Right,1165947.tiff,71,125.9237,33,97,100,38,35,4.8229,99.9658,68,1.1476,255,255,47
nd1S05619,Right,1166274.tiff,83,106.4103,34,96,100,27,70,4.7947,99.9686,87,4.0567,255,255,0
nd1S05619,Right,1167655.tiff,72,130.2994,34,96,100,33,98,4.4179,99.9495,62,1.2682,255,255,33
nd1S05619,Right,1168022.tiff,85,108.7608,36,91,100,33,74,4.9356,99.97,86,255,255,255,255
nd1S05619,Right,1169185.tiff,77,128.537,36,97,100,42,98,4.6625,99.9501,51,1.356,255,255,26
nd1S05619,Right,1169756.tiff,83,106.6419,36,95,100,30,71,4.8813,99.9545,89,255,255,255,255
nd1S05619,Right,1170437.tiff,68,134.8434,37,95,100,36,98,4.2924,99.9451,55,1.4418,255,255,21
nd1S05619,Right,1170956.tiff,88,114.9579,38,92,100,27,75,4.9811,99.9316,87,3.963,255,255,0
nd1S05619,Right,1170958.tiff,54,122.1119,47,86,100,39,58,5.1974,255,81,4.3623,255,255,255
nd1S05619,Right,1171253.tiff,78,120.1724,36,95,100,40,98,4.4589,99.9048,54,1.3651,255,255,25
nd1S05619,Right,1171756.tiff,78,113.0658,37,95,100,27,71,4.7962,99.9745,87,4.1068,255,255,0
nd1S05619,Right,1172075.tiff,48,137.9297,37,94,100,38,32,4.3263,99.9561,54,1.2824,255,255,19
nd1S05619,Right,1172539.tiff,63,112.7106,35,93,100,27,74,4.9551,99.9646,84,255,255,255,255
nd1S05619,Right,1172544.tiff,56,115.0987,35,91,100,30,69,4.7778,255,85,255,255,255,255
nd1S05619,Right,1172546.tiff,85,115.2169,34,95,100,28,71,4.8713,99.9747,90,4.0096,255,255,0
nd1S05619,Right,256318.tiff,50,112.242,41,92,100,33,26,4.8336,99.8883,6,1.2277,255,255,3
nd1S05619,Right,266649.tiff,29,117.3062,45,96,100,28,255,5.0764,255,71,255,255,255,255
nd1S05619,Right,307050.tiff,255,255,255,255,255,255,255,255,255,12,255,255,255,255
nd1S05619,Right,523782.tiff,86,107.2601,34,95,100,27,69,4.8441,99.969,73,1.3451,255,255,39
nd1S05619,Right,556518.tiff,30,104.3031,24,76,100,64,61,5.1211,255,7,255,255,255,255
nd1S05619,Right,581621.tiff,87,112.4698,35,94,100,34,99,5.0644,99.9047,7,1.1097,255,255,5
nd1S05619,Right,587835.tiff,26,114.3858,44,92,100,50,0,5.0848,255,53,1.2915,255,255,255
nd1S05619,Right,587838.tiff,30,108.4803,41,94,100,42,0,5.0546,255,57,1.1558,255,255,255
nd1S05619,Right,614006.tiff,32,110.1443,37,96,100,35,1,5.2203,99.9242,78,1.2832,255,255,22
nd1S05619,Right,695304.tiff,81,130.9506,30,92,100,43,98,4.7805,99.7179,55,1.2507,255,255,33
nd1S05619,Right,706779.tiff,74,116.1389,35,93,100,43,98,4.6762,99.9581,56,1.2064,255,255,35
nd1S05619,Right,795054.tiff,41,129.2556,32,93,100,36,0,4.8746,99.8465,49,1.3854,255,255,14
nd1S05619,Right,818262.tiff,255,255,255,255,255,255,255,255,255,1,255,255,255,255
nd1S05619,Right,822077.tiff,37,106.2104,35,93,100,29,0,4.773,255,23,2.0257,255,255,255
nd1S05619,Right,857508.tiff,12,46.6486,40,83,100,12,0,2.2194,80.8278,0,1.7155,255,255,0
nd1S05619,Right,902140.tiff,60,65.4412,40,92,100,9,52,3.7688,95.7532,6,1.1891,255,255,2
nd1S05619,Right,935768.tiff,52,138.4402,36,91,100,23,44,4.8186,99.9657,34,1.0971,255,255,18
nd1S05619,Right,965185.tiff,54,113.2368,30,93,100,23,4,4.7377,99.866,30,1.4188,255,255,11
nd1S05619,Right,967052.tiff,25,43.2526,73,61,100,19,0,2.6531,98.9284,1,1.0391,255,255,0
nd1S05619,Right,967092.tiff,6,53.6283,64,59,100,30,0,4.1878,255,2,1.5345,255,255,255
nd1S05619,Right,987711.tiff,85,138.8075,34,92,100,37,99,5.0726,99.9145,59,1.2753,255,255,36
nd1S05619,Right,989173.tiff,83,119.1758,34,96,100,27,69,4.7364,99.7697,89,4.0479,255,255,0
nd1S05624,Left,256818.tiff,18,118.1198,57,98,100,59,0,5.4807,255,7,1.2268,255,255,255
nd1S05624,Left,256839.tiff,27,114.3196,55,96,100,58,0,5.6805,255,9,255,255,255,255
nd1S05624,Left,256847.tiff,31,114.3575,53,92,100,68,97,5.3224,99.5295,8,255,255,255,255
nd1S05624,Left,256858.tiff,50,116.5855,52,96,100,52,99,5.7178,24.4351,4,1.2355,255,255,1
nd1S05624,Left,256860.tiff,21,59.6433,63,36,100,47,255,4.405,255,26,2.0574,255,255,255
nd1S05624,Left,268867.tiff,43,114.5975,49,93,100,62,98,5.0016,255,22,1.1893,255,255,255
nd1S05624,Left,268884.tiff,53,117.3291,55,95,100,50,65,5.9039,255,5,1.2791,255,255,255
nd1S05624,Left,275964.tiff,26,117.7585,45,91,100,60,0,5.5326,99.7163,5,1.0603,255,255,2
nd1S05624,Left,347140.tiff,55,122.7874,31,93,100,52,63,5.5669,98.8239,84,4.0835,255,255,0
nd1S05624,Left,412277.tiff,41,115.8404,55,97,100,51,81,6.1382,255,12,1.8859,255,255,255
nd1S05624,Left,442992.tiff,45,116.7667,50,92,100,48,93,5.8682,255,31,1.2913,255,255,255
nd1S05624,Left,443813.tiff,49,128.0637,41,92,100,51,60,5.4741,255,69,2.1698,255,255,255
nd1S05624,Left,542480.tiff,20,114.1315,50,92,100,44,0,5.4933,99.5345,6,1.2935,255,255,1
nd1S05624,Left,542481.tiff,26,113.883,49,94,100,30,3,5.508,99.5748,5,1.3124,255,255,1
nd1S05624,Left,542482.tiff,20,112.9247,52,96,23,51,0,5.2588,99.6709,8,1.1414,255,255,0
nd1S05624,Left,560039.tiff,24,117.8271,45,91,100,70,255,5.1123,99.9006,37,1.5929,255,255,255
nd1S05624,Left,560049.tiff,41,117.6964,38,93,100,46,6,5.3001,255,6,1.1267,255,255,255
nd1S05624,Left,560057.tiff,52,113.1192,43,93,100,52,80,5.5505,99.8362,49,1.5621,255,255,15
nd1S05624,Left,607285.tiff,41,119.0257,47,92,100,54,94,5.6565,255,8,1.4113,255,255,255
nd1S05624,Left,607288.tiff,34,117.1924,41,91,100,46,0,5.6439,99.8823,5,1.2939,255,255,2
nd1S05624,Left,685159.tiff,57,107.8599,37,92,100,37,54,4.8643,99.9575,5,1.2809,255,255,2
nd1S05624,Left,824135.tiff,59,123.1386,41,93,100,54,69,4.995,99.9353,31,1.195,255,255,17
nd1S05624,Left,824951.tiff,29,109.4303,42,94,100,38,0,4.8667,99.9505,10,1.0659,255,255,3
nd1S05624,Left,829118.tiff,40,65.4599,41,94,100,23,0,4.5089,255,9,1.401,255,255,255
nd1S05624,Left,829627.tiff,76,121.8188,42,93,100,34,54,5.1351,99.9596,84,255,255,255,255
nd1S05624,Left,907331.tiff,36,91.5538,36,57,100,11,35,4.744,95.0588,0,1.1426,255,255,0
nd1S05624,Left,907341.tiff,73,69.1475,40,95,100,23,40,4.7686,99.81,14,1.0534,255,255,9
nd1S05624,Left,943764.tiff,60,132.0102,40,94,100,54,96,4.961,99.9551,59,1.1628,255,255,35
nd1S05624,Left,945940.tiff,81,116.576,40,93,100,35,54,5.38,99.9251,79,4.0875,255,255,0
nd1S05624,Left,947567.tiff,66,63.9027,40,89,100,20,34,4.6211,99.9355,7,1.0493,255,255,4
nd1S05624,Right,253887.tiff,54,110.3299,50,97,100,41,62,5.3249,255,75,255,255,255,255
nd1S05624,Right,256883.tiff,37,59.2182,61,53,100,32,88,5.1087,255,47,1.285,255,255,255
nd1S05624,Right,260231.tiff,59,117.4571,51,95,100,40,60,5.0168,89.2548,86,4.3549,255,255,0
nd1S05624,Right,263921.tiff,24,108.8635,50,93,100,37,0,5.7837,99.8623,57,1.4129,255,255,11
nd1S05624,Right,263931.tiff,29,110.0409,43,93,100,40,0,5.6432,99.7594,80,1.7795,255,255,7
nd1S05624,Right,268908.tiff,44,115.0633,52,95,100,54,81,6.022,255,55,1.1573,255,255,255
nd1S05624,Right,275971.tiff,60,106.9049,44,94,100,41,73,5.7239,99.8378,15,1.2924,255,255,9
nd1S05624,Right,279991.tiff,59,130.7534,52,96,100,42,63,4.9317,255,86,255,255,255,255
nd1S05624,Right,283244.tiff,14,109.1601,45,93,100,66,0,4.8356,255,24,1.3577,255,255,255
nd1S05624,Right,346357.tiff,19,115.1818,33,71,100,255,255,5.0693,91.1289,15,255,255,255,255
nd1S05624,Right,412295.tiff,47,115.0696,48,92,100,36,45,5.5552,99.8163,65,1.2691,255,255,29
nd1S05624,Right,429311.tiff,39,115.3708,45,94,100,47,78,5.8344,255,68,1.6343,255,255,255
nd1S05624,Right,442995.tiff,40,117.5213,51,97,100,52,83,6.089,255,8,1.6279,255,255,255
nd1S05624,Right,542463.tiff,70,114.2634,48,96,100,52,95,5.2754,99.7449,69,1.1076,255,255,54
nd1S05624,Right,542464.tiff,26,116.1385,51,94,100,38,0,5.5434,99.7859,7,1.1711,255,255,2
nd1S05624,Right,542469.tiff,11,116.567,51,95,100,69,255,5.5666,255,17,255,255,255,255
nd1S05624,Right,542470.tiff,51,115.2908,44,97,100,42,97,5.4572,99.7728,36,1.4571,255,255,13
nd1S05624,Right,560058.tiff,13,109.5148,50,97,100,61,0,5.3651,255,70,1.7569,255,255,255
nd1S05624,Right,560060.tiff,30,108.6811,40,96,100,54,0,5.4751,99.7346,59,1.7427,255,255,6
nd1S05624,Right,560062.tiff,41,117.9778,47,97,100,44,65,5.541,99.7556,5,1.2253,255,255,2
nd1S05624,Right,607294.tiff,44,115.5535,40,94,100,57,98,5.2131,255,28,255,255,255,255
nd1S05624,Right,607297.tiff,32,112.5962,41,95,100,55,57,5.4127,99.7365,47,1.4826,255,255,10
nd1S05624,Right,607298.tiff,65,111.7509,39,94,100,40,96,5.497,99.8865,15,1.5507,255,255,6
nd1S05624,Right,829089.tiff,38,77.5572,38,64,100,21,27,3.9441,99.6992,0,2.0473,255,255,0
nd1S05624,Right,907346.tiff,90,69.8394,38,93,100,21,37,4.4668,99.8344,8,1.201,255,255,4
nd1S05624,Right,909774.tiff,84,123.675,41,95,100,58,98,5.0284,99.9285,27,1.1534,255,255,19
nd1S05624,Right,943769.tiff,78,131.3723,41,94,100,57,98,5.039,99.9166,44,1.1968,255,255,30
nd1S05624,Right,944722.tiff,45,111.6176,38,94,100,38,52,4.9213,99.9611,39,1.5627,255,255,9
nd1S05624,Right,945945.tiff,95,116.9948,42,93,100,32,60,5.1014,99.9409,81,4.3637,255,255,0
nd1S05624,Right,947563.tiff,50,85.6907,37,58,100,23,22,5.0043,98.484,1,1.9096,255,255,0
nd1S05624,Right,947571.tiff,49,66.2559,38,93,100,24,35,4.496,99.8555,8,1.2173,255,255,3
nd1S05629,Left,704409.tiff,76,78.1196,37,84,100,6,42,3.0437,99.9212,0,1.5998,255,255,0
nd1S05629,Left,704412.tiff,91,138.4312,33,92,100,30,99,5.6169,99.9458,69,1.3352,255,255,43
nd1S05629,Left,723360.tiff,69,60.2435,40,95,100,7,39,2.9401,99.9352,0,2.2859,255,255,0
nd1S05629,Left,723370.tiff,82,70.5056,37,90,100,14,51,4.1107,99.9395,2,2.2197,255,255,0
nd1S05629,Left,727347.tiff,85,136.1275,34,92,100,22,99,5.56,99.9626,46,1.338,255,255,28
nd1S05629,Left,729180.tiff,57,123.3208,34,89,44,6,9,4.3791,99.9739,11,1.696,255,255,1
nd1S05629,Left,755943.tiff,68,139.1149,34,91,100,33,99,5.4806,99.9606,25,1.4492,255,255,12
nd1S05629,Left,755952.tiff,88,132.8829,34,91,100,27,99,5.5097,99.9392,40,1.4001,255,255,22
nd1S05629,Left,758901.tiff,86,122.5191,33,93,100,18,59,4.1831,99.8821,34,1.6803,255,255,8
nd1S05629,Left,762121.tiff,69,65.8372,37,95,100,13,41,3.4405,99.7628,0,1.8578,255,255,0
nd1S05629,Left,762125.tiff,47,60.9634,41,88,100,6,8,2.7539,99.8364,0,1.6912,255,255,0
nd1S05629,Left,762131.tiff,81,69.3691,37,89,100,11,55,4.0776,99.8914,1,1.8679,255,255,0
nd1S05629,Left,762132.tiff,81,72.6899,35,93,100,12,53,3.9607,99.943,1,2.04,255,255,0
nd1S05629,Left,762135.tiff,74,72.6623,37,95,100,10,51,4.2125,99.8996,1,1.856,255,255,0
nd1S05653,Left,261739.tiff,39,117.6681,48,96,100,15,14,5.594,99.8666,51,1.137,255,255,23
nd1S05653,Left,261740.tiff,46,122.5144,51,96,100,22,76,5.6054,255,14,1.1837,255,255,255
nd1S05653,Left,261747.tiff,48,127.5199,47,97,100,12,99,6.117,255,12,1.2607,255,255,255
nd1S05653,Left,269635.tiff,27,122.5229,48,95,100,21,0,4.9892,99.8733,7,1.0437,255,255,2
nd1S05653,Left,276063.tiff,44,121.5715,48,98,100,22,16,5.6068,96.8266,6,1.1971,255,255,3
nd1S05653,Left,276067.tiff,64,126.5024,41,96,100,37,98,5.1628,97.7665,7,1.229,255,255,4
nd1S05653,Left,281386.tiff,56,122.9015,48,95,100,17,99,5.3866,255,26,1.1212,255,255,255
nd1S05653,Left,304203.tiff,36,116.627,48,94,100,20,16,5.8404,255,84,1.2577,255,255,255
nd1S05653,Left,304208.tiff,53,125.1102,49,96,100,20,99,5.5123,255,22,1.2212,255,255,255
nd1S05653,Left,307001.tiff,60,119.8698,47,93,100,3,99,5.0388,55.5148,9,1.1892,255,255,2
nd1S05653,Left,399124.tiff,77,120.778,52,94,100,7,78,5.6969,99.846,89,1.9041,255,255,8
nd1S05653,Left,422294.tiff,43,129.1118,46,96,100,9,20,5.5079,255,17,1.4241,255,255,255
nd1S05653,Left,422303.tiff,35,122.8312,52,92,100,6,12,5.6968,255,8,1.2159,255,255,255
nd1S05653,Left,427829.tiff,55,128.0639,49,97,100,16,99,5.6475,255,13,1.1024,255,255,255
nd1S05653,Left,452631.tiff,72,115.6477,52,93,100,15,77,5.4452,99.5031,90,2.0937,255,255,0
nd1S05653,Left,452635.tiff,71,123.5401,45,91,100,11,78,5.5487,99.9253,90,1.9619,255,255,3
nd1S05661,Left,1082254.tiff,59,65.887,31,92,100,17,0,4.6352,99.8587,2,1.0396,255,255,1
nd1S05661,Left,1082255.tiff,44,65.0306,31,96,100,19,0,4.8105,99.8893,1,1.0939,255,255,0
nd1S05661,Left,1103072.tiff,43,50.9728,47,68,100,11,0,4.2144,93.3973,1,1.6122,255,255,0
nd1S05661,Left,1103073.tiff,32,63.9456,35,75,100,19,0,4.516,99.2823,0,1.542,255,255,0
nd1S05661,Left,1104452.tiff,79,125.2962,30,94,100,46,94,4.6837,99.976,46,1.4097,255,255,21
nd1S05661,Left,1105189.tiff,70,118.4275,31,94,100,21,17,5.0474,99.9357,30,2.0095,255,255,0
nd1S05661,Left,1198457.tiff,66,130.485,28,95,100,56,94,4.5662,99.9384,54,1.4042,255,255,23
nd1S05661,Left,1198458.tiff,64,130.2322,28,94,100,54,94,4.5572,99.9301,54,1.4066,255,255,22
nd1S05661,Left,583648.tiff,82,120.1398,31,93,100,39,97,5.41,99.9391,10,1.184,255,255,7
nd1S05661,Left,583650.tiff,83,116.257,27,94,100,44,87,5.5213,99.948,7,1.3961,255,255,4
nd1S05661,Left,583651.tiff,85,118.4145,31,93,100,42,97,5.3313,99.9121,8,1.1813,255,255,6
nd1S05661,Left,583652.tiff,87,118.8141,32,94,100,39,97,5.3454,99.9509,31,1.2522,255,255,21
nd1S05661,Left,583653.tiff,82,114.9192,29,93,100,44,93,5.5694,99.8462,69,1.6641,255,255,21
nd1S05661,Left,583654.tiff,86,115.6724,32,94,100,43,99,5.4569,99.9489,27,1.2455,255,255,19
nd1S05661,Left,583655.tiff,83,120.441,32,95,100,39,99,5.2767,99.9044,10,1.0839,255,255,8
nd1S05661,Left,583657.tiff,43,116.0596,29,93,100,37,0,5.3496,99.9434,21,1.3368,255,255,8
nd1S05661,Left,583659.tiff,74,117.0934,30,92,100,39,69,5.4755,99.9103,64,1.5358,255,255,27
nd1S05661,Left,676097.tiff,33,116.1244,31,92,100,23,0,4.9205,99.976,32,1.9469,255,255,1
nd1S05661,Left,676099.tiff,26,112.7329,34,93,100,25,0,4.6533,99.9569,15,1.444,255,255,2
nd1S05661,Left,676103.tiff,56,112.1175,27,96,100,30,0,5.1349,99.933,35,1.3616,255,255,15
nd1S05661,Left,725573.tiff,64,63.7951,44,95,100,13,18,3.5119,99.791,0,1.327,255,255,0
nd1S05661,Left,725584.tiff,93,68.884,40,92,100,15,37,4.4922,99.7585,3,1.2442,255,255,1
nd1S05661,Left,729815.tiff,84,131.0786,35,94,100,40,98,5.2065,99.9501,46,1.1354,255,255,34
nd1S05661,Left,759727.tiff,34,57.5327,39,90,100,18,0,3.6136,99.7977,1,1.3135,255,255,0
nd1S05661,Left,759736.tiff,55,61.7906,47,90,100,13,30,4.2049,97.1706,0,1.1804,255,255,0
nd1S05661,Left,759737.tiff,80,67.2277,35,89,100,13,3,4.4394,99.4737,1,1.0726,255,255,1
nd1S05661,Left,791089.tiff,36,54.8818,40,97,100,14,0,3.5804,99.8817,1,1.2718,255,255,0
nd1S05661,Left,791090.tiff,55,57.589,42,95,100,12,3,3.3878,97.1499,0,1.3761,255,255,0
nd1S05661,Left,793538.tiff,77,119.3919,31,94,100,35,96,5.0506,99.9235,44,1.3102,255,255,26
nd1S05661,Left,795566.tiff,44,116.6079,34,92,100,25,0,4.8295,99.9564,27,2.1238,255,255,0
nd1S05661,Left,795568.tiff,42,115.3715,33,94,100,24,0,5.1919,99.954,41,2.1523,255,255,0
nd1S05661,Left,800715.tiff,87,119.5327,33,94,100,21,37,4.7058,99.9283,59,2.9186,255,255,0
nd1S05661,Left,800716.tiff,87,118.6998,34,93,100,21,35,3.5702,99.9435,36,5.9366,255,255,0
nd1S05661,Left,800719.tiff,87,123.2102,36,95,100,20,37,4.6319,99.9355,57,2.8152,255,255,0
nd1S05661,Left,820264.tiff,67,67.4939,32,96,100,14,2,4.3037,99.7265,2,1.1162,255,255,1
nd1S05661,Left,820265.tiff,88,69.0068,31,96,100,19,31,4.2466,99.6204,3,1.0621,255,255,2
nd1S05661,Left,822690.tiff,85,114.6076,30,93,100,50,97,5.2638,99.916,32,1.1381,255,255,24
nd1S05661,Left,822691.tiff,86,114.2133,31,93,100,48,97,5.2675,99.8758,32,1.1381,255,255,24
nd1S05673,Right,1061961.tiff,44,63.3843,38,82,100,14,3,4.7133,99.9377,13,1.1703,255,255,4
nd1S05673,Right,1085521.tiff,65,45.9896,51,53,100,6,7,3.4775,98.9532,0,1.301,255,255,0
nd1S05673,Right,1085534.tiff,75,66.3021,33,88,100,15,8,4.8925,99.9686,2,2.0301,255,255,0
nd1S05673,Right,1086580.tiff,80,126.324,28,93,100,48,98,5.3787,99.9492,40,1.7015,255,255,11
nd1S05673,Right,1087627.tiff,82,110.4122,33,93,100,29,60,5.1706,99.9517,76,4.2145,255,255,0
nd1S05673,Right,1108478.tiff,49,58.3455,32,90,100,8,0,3.9574,99.8592,1,2.3136,255,255,0
nd1S05673,Right,1109775.tiff,45,109.4681,35,91,56,16,55,5.461,255,17,1.5451,255,255,255
nd1S05673,Right,1110824.tiff,79,119.5325,30,93,100,24,64,5.4394,99.9504,85,4.2045,255,255,0
nd1S05675,Left,260210.tiff,90,126.3758,46,93,100,24,61,5.9442,99.9582,92,1.9446,255,255,5
nd1S05675,Left,263837.tiff,45,124.8457,50,96,100,22,84,5.6776,99.8407,18,1.18,255,255,9
nd1S05675,Left,263839.tiff,84,121.0933,51,96,100,32,99,5.7872,99.8881,43,1.1457,255,255,35
nd1S05675,Left,263840.tiff,71,122.6633,53,96,100,32,91,5.7777,99.767,11,1.1624,255,255,9
nd1S05675,Left,263841.tiff,51,121.8497,52,97,100,21,81,5.6577,99.923,16,1.2516,255,255,8
nd1S05675,Left,263842.tiff,24,120.3304,50,95,100,24,16,5.8307,99.8995,68,1.2523,255,255,17
nd1S05675,Left,270659.tiff,24,121.8811,46,95,100,31,0,5.6986,99.9387,10,1.2061,255,255,3
nd1S05675,Left,270660.tiff,27,119.7847,46,96,100,24,5,5.5386,99.8324,7,1.2695,255,255,2
nd1S05675,Left,270661.tiff,70,118.1158,47,95,100,29,99,5.6156,99.8724,68,1.2383,255,255,48
nd1S05675,Left,270662.tiff,38,120.7943,49,96,100,22,33,5.7862,99.7656,11,1.1916,255,255,5
nd1S05675,Left,270666.tiff,73,120.6979,36,96,100,23,78,5.7699,99.8983,6,1.3762,255,255,4
nd1S05675,Left,303483.tiff,59,117.0271,46,97,100,24,99,5.63,99.9165,12,1.1214,255,255,8
nd1S05675,Left,437337.tiff,37,120.5107,45,95,100,37,27,5.4899,99.8941,11,1.1548,255,255,4
nd1S05675,Left,437339.tiff,25,116.2331,49,97,100,56,0,4.8062,99.9499,24,255,255,255,255
nd1S05675,Left,437343.tiff,255,255,255,255,255,255,255,255,255,4,255,255,255,255
nd1S05675,Left,529570.tiff,95,123.5978,43,93,100,25,39,5.7811,99.9341,64,1.6225,255,255,23
nd1S05675,Left,613178.tiff,89,119.1509,44,94,100,27,97,5.877,99.9048,79,1.2293,255,255,60
nd1S05675,Left,694609.tiff,41,108.7156,35,92,100,14,10,4.9243,99.8812,4,1.1903,255,255,2
nd1S05675,Left,694615.tiff,60,140.9201,35,92,100,10,4,5.9498,99.9454,76,1.095,255,255,58
nd1S05675,Left,710282.tiff,87,61.2361,40,91,100,10,24,3.6911,99.6728,0,1.6775,255,255,0
nd1S05675,Left,710283.tiff,65,71.1011,41,95,100,8,33,4.8288,99.9111,1,1.1978,255,255,1
nd1S05675,Left,725004.tiff,56,68.4432,37,84,100,10,0,4.6388,99.6086,5,1.7526,255,255,1
nd1S05675,Left,729009.tiff,51,137.1079,40,91,100,12,73,5.5833,99.9164,74,1.1231,255,255,44
nd1S05675,Left,754917.tiff,93,125.9819,45,95,100,23,49,4.3426,99.9446,68,3.9204,255,255,0
nd1S05675,Left,759283.tiff,85,115.3183,44,94,100,10,41,4.6502,99.9456,44,1.4643,255,255,18
nd1S05675,Left,763417.tiff,255,255,255,255,255,255,255,255,255,0,255,255,255,255
nd1S05675,Left,792157.tiff,89,65.4499,33,93,100,20,25,4.591,99.8928,0,1.9473,255,255,0
nd1S05675,Left,795281.tiff,75,136.6972,42,94,100,14,84,5.688,99.936,90,1.1826,255,255,70
nd1S05675,Left,860159.tiff,55,61.1846,35,94,100,7,5,4.6887,99.4489,0,1.873,255,255,0
nd1S05675,Left,905909.tiff,96,122.0575,42,94,100,31,51,5.5527,99.9716,93,2.1166,255,255,0
nd1S05682,Left,266392.tiff,95,118.5021,39,95,100,18,79,5.2141,99.9718,79,3.987,255,255,0
nd1S05682,Left,267703.tiff,43,131.9369,40,95,100,20,6,5.2318,99.9552,17,1.2464,255,255,7
nd1S05682,Left,267704.tiff,67,129.4031,43,96,100,22,99,4.8641,99.9352,4,1.2461,255,255,2
nd1S05682,Left,267713.tiff,72,127.5994,42,94,100,27,99,4.9344,99.9064,6,1.2503,255,255,4
nd1S05682,Left,277691.tiff,8,128.9023,42,94,62,42,255,4.6557,99.9476,21,1.1027,255,255,255
nd1S05682,Left,277693.tiff,0,129.0273,39,98,0,255,255,255,99.9751,17,1.1074,255,255,255
nd1S05682,Left,277697.tiff,23,127.5298,42,95,100,36,0,4.9,99.9589,9,1.1633,255,255,2
nd1S05682,Left,280905.tiff,60,122.0938,34,97,100,18,9,5.0652,99.9185,70,1.5449,255,255,23
nd1S05682,Left,280915.tiff,23,127.32,35,97,100,40,0,5.5278,99.9575,66,1.2198,255,255,16
nd1S05682,Left,313852.tiff,90,126.0964,41,95,100,30,99,5.5873,99.9543,71,1.1123,255,255,59
nd1S05682,Left,313859.tiff,62,124.1722,41,96,100,24,99,5.1298,99.9396,37,1.1377,255,255,24
nd1S05682,Left,345811.tiff,60,121.7022,38,97,100,25,99,5.3617,99.9462,61,1.137,255,255,40
nd1S05682,Left,345819.tiff,54,122.5598,37,94,100,27,29,5.0307,99.9172,48,1.1067,255,255,28
nd1S05682,Left,345821.tiff,57,121.6536,32,95,100,18,38,5.1589,99.9642,60,1.1049,255,255,38
nd1S05682,Left,450418.tiff,40,123.4246,42,97,100,19,34,5.1299,99.9295,8,1.2136,255,255,3
nd1S05694,Right,278601.tiff,17,109.8895,42,93,100,34,0,5.4247,99.8619,91,1.3431,255,255,13
nd1S05694,Right,278602.tiff,0,96.4474,47,98,100,255,255,255,255,23,255,255,255,255
nd1S05694,Right,278605.tiff,21,111.8922,44,95,100,24,64,5.3566,99.7966,77,1.3223,255,255,14
nd1S05694,Right,280055.tiff,68,118.4711,48,97,100,12,79,4.8723,99.9222,89,4.2545,255,255,0
nd1S05694,Right,280057.tiff,63,107.5666,44,95,100,17,79,5.0123,99.2593,84,4.3542,255,255,0
nd1S05694,Right,285150.tiff,71,116.9252,41,94,100,26,79,5.0616,99.892,85,3.9771,255,255,0
nd1S05694,Right,287551.tiff,53,116.2625,40,93,100,18,99,5.4021,97.3177,5,255,255,255,255
nd1S05694,Right,287559.tiff,60,114.6815,38,96,100,24,99,5.9571,255,85,1.2608,255,255,255
nd1S05694,Right,407289.tiff,34,119.0958,37,85,100,27,255,5.5971,255,7,255,255,255,255
nd1S05694,Right,407296.tiff,0,36.5149,33,100,100,255,255,255,100,5,255,255,255,255
nd1S05694,Right,407297.tiff,62,114.676,44,95,100,20,99,5.7096,255,68,1.1196,255,255,255
nd1S05694,Right,408091.tiff,69,114.2548,49,96,100,26,79,5.0146,99.9636,83,4.2993,255,255,0
nd1S05695,Right,267015.tiff,96,115.1937,48,96,100,26,75,5.342,99.9048,90,255,255,255,255
nd1S05695,Right,270694.tiff,63,122.2811,44,95,100,31,99,5.6238,99.8449,8,1.4087,255,255,4
nd1S05695,Right,270695.tiff,87,119.1819,45,96,100,24,99,5.3488,99.8641,78,1.3023,255,255,48
nd1S05695,Right,270702.tiff,81,119.5735,45,96,100,22,96,5.4371,99.8813,77,1.311,255,255,48
nd1S05695,Right,270703.tiff,46,117.5612,30,95,100,41,83,5.8561,255,14,255,255,255,255
nd1S05695,Right,270704.tiff,81,118.3103,39,96,100,22,99,5.3977,99.8147,89,1.3166,255,255,55
nd1S05695,Right,274508.tiff,97,124.2239,53,96,100,27,74,5.2052,99.9575,91,3.9966,255,255,0
nd1S05695,Right,275729.tiff,97,113.6038,46,96,100,29,99,5.3164,99.7692,90,1.1311,255,255,69
nd1S05695,Right,275731.tiff,58,117.6658,44,97,100,35,99,5.9472,255,37,255,255,255,255
nd1S05695,Right,279855.tiff,98,133.8352,44,98,100,31,72,5.2784,99.8665,90,255,255,255,255
nd1S05695,Right,279859.tiff,52,118.7465,51,95,100,28,72,5.6053,255,77,3.8959,255,255,255
nd1S05695,Right,303472.tiff,86,115.0983,42,96,100,31,99,5.5467,99.7068,92,1.2364,255,255,65
nd1S05695,Right,303476.tiff,66,115.586,43,98,100,31,99,5.6869,99.7034,79,1.2519,255,255,53
nd1S05695,Right,303477.tiff,63,116.3467,41,97,100,31,99,5.9069,99.7073,51,255,255,255,255
nd1S05695,Right,303479.tiff,71,116.3815,41,97,100,20,99,5.5008,99.8234,88,1.154,255,255,68
nd1S05695,Right,310096.tiff,43,109.1546,44,95,100,42,94,5.7812,95.1739,20,255,255,255,255
nd1S05695,Right,345654.tiff,75,116.2609,38,97,100,28,99,5.1473,99.7843,28,1.1725,255,255,20
nd1S05695,Right,345665.tiff,33,120.1386,41,96,100,25,2,5.3005,99.7635,15,1.1968,255,255,5
nd1S05695,Right,421538.tiff,84,123.0164,43,96,100,22,98,5.5496,99.9146,7,1.1377,255,255,6
nd1S05695,Right,442343.tiff,37,110.1541,31,89,100,47,99,5.6164,89.8027,11,255,255,255,255
nd1S05695,Right,442347.tiff,45,118.5338,43,95,100,29,10,5.9476,255,59,1.1055,255,255,255
nd1S05695,Right,536669.tiff,74,116.9887,36,97,100,30,65,5.2321,99.9238,64,1.9379,255,255,3
nd1S05695,Right,538502.tiff,70,112,40,97,100,22,92,5.3276,99.8084,56,1.14,255,255,43
nd1S05695,Right,538503.tiff,77,122.4771,41,98,100,25,99,5.0319,99.7538,6,1.1099,255,255,4
nd1S05695,Right,556077.tiff,51,124.1364,40,96,100,33,6,5.2574,99.9241,3,255,255,255,255
nd1S05695,Right,556082.tiff,63,121.3698,39,96,100,22,18,5.3946,99.8508,13,1.2065,255,255,8
nd1S05695,Right,556085.tiff,255,255,255,255,255,255,255,255,255,3,255,255,255,255
nd1S05695,Right,556087.tiff,44,112.7446,40,96,100,48,0,5.4436,255,8,1.1299,255,255,255
nd1S05695,Right,588660.tiff,83,115.065,34,95,100,37,99,5.6198,99.8484,60,1.1771,255,255,46
nd1S05695,Right,588664.tiff,78,116.3268,33,96,100,41,99,5.9106,99.9056,60,1.2165,255,255,46
nd1S05695,Right,588667.tiff,67,116.4649,31,97,100,47,99,5.7226,99.8868,29,1.3068,255,255,18
nd1S05695,Right,607363.tiff,9,119.1088,38,85,100,86,255,4.8833,99.2348,28,1.6648,255,255,255
nd1S05695,Right,607366.tiff,66,117.1758,35,97,100,20,22,5.6226,99.887,10,1.2871,255,255,6
nd1S05695,Right,607372.tiff,36,101.3646,45,87,100,45,67,5.8293,255,8,255,255,255,255
nd1S05695,Right,607374.tiff,52,113.5766,35,96,100,20,0,5.6603,99.8732,60,1.2204,255,255,33
nd1S05695,Right,613886.tiff,34,106.8472,13,75,100,70,0,5.7428,68.7172,14,255,255,255,255
nd1S05695,Right,675734.tiff,31,117.2574,34,95,100,20,0,4.4223,99.9198,6,1.3155,255,255,1
nd1S05695,Right,675738.tiff,1,105.6056,36,95,100,255,255,3.5762,99.9185,10,1.5264,255,255,255
nd1S05695,Right,675743.tiff,83,123.6319,32,93,100,36,95,5.1509,99.9525,38,1.5919,255,255,13
nd1S05695,Right,694592.tiff,47,106.5012,29,93,100,32,0,5.3352,255,11,1.6628,255,255,255
nd1S05695,Right,694602.tiff,83,135.3425,29,94,100,37,98,5.4432,99.9607,35,1.8089,255,255,6
nd1S05695,Right,707122.tiff,88,80.5435,36,89,100,13,30,3.4289,99.8542,0,1.3975,255,255,0
nd1S05695,Right,724877.tiff,89,61.6287,34,88,100,14,32,3.8291,99.9637,0,2.1656,255,255,0
nd1S05695,Right,724891.tiff,84,83.8847,34,95,100,18,43,4.8679,99.8628,5,1.1542,255,255,3
nd1S05695,Right,757989.tiff,82,116.4818,30,95,100,32,97,5.5717,99.9669,40,1.6052,255,255,15
nd1S05695,Right,762976.tiff,89,73.0131,32,89,100,15,40,4.3851,99.8731,3,1.5981,255,255,1
nd1S05695,Right,789043.tiff,80,66.6712,28,91,100,18,43,4.848,99.8936,2,1.2274,255,255,1
nd1S05695,Right,896691.tiff,90,73.0435,35,92,100,15,44,4.3856,99.781,1,1.2958,255,255,0
nd1S05708,Left,274753.tiff,71,112.863,54,97,100,44,36,5.2918,99.9267,79,2.2644,255,255,0
nd1S05708,Left,274755.tiff,80,113.4916,52,98,100,40,40,5.319,99.938,84,3.8456,255,255,0
nd1S05708,Left,274757.tiff,73,113.4014,54,99,100,44,38,5.3961,99.9457,83,3.8064,255,255,0
nd1S05708,Left,276740.tiff,35,119.7383,53,96,100,56,67,5.2222,99.8434,9,1.3722,255,255,2
nd1S05708,Left,276741.tiff,38,118.4409,54,93,100,61,80,5.2732,99.8881,21,1.2888,255,255,7
nd1S05708,Left,276744.tiff,77,116.7705,55,97,72,64,93,5.1266,99.9192,8,1.1229,255,255,5
nd1S05708,Left,276746.tiff,22,120.3126,51,94,100,52,16,5.4953,99.9064,29,1.2878,255,255,6
nd1S05708,Left,276748.tiff,19,119.9594,49,92,100,66,0,4.8607,99.5528,16,1.6983,255,255,1
nd1S05708,Left,286157.tiff,11,118.13,53,95,100,80,0,4.319,255,18,1.1046,255,255,255
nd1S05708,Left,286158.tiff,6,118.7455,52,96,100,79,255,5.0894,99.1079,6,1.409,255,255,255
nd1S05708,Left,344129.tiff,39,121.8576,58,95,100,56,96,5.3619,255,23,1.3612,255,255,255
nd1S05708,Left,344130.tiff,61,122.4063,57,96,100,56,90,5.4731,255,13,1.2126,255,255,255
nd1S05708,Left,344134.tiff,35,125.7079,47,79,100,61,92,5.1932,255,8,255,255,255,255
nd1S05708,Left,396779.tiff,45,117.263,54,97,100,55,91,6.0561,255,9,1.6043,255,255,255
nd1S05708,Left,396780.tiff,35,111.1207,36,78,94,65,26,5.0004,255,6,255,255,255,255
nd1S05708,Left,437782.tiff,64,120.6481,53,98,100,48,90,6.0103,255,29,1.245,255,255,255
nd1S05708,Left,450154.tiff,30,117.4748,51,100,100,49,16,5.6382,99.6275,53,1.2604,255,255,16
nd1S05708,Left,450159.tiff,23,116.4843,52,96,100,62,0,5.2098,99.8694,48,1.1619,255,255,11
nd1S05708,Left,450160.tiff,24,116.4431,52,95,100,52,16,5.4289,255,45,1.1267,255,255,255
nd1S05708,Left,452417.tiff,72,127.503,54,95,100,47,44,5.5141,99.9546,71,1.2428,255,255,49
nd1S05708,Left,521341.tiff,9,115.7589,45,95,100,70,255,4.6611,255,39,1.8126,255,255,255
nd1S05708,Left,521342.tiff,22,125.758,43,94,100,56,0,4.971,255,13,1.7638,255,255,255
nd1S05708,Left,531442.tiff,50,116.6331,46,95,100,47,88,5.3045,99.8054,10,1.3243,255,255,4
nd1S05708,Left,531446.tiff,47,116.5712,41,90,100,70,97,5.1906,255,17,1.9345,255,255,255
nd1S05708,Left,531447.tiff,40,114.1314,42,95,100,54,18,5.1686,99.7592,32,1.3896,255,255,10
nd1S05708,Left,531448.tiff,43,118.5011,43,93,100,59,0,5.2528,255,36,1.6511,255,255,255
nd1S05708,Left,726502.tiff,45,57.1835,43,87,100,27,2,4.6371,85.8183,2,1.2172,255,255,0
nd1S05708,Left,726503.tiff,74,65.671,44,94,100,24,26,4.1589,99.676,1,1.1408,255,255,0
nd1S05708,Left,971767.tiff,91,139.0868,37,96,100,63,97,4.9769,99.8768,76,1.4133,255,255,37
nd1S05708,Right,286170.tiff,11,109.5957,39,87,100,51,255,5.01,99.4897,63,255,255,255,255
nd1S05708,Right,344146.tiff,22,117.365,61,94,100,53,40,5.4,255,48,1.1412,255,255,255
nd1S05708,Right,344147.tiff,25,118.0149,50,85,100,62,96,5.9408,255,38,1.9443,255,255,255
nd1S05708,Right,344152.tiff,0,124.3916,58,80,0,255,255,255,255,55,1.2436,255,255,255
nd1S05708,Right,346602.tiff,64,113.1368,57,96,100,45,51,5.1612,99.7801,85,255,255,255,255
nd1S05708,Right,396783.tiff,25,118.8206,50,92,25,75,26,4.5682,255,10,1.2998,255,255,255
nd1S05708,Right,396786.tiff,43,119.2441,56,89,100,60,98,5.1874,255,34,1.3152,255,255,255
nd1S05708,Right,396788.tiff,36,121.3809,57,92,100,51,93,5.9856,255,44,1.9165,255,255,255
nd1S05708,Right,396792.tiff,22,117.611,43,81,100,62,94,5.1196,255,11,255,255,255,255
nd1S05708,Right,437783.tiff,22,108.2184,56,98,100,70,7,4.9388,255,32,1.3192,255,255,255
nd1S05708,Right,521354.tiff,5,110.3359,50,57,100,46,255,5.0897,255,57,2.0094,255,255,255
nd1S05708,Right,531463.tiff,13,115.1954,55,94,100,64,255,5.2011,255,21,255,255,255,255
nd1S05708,Right,558212.tiff,49,116.4955,63,96,100,43,85,5.9503,255,47,2.0551,255,255,255
nd1S05708,Right,608453.tiff,51,92.1491,52,86,100,45,95,5.4769,99.3239,62,255,255,255,255
nd1S05708,Right,616405.tiff,52,107.5535,48,93,100,53,99,5.831,255,43,1.4515,255,255,255
nd1S05708,Right,616407.tiff,30,112.7272,49,94,100,57,22,5.4674,255,47,1.369,255,255,255
nd1S05708,Right,677157.tiff,60,113.0864,36,96,100,47,64,4.8016,99.9192,55,2.1129,255,255,0
nd1S05708,Right,696428.tiff,31,115.5957,40,96,100,49,0,4.9244,99.9423,17,1.8834,255,255,1
nd1S05708,Right,696438.tiff,76,120.4015,37,95,100,54,97,4.9054,99.8944,37,1.8471,255,255,5
nd1S05708,Right,726510.tiff,43,62.0195,38,93,100,27,4,4.4552,99.9188,1,1.8249,255,255,0
nd1S05708,Right,730349.tiff,79,122.3276,40,96,100,60,97,4.82,99.9018,36,1.7246,255,255,8
nd1S05708,Right,733544.tiff,50,111.4029,51,95,100,40,40,4.6414,255,70,4.8672,255,255,255
nd1S05708,Right,792589.tiff,47,61.2369,34,97,100,31,0,4.3882,255,1,1.5952,255,255,255
nd1S05708,Right,795477.tiff,80,135.7516,36,95,100,64,97,4.9637,99.7556,58,1.2032,255,255,38
nd1S05708,Right,796028.tiff,23,110.7268,41,90,100,49,0,4.5198,255,18,1.5892,255,255,255
nd1S05708,Right,800636.tiff,47,122.0283,43,88,100,35,255,4.3264,255,68,4.9672,255,255,255
nd1S05708,Right,903081.tiff,54,52.8309,40,89,100,21,8,3.8067,255,0,2.164,255,255,255
nd1S05708,Right,905283.tiff,24,115.4972,48,92,100,43,5,4.6216,255,26,1.5573,255,255,255
nd1S05708,Right,947747.tiff,82,58.7706,40,83,100,26,29,4.2646,99.6559,4,1.2791,255,255,1
nd1S05708,Right,970918.tiff,66,67.9032,43,75,100,21,15,4.2523,98.679,0,2.0411,255,255,0
nd1S05708,Right,971774.tiff,86,140.6939,40,95,100,60,97,5.1237,99.8144,72,1.4103,255,255,36
nd1S05708,Right,973678.tiff,84,108.4894,41,94,100,40,47,4.8868,99.9666,81,4.0354,255,255,0
nd1S05713,Left,275123.tiff,90,118.6249,43,93,100,28,79,5.8429,99.9576,78,1.862,255,255,10
nd1S05713,Left,278270.tiff,68,116.9115,44,94,69,36,99,5.5295,99.764,24,1.1171,255,255,16
nd1S05713,Left,278271.tiff,25,119.5298,46,95,100,42,0,5.3185,99.8391,19,1.167,255,255,5
nd1S05713,Left,278274.tiff,34,117.0587,44,96,100,38,12,5.6703,99.7949,29,1.2658,255,255,10
nd1S05713,Left,278275.tiff,38,116.27,47,95,100,35,20,5.5243,99.8706,21,1.2142,255,255,8
nd1S05713,Left,278276.tiff,2,113.0944,49,94,86,30,255,4.978,255,73,1.3145,255,255,255
nd1S05713,Left,278277.tiff,5,118.79,51,95,59,38,255,5.0754,255,5,1.1096,255,255,255
nd1S05713,Left,278279.tiff,28,115.1286,41,96,93,46,0,5.3342,99.8071,80,1.2012,255,255,23
nd1S05713,Left,278280.tiff,24,120.198,43,95,100,47,0,4.9712,99.8109,13,1.13,255,255,3
nd1S05713,Left,278281.tiff,30,116.7856,44,95,69,42,6,5.3695,99.8795,27,1.2094,255,255,7
nd1S05713,Left,282404.tiff,37,115.9746,47,96,100,24,27,5.6566,99.793,40,2.0497,255,255,0
nd1S05713,Left,282408.tiff,84,116.0155,48,95,100,37,99,5.8064,99.7929,75,1.7172,255,255,20
nd1S05713,Left,282414.tiff,46,121.3204,48,96,100,30,99,5.5432,99.8589,6,1.5185,255,255,2
nd1S05713,Left,286252.tiff,30,115.6603,44,95,100,27,4,5.6811,99.9049,23,1.2527,255,255,7
nd1S05713,Left,286254.tiff,41,115.1594,40,94,100,44,13,5.3007,99.9277,18,1.1529,255,255,8
nd1S05713,Left,286257.tiff,60,119.6424,42,96,100,31,99,5.7423,99.882,25,1.2007,255,255,16
nd1S05713,Left,313421.tiff,72,120.5009,48,95,78,43,99,5.3093,99.8849,40,1.108,255,255,31
nd1S05713,Left,313422.tiff,51,120.5814,46,93,95,35,97,5.5428,99.7972,30,1.0669,255,255,19
nd1S05713,Left,313423.tiff,56,120.8105,47,95,80,29,99,5.8194,99.8799,9,1.0608,255,255,7
nd1S05713,Left,313424.tiff,79,116.883,47,95,100,34,99,5.5752,99.8939,30,1.197,255,255,22
nd1S05713,Left,313425.tiff,66,118.6602,43,94,100,31,99,5.4912,99.8091,18,1.2061,255,255,12
nd1S05713,Left,314858.tiff,79,125.9254,50,95,100,33,80,5.9036,99.9715,66,2.3968,255,255,0
nd1S05713,Left,397724.tiff,26,122.105,47,96,100,39,0,5.1059,99.8852,11,1.0467,255,255,3
nd1S05713,Left,397725.tiff,26,111.8817,47,96,100,41,0,5.5597,255,51,2.1368,255,255,255
nd1S05713,Left,397732.tiff,43,124.5854,47,95,100,33,26,5.7229,255,6,1.1291,255,255,255
nd1S05713,Left,521980.tiff,25,115.5454,38,96,100,42,0,5.0227,99.8841,30,1.1985,255,255,7
nd1S05713,Left,521981.tiff,33,117.605,39,96,100,39,4,5.0817,99.9223,8,1.0392,255,255,3
nd1S05713,Left,578832.tiff,83,110.7489,41,96,100,28,66,5.3482,99.9538,78,1.9486,255,255,4
nd1S05713,Left,580648.tiff,29,104.3748,42,86,100,40,0,5.3789,97.88,70,1.5139,255,255,12
nd1S05713,Left,580649.tiff,78,122.3406,35,95,100,34,99,5.6059,99.9317,25,1.2382,255,255,18
nd1S05713,Left,580653.tiff,58,118.298,35,97,100,33,6,5.7867,99.9333,18,1.0976,255,255,13
nd1S05713,Left,580654.tiff,34,116.4383,36,96,100,37,0,5.7695,255,26,2.6436,255,255,255
nd1S05713,Left,580657.tiff,38,110.7888,38,97,100,41,25,5.6518,99.7323,44,1.6945,255,255,7
nd1S05713,Left,580658.tiff,67,119.4947,33,94,100,31,99,5.3813,99.956,6,1.1287,255,255,4
nd1S05713,Left,580659.tiff,72,116.4384,37,96,100,33,99,5.7816,99.9298,52,1.4173,255,255,29
nd1S05713,Left,586815.tiff,85,112.1203,34,95,100,31,70,5.358,99.9732,86,2.3158,255,255,0
nd1S05713,Left,591209.tiff,45,120.3159,34,94,92,36,0,5.4893,99.9133,17,1.1057,255,255,9
nd1S05713,Left,591211.tiff,10,99.4246,37,79,100,69,0,5.5404,99.2704,19,2.082,255,255,0
nd1S05713,Left,591212.tiff,64,119.2208,33,95,100,31,13,5.5246,99.9374,18,1.2395,255,255,12
nd1S05713,Left,591213.tiff,63,120.4819,33,95,100,36,7,5.5466,99.9155,6,1.2077,255,255,4
nd1S05713,Left,591214.tiff,63,115.5799,36,94,100,36,93,5.7608,99.9139,52,1.7245,255,255,12
nd1S05713,Left,603485.tiff,38,84.8265,39,83,100,34,0,5.2114,97.0951,7,1.1165,255,255,3
nd1S05713,Left,603486.tiff,72,119.0933,36,94,100,36,99,5.3951,99.9465,7,1.707,255,255,2
nd1S05713,Left,603487.tiff,52,124.8711,37,95,100,41,99,5.861,255,7,1.5851,255,255,255
nd1S05713,Left,700982.tiff,82,150.5552,38,90,100,17,66,5.091,99.8419,21,1.5138,255,255,9
nd1S05713,Left,700986.tiff,85,122.6331,38,96,100,22,62,4.7978,99.9757,63,4.1631,255,255,0
nd1S05713,Left,724762.tiff,54,54.1225,42,77,100,12,3,3.7028,99.9601,0,1.1011,255,255,0
nd1S05713,Left,728907.tiff,40,136.224,42,94,100,26,37,5.3892,99.9155,73,1.123,255,255,33
nd1S05713,Left,732684.tiff,86,112.225,40,94,100,34,65,5.5821,99.9508,88,2.1235,255,255,0
nd1S05713,Left,795185.tiff,34,125.5955,39,95,100,23,21,5.5445,99.9631,72,2.4293,255,255,0
nd1S05713,Right,1014116.tiff,70,58.8552,37,93,100,11,8,4.143,99.8599,1,1.6331,255,255,0
nd1S05713,Right,1015198.tiff,70,140.4098,41,94,100,27,96,5.5334,99.9576,67,1.0564,255,255,58
nd1S05713,Right,1131718.tiff,83,123.8916,37,95,100,29,69,4.9055,99.9585,85,4.2449,255,255,0
nd1S05713,Right,278287.tiff,255,255,255,255,255,255,255,255,255,10,255,255,255,255
nd1S05713,Right,278288.tiff,32,108.2558,45,96,100,31,15,5.4979,99.8176,10,1.0493,255,255,4
nd1S05713,Right,286267.tiff,31,94.6997,40,73,100,35,0,5.9325,255,50,1.4671,255,255,255
nd1S05713,Right,286272.tiff,34,93.0158,49,84,100,33,0,5.1761,99.5044,53,255,255,255,255
nd1S05713,Right,313433.tiff,33,118.3211,37,85,100,40,65,5.699,255,15,255,255,255,255
nd1S05713,Right,313442.tiff,36,117.4779,45,89,100,38,99,6.0061,255,58,1.1945,255,255,255
nd1S05713,Right,397740.tiff,26,118.4634,49,94,100,37,27,5.5412,255,50,1.1383,255,255,255
nd1S05713,Right,397741.tiff,68,115.7042,44,94,100,28,99,5.277,99.8883,10,1.0893,255,255,8
nd1S05713,Right,399207.tiff,74,115.4798,53,96,100,32,75,5.3665,99.9379,89,4.7432,255,255,0
nd1S05713,Right,522000.tiff,23,116.5259,34,85,100,42,0,5.623,255,7,255,255,255,255
nd1S05713,Right,524288.tiff,89,113.9921,38,97,100,30,69,5.0487,99.9756,80,1.7157,255,255,19
nd1S05713,Right,538317.tiff,28,118.1584,42,96,100,40,0,5.3342,99.9413,54,1.5422,255,255,9
nd1S05713,Right,538326.tiff,21,118.3161,45,96,100,44,0,5.1772,99.9014,48,1.1694,255,255,10
nd1S05713,Right,556012.tiff,22,115.0055,37,96,100,42,0,4.8377,99.8888,8,1.1567,255,255,2
nd1S05713,Right,556019.tiff,31,119.9008,40,89,100,58,24,6.2694,255,37,1.996,255,255,255
nd1S05713,Right,580666.tiff,38,110.2786,37,98,100,38,5,5.8721,255,61,1.2736,255,255,255
nd1S05713,Right,591221.tiff,45,118.4808,40,96,100,34,13,5.3718,99.9105,8,1.2869,255,255,3
nd1S05713,Right,591223.tiff,28,114.1346,42,89,100,69,30,5.8095,255,19,2.5385,255,255,255
nd1S05713,Right,693835.tiff,55,113.2896,30,95,100,33,3,5.0288,99.9781,34,1.1273,255,255,20
nd1S05713,Right,700983.tiff,64,146.1876,45,97,100,14,56,3.7147,99.6493,28,1.6685,255,255,5
nd1S05713,Right,724768.tiff,42,51.2149,60,54,100,13,3,3.4659,255,0,1.8445,255,255,255
nd1S05713,Right,791872.tiff,83,62.3312,38,84,100,12,37,3.5618,99.8592,0,2.014,255,255,0
nd1S05713,Right,791900.tiff,56,67.3872,39,94,100,15,4,4.4547,99.8561,3,1.637,255,255,1
nd1S05713,Right,824222.tiff,72,136.0709,36,95,100,28,46,5.4903,99.9491,61,1.1482,255,255,48
nd1S05713,Right,829726.tiff,75,67.0991,42,90,100,16,48,4.6844,99.8609,3,1.995,255,255,0
nd1S05713,Right,830568.tiff,82,124.1867,48,96,100,21,42,4.435,99.9153,46,3.5769,255,255,0
nd1S05713,Right,865936.tiff,86,114.7556,42,97,100,16,35,3.7166,99.9279,42,7.4227,255,255,0
nd1S05713,Right,902922.tiff,71,55.5634,41,83,100,14,27,3.2728,99.6526,0,1.4057,255,255,0
nd1S05713,Right,936944.tiff,80,118.2677,40,95,100,23,68,5.1313,99.9675,30,1.6469,255,255,9
nd1S05713,Right,942400.tiff,69,83.783,41,85,100,15,3,4.5704,99.7652,2,1.7096,255,255,0
nd1S05713,Right,993669.tiff,87,127.5244,39,94,100,28,69,4.9978,99.9316,89,4.0542,255,255,0
nd1S05714,Left,275131.tiff,96,119.9279,40,97,100,37,54,5.4476,99.8926,46,2.8622,255,255,0
nd1S05714,Left,278328.tiff,27,101.8273,39,95,48,51,0,5.8971,99.6505,24,255,255,255,255
nd1S05714,Left,281786.tiff,27,116.3592,36,96,100,33,0,5.645,99.9333,39,1.4328,255,255,8
nd1S05714,Left,281787.tiff,0,116.9993,36,96,71,255,255,255,99.8503,21,1.3422,255,255,255
nd1S05714,Left,305090.tiff,31,121.0366,36,96,100,18,51,6.277,99.8859,6,1.1252,255,255,2
nd1S05714,Left,312464.tiff,6,112.2312,39,98,100,44,255,5.7548,99.8216,7,255,255,255,255
nd1S05714,Left,312466.tiff,29,118.4859,36,93,100,34,0,6.0291,99.7449,39,1.7439,255,255,4
nd1S05714,Left,343835.tiff,48,118.2812,39,95,100,38,0,5.5307,99.9171,5,1.133,255,255,3
nd1S05714,Left,397155.tiff,33,119.0598,38,91,100,52,0,5.3934,255,8,255,255,255,255
nd1S05714,Left,416319.tiff,29,120.121,35,94,100,49,0,5.4845,99.8538,9,1.2676,255,255,2
nd1S05714,Left,416323.tiff,83,117.4429,36,97,100,50,99,5.7631,99.8677,27,1.3995,255,255,16
nd1S05714,Left,416324.tiff,48,121.2838,37,98,100,37,49,6.1145,99.892,7,1.1723,255,255,4
nd1S05714,Left,427945.tiff,78,117.8247,36,93,100,50,98,5.332,99.8477,46,1.1373,255,255,35
nd1S05714,Left,442889.tiff,46,119.056,33,98,100,46,23,5.7675,99.9171,41,1.4641,255,255,14
nd1S05714,Left,443789.tiff,92,125.9748,35,97,100,35,58,5.6735,99.944,61,2.772,255,255,0
nd1S05714,Left,557831.tiff,56,120.0296,27,92,100,46,12,5.3157,99.8238,15,1.0982,255,255,10
nd1S05714,Left,578966.tiff,85,130.4744,32,98,100,37,51,5.5254,99.9684,73,2.0535,255,255,0
nd1S05714,Left,607303.tiff,54,118.5434,34,94,100,30,91,6.13,255,11,255,255,255,255
nd1S05714,Left,607309.tiff,43,120.3458,30,96,100,26,18,5.8569,99.9185,6,1.243,255,255,3
nd1S05714,Left,607310.tiff,32,117.5719,33,94,100,43,10,5.4135,99.9498,30,1.7049,255,255,4
nd1S05714,Left,696706.tiff,60,112.387,30,95,100,29,0,5.1194,99.9547,27,1.7992,255,255,4
nd1S05714,Left,696708.tiff,90,133.6015,27,96,100,47,98,5.3295,99.8801,59,2.0235,255,255,0
nd1S05714,Left,701874.tiff,84,120.6375,33,98,100,29,43,4.6657,99.9328,42,2.7935,255,255,0
nd1S05714,Left,707665.tiff,46,62.2657,54,80,100,4,25,3.1301,99.65,0,1.0416,255,255,0
nd1S05714,Left,707675.tiff,90,104.6121,30,97,100,18,30,4.185,99.741,1,1.8385,255,255,0
nd1S05714,Left,723394.tiff,37,67.6915,28,92,100,25,0,4.5022,99.8656,3,1.0631,255,255,1
nd1S05714,Left,791971.tiff,49,39.0303,51,46,100,16,0,3.4182,94.6387,0,1.3298,255,255,0
nd1S05714,Left,791987.tiff,49,65.113,32,91,100,19,7,4.533,36.0789,2,1.009,255,255,0
nd1S05735,Left,868761.tiff,86,53.8888,43,87,100,13,29,3.6578,99.8811,0,1.7347,255,255,0
nd1S05735,Left,868775.tiff,68,62.9609,44,88,100,14,44,4.6209,99.8137,2,1.4347,255,255,1
nd1S05735,Left,871049.tiff,79,118.3902,51,93,100,23,62,5.4616,99.976,91,2.3505,255,255,0
nd1S05735,Left,871980.tiff,87,112.558,44,93,100,24,55,4.3661,99.9449,63,2.0738,255,255,0
nd1S05735,Left,872577.tiff,69,128.6747,38,93,100,30,97,5.4257,99.9486,51,1.1439,255,255,39
nd1S05735,Left,896443.tiff,58,52.9502,47,85,100,9,31,3.5537,99.7341,0,1.8973,255,255,0
nd1S05735,Left,896453.tiff,62,62.7398,41,89,100,15,46,4.7129,99.7169,3,1.5987,255,255,1
nd1S05735,Left,897526.tiff,78,121.6017,41,94,100,34,98,5.1987,99.971,63,1.1657,255,255,46
nd1S05735,Left,898677.tiff,27,107.4114,42,93,100,23,31,4.9489,255,14,1.0531,255,255,255
nd1S05735,Left,898679.tiff,27,107.0792,46,94,100,17,8,4.9385,99.9695,32,1.4922,255,255,5
nd1S05735,Left,899786.tiff,82,113.7562,45,92,100,22,58,5.5697,99.9776,85,3.9308,255,255,0
nd1S05735,Left,901176.tiff,83,100.4696,43,91,100,17,43,4.6296,99.9406,40,2.7463,255,255,0
nd1S05735,Left,901180.tiff,64,101.4072,48,95,100,21,39,4.7208,99.9531,35,3.4185,255,255,0
nd1S05735,Right,279997.tiff,76,109.3351,58,94,100,32,69,5.2529,99.9739,89,255,255,255,255
nd1S05735,Right,283259.tiff,3,105.6627,55,91,100,69,255,5.3744,255,18,255,255,255,255
nd1S05735,Right,283264.tiff,14,104.9913,58,94,100,62,0,5.7942,255,17,255,255,255,255
nd1S05735,Right,302212.tiff,70,115.7207,60,94,100,21,71,5.1881,99.9335,89,3.7703,255,255,0
nd1S05735,Right,388506.tiff,52,104.6465,43,92,100,48,68,4.7939,99.8133,51,1.2424,255,255,23
nd1S05735,Right,416309.tiff,38,108.2681,48,91,100,20,78,5.5354,99.9067,85,1.3061,255,255,30
nd1S05735,Right,709557.tiff,21,108.9287,48,92,100,21,2,4.6709,99.975,8,1.2026,255,255,1
nd1S05735,Right,709563.tiff,72,69.822,45,87,100,9,33,3.2854,99.7474,0,1.6135,255,255,0
nd1S05735,Right,709568.tiff,34,116.0008,48,92,100,26,66,4.9667,99.9419,28,1.0564,255,255,11
nd1S05735,Right,725671.tiff,75,55.0093,44,75,100,10,29,3.639,99.9325,0,2.2837,255,255,0
nd1S05735,Right,725682.tiff,76,77.3696,50,90,100,15,43,4.4645,99.7473,7,1.1386,255,255,4
nd1S05735,Right,756467.tiff,27,110.1791,45,92,100,24,2,5.2885,99.9646,34,2.0236,255,255,0
nd1S05735,Right,760365.tiff,82,62.9787,48,93,100,15,44,4.8654,99.9065,2,1.3103,255,255,1
nd1S05735,Right,870582.tiff,85,124.2372,50,91,100,23,56,5.0228,99.9499,88,4.0467,255,255,0
nd1S05735,Right,873429.tiff,51,108.5637,49,93,100,16,51,5.0974,99.9528,20,1.8216,255,255,2
nd1S05735,Right,896461.tiff,79,62.586,42,90,100,16,43,4.6196,99.9411,5,1.0329,255,255,3
nd1S05735,Right,898678.tiff,62,107.688,43,92,100,30,66,4.8879,255,23,1.8911,255,255,255
nd1S05735,Right,901178.tiff,81,99.2059,46,92,100,13,41,4.4291,99.9606,37,3.5362,255,255,0
nd1S05740,Left,280180.tiff,68,125.7321,57,95,100,29,79,5.634,99.8715,89,2.7175,255,255,0
nd1S05740,Left,284026.tiff,77,116.0136,52,96,100,25,99,5.2078,99.9111,20,1.1284,255,255,15
nd1S05740,Left,288488.tiff,65,117.9311,57,96,100,56,97,5.0942,98.6284,40,1.2518,255,255,23
nd1S05740,Left,288491.tiff,76,117.3075,53,97,100,35,99,5.1797,99.7768,20,1.014,255,255,17
nd1S05740,Left,304245.tiff,87,116.1217,47,95,100,30,99,5.1232,99.7782,24,1.1391,255,255,18
nd1S05740,Left,314153.tiff,20,115.2848,53,96,100,44,0,5.2389,99.9063,69,1.0174,255,255,17
nd1S05740,Left,314164.tiff,34,117.2791,50,94,100,16,30,5.2984,99.94,87,1.1834,255,255,30
nd1S05740,Left,315030.tiff,70,112.0287,59,96,100,30,76,5.2168,255,84,4.0565,255,255,255
nd1S05740,Left,392522.tiff,53,117.4596,53,98,100,32,99,5.525,99.9383,6,1.1395,255,255,4
nd1S05740,Left,406891.tiff,28,120.3035,48,96,100,33,12,5.0353,99.9046,7,1.2123,255,255,2
nd1S05740,Left,406892.tiff,40,119.7387,47,96,100,13,18,5.2046,99.9415,20,1.1603,255,255,8
nd1S05740,Left,406897.tiff,20,122.4597,53,96,100,41,0,5.1774,99.8271,11,1.1614,255,255,2
nd1S05740,Left,422630.tiff,85,121.2141,65,99,100,25,78,5.5889,99.8535,91,255,255,255,255
nd1S05740,Left,437970.tiff,84,116.2572,55,99,100,34,99,5.2964,99.8184,91,1.0497,255,255,76
nd1S05742,Left,1010382.tiff,49,120.2086,36,95,100,16,54,4.0288,99.8115,5,1.0169,255,255,2
nd1S05742,Left,1035266.tiff,65,56.2016,42,90,100,4,39,4.1093,99.972,2,1.0507,255,255,1
nd1S05742,Left,1036233.tiff,40,118.462,37,98,100,6,0,4.6094,99.8181,19,2.0049,255,255,0
nd1S05742,Left,1109658.tiff,19,120.7959,39,93,71,24,0,4.2146,255,7,1.4826,255,255,255
nd1S05742,Left,1126528.tiff,23,117.6513,36,98,100,54,0,4.5107,99.9374,51,1.5766,255,255,5
nd1S05742,Left,1129192.tiff,74,67.0118,36,91,100,13,21,5.1237,99.7028,2,1.4169,255,255,1
nd1S05742,Left,280198.tiff,75,138.1302,43,95,100,18,79,5.9234,99.9619,81,2.4091,255,255,0
nd1S05742,Left,284116.tiff,52,125.6035,46,97,100,22,99,5.2296,255,28,1.1626,255,255,255
nd1S05742,Left,289042.tiff,70,123.0577,50,93,100,21,99,5.0597,99.8565,2,1.2154,255,255,1
nd1S05742,Left,289045.tiff,73,122.0025,52,94,100,20,99,5.0046,99.7488,2,1.2178,255,255,1
nd1S05742,Left,401479.tiff,59,121.2119,49,97,100,42,98,5.168,255,12,1.2214,255,255,255
nd1S05742,Left,415325.tiff,63,115.0752,50,99,100,37,99,5.3394,99.7489,15,1.4192,255,255,7
nd1S05742,Left,415326.tiff,89,115.063,52,94,0,37,99,5.7096,99.8604,39,1.3495,255,255,0
nd1S05742,Left,676511.tiff,31,109.7318,39,95,100,10,21,3.908,99.9513,3,1.7105,255,255,0
nd1S05742,Left,676513.tiff,16,108.8688,40,94,100,44,0,4.3253,99.9456,4,1.2001,255,255,1
nd1S05742,Left,676515.tiff,30,119.8897,34,96,100,29,30,4.8528,99.9035,41,1.8238,255,255,3
nd1S05742,Left,682831.tiff,26,116.5275,38,96,100,9,21,4.1884,99.8485,20,1.306,255,255,4
nd1S05742,Left,694650.tiff,64,117.6931,33,97,100,14,41,4.5171,99.866,18,2.0453,255,255,0
nd1S05742,Left,724722.tiff,66,57.4753,43,95,100,16,37,3.9099,99.6978,0,1.1177,255,255,0
nd1S05742,Left,724732.tiff,69,62.6172,32,92,100,16,26,4.8527,98.7771,1,1.643,255,255,0
nd1S05742,Left,729594.tiff,40,105.7988,44,91,26,12,0,4.2802,99.9351,3,1.4973,255,255,0
nd1S05742,Left,729596.tiff,43,106.1401,44,94,100,13,0,4.3598,99.9497,1,1.8608,255,255,0
nd1S05742,Left,903055.tiff,34,41.145,69,74,100,0,11,2.8308,255,0,1.2161,255,255,255
nd1S05742,Left,903069.tiff,69,67.3851,35,91,100,15,7,4.4864,99.2075,3,1.1767,255,255,2
nd1S05742,Left,904425.tiff,31,130.7864,38,96,100,35,21,4.7732,99.9616,35,1.6956,255,255,4
nd1S05742,Left,905271.tiff,42,112.3624,37,97,100,19,40,4.6379,99.9369,2,1.3059,255,255,1
nd1S05742,Left,905970.tiff,67,130.0299,37,96,100,40,65,5.6008,99.9437,52,2.125,255,255,0
nd1S05742,Left,944299.tiff,43,142.1036,36,95,100,30,0,5.3296,99.9449,38,1.2096,255,255,16
nd1S05742,Left,945127.tiff,59,118.6406,35,97,100,20,26,4.3146,99.9284,7,1.7968,255,255,1
nd1S05742,Left,988928.tiff,46,123.3501,43,92,100,20,0,4.5695,91.1231,16,1.4178,255,255,4
nd1S05742,Left,988930.tiff,45,62.6401,26,65,0,1,0,4.0896,99.3828,5,2.0857,255,255,0
nd1S05742,Right,1010386.tiff,53,124.3512,32,95,100,15,0,5.4427,99.9043,23,1.7878,255,255,3
nd1S05742,Right,1033054.tiff,67,67.3927,36,87,100,9,0,5.0789,99.9399,2,1.6691,255,255,0
nd1S05742,Right,1033056.tiff,76,70.6815,36,92,100,12,51,5.1511,99.9152,3,1.439,255,255,1
nd1S05742,Right,1109659.tiff,52,122.4751,36,93,100,30,70,4.6768,255,30,1.2171,255,255,255
nd1S05742,Right,1129235.tiff,53,67.545,34,88,100,9,0,4.975,99.9191,0,1.4242,255,255,0
nd1S05742,Right,1129238.tiff,41,70.0789,33,90,100,10,1,4.6458,99.4348,1,1.1255,255,255,0
nd1S05742,Right,284120.tiff,60,121.9168,46,96,100,25,99,5.6553,99.7394,77,1.7432,255,255,16
nd1S05742,Right,284123.tiff,61,114.7177,45,98,100,45,99,5.2878,255,28,1.5085,255,255,255
nd1S05742,Right,289035.tiff,38,128.0784,47,94,100,26,11,5.4352,255,3,1.122,255,255,255
nd1S05742,Right,289041.tiff,36,126.6442,56,90,100,25,10,5.7856,90.7472,58,1.3081,255,255,18
nd1S05742,Right,401487.tiff,58,126.0725,46,96,100,25,99,5.4583,99.7577,21,1.4373,255,255,9
nd1S05742,Right,415346.tiff,49,125.5064,44,93,100,12,43,5.4385,99.793,81,1.6414,255,255,18
nd1S05742,Right,415347.tiff,47,122.9227,40,93,100,35,16,5.4474,99.9293,16,1.4839,255,255,5
nd1S05742,Right,447063.tiff,28,134.6377,44,88,100,31,7,5.2016,255,9,1.2825,255,255,255
nd1S05742,Right,676514.tiff,18,109.428,37,94,100,24,0,4.3012,99.9447,5,1.2553,255,255,1
nd1S05742,Right,676519.tiff,41,121.6978,26,93,100,15,38,4.9314,99.96,56,1.366,255,255,17
nd1S05742,Right,682820.tiff,68,130.174,38,97,100,21,70,4.8662,99.974,85,2.4465,255,255,0
nd1S05742,Right,682834.tiff,71,116.7013,35,95,100,12,62,4.7327,99.9639,33,1.043,255,255,25
nd1S05742,Right,694656.tiff,83,138.6415,33,94,100,29,98,5.2868,99.9632,61,1.0548,255,255,51
nd1S05742,Right,724727.tiff,15,53.5963,50,81,100,13,24,3.2479,255,0,1.451,255,255,255
nd1S05742,Right,724737.tiff,32,64.5071,42,93,100,12,0,3.9765,98.3952,1,1.663,255,255,0
nd1S05742,Right,724738.tiff,75,68.0134,40,92,100,13,50,4.607,99.7766,1,1.1806,255,255,1
nd1S05742,Right,903060.tiff,255,255,255,255,255,255,255,255,255,0,255,255,255,255
nd1S05742,Right,903070.tiff,42,68.521,39,89,100,8,0,3.9877,99.777,3,1.806,255,255,0
nd1S05742,Right,944309.tiff,54,136.0379,33,95,100,43,14,5.3777,99.754,32,1.8718,255,255,3
nd1S05742,Right,945128.tiff,59,123.1485,33,95,100,22,8,5.3668,99.9543,25,1.8408,255,255,3
nd1S05742,Right,988360.tiff,38,146.5127,34,94,100,35,43,5.4853,99.9625,49,1.2716,255,255,18
nd1S05742,Right,991200.tiff,73,30.1031,47,40,100,0,255,4.0685,95.3001,1,1.7888,255,255,255
nd1S05743,Left,280204.tiff,74,128.0876,57,96,100,30,82,6.1876,99.9491,89,3.6514,255,255,0
nd1S05743,Left,284135.tiff,52,118.8506,52,96,100,26,99,5.3993,99.8569,36,1.0224,255,255,23
nd1S05743,Left,284139.tiff,87,117.3551,52,98,100,33,99,5.5149,99.8507,86,1.1933,255,255,64
nd1S05743,Left,284140.tiff,12,109.3412,52,91,100,62,98,5.2219,255,58,1.2328,255,255,255
nd1S05743,Left,284143.tiff,53,121.3796,52,99,100,26,99,5.4153,99.6486,8,1.056,255,255,5
nd1S05743,Left,284144.tiff,61,121.3915,53,97,100,36,99,5.288,99.8551,14,1.0664,255,255,10
nd1S05743,Left,284145.tiff,35,114.8334,53,100,100,41,99,5.3291,255,45,255,255,255,255
nd1S05743,Left,284146.tiff,50,120.299,54,97,100,27,99,5.4218,99.8624,17,1.0329,255,255,11
nd1S05749,Left,280320.tiff,78,129.0775,43,96,100,54,68,5.7151,99.8916,79,255,255,255,255
nd1S05749,Left,280322.tiff,73,113.4291,46,96,100,52,64,5.6638,99.8891,80,4.072,255,255,0
nd1S05749,Left,313762.tiff,69,117.2891,49,98,100,52,99,5.9967,99.8662,47,1.1466,255,255,39
nd1S05749,Left,421572.tiff,25,117.3855,48,95,100,48,0,5.4863,99.8759,67,1.2982,255,255,15
nd1S05749,Left,443729.tiff,78,127.6555,44,97,100,47,67,5.5305,99.8583,79,255,255,255,255
nd1S05749,Left,511156.tiff,64,128.5469,33,96,100,44,44,4.9757,99.5663,57,2.0513,255,255,0
nd1S05749,Left,542080.tiff,76,113.6286,45,96,100,46,99,5.5748,99.8782,30,1.197,255,255,22
nd1S05749,Left,591982.tiff,56,118.1158,33,94,100,55,75,5.6473,99.8957,15,1.1587,255,255,9
nd1S05766,Left,1041960.tiff,75,124.7663,26,93,100,67,97,4.8387,99.9166,65,2.1496,255,255,0
nd1S05766,Left,284801.tiff,84,135.468,39,93,100,40,65,5.6569,99.9785,80,3.3757,255,255,0
nd1S05766,Left,286090.tiff,29,126.0757,42,93,100,49,7,5.8693,99.9305,11,1.1252,255,255,4
nd1S05766,Left,286091.tiff,41,120.1145,44,94,100,55,24,5.875,255,16,1.1303,255,255,255
nd1S05766,Left,286093.tiff,24,127.4616,45,90,100,67,0,5.2164,255,17,255,255,255,255
nd1S05766,Left,286094.tiff,32,124.9854,45,94,100,51,18,5.7257,255,65,1.1227,255,255,255
nd1S05766,Left,286096.tiff,33,125.7171,44,92,100,54,24,5.7806,255,9,1.1518,255,255,255
nd1S05766,Left,387195.tiff,28,122.2082,38,91,100,59,0,5.2086,99.8817,76,1.46,255,255,14
nd1S05766,Left,387196.tiff,32,123.2357,36,93,100,50,5,5.6588,99.8283,76,1.2491,255,255,25
nd1S05766,Left,403067.tiff,55,125.5262,43,93,100,45,41,5.5068,99.7977,8,1.089,255,255,5
nd1S05766,Left,403068.tiff,59,120.2755,42,93,100,55,98,5.2672,99.9081,50,1.2027,255,255,29
nd1S05766,Left,417345.tiff,75,123.9139,38,91,49,72,97,5.0091,99.7848,26,1.2043,255,255,11
nd1S05766,Left,417349.tiff,66,123.1676,36,93,100,38,32,5.5749,99.8696,7,1.0573,255,255,6
nd1S05766,Left,417350.tiff,66,126.0064,33,92,100,39,69,5.6834,99.8179,35,1.4504,255,255,17
nd1S05766,Left,431832.tiff,69,120.5607,34,91,100,56,98,5.4853,99.9058,70,1.0617,255,255,59
nd1S05766,Left,431836.tiff,53,121.4643,35,91,100,59,99,5.9845,255,41,1.1974,255,255,255
nd1S05766,Left,511835.tiff,56,133.9667,35,92,100,41,45,5.1775,255,61,2.1645,255,255,255
nd1S05766,Left,514649.tiff,48,122.333,37,93,100,58,14,5.2855,255,22,1.0801,255,255,255
nd1S05766,Left,608130.tiff,0,110.8644,34,86,0,255,255,255,67.0233,16,255,255,255,255
nd1S05766,Left,608132.tiff,67,123.0962,31,92,100,50,72,5.5697,99.8789,16,1.4361,255,255,8
nd1S05766,Left,608135.tiff,54,123.53,29,91,100,35,0,5.5705,99.8588,10,1.4449,255,255,4
nd1S05766,Left,614914.tiff,65,125.6306,31,92,100,52,97,5.7404,99.8732,37,1.3584,255,255,21
nd1S05766,Left,704800.tiff,67,78.7094,38,94,100,18,24,3.1702,98.4899,0,2.3184,255,255,0
nd1S05766,Left,704808.tiff,76,136.294,29,89,100,44,81,5.5624,99.9245,72,1.7632,255,255,16
nd1S05766,Left,723918.tiff,62,64.478,36,96,100,18,0,3.65,99.2548,0,2.0168,255,255,0
nd1S05766,Left,723924.tiff,72,68.2679,32,88,100,21,0,4.2563,99.8116,6,2.258,255,255,0
nd1S05766,Left,757705.tiff,64,135.8187,30,89,100,59,93,5.5664,99.927,74,1.4971,255,255,31
nd1S05766,Left,762337.tiff,72,70.2576,31,94,100,20,0,4.394,99.8696,3,2.0685,255,255,0
nd1S05766,Left,795770.tiff,45,114.6293,27,94,18,35,5,4.9603,99.8808,34,1.3283,255,255,3
nd1S05766,Left,898177.tiff,57,145.5969,29,88,100,15,43,6.0597,99.9813,53,1.6276,255,255,16
nd1S05766,Left,899105.tiff,43,123.9425,28,92,100,36,4,5.2473,99.9152,23,1.3072,255,255,9
nd1S05766,Left,900104.tiff,5,51.0007,73,93,100,0,5,2.8738,93.6611,1,1.5719,255,255,0
nd1S05766,Left,936342.tiff,51,138.5118,28,91,100,33,0,5.5757,99.9194,59,1.5606,255,255,18
nd1S05766,Left,942263.tiff,74,69.1144,31,94,100,22,0,4.6698,99.9056,1,1.7154,255,255,0
nd1S05766,Left,996357.tiff,75,108.3736,29,92,100,61,97,5.2618,99.9256,39,2.1968,255,255,0
nd1S05808,Right,309411.tiff,42,124.5859,47,93,100,24,18,5.3156,99.899,69,1.2935,255,255,26
nd1S05808,Right,309413.tiff,38,130.524,48,94,100,20,80,5.6488,99.9129,58,1.2445,255,255,22
nd1S05808,Right,309414.tiff,22,125.1057,49,98,100,28,0,5.0487,99.865,86,1.3198,255,255,15
nd1S05808,Right,310553.tiff,65,142.0837,57,84,100,28,79,5.1639,84.412,80,1.7538,255,255,12
nd1S05808,Right,391767.tiff,24,7.0481,28,100,100,38,255,3.223,100,31,255,255,255,255
nd1S05808,Right,391778.tiff,255,255,255,255,255,255,255,255,255,7,255,255,255,255
nd1S05808,Right,391783.tiff,47,133.9429,57,79,100,26,90,4.956,80.9922,4,1.1763,255,255,1
nd1S05808,Right,421056.tiff,26,131.8942,51,93,100,25,0,5.0134,99.4645,33,1.3124,255,255,7
nd1S05808,Right,436912.tiff,38,132.5522,46,99,100,40,18,5.8557,255,48,1.3649,255,255,255
nd1S05808,Right,518415.tiff,39,130.2579,39,91,100,21,0,5.1004,99.9445,5,1.2023,255,255,2
nd1S05808,Right,527769.tiff,255,255,255,255,255,255,255,255,255,3,255,255,255,255
nd1S05808,Right,539152.tiff,34,129.6049,43,98,100,42,7,4.9665,99.7187,6,255,255,255,255
nd1S05808,Right,556495.tiff,32,135.6444,54,91,100,26,2,5.2459,74.0661,3,1.0642,255,255,1
nd1S05808,Right,592594.tiff,44,129.9112,33,92,100,31,0,5.744,85.0905,56,1.532,255,255,13
nd1S05808,Right,612246.tiff,18,92.6604,40,83,100,39,0,4.8684,86.5994,3,255,255,255,255
nd1S05808,Right,676774.tiff,73,114.4495,29,97,100,37,96,5.5062,99.9617,73,1.0878,255,255,61
nd1S05808,Right,702033.tiff,68,123.5858,37,95,100,22,59,4.0813,99.9421,32,4.1544,255,255,0
nd1S05808,Right,707071.tiff,51,114.0577,48,75,100,3,34,4.0804,72.4222,0,1.1535,255,255,0
nd1S05808,Right,707072.tiff,40,62.0946,69,56,100,0,5,3.7279,86.2099,0,1.0767,255,255,0
nd1S05808,Right,724689.tiff,255,255,255,255,255,255,255,255,255,0,255,255,255,255
nd1S05808,Right,724690.tiff,29,39.5149,61,50,100,0,5,3.0897,98.7955,0,2.0107,255,255,0
nd1S05808,Right,724700.tiff,50,63.6171,47,72,100,1,51,4.5538,255,3,2.1094,255,255,255
nd1S05808,Right,763109.tiff,46,51.1268,51,71,100,3,35,3.4656,90.5598,1,1.7872,255,255,0
nd1S05808,Right,794950.tiff,76,143.5501,31,94,100,41,96,5.4705,99.8976,46,1.2398,255,255,32
nd1S05808,Right,800382.tiff,71,138.1212,31,94,100,33,61,5.5699,99.9069,77,4.9821,255,255,0
nd1S05808,Right,859626.tiff,255,255,255,255,255,255,255,255,255,0,255,255,255,255
nd1S05808,Right,911492.tiff,47,65.0977,46,74,100,7,53,4.7102,99.1712,5,1.3454,255,255,1
nd1S05808,Right,911493.tiff,61,80.0837,46,82,100,16,2,4.2766,255,5,1.3741,255,255,255
nd1S05810,Left,309447.tiff,22,126.5927,47,93,100,31,0,5.2121,99.8508,12,1.2807,255,255,2
nd1S05810,Left,309454.tiff,47,126.6026,48,90,100,24,99,5.1524,99.9409,6,1.0571,255,255,3
nd1S05810,Left,310562.tiff,48,136.7569,51,96,100,38,75,6.0988,99.6675,82,255,255,255,255
nd1S05810,Left,391944.tiff,26,128.7413,42,94,100,32,0,5.8008,93.9972,21,1.174,255,255,6
nd1S05810,Left,391947.tiff,26,126.1208,43,92,100,27,0,5.107,99.8569,45,1.3225,255,255,10
nd1S05810,Left,420605.tiff,13,65.8299,52,70,45,27,255,4.7334,97.87,18,2.1629,255,255,255
nd1S05810,Left,555680.tiff,33,118.8036,39,98,100,26,31,5.9719,99.2496,4,1.1766,255,255,2
nd1S05810,Left,601782.tiff,57,137.148,53,90,100,40,71,6.0445,72.7787,70,2.0739,255,255,0
nd1S05810,Left,606586.tiff,53,125.4433,34,94,100,31,99,5.7054,255,9,1.8626,255,255,255
nd1S05810,Left,606611.tiff,15,124.3617,33,91,100,16,255,5.4099,99.8703,9,1.3156,255,255,255
nd1S05810,Left,613372.tiff,26,126.0718,33,92,100,19,32,5.4163,255,15,1.5977,255,255,255
nd1S05810,Left,674814.tiff,59,122.5203,31,95,100,41,96,5.4524,99.8142,48,1.9588,255,255,2
nd1S05810,Left,684435.tiff,71,130.6306,40,93,100,32,70,5.5007,99.953,61,3.0568,255,255,0
nd1S05810,Left,696899.tiff,50,115.0423,33,93,100,24,0,4.9715,99.9389,15,1.5501,255,255,4
nd1S05810,Left,706074.tiff,61,137.1312,39,95,100,41,99,5.8123,99.8355,69,1.1309,255,255,51
nd1S05810,Left,764261.tiff,38,53.4744,49,83,100,11,0,3.5971,255,1,1.1905,255,255,255
nd1S05810,Left,764627.tiff,74,117.5298,39,92,100,24,63,5.3615,99.9095,77,4.0037,255,255,0
nd1S05810,Left,767231.tiff,56,137.4015,34,95,100,37,95,5.631,99.948,70,1.2934,255,255,37
nd1S05810,Left,788788.tiff,12,40.7716,52,65,100,2,38,3.5646,255,0,2.0612,255,255,255
nd1S05810,Left,901786.tiff,69,51.9118,40,87,100,7,0,3.6288,99.9633,1,1.3082,255,255,0
nd1S05810,Left,901796.tiff,68,77.2759,36,93,100,16,3,4.6846,99.8273,2,1.9089,255,255,0
nd1S05810,Left,903852.tiff,59,138.9272,37,92,100,33,98,5.3351,99.8971,58,1.317,255,255,30
nd1S05810,Left,904794.tiff,47,112.2228,39,93,100,20,67,4.9473,99.6817,7,1.5401,255,255,2
nd1S05810,Left,906132.tiff,74,112.7403,38,95,100,26,56,4.3227,99.9176,70,1.8838,255,255,6
nd1S05831,Left,592798.tiff,49,112.8319,30,94,100,15,41,5.405,99.9284,12,1.0438,255,255,7
nd1S05831,Left,608155.tiff,66,112.2675,32,93,100,26,99,4.9328,99.9159,53,1.367,255,255,26
nd1S05831,Left,615056.tiff,18,87.9217,38,87,100,22,94,4.8881,99.8401,74,1.4958,255,255,8
nd1S05831,Left,615057.tiff,30,110.5328,30,93,100,16,26,4.6622,99.9198,67,1.4755,255,255,12
nd1S05831,Left,615058.tiff,24,115.3109,32,93,100,11,63,5.4338,99.9188,5,1.1051,255,255,1
nd1S05831,Right,582908.tiff,60,114.5268,30,92,100,15,99,5.2261,99.8907,33,1.2074,255,255,20
nd1S05831,Right,582909.tiff,55,118.0326,29,87,100,15,93,5.1451,99.8171,13,1.092,255,255,8
nd1S05831,Right,582912.tiff,58,114.6697,30,94,100,8,99,5.1253,255,56,1.1795,255,255,255
nd1S05831,Right,587202.tiff,72,118.2392,32,93,100,14,68,4.5823,99.9457,65,2.1169,255,255,0
nd1S05831,Right,592800.tiff,55,110.5755,30,91,100,16,43,5.0938,99.8843,66,1.2395,255,255,33
nd1S05831,Right,592801.tiff,24,112.3054,29,93,100,20,255,6.0267,99.8844,85,1.261,255,255,255
nd1S05831,Right,592802.tiff,48,109.7041,29,93,100,13,26,5.0096,99.9248,75,1.3652,255,255,27
nd1S05831,Right,592804.tiff,55,110.9231,29,93,100,21,74,5.1873,99.8845,85,1.2547,255,255,43
nd1S05831,Right,592805.tiff,72,109.8477,30,93,100,22,99,4.9706,99.922,77,1.2114,255,255,50
nd1S05831,Right,592807.tiff,48,109.9247,30,93,100,30,255,5.4003,255,51,255,255,255,255
nd1S05831,Right,592808.tiff,66,112.6841,32,90,100,22,99,5.0465,99.8657,76,1.3226,255,255,41
nd1S05831,Right,592809.tiff,63,112.0511,32,91,100,22,99,5.1093,99.878,77,1.2003,255,255,47
nd1S05831,Right,592810.tiff,65,111.9852,32,94,100,26,99,5.4294,99.9158,52,1.148,255,255,37
nd1S05831,Right,602139.tiff,68,120.6666,37,93,100,1,73,5.1253,99.9558,85,255,255,255,255
nd1S05831,Right,608166.tiff,58,114.5225,31,92,100,15,92,5.3604,99.8884,53,1.0871,255,255,36
nd1S05831,Right,608167.tiff,43,110.6942,31,95,100,24,0,5.4219,99.8693,86,1.0601,255,255,45
nd1S05831,Right,608168.tiff,47,115.1394,32,93,100,21,0,5.2948,99.9705,59,1.1409,255,255,30
nd1S05831,Right,608170.tiff,38,112.9291,31,89,100,25,0,5.1894,96.2844,88,1.0762,255,255,36
nd1S05831,Right,608171.tiff,29,113.3442,33,91,100,24,7,4.8808,99.9559,6,1.0867,255,255,2
nd1S05831,Right,608172.tiff,26,107.4127,32,89,100,7,84,5.7605,99.4336,68,1.9598,255,255,1
nd1S05831,Right,608173.tiff,31,115.5473,34,93,100,26,0,4.6347,99.9463,30,1.0589,255,255,10
nd1S05831,Right,608175.tiff,51,117.5731,33,87,100,21,16,5.672,99.865,14,255,255,255,255
nd1S05831,Right,608176.tiff,54,115.0728,33,95,100,21,7,5.1296,99.9334,24,1.1294,255,255,14
nd1S05831,Right,609912.tiff,62,113.5338,35,94,100,2,69,4.8924,99.9616,83,4.1588,255,255,0
nd1S05831,Right,615064.tiff,35,114.8467,32,92,100,4,65,5.2344,99.8948,15,1.0217,255,255,5
nd1S05831,Right,615065.tiff,24,114.1963,31,93,100,7,66,5.0237,99.8929,63,1.1908,255,255,15
nd1S05831,Right,615066.tiff,20,113.6194,29,93,100,8,255,5.1472,99.902,32,1.164,255,255,255
nd1S05831,Right,615068.tiff,34,112.4761,29,93,100,4,35,5.0484,90.4705,82,1.2915,255,255,17
nd1S05831,Right,615069.tiff,32,112.8915,30,91,100,5,42,5.1362,99.8952,71,1.2629,255,255,20
nd1S05831,Right,615071.tiff,19,113.2309,31,93,100,8,255,5.2368,99.9199,75,1.226,255,255,255
nd1S05831,Right,615073.tiff,21,115.787,30,95,100,7,255,5.8026,99.7537,7,1.0187,255,255,255
nd1S05832,Right,314238.tiff,58,122.6617,58,91,100,48,98,5.2043,99.3922,67,1.1986,255,255,38
nd1S05832,Right,315047.tiff,71,118.9322,65,98,100,30,67,5.4727,99.8893,80,255,255,255,255
nd1S05832,Right,406304.tiff,47,115.5479,59,96,100,41,99,6.07,255,74,1.1621,255,255,255
nd1S05832,Right,536861.tiff,82,107.883,38,96,100,27,55,4.7291,99.9725,70,2.0316,255,255,0
nd1S05832,Right,556678.tiff,85,126.2308,47,92,100,28,98,5.1952,99.8818,5,1.095,255,255,4
nd1S05832,Right,584935.tiff,59,115.994,50,92,100,22,98,5.221,99.9013,95,1.1888,255,255,56
nd1S05832,Right,604182.tiff,73,94.2873,42,93,94,26,99,5.653,98.0591,42,1.3524,255,255,25
nd1S05832,Right,604186.tiff,40,121.277,43,93,100,37,10,5.2676,99.9647,77,1.6019,255,255,15
nd1S05842,Left,344665.tiff,27,135.8299,51,93,100,24,12,5.5294,99.8727,7,1.1036,255,255,2
nd1S05842,Left,344668.tiff,28,131.2195,55,94,100,21,20,5.3336,255,58,1.2724,255,255,255
nd1S05842,Left,346731.tiff,89,145.0527,56,95,100,36,75,6.0822,99.9394,89,3.8668,255,255,0
nd1S05842,Left,397878.tiff,35,132.9731,51,95,100,20,19,5.5737,99.8297,5,1.0414,255,255,2
nd1S05842,Left,397880.tiff,48,135.8726,56,97,100,19,93,5.3501,255,6,1.0822,255,255,255
nd1S05842,Left,411551.tiff,45,130.8124,58,98,100,15,99,5.1352,255,45,1.0477,255,255,255
nd1S05842,Left,427801.tiff,43,127.1617,53,95,100,29,96,5.6509,255,26,255,255,255,255
nd1S05842,Left,427803.tiff,30,133.2319,51,95,100,18,15,5.5061,99.7187,5,1.0342,255,255,2
nd1S05842,Left,429516.tiff,86,140.8864,51,94,100,25,75,5.7081,99.9567,74,2.9679,255,255,0
nd1S05842,Left,521228.tiff,50,131.3141,45,97,100,22,30,5.1688,99.7962,10,1.2742,255,255,4
nd1S05842,Left,521231.tiff,38,131.549,46,97,100,22,22,5.298,99.8635,5,1.32,255,255,2
nd1S05842,Left,527997.tiff,69,130.6594,52,98,100,21,99,5.273,99.8582,4,1.2635,255,255,3
nd1S05842,Left,528002.tiff,80,135.5812,48,96,100,29,97,5.369,99.8513,8,1.3085,255,255,5
nd1S05842,Left,554805.tiff,91,115.8643,46,93,100,22,64,4.9404,99.9195,64,2.4243,255,255,0
nd1S05842,Left,559995.tiff,79,129.9364,49,93,100,23,99,5.3583,99.8622,57,1.2398,255,255,39
nd1S05842,Left,579682.tiff,81,125.9324,45,94,100,19,65,5.0176,99.919,57,2.1161,255,255,0
nd1S05842,Left,584292.tiff,32,129.5629,54,88,100,19,0,4.9881,255,6,1.0907,255,255,255
nd1S05842,Left,584293.tiff,36,130.6957,41,94,100,24,5,5.1773,99.9366,5,1.0988,255,255,2
nd1S05842,Left,584298.tiff,37,131.8986,54,89,100,16,12,5.1628,255,8,1.043,255,255,255
nd1S05842,Left,588138.tiff,34,134.4341,45,95,100,33,9,5.3513,255,8,1.22,255,255,255
nd1S05842,Left,588139.tiff,34,141.9757,47,97,100,18,10,5.3915,255,16,1.204,255,255,255
nd1S05842,Left,588140.tiff,55,133.0288,46,94,100,27,94,5.3219,255,10,1.2955,255,255,255
nd1S05842,Left,588141.tiff,40,136.3422,47,96,100,32,18,5.389,98.7331,11,1.1072,255,255,5
nd1S05842,Left,588142.tiff,31,132.051,44,94,100,20,14,5.3185,255,19,1.4616,255,255,255
nd1S05842,Left,601898.tiff,94,145.6902,42,96,100,22,69,6.0357,99.8954,77,1.276,255,255,56
nd1S05842,Left,607158.tiff,72,139.5318,45,95,100,31,99,4.9322,99.8301,6,1.1596,255,255,4
nd1S05842,Left,607160.tiff,70,138.8318,45,96,100,32,99,5.0545,99.8646,11,1.153,255,255,8
nd1S05842,Left,607168.tiff,56,132.675,48,98,100,14,99,4.9091,98.9061,6,1.0416,255,255,4
nd1S05842,Left,611501.tiff,51,134.2166,42,94,100,20,25,5.2154,99.9461,6,1.1119,255,255,3
nd1S05842,Left,611504.tiff,78,135.9471,43,93,100,24,99,5.2338,99.9158,7,1.1065,255,255,5
nd1S05842,Left,675030.tiff,16,118.9292,39,96,100,45,255,4.7491,99.9387,13,1.5366,255,255,255
nd1S05842,Left,675037.tiff,61,124.9006,38,96,100,9,45,5.6895,99.9551,71,1.3798,255,255,36
nd1S05842,Left,681849.tiff,28,116.5878,37,96,100,2,21,5.3414,99.9149,10,1.3092,255,255,1
nd1S05842,Left,692938.tiff,60,137.7925,37,96,100,12,92,5.9606,99.8643,57,1.2356,255,255,37
nd1S05842,Left,700706.tiff,81,128.6836,42,96,100,19,58,4.3382,99.9441,45,255,255,255,255
nd1S05842,Left,708620.tiff,31,121.3005,37,95,100,24,0,5.144,99.9221,18,1.2495,255,255,5
nd1S05842,Left,708622.tiff,78,86.2872,35,92,100,17,34,3.2046,99.9048,0,1.729,255,255,0
nd1S05842,Left,708633.tiff,87,135.3632,46,95,100,20,99,5.8631,99.8872,59,1.5482,255,255,26
nd1S05842,Left,708636.tiff,87,135.5481,38,96,100,19,97,5.9355,99.9049,55,1.4756,255,255,29
nd1S05842,Left,728048.tiff,27,114.2477,49,96,100,21,0,4.6535,99.8688,4,1.3107,255,255,1
nd1S05842,Left,763754.tiff,58,61.8067,41,91,100,6,36,3.4501,99.7466,0,1.9303,255,255,0
nd1S05842,Left,763760.tiff,78,76.33,40,90,100,12,17,4.3308,99.8343,3,1.0396,255,255,2
nd1S05842,Left,767020.tiff,82,139.2367,42,98,100,28,99,5.8336,99.9175,67,1.3261,255,255,44
nd1S05842,Left,790112.tiff,76,60.2499,43,90,100,9,35,3.5009,99.8079,0,1.6828,255,255,0
nd1S05842,Left,798670.tiff,91,140.1943,46,96,100,24,67,5.171,99.8145,86,3.8527,255,255,0
nd1S05842,Left,799625.tiff,81,128.5453,42,88,100,19,49,3.4804,99.9013,36,2.7092,255,255,0
nd1S05842,Left,910225.tiff,89,125.8199,43,95,100,22,55,4.2129,99.9265,55,3.217,255,255,0
nd1S05842,Left,910226.tiff,89,131.2058,40,95,100,12,54,4.9203,99.9433,56,2.4455,255,255,0
nd1S05842,Left,911146.tiff,84,62.9403,38,91,100,10,20,3.6995,99.8881,0,1.7711,255,255,0
nd1S05842,Left,911153.tiff,74,72.723,40,93,100,11,22,4.4364,99.8409,5,1.2102,255,255,3
nd1S05845,Left,517944.tiff,89,120.4296,39,95,100,28,99,5.6025,99.8885,87,1.0129,255,255,80
nd1S05845,Left,517948.tiff,82,123.602,40,97,100,31,98,5.22,99.9175,15,1.2354,255,255,10
nd1S05845,Left,517951.tiff,63,124.1859,41,96,100,29,61,5.4663,99.8169,76,1.1313,255,255,54
nd1S05845,Left,519207.tiff,64,126.0553,55,98,100,27,99,5.7784,99.6602,17,1.1488,255,255,13
nd1S05845,Left,519208.tiff,20,130.1845,53,94,100,12,0,5.3776,99.8625,4,1.5076,255,255,1
nd1S05845,Left,519217.tiff,78,128.1026,53,98,100,33,99,5.7617,99.7073,7,1.0884,255,255,6
nd1S05853,Left,1091857.tiff,88,113.5363,32,93,100,33,59,5.7174,99.9559,88,255,255,255,255
nd1S05853,Left,1111272.tiff,86,138.3991,34,95,100,50,98,5.0685,99.937,57,1.1033,255,255,43
nd1S05853,Left,1112415.tiff,94,124.7618,36,93,100,32,59,5.638,99.94,80,3.2149,255,255,0
nd1S05853,Left,1113258.tiff,22,68.4707,57,81,100,16,5,4.6417,98.4889,0,1.1832,255,255,0
nd1S05853,Left,1113259.tiff,85,55.4445,42,91,100,15,14,4.7643,99.7754,1,1.2779,255,255,0
nd1S05853,Left,1113264.tiff,47,67.3958,35,92,100,18,0,4.7063,99.9141,3,1.2193,255,255,1
nd1S05853,Left,1130328.tiff,49,138.5114,37,94,100,50,47,5.0613,99.9135,42,1.3055,255,255,17
nd1S05853,Left,1131001.tiff,79,121.8378,35,95,94,19,56,5.1467,99.9131,12,1.2315,255,255,8
nd1S05853,Left,1131002.tiff,75,65.7751,34,87,100,16,42,4.7629,99.8921,8,1.255,255,255,4
nd1S05853,Left,1131765.tiff,54,122.2452,36,91,100,37,63,5.8308,255,82,255,255,255,255
nd1S05853,Left,1131768.tiff,61,121.0568,35,92,100,32,64,5.7048,99.9177,85,255,255,255,255
nd1S05853,Right,1091864.tiff,83,113.2632,33,93,100,32,60,5.1778,99.9329,73,3.9398,255,255,0
nd1S05853,Right,1112424.tiff,85,122.8399,34,93,100,31,56,4.9407,99.9527,82,4.8747,255,255,0
nd1S05853,Right,1113260.tiff,37,68.9349,47,54,100,14,0,4.3782,99.6612,0,1.7877,255,255,0
nd1S05853,Right,1113262.tiff,24,99.559,51,65,100,8,11,5.0605,90.5319,0,1.7052,255,255,0
nd1S05853,Right,1113263.tiff,44,82.2673,46,46,100,5,35,5.5693,94.7038,0,1.4125,255,255,0
nd1S05853,Right,1113271.tiff,61,65.848,33,88,100,17,40,4.6061,99.8355,6,1.9835,255,255,0
nd1S05853,Right,1130332.tiff,51,138.7214,34,93,100,44,81,5.2164,99.92,47,1.2129,255,255,23
nd1S05853,Right,1131776.tiff,58,119.7504,32,94,100,30,60,4.9179,99.9601,69,4.8501,255,255,0
nd1S05854,Right,417382.tiff,59,114.2748,35,93,100,45,49,5.0593,99.7748,14,1.1363,255,255,9
nd1S05854,Right,555932.tiff,29,117.6986,54,87,100,26,0,5.2654,255,39,1.224,255,255,255
nd1S05854,Right,555941.tiff,25,113.6595,44,95,100,42,0,5.2695,255,13,1.1079,255,255,255
nd1S05854,Right,579343.tiff,75,125.9244,41,93,100,39,53,4.5586,99.9209,48,1.6433,255,255,13
nd1S05854,Right,582813.tiff,33,106.0427,42,92,100,60,7,6.0846,255,40,1.6365,255,255,255
nd1S05854,Right,611665.tiff,37,114.6519,32,96,100,35,0,5.3372,99.904,50,1.0266,255,255,23
nd1S05856,Left,1126602.tiff,64,116.3363,55,86,100,66,83,5.0458,255,56,2.6615,255,255,255
nd1S05856,Left,1128226.tiff,75,116.9319,50,93,100,40,62,5.2455,99.957,78,3.9674,255,255,0
nd1S05856,Left,1129397.tiff,3,53.8529,36,98,100,33,255,4.9092,99.0951,7,1.1011,255,255,255
nd1S05856,Left,1129398.tiff,29,66.0989,48,95,100,24,0,4.9194,99.6601,2,1.2158,255,255,0
nd1S05856,Left,1129409.tiff,33,55.1143,42,99,100,17,2,4.2158,99.8582,0,1.1067,255,255,0
nd1S05856,Right,1087347.tiff,41,114.6151,48,94,100,49,43,4.8292,255,46,1.9822,255,255,255
nd1S05856,Right,1126605.tiff,57,115.4181,50,89,100,62,70,4.8614,255,73,2.3535,255,255,255
nd1S05856,Right,387109.tiff,20,121.3644,53,93,100,48,0,5.5825,255,58,2.1721,255,255,255
nd1S05856,Right,519732.tiff,58,118.6125,57,94,100,42,99,5.5649,99.9582,47,1.3346,255,255,24
nd1S05856,Right,529890.tiff,29,123.8911,62,89,100,27,23,5.893,255,5,1.5192,255,255,255
nd1S05856,Right,541557.tiff,21,111.7665,56,94,100,37,4,6.2244,255,29,1.5638,255,255,255
nd1S05856,Right,585856.tiff,58,115.7294,55,92,100,46,97,5.7906,99.9171,80,1.5003,255,255,32
nd1S05856,Right,591509.tiff,26,120.7358,47,92,100,45,3,5.4558,99.9663,11,1.1251,255,255,3
nd1S05856,Right,591514.tiff,54,115.3249,47,92,100,38,99,5.801,99.7722,31,1.3117,255,255,16
nd1S05856,Right,600803.tiff,60,121.429,49,93,100,41,54,4.8214,255,59,2.3768,255,255,255
nd1S05856,Right,701291.tiff,64,133.4544,52,94,100,30,39,3.8972,255,32,5.211,255,255,255
nd1S05856,Right,707499.tiff,42,78.271,49,94,100,21,22,3.172,255,0,1.9955,255,255,255
nd1S05856,Right,707501.tiff,255,255,255,255,255,255,255,255,255,0,255,255,255,255
nd1S05856,Right,756609.tiff,22,110.3773,50,96,100,35,0,4.8183,255,35,2.1333,255,255,255
nd1S05856,Right,757327.tiff,69,128.5773,53,93,100,24,29,3.7299,84.8364,31,6.8522,255,255,0
nd1S05856,Right,799506.tiff,58,115.8297,58,96,100,34,41,4.3039,255,49,4.2101,255,255,255
nd1S05856,Right,862492.tiff,21,116.2296,56,94,100,31,3,5.0037,255,32,2.1084,255,255,255
nd1S05856,Right,866015.tiff,67,120.1582,55,95,100,21,24,3.9424,255,33,8.8551,255,255,255
nd1S05856,Right,962816.tiff,46,141.7828,44,92,100,44,87,5.2515,99.8497,77,2.0744,255,255,0
nd1S05857,Left,1109146.tiff,89,118.0191,32,94,100,50,72,4.6455,99.9194,43,1.4382,255,255,19
nd1S05857,Left,1109155.tiff,88,117.1969,34,97,100,51,77,4.5145,99.8336,27,1.3165,255,255,14
nd1S05857,Left,1111147.tiff,47,97.2153,25,45,100,23,15,5.7079,96.1318,0,1.1582,255,255,0
nd1S05857,Left,1111161.tiff,25,117.9792,33,100,100,22,0,5.9208,46.133,1,1.2972,255,255,0
nd1S05857,Left,1111749.tiff,63,112.4203,32,97,100,18,28,5.2145,99.9406,24,2.4146,255,255,0
nd1S05857,Left,1111751.tiff,38,111.4942,31,97,100,22,0,4.8103,99.9491,10,1.9657,255,255,0
nd1S05857,Left,1111753.tiff,80,112.7918,31,97,100,24,52,4.9471,99.9705,14,2.159,255,255,0
nd1S05857,Left,1112282.tiff,83,114.7497,31,96,100,27,52,5.0483,99.928,78,4.608,255,255,0
nd1S05857,Left,1112283.tiff,83,120.9068,30,96,100,28,51,5.1293,99.9659,80,4.7775,255,255,0
nd1S05857,Left,1112284.tiff,86,121.7648,32,97,100,29,53,5.6172,99.9143,43,2.6829,255,255,0
nd1S05857,Left,1112285.tiff,80,115.3838,31,96,100,30,53,4.9217,99.912,83,4.1587,255,255,0
nd1S05857,Left,1112286.tiff,87,118.9788,30,96,100,33,54,4.9674,99.8677,86,4.6957,255,255,0
nd1S05857,Left,1112287.tiff,88,120.2596,32,98,100,43,57,5.6177,99.9371,66,2.0657,255,255,0
nd1S05857,Left,1126291.tiff,80,126.1889,35,96,100,50,72,4.551,99.917,36,1.0417,255,255,26
nd1S05857,Left,1126922.tiff,75,111.8001,37,96,100,20,54,4.9221,99.9606,26,1.9633,255,255,1
nd1S05857,Left,1126926.tiff,41,112.0885,35,96,100,19,0,5.1304,99.9564,37,1.7812,255,255,4
nd1S05857,Left,1127747.tiff,96,125.139,36,96,100,31,54,5.2739,99.9307,81,4.0181,255,255,0
nd1S05857,Left,1127749.tiff,94,122.475,37,95,100,29,52,5.1517,99.9602,85,255,255,255,255
nd1S05857,Left,1128629.tiff,61,93.0223,43,75,100,16,2,5.8263,92.9025,1,1.0472,255,255,1
nd1S05857,Left,1128639.tiff,77,66.9465,34,92,100,14,32,4.448,99.9107,5,1.3262,255,255,2
nd1S05857,Left,1128640.tiff,90,65.6085,35,90,100,16,31,4.3881,99.9061,6,1.3371,255,255,2
nd1S05857,Left,1128641.tiff,84,66.421,35,92,100,14,32,4.4845,99.8785,8,1.3369,255,255,3
nd1S05857,Left,1128642.tiff,72,66.7184,38,89,100,13,32,4.6813,99.8535,1,1.0521,255,255,1
nd1S05857,Right,1009791.tiff,82,130.779,33,93,100,50,85,4.9941,99.8675,51,1.2817,255,255,30
nd1S05857,Right,1013300.tiff,57,99.3987,41,88,100,11,26,5.7301,96.8082,0,1.8064,255,255,0
nd1S05857,Right,1013310.tiff,36,66.4777,44,84,100,18,1,4.7934,99.818,1,1.151,255,255,0
nd1S05857,Right,1013315.tiff,58,66.1412,43,84,100,18,6,4.8967,99.8972,2,1.1776,255,255,1
nd1S05857,Right,1015531.tiff,34,113.2036,34,93,100,29,0,4.962,99.9264,36,1.8472,255,255,2
nd1S05857,Right,1035463.tiff,84,110.8927,29,94,100,58,77,4.6566,99.9664,64,1.5306,255,255,23
nd1S05857,Right,1038273.tiff,44,45.8663,76,60,100,10,0,2.6265,99.4269,1,1.7937,255,255,0
nd1S05857,Right,1039956.tiff,36,113.0723,32,94,100,27,0,5.1827,99.9322,46,1.7562,255,255,5
nd1S05857,Right,1063489.tiff,63,65.1807,41,83,100,14,29,4.2528,99.8279,2,1.509,255,255,0
nd1S05857,Right,1065113.tiff,62,120.2981,34,96,100,41,54,4.8451,99.9647,53,1.0783,255,255,35
nd1S05857,Right,1066947.tiff,86,112.1932,36,95,100,30,46,4.7677,99.9224,41,2.4841,255,255,0
nd1S05857,Right,1082443.tiff,38,90.8926,52,70,100,12,4,5.3982,97.9383,0,2.0517,255,255,0
nd1S05857,Right,1109173.tiff,83,119.0599,33,96,100,48,60,4.8732,99.9297,49,1.3359,255,255,26
nd1S05857,Right,1111159.tiff,45,89.4137,68,58,100,16,2,5.212,57.2491,0,1.8349,255,255,0
nd1S05857,Right,1111171.tiff,76,66.3968,34,89,100,17,28,4.4259,99.9347,3,1.1745,255,255,1
nd1S05857,Right,1127758.tiff,86,125.0349,34,96,100,32,46,4.496,99.9313,78,4.2744,255,255,0
nd1S05857,Right,1128637.tiff,32,102.2639,61,56,100,13,6,5.9316,61.233,1,1.8648,255,255,0
nd1S05857,Right,1128650.tiff,83,66.5235,36,88,100,15,30,4.3899,99.8869,7,1.184,255,255,3
nd1S05857,Right,407619.tiff,88,135.8779,57,96,100,36,54,5.0799,99.8705,84,1.3347,255,255,47
nd1S05857,Right,415502.tiff,20,118.7383,48,94,100,43,0,5.5062,99.783,20,1.5277,255,255,2
nd1S05857,Right,415504.tiff,68,119.4268,52,96,100,33,83,5.4737,99.8941,5,1.3398,255,255,3
nd1S05857,Right,415506.tiff,33,119.3458,48,87,100,49,255,5.9184,255,4,255,255,255,255
nd1S05857,Right,436187.tiff,72,118.444,49,94,100,41,89,5.4029,99.9327,3,1.1374,255,255,2
nd1S05857,Right,436191.tiff,68,118.8291,49,93,100,46,93,5.2717,99.9127,10,1.2729,255,255,6
nd1S05857,Right,529315.tiff,86,116.3955,43,95,100,30,48,4.7865,99.9208,49,2.0122,255,255,0
nd1S05857,Right,529319.tiff,47,119.7961,44,93,100,37,43,4.8913,255,34,1.7132,255,255,255
nd1S05857,Right,537187.tiff,89,119.2072,36,95,100,34,50,4.7208,99.9496,70,2.0555,255,255,0
nd1S05857,Right,558354.tiff,58,121.1336,42,94,100,39,61,5.6152,99.8898,9,1.4483,255,255,4
nd1S05857,Right,602003.tiff,92,136.4459,42,95,100,35,51,4.9103,99.913,84,3.8925,255,255,0
nd1S05857,Right,674833.tiff,36,110.7395,39,95,100,13,7,5.3518,99.9731,35,1.442,255,255,9
nd1S05857,Right,674838.tiff,88,113.5543,34,94,100,53,94,4.9763,99.9541,44,1.4196,255,255,21
nd1S05857,Right,722377.tiff,68,65.9308,41,87,100,17,4,4.2654,99.5251,6,1.7825,255,255,1
nd1S05857,Right,727105.tiff,83,127.3915,43,95,100,56,98,5.1803,99.9184,45,1.0269,255,255,38
nd1S05857,Right,758408.tiff,28,108.9865,39,94,100,12,0,4.7732,99.9583,55,1.1047,255,255,16
nd1S05857,Right,762190.tiff,57,51.9907,56,70,100,12,3,2.5828,96.9943,0,1.5382,255,255,0
nd1S05857,Right,762201.tiff,81,67.6432,41,89,100,16,24,4.4868,99.6485,2,1.0683,255,255,1
nd1S05857,Right,821504.tiff,90,117.8707,33,94,100,57,89,5.0413,99.9616,33,1.3472,255,255,18
nd1S05857,Right,861799.tiff,41,136.5344,38,95,100,38,8,5.2643,99.9459,60,1.1964,255,255,25
nd1S05857,Right,936214.tiff,92,140.0978,33,93,100,57,90,5.1131,99.9638,57,1.2025,255,255,39
nd1S05857,Right,938984.tiff,92,126.8972,34,96,100,35,50,4.7154,99.9155,76,4.1687,255,255,0
nd1S05857,Right,988263.tiff,88,121.0788,37,93,100,48,92,5.1019,99.9214,34,1.2125,255,255,23
nd1S05857,Right,991408.tiff,17,99.1221,59,67,100,16,21,4.9759,35.2423,1,1.6353,255,255,0
nd1S05857,Right,991423.tiff,88,67.5191,40,87,100,23,27,4.3515,99.718,1,1.2141,255,255,0
nd1S05857,Right,993415.tiff,94,126.7401,36,94,100,34,56,5.0437,99.8917,82,3.7234,255,255,0
nd1S05863,Left,1113667.tiff,56,60.4967,44,94,100,28,6,4.9129,98.2944,4,1.4626,255,255,1
nd1S05863,Left,1133863.tiff,59,133.2176,38,96,100,66,89,4.3029,98.6859,50,1.4884,255,255,15
nd1S05863,Left,388142.tiff,43,126.5639,50,95,100,42,82,5.2673,99.8254,6,1.2902,255,255,2
nd1S05863,Left,388143.tiff,54,127.5296,51,93,100,45,82,5.358,99.8568,10,1.5552,255,255,3
nd1S05863,Left,388144.tiff,40,128.2415,57,97,100,48,68,5.3958,255,6,1.9244,255,255,255
nd1S05863,Left,388150.tiff,46,125.8763,51,98,100,45,60,5.5004,255,8,2.0531,255,255,255
nd1S05863,Left,441936.tiff,41,130.1177,57,83,100,39,23,5.7086,59.1382,39,1.9459,255,255,1
nd1S05863,Left,441939.tiff,47,127.1342,41,95,100,37,25,5.5644,98.8764,5,1.9419,255,255,0
nd1S05863,Left,443555.tiff,36,125.8781,40,93,100,54,45,5.1805,98.9352,73,2.9122,255,255,0
nd1S05863,Left,608035.tiff,50,126.7369,40,94,100,44,60,5.3168,98.9625,12,2.0321,255,255,0
nd1S05863,Left,608036.tiff,64,126.2705,41,95,100,45,94,5.1812,96.8629,6,1.6965,255,255,1
nd1S05863,Left,608038.tiff,49,127.162,43,96,100,41,88,5.4896,255,5,1.925,255,255,255
nd1S05863,Left,608039.tiff,255,255,255,255,255,255,255,255,255,41,255,255,255,255
nd1S05863,Left,608040.tiff,51,125.3201,37,94,100,51,87,5.0291,255,6,2.0781,255,255,255
nd1S05863,Left,608041.tiff,48,129.6718,45,95,100,51,86,5.4721,255,5,1.9176,255,255,255
nd1S05863,Left,608042.tiff,59,122.7661,40,96,100,35,52,5.0365,99.8506,34,1.5133,255,255,12
nd1S05863,Left,609981.tiff,79,135.1496,43,93,100,51,56,5.1208,99.9025,75,2.4885,255,255,0
nd1S05863,Left,615305.tiff,70,124.3559,52,97,100,48,93,5.268,99.856,26,1.5241,255,255,11
nd1S05863,Left,615307.tiff,44,123.509,53,98,100,57,67,5.226,255,9,1.9331,255,255,255
nd1S05863,Left,615309.tiff,70,126.3889,41,95,100,40,77,5.2696,99.9407,7,1.4425,255,255,3
nd1S05863,Left,615310.tiff,57,124.8442,41,96,100,40,58,5.7249,99.8834,34,2.0445,255,255,0
nd1S05863,Left,615311.tiff,82,123.7262,40,94,100,49,89,5.3241,99.8511,60,1.7264,255,255,15
nd1S05863,Left,682361.tiff,78,130.7707,37,94,100,40,53,4.9034,99.9313,79,3.8846,255,255,0
nd1S05863,Left,682363.tiff,49,115.6827,34,95,100,32,30,4.1929,99.8316,17,1.8684,255,255,1
nd1S05863,Left,682365.tiff,40,117.9693,33,96,100,32,0,4.4184,255,5,1.6672,255,255,255
nd1S05863,Left,693776.tiff,75,136.5456,35,96,100,44,55,5.1445,99.9257,63,2.0377,255,255,0
nd1S05863,Left,693778.tiff,73,139.4651,34,95,100,48,56,5.2947,99.8606,59,1.6764,255,255,17
nd1S05863,Left,693782.tiff,33,124.5736,33,97,100,31,4,4.2014,99.7522,21,1.3685,255,255,4
nd1S05863,Left,693788.tiff,67,136.3821,32,95,100,60,98,4.663,99.9557,35,1.1989,255,255,21
nd1S05863,Left,700970.tiff,79,132.8727,37,94,100,36,44,4.2012,99.872,38,3.7317,255,255,0
nd1S05863,Left,860409.tiff,24,55.4314,55,80,100,15,25,3.0311,255,0,1.1348,255,255,255
nd1S05863,Left,860412.tiff,41,59.9619,38,95,100,21,3,3.7172,99.8464,1,1.7562,255,255,0
nd1S05863,Left,860413.tiff,66,59.0359,42,96,100,20,5,3.0929,99.1142,0,1.6976,255,255,0
nd1S05863,Left,860422.tiff,61,72.8082,35,96,100,26,7,4.4847,99.8037,2,1.5811,255,255,0
nd1S05863,Left,863501.tiff,57,135.7325,37,95,100,60,98,4.9631,12.5955,57,1.1257,255,255,4
nd1S05863,Left,864142.tiff,48,121.3809,41,96,100,40,37,4.5458,255,18,1.3863,255,255,255
nd1S05863,Left,864146.tiff,16,120.3879,40,97,100,34,255,4.2848,99.7715,24,1.6928,255,255,255
nd1S05863,Left,867209.tiff,72,138.6883,42,95,100,46,52,5.1555,99.8597,68,1.3407,255,255,38
nd1S05863,Left,903509.tiff,43,40.8204,52,68,100,9,0,3.3594,255,0,2.156,255,255,255
nd1S05863,Left,903512.tiff,66,62.3151,40,98,100,21,11,3.3846,99.923,0,1.8047,255,255,0
nd1S05868,Left,1063302.tiff,46,71.1936,43,93,100,28,41,5.5968,99.7381,2,1.108,255,255,1
nd1S05868,Left,405792.tiff,62,125.2148,57,94,100,36,99,5.9542,99.8449,10,1.0351,255,255,8
nd1S05868,Left,405794.tiff,55,128.3141,68,99,100,75,95,4.6406,98.6375,10,255,255,255,255
nd1S05868,Left,405795.tiff,30,116.0676,60,91,100,34,99,5.9078,99.9202,6,1.0374,255,255,2
nd1S05868,Left,405796.tiff,33,121.3272,61,94,100,30,99,5.8253,99.9142,20,1.0532,255,255,9
nd1S05868,Left,405797.tiff,8,108.7552,64,83,0,70,0,5.4496,98.6972,25,2.4236,255,255,0
nd1S05868,Left,405802.tiff,17,58.1397,74,19,100,41,99,5.4535,255,20,1.4324,255,255,255
nd1S05868,Left,437029.tiff,65,121.1044,62,94,100,48,99,5.9896,255,18,1.2282,255,255,255
nd1S05868,Left,446569.tiff,48,61.8391,70,33,100,3,99,5.907,255,11,1.6711,255,255,255
nd1S05868,Left,446573.tiff,68,120.4529,55,92,100,40,99,5.7225,99.8631,20,1.1065,255,255,17
nd1S05868,Left,530166.tiff,38,122.2636,56,94,100,41,99,6.1066,255,28,1.2348,255,255,255
nd1S05868,Left,590022.tiff,50,123.8113,47,93,100,43,99,5.7884,99.8552,7,1.0556,255,255,5
nd1S05868,Left,614838.tiff,40,128.3325,50,91,100,44,99,5.8316,255,9,255,255,255,255
nd1S05868,Left,694150.tiff,87,116.6495,42,96,100,47,62,5.9793,99.9413,47,4.409,255,255,0
nd1S05868,Left,701086.tiff,87,115.5232,49,96,100,28,48,5.0097,99.9745,36,3.482,255,255,0
nd1S05868,Left,707592.tiff,63,70.1802,39,77,100,18,31,4.4954,99.6916,0,1.1314,255,255,0
nd1S05868,Left,707595.tiff,1,93.9909,49,90,100,13,255,3.4774,98.0511,2,1.5497,255,255,255
nd1S05868,Left,707597.tiff,77,130.2766,36,94,100,53,98,5.5758,99.9395,42,1.229,255,255,30
nd1S05868,Left,722610.tiff,78,67.7148,43,91,100,25,42,4.9438,99.93,1,1.157,255,255,1
nd1S05868,Left,758117.tiff,44,137.7591,41,96,100,53,46,5.8733,99.9009,46,1.2389,255,255,22
nd1S05868,Left,763264.tiff,49,80.116,43,63,100,10,25,5.7734,98.8863,0,1.2489,255,255,0
nd1S05868,Left,763273.tiff,83,62.9773,38,95,100,21,45,5.4153,98.7277,1,1.4583,255,255,0
nd1S05868,Left,788898.tiff,51,70.7256,39,94,100,27,14,4.8821,255,1,1.7651,255,255,255
nd1S05868,Left,793028.tiff,71,129.2072,42,95,100,52,97,5.4121,99.9265,30,1.4839,255,255,14
nd1S05868,Left,799137.tiff,82,115.1328,46,97,100,26,42,4.255,99.9749,25,8.822,255,255,0
nd1S05868,Left,824156.tiff,40,127.3384,37,97,100,50,0,5.689,99.9062,29,1.1703,255,255,13
nd1S05868,Left,824961.tiff,42,122.7729,50,95,100,33,52,5.3589,99.9591,14,1.179,255,255,6
nd1S05868,Left,873225.tiff,88,135.6888,32,95,100,48,98,5.7358,99.9097,39,1.0144,255,255,37
nd1S05868,Left,873930.tiff,36,118.9297,40,94,100,33,0,5.4209,99.9605,9,1.4059,255,255,2
nd1S05870,Left,390988.tiff,20,118.6143,51,92,100,23,0,5.2256,99.8619,95,1.6165,255,255,9
nd1S05870,Left,390989.tiff,22,118.1753,54,93,100,20,7,5.3281,99.9132,6,1.2923,255,255,1
nd1S05870,Left,390990.tiff,28,120.8763,52,94,100,18,7,5.2222,99.9355,6,1.2532,255,255,2
nd1S05870,Left,390994.tiff,19,116.2571,56,91,100,27,2,4.9315,99.9297,3,1.2661,255,255,0
nd1S05870,Left,393301.tiff,83,122.6324,54,93,100,9,79,5.7968,99.9175,95,2.4463,255,255,0
nd1S05870,Left,436368.tiff,72,118.881,47,93,100,19,99,5.3433,99.8813,12,1.0796,255,255,10
nd1S05870,Left,436375.tiff,34,119.8032,43,94,100,7,79,5.2816,99.9528,17,1.2549,255,255,5
nd1S05870,Left,436378.tiff,0,80.6941,53,77,100,255,255,255,255,12,1.2681,255,255,255
nd1S05870,Left,450345.tiff,10,109.9499,55,96,1,39,32,4.6924,255,58,1.5011,255,255,255
nd1S05870,Left,450346.tiff,5,118.9665,52,92,100,26,255,5.4801,255,85,1.4877,255,255,255
nd1S05870,Left,450348.tiff,11,117.4536,52,95,100,13,40,4.8322,99.0447,65,1.2049,255,255,6
nd1S05870,Left,450349.tiff,6,119.2328,53,93,100,33,255,5.2205,255,56,1.4754,255,255,255
nd1S05870,Left,512119.tiff,79,112.3137,46,92,100,8,55,5.1269,99.9007,87,1.0727,255,255,69
nd1S05870,Left,515266.tiff,70,117.4208,52,94,100,20,99,5.1936,99.8283,39,1.2786,255,255,24
nd1S05871,Left,1065896.tiff,23,123.1742,44,94,100,44,0,5.1642,255,36,1.9649,255,255,255
nd1S05871,Left,1066925.tiff,78,121.4862,44,94,100,35,51,5.0798,99.9584,79,255,255,255,255
nd1S05871,Left,1086243.tiff,51,76.5872,39,82,100,18,17,4.8627,99.8528,0,1.5459,255,255,0
nd1S05871,Left,1086252.tiff,77,71.0454,41,93,100,24,35,4.9636,99.862,1,1.62,255,255,0
nd1S05871,Left,1086882.tiff,46,131.9498,40,96,100,72,32,4.7822,99.847,52,1.3076,255,255,19
nd1S05871,Left,1087352.tiff,33,120.3155,38,94,100,34,0,4.6907,99.96,27,1.2403,255,255,8
nd1S05871,Left,1088072.tiff,75,119.1325,41,94,100,36,53,5.3867,99.9614,86,3.2224,255,255,0
nd1S05871,Left,1107799.tiff,93,64.8922,40,95,100,19,26,4.7776,99.8054,1,1.0312,255,255,1
nd1S05871,Left,1107806.tiff,69,70.5143,40,87,100,21,36,4.6599,99.8482,9,1.3804,255,255,4
nd1S05871,Left,1107807.tiff,75,70.8776,39,90,100,24,36,4.9877,99.457,2,1.5509,255,255,1
nd1S05871,Left,1108938.tiff,66,122.8635,42,96,100,72,76,4.6152,99.923,38,1.5511,255,255,12
nd1S05871,Left,1109574.tiff,74,120.0337,40,94,100,42,56,5.1002,99.9429,42,1.8185,255,255,6
nd1S05871,Right,1065897.tiff,25,124.2822,42,93,100,42,0,5.0247,255,48,1.974,255,255,255
nd1S05871,Right,1066933.tiff,72,117.9522,44,94,100,37,52,4.9557,99.8945,80,4.0882,255,255,0
nd1S05871,Right,1086246.tiff,73,87.7203,45,69,100,8,37,5.9622,87.3806,0,1.8623,255,255,0
nd1S05871,Right,1086254.tiff,59,69.4108,39,90,100,22,37,4.5992,99.5734,3,1.2778,255,255,1
nd1S05871,Right,1087353.tiff,32,119.0953,36,96,100,36,0,4.8357,99.9546,37,1.4621,255,255,7
nd1S05871,Right,1107793.tiff,63,73.73,44,66,100,14,27,5.4385,99.6043,1,2.2225,255,255,0
nd1S05871,Right,1107805.tiff,58,70.9953,35,87,100,28,36,4.4972,255,7,1.2446,255,255,255
nd1S05871,Right,1108942.tiff,70,120.5486,33,94,100,69,76,4.7075,99.9575,52,2.1159,255,255,0
nd1S05871,Right,1109575.tiff,67,118.3808,38,95,100,42,55,4.892,99.9696,40,1.5142,255,255,15
nd1S05871,Right,1110433.tiff,74,130.8523,38,94,100,39,54,4.9391,99.8752,87,4.047,255,255,0
nd1S05880,Left,1103730.tiff,83,59.2022,43,92,100,19,18,4.1608,99.8188,0,1.229,255,255,0
nd1S05880,Left,1103738.tiff,68,67.3581,46,83,100,19,4,4.9178,99.7599,1,1.2527,255,255,0
nd1S05880,Left,1104749.tiff,67,137.184,59,93,100,68,40,4.6152,95.6532,42,1.0666,255,255,28
nd1S05880,Left,1128852.tiff,86,59.4762,46,95,100,18,17,3.5494,99.8698,0,1.1864,255,255,0
nd1S05880,Left,1128861.tiff,43,65.0813,34,95,100,25,0,4.8503,255,6,1.1042,255,255,255
nd1S05880,Left,437320.tiff,20,119.8345,57,99,100,53,0,5.8763,99.9117,52,1.4268,255,255,8
nd1S05880,Left,437321.tiff,19,120.1784,58,99,100,57,0,4.9768,99.8745,34,1.22,255,255,6
nd1S05880,Left,514143.tiff,38,127.9578,51,98,100,48,74,5.1667,255,21,1.1373,255,255,255
nd1S05880,Left,522710.tiff,13,116.0715,55,98,100,57,0,5.0741,255,27,1.1473,255,255,255
nd1S05880,Left,522711.tiff,23,114.8372,55,98,100,42,0,5.454,255,50,1.2339,255,255,255
nd1S05880,Left,522712.tiff,24,121.7758,55,98,100,45,11,5.2439,99.803,18,1.266,255,255,4
nd1S05880,Left,704455.tiff,36,133.0671,45,95,100,57,12,4.9423,99.9065,43,1.3866,255,255,11
nd1S05880,Left,725930.tiff,72,60.876,47,92,100,22,18,3.5442,99.7795,0,1.2223,255,255,0
nd1S05880,Left,725933.tiff,38,85.3122,44,98,100,26,4,4.7252,255,6,1.3797,255,255,255
nd1S05880,Left,901237.tiff,78,116.1174,47,95,100,37,34,4.4024,99.933,49,3.8367,255,255,0
nd1S05880,Left,938093.tiff,75,137.6955,52,95,100,53,98,5.0084,99.8745,67,1.0597,255,255,53
nd1S05880,Right,1089627.tiff,84,110.973,46,96,100,68,13,4.8738,99.9266,48,2.1711,255,255,0
nd1S05880,Right,1090356.tiff,27,119.936,41,94,100,34,0,4.7728,99.9455,14,1.2858,255,255,3
nd1S05880,Right,1091172.tiff,85,118.588,45,96,100,36,51,4.7424,99.9672,80,3.9627,255,255,0
nd1S05880,Right,1104750.tiff,64,135.9821,55,93,100,70,44,4.5736,255,38,1.3021,255,255,255
nd1S05880,Right,1105418.tiff,18,118.7957,47,96,100,36,0,4.6927,255,8,1.134,255,255,255
nd1S05880,Right,1106439.tiff,79,126.7822,47,95,100,37,52,4.7672,99.9527,84,3.9583,255,255,0
nd1S05880,Right,1127893.tiff,76,116.935,44,96,100,36,56,4.6262,99.9677,74,4.8251,255,255,0
nd1S05880,Right,1128853.tiff,71,59.1313,43,89,100,16,8,3.6751,99.8033,0,1.3725,255,255,0
nd1S05880,Right,1128865.tiff,80,71.3461,43,90,100,28,31,4.7338,99.8028,3,1.445,255,255,1
nd1S05880,Right,1128866.tiff,38,66.3288,39,90,100,30,3,4.7824,255,7,1.0946,255,255,255
nd1S05881,Left,1040317.tiff,68,120.1766,32,94,100,27,68,5.0655,99.9124,30,1.2409,255,255,19
nd1S05881,Left,1090433.tiff,25,120.1253,31,95,100,24,0,4.5404,99.8538,19,1.7206,255,255,1
nd1S05881,Left,1109472.tiff,28,115.7987,33,96,100,21,0,5.2793,99.8002,31,1.5029,255,255,5
nd1S05881,Left,392821.tiff,54,116.7924,44,92,100,29,98,5.2383,99.5642,51,1.3726,255,255,21
nd1S05881,Left,392823.tiff,45,119.6383,44,97,100,28,14,5.5274,99.6744,32,1.6788,255,255,6
nd1S05881,Left,393701.tiff,53,118.6897,45,98,100,29,79,5.4821,255,63,1.9284,255,255,255
nd1S05881,Left,445460.tiff,51,121.5166,43,92,100,31,49,5.2969,99.747,76,1.6408,255,255,18
nd1S05881,Left,512662.tiff,58,114.4544,35,97,100,23,70,5.1205,255,57,1.7354,255,255,255
nd1S05881,Left,524381.tiff,58,105.7822,34,95,100,23,66,5.1268,99.8728,54,2.0056,255,255,0
nd1S05881,Left,530490.tiff,79,118.6835,32,96,100,40,99,5.4807,99.7978,18,1.2009,255,255,13
nd1S05881,Left,556304.tiff,41,122.3446,49,95,100,28,11,5.3086,255,8,1.8532,255,255,255
nd1S05881,Left,592027.tiff,70,117.9139,31,98,100,29,99,5.3279,99.7654,13,1.9107,255,255,1
nd1S05881,Left,607570.tiff,63,121.5835,39,97,100,31,99,5.3728,99.568,6,1.8965,255,255,0
nd1S05881,Left,607572.tiff,28,93.9486,46,86,100,38,76,5.998,99.4441,18,1.5691,255,255,3
nd1S05881,Left,615625.tiff,52,114.6575,35,96,100,25,61,5.236,99.8861,62,2.0442,255,255,0
nd1S05881,Left,676900.tiff,24,112.6435,33,94,100,27,0,5.2657,99.8775,19,1.7093,255,255,2
nd1S05881,Left,695996.tiff,71,134.567,32,96,100,44,99,5.387,99.9087,74,1.5026,255,255,33
nd1S05881,Left,701654.tiff,71,121.6159,38,95,100,25,64,3.9886,99.8805,71,2.9981,255,255,0
nd1S05881,Left,710740.tiff,34,116.2017,39,98,0,30,26,5.168,99.8785,32,1.3945,255,255,0
nd1S05881,Left,710746.tiff,48,77.7488,36,87,100,2,47,4.3865,255,5,1.7571,255,255,255
nd1S05881,Left,710747.tiff,33,71.3941,34,82,100,6,44,3.8849,99.7174,8,2.3458,255,255,0
nd1S05881,Left,710750.tiff,63,70.0331,41,80,100,7,39,3.3601,99.7543,0,1.9232,255,255,0
nd1S05881,Left,764878.tiff,58,122.5435,45,96,100,29,68,5.3234,255,85,4.2444,255,255,255
nd1S05881,Left,765351.tiff,42,74.4992,31,88,100,13,2,4.024,99.9052,1,1.8797,255,255,0
nd1S05881,Left,796310.tiff,45,68.5418,35,98,100,12,0,4.6656,79.9156,9,1.5889,255,255,1
nd1S05881,Left,817120.tiff,65,121.108,38,96,100,29,54,4.1653,99.8155,42,3.7493,255,255,0
nd1S05881,Left,823330.tiff,64,137.2551,39,95,100,41,99,5.3598,99.8549,69,1.2002,255,255,45
nd1S05881,Left,823952.tiff,52,112.2763,36,92,100,23,11,5.2634,99.8929,8,1.6166,255,255,2
nd1S05881,Left,826993.tiff,66,66.9657,41,87,100,11,54,4.3923,99.9529,11,1.5258,255,255,3
nd1S05881,Left,828677.tiff,70,122.015,41,97,100,19,55,3.9442,99.8311,38,255,255,255,255
nd1S05881,Left,932095.tiff,69,127.2584,40,97,100,38,99,5.2457,99.8214,37,1.0816,255,255,29
nd1S05881,Left,933168.tiff,74,112.167,34,97,100,28,66,5.1691,99.9189,82,4.2719,255,255,0
nd1S05881,Left,934409.tiff,58,141.1115,37,96,100,32,24,5.2105,99.9009,50,1.2287,255,255,28
nd1S05881,Left,968073.tiff,53,32.4775,29,6,100,2,0,3.3436,99.8355,0,1.1839,255,255,0
nd1S05881,Left,968074.tiff,42,48.2339,46,69,100,15,0,3.7786,255,1,1.1223,255,255,255
nd1S05881,Left,968075.tiff,74,56.9188,34,93,100,10,10,3.9947,99.8906,1,1.7226,255,255,0
nd1S05881,Left,995636.tiff,54,55.7866,46,72,100,10,0,4.9126,255,4,1.5927,255,255,255
nd1S05881,Left,995637.tiff,58,63.2655,35,91,100,13,0,4.7099,99.8931,4,1.5795,255,255,1
nd1S05881,Left,996815.tiff,65,116.8325,32,95,100,29,68,5.0559,99.9515,35,1.4054,255,255,16
nd1S05881,Right,1039860.tiff,67,139.408,31,93,100,35,99,5.2602,99.9262,57,1.4961,255,255,24
nd1S05881,Right,1040318.tiff,71,119.9869,32,94,100,24,70,5.2371,99.9131,26,1.1596,255,255,19
nd1S05881,Right,1089334.tiff,67,66.7854,33,96,100,13,49,4.9979,96.3114,14,2.2643,255,255,0
nd1S05881,Right,1089704.tiff,67,132.9641,30,96,100,36,98,5.5125,99.9712,75,2.1093,255,255,0
nd1S05881,Right,1090434.tiff,13,112.7734,34,99,100,29,255,5.8866,99.6809,28,1.741,255,255,255
nd1S05881,Right,1107469.tiff,52,67.6568,33,87,100,8,0,4.7601,99.6333,10,2.1941,255,255,0
nd1S05881,Right,1108812.tiff,65,126.3969,32,97,100,36,99,5.4233,99.9656,63,2.0114,255,255,0
nd1S05881,Right,392834.tiff,68,122.0285,42,93,100,26,99,5.1167,99.9139,8,1.6347,255,255,2
nd1S05881,Right,392840.tiff,33,118.4383,42,93,100,22,8,5.0115,99.766,80,1.1534,255,255,27
nd1S05881,Right,392844.tiff,38,120.3709,42,94,100,22,10,5.201,99.8969,79,1.7514,255,255,9
nd1S05881,Right,393702.tiff,48,115.2024,49,95,100,28,77,5.1145,255,80,4.9278,255,255,255
nd1S05881,Right,512668.tiff,58,115.8365,32,96,100,26,68,5.1145,99.899,55,2.204,255,255,0
nd1S05881,Right,516402.tiff,55,120.0612,40,92,100,28,54,5.0395,99.9346,7,1.6422,255,255,2
nd1S05881,Right,524384.tiff,57,109.1104,31,94,100,27,64,5.2081,255,56,2.1026,255,255,255
nd1S05881,Right,530494.tiff,67,116.667,37,93,100,27,88,5.24,99.881,88,1.0538,255,255,70
nd1S05881,Right,553930.tiff,71,126.4134,35,95,100,26,67,4.6986,99.9557,54,2.6272,255,255,0
nd1S05881,Right,587010.tiff,67,128.8159,31,96,100,26,67,4.886,99.9605,65,2.3942,255,255,0
nd1S05881,Right,592033.tiff,70,118.4336,29,94,100,30,99,5.3499,99.8944,6,1.9044,255,255,1
nd1S05881,Right,592039.tiff,63,118.7795,29,93,100,32,99,5.2485,99.9504,71,2.2419,255,255,0
nd1S05881,Right,676906.tiff,66,115.6574,30,94,100,33,81,5.4363,99.9468,40,2.0507,255,255,0
nd1S05881,Right,695988.tiff,56,119.1344,32,96,100,22,71,5.301,99.9689,30,1.4319,255,255,12
nd1S05881,Right,695998.tiff,70,132.7012,32,95,100,36,98,5.3807,99.9481,46,1.1534,255,255,35
nd1S05881,Right,701655.tiff,75,122.9173,36,99,100,20,57,3.6413,99.9491,63,2.2683,255,255,0
nd1S05881,Right,710752.tiff,65,68.783,39,84,100,3,40,3.1055,99.9002,0,2.1307,255,255,0
nd1S05881,Right,710753.tiff,52,78.7752,36,88,100,0,50,3.8923,255,4,2.0221,255,255,255
nd1S05881,Right,710755.tiff,57,80.4863,30,89,100,12,54,4.2683,255,6,2.2297,255,255,255
nd1S05881,Right,765353.tiff,47,57.6819,39,88,100,7,0,3.3383,255,0,1.6445,255,255,255
nd1S05881,Right,765389.tiff,74,67.1941,39,94,100,10,51,4.4907,99.8749,5,1.9593,255,255,0
nd1S05881,Right,768628.tiff,64,123.6597,42,98,100,19,54,4.148,255,36,2.9798,255,255,255
nd1S05881,Right,796307.tiff,58,60.7774,38,91,100,7,4,3.5955,99.8553,1,1.7682,255,255,0
nd1S05881,Right,796312.tiff,43,68.1689,36,89,100,9,0,4.4003,99.8532,7,2.118,255,255,0
nd1S05881,Right,796896.tiff,76,130.3883,34,95,100,34,99,5.212,99.9549,18,1.3421,255,255,10
nd1S05881,Right,817484.tiff,72,130.3463,41,97,100,21,48,4.2093,99.8948,29,7.8846,255,255,0
nd1S05881,Right,870726.tiff,73,135.319,40,94,100,20,66,4.9075,99.9508,76,4.7389,255,255,0
nd1S05881,Right,906919.tiff,71,124.2048,37,99,100,17,39,4.3861,99.9545,48,1.7019,255,255,10
nd1S05881,Right,968085.tiff,57,47.9399,29,61,100,14,255,4.3073,255,0,1.5652,255,255,255
nd1S05881,Right,996369.tiff,73,142.45,34,96,100,27,96,5.3872,99.9434,72,1.1367,255,255,56
nd1S05884,Left,396744.tiff,86,114.675,44,96,100,13,99,5.4061,99.9362,53,1.5537,255,255,21
nd1S05884,Left,396755.tiff,36,111.0001,47,98,100,21,86,5.1038,99.9175,67,1.5173,255,255,14
nd1S05884,Left,398978.tiff,86,132.0053,48,96,100,10,83,5.7557,99.931,68,2.1441,255,255,0
nd1S05884,Left,411844.tiff,65,114.4309,45,99,100,21,99,4.8407,99.9055,64,1.8492,255,255,7
nd1S05884,Left,428259.tiff,68,113.6979,42,98,100,26,99,5.3635,99.8323,66,1.7653,255,255,13
nd1S05884,Left,428264.tiff,70,117.9427,55,85,100,15,99,4.8854,89.1075,10,1.3042,255,255,5
nd1S05884,Left,451468.tiff,16,112.1934,43,96,100,42,14,5.4115,99.7459,60,1.8973,255,255,1
nd1S05884,Left,511373.tiff,77,106.0378,41,94,100,11,59,4.9153,99.9157,47,2.118,255,255,0
nd1S05884,Left,513632.tiff,29,116.3192,48,98,100,16,75,5.1807,99.5244,40,1.4395,255,255,8
nd1S05884,Left,540468.tiff,44,115.9924,48,98,100,12,93,5.1541,99.8694,76,1.3353,255,255,27
nd1S05884,Left,554259.tiff,84,111.637,41,97,100,21,73,5.0584,99.911,60,1.8012,255,255,10
nd1S05884,Left,603290.tiff,23,111.2242,40,99,100,25,255,5.2755,255,2,255,255,255,255
nd1S05884,Left,603292.tiff,57,112.3183,46,97,100,16,99,4.8483,95.3422,44,1.8353,255,255,5
nd1S05889,Left,1014981.tiff,31,139.1544,37,94,100,43,39,5.3339,99.8666,73,1.413,255,255,17
nd1S05889,Left,1017025.tiff,85,57.4391,33,93,100,14,25,3.7775,99.892,1,1.183,255,255,0
nd1S05889,Left,1017036.tiff,80,64.7512,34,97,100,19,25,4.4861,99.8162,1,1.7739,255,255,0
nd1S05889,Left,1020225.tiff,77,115.7639,37,95,100,33,64,5.1972,99.9284,80,2.868,255,255,0
nd1S05889,Left,1039554.tiff,72,119.1352,34,95,100,54,98,4.8741,99.9781,82,2.0818,255,255,0
nd1S05889,Left,1041270.tiff,74,57.4595,31,96,100,12,27,3.6754,99.8436,1,1.1659,255,255,0
nd1S05889,Left,1041279.tiff,59,66.0404,31,88,100,14,40,4.6637,99.8254,11,1.9956,255,255,0
nd1S05889,Left,1042092.tiff,75,115.9724,33,94,100,31,62,5.2155,99.9489,82,2.8254,255,255,0
nd1S05889,Left,1062873.tiff,61,56.8049,33,93,100,17,2,4.0119,99.1541,1,1.4964,255,255,0
nd1S05889,Left,1062883.tiff,72,67.2141,32,94,100,18,9,4.945,99.83,13,2.1268,255,255,0
nd1S05889,Left,1111241.tiff,37,102.0094,33,95,100,63,0,4.669,99.8829,15,1.3458,255,255,4
nd1S05889,Left,1112371.tiff,80,109.6779,32,95,100,33,66,5.2148,99.9596,88,2.9608,255,255,0
nd1S05889,Left,1113163.tiff,63,57.5845,31,96,100,12,25,3.7596,99.8421,1,1.9742,255,255,0
nd1S05889,Left,1113168.tiff,67,56.9344,28,92,100,12,26,3.6602,99.9082,1,1.927,255,255,0
nd1S05889,Left,1113182.tiff,86,67.1955,30,90,100,19,13,4.5439,99.9158,11,2.3669,255,255,0
nd1S05889,Left,1133470.tiff,66,114.4564,37,95,100,56,73,4.8346,99.9694,44,2.192,255,255,0
nd1S05889,Left,1134020.tiff,68,117.3047,33,94,100,37,60,4.9931,99.6421,44,1.0982,255,255,32
nd1S05889,Left,1134533.tiff,80,117.0694,35,93,100,35,68,5.1053,99.9373,87,2.8228,255,255,0
nd1S05889,Left,1135287.tiff,55,49.3188,46,57,100,18,2,4.4014,255,1,1.5318,255,255,255
nd1S05889,Left,1135288.tiff,78,57.5766,32,96,100,13,27,3.6617,99.8661,2,1.1239,255,255,1
nd1S05889,Left,1135296.tiff,29,48.3988,36,66,100,20,4,4.6578,92.689,11,2.0224,255,255,0
nd1S05889,Left,1135299.tiff,60,67.2291,31,90,100,15,39,4.2626,99.8955,2,1.6214,255,255,0
nd1S05889,Left,398339.tiff,1,113.771,48,95,71,255,255,4.7854,255,79,1.1769,255,255,255
nd1S05889,Left,421661.tiff,23,119.7936,47,95,100,48,0,5.527,255,83,1.0887,255,255,255
nd1S05889,Left,422722.tiff,69,117.2148,47,95,100,26,66,5.7053,99.9143,86,255,255,255,255
nd1S05889,Left,429227.tiff,65,117.888,46,95,62,42,99,5.7762,99.916,82,1.0372,255,255,55
nd1S05889,Left,696626.tiff,38,109.8727,32,96,100,33,2,4.7559,99.9233,10,1.1926,255,255,3
nd1S05889,Left,696628.tiff,55,135.5506,34,94,100,31,94,5.4469,99.9511,78,1.3135,255,255,38
nd1S05889,Left,708900.tiff,75,119.7032,37,94,100,45,99,5.1712,99.9075,60,1.9125,255,255,5
nd1S05889,Left,724452.tiff,73,58.5266,35,97,100,14,28,3.7734,99.8412,1,1.9464,255,255,0
nd1S05889,Left,728774.tiff,72,116.1424,41,95,100,47,98,5.0426,99.9707,32,1.1019,255,255,24
nd1S05889,Left,732523.tiff,76,125.0681,41,94,100,26,59,5.3479,99.9384,86,2.6151,255,255,0
nd1S05889,Left,791798.tiff,76,60.2618,35,99,100,15,28,3.6452,99.841,1,2.1449,255,255,0
nd1S05889,Left,791810.tiff,86,66.5391,37,86,100,17,38,4.2141,99.8086,8,1.9647,255,255,0
nd1S05889,Left,822921.tiff,37,125.0641,35,95,100,44,0,5.0233,99.9681,44,1.6914,255,255,6
nd1S05889,Left,827909.tiff,42,61.0738,42,88,100,19,2,4.6976,255,4,2.3024,255,255,255
nd1S05889,Left,868791.tiff,61,67.7963,36,97,100,18,11,4.5237,99.864,3,2.2106,255,255,0
nd1S05889,Left,871050.tiff,66,119.8607,43,94,100,37,57,5.4906,44.0118,81,255,255,255,255
nd1S05889,Left,969902.tiff,87,57.6583,32,89,100,14,8,3.7733,99.9429,2,1.323,255,255,1
nd1S05889,Left,971177.tiff,62,132.744,38,94,100,37,17,5.2609,99.9106,81,1.733,255,255,17
nd1S05889,Right,1017028.tiff,47,55.0566,36,83,100,11,30,3.7687,98.9937,1,1.8754,255,255,0
nd1S05889,Right,1064845.tiff,88,126.611,36,94,100,48,98,5.1465,99.9047,49,1.9606,255,255,2
nd1S05889,Right,1134536.tiff,75,116.1247,34,93,100,27,69,4.9941,99.969,75,3.2966,255,255,0
nd1S05889,Right,1135289.tiff,41,61.6688,32,87,100,18,0,4.4679,255,8,1.0694,255,255,255
nd1S05889,Right,1135295.tiff,72,65.4966,33,82,100,14,44,4.7314,99.9382,13,1.6076,255,255,3
nd1S05889,Right,696632.tiff,81,136.0888,33,92,100,44,99,5.4523,99.9425,50,1.4328,255,255,26
nd1S05889,Right,708894.tiff,27,105.5643,37,93,100,10,0,3.7033,99.7027,2,2.2489,255,255,0
nd1S05889,Right,708905.tiff,63,113.4557,42,91,100,30,61,5.4755,255,39,1.497,255,255,255
nd1S05889,Right,754795.tiff,51,125.5981,43,95,100,31,53,5.0219,255,86,4.2632,255,255,255
nd1S05889,Right,758078.tiff,55,120.3139,37,93,100,26,91,5.3664,99.9576,29,1.8752,255,255,3
nd1S05889,Right,800487.tiff,80,119.9755,43,95,100,25,59,5.065,99.919,85,4.147,255,255,0
nd1S05889,Right,830249.tiff,70,126.6829,44,94,100,22,54,4.5757,99.9081,71,4.6941,255,255,0
nd1S05889,Right,868790.tiff,72,54.6116,43,76,100,9,32,3.4653,99.9251,0,2.2563,255,255,0
nd1S05932,Left,1034558.tiff,64,59.0072,33,84,100,10,28,4.202,99.9274,0,1.7031,255,255,0
nd1S05932,Left,1057844.tiff,20,51.0545,44,85,100,12,0,4.0478,99.5431,0,1.2803,255,255,0
nd1S05932,Left,1057853.tiff,37,65.3911,9,75,100,23,255,5.3273,255,5,1.1037,255,255,255
nd1S05932,Left,1059094.tiff,37,120.7028,34,91,100,26,0,5.332,99.9034,23,1.9105,255,255,1
nd1S05932,Left,1111610.tiff,87,118.7908,33,93,100,51,98,5.2998,99.9468,46,2.4092,255,255,0
nd1S05932,Left,415384.tiff,29,120.6905,53,93,100,22,56,5.7511,99.6918,76,1.1838,255,255,25
nd1S05932,Left,415386.tiff,30,115.2415,55,95,100,30,86,5.9244,255,50,1.6738,255,255,255
nd1S05932,Left,415388.tiff,28,121.3335,54,91,100,29,56,5.7261,99.7217,74,1.0907,255,255,26
nd1S05932,Left,415396.tiff,68,115.3509,49,93,100,32,99,5.5423,99.7231,37,2.1122,255,255,0
nd1S05932,Left,415398.tiff,59,119.9929,48,93,100,35,99,5.9031,255,6,1.9634,255,255,255
nd1S05932,Left,415403.tiff,70,114.0155,49,91,20,42,98,5.5306,99.6483,23,1.0405,255,255,5
nd1S05932,Left,415405.tiff,30,117.427,49,93,92,32,28,5.5087,99.6843,5,1.1317,255,255,2
nd1S05932,Left,415409.tiff,26,112.0886,50,92,57,31,0,5.582,99.6997,37,1.7207,255,255,3
nd1S05932,Left,417657.tiff,65,119.2378,52,95,100,35,71,5.9799,99.9104,63,2.2253,255,255,0
nd1S05932,Left,452274.tiff,43,125.108,55,94,100,29,97,5.6299,99.8209,6,1.8035,255,255,1
nd1S05932,Left,452275.tiff,26,120.3419,55,95,100,25,17,5.4907,255,37,2.0153,255,255,255
nd1S05932,Left,452276.tiff,92,117.6137,57,94,100,29,99,5.5954,99.8444,37,1.893,255,255,4
nd1S05932,Left,452277.tiff,79,125.5859,57,92,100,31,99,5.4067,99.7895,8,1.8691,255,255,1
nd1S05932,Left,452284.tiff,31,125.4424,58,94,100,22,91,5.6061,77.8641,6,1.8219,255,255,0
nd1S05932,Left,452901.tiff,73,116.9349,53,94,100,26,71,5.6927,99.8688,65,3.6136,255,255,0
nd1S05932,Left,676916.tiff,30,115.3945,38,94,100,3,9,5.7484,99.9523,23,2.0344,255,255,0
nd1S05932,Left,676918.tiff,38,116.3374,39,94,100,24,0,5.0555,99.92,12,1.1576,255,255,5
nd1S05932,Left,676920.tiff,37,119.3136,37,92,100,24,2,5.1519,99.9503,14,1.3054,255,255,4
nd1S05932,Left,683999.tiff,95,124.9147,45,92,100,28,65,5.8415,99.9077,66,3.0036,255,255,0
nd1S05932,Left,684005.tiff,32,108.2447,34,93,100,14,0,5.7117,99.9507,8,2.1987,255,255,0
nd1S05932,Left,694454.tiff,40,108.3804,36,91,100,26,3,5.2986,99.9764,6,1.7041,255,255,1
nd1S05932,Left,694458.tiff,72,133.9008,30,91,100,38,96,5.6771,99.9227,51,2.0818,255,255,0
nd1S05932,Left,701174.tiff,76,125.1664,49,91,100,24,55,4.7972,99.9236,47,3.8582,255,255,0
nd1S05932,Left,941470.tiff,70,65.3176,34,94,100,17,37,5.1176,99.929,3,1.368,255,255,1
nd1S05932,Left,941478.tiff,72,66.0344,34,94,100,17,37,5.1146,99.9372,1,1.3305,255,255,0
nd1S05932,Left,996238.tiff,64,140.3688,39,91,100,47,99,5.5247,99.8417,48,2.184,255,255,0
nd1S05932,Left,996717.tiff,39,111.1602,32,92,100,28,2,5.296,99.9541,7,1.7699,255,255,1
nd1S05953,Right,1085105.tiff,89,111.2966,33,93,100,34,56,5.218,99.9602,87,4.2782,255,255,0
nd1S05953,Right,1111501.tiff,42,127.7051,34,93,100,58,28,5.2946,99.9628,35,1.3245,255,255,13
nd1S05953,Right,1112016.tiff,57,117.2139,35,92,100,19,0,5.3194,99.9551,22,1.1396,255,255,14
nd1S05953,Right,1112820.tiff,96,120.5032,32,92,100,27,63,5.3728,99.9643,83,3.6425,255,255,0
nd1S05953,Right,1113743.tiff,79,58.6683,42,93,100,9,22,3.9529,99.8728,1,2.0926,255,255,0
nd1S05953,Right,1113754.tiff,90,89.3697,33,92,100,18,39,5.0591,99.8939,18,1.0463,255,255,14
nd1S05953,Right,1113757.tiff,87,71.2492,38,91,100,15,37,5.0849,99.8542,8,1.8381,255,255,1
nd1S05953,Right,1129971.tiff,78,60.98,37,90,100,12,0,4.0601,99.8937,0,2.1901,255,255,0
nd1S05953,Right,1129981.tiff,63,64.2928,37,85,100,17,7,5.297,255,1,2.2063,255,255,255
nd1S05953,Right,1129982.tiff,83,66.2442,34,88,100,17,38,5.2829,99.871,9,2.1886,255,255,0
nd1S05953,Right,1130245.tiff,89,122.0289,33,94,100,54,98,5.2645,99.9721,51,1.0467,255,255,43
nd1S05953,Right,1130937.tiff,78,116.1959,37,93,100,21,53,5.4873,99.9681,41,1.6743,255,255,12
nd1S05954,Left,1090695.tiff,24,106.98,44,98,100,38,0,5.3779,99.6923,3,1.3773,255,255,1
nd1S05954,Left,1091834.tiff,88,128.6236,45,97,100,31,59,5.9646,99.907,79,3.9407,255,255,0
nd1S05954,Left,1091837.tiff,87,123.2953,43,97,100,42,62,6.111,99.8692,86,2.8442,255,255,0
nd1S05954,Left,1111561.tiff,72,120.9255,38,97,100,48,79,5.3088,99.9118,60,1.7204,255,255,15
nd1S05954,Left,1112077.tiff,31,112.4821,44,99,100,18,7,5.5065,99.7555,20,1.4524,255,255,4
nd1S05954,Left,1112908.tiff,56,115.6504,44,98,100,43,56,5.9727,99.8358,80,255,255,255,255
nd1S05954,Left,1112911.tiff,77,114.4581,44,97,100,36,58,5.8483,99.9469,79,4.0322,255,255,0
nd1S05954,Left,1113883.tiff,62,55.5253,37,96,100,13,11,4.5501,99.8221,0,1.5515,255,255,0
nd1S05954,Left,1113893.tiff,70,64.58,42,95,100,16,37,5.5213,99.8061,12,1.3073,255,255,6
nd1S05954,Left,1130310.tiff,18,136.0008,46,97,100,66,0,5.387,99.7883,47,1.3064,255,255,8
nd1S05954,Left,1130440.tiff,67,53.6472,38,97,100,13,21,4.3657,99.8814,1,1.2216,255,255,0
nd1S05954,Left,1130453.tiff,75,50.8286,40,90,100,12,22,4.3152,99.3442,0,1.1965,255,255,0
nd1S05954,Left,1130566.tiff,33,64.78,41,96,100,24,3,5.3946,99.7581,5,1.4901,255,255,1
nd1S05954,Left,1130985.tiff,36,112.6748,49,95,100,30,42,5.3028,255,17,1.2431,255,255,255
nd1S05954,Left,1131737.tiff,85,125.0707,47,95,100,32,59,5.8936,99.9161,61,1.9677,255,255,2
nd1S05954,Left,1131742.tiff,72,125.8164,51,94,100,39,62,5.8447,99.6625,84,255,255,255,255
nd1S05954,Left,1131744.tiff,69,122.0986,50,95,100,39,63,5.9878,99.8245,83,255,255,255,255
nd1S05954,Right,1091838.tiff,80,124.275,47,95,100,35,64,5.8855,99.9754,84,4.0668,255,255,0
nd1S05954,Right,1091839.tiff,81,128.7145,47,96,100,31,64,5.6937,99.8358,83,4.2339,255,255,0
nd1S05954,Right,1091840.tiff,83,123.3225,46,96,100,41,65,6.0718,99.8742,85,3.9779,255,255,0
nd1S05954,Right,1091841.tiff,80,122.2971,48,94,100,31,59,5.5341,99.955,87,255,255,255,255
nd1S05954,Right,1091842.tiff,78,128.3237,48,96,100,30,59,5.2642,99.8216,84,4.3017,255,255,0
nd1S05954,Right,1091843.tiff,82,123.1046,46,95,100,34,60,5.7465,99.8869,86,255,255,255,255
nd1S05954,Right,1111565.tiff,72,121.1095,35,97,100,45,83,5.362,99.9549,54,1.7244,255,255,13
nd1S05954,Right,1112078.tiff,42,111.2184,41,97,100,17,10,5.6635,99.928,34,1.9241,255,255,1
nd1S05954,Right,1112082.tiff,42,114.2004,37,96,100,19,8,5.708,99.9783,49,1.8438,255,255,4
nd1S05954,Right,1112917.tiff,80,115.4601,39,95,100,26,62,5.6245,99.9595,83,4.0361,255,255,0
nd1S05954,Right,1112921.tiff,79,115.9272,40,95,100,29,58,5.3621,99.9366,86,255,255,255,255
nd1S05954,Right,1112923.tiff,77,120.5788,40,96,100,28,60,5.336,99.9292,86,255,255,255,255
nd1S05954,Right,1112925.tiff,65,115.3824,46,95,100,30,57,5.2329,99.9662,83,255,255,255,255
nd1S05954,Right,1113888.tiff,41,54.4181,33,83,100,11,2,4.1973,99.635,0,2.2362,255,255,0
nd1S05954,Right,1113891.tiff,75,52.2582,40,84,100,10,4,4.5049,99.4725,0,2.2062,255,255,0
nd1S05954,Right,1113892.tiff,54,53.7604,36,89,100,10,4,4.3745,99.6637,0,2.0832,255,255,0
nd1S05954,Right,1113898.tiff,51,64.8282,41,91,100,14,8,5.3921,99.8675,14,1.5094,255,255,4
nd1S05954,Right,1113899.tiff,38,65.875,37,90,100,16,3,5.2987,99.863,9,1.6768,255,255,1
nd1S05954,Right,1130314.tiff,35,114.0785,43,95,100,53,55,5.2583,255,38,2.4718,255,255,255
nd1S05954,Right,1130315.tiff,33,115.4764,40,94,100,54,45,5.3738,255,38,2.5005,255,255,255
nd1S05954,Right,1130422.tiff,45,50.6558,41,79,100,12,2,4.3494,99.5634,0,1.7713,255,255,0
nd1S05954,Right,1130425.tiff,76,46.1966,52,66,100,6,17,4.1436,99.1286,0,1.8988,255,255,0
nd1S05954,Right,1130429.tiff,83,51.9459,42,85,100,14,20,4.3691,99.8447,1,1.8988,255,255,0
nd1S05954,Right,1130432.tiff,64,48.0899,53,69,100,10,4,4.2101,99.1403,1,1.8725,255,255,0
nd1S05954,Right,1130546.tiff,35,65.933,36,93,100,24,0,5.3896,98.8105,8,1.908,255,255,0
nd1S05954,Right,1130550.tiff,44,65.5358,38,93,100,19,5,5.5998,99.5872,9,1.9818,255,255,0
nd1S05954,Right,1130982.tiff,31,111.6695,47,97,100,24,10,5.5758,82.748,18,1.9426,255,255,0
nd1S05954,Right,1130984.tiff,40,110.3638,44,97,100,28,49,5.2988,99.8783,18,1.3828,255,255,6
nd1S05954,Right,1130986.tiff,26,107.5548,43,93,100,31,25,4.9881,89.0272,9,1.9635,255,255,0
nd1S05954,Right,1131745.tiff,70,126.742,45,96,100,31,65,5.5857,99.9085,77,4.2563,255,255,0
nd1S05954,Right,1131747.tiff,71,119.0921,48,94,100,30,65,5.6168,99.9441,77,4.3765,255,255,0
nd1S05954,Right,1131749.tiff,70,126.3246,45,96,100,29,60,5.3439,99.9383,79,4.389,255,255,0
nd1S05954,Right,1131750.tiff,73,127.1774,47,95,100,29,60,5.3123,99.959,79,4.3433,255,255,0
nd1S05954,Right,1131751.tiff,68,118.7075,48,97,100,30,58,5.4338,99.9386,80,4.2059,255,255,0
nd1S05956,Right,1018701.tiff,38,74.7099,32,60,100,20,27,4.3036,99.7184,0,1.7377,255,255,0
nd1S05956,Right,1019528.tiff,41,143.5193,34,92,100,43,0,5.4438,99.9674,69,1.0494,255,255,35
nd1S05956,Right,1021046.tiff,34,109.8957,34,88,100,27,55,5.2798,61.9803,71,255,255,255,255
nd1S05956,Right,1088009.tiff,51,130.8714,32,91,100,42,57,5.1273,255,90,255,255,255,255
nd1S05956,Right,1107763.tiff,63,66.9501,34,92,100,25,22,5.4771,99.4295,4,1.4824,255,255,1
nd1S05956,Right,1108933.tiff,56,120.8057,33,94,100,54,87,5.0367,59.2953,51,1.2037,255,255,16
nd1S05956,Right,1130462.tiff,62,138.702,33,95,100,54,91,5.1423,99.8882,50,1.2099,255,255,30
nd1S05956,Right,1131962.tiff,73,124.1263,33,93,100,30,54,4.8517,99.9559,82,4.1442,255,255,0
nd1S05956,Right,1132575.tiff,66,66.8044,33,89,100,20,38,5.1967,99.9245,8,1.1693,255,255,4
nd1S05956,Right,429080.tiff,40,115.8658,41,92,100,47,95,5.9526,255,9,255,255,255,255
nd1S05956,Right,429082.tiff,51,63.5119,66,30,100,18,91,5.4169,55.6512,50,1.1857,255,255,4
nd1S05956,Right,451191.tiff,33,118.6803,51,93,100,48,60,5.3299,255,11,1.4576,255,255,255
nd1S05956,Right,451192.tiff,0,37.6156,60,0,100,78,255,255,255,50,1.4411,255,255,255
nd1S05956,Right,517796.tiff,40,121.1022,39,93,100,28,57,5.9379,99.8884,7,1.1571,255,255,3
nd1S05956,Right,519411.tiff,23,115.7254,48,85,100,48,0,5.5566,255,40,1.3258,255,255,255
nd1S05956,Right,519413.tiff,1,86.4192,43,78,100,255,255,2.8731,255,33,1.526,255,255,255
nd1S05956,Right,523670.tiff,63,119.963,34,86,100,30,48,5.1362,99.6713,89,4.1949,255,255,0
nd1S05956,Right,546499.tiff,78,119.6686,42,92,100,31,50,5.2915,99.9222,82,1.9817,255,255,1
nd1S05956,Right,560766.tiff,38,115.0286,31,86,100,40,255,5.6938,255,12,255,255,255,255
nd1S05956,Right,675834.tiff,22,107.9154,36,94,100,30,0,5.2093,99.9386,15,1.8723,255,255,1
nd1S05956,Right,675840.tiff,54,137.469,34,93,100,27,0,5.3302,99.9607,82,1.2575,255,255,42
nd1S05957,Left,608691.tiff,46,116.8273,37,92,100,38,17,5.3855,99.7234,11,1.0525,255,255,6
nd1S05957,Left,938340.tiff,75,111.0159,34,93,100,39,80,5.1737,99.936,65,1.0703,255,255,52
nd1S05957,Left,939404.tiff,82,120.3342,34,93,100,31,45,5.1146,99.9125,89,2.7554,255,255,0
nd1S05957,Left,941407.tiff,88,56.7963,35,98,100,13,22,3.7114,99.7689,1,1.599,255,255,0
nd1S05957,Left,969454.tiff,77,68.4265,34,91,100,15,8,4.7031,99.8745,1,1.5545,255,255,0
nd1S05957,Left,970878.tiff,86,60.5391,38,95,100,15,18,3.8415,99.8868,0,1.2013,255,255,0
nd1S05957,Left,971738.tiff,74,136.9883,34,93,100,36,84,5.137,99.887,49,1.3724,255,255,26
nd1S05957,Left,972469.tiff,72,112.4737,33,93,100,30,50,4.594,99.9727,10,1.0312,255,255,7
nd1S05957,Left,972473.tiff,27,110.8168,34,94,100,33,0,4.9255,255,19,1.2586,255,255,255
nd1S05957,Left,973624.tiff,86,121.9381,36,93,100,34,54,5.1166,99.9355,86,4.2514,255,255,0
nd1S05957,Right,431975.tiff,60,116.6146,53,93,100,35,90,5.4172,99.7717,83,1.5679,255,255,28
nd1S05957,Right,431977.tiff,19,115.7976,55,95,100,57,0,5.5612,99.8054,64,1.2286,255,255,12
nd1S05957,Right,431986.tiff,67,120.1525,51,93,100,32,61,5.767,99.5301,75,1.5487,255,255,31
nd1S05957,Right,431992.tiff,73,118.5383,53,95,100,31,65,5.884,99.5551,80,1.4643,255,255,42
nd1S05957,Right,511126.tiff,87,121.0798,44,93,100,32,48,4.6558,99.9381,74,1.778,255,255,13
nd1S05957,Right,511135.tiff,76,121.5036,45,93,100,26,38,4.9683,99.9432,81,1.9186,255,255,5
nd1S05957,Right,529348.tiff,79,111.3182,47,94,100,29,36,4.7093,99.9142,55,1.939,255,255,3
nd1S05957,Right,529986.tiff,72,115.5463,49,92,100,55,98,5.0174,99.5494,8,1.2986,255,255,5
nd1S05957,Right,560672.tiff,36,112.8762,46,92,100,40,33,6.0129,255,12,255,255,255,255
nd1S05957,Right,938342.tiff,67,111.2502,37,94,100,32,41,5.1395,99.8985,55,1.1445,255,255,39
nd1S05957,Right,938345.tiff,83,111.2104,40,94,100,40,86,5.3243,99.8132,55,1.1428,255,255,42
nd1S05957,Right,941411.tiff,56,65.6104,48,67,100,11,4,4.1839,97.0308,1,1.4444,255,255,0
nd1S05957,Right,941413.tiff,90,68.19,33,92,100,17,17,4.5934,99.9151,3,1.6427,255,255,1
nd1S05957,Right,971739.tiff,80,137.5608,35,92,100,43,93,5.1913,99.9404,54,1.2767,255,255,34
nd1S05957,Right,973630.tiff,89,121.4674,33,94,100,33,50,4.8662,99.8623,85,4.1002,255,255,0
nd1S05963,Left,1034933.tiff,38,68.9624,32,93,100,8,20,4.1296,53.129,1,1.4033,255,255,0
nd1S05963,Left,1065395.tiff,71,124.6854,35,90,100,46,98,4.9185,99.8913,57,1.2517,255,255,35
nd1S05963,Left,1082033.tiff,0,27.2349,33,100,100,255,255,255,100,0,1.0628,255,255,255
nd1S05963,Left,1127879.tiff,83,127.5887,31,92,100,30,67,4.6001,99.9105,32,255,255,255,255
nd1S05963,Left,1128828.tiff,53,56.1428,37,90,100,5,20,3.1046,99.8433,0,1.1156,255,255,0
nd1S05963,Left,1128842.tiff,28,70.4161,29,92,100,6,4,3.9734,99.8207,2,1.5955,255,255,0
nd1S05963,Left,443623.tiff,68,120.6816,49,91,100,29,76,5.4889,99.9228,85,2.5081,255,255,0
nd1S05963,Left,445861.tiff,32,113.5975,42,91,90,34,17,5.0509,99.7256,15,1.301,255,255,4
nd1S05963,Left,519784.tiff,81,119.4961,47,92,100,55,98,4.5724,99.8781,6,255,255,255,255
nd1S05963,Left,538532.tiff,69,121.1794,41,89,100,36,99,5.492,99.8352,12,1.0538,255,255,10
nd1S05963,Left,538541.tiff,28,120.3912,44,93,100,26,12,5.0188,99.8455,12,1.0538,255,255,4
nd1S05963,Left,611701.tiff,41,117.0992,35,91,100,25,33,5.2851,99.8537,9,1.0819,255,255,4
nd1S05963,Left,760639.tiff,24,65.3768,36,87,100,9,5,3.5025,99.4952,0,1.4647,255,255,0
nd1S05963,Right,1019589.tiff,53,111.365,34,89,100,40,96,5.0281,93.5664,56,1.0422,255,255,31
nd1S05963,Right,1021140.tiff,56,125.2999,35,89,100,31,63,4.3923,255,64,3.2835,255,255,255
nd1S05963,Right,1034936.tiff,67,66.7227,33,92,100,15,34,4.4696,99.7853,1,1.1605,255,255,0
nd1S05963,Right,1036068.tiff,69,129.9707,31,90,100,48,25,4.7871,99.9661,48,1.1959,255,255,30
nd1S05963,Right,1038071.tiff,77,121.1004,34,91,100,29,59,4.3153,99.9474,65,3.0184,255,255,0
nd1S05963,Right,1064175.tiff,13,42.0461,68,77,100,4,5,2.1944,255,0,1.6759,255,255,255
nd1S05963,Right,1065398.tiff,59,117.1593,33,91,100,46,92,4.5883,99.9049,49,1.2531,255,255,24
nd1S05963,Right,1110446.tiff,51,116.7298,32,92,100,29,62,4.507,255,74,4.7671,255,255,255
nd1S05963,Right,1126987.tiff,45,110.2998,33,90,100,27,3,5.3363,99.8797,42,1.6996,255,255,7
nd1S05963,Right,1127884.tiff,73,131.7602,33,92,100,27,64,4.3406,99.9402,63,3.6643,255,255,0
nd1S05963,Right,1128847.tiff,59,67.923,30,91,100,9,42,4.0501,99.9219,2,1.3341,255,255,1
nd1S05963,Right,433578.tiff,59,114.4195,47,88,100,47,98,4.4573,99.8539,31,1.1258,255,255,17
nd1S05963,Right,434294.tiff,67,111.8845,52,90,100,30,71,4.8814,99.0562,67,4.6084,255,255,0
nd1S05963,Right,442235.tiff,63,117.4231,46,89,66,44,98,4.4573,99.8353,12,1.2115,255,255,5
nd1S05963,Right,519797.tiff,44,123.7731,47,92,100,32,97,5.4826,255,6,1.2848,255,255,255
nd1S05963,Right,528336.tiff,26,119.0823,41,89,100,46,0,5.1465,99.6927,5,1.0225,255,255,2
nd1S05963,Right,586172.tiff,38,116.4945,25,77,100,27,255,4.0758,255,40,2.1373,255,255,255
nd1S05963,Right,586174.tiff,54,116.2716,38,91,100,25,56,4.3113,99.8872,47,1.832,255,255,4
nd1S05963,Right,603586.tiff,59,116.5346,32,88,100,38,99,5.7779,99.8989,17,255,255,255,255
nd1S05963,Right,603593.tiff,79,117.0299,36,88,100,39,99,5.2287,99.9581,75,1.3618,255,255,41
nd1S05963,Right,674883.tiff,72,124.6181,46,91,100,28,61,4.5161,99.9491,79,4.7885,255,255,0
nd1S05963,Right,705027.tiff,62,120.4184,36,92,100,24,47,4.3151,99.794,64,7.0198,255,255,0
nd1S05963,Right,760643.tiff,19,54.7543,52,72,100,4,0,2.8852,255,0,1.2441,255,255,255
nd1S05963,Right,938832.tiff,39,116.4814,29,91,100,11,25,5.4692,99.9218,39,1.5218,255,255,9
nd1S05970,Left,1064369.tiff,54,48.8035,43,73,100,5,7,3.9741,99.604,1,1.8981,255,255,0
nd1S05970,Left,1064378.tiff,63,66.1341,36,88,100,13,5,4.8754,73.9601,8,1.9398,255,255,0
nd1S05970,Left,1065465.tiff,34,132.8402,36,98,100,29,4,4.839,99.982,67,1.1181,255,255,23
nd1S05970,Left,1090645.tiff,21,121.9353,32,97,100,24,0,5.0883,99.8666,27,1.6914,255,255,2
nd1S05970,Left,1107975.tiff,62,79.6786,36,92,100,9,4,4.5596,99.5485,8,2.0742,255,255,0
nd1S05970,Left,1204108.tiff,83,142.9684,33,98,100,33,99,5.142,99.9725,42,1.1658,255,255,30
nd1S05970,Left,441112.tiff,55,135.5515,43,93,76,28,99,5.1596,255,63,1.3015,255,255,255
nd1S05970,Left,441120.tiff,19,138.0716,42,93,40,16,0,5.9508,255,11,1.5734,255,255,255
nd1S05970,Left,443361.tiff,69,143.1002,45,97,100,29,82,5.7329,99.6712,89,2.4177,255,255,0
nd1S05970,Left,515461.tiff,47,142.102,37,90,100,27,45,5.287,99.4263,7,1.4606,255,255,2
nd1S05970,Left,515466.tiff,44,138.2297,38,93,100,22,23,5.0502,85.2007,9,1.2489,255,255,3
nd1S05970,Left,520596.tiff,40,133.4424,40,95,77,21,72,5.0342,99.8616,10,1.6019,255,255,2
nd1S05970,Left,520602.tiff,14,131.3227,38,93,100,9,255,5.3462,99.7337,25,1.8001,255,255,255
nd1S05970,Left,520603.tiff,14,134.6906,38,94,100,7,0,5.1811,99.9264,17,1.6952,255,255,1
nd1S05970,Left,523951.tiff,62,119.6318,37,95,100,23,68,5.1448,99.903,60,2.0694,255,255,0
nd1S05970,Left,558762.tiff,37,132.8485,38,95,100,19,34,4.8845,99.841,6,1.188,255,255,2
nd1S05970,Left,580593.tiff,39,130.329,47,91,100,20,99,5.4638,255,58,1.1499,255,255,255
nd1S05970,Left,586561.tiff,65,146.8359,39,99,100,20,76,5.3155,99.9576,66,1.806,255,255,11
nd1S05970,Left,590162.tiff,17,130.1296,37,92,100,35,255,5.7313,99.8639,90,1.2548,255,255,255
nd1S05970,Left,602705.tiff,5,123.5484,37,96,100,76,255,5.8112,255,79,1.7793,255,255,255
nd1S05970,Left,602708.tiff,2,130.4593,35,93,83,255,255,5.8505,99.9279,51,255,255,255,255
nd1S05970,Left,675521.tiff,82,139.4487,38,97,100,21,74,5.5626,99.9277,89,4.0698,255,255,0
nd1S05970,Left,683407.tiff,28,128.047,31,95,100,17,8,4.916,99.9671,15,1.6261,255,255,2
nd1S05970,Left,701360.tiff,69,131.9787,36,96,100,21,63,4.4427,99.9452,43,3.2404,255,255,0
nd1S05970,Left,724272.tiff,62,39.4123,74,50,100,0,32,3.0799,255,0,1.9714,255,255,255
nd1S05970,Left,724282.tiff,55,71.2543,36,96,100,6,2,4.1506,99.9141,5,1.4933,255,255,1
nd1S05970,Left,823834.tiff,14,128.4714,36,95,100,26,255,5.3953,99.9013,27,1.307,255,255,255
nd1S05970,Left,825679.tiff,46,76.9743,40,90,100,7,0,3.1725,99.8801,0,1.3901,255,255,0
nd1S05970,Left,825715.tiff,53,89.3366,35,92,100,7,2,4.0591,99.8244,1,1.2216,255,255,0
nd1S05970,Left,828475.tiff,70,120.5491,37,97,100,18,57,4.5875,99.9528,40,255,255,255,255
nd1S05970,Left,828476.tiff,74,117.5207,38,97,100,18,53,4.1408,99.9269,31,255,255,255,255
nd1S05970,Left,828480.tiff,70,121.5755,36,96,100,19,53,4.2344,99.934,32,2.804,255,255,0
nd1S05970,Left,944847.tiff,27,123.8734,33,96,100,15,22,5.3698,99.9462,27,1.4554,255,255,5
nd1S05970,Right,1088822.tiff,48,51.7712,47,72,100,6,2,3.3385,255,1,1.0319,255,255,255
nd1S05970,Right,1090648.tiff,54,120.1622,31,95,100,24,56,5.2055,255,38,1.6063,255,255,255
nd1S05970,Right,1203727.tiff,41,124.4992,42,94,100,24,92,5.1567,255,36,2.4374,255,255,255
nd1S05970,Right,441124.tiff,42,130.2733,50,95,100,24,99,5.3748,255,95,1.9625,255,255,255
nd1S05970,Right,443364.tiff,50,124.354,48,94,100,23,80,5.1692,255,72,5.1668,255,255,255
nd1S05970,Right,512221.tiff,63,136.9303,37,98,100,19,58,4.7664,255,58,1.9245,255,255,255
nd1S05970,Right,515474.tiff,52,130.816,39,97,100,25,99,5.6618,255,90,2.7657,255,255,255
nd1S05970,Right,515475.tiff,79,133.9078,40,95,82,27,99,5.0251,99.8981,44,1.8471,255,255,6
nd1S05970,Right,515479.tiff,55,132.7278,39,94,100,26,99,5.3191,99.8682,49,1.698,255,255,10
nd1S05970,Right,515481.tiff,36,135.4559,41,93,100,20,31,5.0304,99.878,17,1.5885,255,255,3
nd1S05970,Right,520610.tiff,51,132.2178,41,96,67,28,99,5.9554,255,70,2.1448,255,255,255
nd1S05970,Right,520612.tiff,32,129.5105,41,95,83,23,42,5.338,99.9021,5,1.5935,255,255,1
nd1S05970,Right,539035.tiff,38,122.1989,46,98,100,21,99,5.3204,255,92,2.1045,255,255,255
nd1S05970,Right,539036.tiff,6,122.5767,44,92,35,40,255,4.7769,99.8718,30,1.138,255,255,255
nd1S05970,Right,539037.tiff,52,126.5968,46,96,5,29,99,5.5816,255,27,1.3791,255,255,255
nd1S05970,Right,539045.tiff,38,119.5125,46,94,100,21,96,5.4579,255,84,1.7156,255,255,255
nd1S05970,Right,539046.tiff,40,128.9538,45,93,100,33,99,5.5129,255,77,2.1995,255,255,255
nd1S05970,Right,558772.tiff,54,126.0224,36,95,94,29,14,5.6061,99.9338,86,1.644,255,255,22
nd1S05970,Right,558774.tiff,48,125.6778,40,98,88,26,69,5.758,255,87,1.8004,255,255,255
nd1S05970,Right,580600.tiff,45,114.7791,42,99,0,34,28,5.5974,255,86,1.4327,255,255,255
nd1S05970,Right,580605.tiff,40,118.4549,34,89,100,29,255,5.7911,255,21,255,255,255,255
nd1S05970,Right,580609.tiff,53,128.5067,34,94,100,21,34,5.2105,99.9038,93,1.8091,255,255,12
nd1S05970,Right,590178.tiff,30,122.1329,36,93,48,26,0,5.5068,99.9271,91,1.4978,255,255,11
nd1S05970,Right,590179.tiff,26,124.5555,38,96,94,33,0,6.0284,255,43,1.6795,255,255,255
nd1S05970,Right,590182.tiff,34,129.4477,38,92,100,31,5,5.8375,255,55,1.2722,255,255,255
nd1S05970,Right,590197.tiff,51,130.7622,31,91,100,38,99,5.2605,99.7518,37,1.7969,255,255,5
nd1S05970,Right,602714.tiff,2,120.8149,37,97,100,77,255,5.5864,255,94,2.46,255,255,255
nd1S05970,Right,602715.tiff,8,123.2677,36,92,100,60,255,6.1453,255,94,2.5069,255,255,255
nd1S05970,Right,602716.tiff,7,122.887,38,96,100,83,255,5.5373,255,83,2.5099,255,255,255
nd1S05970,Right,602717.tiff,46,121.9049,38,98,88,31,99,5.6937,255,89,1.2777,255,255,255
nd1S05970,Right,602718.tiff,50,120.5704,39,95,100,31,99,5.7618,255,93,1.5867,255,255,255
nd1S05970,Right,675530.tiff,31,115.6369,37,96,100,18,0,4.6082,255,9,1.213,255,255,255
nd1S05970,Right,683400.tiff,73,130.4848,38,95,100,19,71,4.8216,99.9734,80,4.6374,255,255,0
nd1S05970,Right,683410.tiff,33,114.3866,32,96,100,16,0,4.7999,255,8,1.0434,255,255,255
nd1S05970,Right,695018.tiff,22,123.4787,42,89,100,20,255,4.7606,255,41,1.6791,255,255,255
nd1S05970,Right,695023.tiff,78,132.8203,33,95,100,28,99,5.5098,99.9626,69,1.3878,255,255,39
nd1S05970,Right,701361.tiff,61,125.3614,39,95,100,18,56,3.6383,255,36,3.2177,255,255,255
nd1S05970,Right,724277.tiff,46,51.1242,55,70,100,5,3,3.4837,255,0,1.1526,255,255,255
nd1S05970,Right,724287.tiff,55,66.8765,39,88,100,6,2,4.5138,99.924,4,2.0598,255,255,0
nd1S05970,Right,825682.tiff,32,65.3688,55,62,100,3,5,3.0276,255,0,2.2349,255,255,255
nd1S05974,Left,1041792.tiff,59,132.7208,39,98,100,44,99,5.278,99.9004,70,2.7526,255,255,0
nd1S05974,Left,1081054.tiff,70,51.2811,37,87,100,13,18,3.9951,255,1,1.925,255,255,255
nd1S05974,Left,1084066.tiff,54,115.6625,43,86,100,29,70,4.7838,255,25,1.9226,255,255,255
nd1S05974,Left,1107902.tiff,45,64.0174,36,97,100,15,0,4.8425,99.3478,1,1.9377,255,255,0
nd1S05974,Left,1108981.tiff,47,136.6954,39,95,100,42,94,5.3087,255,81,2.09,255,255,255
nd1S05974,Left,1133879.tiff,22,122.1745,42,97,100,28,30,5.1976,99.7941,74,3.2044,255,255,0
nd1S05974,Left,1135163.tiff,70,120.134,40,96,100,31,73,5.3273,99.9237,76,3.759,255,255,0
nd1S05974,Left,1136206.tiff,60,61.8782,38,96,100,16,11,4.8521,99.742,4,1.9357,255,255,0
nd1S05974,Left,445484.tiff,28,118.2199,52,95,100,33,24,5.2986,99.9207,41,2.0508,255,255,0
nd1S05974,Left,553935.tiff,60,115.4323,45,96,100,28,68,4.6363,8.0121,74,4.4316,255,255,0
nd1S05974,Left,583455.tiff,39,120.5992,46,95,100,21,99,5.2118,255,18,1.6361,255,255,255
nd1S05974,Left,587728.tiff,35,117.5433,44,96,100,28,7,6.0568,255,18,1.1483,255,255,255
nd1S05974,Left,587729.tiff,35,122.8451,47,93,100,27,56,5.3335,255,6,1.054,255,255,255
nd1S05974,Left,710623.tiff,255,255,255,255,255,255,255,255,255,1,255,255,255,255
nd1S05974,Left,725206.tiff,46,63.074,53,84,100,17,12,4.5842,255,3,2.4589,255,255,255
nd1S05974,Left,729738.tiff,30,106.0152,44,95,100,34,0,4.955,255,20,1.2352,255,255,255
nd1S05974,Left,755114.tiff,47,126.8342,37,94,100,29,96,5.1625,99.9478,56,1.5302,255,255,15
nd1S05974,Left,756982.tiff,76,107.3439,55,96,100,22,53,4.4019,99.7395,57,3.5464,255,255,0
nd1S05974,Left,759536.tiff,63,50.4911,48,94,100,11,37,3.6669,98.589,0,1.7118,255,255,0
nd1S05974,Left,903749.tiff,60,54.637,44,88,100,12,5,3.3445,255,0,1.89,255,255,255
nd1S05974,Right,445497.tiff,58,119.2203,51,95,100,29,99,4.8929,255,40,2.1453,255,255,255
nd1S05974,Right,447840.tiff,78,134.5115,55,97,100,33,76,4.7818,99.8748,86,4.6768,255,255,0
nd1S05974,Right,511816.tiff,71,108.7427,38,98,100,26,64,4.481,99.9529,64,4.9015,255,255,0
nd1S05974,Right,511817.tiff,72,130.0486,46,97,100,27,58,4.8111,99.9312,62,2.5385,255,255,0
nd1S05974,Right,511825.tiff,67,131.3936,46,97,100,28,58,4.8385,99.9228,60,2.3266,255,255,0
nd1S05974,Right,514634.tiff,54,116.9846,48,94,100,36,99,5.3122,255,76,2.3977,255,255,255
nd1S05974,Right,514638.tiff,45,120.4285,50,97,100,23,99,5.0654,255,66,1.9441,255,255,255
nd1S05974,Right,514639.tiff,54,122.8004,51,97,100,34,99,5.4035,255,17,1.4916,255,255,255
nd1S05974,Right,519779.tiff,16,121.6024,49,97,100,29,0,5.9555,255,10,1.3453,255,255,255
nd1S05974,Right,519781.tiff,31,118.623,47,94,100,18,51,5.4058,99.815,73,2.1703,255,255,0
nd1S05974,Right,519782.tiff,29,120.3513,51,96,100,22,97,4.8588,255,12,1.827,255,255,255
nd1S05974,Right,539517.tiff,15,91.282,41,92,100,12,255,5.4366,92.1816,69,2.957,255,255,255
nd1S05974,Right,556330.tiff,61,123.4926,51,95,100,34,99,5.4065,56.8202,8,1.3041,255,255,2
nd1S05974,Right,556335.tiff,38,120.875,51,94,100,31,75,5.7376,255,7,1.6639,255,255,255
nd1S05974,Right,556337.tiff,29,116.0741,55,97,100,18,93,5.1935,255,67,2.0065,255,255,255
nd1S05974,Right,587734.tiff,255,255,255,255,255,255,255,255,255,5,255,255,255,255
nd1S05974,Right,587735.tiff,56,117.3738,43,93,100,32,98,5.2527,255,7,1.2295,255,255,255
nd1S05974,Right,610835.tiff,53,120.0635,45,92,100,36,99,5.1977,255,24,2.0443,255,255,255
nd1S05974,Right,676935.tiff,69,117.5566,42,97,100,26,65,4.5116,99.8338,74,4.2566,255,255,0
nd1S05974,Right,676950.tiff,67,137.2365,36,95,100,40,98,5.1056,99.9626,62,1.2199,255,255,39
nd1S05974,Right,710626.tiff,255,255,255,255,255,255,255,255,255,1,255,255,255,255
nd1S05974,Right,725197.tiff,30,53.2137,51,55,100,12,3,3.3695,97.8916,0,2.0348,255,255,0
nd1S05974,Right,725209.tiff,56,66.6787,42,87,100,16,13,4.4774,255,6,2.0077,255,255,255
nd1S05974,Right,753271.tiff,75,127.4245,55,99,100,29,62,4.5959,99.8994,75,255,255,255,255
nd1S05974,Right,756983.tiff,82,107.894,55,99,100,17,39,3.5646,99.8804,32,255,255,255,255
nd1S05974,Right,759537.tiff,46,57.8939,50,87,100,12,22,3.3516,255,0,1.9045,255,255,255
nd1S05974,Right,827519.tiff,73,133.7618,40,95,100,23,66,4.5636,99.9406,80,255,255,255,255
nd1S05999,Left,527711.tiff,67,120.8477,45,97,100,49,99,5.8275,99.7623,11,1.1932,255,255,8
nd1S05999,Left,527712.tiff,61,121.7727,53,90,100,54,99,6.0448,255,37,1.1571,255,255,255
nd1S05999,Left,527713.tiff,73,124.7022,43,95,100,50,99,5.8754,99.8403,7,1.0686,255,255,6
nd1S05999,Left,527715.tiff,62,115.1166,46,96,100,60,98,5.69,255,32,1.2031,255,255,255
nd1S05999,Left,591755.tiff,0,91.2587,44,98,100,255,255,255,93.8763,56,1.7663,255,255,255
nd1S05999,Left,591758.tiff,31,90.3723,39,81,100,46,255,5.0317,90.3255,11,255,255,255,255
nd1S05999,Left,591759.tiff,65,121.9788,37,95,100,44,83,5.7436,99.8863,23,1.1693,255,255,17
nd1S05999,Left,591760.tiff,61,119.428,37,95,100,52,99,5.9467,99.2274,7,1.0393,255,255,6
nd1S05999,Left,591761.tiff,61,119.385,35,93,100,39,43,5.7918,99.8582,8,1.0786,255,255,6
nd1S05999,Left,591763.tiff,52,118.8391,33,94,100,56,2,5.988,99.8549,22,1.126,255,255,14
nd1S05999,Left,591766.tiff,57,120.1576,37,93,100,57,53,5.999,99.301,10,1.1273,255,255,7
nd1S05999,Left,601850.tiff,82,119.737,32,93,100,28,53,5.5768,99.9557,80,1.739,255,255,19
nd1S05999,Left,601852.tiff,79,118.0623,33,93,100,29,52,5.4839,99.9709,73,2.3558,255,255,0
nd1S05999,Left,601854.tiff,83,116.5344,42,93,100,29,47,5.3891,99.9457,78,2.1828,255,255,0
nd1S05999,Left,606926.tiff,77,116.0556,31,94,100,38,89,5.8825,99.8782,47,1.3364,255,255,31
nd1S05999,Left,606928.tiff,58,125.3891,34,94,100,49,43,5.9684,99.9069,7,1.2103,255,255,5
nd1S05999,Left,606931.tiff,37,116.2133,46,94,100,57,92,6.0846,97.3045,40,255,255,255,255
nd1S05999,Left,606932.tiff,75,115.8621,35,94,100,38,94,5.9376,99.8609,72,1.362,255,255,45
nd1S05999,Left,606933.tiff,76,122.4011,36,94,100,44,99,5.8037,99.8879,5,1.1641,255,255,4
nd1S05999,Left,606934.tiff,70,126.3295,37,94,100,52,99,5.9286,99.4647,7,1.1965,255,255,6
nd1S05999,Left,606935.tiff,69,116.6908,34,93,100,38,80,6.0023,99.808,47,1.3685,255,255,29
nd1S05999,Left,606936.tiff,66,123.9863,37,95,100,39,68,5.805,99.9046,6,1.2136,255,255,4
nd1S05999,Left,606937.tiff,64,127.2886,37,95,100,42,95,6.2487,99.4394,30,1.3861,255,255,17
nd1S05999,Left,609733.tiff,85,123.7359,35,93,100,30,50,5.4877,99.9703,65,2.5357,255,255,0
nd1S05999,Left,609737.tiff,82,119.3202,33,94,100,31,49,5.3633,99.973,82,255,255,255,255
nd1S05999,Left,614330.tiff,72,115.5511,39,95,100,35,89,5.7905,99.8716,52,1.2922,255,255,35
nd1S05999,Left,614331.tiff,52,122.3373,38,95,100,44,16,5.718,99.8926,5,1.1376,255,255,3
nd1S05999,Left,614333.tiff,80,121.4893,40,93,100,43,99,5.7856,99.8544,13,1.1697,255,255,10
nd1S05999,Left,614334.tiff,76,122.2876,38,95,100,45,96,5.828,99.8628,25,1.329,255,255,16
nd1S05999,Left,614335.tiff,73,118.1033,39,93,100,51,99,5.8069,99.8617,40,1.3829,255,255,24
nd1S05999,Left,614336.tiff,50,123.0747,36,94,100,37,65,5.7137,99.872,12,1.1742,255,255,7
nd1S05999,Left,614337.tiff,44,116.866,38,94,100,44,53,5.5991,99.8832,67,1.3905,255,255,24
nd1S05999,Left,614338.tiff,51,125.0542,39,92,100,41,99,5.6807,99.8056,11,1.1972,255,255,6
nd1S05999,Left,614339.tiff,38,116.1209,41,95,100,50,43,5.6391,99.8949,65,1.3164,255,255,23
nd1S05999,Left,614340.tiff,42,122.0764,41,95,100,43,58,5.6565,99.7842,19,1.3283,255,255,7
nd1S05999,Left,614341.tiff,45,119.7671,40,94,100,47,98,5.3781,99.8157,50,1.4193,255,255,17
nd1S05999,Right,452150.tiff,32,120.8477,49,96,100,40,23,5.7836,99.858,38,1.6893,255,255,5
nd1S05999,Right,452151.tiff,30,120.912,49,94,100,35,17,5.6978,99.8943,39,1.5945,255,255,6
nd1S05999,Right,452152.tiff,30,122.9344,51,95,100,40,20,5.8215,99.5244,63,1.422,255,255,15
nd1S05999,Right,452872.tiff,81,127.5017,42,93,100,35,60,5.0853,99.8556,81,4.2451,255,255,0
nd1S05999,Right,452874.tiff,75,127.3781,50,94,100,36,58,5.0371,99.8146,84,4.4708,255,255,0
nd1S05999,Right,452876.tiff,73,131.4254,47,94,100,36,60,5.0915,99.8281,84,4.528,255,255,0
nd1S05999,Right,511256.tiff,70,119.0911,38,93,100,35,49,4.9875,99.959,63,2.0105,255,255,0
nd1S05999,Right,511257.tiff,80,110.5499,35,92,100,26,34,4.8185,99.966,63,1.7376,255,255,13
nd1S05999,Right,511260.tiff,73,122.2635,36,93,100,34,50,4.8479,99.949,61,2.013,255,255,0
nd1S05999,Right,511261.tiff,76,111.3524,35,91,100,25,36,4.7212,99.9405,60,1.8058,255,255,9
nd1S05999,Right,511263.tiff,73,112.7473,36,92,100,27,36,4.8126,99.9677,63,1.7605,255,255,12
nd1S05999,Right,513395.tiff,62,121.5888,39,92,100,38,99,5.3709,99.9328,8,1.1501,255,255,5
nd1S05999,Right,513396.tiff,67,116.6468,38,92,100,25,99,5.8337,99.8783,41,1.0313,255,255,37
nd1S05999,Right,513397.tiff,68,118.1049,39,93,100,36,99,6.0776,99.8766,9,1.2243,255,255,7
nd1S05999,Right,513398.tiff,75,117.6114,39,94,100,38,99,5.5203,99.9396,81,1.268,255,255,55
nd1S05999,Right,513399.tiff,82,119.7133,38,94,100,34,99,5.8943,99.8546,60,1.1491,255,255,50
nd1S05999,Right,513400.tiff,74,121.3835,38,93,100,44,97,6.0821,99.8702,74,1.2205,255,255,58
nd1S05999,Right,513401.tiff,70,118.9629,40,94,100,35,88,5.6478,99.8801,75,1.3002,255,255,49
nd1S05999,Right,513402.tiff,77,118.2292,40,94,100,30,99,5.9108,99.8967,66,1.2299,255,255,50
nd1S05999,Right,513403.tiff,76,119.7449,39,93,100,42,97,6.1723,99.8583,72,1.2568,255,255,53
nd1S05999,Right,513404.tiff,72,117.163,42,93,100,44,99,5.4888,99.872,29,1.2423,255,255,20
nd1S05999,Right,513405.tiff,73,118.3413,40,94,100,35,99,5.9528,99.8823,68,1.2394,255,255,51
nd1S05999,Right,513406.tiff,67,119.0146,40,94,100,40,97,6.173,99.8468,62,1.2812,255,255,43
nd1S05999,Right,522069.tiff,64,118.497,36,93,100,34,99,5.6673,99.8346,70,1.9108,255,255,5
nd1S05999,Right,522070.tiff,68,119.5654,35,93,100,46,99,5.7133,99.8327,4,255,255,255,255
nd1S05999,Right,522071.tiff,64,119.9687,38,94,100,38,91,6.1091,99.5345,70,1.4517,255,255,35
nd1S05999,Right,522072.tiff,45,121.9691,40,94,100,36,15,5.73,99.7243,45,1.7283,255,255,7
nd1S05999,Right,522073.tiff,38,117.3468,39,91,100,30,1,5.9793,99.6983,83,1.6343,255,255,16
nd1S05999,Right,522074.tiff,57,123.131,41,95,100,50,98,5.1952,99.6462,8,1.1536,255,255,5
nd1S05999,Right,522075.tiff,75,121.3608,40,94,100,36,99,5.6919,99.8591,37,1.572,255,255,15
nd1S05999,Right,522076.tiff,71,120.0871,40,94,100,29,98,5.8175,99.7955,32,1.4007,255,255,19
nd1S05999,Right,522077.tiff,64,121.5065,41,94,100,35,91,5.7951,99.5991,37,1.3784,255,255,20
nd1S05999,Right,522078.tiff,69,119.0016,40,91,100,32,95,5.6116,99.8123,70,1.8144,255,255,12
nd1S05999,Right,522079.tiff,76,119.6764,39,90,100,26,98,5.8074,99.8068,58,1.6631,255,255,19
nd1S05999,Right,522080.tiff,65,120.3596,42,93,100,32,91,5.6995,99.7247,24,1.4048,255,255,13
nd1S05999,Right,524302.tiff,71,124.8818,35,92,100,35,52,4.908,99.9297,69,1.9271,255,255,4
nd1S05999,Right,524304.tiff,70,117.7667,38,92,100,36,51,4.9561,99.913,67,1.9357,255,255,4
nd1S05999,Right,524306.tiff,71,115.4621,39,92,100,36,49,5.0504,99.8074,73,1.934,255,255,4
nd1S05999,Right,526641.tiff,75,115.1635,37,94,100,30,44,4.847,99.895,61,1.9106,255,255,4
nd1S05999,Right,526642.tiff,77,123.4478,36,93,100,26,42,4.9296,99.8947,65,1.957,255,255,2
nd1S05999,Right,526644.tiff,65,113.9275,43,92,100,30,46,4.8382,99.9055,63,1.8435,255,255,7
nd1S05999,Right,526647.tiff,68,113.974,42,93,100,30,45,4.8242,99.92,58,1.9266,255,255,3
nd1S05999,Right,526648.tiff,72,121.5306,38,92,100,29,41,4.8583,99.9224,63,1.8637,255,255,7
nd1S05999,Right,527716.tiff,73,117.0898,44,95,100,48,99,5.6402,99.8349,5,1.2344,255,255,4
nd1S05999,Right,527717.tiff,61,117.2932,44,93,100,34,99,5.9043,99.8222,65,1.4358,255,255,31
nd1S05999,Right,527718.tiff,65,118.2002,44,95,100,53,98,5.7592,99.9189,57,1.526,255,255,24
nd1S05999,Right,527719.tiff,37,120.4402,42,93,100,42,35,5.6824,99.8029,54,1.5796,255,255,11
nd1S05999,Right,527720.tiff,49,114.8088,41,94,100,39,94,5.952,99.7971,77,1.5116,255,255,26
nd1S05999,Right,527721.tiff,50,123.6868,41,94,100,42,94,5.8631,99.8167,38,1.4554,255,255,14
nd1S05999,Right,527722.tiff,64,119.932,44,94,100,41,99,5.6603,99.8585,9,1.3698,255,255,5
nd1S06017,Left,1153166.tiff,60,123.3121,36,96,100,39,62,5.3579,34.6036,86,255,255,255,255
nd1S06017,Left,1153438.tiff,64,119.1549,37,99,100,34,58,5.343,99.8859,25,255,255,255,255
nd1S06017,Left,1153445.tiff,70,117.731,31,94,100,38,60,5.9356,99.6389,48,2.1402,255,255,0
nd1S06017,Left,1153471.tiff,64,116.0364,38,98,100,36,59,5.5227,89.3376,75,255,255,255,255
nd1S06017,Left,1153485.tiff,73,115.2865,31,97,100,36,62,5.6947,99.5983,69,2.1303,255,255,0
nd1S06017,Left,1156490.tiff,89,128.9918,30,96,100,34,57,5.6458,99.9731,84,4.047,255,255,0
nd1S06017,Left,1156530.tiff,89,128.4454,31,96,100,33,58,5.1349,99.8921,87,255,255,255,255
nd1S06017,Left,1156638.tiff,58,119.0315,41,96,100,40,56,5.5726,255,77,4.4063,255,255,255
nd1S06017,Left,1156676.tiff,82,125.9073,29,95,100,30,61,5.2889,99.9719,86,3.923,255,255,0
nd1S06017,Left,1156714.tiff,42,113.8962,37,98,100,41,47,5.6737,99.2167,76,4.1962,255,255,0
nd1S06017,Left,1156839.tiff,94,118.6713,29,96,100,32,63,5.4858,99.9301,85,255,255,255,255
nd1S06017,Left,1156990.tiff,57,118.1756,35,94,100,25,54,5.7369,255,72,4.1856,255,255,255
nd1S06017,Left,1157029.tiff,65,123.6482,35,97,100,33,65,5.6418,99.9662,87,255,255,255,255
nd1S06017,Left,1158245.tiff,43,136.3549,31,96,100,48,0,4.5505,99.9534,40,1.1869,255,255,15
nd1S06017,Left,1159930.tiff,41,127.5442,31,97,100,47,35,5.1787,99.927,39,1.5917,255,255,8
nd1S06017,Left,1159979.tiff,41,138.9191,34,96,100,52,17,5.2928,99.9651,62,1.2762,255,255,23
nd1S06017,Left,1160014.tiff,69,140.5558,34,95,100,46,36,5.1721,99.9687,42,1.1433,255,255,31
nd1S06017,Left,1161496.tiff,51,130.7452,33,96,100,57,16,4.8394,99.9338,37,1.3952,255,255,13
nd1S06017,Left,1161555.tiff,72,131.9759,31,96,100,48,93,5.0814,99.8846,63,1.3265,255,255,36
nd1S06017,Left,1161576.tiff,66,132.6869,28,94,100,51,95,5.0449,99.9311,40,1.3733,255,255,20
nd1S06017,Right,1156590.tiff,88,137.0876,32,96,100,38,60,5.6485,99.8569,83,255,255,255,255
nd1S06017,Right,1156623.tiff,79,128.1423,38,95,100,35,53,4.7722,99.9595,83,4.3171,255,255,0
nd1S06017,Right,1156625.tiff,61,122.338,31,96,100,39,50,5.3904,255,83,4.3351,255,255,255
nd1S06017,Right,1156774.tiff,59,129.9278,34,94,100,35,57,4.8825,255,82,255,255,255,255
nd1S06017,Right,1156901.tiff,67,120.1143,35,94,100,35,64,5.4625,99.9054,77,4.1378,255,255,0
nd1S06017,Right,1157039.tiff,96,124.2454,31,96,100,29,63,5.2795,99.9719,74,4.0689,255,255,0
nd1S06017,Right,1157063.tiff,84,119.7942,33,94,100,23,65,5.0984,99.9332,70,4.5461,255,255,0
nd1S06017,Right,1157073.tiff,98,131.0721,30,96,100,25,64,5.3483,99.964,83,4.1613,255,255,0
nd1S06017,Right,1157093.tiff,76,131.0864,40,96,100,27,61,5.2326,99.9526,81,4.0626,255,255,0
nd1S06017,Right,1159803.tiff,53,117.1886,34,94,100,58,30,4.6707,99.8801,40,1.272,255,255,17
nd1S06017,Right,1159814.tiff,79,140.8984,40,97,100,58,96,5.1709,99.9293,64,1.09,255,255,50
nd1S06017,Right,1160048.tiff,94,141.2519,28,93,100,46,96,5.1502,99.9551,52,1.3901,255,255,27
nd1S06017,Right,1161616.tiff,84,132.5138,23,96,100,48,94,5.02,99.9618,51,1.265,255,255,31
nd1S06017,Right,1161671.tiff,66,133.3575,37,96,100,56,95,5.1589,99.9343,55,1.4163,255,255,26
nd1S06017,Right,1161677.tiff,79,131.1995,33,95,100,52,91,5.1895,99.9577,38,1.16,255,255,28
nd1S06044,Left,801208.tiff,67,111.8524,41,94,100,18,65,5.2397,99.7198,71,4.1587,255,255,0
nd1S06044,Left,817089.tiff,64,106.7755,40,95,100,14,52,4.6176,99.6456,31,2.5763,255,255,0
nd1S06044,Left,817090.tiff,68,108.2829,39,96,100,22,55,4.3396,99.9392,30,4.8809,255,255,0
nd1S06044,Left,817091.tiff,49,111.8667,38,95,100,23,50,4.7248,255,38,1.8968,255,255,255
nd1S06044,Left,817092.tiff,61,113.3408,37,98,100,27,55,4.463,99.1956,30,2.7338,255,255,0
nd1S06044,Left,825314.tiff,34,119.2905,42,97,100,21,4,4.7879,255,8,1.1918,255,255,255
nd1S06044,Left,825317.tiff,37,118.7655,39,97,100,20,0,4.7563,255,5,1.8663,255,255,255
nd1S06044,Left,829939.tiff,76,113.9711,41,93,100,20,68,5.2095,99.8155,71,255,255,255,255
nd1S06044,Left,829940.tiff,74,113.815,42,95,100,23,69,5.1574,99.837,79,2.991,255,255,0
nd1S06044,Left,831092.tiff,72,106.7354,42,95,100,18,58,4.5427,99.7948,34,3.7479,255,255,0
nd1S06044,Left,831095.tiff,74,104.9296,42,95,100,20,56,4.1172,99.901,30,7.0022,255,255,0
nd1S06044,Left,831104.tiff,69,109.3311,43,95,100,20,60,4.7549,99.6876,38,2.1774,255,255,0
nd1S06044,Left,831106.tiff,72,108.0312,44,95,100,20,57,4.224,99.8288,31,5.6156,255,255,0
nd1S06044,Left,831989.tiff,34,46.3143,55,67,100,0,41,3.3909,255,0,1.7216,255,255,255
nd1S06044,Left,831999.tiff,76,61.8638,36,90,100,8,52,4.6361,99.7453,1,1.9557,255,255,0
nd1S06044,Left,832000.tiff,67,60.7688,49,75,100,8,3,4.5049,255,2,1.4967,255,255,255
nd1S06044,Left,868861.tiff,0,1.6556,60,100,100,255,255,255,100,0,1.2435,255,255,255
nd1S06044,Left,868862.tiff,49,41.4836,59,53,100,0,2,3.3441,99.4399,1,1.0884,255,255,0
nd1S06044,Left,868871.tiff,67,61.1785,37,84,100,5,51,4.5914,99.2283,2,1.8856,255,255,0
nd1S06044,Left,871066.tiff,72,119.77,42,94,100,26,69,5.5363,99.7965,75,255,255,255,255
nd1S06044,Left,871999.tiff,75,115.8109,37,96,100,21,61,4.7651,99.9303,39,1.8182,255,255,6
nd1S06044,Left,872000.tiff,74,115.444,38,95,100,26,62,4.5062,99.938,41,1.9204,255,255,2
nd1S06044,Left,872001.tiff,67,122.0579,40,94,100,20,62,4.9079,99.8684,58,1.1146,255,255,40
nd1S06044,Left,872002.tiff,66,121.866,40,94,100,24,63,4.63,99.8415,58,1.2768,255,255,30
nd1S06044,Left,872614.tiff,68,135.7253,39,95,100,33,99,5.2377,99.8987,36,1.6063,255,255,12
nd1S06044,Left,872615.tiff,67,135.3458,39,95,100,32,99,5.2187,99.8772,38,1.5367,255,255,15
nd1S06044,Left,873458.tiff,47,119.4793,53,81,100,22,7,4.7331,48.4074,11,1.6654,255,255,1
nd1S06044,Left,873460.tiff,26,112.1893,45,83,100,18,255,4.6824,97.9559,4,1.5226,255,255,255
nd1S06044,Left,873462.tiff,57,117.073,37,96,100,26,68,4.6917,98.0355,11,1.1477,255,255,6
nd1S06044,Right,511504.tiff,68,108.8204,42,93,100,24,69,4.8394,99.933,65,2.1627,255,255,0
nd1S06044,Right,513907.tiff,46,120.7912,46,94,100,37,99,5.4931,255,47,1.8626,255,255,255
nd1S06044,Right,542830.tiff,63,121.9778,49,95,100,35,99,5.3491,98.4972,5,1.5968,255,255,2
nd1S06044,Right,591823.tiff,35,122.0106,42,95,100,46,16,5.9042,255,12,2.1317,255,255,255
nd1S06044,Right,616349.tiff,255,255,255,255,255,255,255,255,255,58,255,255,255,255
nd1S06044,Right,616353.tiff,43,112.309,37,93,100,27,5,5.213,99.93,4,1.3936,255,255,1
nd1S06044,Right,676498.tiff,69,112.1418,39,95,100,24,59,4.537,99.9621,11,1.1098,255,255,7
nd1S06044,Right,697059.tiff,76,115.3298,36,94,100,36,98,5.1266,99.955,23,1.9285,255,255,1
nd1S06044,Right,701983.tiff,57,118.4904,35,93,100,18,57,4.0306,99.6639,28,5.1569,255,255,0
nd1S06044,Right,763873.tiff,255,255,255,255,255,255,255,255,255,0,255,255,255,255
nd1S06044,Right,763885.tiff,50,57.5887,47,88,100,3,52,4.5799,63.1903,4,2.0592,255,255,0
nd1S06044,Right,767072.tiff,57,134.7155,38,94,100,27,98,4.9739,99.9214,30,1.9463,255,255,1
nd1S06044,Right,796255.tiff,70,64.0298,40,93,100,11,50,4.1575,99.5864,1,1.821,255,255,0
nd1S06044,Right,796830.tiff,71,120.664,37,95,100,33,98,5.0223,99.9485,34,2.025,255,255,0
nd1S06044,Right,817458.tiff,66,111.5751,35,95,100,20,48,4.4583,99.9134,42,2.2121,255,255,0
nd1S06044,Right,831997.tiff,0,37.71,63,52,100,255,255,255,255,0,1.4729,255,255,255
nd1S06044,Right,872618.tiff,51,136.6711,39,93,100,22,96,5.2303,99.9451,21,1.2512,255,255,10
nd1S06044,Right,873461.tiff,1,99.3798,40,80,100,255,255,4.195,98.3064,19,1.326,255,255,255
nd1S06044,Right,873463.tiff,62,115.2503,35,94,100,26,72,5.1176,99.9097,24,1.777,255,255,4
nd1S06069,Left,512646.tiff,75,126.8348,38,93,100,47,45,5.1187,99.894,54,1.8147,255,255,9
nd1S06069,Left,516337.tiff,24,124.4235,47,94,100,35,0,5.2195,99.8833,9,1.1905,255,255,2
nd1S06069,Left,540866.tiff,24,122.8698,48,93,90,42,0,5.2482,99.8636,16,1.2414,255,255,4
nd1S06069,Left,540875.tiff,69,122.3064,52,93,100,50,83,5.4157,99.8473,17,1.4907,255,255,8
nd1S06069,Left,559923.tiff,58,120.3334,40,93,48,52,98,5.1495,99.8901,48,1.4319,255,255,12
nd1S06069,Left,584851.tiff,24,117.5709,43,93,67,57,0,4.8552,99.8756,9,1.3377,255,255,1
nd1S06069,Left,584853.tiff,27,120.4775,39,92,100,49,0,5.5277,99.8323,13,1.3445,255,255,3
nd1S06069,Left,709053.tiff,92,116.4485,41,92,100,36,39,5.0466,99.9331,72,255,255,255,255
nd1S06069,Left,709066.tiff,14,59.9843,27,47,100,4,0,2.3805,255,0,1.7274,255,255,255
nd1S06069,Left,709069.tiff,84,135.1744,34,91,100,53,97,5.3188,99.9526,58,1.0659,255,255,48
nd1S06069,Left,791160.tiff,80,68.2324,39,89,100,27,28,4.2999,99.8367,3,1.3429,255,255,1
nd1S06069,Left,799994.tiff,95,129.0319,39,94,100,38,45,5.0448,99.9222,77,255,255,255,255
nd1S06069,Left,800744.tiff,92,119.047,42,93,100,26,31,3.7649,99.942,27,7.6615,255,255,0
nd1S06078,Right,517733.tiff,61,127.9234,45,97,100,33,90,5.57,99.5839,43,1.5314,255,255,16
nd1S06078,Right,537687.tiff,86,118.6913,50,97,100,32,56,5.1069,99.8366,69,2.195,255,255,0
nd1S06078,Right,542749.tiff,23,122.7404,43,92,100,45,0,5.457,255,10,255,255,255,255
nd1S06078,Right,542750.tiff,41,120.9566,48,85,100,37,52,5.5483,255,40,1.4517,255,255,255
nd1S06078,Right,542757.tiff,24,129.4714,47,94,100,39,0,5.2429,99.7638,6,1.2244,255,255,1
nd1S06078,Right,546487.tiff,83,134.8583,45,96,100,32,52,5.0723,99.9315,65,2.1331,255,255,0
nd1S06078,Right,608296.tiff,35,125.7282,40,96,100,30,8,5.3855,99.8683,42,1.4286,255,255,11
nd1S06078,Right,609900.tiff,87,122.7996,47,96,100,30,57,5.1492,99.9566,87,4.5714,255,255,0
nd1S06078,Right,609902.tiff,55,123.2765,44,94,100,38,57,5.2544,255,46,3.2326,255,255,255
nd1S06078,Right,615016.tiff,26,128.8733,43,95,100,31,0,5.1939,99.9569,7,1.3039,255,255,2
nd1S06078,Right,615021.tiff,65,126.4675,39,94,100,28,86,5.4921,99.9421,33,1.3878,255,255,17
nd1S06079,Left,513034.tiff,72,108.4497,41,94,100,18,57,4.9996,99.8131,58,2.0731,255,255,0
nd1S06079,Left,517809.tiff,53,115.8465,45,97,100,31,38,5.3967,99.9022,81,1.8035,255,255,11
nd1S06079,Left,517820.tiff,43,121.0854,51,96,100,31,95,5.4077,255,6,1.3602,255,255,255
nd1S06079,Left,520930.tiff,59,119.8245,40,97,100,31,99,4.9462,255,5,1.2934,255,255,255
nd1S06079,Left,520931.tiff,50,124.4419,42,98,100,31,94,5.5487,255,5,1.46,255,255,255
nd1S06079,Left,579746.tiff,83,123.7433,44,94,100,21,74,5.4491,99.9138,71,1.8911,255,255,7
nd1S06079,Left,589852.tiff,56,117.3932,52,84,100,30,99,5.1355,79.1572,6,1.088,255,255,3
nd1S06079,Left,589853.tiff,50,116.773,35,95,100,20,20,5.2926,99.8476,23,1.1537,255,255,12
nd1S06079,Left,606233.tiff,50,119.1781,34,96,100,14,97,5.0416,99.9453,7,1.0332,255,255,4
nd1S06079,Left,613268.tiff,69,117.7701,37,95,100,23,99,4.8221,99.928,5,1.0517,255,255,4
nd1S06079,Left,613278.tiff,59,117.4379,33,96,100,28,3,5.1908,99.874,86,1.3139,255,255,43
nd1S06079,Left,673903.tiff,30,109.1896,33,95,100,25,0,4.6032,99.9123,8,1.2443,255,255,2
nd1S06079,Left,695729.tiff,46,136.1537,32,92,100,16,20,5.3363,99.974,57,1.2922,255,255,24
nd1S06079,Left,701574.tiff,70,121.4676,41,95,100,17,64,4.4219,99.9145,50,1.6302,255,255,14
nd1S06079,Left,725510.tiff,63,51.1707,48,82,100,6,6,3.2417,255,0,1.1698,255,255,255
nd1S06079,Left,729793.tiff,60,137.7759,33,93,100,22,99,5.9579,99.9056,63,1.0511,255,255,51
nd1S06079,Left,764082.tiff,62,54.0322,38,80,100,6,42,3.3638,99.3486,0,2.084,255,255,0
nd1S06079,Left,764095.tiff,63,63.0028,35,83,100,15,2,4.3287,255,7,2.1016,255,255,255
nd1S06079,Left,767158.tiff,80,134.5813,26,93,100,28,99,5.8492,99.9301,65,1.2785,255,255,46
nd1S06079,Left,768445.tiff,72,108.8325,37,95,100,15,59,4.6716,99.8715,44,2.8366,255,255,0
nd1S06079,Right,695734.tiff,53,137.7439,32,92,100,15,29,5.2103,99.921,27,1.1906,255,255,14
nd1S06079,Right,701571.tiff,81,122.9848,38,91,100,20,57,3.5876,99.97,37,3.107,255,255,0
nd1S06079,Right,725517.tiff,52,48.8715,58,72,100,5,3,3.0978,99.4988,0,1.5714,255,255,0
nd1S06079,Right,725519.tiff,58,49.9222,50,68,100,0,24,3.1144,94.7802,0,1.7604,255,255,0
nd1S06079,Right,725525.tiff,57,66.6923,42,84,100,9,6,4.4698,99.8166,5,1.0731,255,255,2
nd1S06079,Right,725529.tiff,65,65.3454,37,84,100,9,4,4.3998,99.9469,3,1.2149,255,255,1
nd1S06079,Right,729800.tiff,77,138.1586,36,91,100,22,99,5.6915,99.9359,57,1.1024,255,255,49
nd1S06079,Right,730576.tiff,72,111.2033,41,92,100,20,69,5.2538,99.9534,45,1.7401,255,255,10
nd1S06079,Right,732986.tiff,77,118.7174,43,93,100,23,61,4.758,99.9526,82,4.5212,255,255,0
nd1S06079,Right,764090.tiff,39,51.8502,45,82,100,9,0,2.9551,99.9217,0,1.6908,255,255,0
nd1S06079,Right,764100.tiff,47,64.2702,38,82,100,11,4,4.2136,99.7942,5,1.318,255,255,1
nd1S06079,Right,764528.tiff,81,114.5402,40,92,100,24,63,4.8073,99.9773,82,255,255,255,255
nd1S06079,Right,767163.tiff,39,137.5304,34,91,100,22,54,5.6242,99.8777,57,1.1915,255,255,24
nd1S06079,Right,767720.tiff,67,111.1553,44,92,100,22,71,5.1656,99.9511,34,1.8445,255,255,4
nd1S06079,Right,768446.tiff,64,105.671,37,93,100,20,47,3.7974,99.9589,34,4.3921,255,255,0
nd1S06082,Left,519188.tiff,58,113.5621,33,96,100,36,99,5.9093,98.438,64,2.173,255,255,0
nd1S06082,Left,519193.tiff,68,119.4469,30,94,100,29,99,5.5893,99.9066,80,2.0257,255,255,0
nd1S06082,Left,523615.tiff,61,127.1035,29,95,100,24,72,5.8255,99.9441,77,2.0428,255,255,0
nd1S06082,Left,536586.tiff,75,124.1973,29,94,100,20,71,5.5776,99.9776,84,2.8471,255,255,0
nd1S06082,Left,538147.tiff,34,110.9853,30,97,100,29,0,5.4712,99.8632,15,1.2206,255,255,5
nd1S06082,Left,538149.tiff,34,113.2018,30,94,100,28,0,5.2825,99.93,84,1.0554,255,255,34
nd1S06082,Left,538152.tiff,17,116.0056,31,95,100,33,255,4.9643,99.9266,10,1.0748,255,255,255
nd1S06082,Left,538154.tiff,6,116.9063,31,94,91,49,255,4.9829,99.9376,66,1.1851,255,255,255
nd1S06082,Left,538156.tiff,14,116.9417,32,94,100,41,255,5.3524,99.8747,54,1.1532,255,255,255
nd1S06082,Left,538158.tiff,13,116.37,33,94,100,37,255,5.0734,99.9211,11,1.1382,255,255,255
nd1S06082,Left,553785.tiff,76,122.7523,30,94,100,21,70,5.6008,99.937,79,3.0675,255,255,0
nd1S06082,Left,555653.tiff,53,119.3076,33,97,100,27,0,5.7786,99.8677,44,1.9982,255,255,0
nd1S06082,Left,555661.tiff,29,120.3803,34,94,100,35,0,5.0765,99.9337,19,1.9933,255,255,0
nd1S06082,Left,555662.tiff,32,120.7417,33,94,100,24,0,5.0654,99.8712,8,1.8037,255,255,1
nd1S06082,Left,579044.tiff,78,123.988,28,95,100,22,68,5.6506,99.9392,80,2.7516,255,255,0
nd1S06082,Left,579048.tiff,85,110.2758,31,94,100,22,66,5.3452,99.9577,73,2.1975,255,255,0
nd1S06082,Left,581545.tiff,59,114.6354,32,93,100,24,0,5.1697,99.816,39,2.2538,255,255,0
nd1S06082,Right,1085025.tiff,60,119.6608,30,93,100,30,63,5.3542,99.9532,79,3.9487,255,255,0
nd1S06082,Right,1103832.tiff,66,50.2397,36,84,100,9,0,4.153,99.8364,1,1.4662,255,255,0
nd1S06082,Right,1103833.tiff,35,21.9206,34,80,100,0,2,3.3742,98.6826,0,1.6805,255,255,0
nd1S06082,Right,1103838.tiff,67,62.446,29,91,100,15,0,5.5691,99.8778,10,1.2618,255,255,5
nd1S06082,Right,1103841.tiff,0,30.7504,33,100,100,255,255,255,95.5096,9,1.7506,255,255,255
nd1S06082,Right,1104801.tiff,67,134.1929,26,95,100,37,99,5.8555,99.952,84,2.5115,255,255,0
nd1S06082,Right,1106510.tiff,61,109.3697,30,94,100,28,69,5.6366,99.9565,70,3.5703,255,255,0
nd1S06082,Right,1106511.tiff,75,110.6846,27,94,100,24,68,5.4211,99.9498,74,3.658,255,255,0
nd1S06082,Right,1130446.tiff,64,121.5412,28,95,100,37,96,5.7225,99.9224,58,2.3327,255,255,0
nd1S06082,Right,1131934.tiff,64,117.3009,30,92,100,20,74,5.6142,99.8728,66,3.0082,255,255,0
nd1S06082,Right,1131939.tiff,69,115.1809,30,95,100,22,71,5.2097,99.9135,76,3.6174,255,255,0
nd1S06082,Right,1132516.tiff,29,51.0679,41,80,100,7,0,3.8679,255,1,1.2757,255,255,255
nd1S06082,Right,1132520.tiff,38,50.5472,39,83,100,7,2,3.8002,99.8787,1,1.952,255,255,0
nd1S06082,Right,1132527.tiff,73,64.455,29,91,100,10,49,5.0763,99.9497,9,1.0381,255,255,6
nd1S06082,Right,1132528.tiff,55,55.5679,32,82,100,4,0,4.9876,255,12,1.505,255,255,255
nd1S06082,Right,1132529.tiff,44,60.3585,35,81,100,3,45,5.4806,99.6647,11,1.6732,255,255,1
nd1S06085,Right,520224.tiff,29,120.6342,42,92,100,11,22,5.4673,99.9616,25,1.2125,255,255,7
nd1S06085,Right,520232.tiff,26,117.9043,40,92,100,16,17,6.3571,255,63,1.275,255,255,255
nd1S06085,Right,520235.tiff,44,120.5576,42,91,100,14,83,5.5599,99.9375,79,1.3492,255,255,30
nd1S06085,Right,537991.tiff,36,115.1998,41,94,100,13,14,5.5631,99.913,77,1.289,255,255,26
nd1S06085,Right,602597.tiff,31,116.355,36,93,100,17,34,6.1294,255,59,1.1286,255,255,255
nd1S06085,Right,602604.tiff,41,122.4191,39,92,100,25,65,6.1226,255,19,255,255,255,255
nd1S06085,Right,602605.tiff,36,116.814,53,91,100,19,76,6.3096,30.8804,62,1.2968,255,255,7
nd1S06085,Right,707339.tiff,10,117.2259,40,92,100,31,255,5.5596,255,30,1.9024,255,255,255
nd1S06085,Right,707341.tiff,19,126.3279,37,92,40,26,0,5.5793,99.9597,17,1.0977,255,255,2
nd1S06085,Right,707343.tiff,51,111.016,40,84,2,11,1,5.9765,99.9233,24,1.1512,255,255,0
nd1S06085,Right,707345.tiff,72,77.9201,42,90,100,11,33,3.929,99.8416,0,2.122,255,255,0
nd1S06085,Right,707346.tiff,62,75.4508,42,77,100,10,31,3.9437,99.8292,0,1.3598,255,255,0
nd1S06085,Right,707349.tiff,0,106.9166,39,88,100,255,255,255,99.6578,1,1.4874,255,255,255
nd1S06085,Right,707354.tiff,45,135.5835,35,92,100,30,0,5.8088,99.7659,37,1.2369,255,255,18
nd1S06085,Right,707357.tiff,60,133.9456,37,94,100,26,92,5.5908,99.8669,51,1.1218,255,255,36
nd1S06086,Left,520309.tiff,27,118.7762,39,95,100,29,0,5.1834,99.9451,70,1.4103,255,255,14
nd1S06086,Left,520316.tiff,26,117.4875,38,96,100,28,0,4.7848,92.0701,44,1.353,255,255,8
nd1S06086,Left,523881.tiff,59,105.141,35,94,100,17,72,5.8243,99.9525,60,2.0201,255,255,0
nd1S06086,Left,602106.tiff,52,132.6678,35,97,100,23,75,5.7092,255,71,255,255,255,255
nd1S06086,Left,608014.tiff,54,119.7057,29,95,66,31,84,5.772,99.9283,13,1.2858,255,255,6
nd1S06086,Left,608020.tiff,33,115.2506,31,95,100,26,0,5.1705,99.9467,71,1.3087,255,255,20
nd1S06086,Left,791781.tiff,74,48.4157,45,80,100,0,15,3.036,99.8865,0,1.0488,255,255,0
nd1S06086,Left,791791.tiff,49,64.8415,35,86,100,10,0,4.5575,99.7138,4,1.6992,255,255,0
nd1S06086,Left,795788.tiff,48,113.4474,31,94,100,21,69,5.7519,255,8,1.843,255,255,255
nd1S06086,Left,800128.tiff,74,109.8405,34,97,100,16,68,5.4002,99.9662,67,2.2768,255,255,0
nd1S06086,Left,800131.tiff,74,115.1475,34,98,100,20,69,5.6894,99.9367,82,4.7551,255,255,0
nd1S06091,Left,524247.tiff,57,112.0569,37,95,100,19,68,5.0718,99.9607,64,1.6548,255,255,15
nd1S06091,Left,542146.tiff,56,116.4415,41,95,74,22,23,5.1191,99.8304,60,1.1329,255,255,33
nd1S06091,Left,584315.tiff,34,115.5288,40,97,100,27,3,5.0519,99.9119,36,1.0472,255,255,14
nd1S06091,Left,607237.tiff,51,117.575,46,94,100,27,99,5.3922,255,8,1.1217,255,255,255
nd1S06091,Left,723330.tiff,56,67.2278,38,94,100,12,8,3.9183,255,0,1.0149,255,255,255
nd1S06091,Left,732017.tiff,90,122.7579,49,98,100,15,68,5.3876,99.8559,84,255,255,255,255
nd1S06091,Left,995778.tiff,60,66.3716,49,94,100,3,31,4.2656,96.1889,0,1.1456,255,255,0
nd1S06091,Left,995794.tiff,63,64.1569,39,91,100,1,48,4.2631,99.8828,4,1.0514,255,255,0
nd1S06091,Left,997649.tiff,84,126.5395,40,98,100,25,75,4.9131,99.9625,88,3.6458,255,255,0
nd1S06107,Right,1019246.tiff,58,141.6434,40,91,100,26,98,5.0518,99.8934,54,1.5682,255,255,16
nd1S06107,Right,1061798.tiff,29,38.3348,41,52,100,6,52,5.5369,97.2854,1,1.9895,255,255,0
nd1S06107,Right,1084607.tiff,73,115.5958,46,94,100,23,70,5.0329,99.9172,85,4.0433,255,255,0
nd1S06107,Right,1127471.tiff,81,119.3248,48,93,100,25,74,5.1166,99.929,84,255,255,255,255
nd1S06107,Right,1128287.tiff,41,66.2773,43,87,100,14,51,5.054,98.2932,3,1.7406,255,255,0
nd1S06107,Right,1128288.tiff,62,66.1971,44,92,100,14,54,5.3879,99.7323,3,1.7514,255,255,0
nd1S06107,Right,580049.tiff,59,123.5063,58,95,100,29,67,4.6494,255,71,2.126,255,255,255
nd1S06107,Right,588813.tiff,46,117.2002,43,92,100,35,99,5.8175,255,17,255,255,255,255
nd1S06107,Right,611726.tiff,75,114.1023,49,96,100,25,99,5.413,99.9512,86,1.2975,255,255,54
nd1S06107,Right,722625.tiff,40,37.5645,46,53,100,0,40,2.8827,48.0128,1,1.8233,255,255,0
nd1S06107,Right,823038.tiff,13,141.9015,48,93,100,47,0,5.1487,255,39,1.3152,255,255,255
nd1S06107,Right,856484.tiff,63,56.8498,52,78,100,8,10,3.8388,255,1,1.7935,255,255,255
nd1S06107,Right,861001.tiff,45,71.2799,92,0,100,0,99,5.6111,255,70,1.4401,255,255,255
nd1S06107,Right,864440.tiff,52,130.3308,47,94,100,20,56,5.0765,255,83,4.6863,255,255,255
nd1S06107,Right,909463.tiff,47,126.7799,44,96,100,27,98,5.1345,255,32,1.6432,255,255,255
nd1S06107,Right,963733.tiff,74,122.9823,40,92,100,18,70,4.7221,99.8753,89,3.9003,255,255,0
nd1S06107,Right,995455.tiff,0,3.2961,30,100,100,255,255,255,100,1,1.3684,255,255,255
nd1S06107,Right,995465.tiff,24,65.7188,47,38,100,13,40,5.8362,93.6202,5,1.7168,255,255,0
nd1S06110,Right,536707.tiff,52,110.3348,46,95,100,25,65,5.1527,64.2914,82,4.453,255,255,0
nd1S06110,Right,536709.tiff,88,108.1098,45,97,100,26,66,5.2708,99.9029,69,2.1679,255,255,0
nd1S06110,Right,538663.tiff,61,111.6668,55,97,100,27,99,5.1241,99.6606,62,1.3061,255,255,32
nd1S06110,Right,538664.tiff,56,112.305,55,97,100,25,99,5.617,99.8424,4,1.1202,255,255,3
nd1S06110,Right,557395.tiff,50,116.5155,56,97,100,20,99,5.7397,99.8271,10,1.0805,255,255,6
nd1S06110,Right,557396.tiff,55,115.5881,57,96,100,20,99,5.8022,99.9415,8,1.0989,255,255,5
nd1S06110,Right,557399.tiff,43,120.1455,59,98,100,22,96,5.7526,99.5665,5,1.0903,255,255,3
nd1S06110,Right,557400.tiff,34,119.4901,58,96,100,26,96,5.5861,99.8712,7,1.1344,255,255,3
nd1S06110,Right,557405.tiff,21,109.4041,62,96,100,27,1,5.2098,255,35,1.1805,255,255,255
nd1S06110,Right,582120.tiff,19,109.6061,51,96,100,35,0,5.6809,99.8935,23,1.2591,255,255,4
nd1S06110,Right,589982.tiff,23,112.3682,52,97,100,27,0,5.2259,99.8901,4,1.2224,255,255,1
nd1S06110,Right,589990.tiff,73,116.1426,53,96,100,24,98,5.7501,99.9288,5,1.1296,255,255,4
nd1S06110,Right,601425.tiff,82,115.4614,43,97,100,27,65,5.0476,99.941,80,4.298,255,255,0
nd1S06110,Right,605105.tiff,54,115.1006,52,98,100,23,99,5.2182,99.9026,10,1.1748,255,255,6
nd1S06110,Right,673853.tiff,83,117.8967,34,96,100,40,99,5.4022,99.9348,57,1.4742,255,255,27
nd1S06110,Right,682460.tiff,67,105.0099,39,95,100,15,69,5.4302,99.9369,16,1.0721,255,255,13
nd1S06110,Right,694717.tiff,64,131.1592,34,96,100,23,98,5.6876,99.9351,46,1.4743,255,255,21
nd1S06110,Right,701263.tiff,73,105.0309,46,95,100,20,51,4.0717,99.9302,21,4.7315,255,255,0
nd1S06110,Right,705654.tiff,33,102.2989,47,97,100,26,4,5.3418,99.9209,6,1.1156,255,255,2
nd1S06110,Right,705661.tiff,85,136.5353,29,95,100,40,99,5.8845,99.9533,59,1.2173,255,255,45
nd1S06110,Right,724897.tiff,66,68.8161,40,79,100,15,33,4.2674,99.8097,0,2.1527,255,255,0
nd1S06110,Right,724907.tiff,51,62.9256,40,86,100,13,46,4.8605,99.9432,4,2.0121,255,255,0
nd1S06110,Right,728968.tiff,82,125.0634,33,97,100,39,97,5.7042,99.9454,42,1.9816,255,255,1
nd1S06110,Right,789713.tiff,71,68.157,42,80,100,10,43,4.4746,98.9386,0,2.2196,255,255,0
nd1S06110,Right,789724.tiff,63,74.0796,37,83,100,18,47,5.0717,99.7895,5,1.1506,255,255,3
nd1S06110,Right,793452.tiff,86,122.6459,29,97,100,45,99,5.7702,99.8919,33,1.7823,255,255,7
nd1S06110,Right,904052.tiff,90,132.2648,30,95,100,39,97,5.6136,99.9377,40,1.31,255,255,26
nd1S06110,Right,904960.tiff,34,105.3592,49,95,100,25,4,5.2129,99.9082,15,1.0197,255,255,6
nd1S06110,Right,906628.tiff,88,112.7644,45,94,100,18,38,4.1778,99.9281,29,8.9166,255,255,0
nd1S06110,Right,906629.tiff,84,110.2349,39,94,100,17,45,4.5187,99.8707,29,4.3097,255,255,0
nd1S06118,Left,1017419.tiff,88,68.829,43,90,100,17,30,4.4339,99.7932,5,1.812,255,255,1
nd1S06118,Left,1087252.tiff,54,114.4565,37,95,100,36,34,4.4676,255,5,1.0867,255,255,255
nd1S06118,Left,1110915.tiff,57,123.502,47,95,100,34,42,4.8759,255,79,255,255,255,255
nd1S06118,Left,1130161.tiff,88,63.1713,45,95,100,14,18,4.2022,99.7668,1,1.1552,255,255,0
nd1S06118,Left,1130299.tiff,46,65.0433,44,86,100,33,5,5.6678,99.3264,1,1.8954,255,255,0
nd1S06118,Left,1130303.tiff,79,70.8913,43,89,100,19,15,4.7946,99.8784,3,1.8869,255,255,0
nd1S06118,Left,1130304.tiff,85,130.493,35,94,100,60,45,4.6285,99.9648,66,1.1836,255,255,42
nd1S06118,Left,1131728.tiff,96,124.1941,40,94,100,44,51,5.0723,99.9738,85,2.851,255,255,0
nd1S06118,Left,539259.tiff,14,105.3546,51,96,100,54,0,6.1769,255,65,1.1499,255,255,255
nd1S06118,Left,675015.tiff,62,135.7252,36,94,100,42,8,4.9403,99.9315,78,1.2417,255,255,43
nd1S06118,Left,684571.tiff,31,114.2685,41,95,100,33,0,4.5719,99.9056,29,1.9432,255,255,1
nd1S06118,Left,697083.tiff,96,123.2339,38,92,100,40,46,5.1814,99.8982,81,255,255,255,255
nd1S06118,Left,725802.tiff,41,65.067,38,90,100,17,4,4.6935,255,2,1.7754,255,255,255
nd1S06118,Left,753935.tiff,95,127.541,47,96,100,33,43,4.831,99.96,89,2.3392,255,255,0
nd1S06118,Left,755760.tiff,92,141.8174,37,94,100,47,79,5.3125,99.9295,79,1.1705,255,255,58
nd1S06118,Left,760998.tiff,82,72.8649,50,92,100,19,30,4.3365,99.8182,2,1.9601,255,255,0
nd1S06118,Left,821039.tiff,71,126.0826,41,95,100,34,81,5.6686,99.9712,44,1.48,255,255,22
nd1S06118,Left,907300.tiff,86,68.7467,42,91,100,19,28,4.1936,99.7185,2,1.7744,255,255,0
nd1S06118,Left,909747.tiff,82,128.4182,34,94,100,46,78,4.8145,99.9477,63,1.9322,255,255,3
nd1S06118,Left,909851.tiff,91,122.2992,38,93,100,43,43,5.1308,99.9322,92,2.7562,255,255,0
nd1S06118,Left,973779.tiff,44,129.9987,34,86,100,44,50,5.193,255,82,255,255,255,255
nd1S06118,Right,1020400.tiff,41,125.7195,22,80,100,39,255,5.0683,255,79,4.2948,255,255,255
nd1S06118,Right,1044127.tiff,84,71.8681,40,93,100,17,33,4.5951,99.8518,10,1.4893,255,255,4
nd1S06118,Right,1065572.tiff,35,129.9808,38,92,100,60,0,4.7037,99.8912,49,1.1563,255,255,16
nd1S06118,Right,1067694.tiff,95,128.463,37,91,100,31,51,4.839,99.9461,87,255,255,255,255
nd1S06118,Right,1130148.tiff,81,74.6598,47,79,100,19,20,4.8382,99.5266,1,2.1432,255,255,0
nd1S06118,Right,1130283.tiff,33,59.295,38,91,100,24,0,4.8891,96.9564,1,1.1364,255,255,0
nd1S06118,Right,1130308.tiff,75,130.5103,35,92,100,52,76,4.4892,99.9305,50,1.4213,255,255,22
nd1S06118,Right,1131736.tiff,95,123.752,41,93,100,36,47,4.6632,99.9545,87,255,255,255,255
nd1S06118,Right,725803.tiff,37,59.7017,47,82,100,17,0,4.4289,255,2,1.6947,255,255,255
nd1S06118,Right,755762.tiff,36,119.5922,50,94,100,47,32,4.6455,99.931,48,1.1247,255,255,17
nd1S06118,Right,760990.tiff,255,255,255,255,255,255,255,255,255,0,255,255,255,255
nd1S06118,Right,820059.tiff,64,59.4661,61,61,100,12,0,4.2507,95.8269,1,2.1441,255,255,0
nd1S06118,Right,907293.tiff,25,74.1793,52,76,100,16,12,4.6306,90.6889,1,2.009,255,255,0
nd1S06118,Right,907306.tiff,81,69.6788,48,88,100,21,27,4.4741,99.7506,2,1.7748,255,255,0
nd1S06118,Right,909751.tiff,96,129.9405,33,92,100,59,98,4.786,99.96,30,1.5598,255,255,11
nd1S06118,Right,971011.tiff,49,94.9326,44,61,100,11,6,4.9202,96.7067,0,1.8366,255,255,0
nd1S06126,Right,537271.tiff,85,121.8059,43,95,100,38,55,5.0658,99.9489,64,1.9649,255,255,2
nd1S06126,Right,540997.tiff,57,120.5427,49,94,100,39,97,5.3402,99.8806,46,1.3104,255,255,23
nd1S06126,Right,540999.tiff,60,121.7794,50,97,100,42,97,5.7472,255,42,1.2874,255,255,255
nd1S06126,Right,541002.tiff,57,121.2366,50,94,100,46,96,5.3808,99.8727,38,1.2332,255,255,21
nd1S06126,Right,555385.tiff,52,119.7319,46,91,100,49,99,5.4169,99.8197,52,1.2187,255,255,27
nd1S06126,Right,578719.tiff,95,116.9851,37,95,100,35,51,4.9409,99.947,63,1.9569,255,255,2
nd1S06126,Right,580164.tiff,61,121.9822,41,92,100,59,98,4.8529,99.7649,18,1.3612,255,255,8
nd1S06126,Right,580172.tiff,39,120.565,40,95,100,46,0,5.3694,99.8114,19,1.0973,255,255,9
nd1S06126,Right,585946.tiff,94,126.8656,37,95,100,35,51,5.0469,99.9612,64,1.8285,255,255,9
nd1S06126,Right,608774.tiff,90,138.2051,40,97,100,36,55,5.1663,99.9456,84,2.8532,255,255,0
nd1S06126,Right,610343.tiff,51,125.9882,40,94,100,50,51,5.343,99.8671,60,1.0984,255,255,35
nd1S06126,Right,683262.tiff,56,118.1076,39,95,100,27,52,4.7861,99.9614,28,1.4829,255,255,9
nd1S06126,Right,725363.tiff,82,62.6045,44,86,100,16,24,3.519,99.6763,0,1.9468,255,255,0
nd1S06126,Right,725367.tiff,76,88.1669,42,92,100,18,28,4.332,99.782,4,1.0711,255,255,3
nd1S06126,Right,725368.tiff,76,71.186,42,89,100,17,25,4.4762,99.8925,4,1.5921,255,255,1
nd1S06126,Right,728844.tiff,73,124.6052,45,95,100,59,95,4.9929,99.9065,41,1.2034,255,255,27
nd1S06126,Right,730530.tiff,90,119.5136,42,95,100,40,57,5.2014,99.8717,36,1.7159,255,255,9
nd1S06126,Right,732921.tiff,90,123.4068,49,95,100,31,49,4.9209,99.9622,32,2.3176,255,255,0
nd1S06126,Right,732922.tiff,85,121.4844,47,94,100,29,44,5.3447,99.8337,39,2.4597,255,255,0
nd1S06128,Left,537394.tiff,65,109.5623,37,95,100,29,71,5.3682,99.8826,60,2.0819,255,255,0
nd1S06128,Left,541516.tiff,25,115.6545,41,95,100,37,0,5.1302,99.6601,23,1.0737,255,255,6
nd1S06128,Left,558545.tiff,13,116.8961,46,97,100,70,0,5.3521,99.9122,11,1.2982,255,255,1
nd1S06128,Left,583585.tiff,38,105.1986,44,96,100,43,99,5.2318,255,4,1.1637,255,255,255
nd1S06128,Left,764859.tiff,58,53.0173,44,82,100,11,0,3.4473,99.6638,0,1.9783,255,255,0
nd1S06128,Left,764864.tiff,52,27.8281,49,57,100,0,255,3.3594,255,0,2.0144,255,255,255
nd1S06128,Left,764894.tiff,65,74.3235,41,88,100,14,57,4.888,72.791,3,1.6341,255,255,1
nd1S06128,Left,767347.tiff,57,136.0874,39,95,100,29,7,5.2216,99.8541,48,1.1367,255,255,29
nd1S06128,Left,825157.tiff,16,108.8563,42,97,100,30,0,4.4207,255,7,1.0292,255,255,255
nd1S06128,Left,830805.tiff,73,113.1433,40,95,100,19,49,3.7037,99.9587,26,7.7327,255,255,0
nd1S06128,Left,831164.tiff,53,53.6692,45,65,100,15,0,4.0103,99.8787,0,2.0962,255,255,0
nd1S06128,Left,831197.tiff,73,64.3353,38,95,100,10,55,4.602,99.9292,4,1.6979,255,255,1
nd1S06128,Right,541530.tiff,43,113.8926,44,87,100,40,99,5.8904,255,6,1.1213,255,255,255
nd1S06128,Right,541531.tiff,71,115.8804,37,97,100,33,99,4.9533,99.7444,33,1.3325,255,255,18
nd1S06128,Right,541533.tiff,63,118.2984,36,96,100,32,99,5.2113,99.4561,40,1.3312,255,255,21
nd1S06128,Right,541534.tiff,67,113.9831,39,95,100,27,99,5.0712,99.8137,55,1.3141,255,255,30
nd1S06128,Right,541536.tiff,63,114.1101,38,96,100,29,99,5.1856,42.8316,33,1.3373,255,255,7
nd1S06128,Right,558558.tiff,35,119.4163,44,96,100,34,52,4.9772,97.6457,35,1.078,255,255,13
nd1S06128,Right,558559.tiff,44,119.1535,42,95,100,28,70,5.1685,99.8197,25,1.066,255,255,13
nd1S06128,Right,558560.tiff,31,122.5955,41,94,100,24,96,5.5405,255,27,1.1273,255,255,255
nd1S06128,Right,558564.tiff,67,118.2222,41,94,100,35,99,5.1469,99.9218,27,1.1704,255,255,18
nd1S06128,Right,558566.tiff,65,93.2843,46,92,100,25,99,5.8804,99.7887,53,1.3683,255,255,30
nd1S06128,Right,583593.tiff,55,117.6274,41,96,100,31,99,5.6501,50.4758,36,1.3684,255,255,8
nd1S06128,Right,586808.tiff,62,119.0958,52,93,100,30,71,5.0073,94.4812,68,1.8487,255,255,7
nd1S06128,Right,591197.tiff,47,116.5444,40,94,100,31,99,5.179,99.8,61,1.2151,255,255,28
nd1S06128,Right,591206.tiff,18,109.2356,43,96,100,51,0,4.834,99.8904,54,1.1149,255,255,10
nd1S06128,Right,591207.tiff,22,111.8177,41,93,100,54,0,4.8441,99.8528,47,1.1222,255,255,10
nd1S06128,Right,600793.tiff,44,120.0666,55,91,100,37,67,4.8443,255,58,1.9159,255,255,255
nd1S06128,Right,600795.tiff,45,122.582,52,89,100,35,64,4.9316,70.7662,63,1.8297,255,255,4
nd1S06128,Right,764867.tiff,80,52.7547,43,88,100,8,41,3.6253,99.9111,1,1.5908,255,255,0
nd1S06128,Right,764869.tiff,255,255,255,255,255,255,255,255,255,1,255,255,255,255
nd1S06128,Right,764875.tiff,0,12.0751,67,0,100,255,255,255,255,0,1.3234,255,255,255
nd1S06128,Right,764902.tiff,54,77.7709,39,82,100,25,2,4.9976,96.6039,10,1.5916,255,255,2
nd1S06128,Right,764906.tiff,63,63.2668,34,93,100,13,2,4.6996,99.7655,1,1.0211,255,255,1
nd1S06128,Right,764908.tiff,61,64.0167,35,94,100,20,3,5.1077,99.8241,2,1.2287,255,255,1
nd1S06128,Right,767348.tiff,76,135.6404,34,95,100,39,99,5.1248,99.9335,43,1.2474,255,255,28
nd1S06128,Right,767860.tiff,34,111.7051,38,95,100,24,0,4.6043,99.378,17,1.8137,255,255,1
nd1S06128,Right,824428.tiff,70,135.686,41,97,100,39,98,5.1028,99.9411,54,1.0956,255,255,42
nd1S06128,Right,829079.tiff,72,123.6514,40,96,100,30,66,5.2533,99.9536,82,3.9953,255,255,0
nd1S06128,Right,831170.tiff,48,44.8704,67,85,100,2,42,3.9414,95.807,1,1.4044,255,255,0
nd1S06128,Right,831172.tiff,61,54.8397,42,96,100,16,18,3.9688,99.9284,1,1.7851,255,255,0
nd1S06128,Right,831205.tiff,78,65.6216,39,93,100,12,52,4.4628,99.9087,5,1.113,255,255,3
nd1S06129,Left,824649.tiff,82,131.389,33,95,100,33,87,4.8107,99.9461,39,1.5603,255,255,14
nd1S06129,Left,830114.tiff,79,106.1573,43,95,100,33,48,5.0609,99.9493,90,2.6652,255,255,0
nd1S06129,Left,831430.tiff,78,108.3141,46,94,100,24,34,3.5323,99.8248,49,3.2581,255,255,0
nd1S06129,Left,832617.tiff,29,80.0953,29,45,100,26,20,3.8042,96.7542,0,1.6776,255,255,0
nd1S06129,Left,832631.tiff,80,66.1581,38,93,100,17,32,4.3155,99.9021,5,1.4051,255,255,2
nd1S06129,Left,869796.tiff,69,59.0873,42,94,100,15,20,4.1145,99.8842,1,1.3662,255,255,0
nd1S06129,Left,869798.tiff,49,64.1773,56,72,100,13,11,5.1844,98.162,0,1.5733,255,255,0
nd1S06129,Left,869805.tiff,76,65.4305,40,95,100,15,34,4.3688,99.9219,2,1.4699,255,255,1
nd1S06129,Left,869806.tiff,2,17.7185,66,0,100,26,255,3.2219,255,1,1.4524,255,255,255
nd1S06129,Left,869809.tiff,85,67.1615,41,99,100,20,30,4.6888,99.8945,2,1.5287,255,255,1
nd1S06129,Left,871254.tiff,87,110.6323,48,94,100,25,38,5.1239,99.9629,88,3.8397,255,255,0
nd1S06129,Left,872187.tiff,78,116.5757,46,95,100,21,33,4.3075,99.9603,40,1.8723,255,255,4
nd1S06129,Left,872978.tiff,47,125.6462,38,95,100,37,6,5.0088,99.971,33,1.796,255,255,4
nd1S06129,Left,873740.tiff,30,109.046,49,95,100,26,7,4.9049,99.886,38,2.0154,255,255,0
nd1S06131,Left,1056668.tiff,69,57.9785,41,90,100,13,33,3.9231,99.6754,1,1.7655,255,255,0
nd1S06131,Left,1056679.tiff,68,59.4715,41,88,100,14,4,4.9398,99.9087,1,1.1189,255,255,1
nd1S06131,Left,1059241.tiff,76,118.0001,36,96,100,33,71,5.3853,99.9616,88,2.9864,255,255,0
nd1S06131,Left,1089039.tiff,75,60.3538,41,80,100,16,34,4.4113,99.7766,0,1.719,255,255,0
nd1S06131,Left,1089050.tiff,62,63.9019,44,99,100,15,22,4.6687,99.6558,4,1.6238,255,255,1
nd1S06131,Left,1090032.tiff,63,129.4206,36,97,100,40,98,4.6222,99.8913,41,1.2136,255,255,22
nd1S06131,Left,1090709.tiff,7,96.0958,55,80,100,40,0,4.7191,255,11,1.0475,255,255,255
nd1S06131,Left,1091873.tiff,58,115.105,42,96,100,27,69,5.1515,255,88,2.7325,255,255,255
nd1S06131,Left,1127128.tiff,36,105.7285,44,96,100,25,15,4.8916,255,16,1.9775,255,255,255
nd1S06131,Left,1128165.tiff,11,58.3986,13,53,100,2,255,4.4941,255,84,2.9383,255,255,255
nd1S06131,Left,1128167.tiff,62,121.7696,48,96,100,41,71,5.5952,99.4373,85,255,255,255,255
nd1S06131,Left,1129305.tiff,83,47.8855,50,85,100,11,35,4.162,99.9133,1,1.5163,255,255,0
nd1S06131,Left,1129316.tiff,21,62.1791,40,95,100,33,0,5.0551,99.8268,1,1.6525,255,255,0
nd1S06131,Left,602511.tiff,33,115.2959,49,94,100,33,37,5.6306,255,4,1.0986,255,255,255
nd1S06131,Left,602513.tiff,21,118.642,46,88,100,42,0,5.1035,255,54,1.4396,255,255,255
nd1S06131,Left,697015.tiff,28,110.7429,42,93,100,29,2,4.549,255,26,2.2813,255,255,255
nd1S06131,Left,697022.tiff,61,126.4233,31,95,100,46,98,5.0175,99.8938,49,1.1727,255,255,30
nd1S06131,Left,764756.tiff,77,59.3517,49,94,100,16,51,5.0241,99.6611,1,1.29,255,255,0
nd1S06131,Left,764780.tiff,60,64.5237,70,55,100,0,67,5.3875,255,78,3.0193,255,255,255
nd1S06131,Left,768573.tiff,59,107.7824,47,96,100,27,58,4.8522,84.5253,46,2.1107,255,255,0
nd1S06131,Left,824415.tiff,68,119.9192,35,97,100,50,98,5.0919,99.9365,63,1.6053,255,255,20
nd1S06131,Left,830801.tiff,56,125.1912,40,82,100,28,51,4.2007,99.8535,37,8.2497,255,255,0
nd1S06131,Left,831091.tiff,27,43.8625,64,77,100,14,0,3.2839,99.8009,0,1.3731,255,255,0
nd1S06131,Left,869368.tiff,11,25.9981,34,62,100,36,255,4.5451,96.1642,4,1.4559,255,255,255
nd1S06131,Left,872803.tiff,29,133.0791,54,97,100,42,90,5.0055,255,53,1.1689,255,255,255
nd1S06131,Left,961980.tiff,55,61.1985,41,67,100,17,35,4.5364,99.7615,1,1.6417,255,255,0
nd1S06131,Left,961992.tiff,35,41.9902,53,70,100,6,53,5.0546,255,3,1.8552,255,255,255
nd1S06131,Left,962345.tiff,68,141.1144,35,96,100,37,98,5.0214,99.9045,65,1.2044,255,255,42
nd1S06131,Left,963582.tiff,75,125.4178,35,95,100,33,71,5.6166,99.9105,83,255,255,255,255
nd1S06139,Left,537694.tiff,91,109.7337,38,95,100,18,66,5.0604,99.9434,53,1.9252,255,255,3
nd1S06139,Left,542782.tiff,72,117.8264,38,97,100,6,99,5.3962,99.9599,67,1.4395,255,255,34
nd1S06139,Left,584973.tiff,62,119.6754,36,98,100,0,77,5.2145,99.924,8,1.0677,255,255,0
nd1S06139,Left,614581.tiff,64,121.3411,38,96,100,27,99,5.1056,99.7829,8,1.135,255,255,5
nd1S06139,Left,673519.tiff,40,108.4153,33,95,100,15,7,5.0241,99.9569,2,1.0402,255,255,1
nd1S06139,Left,709135.tiff,60,107.8141,44,88,0,16,60,4.8993,255,8,2.1161,255,255,255
nd1S06139,Left,709141.tiff,78,79.1055,35,86,100,5,33,3.2631,99.8347,0,1.1645,255,255,0
nd1S06139,Left,709148.tiff,89,137.9322,32,95,100,26,96,5.8946,99.9719,68,1.1403,255,255,57
nd1S06139,Left,723179.tiff,40,59.2775,47,63,100,9,29,3.395,76.3746,0,1.457,255,255,0
nd1S06139,Left,723191.tiff,67,61.8868,30,95,100,9,0,5.0317,99.706,2,1.1485,255,255,1
nd1S06139,Left,723192.tiff,83,69.2695,35,94,100,13,18,4.5681,99.8649,1,1.1034,255,255,1
nd1S06139,Left,731953.tiff,81,117.7599,36,98,100,21,62,5.1587,99.9396,83,255,255,255,255
nd1S06181,Right,1018450.tiff,83,65.4908,33,86,100,26,6,4.6166,99.9394,5,1.2918,255,255,2
nd1S06181,Right,1020903.tiff,78,127.9009,34,90,100,35,51,4.6102,99.7876,76,4.3079,255,255,0
nd1S06181,Right,559856.tiff,6,104.8079,45,83,100,78,255,4.3412,99.4959,10,1.2401,255,255,255
nd1S06181,Right,559859.tiff,25,112.8173,43,90,28,71,0,5.3551,255,14,255,255,255,255
nd1S06181,Right,559867.tiff,16,107.9003,48,83,100,63,0,4.9702,255,28,1.8129,255,255,255
nd1S06181,Right,592971.tiff,17,113.9551,50,93,100,77,255,5.0431,255,7,1.2915,255,255,255
nd1S06181,Right,592972.tiff,3,113.8988,52,90,43,39,255,5.0847,255,37,1.2356,255,255,255
nd1S06181,Right,608575.tiff,6,119.6161,52,93,100,49,255,5.3598,255,14,1.4439,255,255,255
nd1S06181,Right,801354.tiff,69,130.2442,50,91,100,35,43,4.6931,99.7166,81,4.1674,255,255,0
nd1S06181,Right,817527.tiff,77,120.1522,44,92,100,32,39,4.1258,99.7675,34,2.0046,255,255,0
nd1S06181,Right,909679.tiff,69,118.8452,34,90,100,63,97,4.7311,99.8183,39,1.376,255,255,19
nd1S06181,Right,910061.tiff,79,65.0729,38,84,100,22,32,3.9124,99.934,2,1.3012,255,255,1
nd1S06181,Right,942293.tiff,44,64.0523,41,73,100,19,18,4.11,98.2052,0,1.8238,255,255,0
nd1S06197,Right,579397.tiff,86,113.1299,47,94,100,26,48,4.9292,99.952,83,1.9576,255,255,3
nd1S06197,Right,583009.tiff,23,106.5067,42,98,100,56,0,4.873,99.921,23,255,255,255,255
nd1S06197,Right,583010.tiff,0,116.3133,43,95,25,255,255,255,99.9389,12,1.2253,255,255,255
nd1S06197,Right,583024.tiff,65,119.7881,49,95,100,36,92,5.9757,99.8939,5,1.2272,255,255,4
nd1S06197,Right,583027.tiff,38,114.985,50,96,100,34,28,5.9191,99.8419,63,1.1527,255,255,29
nd1S06197,Right,583031.tiff,57,116.8242,51,96,100,25,85,5.9441,99.8438,88,1.1854,255,255,58
nd1S06197,Right,586272.tiff,84,107.6955,45,97,100,26,47,5.0308,99.9603,78,1.9931,255,255,0
nd1S06197,Right,601113.tiff,63,54.3668,72,5,100,5,37,4.9391,255,76,255,255,255,255
nd1S06197,Right,603838.tiff,63,116.5204,53,95,100,38,96,5.9089,96.8054,44,1.159,255,255,32
nd1S06197,Right,609156.tiff,68,127.8444,46,97,100,25,53,5.4171,99.9505,91,2.7105,255,255,0
nd1S06197,Right,611928.tiff,71,117.0869,43,97,100,27,99,5.6691,99.9015,70,1.1409,255,255,57
nd1S06202,Right,579617.tiff,79,119.0234,33,91,100,0,69,5.5071,99.9166,79,1.0755,255,255,0
nd1S06202,Right,583984.tiff,78,118.2471,31,91,100,7,99,5.5366,99.8931,41,1.0107,255,255,37
nd1S06202,Right,583990.tiff,89,116.3596,29,95,100,13,97,5.4903,99.9557,16,1.1235,255,255,13
nd1S06202,Right,583995.tiff,36,118.0579,31,91,100,11,0,5.6177,99.8669,9,1.062,255,255,4
nd1S06202,Right,583997.tiff,29,120.2644,31,93,100,16,0,5.5389,99.8797,14,1.2719,255,255,4
nd1S06202,Right,591051.tiff,40,118.9139,30,96,100,6,9,5.8875,99.922,91,1.316,255,255,35
nd1S06202,Right,591055.tiff,33,121.0517,32,96,100,3,39,5.6709,99.8128,16,1.1613,255,255,4
nd1S06202,Right,591059.tiff,49,119.9622,30,88,100,19,96,6.0468,255,10,255,255,255,255
nd1S06202,Right,591061.tiff,60,121.3907,31,95,100,0,55,5.4773,99.9041,14,1.1243,255,255,0
nd1S06202,Right,614872.tiff,50,119.8573,32,92,100,6,0,5.5669,99.8936,11,1.0744,255,255,7
nd1S06202,Right,614881.tiff,35,110.2349,31,40,72,2,80,6.1563,99.9458,92,1.5323,255,255,3
nd1S06202,Right,682554.tiff,69,110.6392,29,94,100,5,65,5.9471,99.9722,87,1.5661,255,255,37
nd1S06202,Right,682560.tiff,64,108.1141,30,92,100,6,71,5.8182,99.9199,45,1.1533,255,255,34
nd1S06217,Left,585967.tiff,78,120.2497,33,94,100,31,48,5.2373,99.8931,81,1.6872,255,255,22
nd1S06217,Left,587567.tiff,45,104.1705,43,86,0,62,98,4.7056,99.7261,47,1.9573,255,255,0
nd1S06217,Left,587568.tiff,74,127.3774,32,94,100,48,99,5.427,99.9333,66,1.5876,255,255,25
nd1S06217,Left,587572.tiff,70,125.4142,32,94,100,33,82,5.5829,99.8425,5,1.1471,255,255,4
nd1S06217,Left,587574.tiff,61,125.9999,37,95,100,49,95,5.1302,99.9474,5,1.1137,255,255,3
nd1S06217,Left,587575.tiff,64,127.2358,32,94,100,45,97,5.5639,99.9585,6,1.0909,255,255,5
nd1S06217,Left,789459.tiff,79,61.3954,37,97,100,14,13,3.3815,99.8517,0,1.1413,255,255,0
nd1S06217,Left,789469.tiff,80,69.6476,35,95,100,18,37,4.2942,99.7857,4,1.0597,255,255,2
nd1S06217,Left,793332.tiff,62,121.0287,34,95,100,50,98,5.0394,99.9554,52,1.6516,255,255,13
nd1S06217,Left,794418.tiff,52,118.4125,36,96,100,24,0,4.8259,99.9639,53,1.6079,255,255,12
nd1S06217,Left,794424.tiff,83,118.6612,33,95,100,24,56,4.9871,99.9655,49,1.1261,255,255,36
nd1S06217,Left,798322.tiff,87,141.7593,32,95,100,31,52,5.3119,99.9761,93,2.3956,255,255,0
nd1S06217,Left,798325.tiff,82,121.1941,34,94,100,27,48,5.5236,99.9684,88,2.4812,255,255,0
nd1S06217,Left,799365.tiff,82,114.461,36,95,100,24,38,3.6081,99.9574,42,2.2772,255,255,0
nd1S06217,Left,817716.tiff,63,59.0627,32,93,100,20,8,3.5446,99.719,0,1.4163,255,255,0
nd1S06217,Left,817718.tiff,79,61.1009,39,96,100,14,24,3.3303,98.3431,0,1.6737,255,255,0
nd1S06217,Left,817726.tiff,91,69.6962,33,92,100,19,35,4.3353,99.7813,2,1.5657,255,255,1
nd1S06217,Left,863884.tiff,38,103.7983,40,88,17,31,0,4.7476,99.948,27,1.2908,255,255,2
nd1S06217,Left,863888.tiff,42,112.939,36,97,100,20,0,4.7415,99.9424,6,1.8635,255,255,0
nd1S06217,Left,866871.tiff,83,142.5278,31,95,100,24,55,5.7516,99.9581,86,3.7885,255,255,0
nd1S06217,Left,895493.tiff,255,255,255,255,255,255,255,255,255,0,255,255,255,255
nd1S06217,Left,895494.tiff,76,61.1867,38,96,100,13,3,3.1449,99.593,1,1.2635,255,255,0
nd1S06217,Left,900734.tiff,87,139.2598,32,95,100,26,38,4.1305,99.9261,48,1.3996,255,255,20
nd1S06221,Right,586182.tiff,48,119.5673,49,91,100,43,47,4.3989,255,60,2.1969,255,255,255
nd1S06221,Right,586184.tiff,65,117.2936,47,96,100,38,47,4.4307,99.9409,66,2.0284,255,255,0
nd1S06221,Right,588485.tiff,64,128.4319,34,90,56,65,98,4.969,99.924,11,1.1539,255,255,5
nd1S06221,Right,588486.tiff,93,101.2015,41,90,100,43,99,5.6963,99.5656,48,1.3315,255,255,30
nd1S06221,Right,588490.tiff,41,125.0402,44,90,32,62,26,4.974,99.9278,23,1.1985,255,255,4
nd1S06221,Right,588491.tiff,1,100.8089,40,87,100,255,255,3.9522,99.4019,35,1.3464,255,255,255
nd1S06221,Right,588495.tiff,29,122.8442,46,92,68,63,0,4.984,99.8457,24,1.0904,255,255,6
nd1S06221,Right,588496.tiff,18,117.4719,46,94,100,68,0,5.4537,99.8446,75,1.3472,255,255,11
nd1S06221,Right,588497.tiff,13,102.1259,43,90,100,71,0,5.3332,99.3833,77,1.3951,255,255,8
nd1S06221,Right,601935.tiff,86,139.5822,47,95,100,40,52,4.5889,99.9052,83,4.1801,255,255,0
nd1S06221,Right,601937.tiff,81,128.4317,48,96,100,40,52,4.678,99.9614,59,2.0246,255,255,0
nd1S06221,Right,607339.tiff,72,124.633,48,91,100,78,96,4.8196,99.4975,3,1.1072,255,255,2
nd1S06221,Right,607348.tiff,27,122.6774,45,93,100,54,16,5.5731,99.814,81,1.1594,255,255,24
nd1S06221,Right,674367.tiff,79,125.9418,43,95,100,39,46,4.5817,99.89,86,4.2337,255,255,0
nd1S06221,Right,674381.tiff,16,114.6183,39,94,100,75,255,4.7544,99.9256,59,1.5765,255,255,255
nd1S06221,Right,674383.tiff,72,114.4607,37,95,100,69,92,4.6879,99.9476,52,1.4771,255,255,21
nd1S06221,Right,674391.tiff,36,115.4309,37,93,100,38,4,4.872,99.9679,21,1.6277,255,255,3
nd1S06221,Right,764324.tiff,62,70.5392,41,75,100,19,20,3.745,99.5902,0,2.1917,255,255,0
nd1S06221,Right,764333.tiff,88,61.6402,44,89,100,27,32,4.1054,99.9056,4,2.1724,255,255,0
nd1S06245,Left,1010240.tiff,88,141.116,31,95,100,35,98,5.9438,99.9661,69,1.155,255,255,58
nd1S06245,Left,1010831.tiff,41,116.9734,29,96,100,15,0,5.3189,99.9595,38,1.5513,255,255,9
nd1S06245,Left,1013024.tiff,80,60.1609,33,88,100,12,40,5.2986,99.7398,1,1.0633,255,255,1
nd1S06245,Left,1033107.tiff,76,65.9334,37,92,100,14,11,4.8668,99.8073,2,1.1203,255,255,1
nd1S06245,Left,1035422.tiff,86,113.2519,35,96,100,49,96,5.1951,99.9308,37,1.9051,255,255,3
nd1S06245,Left,1064607.tiff,50,58.9025,43,96,100,13,4,3.8376,99.8839,1,1.2526,255,255,0
nd1S06245,Left,1064613.tiff,85,65.8433,38,91,100,15,28,4.9722,99.9086,5,1.2303,255,255,3
nd1S06245,Left,1065543.tiff,47,129.7025,29,96,100,52,0,5.3911,99.9489,66,1.599,255,255,16
nd1S06245,Left,1066258.tiff,34,115.419,42,97,100,17,0,5.0542,99.9413,22,1.2997,255,255,6
nd1S06245,Left,1127068.tiff,61,106.8406,33,95,100,17,60,5.1868,99.9537,2,1.2611,255,255,1
nd1S06245,Left,1128043.tiff,91,122.4828,32,96,100,28,66,5.2885,99.9571,81,3.7905,255,255,0
nd1S06245,Left,1129073.tiff,65,53.39,38,94,100,11,0,3.8018,99.3284,1,1.8314,255,255,0
nd1S06245,Left,1129081.tiff,37,62.1969,45,86,100,18,7,5.5877,255,9,1.7007,255,255,255
nd1S06245,Left,600952.tiff,90,115.914,44,97,100,21,62,5.265,99.9671,60,1.8558,255,255,8
nd1S06245,Left,603149.tiff,29,119.3838,33,93,100,38,0,5.4175,99.9626,5,1.0732,255,255,2
nd1S06245,Left,611045.tiff,62,116.7496,38,95,100,17,81,5.2686,99.9652,14,1.2983,255,255,8
nd1S06245,Left,673583.tiff,68,136.1063,28,87,100,35,92,5.9888,99.9662,33,1.1438,255,255,26
nd1S06245,Left,673586.tiff,58,136.1986,27,93,100,16,11,6.0146,99.9666,64,1.3235,255,255,36
nd1S06245,Left,693376.tiff,63,119.347,33,97,100,15,0,4.9066,99.9489,11,1.0881,255,255,7
nd1S06245,Left,728074.tiff,28,96.8654,44,80,0,17,0,5.0038,99.898,23,1.3133,255,255,0
nd1S06245,Left,818589.tiff,35,68.7864,42,91,100,17,0,4.558,99.6895,2,1.2796,255,255,0
nd1S06245,Left,826012.tiff,92,110.8914,38,97,100,27,63,5.3728,99.9738,67,2.692,255,255,0
nd1S06245,Left,864122.tiff,35,110.7884,34,96,100,15,0,4.7637,99.9296,8,1.5128,255,255,2
nd1S06245,Left,867181.tiff,97,129.8591,37,97,100,19,62,5.9188,99.975,79,3.7479,255,255,0
nd1S06245,Left,896477.tiff,51,65.5745,40,59,100,11,32,4.9379,99.9287,3,1.5726,255,255,0
nd1S06245,Left,897535.tiff,72,138.3976,33,96,100,37,99,6.0752,99.9443,54,1.1957,255,255,43
nd1S06245,Left,901189.tiff,79,111.8833,38,95,100,25,48,4.4471,99.9733,64,2.9662,255,255,0
nd1S06245,Left,973740.tiff,44,131.8912,29,84,100,42,46,5.906,255,75,255,255,255,255
nd1S06245,Left,990703.tiff,80,56.6115,41,94,100,11,13,3.7721,99.8821,1,1.3238,255,255,0
nd1S06300,Left,1033294.tiff,58,63.1397,29,93,100,22,10,4.8767,255,3,1.4473,255,255,255
nd1S06300,Left,1036313.tiff,54,114.3525,37,94,100,23,48,4.553,255,10,2.0249,255,255,255
nd1S06300,Left,1088591.tiff,75,68.3472,37,90,100,13,29,5.0706,99.785,1,1.2667,255,255,1
nd1S06300,Left,608939.tiff,85,132.5255,40,92,100,28,50,5.9844,99.968,76,1.8278,255,255,13
nd1S06300,Left,611015.tiff,45,115.6419,39,95,100,28,0,5.8617,99.9086,77,1.3032,255,255,34
nd1S06300,Left,611020.tiff,50,120.8848,40,94,100,34,17,5.8036,99.4934,8,1.1279,255,255,5
nd1S06300,Left,673563.tiff,59,126.8614,36,98,100,58,92,5.0661,99.8189,55,2.0236,255,255,0
nd1S06300,Left,706242.tiff,34,109.6586,42,92,100,31,0,4.984,99.7816,4,1.3175,255,255,1
nd1S06300,Left,706248.tiff,9,96.9593,43,91,100,20,255,3.9133,255,0,1.9387,255,255,255
nd1S06300,Left,706249.tiff,16,68.068,79,88,100,4,11,2.9946,93.8326,0,1.0161,255,255,0
nd1S06300,Left,706256.tiff,37,135.5908,39,95,100,36,11,5.5892,99.9266,71,1.2029,255,255,28
nd1S06300,Left,722306.tiff,64,74.6557,45,86,100,16,22,4.3906,96.4397,0,1.2404,255,255,0
nd1S06300,Left,722307.tiff,29,68.3217,46,69,100,19,255,4.3395,255,0,1.0628,255,255,255
nd1S06300,Left,722314.tiff,40,59.8363,45,83,100,20,0,4.5513,255,0,1.2065,255,255,255
nd1S06300,Left,722315.tiff,85,68.9283,47,92,100,18,30,4.7913,99.5501,2,1.041,255,255,1
nd1S06300,Left,727073.tiff,30,133.2185,43,89,100,35,50,5.4565,99.8772,69,1.2789,255,255,19
nd1S06300,Left,727946.tiff,255,255,255,255,255,255,255,255,255,28,255,255,255,255
nd1S06300,Left,727948.tiff,27,108.1033,32,87,31,26,255,4.5256,75.9558,10,1.0955,255,255,255
nd1S06300,Left,731411.tiff,86,125.3542,42,93,100,30,45,5.7671,99.9118,90,2.4011,255,255,0
nd1S06300,Left,791637.tiff,75,66.6535,35,89,100,15,22,4.274,98.8988,0,1.4367,255,255,0
nd1S06300,Left,791649.tiff,45,67.7092,36,94,100,20,3,4.9893,255,4,1.1316,255,255,255
nd1S06300,Left,791650.tiff,89,69.6678,46,92,100,17,19,4.7479,99.6372,6,1.0739,255,255,4
nd1S06300,Left,831046.tiff,76,115.8657,45,90,100,19,33,4.1479,99.8867,32,2.4275,255,255,0
nd1S06300,Left,831901.tiff,43,65.4682,46,96,100,12,25,4.6532,255,1,1.5461,255,255,255
nd1S06300,Left,831902.tiff,81,66.1457,42,82,100,12,27,4.7449,99.325,1,1.1238,255,255,1
nd1S06300,Left,896523.tiff,32,79.9619,46,68,100,17,13,4.5615,255,0,1.3431,255,255,255
nd1S06300,Left,896536.tiff,0,24.2646,30,72,100,255,255,255,255,1,1.6337,255,255,255
nd1S06300,Left,942815.tiff,44,80.4408,62,92,100,21,6,5.5106,68.4363,0,1.1082,255,255,0
nd1S06344,Left,1009827.tiff,71,140.9858,30,96,100,50,95,5.3322,99.955,47,1.5244,255,255,20
nd1S06344,Left,1035490.tiff,58,119.2468,24,95,100,60,0,4.3274,99.9708,24,1.498,255,255,7
nd1S06344,Left,1042066.tiff,39,109.6683,23,96,100,52,47,4.8297,255,77,4.5461,255,255,255
nd1S06344,Left,1064738.tiff,77,121.7273,26,96,100,60,96,4.177,99.8861,35,1.7295,255,255,7
nd1S06344,Left,1090881.tiff,74,109.9847,25,97,100,34,51,4.9045,99.9674,85,255,255,255,255
nd1S06344,Left,1108667.tiff,75,136.2134,30,95,100,61,96,4.388,99.9467,41,1.4477,255,255,17
nd1S06344,Left,1111008.tiff,60,65.0809,31,95,100,16,0,4.7056,99.8686,5,1.6093,255,255,1
nd1S06344,Left,1112200.tiff,74,114.9337,26,97,100,34,54,4.832,99.944,85,3.9717,255,255,0
nd1S06344,Left,1133359.tiff,81,68.9598,28,98,100,21,36,4.8321,99.896,6,1.4925,255,255,2
nd1S06344,Left,676015.tiff,77,123.3666,29,97,100,31,48,5.3713,99.9303,81,255,255,255,255
nd1S06344,Left,676019.tiff,36,111.6563,28,96,100,32,0,4.8979,99.9598,22,2.3361,255,255,0
nd1S06344,Left,676025.tiff,48,114.5731,25,96,100,42,3,5.1378,99.9248,21,1.9697,255,255,0
nd1S06344,Left,684217.tiff,73,119.0447,31,97,100,35,49,5.4995,99.9385,84,4.1746,255,255,0
nd1S06344,Left,684227.tiff,30,106.54,30,96,100,36,0,4.5722,99.8423,3,1.5594,255,255,0
nd1S06344,Left,692976.tiff,67,132.3298,27,97,100,56,98,5.2218,99.9608,33,2.1854,255,255,0
nd1S06344,Left,700720.tiff,80,119.3294,29,99,100,28,41,4.7249,99.9255,42,2.7763,255,255,0
nd1S06344,Left,705913.tiff,77,68.6747,30,89,100,22,32,4.561,99.9183,2,1.8522,255,255,0
nd1S06344,Left,753219.tiff,78,111.491,32,97,100,34,43,5.4062,99.9495,81,4.1075,255,255,0
nd1S06344,Left,759413.tiff,26,86.8915,6,41,100,21,255,5.4458,255,0,1.7914,255,255,255
nd1S06344,Left,759423.tiff,72,64.727,32,97,100,18,28,4.3425,99.9152,3,1.2905,255,255,1
nd1S06344,Left,788577.tiff,20,84.2233,33,100,100,21,10,5.3017,66.7738,0,1.5501,255,255,0
nd1S06344,Left,788588.tiff,78,69.8639,30,97,100,22,36,4.5976,99.9286,1,1.3219,255,255,0
nd1S06344,Left,792876.tiff,60,122.759,34,96,100,61,98,5.2219,99.9637,38,1.7559,255,255,7
nd1S06344,Left,799052.tiff,67,115.453,32,97,100,27,38,4.5766,99.9263,36,2.8956,255,255,0
nd1S06344,Left,827753.tiff,30,74.2832,42,80,100,25,5,4.7177,97.8649,0,1.665,255,255,0
nd1S06344,Left,945160.tiff,61,119.3316,27,88,100,49,51,5.3099,99.9205,47,1.937,255,255,2
nd1S06344,Left,964607.tiff,32,132.0597,28,96,100,61,0,5.2093,99.9765,33,1.7167,255,255,4
nd1S06345,Left,763662.tiff,88,67.6398,35,88,100,20,30,4.2509,99.8289,4,1.2103,255,255,2
nd1S06345,Left,763663.tiff,80,68.4261,35,87,100,21,2,4.2463,99.8885,2,1.214,255,255,1
nd1S06345,Left,763664.tiff,63,70.0999,35,91,100,19,32,4.2409,99.8084,2,1.2281,255,255,1
nd1S06345,Left,790688.tiff,82,64.2889,37,94,100,23,21,3.8057,99.0329,0,1.1223,255,255,0
nd1S06345,Left,790689.tiff,57,61.0542,36,93,100,22,0,3.3455,255,1,1.2936,255,255,255
nd1S06345,Left,790690.tiff,63,58.6055,36,90,100,16,19,3.238,99.9391,0,1.4962,255,255,0
nd1S06345,Left,790691.tiff,90,61.2461,35,93,100,19,22,3.2488,99.8183,1,1.3739,255,255,0
nd1S06345,Left,790692.tiff,64,58.3416,40,93,100,15,22,3.2127,99.863,1,1.5718,255,255,0
nd1S06345,Left,790698.tiff,66,67.7974,39,95,100,21,32,4.1281,99.8983,3,1.2326,255,255,1
nd1S06345,Left,790699.tiff,82,67.4122,36,86,100,19,31,4.1444,99.8339,2,1.2776,255,255,1
nd1S06345,Left,790700.tiff,90,78.8664,34,89,100,24,30,4.0423,99.8417,3,1.1339,255,255,2
nd1S06345,Left,790701.tiff,80,79.6096,29,90,100,20,33,4.1102,99.9318,4,1.1422,255,255,2
nd1S06345,Left,790702.tiff,89,78.5273,33,88,100,23,30,3.9644,99.8885,4,1.0436,255,255,2
nd1S06345,Left,793927.tiff,43,133.9528,29,95,100,57,7,5.4413,99.9713,41,1.1783,255,255,19
nd1S06345,Left,793928.tiff,44,133.6346,29,95,100,56,6,5.5214,99.9344,64,1.2123,255,255,29
nd1S06345,Left,793930.tiff,44,134.2368,29,95,100,57,7,5.5164,99.9488,64,1.2123,255,255,29
nd1S06345,Left,793932.tiff,45,133.5216,29,94,100,57,7,5.5117,99.9467,64,1.2041,255,255,30
nd1S06345,Left,794822.tiff,33,120.882,42,96,100,27,0,4.7961,99.9616,14,1.4414,255,255,3
nd1S06345,Left,794824.tiff,30,120.2259,43,96,100,30,0,4.4422,99.8916,9,1.2488,255,255,2
nd1S06345,Left,794826.tiff,31,120.0252,44,96,100,28,2,4.7788,99.9642,14,1.5545,255,255,2
nd1S06345,Left,798904.tiff,88,138.3084,43,94,100,36,48,5.6985,99.8771,73,4.3253,255,255,0
nd1S06345,Left,798905.tiff,87,137.9563,44,97,100,42,48,5.3642,99.8936,80,4.1601,255,255,0
nd1S06345,Left,798908.tiff,93,130.109,41,96,100,37,49,5.4459,99.9721,82,255,255,255,255
nd1S06345,Left,798909.tiff,93,127.6633,42,96,100,38,50,5.2418,99.9646,87,2.7734,255,255,0
nd1S06345,Left,799853.tiff,92,124.8701,42,94,100,29,37,4.4812,99.9504,45,1.9205,255,255,3
nd1S06345,Left,799854.tiff,92,123.95,43,96,100,33,38,3.7677,99.9443,37,2.8994,255,255,0
nd1S06345,Left,799857.tiff,95,118.1658,39,96,100,30,34,4.4481,99.9341,40,2.656,255,255,0
nd1S06345,Left,799858.tiff,93,117.4071,40,95,100,34,38,3.921,99.9557,35,3.0747,255,255,0
nd1S06345,Left,820273.tiff,85,61.8133,35,97,100,21,21,3.5086,99.8152,0,1.0593,255,255,0
nd1S06345,Left,820274.tiff,83,62.2773,38,96,100,20,23,3.37,99.641,0,1.2974,255,255,0
nd1S06345,Left,820275.tiff,70,63.5388,36,100,100,20,24,3.553,99.8763,0,1.1111,255,255,0
nd1S06345,Left,820276.tiff,84,61.9643,37,94,100,18,24,3.5616,99.5534,0,1.1662,255,255,0
nd1S06345,Left,820277.tiff,86,61.3227,38,94,100,22,22,3.5289,99.8906,0,1.0137,255,255,0
nd1S06345,Left,820283.tiff,86,85.7536,39,92,100,28,34,4.1178,99.7949,0,1.4771,255,255,0
nd1S06345,Left,820284.tiff,85,69.681,37,88,100,25,28,4.3193,99.7091,3,1.0812,255,255,2
nd1S06345,Left,820285.tiff,83,68.4814,38,85,100,21,31,4.1504,99.855,3,1.0974,255,255,2
nd1S06345,Left,820286.tiff,44,64.8336,27,96,100,25,10,4.2381,255,2,1.2594,255,255,255
nd1S06345,Left,823514.tiff,62,113.976,42,98,100,31,47,4.3808,99.8711,2,1.1508,255,255,1
nd1S06345,Left,823516.tiff,37,112.7353,37,94,100,32,5,4.6232,99.9055,5,1.7058,255,255,1
nd1S06345,Left,823518.tiff,34,113.098,40,95,100,31,5,4.5663,99.9407,5,1.6852,255,255,1
nd1S06345,Left,826948.tiff,85,113.1055,46,95,100,39,41,5.5253,99.9435,78,4.2223,255,255,0
nd1S06345,Left,826949.tiff,83,112.525,46,96,100,44,46,5.5665,99.9637,82,255,255,255,255
nd1S06345,Left,826952.tiff,58,126.6778,38,96,100,41,48,5.1673,255,73,4.8672,255,255,255
nd1S06345,Left,826953.tiff,68,126.792,39,96,100,38,46,4.9353,99.6689,80,4.4095,255,255,0
nd1S06345,Left,827934.tiff,86,124.9805,39,94,100,30,37,4.8073,99.9226,46,1.9902,255,255,0
nd1S06345,Left,827935.tiff,87,124.0906,39,94,100,30,34,4.2129,99.9495,45,1.9313,255,255,2
nd1S06345,Left,827938.tiff,91,126.6612,39,94,100,29,37,4.6467,99.9598,48,1.852,255,255,6
nd1S06345,Left,827939.tiff,90,126.2623,40,96,100,31,34,4.1485,99.9499,46,1.5762,255,255,13
nd1S06345,Left,859019.tiff,69,64.5645,35,97,100,17,21,3.5029,99.7544,0,1.6107,255,255,0
nd1S06345,Left,859020.tiff,85,63.9373,37,96,100,19,23,3.6013,99.8643,1,1.2957,255,255,0
nd1S06345,Right,684280.tiff,81,125.2552,41,96,100,39,49,5.2339,99.9485,85,2.8872,255,255,0
nd1S06345,Right,684282.tiff,74,120.1667,42,96,100,37,50,5.0127,99.9332,78,4.2677,255,255,0
nd1S06345,Right,684284.tiff,40,115.5947,31,97,100,39,6,4.9496,99.9364,21,2.0053,255,255,0
nd1S06345,Right,684286.tiff,36,117.5528,36,96,100,37,6,4.942,99.9214,30,1.7436,255,255,3
nd1S06345,Right,684288.tiff,66,117.7594,32,96,100,30,50,4.7722,99.9161,15,1.0829,255,255,10
nd1S06345,Right,694844.tiff,89,122.7778,34,95,100,38,46,5.1666,99.9355,82,255,255,255,255
nd1S06345,Right,694854.tiff,40,110.6579,30,95,100,38,6,4.925,99.8972,14,2.002,255,255,0
nd1S06345,Right,701307.tiff,88,125.6383,41,96,100,30,32,3.8502,99.9719,29,4.7648,255,255,0
nd1S06345,Right,701309.tiff,89,117.3768,37,96,100,32,34,3.9386,99.9638,26,5.103,255,255,0
nd1S06345,Right,706127.tiff,88,120.1282,43,96,100,33,43,4.8213,99.9365,78,4.4821,255,255,0
nd1S06345,Right,706135.tiff,69,114.1597,42,96,100,32,48,4.7911,99.9155,19,1.7348,255,255,4
nd1S06345,Right,706143.tiff,70,133.201,40,95,100,45,97,4.9211,99.9031,56,1.1483,255,255,39
nd1S06345,Right,725622.tiff,39,63.2965,37,87,100,19,3,3.3683,99.909,0,1.1162,255,255,0
nd1S06345,Right,725626.tiff,84,67.986,35,84,100,24,26,4.1668,99.9165,2,1.5285,255,255,1
nd1S06345,Right,730435.tiff,85,116.744,30,94,100,57,97,4.8287,99.9036,27,1.578,255,255,9
nd1S06345,Right,730610.tiff,29,118.5661,40,94,100,30,0,5.0917,99.9343,27,1.7833,255,255,2
nd1S06345,Right,730614.tiff,34,112.9746,37,96,100,40,0,4.759,99.9399,6,1.6751,255,255,1
nd1S06345,Right,733029.tiff,87,127.9614,41,95,100,35,50,5.1489,99.934,62,1.9778,255,255,1
nd1S06345,Right,733034.tiff,84,126.2442,39,96,100,34,42,4.7678,99.9376,76,5.1427,255,255,0
nd1S06345,Right,755009.tiff,84,126.1961,49,96,100,38,49,5.4253,99.9397,79,4.2259,255,255,0
nd1S06345,Right,755014.tiff,78,136.0844,46,96,100,33,45,4.9085,99.9053,79,4.6311,255,255,0
nd1S06345,Right,758296.tiff,78,118.918,34,95,100,51,95,4.9638,99.9461,20,1.453,255,255,9
nd1S06345,Right,758844.tiff,30,118.8917,42,96,100,38,2,4.7058,99.959,25,1.8371,255,255,1
nd1S06350,Left,1020322.tiff,84,138.8342,28,99,100,28,70,5.1327,99.9194,72,4.047,255,255,0
nd1S06350,Left,1041451.tiff,70,132.4038,29,100,100,43,98,5.0467,99.9474,59,2.6582,255,255,0
nd1S06350,Left,1041977.tiff,68,119.7288,29,99,100,21,0,5.0055,99.9657,12,1.9646,255,255,0
nd1S06350,Left,1042031.tiff,76,55.7964,34,94,100,11,0,3.6052,99.8752,0,1.1113,255,255,0
nd1S06350,Left,1042213.tiff,78,122.3456,29,99,100,28,69,5.3278,99.9256,76,3.9198,255,255,0
nd1S06350,Left,1043101.tiff,59,56.2094,32,87,100,9,32,3.7627,99.8152,1,1.1024,255,255,0
nd1S06350,Left,1043114.tiff,72,69.2433,30,93,100,18,47,4.7816,99.8982,1,1.1078,255,255,1
nd1S06350,Left,1063844.tiff,77,58.8752,35,90,100,8,0,3.6999,99.8192,0,1.1642,255,255,0
nd1S06350,Left,1063854.tiff,78,69.1844,32,89,100,12,0,4.8766,99.9073,2,1.1069,255,255,1
nd1S06350,Left,1065254.tiff,67,140.4259,30,99,100,42,72,5.2609,99.9141,61,2.4644,255,255,0
nd1S06350,Left,1066012.tiff,33,116.9509,33,93,100,30,0,4.794,255,5,1.0093,255,255,255
nd1S06350,Left,1066016.tiff,46,120.3988,31,99,100,21,0,4.8927,99.9372,8,1.1037,255,255,4
nd1S06350,Left,1067164.tiff,84,131.2349,29,96,100,26,71,5.6465,99.894,73,4.0206,255,255,0
nd1S06352,Left,683173.tiff,88,134.3159,33,91,100,39,49,5.716,99.9575,82,255,255,255,255
nd1S06352,Left,683175.tiff,89,133.925,33,91,100,35,49,5.501,99.9752,83,3.8723,255,255,0
nd1S06352,Left,683177.tiff,84,110.4649,30,93,100,29,46,4.5151,99.9784,3,1.2542,255,255,2
nd1S06352,Left,683179.tiff,41,116.1658,30,92,100,38,7,5.1552,99.9424,19,1.6774,255,255,3
nd1S06352,Left,683181.tiff,65,108.1202,32,92,100,28,5,4.5224,99.8373,3,1.7268,255,255,1
nd1S06352,Left,696537.tiff,92,127.3262,27,91,100,25,52,5.5673,99.9733,75,4.1331,255,255,0
nd1S06352,Left,696539.tiff,86,128.6471,28,92,100,38,50,5.6325,99.9785,70,2.5492,255,255,0
nd1S06352,Left,696543.tiff,60,108.7324,25,96,100,28,10,4.6383,99.9447,13,2.0598,255,255,0
nd1S06352,Left,696545.tiff,68,110.4585,26,93,100,27,0,4.8156,99.8939,20,2.49,255,255,0
nd1S06352,Left,696547.tiff,70,111.0562,26,94,100,29,4,4.8748,99.9221,20,2.4505,255,255,0
nd1S06352,Left,696549.tiff,63,135.8283,28,90,100,43,26,5.0054,99.9714,56,1.1722,255,255,35
nd1S06352,Left,696552.tiff,75,135.0736,27,91,100,46,17,5.298,99.9511,72,1.3253,255,255,43
nd1S06352,Left,701824.tiff,92,108.34,29,92,100,32,39,4.6357,99.7193,35,3.6656,255,255,0
nd1S06352,Left,701828.tiff,90,111.1017,30,92,100,32,25,4.5858,99.893,30,3.243,255,255,0
nd1S06352,Left,709730.tiff,90,130.2308,32,91,100,38,47,5.6661,99.9602,65,2.0675,255,255,0
nd1S06352,Left,709736.tiff,40,118.4156,33,92,100,28,2,4.8205,99.9347,17,1.4019,255,255,5
nd1S06352,Left,709742.tiff,14,45.4568,50,0,100,0,0,2.5296,255,0,1.6143,255,255,255
nd1S06352,Left,709743.tiff,66,106.9162,34,87,100,17,30,3.7659,99.8252,0,1.2211,255,255,0
nd1S06352,Left,709745.tiff,59,106.0119,34,86,100,15,30,3.679,99.5935,0,1.1967,255,255,0
nd1S06352,Left,754133.tiff,88,129.3868,33,91,100,32,43,5.6141,99.9692,86,255,255,255,255
nd1S06352,Left,755971.tiff,91,137.22,33,92,100,58,98,5.2834,99.9319,57,1.0782,255,255,46
nd1S06352,Left,756804.tiff,64,114.9097,34,95,100,31,46,4.6605,99.9529,16,1.0762,255,255,10
nd1S06352,Left,756806.tiff,42,117.0867,32,93,100,24,0,4.407,99.9714,10,1.522,255,255,2
nd1S06352,Left,756808.tiff,60,120.676,29,94,100,23,0,4.6953,99.9211,8,1.4499,255,255,3
nd1S06352,Left,757524.tiff,84,121.097,32,94,100,29,34,4.4638,99.887,37,2.5495,255,255,0
nd1S06352,Left,757528.tiff,89,127.786,31,91,100,25,35,4.5553,99.9192,38,2.1017,255,255,0
nd1S06352,Left,761484.tiff,72,60.1698,36,96,100,17,5,3.8275,99.4534,0,1.4326,255,255,0
nd1S06352,Left,761487.tiff,64,63.3112,32,90,100,17,10,3.8904,99.8796,0,1.8154,255,255,0
nd1S06352,Left,761494.tiff,26,66.6339,21,64,100,28,0,4.5983,255,2,1.2944,255,255,255
nd1S06352,Left,761495.tiff,83,65.8072,29,87,100,19,9,4.3761,99.8429,1,1.1913,255,255,0
nd1S06352,Left,761496.tiff,68,65.6122,29,87,100,19,2,4.2656,99.8774,2,1.3082,255,255,1
nd1S06352,Right,824376.tiff,73,132.4412,32,94,100,57,97,4.9854,99.9764,34,1.885,255,255,3
nd1S06352,Right,825112.tiff,41,115.6048,35,94,100,30,0,4.9885,99.9395,14,1.317,255,255,5
nd1S06352,Right,825115.tiff,38,115.7365,32,94,100,35,0,4.9312,99.9618,22,1.7307,255,255,3
nd1S06352,Right,825118.tiff,36,113.769,34,93,100,35,0,4.9407,99.9601,19,1.6833,255,255,3
nd1S06352,Right,829045.tiff,88,129.8226,34,94,100,34,47,5.0491,99.962,78,4.3911,255,255,0
nd1S06352,Right,829048.tiff,86,130.9765,34,94,100,31,40,4.7982,99.9592,75,4.8432,255,255,0
nd1S06352,Right,829051.tiff,88,133.7614,35,94,100,37,49,5.2266,99.9781,81,255,255,255,255
nd1S06352,Right,829053.tiff,90,132.751,35,95,100,32,41,4.9508,99.9465,82,255,255,255,255
nd1S06352,Right,830739.tiff,81,128.716,36,93,100,33,44,4.5107,99.9553,50,1.6649,255,255,13
nd1S06352,Right,830740.tiff,84,128.5441,36,95,100,29,26,3.8774,99.897,29,3.7939,255,255,0
nd1S06352,Right,830746.tiff,84,129.1834,31,93,100,34,44,4.6825,99.9606,77,4.9626,255,255,0
nd1S06352,Right,830749.tiff,87,128.6861,31,93,100,31,31,4.0648,99.9482,71,5.5644,255,255,0
nd1S06352,Right,830750.tiff,74,62.9045,37,84,100,19,25,3.6481,99.7194,0,2.2838,255,255,0
nd1S06352,Right,830751.tiff,61,61.5696,35,86,100,22,10,3.5058,99.4868,0,2.2211,255,255,0
nd1S06352,Right,830753.tiff,48,73.5395,39,67,100,20,8,4.0594,99.324,0,2.3274,255,255,0
nd1S06352,Right,830754.tiff,75,62.3472,37,78,100,20,16,3.765,98.9953,0,2.3375,255,255,0
nd1S06352,Right,830785.tiff,72,66.3367,25,93,100,20,23,4.1961,99.8812,1,1.9619,255,255,0
nd1S06352,Right,830787.tiff,88,65.7823,28,89,100,26,25,4.4077,99.8895,1,1.5152,255,255,0
nd1S06352,Right,830788.tiff,84,67.5565,28,96,100,27,29,4.5881,99.8319,1,1.7239,255,255,0
nd1S06352,Right,830790.tiff,55,66.7733,32,93,100,22,15,4.3992,99.9698,2,1.9487,255,255,0
nd1S06352,Right,830791.tiff,77,66.1397,30,88,100,18,27,4.2981,99.8842,2,1.8558,255,255,0
nd1S06352,Right,858164.tiff,44,73.3157,48,72,100,19,8,3.8721,98.1433,0,2.4431,255,255,0
nd1S06352,Right,858165.tiff,58,64.3267,55,60,100,13,8,3.8261,96.4579,0,2.3297,255,255,0
nd1S06352,Right,858166.tiff,22,69.4226,64,87,100,15,3,3.8477,90.1991,0,2.408,255,255,0
nd1S06352,Right,858167.tiff,42,69.9496,48,67,100,14,9,3.7154,98.6536,0,2.3305,255,255,0
nd1S06352,Right,858168.tiff,51,47.7412,68,0,100,0,8,3.9339,87.2603,0,2.4365,255,255,0
nd1S06352,Right,858174.tiff,80,62.4843,31,82,100,13,22,4.1856,99.9051,1,2.4246,255,255,0
nd1S06352,Right,858175.tiff,88,65.3743,29,87,100,22,22,4.2238,99.9433,1,2.2898,255,255,0
nd1S06352,Right,858176.tiff,62,64.4687,29,89,100,15,29,4.1896,99.8901,1,2.4196,255,255,0
nd1S06352,Right,858177.tiff,85,63.7089,29,87,100,18,27,4.1105,99.9331,1,2.3196,255,255,0
nd1S06352,Right,858178.tiff,85,65.1915,29,90,100,21,28,4.2431,99.9261,2,2.3128,255,255,0
nd1S06352,Right,861756.tiff,84,136.7893,35,93,100,47,96,5.4108,99.9495,50,1.0592,255,255,42
nd1S06352,Right,861757.tiff,84,136.5223,34,93,100,46,96,5.3621,99.9687,61,1.2155,255,255,43
nd1S06352,Right,861758.tiff,85,136.1831,34,93,100,48,98,5.3621,99.9624,61,1.1992,255,255,44
nd1S06352,Right,861759.tiff,85,135.6189,34,93,100,47,96,5.345,99.956,62,1.1959,255,255,44
nd1S06352,Right,862714.tiff,44,118.3383,35,94,100,32,2,5.0509,99.9497,18,1.8041,255,255,2
nd1S06352,Right,862716.tiff,43,117.0855,34,94,100,32,0,5.0999,99.9196,23,1.7252,255,255,3
nd1S06352,Right,862718.tiff,44,116.9529,31,95,100,31,0,4.999,99.9415,16,1.5269,255,255,4
nd1S06352,Right,865112.tiff,89,127.9521,34,93,100,34,43,5.0871,99.9847,75,4.6265,255,255,0
nd1S06352,Right,865113.tiff,89,127.4381,34,93,100,28,37,4.8892,99.9641,76,4.7078,255,255,0
nd1S06352,Right,865116.tiff,89,119.6948,33,93,100,33,41,5.0095,99.9678,79,4.9974,255,255,0
nd1S06352,Right,865117.tiff,90,119.4881,33,94,100,29,35,4.9218,99.9619,80,4.6339,255,255,0
nd1S06352,Right,866305.tiff,86,112.8003,29,94,100,27,34,4.1974,99.9035,34,255,255,255,255
nd1S06352,Right,866306.tiff,87,112.3192,30,94,100,18,19,3.5178,99.9505,21,10.285,255,255,0
nd1S06352,Right,866309.tiff,88,119.4896,32,93,100,28,35,4.4822,99.9371,42,255,255,255,255
nd1S06352,Right,866310.tiff,88,119.0691,32,94,100,19,22,3.7665,99.8629,24,11.349,255,255,0
nd1S06352,Right,907372.tiff,49,62.9743,44,79,100,11,6,3.5325,98.9095,0,2.3927,255,255,0
nd1S06352,Right,907373.tiff,49,66.7054,57,82,100,15,8,4.244,91.9085,0,2.3207,255,255,0
nd1S06352,Right,907374.tiff,33,62.2149,63,73,100,12,3,3.9086,255,0,2.4276,255,255,255
nd1S06352,Right,907375.tiff,64,60.701,48,72,100,11,11,3.5337,99.5585,0,2.3912,255,255,0
nd1S06391,Left,684613.tiff,92,125.0732,43,95,100,20,50,5.4845,99.9077,88,2.3796,255,255,0
nd1S06391,Left,684621.tiff,75,112.4769,40,95,100,22,56,4.9861,99.914,28,2.3732,255,255,0
nd1S06391,Left,695623.tiff,82,118.7055,34,97,100,24,53,4.4929,99.932,22,1.1891,255,255,13
nd1S06391,Left,695629.tiff,45,122.1202,38,96,100,36,0,4.6547,99.9701,37,1.0289,255,255,18
nd1S06391,Left,724182.tiff,52,54.6864,45,92,100,15,25,3.6839,97.9496,0,1.3017,255,255,0
nd1S06391,Left,724185.tiff,78,62.0157,39,95,100,12,29,3.7669,99.4969,0,1.577,255,255,0
nd1S06391,Left,724195.tiff,72,69.4253,40,94,100,20,34,4.7716,99.9388,1,1.1231,255,255,1
nd1S06391,Left,724196.tiff,90,69.4415,44,90,100,14,36,4.3691,99.7917,2,1.123,255,255,1
nd1S06391,Left,728647.tiff,85,134.5418,47,96,100,31,94,5.3018,99.8982,75,1.127,255,255,58
nd1S06391,Left,729428.tiff,25,119.5636,45,96,100,23,2,4.3937,99.8746,18,1.0492,255,255,4
nd1S06391,Left,757902.tiff,11,126.4537,46,96,100,66,0,4.837,99.9528,71,1.0416,255,255,9
nd1S06391,Left,762763.tiff,66,61.4493,41,98,100,18,22,3.9201,99.5299,0,1.177,255,255,0
nd1S06391,Left,762773.tiff,63,86.4277,41,95,100,19,39,4.6731,99.8579,4,1.4039,255,255,2
nd1S06391,Left,762777.tiff,45,69.7425,41,94,100,17,0,4.4088,99.8825,2,1.4401,255,255,0
nd1S06391,Left,793845.tiff,67,133.4886,32,94,100,28,44,4.81,99.8965,44,1.1419,255,255,29
nd1S06391,Left,794764.tiff,53,115.7571,43,95,100,19,37,4.6342,99.9154,21,2.319,255,255,0
nd1S06391,Left,799792.tiff,87,121.3912,44,94,100,18,39,3.5931,99.9639,37,3.6102,255,255,0
nd1S06391,Left,827081.tiff,94,131.602,50,96,100,26,50,5.1119,99.8459,90,2.4866,255,255,0
nd1S06391,Left,868614.tiff,54,56.9881,40,87,100,16,38,4.5973,255,4,1.6472,255,255,255
nd1S06391,Left,868615.tiff,40,64.2286,38,87,100,16,34,4.4042,98.6909,2,1.3441,255,255,0
nd1S06391,Left,898439.tiff,43,116.9277,45,94,100,32,43,4.7443,99.5888,39,1.221,255,255,15
nd1S06391,Left,898443.tiff,41,112.774,43,91,100,34,36,4.546,98.5443,42,1.6176,255,255,7
nd1S06391,Left,900902.tiff,90,124.4529,46,96,100,19,38,4.0272,99.9225,60,1.3888,255,255,25
nd1S06406,Left,697799.tiff,78,113.382,43,92,100,32,74,5.4682,99.9596,53,2.6786,255,255,0
nd1S06406,Left,697803.tiff,80,124.933,46,90,100,23,74,5.3552,99.9446,81,3.7736,255,255,0
nd1S06406,Left,697805.tiff,27,117.7551,41,90,100,26,0,3.8033,99.8643,6,1.1438,255,255,1
nd1S06406,Left,697811.tiff,82,124.2131,30,91,100,38,99,5.1117,99.9388,35,1.0049,255,255,30
nd1S06406,Left,702216.tiff,58,118.2085,43,94,100,25,67,4.352,255,32,3.2717,255,255,255
nd1S06406,Left,707821.tiff,82,123.4576,48,89,100,13,71,5.4984,99.9384,82,2.347,255,255,0
nd1S06406,Left,707825.tiff,9,106.9373,46,93,100,28,0,4.9122,255,11,1.2935,255,255,255
nd1S06406,Left,707827.tiff,20,107.0948,48,94,100,12,9,4.457,99.9301,16,1.2671,255,255,2
nd1S06406,Left,707829.tiff,255,255,255,255,255,255,255,255,255,0,255,255,255,255
nd1S06406,Left,707830.tiff,45,71.9288,42,74,100,1,42,3.3228,99.319,0,1.1158,255,255,0
nd1S06406,Left,707831.tiff,51,72.2685,42,76,100,1,44,3.7634,98.9335,0,1.2124,255,255,0
nd1S06406,Left,707832.tiff,4,103.3422,37,82,100,30,255,4.6394,97.0447,1,1.0594,255,255,255
nd1S06406,Left,707836.tiff,0,116.0201,44,85,35,255,255,255,99.1872,2,1.0767,255,255,255
nd1S06406,Left,707839.tiff,15,114.7564,44,84,4,20,2,3.7471,99.4342,1,1.1222,255,255,0
nd1S06406,Left,707840.tiff,82,113.6005,43,91,100,23,99,4.8872,99.9485,79,1.5204,255,255,31
nd1S06406,Left,728116.tiff,51,105.368,50,93,100,14,30,4.6136,99.966,1,1.1101,255,255,0
nd1S06406,Left,731634.tiff,87,118.6397,50,93,100,29,71,5.4138,99.9768,69,1.7069,255,255,18
nd1S06406,Left,756714.tiff,41,114.5643,48,93,100,14,67,4.7669,99.8969,24,1.1117,255,255,10
nd1S06406,Left,761184.tiff,69,50.3242,58,78,100,7,29,3.459,99.3098,0,1.5584,255,255,0
nd1S06406,Left,761194.tiff,31,57.1864,51,69,100,16,55,4.0678,255,3,1.2652,255,255,255
nd1S06406,Left,761195.tiff,68,65.5408,40,83,100,11,3,4.4238,99.7905,3,1.3276,255,255,1
nd1S06406,Left,761196.tiff,41,56.9383,49,77,100,10,55,3.7466,255,6,1.3293,255,255,255
nd1S06406,Left,797425.tiff,62,55.9045,55,77,100,5,45,3.22,97.81,0,1.4293,255,255,0
nd1S06406,Left,797475.tiff,35,65.5364,32,91,100,5,12,4.5624,255,5,2.001,255,255,255
nd1S06406,Left,825341.tiff,33,107.0181,38,90,100,24,0,4.4681,99.9636,3,1.2748,255,255,1
nd1S06406,Left,831126.tiff,85,111.1061,41,91,100,20,57,4.0124,99.9216,35,1.8926,255,255,3
nd1S06406,Left,832047.tiff,8,38.5229,66,50,100,6,41,2.5254,99.1747,0,1.0712,255,255,0
nd1S06406,Left,869346.tiff,45,48.4433,20,0,100,25,255,3.9385,98.7693,1,1.1613,255,255,255
nd1S06406,Left,872096.tiff,87,121.77,39,91,100,27,62,4.1055,99.9149,80,5.1427,255,255,0
nd1S06406,Left,907919.tiff,47,46.21,43,69,100,14,0,4.0818,255,1,1.6697,255,255,255
nd1S06406,Left,938277.tiff,92,143.1796,36,90,100,34,99,4.9433,99.9746,59,1.1357,255,255,42
nd1S06406,Right,697806.tiff,68,115.8254,44,91,100,10,74,4.6245,99.7874,22,1.8338,255,255,3
nd1S06406,Right,702215.tiff,84,114.706,49,88,100,17,61,3.6969,99.8886,29,3.9179,255,255,0
nd1S06406,Right,707824.tiff,26,107.8276,49,91,100,23,0,5.074,99.7524,25,1.8966,255,255,1
nd1S06406,Right,707833.tiff,56,90.0865,36,74,100,10,43,3.8892,99.7506,0,1.0549,255,255,0
nd1S06406,Right,707834.tiff,0,91.9834,34,100,0,255,255,255,255,2,1.3025,255,255,255
nd1S06406,Right,707835.tiff,58,76.0374,43,85,100,3,48,3.9158,99.7091,0,1.0912,255,255,0
nd1S06406,Right,707837.tiff,42,62.9299,54,76,100,1,41,3.996,255,0,1.0192,255,255,255
nd1S06406,Right,707838.tiff,1,98.9587,48,63,0,255,255,2.1219,99.8909,2,1.0286,255,255,255
nd1S06406,Right,707844.tiff,90,115.8645,34,91,100,30,98,4.9932,99.9549,66,1.0522,255,255,52
nd1S06406,Right,727327.tiff,87,137.3696,39,91,100,31,99,4.929,99.9392,46,1.0901,255,255,34
nd1S06406,Right,728115.tiff,38,107.8235,50,93,100,18,15,4.9323,99.7312,9,1.7446,255,255,1
nd1S06406,Right,731637.tiff,90,114.1327,49,92,100,21,66,4.9708,99.8742,83,255,255,255,255
nd1S06406,Right,755844.tiff,90,137.2,35,92,100,28,99,5.1781,99.8979,45,1.0616,255,255,36
nd1S06406,Right,757435.tiff,88,115.2776,47,94,100,13,43,3.5476,99.833,24,10.5612,255,255,0
nd1S06406,Right,761189.tiff,49,66.0611,55,85,100,9,21,3.4544,95.1682,0,1.2735,255,255,0
nd1S06406,Right,761192.tiff,0,31.8224,30,85,100,255,255,255,99.5186,0,1.6614,255,255,255
nd1S06406,Right,761199.tiff,86,65.8566,42,85,100,14,50,4.105,99.8705,5,1.5285,255,255,1
nd1S06406,Right,761200.tiff,17,50.3781,63,52,100,12,12,3.8661,99.1622,2,1.1482,255,255,0
nd1S06406,Right,797431.tiff,32,82.0311,36,81,100,16,5,3.5926,99.5853,0,1.6167,255,255,0
nd1S06406,Right,797545.tiff,55,113.1157,50,91,100,12,68,4.8498,99.7623,34,1.7956,255,255,4
nd1S06406,Right,832050.tiff,27,54.0588,83,65,100,6,0,3.0553,61.3926,0,1.1669,255,255,0
nd1S06406,Right,869351.tiff,9,45.7543,50,71,100,17,39,4.2546,98.4751,1,1.5556,255,255,0
nd1S06406,Right,869352.tiff,65,66.0884,38,85,100,8,57,4.1669,99.8533,3,1.6239,255,255,1
nd1S06406,Right,871630.tiff,84,121.2834,40,92,100,23,69,4.9706,99.9386,52,1.9433,255,255,2
nd1S06406,Right,907924.tiff,89,68.5143,37,86,100,14,53,4.01,99.8782,2,1.1304,255,255,1
nd1S06406,Right,907925.tiff,39,47.6721,40,77,100,4,45,4.2029,98.1063,2,1.1456,255,255,0
nd1S06406,Right,941191.tiff,34,77.7729,36,56,100,16,39,3.5103,99.6063,1,1.7543,255,255,0
nd1S06406,Right,941201.tiff,76,65.5397,38,87,100,12,56,4.4009,99.8666,8,1.0373,255,255,4
nd1S06406,Right,941205.tiff,73,59.0868,42,80,100,18,5,4.7336,99.056,2,1.0073,255,255,1
nd1S06413,Right,696910.tiff,89,129.2425,50,95,100,23,66,5.1463,99.9024,83,4.4995,255,255,0
nd1S06413,Right,696916.tiff,25,102.8466,40,93,100,24,255,5.6262,255,8,1.8731,255,255,255
nd1S06413,Right,696918.tiff,67,109.1232,42,93,100,31,67,5.0204,99.8515,13,1.5847,255,255,4
nd1S06413,Right,696920.tiff,74,110.8187,43,93,100,25,69,5.28,99.9316,33,1.7934,255,255,6
nd1S06413,Right,696925.tiff,62,110.9429,33,93,100,17,94,5.4367,99.9488,34,1.1275,255,255,24
nd1S06413,Right,701943.tiff,75,120.8552,54,94,100,19,54,4.1031,99.9254,30,1.7661,255,255,5
nd1S06413,Right,753502.tiff,80,114.5578,60,94,100,20,61,5.2358,99.8912,78,4.4776,255,255,0
nd1S06413,Right,755375.tiff,56,115.7907,48,94,100,19,97,5.4283,99.8025,42,1.0789,255,255,28
nd1S06413,Right,760111.tiff,54,59.8834,49,57,100,7,29,4.0396,99.333,0,1.8105,255,255,0
nd1S06413,Right,760121.tiff,76,65.5224,49,90,100,11,42,4.651,99.9441,4,1.1352,255,255,2
nd1S06441,Right,1013737.tiff,78,69.6588,31,93,100,29,42,4.9014,99.9243,3,1.7633,255,255,1
nd1S06441,Right,1015667.tiff,67,106.9489,32,95,100,30,12,4.7257,99.9741,6,1.5175,255,255,2
nd1S06441,Right,1039497.tiff,82,130.4425,31,95,100,61,97,4.8282,99.9689,46,1.1182,255,255,33
nd1S06441,Right,1063361.tiff,41,78.9898,28,54,100,0,39,4.5891,99.7413,0,2.0787,255,255,0
nd1S06441,Right,1063369.tiff,72,66.6844,35,91,100,11,1,4.7602,99.925,12,1.7021,255,255,2
nd1S06441,Right,1065066.tiff,71,141.9565,35,96,100,36,85,5.3309,99.9034,66,1.1633,255,255,49
nd1S06441,Right,1088800.tiff,77,69.9129,32,92,100,13,7,4.9054,99.9305,28,1.1647,255,255,17
nd1S06441,Right,1089932.tiff,78,122.2862,30,95,100,43,89,4.8652,99.9155,55,1.4471,255,255,25
nd1S06441,Right,1091724.tiff,15,111.8878,42,58,100,24,255,5.0341,13.0866,88,4.5122,255,255,255
nd1S06441,Right,1129721.tiff,61,68.6929,33,91,100,8,44,4.6864,99.9505,19,2.1461,255,255,0
nd1S06441,Right,1130139.tiff,82,126.5728,32,94,100,40,81,4.9373,99.879,57,1.0803,255,255,43
nd1S06441,Right,1131499.tiff,79,116.9495,30,95,100,16,62,5.3308,99.9613,88,4.013,255,255,0
nd1S06441,Right,693567.tiff,87,122.4348,33,95,100,28,55,5.012,99.9559,88,3.7666,255,255,0
nd1S06441,Right,693573.tiff,33,106.6639,29,96,100,16,16,4.9325,99.9466,25,1.4603,255,255,5
nd1S06441,Right,693582.tiff,79,135.1047,31,95,100,38,98,5.4389,99.956,61,1.0892,255,255,50
nd1S06441,Right,700907.tiff,81,115.8051,34,96,100,23,42,3.7355,99.9598,48,4.4948,255,255,0
nd1S06441,Right,707879.tiff,79,112.3768,33,96,100,24,50,4.8432,99.9568,83,4.1508,255,255,0
nd1S06441,Right,707895.tiff,65,76.6748,43,94,100,3,31,3.3241,99.7244,0,1.1592,255,255,0
nd1S06441,Right,707898.tiff,24,119.2179,33,93,100,29,255,3.7903,99.8937,3,1.1695,255,255,255
nd1S06441,Right,724820.tiff,46,65.0779,31,89,100,11,0,3.5437,99.8841,1,2.1634,255,255,0
nd1S06441,Right,724827.tiff,84,68.7536,34,91,100,18,37,4.3678,99.9148,2,1.6078,255,255,0
nd1S06441,Right,724830.tiff,53,58.3891,20,81,100,22,0,4.8606,255,4,1.6258,255,255,255
nd1S06441,Right,732706.tiff,77,122.998,34,93,100,27,48,4.9753,99.9553,89,2.7327,255,255,0
nd1S06441,Right,760750.tiff,71,57.3194,41,85,100,8,29,3.5506,99.4613,1,2.2682,255,255,0
nd1S06441,Right,819459.tiff,86,56.1477,41,94,100,10,29,3.6161,99.7622,1,2.0668,255,255,0
nd1S06441,Right,819469.tiff,43,68.1396,35,92,100,16,0,4.2759,99.9264,6,1.8552,255,255,0
nd1S06441,Right,821621.tiff,81,120.256,36,95,100,28,98,5.1636,99.9307,68,1.5999,255,255,23
nd1S06441,Right,868706.tiff,75,56.188,43,89,100,6,30,3.4401,99.5477,0,2.201,255,255,0
nd1S06441,Right,940906.tiff,80,62.6766,45,82,100,9,7,3.6242,99.2706,1,1.6146,255,255,0
nd1S06441,Right,940908.tiff,66,67.8762,33,92,100,16,9,4.8219,99.7354,16,1.6209,255,255,4
nd1S06441,Right,968538.tiff,80,80.9407,33,90,100,12,7,4.8037,99.9033,6,1.1112,255,255,4
nd1S06441,Right,969972.tiff,52,63.9194,53,41,100,10,0,5.1624,99.3843,0,2.3323,255,255,0
nd1S06469,Right,757846.tiff,76,136.0188,39,93,100,26,93,5.8433,99.9521,57,1.093,255,255,50
nd1S06469,Right,759052.tiff,80,114.3403,39,91,100,13,36,4.2801,99.9054,56,2.1397,255,255,0
nd1S06469,Right,762632.tiff,77,56.0112,59,71,100,9,20,3.1507,99.5232,1,2.3455,255,255,0
nd1S06469,Right,823633.tiff,38,111.8945,33,93,100,19,6,5.4493,99.9393,61,1.7504,255,255,8
nd1S06469,Right,902479.tiff,70,65.3311,38,89,100,12,10,4.6098,99.8875,6,2.0845,255,255,0
nd1S06469,Right,906676.tiff,91,123.3504,36,93,100,16,32,4.653,99.9688,75,2.1952,255,255,0
nd1S06500,Left,1041722.tiff,77,129.5239,30,93,100,63,97,4.6759,99.9526,35,1.3815,255,255,17
nd1S06500,Left,1042607.tiff,85,128.4437,34,94,100,44,59,5.4237,99.8893,86,255,255,255,255
nd1S06500,Left,1044336.tiff,46,44.3672,45,63,100,0,34,5.3691,255,0,1.819,255,255,255
nd1S06500,Left,1044337.tiff,62,82.5723,42,74,100,8,11,5.3914,98.0539,0,255,255,255,255
nd1S06500,Left,1085950.tiff,71,83.2381,51,73,100,6,32,5.7095,98.9026,0,1.4007,255,255,0
nd1S06500,Left,1086731.tiff,82,140.4241,35,93,100,65,97,4.789,99.7887,42,1.3501,255,255,22
nd1S06500,Left,1131128.tiff,64,81.4171,53,76,100,9,31,5.4838,98.8972,0,1.3672,255,255,0
nd1S06500,Left,710087.tiff,87,133.6167,42,94,100,35,57,5.4693,99.9346,77,3.8811,255,255,0
nd1S06500,Left,710095.tiff,54,107.9951,26,99,100,35,0,4.9682,99.9533,9,1.6163,255,255,2
nd1S06500,Left,710103.tiff,72,84.2268,38,96,100,20,28,3.482,99.8962,0,1.0758,255,255,0
nd1S06500,Left,725845.tiff,62,79.4035,41,88,100,11,36,5.037,99.5198,0,1.2093,255,255,0
nd1S06500,Left,725850.tiff,59,69.7631,41,90,100,26,40,4.6752,99.7809,2,1.0447,255,255,1
nd1S06500,Left,730005.tiff,72,126.7608,47,95,100,48,98,5.0344,99.9439,22,1.2503,255,255,14
nd1S06500,Left,730711.tiff,62,114.8119,42,95,100,30,57,4.7137,99.9756,7,1.0329,255,255,5
nd1S06500,Left,766137.tiff,71,76.2817,44,82,100,11,30,4.9787,97.5502,0,1.2231,255,255,0
nd1S06500,Left,766146.tiff,65,69.7631,39,94,100,23,37,4.4953,99.8255,1,1.1589,255,255,1
nd1S06500,Left,795233.tiff,79,136.7913,38,92,100,55,96,5.4062,99.9006,46,1.0835,255,255,38
nd1S06500,Left,831075.tiff,81,116.7805,45,96,100,30,39,4.5663,99.9712,35,2.0239,255,255,0
nd1S06500,Left,831076.tiff,82,116.8057,46,97,100,25,38,3.6042,99.936,30,4.2548,255,255,0
nd1S06500,Left,831959.tiff,48,58.9109,38,78,100,24,37,4.4539,255,3,1.2747,255,255,255
nd1S06500,Left,831960.tiff,76,85.4252,33,85,100,19,42,5.5931,99.8516,1,1.2702,255,255,1
nd1S06500,Left,872835.tiff,80,129.1339,31,93,100,57,98,5.0873,99.9675,26,1.3091,255,255,15
nd1S06500,Left,873632.tiff,41,110.977,40,93,100,39,0,4.6245,98.227,5,2.303,255,255,0
nd1S06500,Left,994761.tiff,75,77.4853,31,88,100,22,36,4.6111,99.9128,3,1.4919,255,255,1
nd1S06500,Left,996609.tiff,71,114.9116,38,94,100,36,55,5.1725,99.9615,29,1.6694,255,255,8
nd1S06505,Left,1086402.tiff,73,58.1404,35,87,100,15,22,4.013,99.7389,1,1.064,255,255,0
nd1S06505,Left,1086403.tiff,70,57.7144,36,92,100,12,27,3.8267,99.1634,1,1.1439,255,255,0
nd1S06505,Left,1086410.tiff,67,66.6482,34,94,100,21,22,4.9858,99.7576,1,1.3017,255,255,0
nd1S06505,Left,1086411.tiff,68,67.6284,34,90,100,17,0,5.1578,99.8573,12,1.2454,255,255,6
nd1S06505,Left,1086412.tiff,70,66.5342,33,96,100,20,41,5.1652,99.9026,12,1.3532,255,255,6
nd1S06505,Left,1086967.tiff,54,137.0869,39,97,100,47,95,5.1946,255,41,1.1331,255,255,255
nd1S06505,Left,1087412.tiff,49,109.4313,36,94,100,30,0,5.0472,255,16,2.1274,255,255,255
nd1S06505,Left,1087414.tiff,56,111.4686,38,93,100,38,67,5.1024,255,3,2.1208,255,255,255
nd1S06505,Left,1087416.tiff,42,109.9488,36,97,100,35,0,4.7798,255,1,1.2049,255,255,255
nd1S06505,Left,1088189.tiff,67,125.9918,36,95,100,34,67,5.5639,99.959,79,4.0529,255,255,0
nd1S06505,Left,1088190.tiff,72,126.5801,35,96,100,35,68,5.7404,99.9669,80,3.9662,255,255,0
nd1S06505,Left,1088191.tiff,70,133.2811,37,94,100,34,68,5.7641,99.9534,82,3.9507,255,255,0
nd1S06505,Left,1103808.tiff,40,54.4038,35,89,100,13,2,3.7877,99.869,1,1.3032,255,255,0
nd1S06505,Left,1103809.tiff,74,55.1971,34,94,100,14,25,4.0634,99.9628,1,1.319,255,255,0
nd1S06505,Left,1103816.tiff,70,66.0147,35,93,100,20,41,5.2968,99.8721,21,1.6529,255,255,5
nd1S06505,Left,1103817.tiff,62,68.2452,36,93,100,14,0,5.3033,99.9054,19,1.6726,255,255,4
nd1S06505,Left,1103818.tiff,72,67.8724,33,90,100,20,23,5.192,99.9311,15,1.6849,255,255,3
nd1S06505,Left,1104788.tiff,37,142.9592,37,96,100,36,54,5.4187,99.9382,58,1.328,255,255,19
nd1S06505,Left,1105445.tiff,62,120.7872,37,97,100,31,63,5.1176,99.8974,31,1.1307,255,255,20
nd1S06505,Left,1105447.tiff,55,122.235,37,96,93,24,0,5.2626,99.953,29,1.4273,255,255,11
nd1S06505,Left,1105449.tiff,45,120.3503,38,96,100,17,0,5.2146,99.9342,30,1.3514,255,255,11
nd1S06505,Left,1106488.tiff,71,125.4598,35,95,100,33,65,5.6316,99.95,76,3.9634,255,255,0
nd1S06505,Left,1106490.tiff,70,119.9693,37,96,100,35,65,5.5722,99.9459,78,255,255,255,255
nd1S06505,Left,1106491.tiff,72,123.4624,36,92,100,34,67,5.5516,99.9684,81,255,255,255,255
nd1S06505,Left,1106493.tiff,71,118.414,38,96,100,35,68,5.5493,99.9675,84,255,255,255,255
nd1S06505,Left,832188.tiff,41,59.4103,35,97,100,15,0,3.7475,255,0,1.9457,255,255,255
nd1S06505,Left,832189.tiff,66,58.8365,36,93,100,18,31,3.9145,31.2151,1,1.9064,255,255,0
nd1S06505,Left,832195.tiff,59,87.1582,39,95,100,23,26,4.6954,34.7338,2,1.4937,255,255,0
nd1S06505,Left,832196.tiff,72,68.3127,37,96,100,21,43,4.9701,99.9018,5,1.9406,255,255,0
nd1S06505,Left,832197.tiff,58,69.0821,35,97,100,21,10,4.9588,99.7477,5,1.8974,255,255,0
nd1S06505,Left,832198.tiff,49,68.9622,33,96,100,18,0,4.8674,255,3,1.7172,255,255,255
nd1S06505,Left,832199.tiff,51,68.941,33,96,100,21,3,4.9071,255,2,1.6125,255,255,255
nd1S06505,Right,1086972.tiff,67,134.5462,38,95,100,55,98,5.5276,99.88,64,1.4543,255,255,31
nd1S06505,Right,1087417.tiff,52,110.7354,36,94,100,38,65,5.1997,255,15,2.083,255,255,255
nd1S06505,Right,1103815.tiff,44,58.0729,35,94,100,10,0,4.0552,255,1,1.0926,255,255,255
nd1S06505,Right,1103821.tiff,64,66.5822,35,93,100,23,37,5.3265,99.9398,19,1.5548,255,255,6
nd1S06505,Right,1104792.tiff,71,113.623,35,95,100,54,98,5.1881,99.9573,49,1.8366,255,255,7
nd1S06505,Right,710335.tiff,24,123.9032,42,94,100,36,255,5.4246,255,25,1.8189,255,255,255
nd1S06505,Right,710344.tiff,38,72.082,38,94,100,18,32,4.2071,93.747,0,2.2491,255,255,0
nd1S06505,Right,725956.tiff,39,62.1069,39,85,100,13,0,4.074,255,0,1.5506,255,255,255
nd1S06505,Right,725960.tiff,54,64.793,38,93,100,24,33,5.066,255,5,1.477,255,255,255
nd1S06505,Right,730113.tiff,68,122.0802,36,96,100,53,98,5.6023,99.9328,52,1.8944,255,255,5
nd1S06505,Right,733305.tiff,64,118.1293,44,96,100,30,56,5.396,20.6948,80,4.4075,255,255,0
nd1S06505,Right,766364.tiff,54,57.5115,38,87,100,14,33,4.0187,255,1,1.3387,255,255,255
nd1S06505,Right,766370.tiff,34,72.5917,37,92,100,15,3,4.8957,255,12,1.6202,255,255,255
nd1S06505,Right,768860.tiff,49,131.2016,45,94,100,28,43,4.354,255,36,3.9801,255,255,255
nd1S06505,Right,797004.tiff,43,121.5974,38,94,100,41,77,5.7377,255,54,1.7319,255,255,255
nd1S06505,Right,824626.tiff,74,138.2769,36,92,100,20,99,5.6333,99.9575,78,1.2847,255,255,52
nd1S06505,Right,831213.tiff,61,123.4186,45,93,100,29,45,4.3819,255,35,2.5757,255,255,255
nd1S06505,Right,832191.tiff,42,58.2327,51,78,100,11,2,3.9001,255,0,1.8479,255,255,255
nd1S06505,Right,832204.tiff,62,70.2399,34,92,100,23,40,5.0906,99.7904,4,1.5347,255,255,1
nd1S06516,Right,710767.tiff,35,111.0563,35,96,100,26,3,5.1085,99.9033,36,1.9676,255,255,0
nd1S06516,Right,710788.tiff,69,63.2122,51,92,100,15,26,3.3565,99.7883,0,2.4732,255,255,0
nd1S06516,Right,825590.tiff,36,104.2848,34,95,100,26,5,4.8194,99.9312,26,1.8925,255,255,1
nd1S06516,Right,903426.tiff,71,66.4706,34,90,100,17,2,4.2946,99.8769,4,2.0453,255,255,0
nd1S06516,Right,904588.tiff,86,117.8638,34,94,100,51,97,5.0274,99.9826,30,1.3783,255,255,16
nd1S06516,Right,905632.tiff,88,112.6136,35,94,100,31,42,5.1576,99.9462,90,255,255,255,255
nd1S06516,Right,906862.tiff,90,118.1681,35,94,100,24,27,4.4799,99.913,81,5.3592,255,255,0
nd1S06543,Right,721416.tiff,53,72.3502,53,59,100,19,20,4.0104,96.2152,0,2.1439,255,255,0
nd1S06543,Right,726938.tiff,83,132.8732,33,93,100,50,97,5.4633,99.9694,28,1.1939,255,255,21
nd1S06543,Right,731282.tiff,77,123.8764,39,94,100,30,57,5.3744,99.9275,81,255,255,255,255
nd1S06543,Right,969332.tiff,81,66.6293,34,90,100,26,33,4.9971,99.9058,3,1.9026,255,255,0
nd1S06543,Right,969333.tiff,67,67.6115,34,91,100,16,8,4.771,99.9259,2,2.1304,255,255,0
nd1S06543,Right,969335.tiff,70,65.0737,34,86,100,17,41,4.7179,99.9422,1,2.0367,255,255,0
nd1S06543,Right,970762.tiff,39,63.6033,52,71,100,19,4,4.1097,255,0,1.8811,255,255,255
nd1S06543,Right,970766.tiff,52,67.29,63,82,100,19,5,3.8639,64.1526,0,2.0728,255,255,0
nd1S06543,Right,971671.tiff,71,140.8371,31,92,100,38,99,5.6234,99.919,57,1.2679,255,255,39
nd1S06543,Right,973523.tiff,85,124.3601,33,93,100,29,61,5.2233,99.9313,81,4.1641,255,255,0
nd1S06745,Left,1014360.tiff,44,66.5756,53,85,100,21,4,4.6886,255,1,1.6608,255,255,255
nd1S06745,Left,1014372.tiff,60,56.2358,35,76,100,11,26,4.575,99.8383,4,1.1127,255,255,1
nd1S06745,Left,1015304.tiff,62,140.1273,35,94,100,38,84,5.1348,99.9204,64,1.2423,255,255,37
nd1S06745,Left,1064341.tiff,46,57.5142,13,62,100,29,0,5.3161,87.3856,1,1.2568,255,255,0
nd1S06745,Left,1066174.tiff,35,103.5356,37,88,100,38,2,4.4155,94.169,22,1.2213,255,255,6
nd1S06745,Left,1083269.tiff,56,126.5861,35,95,100,43,22,4.4799,99.8101,66,1.1127,255,255,35
nd1S06745,Left,1085403.tiff,77,64.8352,33,89,100,17,29,4.4279,99.9217,7,1.1973,255,255,3
nd1S06745,Left,1085406.tiff,47,58.6771,36,92,100,26,1,5.0398,255,1,1.4045,255,255,255
nd1S06745,Left,1087549.tiff,89,127.0231,36,94,100,38,47,4.9299,99.9336,92,2.2581,255,255,0
nd1S06745,Left,936271.tiff,71,141.8338,36,93,100,51,83,4.9746,99.8986,45,1.9615,255,255,1
nd1S06745,Left,937761.tiff,42,117.4568,26,86,100,45,38,5.4498,255,82,255,255,255,255
nd1S06745,Left,942088.tiff,30,48.3554,25,79,100,27,0,4.5076,96.8915,1,1.7141,255,255,0
nd1S06745,Left,942091.tiff,85,60.2193,32,89,100,22,23,5.0138,99.9291,1,1.0659,255,255,1
nd1S06745,Left,964907.tiff,86,139.1034,34,94,100,50,78,5.0854,99.9085,47,1.8651,255,255,5
nd1S06745,Left,966123.tiff,80,114.7804,34,93,100,35,44,5.079,99.9485,85,2.9888,255,255,0
nd1S06745,Right,1014368.tiff,27,70.155,47,71,100,4,8,5.098,255,0,1.1917,255,255,255
nd1S06745,Right,1014380.tiff,59,62.4029,36,88,100,20,30,4.6873,99.8827,4,2.1649,255,255,0
nd1S06745,Right,1034722.tiff,70,61.78,37,84,100,11,28,4.7938,99.8727,2,2.0707,255,255,0
nd1S06745,Right,1037935.tiff,56,125.3736,41,84,100,32,49,4.6713,255,78,255,255,255,255
nd1S06745,Right,1064346.tiff,33,59.2742,40,88,100,25,0,5.4019,95.6341,2,2.2461,255,255,0
nd1S06745,Right,1067479.tiff,56,126.2911,34,92,100,42,48,5.0449,255,81,2.6209,255,255,255
nd1S06745,Right,1067482.tiff,40,120.7917,18,86,100,36,255,4.783,255,78,255,255,255,255
nd1S06745,Right,1083305.tiff,78,125.2868,33,91,100,51,53,4.4705,99.9257,78,1.3122,255,255,40
nd1S06745,Right,1085401.tiff,32,61.1359,62,41,100,1,4,4.2805,98.8194,1,2.4209,255,255,0
nd1S06745,Right,1085407.tiff,43,63.5803,39,87,100,15,10,3.9089,99.523,5,2.294,255,255,0
nd1S06745,Right,1085411.tiff,63,61.367,36,95,100,23,4,4.8231,255,3,2.2021,255,255,255
nd1S06745,Right,1087555.tiff,92,127.6787,39,92,100,35,40,4.6635,99.8948,90,2.7392,255,255,0
nd1S06745,Right,936276.tiff,75,142.0837,37,90,100,49,93,4.7563,99.6955,67,1.482,255,255,27
nd1S06745,Right,937765.tiff,50,118.7793,37,92,100,36,44,4.8779,99.7302,88,4.0308,255,255,0
nd1S06745,Right,942092.tiff,6,44.182,46,55,100,22,255,3.4843,255,0,2.2377,255,255,255
nd1S06745,Right,942094.tiff,49,56.9853,38,86,100,24,6,4.9459,255,5,2.1681,255,255,255
nd1S06745,Right,942097.tiff,32,62.3472,35,84,100,22,1,4.5354,99.8903,2,2.1268,255,255,0
nd1S06745,Right,966132.tiff,82,115.1459,35,92,100,34,41,4.6434,99.939,86,255,255,255,255
nd1S06760,Right,938254.tiff,82,117.2402,35,94,100,44,98,5.3855,99.9603,83,1.1753,255,255,61
nd1S06760,Right,939286.tiff,42,105.4776,36,87,100,26,67,5.9675,255,38,1.9368,255,255,255
nd1S06760,Right,964755.tiff,69,117.5986,31,95,100,36,95,5.4982,99.9372,74,1.4262,255,255,38
nd1S06760,Right,967498.tiff,73,67.6658,37,89,100,14,40,4.81,99.8914,6,1.429,255,255,2
nd1S06760,Right,995362.tiff,82,67.2409,36,89,100,17,20,4.8392,99.8335,3,1.4272,255,255,1
nd1S06760,Right,997452.tiff,78,133.9682,37,94,100,27,60,5.2202,99.9119,90,255,255,255,255
nd1S06768,Left,938470.tiff,80,139.1306,31,93,100,37,98,5.3853,99.8545,49,1.4785,255,255,23
nd1S06768,Left,938497.tiff,84,138.3039,30,94,100,47,44,5.5704,99.9277,58,1.4378,255,255,30
nd1S06768,Left,942868.tiff,86,68.135,40,83,100,22,1,4.922,98.7104,1,1.3276,255,255,0
nd1S06768,Left,942871.tiff,88,67.6576,42,91,100,21,33,4.575,99.7925,0,1.7958,255,255,0
nd1S06768,Left,942874.tiff,74,76.5102,34,89,100,17,2,4.765,99.8229,4,1.2483,255,255,2
nd1S06768,Left,944371.tiff,44,117.7128,30,96,100,27,3,5.1302,99.907,19,1.5184,255,255,5
nd1S06768,Left,944375.tiff,88,115.036,29,95,100,25,54,4.9299,99.8651,28,1.5515,255,255,10
nd1S06768,Left,948388.tiff,71,66.1468,47,70,100,12,7,4.5575,96.6152,0,1.3787,255,255,0
nd1S06768,Left,948390.tiff,11,71.9765,75,81,100,2,7,4.946,91.1583,0,1.3547,255,255,0
nd1S06768,Left,948391.tiff,83,66.3402,59,86,100,16,9,4.5002,99.0598,0,1.5673,255,255,0
nd1S06768,Right,938514.tiff,71,140.6333,32,93,100,23,99,5.2188,99.8934,57,2.0672,255,255,0
nd1S06768,Right,942860.tiff,63,62.1192,35,87,100,13,2,4.0746,99.8756,0,1.8121,255,255,0
nd1S06768,Right,942878.tiff,61,84.7631,29,76,100,22,39,5.1757,99.856,1,1.3818,255,255,0
nd1S06768,Right,942880.tiff,62,67.3614,33,87,100,15,40,4.6864,99.7629,8,1.3959,255,255,3
nd1S06768,Right,942884.tiff,80,72.1896,35,87,100,19,17,4.9181,99.838,0,1.6051,255,255,0
nd1S06768,Right,942886.tiff,84,76.0415,33,91,100,20,10,4.6241,99.7095,11,1.1464,255,255,7
nd1S06768,Right,943297.tiff,73,140.8823,32,92,100,25,99,5.1686,99.8051,57,2.1238,255,255,0
nd1S06768,Right,944376.tiff,85,114.8128,30,94,100,25,54,5.1166,99.9407,30,2.0579,255,255,0
nd1S06768,Right,945234.tiff,87,111.6683,26,95,100,26,56,4.7397,99.7399,71,4.1363,255,255,0
nd1S06768,Right,945238.tiff,90,112.0907,29,94,100,32,50,4.7328,99.9643,78,4.1533,255,255,0
nd1S06768,Right,948395.tiff,31,58.9368,80,23,100,4,0,4.5309,86.3195,0,1.9429,255,255,0
nd1S06775,Right,1017574.tiff,72,68.1543,31,82,100,10,24,4.1888,99.9383,1,1.0602,255,255,1
nd1S06775,Right,1017593.tiff,68,68.1983,33,92,100,12,0,4.4972,99.9373,3,1.5207,255,255,1
nd1S06775,Right,1019175.tiff,90,139.5948,29,93,100,39,99,5.7303,99.8659,42,1.0356,255,255,39
nd1S06775,Right,1019797.tiff,33,122.8091,37,97,100,24,0,5.0671,99.844,9,1.1829,255,255,3
nd1S06775,Right,1020468.tiff,89,122.3379,38,96,100,24,66,5.5628,99.6417,84,3.874,255,255,0
nd1S06775,Right,994507.tiff,56,74.9256,32,77,100,11,0,4.3787,99.853,1,1.0386,255,255,0
nd1S06775,Right,994517.tiff,73,67.2735,36,92,100,16,2,4.6203,99.9273,5,1.232,255,255,2
nd1S06775,Right,996038.tiff,32,116.4059,38,97,100,42,0,5.2356,99.7933,19,1.1246,255,255,7
nd1S06775,Right,996558.tiff,78,117.648,40,96,100,29,65,5.024,99.7723,25,1.549,255,255,9
nd1S06775,Right,997067.tiff,89,114.1116,37,97,100,27,61,5.0412,99.7329,83,4.4032,255,255,0
nd1S06788,Right,1009850.tiff,45,136.4053,47,80,100,25,96,5.2725,255,52,1.399,255,255,255
nd1S06788,Right,1011332.tiff,67,138.6373,34,90,100,29,74,5.9176,99.8923,85,255,255,255,255
nd1S06788,Right,1058664.tiff,52,114.6585,43,93,100,22,75,5.2889,255,15,1.667,255,255,255
nd1S06788,Right,1060175.tiff,26,51.0993,59,44,100,3,8,5.5215,255,2,1.2574,255,255,255
nd1S06788,Right,1060810.tiff,54,134.9709,42,92,100,25,72,5.1912,255,80,4.0148,255,255,255
nd1S06788,Right,946353.tiff,56,134.0814,49,94,100,24,72,5.5111,255,80,4.0922,255,255,255
nd1S06788,Right,946355.tiff,16,57.9734,96,0,100,13,57,5.2143,255,81,255,255,255,255
nd1S06788,Right,948081.tiff,7,44.3565,51,47,100,8,51,5.0707,255,13,1.8759,255,255,255
nd1S06793,Left,1010191.tiff,69,127.1993,33,95,100,23,32,5.5184,99.6878,46,1.1645,255,255,35
nd1S06793,Left,1010802.tiff,28,108.1831,34,95,100,13,28,5.1634,99.9425,10,1.2436,255,255,3
nd1S06793,Left,1012905.tiff,72,56.2795,33,90,100,8,27,4.1212,99.9086,0,1.5213,255,255,0
nd1S06793,Left,1012908.tiff,64,57.199,32,89,100,5,27,4.0907,99.647,0,1.8754,255,255,0
nd1S06793,Left,1012909.tiff,69,57.6384,32,90,100,6,27,4.092,99.721,0,1.8665,255,255,0
nd1S06793,Left,1012915.tiff,74,67.2774,33,87,100,7,41,5.0151,99.8109,1,1.1149,255,255,1
nd1S06793,Left,1034754.tiff,52,68.3705,35,90,100,10,12,5.2743,99.7608,5,1.1285,255,255,2
nd1S06793,Left,1034757.tiff,64,67.1353,30,92,100,18,9,5.3669,96.8319,15,1.3533,255,255,6
nd1S06793,Left,1034758.tiff,61,69.0682,36,90,100,9,39,5.2176,99.7919,4,1.0981,255,255,2
nd1S06793,Left,1036721.tiff,72,103.0178,37,95,0,22,45,4.9646,99.8464,11,1.4076,255,255,0
nd1S06793,Left,1057050.tiff,64,66.4905,33,85,100,11,44,5.0527,99.8664,1,1.469,255,255,0
nd1S06793,Left,1058860.tiff,47,101.5,38,88,6,26,0,5.1374,99.9116,5,1.1472,255,255,0
nd1S06793,Left,1105081.tiff,255,255,255,255,255,255,255,255,255,9,255,255,255,255
nd1S06793,Left,1105083.tiff,9,37.3608,32,100,0,9,255,3.9334,96.4893,17,1.6747,255,255,255
nd1S06793,Left,942629.tiff,82,54.9463,35,85,100,10,27,3.8922,99.5355,1,1.5125,255,255,0
nd1S06793,Left,942633.tiff,84,56.0121,34,87,100,10,26,3.8231,99.7742,1,1.2922,255,255,0
nd1S06793,Left,942642.tiff,88,74.0841,36,87,100,27,36,5.209,99.6691,10,1.7335,255,255,2
nd1S06793,Left,942644.tiff,90,68.4846,34,88,100,22,34,5.0857,99.9048,2,1.2968,255,255,1
nd1S06793,Left,942647.tiff,85,67.7638,34,90,100,14,40,5.0656,99.9456,2,1.0933,255,255,1
nd1S06793,Left,944196.tiff,78,114.5788,33,95,100,30,93,5.3038,99.9478,34,1.2785,255,255,22
nd1S06793,Left,945047.tiff,89,120.1986,31,95,100,30,53,5.2227,99.9451,22,1.1504,255,255,16
nd1S06793,Left,946588.tiff,91,113.8798,33,93,100,26,55,5.6359,99.9532,81,4.1705,255,255,0
nd1S06793,Left,962138.tiff,77,56.7253,31,87,100,9,27,4.2015,99.7854,1,1.7565,255,255,0
nd1S06793,Left,962148.tiff,93,67.8747,33,88,100,15,34,5.0341,99.8098,6,1.0742,255,255,4
nd1S06793,Left,962853.tiff,82,123.3767,37,94,100,33,98,5.2744,99.894,69,1.3272,255,255,41
nd1S06793,Left,963384.tiff,37,115.7213,34,94,100,18,0,5.1416,99.8997,37,1.5923,255,255,7
nd1S06793,Left,964270.tiff,91,118.936,34,93,100,21,55,5.6836,99.9018,82,2.7088,255,255,0
nd1S06793,Left,988194.tiff,63,104.1522,31,93,100,26,91,5.5145,99.9619,47,1.1436,255,255,33
nd1S06793,Left,988806.tiff,63,108.9711,32,94,20,18,0,5.0418,99.8654,17,1.1083,255,255,3
nd1S06793,Left,988810.tiff,77,101.0937,35,87,3,15,62,4.9911,99.8362,11,1.1609,255,255,0
nd1S06793,Left,989818.tiff,87,108.3441,33,95,100,36,54,5.7344,99.9546,84,3.9775,255,255,0
nd1S06793,Left,989821.tiff,88,108.1375,34,94,100,41,58,5.8571,99.9388,87,4.0009,255,255,0
nd1S06793,Left,990823.tiff,68,56.0064,35,88,100,9,27,3.8403,99.8668,1,1.1705,255,255,0
nd1S06793,Left,990825.tiff,86,55.2253,37,90,100,12,8,3.7832,99.9011,0,1.4462,255,255,0
nd1S06793,Left,990827.tiff,66,55.8635,37,88,100,9,25,3.798,99.8044,1,1.3036,255,255,0
nd1S06793,Left,990832.tiff,81,67.5214,34,90,100,14,40,4.9549,99.6563,1,1.1965,255,255,1
nd1S06793,Right,1010198.tiff,87,126.8258,30,91,100,43,90,5.877,99.8141,74,2.0156,255,255,0
nd1S06793,Right,1034760.tiff,60,68.1305,30,89,100,18,13,5.4802,255,19,1.4365,255,255,255
nd1S06793,Right,1036016.tiff,83,112.7376,31,93,100,42,84,5.1943,99.8823,56,1.239,255,255,37
nd1S06793,Right,1037962.tiff,85,122.066,31,93,100,28,57,5.3922,99.9243,88,255,255,255,255
nd1S06793,Right,1057046.tiff,65,64.4849,34,82,100,10,12,4.1209,99.751,1,1.8093,255,255,0
nd1S06793,Right,1057054.tiff,40,67.5665,34,85,100,13,0,4.9196,99.8048,4,1.1159,255,255,1
nd1S06793,Right,1057056.tiff,59,65.297,31,87,100,14,41,5.2313,98.2137,2,1.2664,255,255,1
nd1S06793,Right,1059509.tiff,48,105.6357,27,94,100,35,255,5.56,255,75,4.594,255,255,255
nd1S06793,Right,1059510.tiff,55,118.5257,32,92,100,24,56,5.1281,99.9366,79,255,255,255,255
nd1S06793,Right,1059512.tiff,83,112.249,31,92,100,30,55,5.2481,99.9677,82,255,255,255,255
nd1S06793,Right,1102810.tiff,36,59.7001,39,82,100,9,0,4.0013,99.9086,1,2.1761,255,255,0
nd1S06793,Right,1102819.tiff,49,68.267,36,87,100,14,12,4.9694,99.8138,11,1.0886,255,255,5
nd1S06793,Right,1104337.tiff,70,114.5386,33,93,100,33,73,5.2528,99.8854,59,1.1597,255,255,43
nd1S06793,Right,1105770.tiff,89,125.4211,29,92,100,31,56,5.5723,99.9405,91,255,255,255,255
nd1S06793,Right,942648.tiff,67,78.7937,35,91,100,18,44,5.3263,99.8824,11,1.5166,255,255,4
nd1S06793,Right,944203.tiff,89,117.1967,33,93,100,55,98,5.6531,99.8897,46,1.1188,255,255,38
nd1S06793,Right,946597.tiff,50,122.0513,34,88,100,36,54,5.4002,255,76,255,255,255,255
nd1S06793,Right,962860.tiff,45,124.6067,35,92,100,25,2,5.8416,99.8856,22,1.4759,255,255,7
nd1S06793,Right,988198.tiff,42,118.326,31,92,100,39,0,5.758,99.9352,32,1.1487,255,255,16
nd1S06793,Right,989827.tiff,88,110.3869,32,92,100,31,55,5.4941,99.9634,85,255,255,255,255
nd1S06793,Right,990837.tiff,63,68.3898,34,84,100,12,42,5.0138,99.8816,2,1.07,255,255,1
nd1S06859,Right,1009917.tiff,73,141.2404,34,92,100,39,94,5.7742,99.9344,49,1.1168,255,255,42
nd1S06859,Right,1010601.tiff,24,113.9315,34,93,100,32,0,5.3995,99.9506,20,1.9136,255,255,1
nd1S06859,Right,1011408.tiff,83,128.692,32,92,100,35,54,5.3117,99.9766,84,4.0019,255,255,0
nd1S06859,Right,1012172.tiff,33,68.301,33,63,100,16,19,4.4482,99.6285,0,1.6105,255,255,0
nd1S06859,Right,1012175.tiff,63,55.3505,55,70,100,15,18,4.5202,99.324,0,1.4558,255,255,0
nd1S06859,Right,1012191.tiff,67,64.602,34,94,100,24,34,5.116,99.8507,1,1.1003,255,255,1
nd1S06868,Left,1018267.tiff,46,53.5044,48,81,100,16,5,5.2759,99.0514,1,2.2054,255,255,0
nd1S06868,Left,1018279.tiff,31,89.1744,42,95,100,33,0,5.4026,255,13,2.1172,255,255,255
nd1S06868,Left,1018280.tiff,35,59.7087,51,82,100,30,2,5.0909,255,12,2.1629,255,255,255
nd1S06868,Left,1018281.tiff,33,54.2498,25,91,100,33,0,5.1454,255,1,1.9175,255,255,255
nd1S06868,Left,1018282.tiff,37,53.129,39,76,100,29,0,5.1066,255,2,1.9311,255,255,255
nd1S06868,Left,1018283.tiff,30,67.9077,45,89,100,29,0,5.2792,255,4,2.0085,255,255,255
nd1S06868,Left,1018284.tiff,33,67.818,41,99,100,29,1,5.58,255,3,1.9945,255,255,255
nd1S06868,Left,1019387.tiff,42,123.1986,45,94,100,39,95,4.773,255,50,1.1841,255,255,255
nd1S06868,Left,1019390.tiff,56,127.3572,42,97,100,49,98,5.38,95.1118,40,1.0756,255,255,25
nd1S06868,Left,1019972.tiff,4,95.2155,54,85,100,52,255,4.5637,98.0012,12,1.1758,255,255,255
nd1S06868,Left,1020808.tiff,43,67.8032,50,56,100,34,62,5.5092,94.8413,48,2.0107,255,255,0
nd1S06868,Left,1020809.tiff,48,112.9357,44,96,100,50,71,5.5702,255,73,3.2303,255,255,255
nd1S06868,Left,1034369.tiff,34,44.2171,59,80,100,14,0,3.6564,255,0,2.1753,255,255,255
nd1S06868,Left,1034383.tiff,28,62.5357,49,94,100,21,0,5.0314,255,12,2.2408,255,255,255
nd1S06868,Left,1036615.tiff,16,123.3217,50,91,100,37,6,5.2116,76.2473,4,1.0923,255,255,1
nd1S06868,Left,1036617.tiff,7,118.6614,46,98,100,36,255,4.1702,98.8606,11,1.1159,255,255,255
nd1S06868,Left,1103556.tiff,64,49.6805,54,73,100,12,12,4.5857,99.5842,1,1.8146,255,255,0
nd1S06868,Left,1103567.tiff,67,77.9316,47,85,100,19,41,5.0959,96.6431,5,1.4256,255,255,2
nd1S06868,Left,1103568.tiff,61,62.2537,48,87,100,22,19,5.4542,99.7888,1,1.4511,255,255,0
nd1S06868,Left,1103569.tiff,33,59.6397,46,91,100,21,0,4.8211,255,2,1.6927,255,255,255
nd1S06868,Left,1105363.tiff,24,99.85,47,95,100,29,0,3.962,99.9313,1,1.2838,255,255,0
nd1S06868,Left,1105365.tiff,33,88.436,56,78,0,39,0,4.6893,99.7149,1,1.0566,255,255,0
nd1S06896,Left,1034350.tiff,1,25.6297,32,33,100,2,255,1.5,255,2,2.2678,255,255,255
nd1S06896,Left,1034361.tiff,34,62.822,42,93,100,17,0,4.9614,255,0,1.9432,255,255,255
nd1S06896,Left,1036609.tiff,24,120.2367,50,95,100,39,0,4.6905,255,8,1.1695,255,255,255
nd1S06896,Left,1036611.tiff,31,90.7643,57,80,100,35,0,4.5935,99.4896,4,1.856,255,255,0
nd1S06896,Left,1037726.tiff,46,122.3536,48,99,100,46,70,5.9319,255,80,2.1778,255,255,255
nd1S06927,Right,1064034.tiff,85,57.1053,39,81,100,15,8,3.8493,99.8981,0,1.2256,255,255,0
nd1S06927,Right,1064042.tiff,0,67.3024,43,83,100,255,255,255,99.5818,22,1.2394,255,255,255
nd1S06927,Right,1064044.tiff,38,68.2026,42,85,100,17,12,4.8992,99.7448,19,1.389,255,255,4
nd1S06927,Right,1065335.tiff,61,127.5077,54,75,100,40,84,5.036,255,63,1.0653,255,255,255
nd1S06927,Right,1066075.tiff,40,114.7341,64,66,100,24,7,5.5579,90.6866,14,1.0668,255,255,5
nd1S06927,Right,1066079.tiff,36,112.803,53,88,100,30,12,6.2204,96.1075,30,1.4118,255,255,9
nd1S06927,Right,1088852.tiff,86,62.1839,39,87,100,17,25,4.2812,99.8141,2,1.2678,255,255,1
nd1S06927,Right,1088860.tiff,76,69.6966,41,84,100,21,38,4.7336,99.8657,12,1.5483,255,255,3
nd1S06927,Right,1089963.tiff,87,135.5562,40,93,100,57,98,5.2578,99.9133,42,1.1663,255,255,31
nd1S06927,Right,1090656.tiff,29,108.9502,40,91,100,33,0,5.1952,99.9645,37,1.3878,255,255,8
nd1S06927,Right,1103912.tiff,23,55.1764,55,71,100,10,2,3.2611,99.6296,1,1.4362,255,255,0
nd1S06927,Right,1103920.tiff,74,89.8263,39,89,100,21,14,4.5833,99.4239,14,1.4942,255,255,5
nd1S06927,Right,1104847.tiff,39,117.0337,35,93,100,58,10,4.7351,99.9199,47,2.1515,255,255,0
nd1S06927,Right,1126289.tiff,86,117.0516,39,93,100,59,97,4.7526,99.9573,39,1.0928,255,255,28
nd1S06927,Right,1128615.tiff,60,77.1555,36,72,100,15,14,4.6589,99.8434,1,1.1607,255,255,0
nd1S06927,Right,1128626.tiff,62,70.5117,43,82,100,21,37,4.8107,99.612,7,1.5405,255,255,2
nd1S06932,Right,1086667.tiff,66,135.1119,32,92,100,56,98,5.3294,99.9234,54,1.2198,255,255,35
nd1S06932,Right,1090208.tiff,35,118.4455,35,94,100,17,0,5.1813,99.964,25,1.1879,255,255,9
nd1S06932,Right,1090210.tiff,67,115.3605,36,93,100,23,60,5.1484,99.9594,31,1.0146,255,255,25
nd1S06932,Right,1090874.tiff,43,104.7996,42,82,100,18,56,5.6675,255,54,2.166,255,255,255
nd1S06932,Right,1090875.tiff,47,121.6807,31,88,100,35,255,5.2539,255,70,5.0066,255,255,255
nd1S06932,Right,1090876.tiff,76,116.9311,30,92,100,35,55,5.3269,99.977,86,4.6459,255,255,0
nd1S06943,Right,1081600.tiff,31,66.3344,36,92,100,14,0,4.4465,99.8751,4,1.9752,255,255,0
nd1S06943,Right,1081607.tiff,24,45.0385,76,54,100,7,0,3.645,255,1,1.9751,255,255,255
nd1S06943,Right,1081610.tiff,19,73.8286,53,57,100,16,0,4.1025,255,0,1.8751,255,255,255
nd1S06943,Right,1083142.tiff,64,119.7235,39,95,100,51,59,4.4077,99.9396,55,1.0428,255,255,35
nd1S06943,Right,1083857.tiff,19,112.0092,43,85,100,31,4,5.2375,99.7206,46,2.0145,255,255,0
nd1S06943,Right,1083859.tiff,85,111.0231,42,97,100,27,52,4.5282,99.9548,62,1.4804,255,255,24
nd1S06943,Right,1083861.tiff,0,92.3926,40,72,92,255,255,255,255,7,1.5971,255,255,255
nd1S06943,Right,1084829.tiff,95,126.6993,41,96,100,24,51,4.7119,99.9193,88,2.8736,255,255,0
nd1S06943,Right,1084833.tiff,93,129.7847,39,96,100,29,46,4.5955,99.9685,93,2.7572,255,255,0
nd1S07015,Left,1189964.tiff,69,128.4579,34,95,100,28,67,5.2575,99.9584,87,255,255,255,255
nd1S07015,Left,1192216.tiff,69,115.1867,38,96,100,22,65,5.6412,99.9552,85,255,255,255,255
nd1S07015,Left,1192217.tiff,36,120.5605,39,91,100,41,54,5.9282,255,79,255,255,255,255
nd1S07015,Left,1192220.tiff,35,105.8,42,80,100,41,0,5.9898,95.6041,78,255,255,255,255
nd1S07015,Left,1192231.tiff,70,120.859,35,95,100,27,65,5.9315,99.9734,83,255,255,255,255
nd1S07015,Left,1192238.tiff,51,46.5518,60,17,100,5,60,5.4387,255,79,255,255,255,255
nd1S07015,Left,1192239.tiff,21,105.6752,37,41,100,16,66,5.9462,93.8772,80,3.9919,255,255,0
nd1S07015,Left,1192244.tiff,66,102.4744,38,98,100,15,65,6.2499,99.2867,74,255,255,255,255
nd1S07015,Left,1192271.tiff,70,119.3068,36,94,100,35,68,5.6386,99.9732,87,2.8619,255,255,0
nd1S07015,Left,1192276.tiff,35,112.0543,41,93,100,35,67,5.8747,255,86,2.8006,255,255,255
nd1S07015,Left,1192279.tiff,32,108.9811,39,95,100,33,62,5.7848,86.956,83,255,255,255,255
nd1S07015,Left,1192284.tiff,53,93.0703,48,91,100,20,70,6.0278,255,80,2.2732,255,255,255
nd1S07015,Left,1192288.tiff,74,116.2473,37,95,100,36,68,5.6197,99.9455,86,2.8024,255,255,0
nd1S07015,Right,1148908.tiff,69,120.9956,33,93,100,18,62,5.5035,99.7326,81,4.576,255,255,0
nd1S07015,Right,1148945.tiff,27,68.028,51,41,100,4,66,5.2424,255,72,4.8747,255,255,255
nd1S07015,Right,1148984.tiff,54,125.2783,33,92,100,27,58,5.6037,99.8249,86,255,255,255,255
nd1S07015,Right,1149068.tiff,32,118.7276,34,90,100,46,62,5.6725,255,82,4.4521,255,255,255
nd1S07015,Right,1149289.tiff,15,110.9231,31,76,100,22,255,5.37,255,78,4.5488,255,255,255
nd1S07015,Right,1151784.tiff,81,135.4307,31,93,100,21,62,5.6703,99.4415,85,4.608,255,255,0
nd1S07015,Right,1152103.tiff,37,113.6759,32,83,100,28,65,5.5967,255,62,3.4949,255,255,255
nd1S07015,Right,1152104.tiff,76,119.9524,38,93,100,20,64,5.3549,99.9731,82,4.6146,255,255,0
nd1S07015,Right,1152117.tiff,62,107.2589,43,86,100,23,57,4.922,99.8524,29,2.7791,255,255,0
nd1S07015,Right,1152143.tiff,255,255,255,255,255,255,255,255,255,66,255,255,255,255
nd1S07015,Right,1152239.tiff,75,128.0741,37,94,100,16,65,5.3705,99.9705,85,4.1461,255,255,0
nd1S07015,Right,1152242.tiff,45,107.6369,37,91,100,23,65,5.4063,255,78,4.6028,255,255,255
nd1S07015,Right,1152243.tiff,60,111.1936,37,95,100,18,64,5.2724,99.9218,81,4.1083,255,255,0
nd1S07015,Right,1152268.tiff,45,118.9387,34,95,100,18,63,5.2017,255,79,4.7539,255,255,255
nd1S07015,Right,1152282.tiff,31,112.2438,31,58,100,28,57,5.099,255,82,255,255,255,255
nd1S07015,Right,1152289.tiff,46,114.1828,34,92,100,26,61,4.9201,255,81,4.6459,255,255,255
nd1S07015,Right,1155278.tiff,18,63.0756,50,3,100,8,55,5.5361,255,76,4.6993,255,255,255
nd1S07015,Right,1155279.tiff,64,122.17,35,94,100,20,61,5.6294,99.6981,81,4.2462,255,255,0
nd1S07015,Right,1155289.tiff,255,255,255,255,255,255,255,255,255,76,255,255,255,255
nd1S07015,Right,1155318.tiff,8,122.8296,47,42,100,34,16,5.4863,255,80,4.5582,255,255,255
nd1S07015,Right,1155337.tiff,35,129.5782,38,82,100,39,28,5.5565,255,81,4.043,255,255,255
nd1S07015,Right,1155759.tiff,67,123.4284,40,93,100,14,65,5.574,99.8583,84,255,255,255,255
nd1S07015,Right,1155772.tiff,31,118.9102,48,82,100,28,64,5.3545,255,84,4.2108,255,255,255
nd1S07015,Right,1157712.tiff,26,118.4272,33,92,100,28,0,5.1907,99.9597,39,1.4827,255,255,6
nd1S07015,Right,1157721.tiff,72,120.4249,35,94,100,31,96,5.3079,99.9317,59,1.7014,255,255,16
nd1S07015,Right,1160829.tiff,70,134.0815,32,93,100,33,95,5.5215,99.8608,49,1.8064,255,255,9
nd1S07015,Right,1160894.tiff,65,133.0657,35,91,100,43,92,5.2227,99.9399,37,1.4276,255,255,17
nd1S07015,Right,1189974.tiff,69,119.8988,38,93,100,21,65,5.2626,99.9097,81,4.5345,255,255,0
nd1S07015,Right,1189980.tiff,56,116.9722,41,95,100,20,66,5.5398,99.8838,81,4.3419,255,255,0
nd1S07015,Right,1190010.tiff,51,56.0568,65,21,100,16,63,4.9233,255,78,4.2613,255,255,255
nd1S07015,Right,1190031.tiff,13,39.3584,119,0,100,8,56,4.9638,99.884,77,4.321,255,255,0
nd1S07015,Right,1190548.tiff,66,129.5542,40,95,100,38,96,5.0076,99.9014,32,1.3983,255,255,15