id,recordingid,sequenceid,date,subjectid,eye,color,glasses,collectionid,stageid,environmentid,sensorid,illuminantid,illuminantid1,weather,fileid,contacts,contacts_type,contacts_texture,contacts_toric,contacts_cosmetic,gender,YOB,race,tag_list
610853,nd1R946402,02463d3860,10/26/11 13:41,nd1S02463,Left,Brown,No,nd1C00068,nd1T00054,nd1E00107,nd1N00073,"nd1I00036\,stdI00002",,Inside,1013655,No,,No,No,No,Male,1956,White,
610864,nd1R946413,02463d3871,10/26/11 13:41,nd1S02463,Left,Brown,No,nd1C00068,nd1T00053,nd1E00107,nd1N00073,"nd1I00036\,stdI00002",,Inside,1013666,No,,No,No,No,Male,1956,White,
612850,nd1R947059,02463d3879,10/26/11 13:41,nd1S02463,Left,Brown,No,nd1C00068,nd1T00050,nd1E00107,nd1N00048,"nd1I00022\,stdI00002",,Inside,1015652,No,,No,No,No,Male,1956,White,
623912,nd1R990666,02463d3989,11/9/11 13:18,nd1S02463,Left,Brown,No,nd1C00068,nd1T00054,nd1E00107,nd1N00073,"nd1I00036\,stdI00002",,Inside,1038326,No,,No,No,No,Male,1956,White,
638074,nd1R1003237,02463d4024,2/9/12 14:57,nd1S02463,Left,Brown,No,nd1C00072,nd1T00054,nd1E00107,nd1N00073,"nd1I00036\,stdI00002",,Inside,1063964,No,,No,No,No,Male,1956,White,
638083,nd1R1003246,02463d4033,2/9/12 14:57,nd1S02463,Left,Brown,No,nd1C00072,nd1T00053,nd1E00107,nd1N00073,"nd1I00036\,stdI00002",,Inside,1063973,No,,No,No,No,Male,1956,White,
638084,nd1R1003247,02463d4034,2/9/12 14:57,nd1S02463,Left,Brown,No,nd1C00072,nd1T00053,nd1E00107,nd1N00073,"nd1I00036\,stdI00002",,Inside,1063974,No,,No,No,No,Male,1956,White,
639409,nd1R1004191,02463d4040,2/9/12 14:57,nd1S02463,Left,Brown,No,nd1C00072,nd1T00049,nd1E00107,nd1N00079,"nd1I00023\,stdI00002",,Inside,1065299,No,,No,No,No,Male,1956,White,
651120,nd1R1029551,02463d4123,2/23/12 12:41,nd1S02463,Left,Brown,No,nd1C00072,nd1T00050,nd1E00107,nd1N00048,"nd1I00022\,stdI00002",,Inside,1090351,No,,No,No,No,Male,1956,White,
651925,nd1R1030347,02463d4131,2/23/12 12:41,nd1S02463,Left,Brown,No,nd1C00072,nd1T00051,nd1E00107,nd1N00074,"nd1I00028\,stdI00002",,Inside,1091156,No,,No,No,No,Male,1956,White,
120207,nd3R54005,02463d1258,9/7/04 13:00,nd1S02463,Left,Brown,No,nd1C00005,nd1T00002,nd1E00074,nd1N00006,"nd1I00016\,stdI00002",nd1I00004,Inside,161019,No,,No,No,No,Male,1956,White,
120213,nd3R54011,02463d1264,9/7/04 13:00,nd1S02463,Left,Brown,No,nd1C00005,nd1T00002,nd1E00074,nd1N00006,"nd1I00016\,stdI00002",nd1I00004,Inside,161025,No,,No,No,No,Male,1956,White,
125972,nd3R59770,02463d1301,10/26/04 13:00,nd1S02463,Left,Brown,No,nd1C00005,nd1T00002,nd1E00074,nd1N00006,"nd1I00016\,stdI00002",nd1I00004,Inside,166784,No,,No,No,No,Male,1956,White,
126591,nd3R60389,02463d1309,11/2/04 13:00,nd1S02463,Left,Brown,No,nd1C00005,nd1T00002,nd1E00074,nd1N00006,"nd1I00015\,stdI00002",nd1I00004,Inside,167403,No,,No,No,No,Male,1956,White,
138946,nd3R20499,02463d1138,1/27/04 13:00,nd1S02463,Left,Brown,No,nd1C00005,nd1T00002,nd1E00074,nd1N00006,"nd1I00015\,stdI00002",nd1I00004,Inside,179758,No,,No,No,No,Male,1956,White,
138971,nd3R20524,02463d1163,3/24/04 13:00,nd1S02463,Left,Brown,No,nd1C00005,nd1T00002,nd1E00074,nd1N00006,"nd1I00017\,stdI00002",nd1I00004,Inside,179783,No,,No,No,No,Male,1956,White,
160683,nd3R74376,02463d1432,1/18/05 13:00,nd1S02463,Left,Brown,No,nd1C00005,nd1T00002,nd1E00074,nd1N00006,"nd1I00015\,stdI00002",nd1I00004,Inside,201495,No,,No,No,No,Male,1956,White,
161285,nd3R74978,02463d1434,1/26/05 13:00,nd1S02463,Left,Brown,No,nd1C00005,nd1T00002,nd1E00074,nd1N00006,"nd1I00017\,stdI00002",nd1I00004,Inside,202097,No,,No,No,No,Male,1956,White,
161699,nd3R75392,02463d1444,2/8/05 13:00,nd1S02463,Left,Brown,No,nd1C00005,nd1T00002,nd1E00074,nd1N00006,"nd1I00015\,stdI00002",nd1I00004,Inside,202511,No,,No,No,No,Male,1956,White,
162212,nd3R75905,02463d1445,2/15/05 13:00,nd1S02463,Left,Brown,No,nd1C00005,nd1T00002,nd1E00074,nd1N00006,"nd1I00016\,stdI00002",nd1I00004,Inside,203024,No,,No,No,No,Male,1956,White,
163247,nd3R76942,02463d1454,3/1/05 13:00,nd1S02463,Left,Brown,No,nd1C00005,nd1T00002,nd1E00074,nd1N00006,"nd1I00016\,stdI00002",nd1I00004,Inside,204059,No,,No,No,No,Male,1956,White,
163780,nd3R77478,02463d1460,3/15/05 13:00,nd1S02463,Left,Brown,No,nd1C00005,nd1T00002,nd1E00074,nd1N00006,"nd1I00016\,stdI00002",nd1I00004,Inside,204592,No,,No,No,No,Male,1956,White,
164797,nd3R78498,02463d1474,3/29/05 13:00,nd1S02463,Left,Brown,No,nd1C00005,nd1T00002,nd1E00074,nd1N00006,"nd1I00015\,stdI00002",nd1I00004,Inside,205609,No,,No,No,No,Male,1956,White,
166619,nd3R80320,02463d1485,4/20/05 13:00,nd1S02463,Left,Brown,No,nd1C00005,nd1T00002,nd1E00074,nd1N00006,"nd1I00017\,stdI00002",nd1I00004,Inside,207431,No,,No,No,No,Male,1956,White,
173965,nd2R39957,02463d851,2/3/04 13:00,nd1S02463,Left,Brown,No,nd1C00005,nd1T00002,nd1E00074,nd1N00006,"nd1I00017\,stdI00002",nd1I00004,Inside,214777,No,,No,No,No,Male,1956,White,
363617,nd6R27421,02463d2702,11/17/09 0:00,nd1S02463,Left,Brown,No,nd1C00041,nd1T00002,nd1E00075,nd1N00016,"nd1I00015\,stdI00002",nd1I00012,Inside,515399,No,,No,No,No,Male,1956,White,
434379,nd1R1094901,02463d4221,11/1/06 0:00,nd1S02463,Left,Brown,Yes,nd1C00046,nd1T00002,nd1E00074,nd1N00006,"nd1I00015\,stdI00002",,Inside,659563,No,,No,No,No,Male,1956,White,
434382,,,11/1/06 0:00,nd1S02463,Left,Brown,Yes,,nd1T00002,nd1E00074,nd1N00006,"nd1I00015\,stdI00002",,Inside,659566,No,,No,No,No,Male,1956,White,
441541,nd1R1101416,02463d4287,3/1/07 0:00,nd1S02463,Left,Brown,No,nd1C00046,nd1T00002,nd1E00074,nd1N00006,"nd1I00016\,stdI00002",,Inside,666725,No,,No,No,No,Male,1956,White,
441786,nd1R1101659,02463d4304,3/21/07 0:00,nd1S02463,Left,Brown,No,nd1C00046,nd1T00002,nd1E00074,nd1N00006,"nd1I00015\,stdI00002",,Inside,666970,No,,No,No,No,Male,1956,White,
444358,nd1R1104209,02463d4326,4/26/07 0:00,nd1S02463,Left,Brown,No,nd1C00046,nd1T00002,nd1E00074,nd1N00006,"nd1I00016\,stdI00002",,Inside,669542,No,,No,No,No,Male,1956,White,
445489,nd7R29328,02463d3189,10/26/10 14:11,nd1S02463,Left,Brown,No,nd1C00055,nd1T00040,nd1E00085,nd1N00049,"nd1I00023\,stdI00002",,Inside,673946,No,,No,No,No,Male,1956,White,
461728,nd1R669427,02463d3349,1/25/11 13:24,nd1S02463,Left,Brown,No,nd1C00062,nd1T00056,nd1E00093,nd1N00059,"nd1I00026\,stdI00002",,Inside,704749,No,,No,No,No,Male,1956,White,
468687,nd1R676037,02463d3368,2/8/11 13:22,nd1S02463,Left,Brown,No,nd1C00062,nd1T00054,nd1E00093,nd1N00059,"nd1I00026\,stdI00002",,Inside,722165,No,,No,No,No,Male,1956,White,
473532,nd1R682368,02463d3399,2/8/11 13:22,nd1S02463,Left,Brown,No,nd1C00062,nd1T00049,nd1E00093,nd1N00049,"nd1I00023\,stdI00002",,Inside,727010,No,,No,No,No,Male,1956,White,
488820,nd1R711630,02463d3491,2/22/11 17:01,nd1S02463,Left,Brown,No,nd1C00062,nd1T00054,nd1E00093,nd1N00059,"nd1I00026\,stdI00002",,Inside,761884,No,,No,No,No,Male,1956,White,
547887,nd1R835368,02463d3759,4/14/11 14:40,nd1S02463,Left,Brown,No,nd1C00059,nd1T00051,nd1E00101,lg4000diff20,"nd1I00027\,stdI00002",,Inside,872071,No,,No,No,No,Male,1956,White,
564350,nd1R865728,02463d3801,4/28/11 16:43,nd1S02463,Left,Brown,No,nd1C00062,nd1T00054,nd1E00101,nd1N00059,"nd1I00026\,stdI00002",,Inside,909935,No,,No,No,No,Male,1956,White,
564390,nd1R865768,02463d3813,4/28/11 16:43,nd1S02463,Left,Brown,No,nd1C00062,nd1T00053,nd1E00101,nd1N00059,"nd1I00026\,stdI00002",,Inside,909975,No,,No,No,No,Male,1956,White,
565085,nd1R870246,02463d3831,4/28/11 16:43,nd1S02463,Left,Brown,No,nd1C00059,nd1T00051,nd1E00101,lg4000diff25,"nd1I00028\,stdI00002",,Inside,910670,No,,No,No,No,Male,1956,White,
569763,nd1R880158,02463d1679,7/17/07 13:00,nd1S02463,Left,Brown,No,nd1C00046,nd1T00002,nd1E00074,nd1N00006,"nd1I00017\,stdI00002",,Inside,934687,No,,No,No,No,Male,1956,White,
569767,nd1R880165,02463d1686,7/17/07 13:00,nd1S02463,Left,Brown,No,nd1C00046,nd1T00002,nd1E00074,nd1N00006,"nd1I00015\,stdI00002",,Inside,934691,No,,No,No,No,Male,1956,White,
569839,nd1R880251,02463d1694,8/27/07 13:00,nd1S02463,Left,Brown,No,nd1C00046,nd1T00002,nd1E00074,nd1N00006,"nd1I00017\,stdI00002",,Inside,934763,No,,No,No,No,Male,1956,White,
570109,nd1R880565,02463d1718,9/24/07 13:00,nd1S02463,Left,Brown,No,nd1C00046,nd1T00002,nd1E00074,nd1N00006,nd1I00015,,Inside,935033,No,,No,No,No,Male,1956,White,
570175,nd1R880643,02463d1729,10/1/07 13:00,nd1S02463,Left,Brown,No,nd1C00046,nd1T00002,nd1E00074,nd1N00006,nd1I00017,,Inside,935099,No,,No,No,No,Male,1956,White,
712766,nd1R1141175,04261d5995,10/31/13 11:50,nd1S04261,Left,Hazel,No,nd1C00082,nd1T00051,nd1E00131,nd1N00074,"nd1I00027\,stdI00002",,Inside,1192849,No,,No,No,No,Male,1964,White,"contacts-given\,contacts-soft-given"
712767,nd1R1141174,04261d5994,10/31/13 11:50,nd1S04261,Left,Hazel,No,nd1C00082,nd1T00051,nd1E00131,nd1N00074,"nd1I00027\,stdI00002",,Inside,1192850,No,,No,No,No,Male,1964,White,"contacts-given\,contacts-soft-given"
712768,nd1R1141173,04261d5993,10/31/13 11:50,nd1S04261,Left,Hazel,No,nd1C00082,nd1T00051,nd1E00131,nd1N00074,"nd1I00027\,stdI00002",,Inside,1192851,No,,No,No,No,Male,1964,White,"contacts-given\,contacts-soft-given"
712769,nd1R1141172,04261d5992,10/31/13 11:50,nd1S04261,Left,Hazel,No,nd1C00082,nd1T00051,nd1E00131,nd1N00074,"nd1I00027\,stdI00002",,Inside,1192852,No,,No,No,No,Male,1964,White,"contacts-given\,contacts-soft-given"
712770,nd1R1141171,04261d5991,10/31/13 11:50,nd1S04261,Left,Hazel,No,nd1C00082,nd1T00051,nd1E00131,nd1N00074,"nd1I00027\,stdI00002",,Inside,1192853,No,,No,No,No,Male,1964,White,"contacts-given\,contacts-soft-given"
712771,nd1R1141170,04261d5990,10/31/13 11:50,nd1S04261,Left,Hazel,No,nd1C00082,nd1T00051,nd1E00131,nd1N00074,"nd1I00027\,stdI00002",,Inside,1192854,No,,No,No,No,Male,1964,White,"contacts-given\,contacts-soft-given"
712772,nd1R1141169,04261d5989,10/31/13 11:50,nd1S04261,Left,Hazel,No,nd1C00082,nd1T00051,nd1E00131,nd1N00074,"nd1I00027\,stdI00002",,Inside,1192855,No,,No,No,No,Male,1964,White,"contacts-given\,contacts-soft-given"
712773,nd1R1141168,04261d5988,10/31/13 11:50,nd1S04261,Left,Hazel,No,nd1C00082,nd1T00051,nd1E00131,nd1N00074,"nd1I00027\,stdI00002",,Inside,1192856,No,,No,No,No,Male,1964,White,"contacts-given\,contacts-soft-given"
712774,nd1R1141167,04261d5987,10/31/13 11:50,nd1S04261,Left,Hazel,No,nd1C00082,nd1T00051,nd1E00131,nd1N00074,"nd1I00027\,stdI00002",,Inside,1192857,No,,No,No,No,Male,1964,White,"contacts-given\,contacts-soft-given"
712775,nd1R1141166,04261d5986,10/31/13 11:50,nd1S04261,Left,Hazel,No,nd1C00082,nd1T00051,nd1E00131,nd1N00074,"nd1I00027\,stdI00002",,Inside,1192858,No,,No,No,No,Male,1964,White,"contacts-given\,contacts-soft-given"
712776,nd1R1141165,04261d5985,10/31/13 11:50,nd1S04261,Left,Hazel,No,nd1C00082,nd1T00051,nd1E00131,nd1N00074,"nd1I00027\,stdI00002",,Inside,1192859,No,,No,No,No,Male,1964,White,"contacts-given\,contacts-soft-given"
712777,nd1R1141164,04261d5984,10/31/13 11:50,nd1S04261,Left,Hazel,No,nd1C00082,nd1T00051,nd1E00131,nd1N00074,"nd1I00027\,stdI00002",,Inside,1192860,No,,No,No,No,Male,1964,White,"contacts-given\,contacts-soft-given"
712778,nd1R1141163,04261d5983,10/31/13 11:50,nd1S04261,Left,Hazel,No,nd1C00082,nd1T00051,nd1E00131,nd1N00074,"nd1I00027\,stdI00002",,Inside,1192861,No,,No,No,No,Male,1964,White,"contacts-given\,contacts-soft-given"
712779,nd1R1141162,04261d5982,10/31/13 11:50,nd1S04261,Left,Hazel,No,nd1C00082,nd1T00051,nd1E00131,nd1N00074,"nd1I00027\,stdI00002",,Inside,1192862,No,,No,No,No,Male,1964,White,"contacts-given\,contacts-soft-given"
712780,nd1R1141161,04261d5981,10/31/13 11:50,nd1S04261,Left,Hazel,No,nd1C00082,nd1T00051,nd1E00131,nd1N00074,"nd1I00027\,stdI00002",,Inside,1192863,No,,No,No,No,Male,1964,White,"contacts-given\,contacts-soft-given"
712781,nd1R1141160,04261d5980,10/31/13 11:50,nd1S04261,Left,Hazel,No,nd1C00082,nd1T00051,nd1E00131,nd1N00074,"nd1I00027\,stdI00002",,Inside,1192864,No,,No,No,No,Male,1964,White,"contacts-given\,contacts-soft-given"
712782,nd1R1141159,04261d5979,10/31/13 11:50,nd1S04261,Left,Hazel,No,nd1C00082,nd1T00051,nd1E00131,nd1N00074,"nd1I00027\,stdI00002",,Inside,1192865,No,,No,No,No,Male,1964,White,"contacts-given\,contacts-soft-given"
712783,nd1R1141158,04261d5978,10/31/13 11:50,nd1S04261,Left,Hazel,No,nd1C00082,nd1T00051,nd1E00131,nd1N00074,"nd1I00027\,stdI00002",,Inside,1192866,No,,No,No,No,Male,1964,White,"contacts-given\,contacts-soft-given"
712784,nd1R1141157,04261d5977,10/31/13 11:50,nd1S04261,Left,Hazel,No,nd1C00082,nd1T00051,nd1E00131,nd1N00074,"nd1I00027\,stdI00002",,Inside,1192867,No,,No,No,No,Male,1964,White,"contacts-given\,contacts-soft-given"
712785,nd1R1141156,04261d5976,10/31/13 11:50,nd1S04261,Left,Hazel,No,nd1C00082,nd1T00051,nd1E00131,nd1N00074,"nd1I00027\,stdI00002",,Inside,1192868,No,,No,No,No,Male,1964,White,"contacts-given\,contacts-soft-given"
712786,nd1R1141155,04261d5975,10/31/13 11:50,nd1S04261,Left,Hazel,No,nd1C00082,nd1T00051,nd1E00131,nd1N00074,"nd1I00027\,stdI00002",,Inside,1192869,No,,No,No,No,Male,1964,White,"contacts-given\,contacts-soft-given"
712787,nd1R1141154,04261d5974,10/31/13 11:50,nd1S04261,Left,Hazel,No,nd1C00082,nd1T00051,nd1E00131,nd1N00074,"nd1I00027\,stdI00002",,Inside,1192870,No,,No,No,No,Male,1964,White,"contacts-given\,contacts-soft-given"
712788,nd1R1141153,04261d5973,10/31/13 11:50,nd1S04261,Left,Hazel,No,nd1C00082,nd1T00051,nd1E00131,nd1N00074,"nd1I00027\,stdI00002",,Inside,1192871,No,,No,No,No,Male,1964,White,"contacts-given\,contacts-soft-given"
712789,nd1R1141152,04261d5972,10/31/13 11:50,nd1S04261,Left,Hazel,No,nd1C00082,nd1T00051,nd1E00131,nd1N00074,"nd1I00027\,stdI00002",,Inside,1192872,No,,No,No,No,Male,1964,White,"contacts-given\,contacts-soft-given"
712790,nd1R1141151,04261d5971,10/31/13 11:50,nd1S04261,Left,Hazel,No,nd1C00082,nd1T00051,nd1E00131,nd1N00074,"nd1I00027\,stdI00002",,Inside,1192873,No,,No,No,No,Male,1964,White,"contacts-given\,contacts-soft-given"
712791,nd1R1141150,04261d5970,10/31/13 11:50,nd1S04261,Left,Hazel,No,nd1C00082,nd1T00051,nd1E00131,nd1N00074,"nd1I00027\,stdI00002",,Inside,1192874,No,,No,No,No,Male,1964,White,"contacts-given\,contacts-soft-given"
712792,nd1R1141149,04261d5969,10/31/13 11:50,nd1S04261,Left,Hazel,No,nd1C00082,nd1T00051,nd1E00131,nd1N00074,"nd1I00027\,stdI00002",,Inside,1192875,No,,No,No,No,Male,1964,White,"contacts-given\,contacts-soft-given"
712793,nd1R1141148,04261d5968,10/31/13 11:50,nd1S04261,Left,Hazel,No,nd1C00082,nd1T00051,nd1E00131,nd1N00074,"nd1I00027\,stdI00002",,Inside,1192876,No,,No,No,No,Male,1964,White,"contacts-given\,contacts-soft-given"
712794,nd1R1141147,04261d5967,10/31/13 11:50,nd1S04261,Left,Hazel,No,nd1C00082,nd1T00051,nd1E00131,nd1N00074,"nd1I00027\,stdI00002",,Inside,1192877,No,,No,No,No,Male,1964,White,"contacts-given\,contacts-soft-given"
712795,nd1R1141146,04261d5966,10/31/13 11:50,nd1S04261,Left,Hazel,No,nd1C00082,nd1T00051,nd1E00131,nd1N00074,"nd1I00027\,stdI00002",,Inside,1192878,No,,No,No,No,Male,1964,White,"contacts-given\,contacts-soft-given"
712796,nd1R1141145,04261d5965,10/31/13 11:50,nd1S04261,Left,Hazel,No,nd1C00082,nd1T00051,nd1E00131,nd1N00074,"nd1I00027\,stdI00002",,Inside,1192879,No,,No,No,No,Male,1964,White,"contacts-given\,contacts-soft-given"
712797,nd1R1141144,04261d5964,10/31/13 11:50,nd1S04261,Left,Hazel,No,nd1C00082,nd1T00051,nd1E00131,nd1N00074,"nd1I00027\,stdI00002",,Inside,1192880,No,,No,No,No,Male,1964,White,"contacts-given\,contacts-soft-given"
712798,nd1R1141143,04261d5963,10/31/13 11:50,nd1S04261,Left,Hazel,No,nd1C00082,nd1T00051,nd1E00131,nd1N00074,"nd1I00027\,stdI00002",,Inside,1192881,No,,No,No,No,Male,1964,White,"contacts-given\,contacts-soft-given"
712799,nd1R1141142,04261d5962,10/31/13 11:50,nd1S04261,Left,Hazel,No,nd1C00082,nd1T00051,nd1E00131,nd1N00074,"nd1I00027\,stdI00002",,Inside,1192882,No,,No,No,No,Male,1964,White,"contacts-given\,contacts-soft-given"
712800,nd1R1141141,04261d5961,10/31/13 11:50,nd1S04261,Left,Hazel,No,nd1C00082,nd1T00051,nd1E00131,nd1N00074,"nd1I00027\,stdI00002",,Inside,1192883,No,,No,No,No,Male,1964,White,"contacts-given\,contacts-soft-given"
712801,nd1R1141140,04261d5960,10/31/13 11:50,nd1S04261,Left,Hazel,No,nd1C00082,nd1T00051,nd1E00131,nd1N00074,"nd1I00027\,stdI00002",,Inside,1192884,No,,No,No,No,Male,1964,White,"contacts-given\,contacts-soft-given"
712802,nd1R1141139,04261d5959,10/31/13 11:50,nd1S04261,Left,Hazel,No,nd1C00082,nd1T00051,nd1E00131,nd1N00074,"nd1I00027\,stdI00002",,Inside,1192885,No,,No,No,No,Male,1964,White,"contacts-given\,contacts-soft-given"
712803,nd1R1141138,04261d5958,10/31/13 11:50,nd1S04261,Left,Hazel,No,nd1C00082,nd1T00051,nd1E00131,nd1N00074,"nd1I00027\,stdI00002",,Inside,1192886,No,,No,No,No,Male,1964,White,"contacts-given\,contacts-soft-given"
712804,nd1R1141137,04261d5957,10/31/13 11:50,nd1S04261,Left,Hazel,No,nd1C00082,nd1T00051,nd1E00131,nd1N00074,"nd1I00027\,stdI00002",,Inside,1192887,No,,No,No,No,Male,1964,White,"contacts-given\,contacts-soft-given"
712805,nd1R1141136,04261d5956,10/31/13 11:50,nd1S04261,Left,Hazel,No,nd1C00082,nd1T00051,nd1E00131,nd1N00074,"nd1I00027\,stdI00002",,Inside,1192888,No,,No,No,No,Male,1964,White,"contacts-given\,contacts-soft-given"
712806,nd1R1141135,04261d5955,10/31/13 11:50,nd1S04261,Left,Hazel,No,nd1C00082,nd1T00051,nd1E00131,nd1N00074,"nd1I00028\,stdI00002",,Inside,1192889,No,,No,No,No,Male,1964,White,"contacts-given\,contacts-soft-given"
712807,nd1R1141134,04261d5954,10/31/13 11:50,nd1S04261,Left,Hazel,No,nd1C00082,nd1T00051,nd1E00131,nd1N00074,"nd1I00028\,stdI00002",,Inside,1192890,No,,No,No,No,Male,1964,White,"contacts-given\,contacts-soft-given"
712808,nd1R1141133,04261d5953,10/31/13 11:50,nd1S04261,Left,Hazel,No,nd1C00082,nd1T00051,nd1E00131,nd1N00074,"nd1I00028\,stdI00002",,Inside,1192891,No,,No,No,No,Male,1964,White,"contacts-given\,contacts-soft-given"
712809,nd1R1141132,04261d5952,10/31/13 11:50,nd1S04261,Left,Hazel,No,nd1C00082,nd1T00051,nd1E00131,nd1N00074,"nd1I00028\,stdI00002",,Inside,1192892,No,,No,No,No,Male,1964,White,"contacts-given\,contacts-soft-given"
712810,nd1R1141131,04261d5951,10/31/13 11:50,nd1S04261,Left,Hazel,No,nd1C00082,nd1T00051,nd1E00131,nd1N00074,"nd1I00028\,stdI00002",,Inside,1192893,No,,No,No,No,Male,1964,White,"contacts-given\,contacts-soft-given"
712811,nd1R1141130,04261d5950,10/31/13 11:50,nd1S04261,Left,Hazel,No,nd1C00082,nd1T00051,nd1E00131,nd1N00074,"nd1I00028\,stdI00002",,Inside,1192894,No,,No,No,No,Male,1964,White,"contacts-given\,contacts-soft-given"
712812,nd1R1141129,04261d5949,10/31/13 11:50,nd1S04261,Left,Hazel,No,nd1C00082,nd1T00051,nd1E00131,nd1N00074,"nd1I00028\,stdI00002",,Inside,1192895,No,,No,No,No,Male,1964,White,"contacts-given\,contacts-soft-given"
712813,nd1R1141128,04261d5948,10/31/13 11:50,nd1S04261,Left,Hazel,No,nd1C00082,nd1T00051,nd1E00131,nd1N00074,"nd1I00028\,stdI00002",,Inside,1192896,No,,No,No,No,Male,1964,White,"contacts-given\,contacts-soft-given"
712814,nd1R1141127,04261d5947,10/31/13 11:50,nd1S04261,Left,Hazel,No,nd1C00082,nd1T00051,nd1E00131,nd1N00074,"nd1I00028\,stdI00002",,Inside,1192897,No,,No,No,No,Male,1964,White,"contacts-given\,contacts-soft-given"
712815,nd1R1141126,04261d5946,10/31/13 11:50,nd1S04261,Left,Hazel,No,nd1C00082,nd1T00051,nd1E00131,nd1N00074,"nd1I00028\,stdI00002",,Inside,1192898,No,,No,No,No,Male,1964,White,"contacts-given\,contacts-soft-given"
712876,nd1R1141065,04261d5885,10/31/13 11:50,nd1S04261,Right,Hazel,No,nd1C00082,nd1T00051,nd1E00131,nd1N00074,"nd1I00028\,stdI00002",,Inside,1192959,No,,No,No,No,Male,1964,White,"contacts-given\,contacts-soft-given"
712877,nd1R1141064,04261d5884,10/31/13 11:50,nd1S04261,Right,Hazel,No,nd1C00082,nd1T00051,nd1E00131,nd1N00074,"nd1I00028\,stdI00002",,Inside,1192960,No,,No,No,No,Male,1964,White,"contacts-given\,contacts-soft-given"
712878,nd1R1141063,04261d5883,10/31/13 11:50,nd1S04261,Right,Hazel,No,nd1C00082,nd1T00051,nd1E00131,nd1N00074,"nd1I00028\,stdI00002",,Inside,1192961,No,,No,No,No,Male,1964,White,"contacts-given\,contacts-soft-given"
712879,nd1R1141062,04261d5882,10/31/13 11:50,nd1S04261,Right,Hazel,No,nd1C00082,nd1T00051,nd1E00131,nd1N00074,"nd1I00028\,stdI00002",,Inside,1192962,No,,No,No,No,Male,1964,White,"contacts-given\,contacts-soft-given"
712883,nd1R1141058,04261d5878,10/31/13 11:50,nd1S04261,Right,Hazel,No,nd1C00082,nd1T00051,nd1E00131,nd1N00074,"nd1I00028\,stdI00002",,Inside,1192966,No,,No,No,No,Male,1964,White,"contacts-given\,contacts-soft-given"
712884,nd1R1141057,04261d5877,10/31/13 11:50,nd1S04261,Right,Hazel,No,nd1C00082,nd1T00051,nd1E00131,nd1N00074,"nd1I00028\,stdI00002",,Inside,1192967,No,,No,No,No,Male,1964,White,"contacts-given\,contacts-soft-given"
712885,nd1R1141056,04261d5876,10/31/13 11:50,nd1S04261,Right,Hazel,No,nd1C00082,nd1T00051,nd1E00131,nd1N00074,"nd1I00028\,stdI00002",,Inside,1192968,No,,No,No,No,Male,1964,White,"contacts-given\,contacts-soft-given"
712886,nd1R1141055,04261d5875,10/31/13 11:50,nd1S04261,Right,Hazel,No,nd1C00082,nd1T00051,nd1E00131,nd1N00074,"nd1I00027\,stdI00002",,Inside,1192969,No,,No,No,No,Male,1964,White,"contacts-given\,contacts-soft-given"
712887,nd1R1141054,04261d5874,10/31/13 11:50,nd1S04261,Right,Hazel,No,nd1C00082,nd1T00051,nd1E00131,nd1N00074,"nd1I00027\,stdI00002",,Inside,1192970,No,,No,No,No,Male,1964,White,"contacts-given\,contacts-soft-given"
712888,nd1R1141053,04261d5873,10/31/13 11:50,nd1S04261,Right,Hazel,No,nd1C00082,nd1T00051,nd1E00131,nd1N00074,"nd1I00027\,stdI00002",,Inside,1192971,No,,No,No,No,Male,1964,White,"contacts-given\,contacts-soft-given"
712890,nd1R1141051,04261d5871,10/31/13 11:50,nd1S04261,Right,Hazel,No,nd1C00082,nd1T00051,nd1E00131,nd1N00074,"nd1I00027\,stdI00002",,Inside,1192973,No,,No,No,No,Male,1964,White,"contacts-given\,contacts-soft-given"
712892,nd1R1141049,04261d5869,10/31/13 11:50,nd1S04261,Right,Hazel,No,nd1C00082,nd1T00051,nd1E00131,nd1N00074,"nd1I00027\,stdI00002",,Inside,1192975,No,,No,No,No,Male,1964,White,"contacts-given\,contacts-soft-given"
712893,nd1R1141048,04261d5868,10/31/13 11:50,nd1S04261,Right,Hazel,No,nd1C00082,nd1T00051,nd1E00131,nd1N00074,"nd1I00027\,stdI00002",,Inside,1192976,No,,No,No,No,Male,1964,White,"contacts-given\,contacts-soft-given"
712894,nd1R1141047,04261d5867,10/31/13 11:50,nd1S04261,Right,Hazel,No,nd1C00082,nd1T00051,nd1E00131,nd1N00074,"nd1I00027\,stdI00002",,Inside,1192977,No,,No,No,No,Male,1964,White,"contacts-given\,contacts-soft-given"
712895,nd1R1141046,04261d5866,10/31/13 11:50,nd1S04261,Right,Hazel,No,nd1C00082,nd1T00051,nd1E00131,nd1N00074,"nd1I00027\,stdI00002",,Inside,1192978,No,,No,No,No,Male,1964,White,"contacts-given\,contacts-soft-given"
712896,nd1R1141045,04261d5865,10/31/13 11:50,nd1S04261,Right,Hazel,No,nd1C00082,nd1T00051,nd1E00131,nd1N00074,"nd1I00027\,stdI00002",,Inside,1192979,No,,No,No,No,Male,1964,White,"contacts-given\,contacts-soft-given"
712897,nd1R1141044,04261d5864,10/31/13 11:50,nd1S04261,Right,Hazel,No,nd1C00082,nd1T00051,nd1E00131,nd1N00074,"nd1I00027\,stdI00002",,Inside,1192980,No,,No,No,No,Male,1964,White,"contacts-given\,contacts-soft-given"
712898,nd1R1141043,04261d5863,10/31/13 11:50,nd1S04261,Right,Hazel,No,nd1C00082,nd1T00051,nd1E00131,nd1N00074,"nd1I00027\,stdI00002",,Inside,1192981,No,,No,No,No,Male,1964,White,"contacts-given\,contacts-soft-given"
712899,nd1R1141042,04261d5862,10/31/13 11:50,nd1S04261,Right,Hazel,No,nd1C00082,nd1T00051,nd1E00131,nd1N00074,"nd1I00027\,stdI00002",,Inside,1192982,No,,No,No,No,Male,1964,White,"contacts-given\,contacts-soft-given"
712901,nd1R1141040,04261d5860,10/31/13 11:50,nd1S04261,Right,Hazel,No,nd1C00082,nd1T00051,nd1E00131,nd1N00074,"nd1I00027\,stdI00002",,Inside,1192984,No,,No,No,No,Male,1964,White,"contacts-given\,contacts-soft-given"
712902,nd1R1141039,04261d5859,10/31/13 11:50,nd1S04261,Right,Hazel,No,nd1C00082,nd1T00051,nd1E00131,nd1N00074,"nd1I00027\,stdI00002",,Inside,1192985,No,,No,No,No,Male,1964,White,"contacts-given\,contacts-soft-given"
712903,nd1R1141038,04261d5858,10/31/13 11:50,nd1S04261,Right,Hazel,No,nd1C00082,nd1T00051,nd1E00131,nd1N00074,"nd1I00027\,stdI00002",,Inside,1192986,No,,No,No,No,Male,1964,White,"contacts-given\,contacts-soft-given"
712904,nd1R1141037,04261d5857,10/31/13 11:50,nd1S04261,Right,Hazel,No,nd1C00082,nd1T00051,nd1E00131,nd1N00074,"nd1I00027\,stdI00002",,Inside,1192987,No,,No,No,No,Male,1964,White,"contacts-given\,contacts-soft-given"
712905,nd1R1141036,04261d5856,10/31/13 11:50,nd1S04261,Right,Hazel,No,nd1C00082,nd1T00051,nd1E00131,nd1N00074,"nd1I00027\,stdI00002",,Inside,1192988,No,,No,No,No,Male,1964,White,"contacts-given\,contacts-soft-given"
712906,nd1R1141035,04261d5855,10/31/13 11:50,nd1S04261,Right,Hazel,No,nd1C00082,nd1T00051,nd1E00131,nd1N00074,"nd1I00027\,stdI00002",,Inside,1192989,No,,No,No,No,Male,1964,White,"contacts-given\,contacts-soft-given"
712907,nd1R1141034,04261d5854,10/31/13 11:50,nd1S04261,Right,Hazel,No,nd1C00082,nd1T00051,nd1E00131,nd1N00074,"nd1I00027\,stdI00002",,Inside,1192990,No,,No,No,No,Male,1964,White,"contacts-given\,contacts-soft-given"
712908,nd1R1141033,04261d5853,10/31/13 11:50,nd1S04261,Right,Hazel,No,nd1C00082,nd1T00051,nd1E00131,nd1N00074,"nd1I00027\,stdI00002",,Inside,1192991,No,,No,No,No,Male,1964,White,"contacts-given\,contacts-soft-given"
712909,nd1R1141032,04261d5852,10/31/13 11:50,nd1S04261,Right,Hazel,No,nd1C00082,nd1T00051,nd1E00131,nd1N00074,"nd1I00027\,stdI00002",,Inside,1192992,No,,No,No,No,Male,1964,White,"contacts-given\,contacts-soft-given"
712910,nd1R1141031,04261d5851,10/31/13 11:50,nd1S04261,Right,Hazel,No,nd1C00082,nd1T00051,nd1E00131,nd1N00074,"nd1I00027\,stdI00002",,Inside,1192993,No,,No,No,No,Male,1964,White,"contacts-given\,contacts-soft-given"
712912,nd1R1141029,04261d5849,10/31/13 11:50,nd1S04261,Right,Hazel,No,nd1C00082,nd1T00051,nd1E00131,nd1N00074,"nd1I00027\,stdI00002",,Inside,1192995,No,,No,No,No,Male,1964,White,"contacts-given\,contacts-soft-given"
712913,nd1R1141028,04261d5848,10/31/13 11:50,nd1S04261,Right,Hazel,No,nd1C00082,nd1T00051,nd1E00131,nd1N00074,"nd1I00027\,stdI00002",,Inside,1192996,No,,No,No,No,Male,1964,White,"contacts-given\,contacts-soft-given"
712914,nd1R1141027,04261d5847,10/31/13 11:50,nd1S04261,Right,Hazel,No,nd1C00082,nd1T00051,nd1E00131,nd1N00074,"nd1I00027\,stdI00002",,Inside,1192997,No,,No,No,No,Male,1964,White,"contacts-given\,contacts-soft-given"
712915,nd1R1141026,04261d5846,10/31/13 11:50,nd1S04261,Right,Hazel,No,nd1C00082,nd1T00051,nd1E00131,nd1N00074,"nd1I00027\,stdI00002",,Inside,1192998,No,,No,No,No,Male,1964,White,"contacts-given\,contacts-soft-given"
712916,nd1R1141025,04261d5845,10/31/13 11:50,nd1S04261,Right,Hazel,No,nd1C00082,nd1T00051,nd1E00131,nd1N00074,"nd1I00027\,stdI00002",,Inside,1192999,No,,No,No,No,Male,1964,White,"contacts-given\,contacts-soft-given"
712917,nd1R1141024,04261d5844,10/31/13 11:50,nd1S04261,Right,Hazel,No,nd1C00082,nd1T00051,nd1E00131,nd1N00074,"nd1I00027\,stdI00002",,Inside,1193000,No,,No,No,No,Male,1964,White,"contacts-given\,contacts-soft-given"
712918,nd1R1141023,04261d5843,10/31/13 11:50,nd1S04261,Right,Hazel,No,nd1C00082,nd1T00051,nd1E00131,nd1N00074,"nd1I00027\,stdI00002",,Inside,1193001,No,,No,No,No,Male,1964,White,"contacts-given\,contacts-soft-given"
712919,nd1R1141022,04261d5842,10/31/13 11:50,nd1S04261,Right,Hazel,No,nd1C00082,nd1T00051,nd1E00131,nd1N00074,"nd1I00027\,stdI00002",,Inside,1193002,No,,No,No,No,Male,1964,White,"contacts-given\,contacts-soft-given"
712920,nd1R1141021,04261d5841,10/31/13 11:50,nd1S04261,Right,Hazel,No,nd1C00082,nd1T00051,nd1E00131,nd1N00074,"nd1I00027\,stdI00002",,Inside,1193003,No,,No,No,No,Male,1964,White,"contacts-given\,contacts-soft-given"
712921,nd1R1141020,04261d5840,10/31/13 11:50,nd1S04261,Right,Hazel,No,nd1C00082,nd1T00051,nd1E00131,nd1N00074,"nd1I00027\,stdI00002",,Inside,1193004,No,,No,No,No,Male,1964,White,"contacts-given\,contacts-soft-given"
712922,nd1R1141019,04261d5839,10/31/13 11:50,nd1S04261,Right,Hazel,No,nd1C00082,nd1T00051,nd1E00131,nd1N00074,"nd1I00027\,stdI00002",,Inside,1193005,No,,No,No,No,Male,1964,White,"contacts-given\,contacts-soft-given"
712923,nd1R1141018,04261d5838,10/31/13 11:50,nd1S04261,Right,Hazel,No,nd1C00082,nd1T00051,nd1E00131,nd1N00074,"nd1I00027\,stdI00002",,Inside,1193006,No,,No,No,No,Male,1964,White,"contacts-given\,contacts-soft-given"
712924,nd1R1141017,04261d5837,10/31/13 11:50,nd1S04261,Right,Hazel,No,nd1C00082,nd1T00051,nd1E00131,nd1N00074,"nd1I00027\,stdI00002",,Inside,1193007,No,,No,No,No,Male,1964,White,"contacts-given\,contacts-soft-given"
712925,nd1R1141016,04261d5836,10/31/13 11:50,nd1S04261,Right,Hazel,No,nd1C00082,nd1T00051,nd1E00131,nd1N00074,"nd1I00027\,stdI00002",,Inside,1193008,No,,No,No,No,Male,1964,White,"contacts-given\,contacts-soft-given"
631130,nd1R997691,04394d3822,2/7/12 14:05,nd1S04394,Left,Green,No,nd1C00072,nd1T00054,nd1E00107,nd1N00073,"nd1I00036\,stdI00002",,Inside,1057020,No,,No,No,No,Female,1947,White,
631131,nd1R997692,04394d3823,2/7/12 14:05,nd1S04394,Left,Green,No,nd1C00072,nd1T00054,nd1E00107,nd1N00073,"nd1I00036\,stdI00002",,Inside,1057021,No,,No,No,No,Female,1947,White,
631139,nd1R997700,04394d3831,2/7/12 14:05,nd1S04394,Left,Green,No,nd1C00072,nd1T00053,nd1E00107,nd1N00073,"nd1I00036\,stdI00002",,Inside,1057029,No,,No,No,No,Female,1947,White,
632404,nd1R998620,04394d3841,2/7/12 14:05,nd1S04394,Left,Green,No,nd1C00072,nd1T00049,nd1E00107,nd1N00079,"nd1I00023\,stdI00002",,Inside,1058294,No,,No,No,No,Female,1947,White,
632958,nd1R999015,04394d3846,2/7/12 14:05,nd1S04394,Left,Green,No,nd1C00072,nd1T00050,nd1E00107,nd1N00048,"nd1I00022\,stdI00002",,Inside,1058848,No,,No,No,No,Female,1947,White,
633602,nd1R999470,04394d3856,2/7/12 14:05,nd1S04394,Left,Green,No,nd1C00072,nd1T00051,nd1E00107,nd1N00074,"nd1I00028\,stdI00002",,Inside,1059492,No,,No,No,No,Female,1947,White,
633604,nd1R1042365,04394d3907,2/7/12 14:05,nd1S04394,Left,Green,No,nd1C00072,nd1T00051,nd1E00107,nd1N00074,"nd1I00028\,stdI00002",,Inside,1059494,No,,No,No,No,Female,1947,White,
654628,nd1R1044089,04394d3909,3/8/12 11:31,nd1S04394,Left,Green,No,nd1C00072,nd1T00049,nd1E00107,nd1N00079,"nd1I00023\,stdI00002",,Inside,1104374,No,,No,No,No,Female,1947,White,
661213,nd1R1050660,04394d3916,3/8/12 11:31,nd1S04394,Left,Green,No,nd1C00072,nd1T00054,nd1E00107,nd1N00073,"nd1I00036\,stdI00002",,Inside,1110959,No,,No,No,No,Female,1947,White,
661234,nd1R1050681,04394d3936,3/8/12 11:31,nd1S04394,Left,Green,No,nd1C00072,nd1T00053,nd1E00107,nd1N00073,"nd1I00036\,stdI00002",,Inside,1110980,No,,No,No,No,Female,1947,White,
661961,,,3/8/12 11:31,nd1S04394,Left,Green,No,,nd1T00050,nd1E00107,nd1N00048,"nd1I00022\,stdI00002",,Inside,1111707,No,,No,No,No,Female,1947,White,
662444,nd1R1051889,04394d3953,3/8/12 11:31,nd1S04394,Left,Green,No,nd1C00072,nd1T00051,nd1E00107,nd1N00074,"nd1I00028\,stdI00002",,Inside,1112190,No,,No,No,No,Female,1947,White,
129505,nd3R63303,04394d1070,8/31/04 13:00,nd1S04394,Right,Green,No,nd1C00005,nd1T00002,nd1E00074,nd1N00006,"nd1I00016\,stdI00002",nd1I00004,Inside,170317,No,,No,No,No,Female,1947,White,
129506,nd3R63304,04394d1071,8/31/04 13:00,nd1S04394,Right,Green,No,nd1C00005,nd1T00002,nd1E00074,nd1N00006,"nd1I00017\,stdI00002",nd1I00004,Inside,170318,No,,No,No,No,Female,1947,White,
132828,nd3R66626,04394d1095,9/28/04 13:00,nd1S04394,Right,Green,No,nd1C00005,nd1T00002,nd1E00074,nd1N00006,"nd1I00017\,stdI00002",nd1I00004,Inside,173640,No,,No,No,No,Female,1947,White,
136697,nd3R70495,04394d1118,11/4/04 13:00,nd1S04394,Right,Green,No,nd1C00005,nd1T00002,nd1E00074,nd1N00006,"nd1I00016\,stdI00002",nd1I00004,Inside,177509,No,,No,No,No,Female,1947,White,
136906,nd3R70704,04394d1125,11/9/04 13:00,nd1S04394,Right,Green,No,nd1C00005,nd1T00002,nd1E00074,nd1N00006,"nd1I00017\,stdI00002",nd1I00004,Inside,177718,No,,No,No,No,Female,1947,White,
137701,nd3R71499,04394d1131,11/23/04 13:00,nd1S04394,Right,Green,No,nd1C00005,nd1T00002,nd1E00074,nd1N00006,"nd1I00017\,stdI00002",nd1I00004,Inside,178513,No,,No,No,No,Female,1947,White,
137702,nd3R71500,04394d1132,11/23/04 13:00,nd1S04394,Right,Green,No,nd1C00005,nd1T00002,nd1E00074,nd1N00006,"nd1I00015\,stdI00002",nd1I00004,Inside,178514,No,,No,No,No,Female,1947,White,
152006,nd3R38858,04394d950,1/14/04 13:00,nd1S04394,Right,Green,No,nd1C00005,nd1T00002,nd1E00074,nd1N00006,"nd1I00017\,stdI00002",nd1I00004,Inside,192818,No,,No,No,No,Female,1947,White,
152010,nd3R38862,04394d954,2/3/04 13:00,nd1S04394,Right,Green,No,nd1C00005,nd1T00002,nd1E00074,nd1N00006,"nd1I00016\,stdI00002",nd1I00004,Inside,192822,No,,No,No,No,Female,1947,White,
152029,nd3R38881,04394d973,3/30/04 13:00,nd1S04394,Right,Green,No,nd1C00005,nd1T00002,nd1E00074,nd1N00006,"nd1I00016\,stdI00002",nd1I00004,Inside,192841,No,,No,No,No,Female,1947,White,
152031,nd3R38883,04394d975,3/30/04 13:00,nd1S04394,Right,Green,No,nd1C00005,nd1T00002,nd1E00074,nd1N00006,"nd1I00015\,stdI00002",nd1I00004,Inside,192843,No,,No,No,No,Female,1947,White,
152035,nd3R38887,04394d979,4/13/04 13:00,nd1S04394,Right,Green,No,nd1C00005,nd1T00002,nd1E00074,nd1N00006,"nd1I00016\,stdI00002",nd1I00004,Inside,192847,No,,No,No,No,Female,1947,White,
171571,nd3R85297,04394d1264,3/30/05 13:00,nd1S04394,Right,Green,No,nd1C00005,nd1T00002,nd1E00074,nd1N00006,"nd1I00016\,stdI00002",nd1I00004,Inside,212383,No,,No,No,No,Female,1947,White,
176999,nd2R44923,04394d606,1/27/04 13:00,nd1S04394,Right,Green,No,nd1C00005,nd1T00002,nd1E00074,nd1N00006,"nd1I00017\,stdI00002",nd1I00004,Inside,217811,No,,No,No,No,Female,1947,White,
177000,nd2R44924,04394d607,1/27/04 13:00,nd1S04394,Right,Green,No,nd1C00005,nd1T00002,nd1E00074,nd1N00006,"nd1I00015\,stdI00002",nd1I00004,Inside,217812,No,,No,No,No,Female,1947,White,
185922,nd5R68093,04394d1534,3/12/08 0:00,nd1S04394,Right,Green,No,nd1C00013,nd1T00014,nd1E00074,nd1N00006,"nd1I00017\,stdI00002",nd1I00012,Inside,229480,No,,No,No,No,Female,1947,White,
188091,nd5R65955,04394d1515,3/26/08 0:00,nd1S04394,Right,Green,No,nd1C00013,nd1T00014,nd1E00074,nd1N00006,"nd1I00015\,stdI00002",nd1I00012,Inside,231649,No,,No,No,No,Female,1947,White,
330536,nd5R13719,04394d1975,3/24/09 0:00,nd1S04394,Right,Green,No,nd1C00033,nd1T00014,nd1E00074,nd1N00006,"nd1I00016\,stdI00002",nd1I00012,Inside,428361,No,,No,No,No,Female,1947,White,
434974,nd1R1095205,04394d4076,11/2/06 0:00,nd1S04394,Right,Green,Yes,nd1C00046,nd1T00002,nd1E00074,nd1N00006,"nd1I00016\,stdI00002",,Inside,660158,No,,No,No,No,Female,1947,White,
438830,nd1R1098761,04394d4110,3/23/06 0:00,nd1S04394,Right,Green,No,nd1C00046,nd1T00002,nd1E00074,nd1N00006,"nd1I00017\,stdI00002",,Inside,664014,No,,No,No,No,Female,1947,White,
440593,nd1R1100491,04394d4136,2/7/07 0:00,nd1S04394,Right,Green,No,nd1C00046,nd1T00002,nd1E00074,nd1N00006,"nd1I00016\,stdI00002",,Inside,665777,No,,No,No,No,Female,1947,White,
450444,nd1R637972,04394d2656,11/10/10 14:04,nd1S04394,Right,Green,No,nd1C00055,nd1T00039,nd1E00085,nd1N00048,"nd1I00022\,stdI00002",,Inside,683550,No,,No,No,No,Female,1947,White,
453054,nd1R646339,04394d2696,11/30/10 14:14,nd1S04394,Right,Green,No,nd1C00055,nd1T00049,nd1E00090,nd1N00049,"nd1I00023\,stdI00002",,Inside,693891,No,,No,No,No,Female,1947,White,
459610,nd1R658365,04394d2722,11/30/10 14:14,nd1S04394,Right,Green,No,nd1C00059,nd1T00052,nd1E00090,lg4000diff25,"nd1I00024\,stdI00002",,Inside,701005,No,,No,No,No,Female,1947,White,
461635,nd1R669336,04394d2778,1/25/11 12:51,nd1S04394,Right,Green,No,nd1C00062,nd1T00053,nd1E00093,nd1N00059,"nd1I00026\,stdI00002",,Inside,704656,No,,No,No,No,Female,1947,White,
487459,nd1R710312,04394d2872,2/22/11 13:49,nd1S04394,Right,Green,No,nd1C00062,nd1T00054,nd1E00093,nd1N00059,"nd1I00026\,stdI00002",,Inside,760523,No,,No,No,No,Female,1947,White,
487460,nd1R710313,04394d2873,2/22/11 13:49,nd1S04394,Right,Green,No,nd1C00062,nd1T00054,nd1E00093,nd1N00059,"nd1I00026\,stdI00002",,Inside,760524,No,,No,No,No,Female,1947,White,
487475,nd1R710328,04394d2888,2/22/11 13:49,nd1S04394,Right,Green,No,nd1C00062,nd1T00053,nd1E00093,nd1N00059,"nd1I00026\,stdI00002",,Inside,760539,No,,No,No,No,Female,1947,White,
510760,nd1R800742,04394d3113,3/22/11 12:00,nd1S04394,Right,Green,No,nd1C00062,nd1T00054,nd1E00093,nd1N00059,"nd1I00026\,stdI00002",,Inside,818343,No,,No,No,No,Female,1947,White,
461244,nd1R668945,04418d1365,1/25/11 11:55,nd1S04418,Left,Brown,No,nd1C00062,nd1T00049,nd1E00093,nd1N00049,"nd1I00023\,stdI00002",,Inside,704265,No,,No,No,No,Female,1968,White,
491377,nd1R714175,04418d1379,2/24/11 12:51,nd1S04418,Left,Brown,No,nd1C00062,nd1T00054,nd1E00093,nd1N00059,"nd1I00026\,stdI00002",,Inside,764441,No,,No,No,No,Female,1968,White,
491378,nd1R714176,04418d1380,2/24/11 12:51,nd1S04418,Left,Brown,No,nd1C00062,nd1T00054,nd1E00093,nd1N00059,"nd1I00026\,stdI00002",,Inside,764442,No,,No,No,No,Female,1968,White,
491403,nd1R714201,04418d1387,2/24/11 12:51,nd1S04418,Left,Brown,No,nd1C00062,nd1T00053,nd1E00093,nd1N00059,"nd1I00026\,stdI00002",,Inside,764467,No,,No,No,No,Female,1968,White,
491407,nd1R714205,04418d1390,2/24/11 12:51,nd1S04418,Left,Brown,No,nd1C00062,nd1T00053,nd1E00093,nd1N00059,"nd1I00026\,stdI00002",,Inside,764471,No,,No,No,No,Female,1968,White,
491673,nd1R714471,04418d1400,2/24/11 12:51,nd1S04418,Left,Brown,No,nd1C00062,nd1T00051,nd1E00093,nd1N00020,"nd1I00027\,stdI00002",,Inside,764737,No,,No,No,No,Female,1968,White,
494235,nd1R717016,04418d1404,2/24/11 12:51,nd1S04418,Left,Brown,No,nd1C00062,nd1T00049,nd1E00093,nd1N00049,"nd1I00023\,stdI00002",,Inside,767299,No,,No,No,No,Female,1968,White,
495483,nd1R828956,04418d1473,2/24/11 12:51,nd1S04418,Left,Brown,No,nd1C00059,nd1T00051,nd1E00093,lg4000diff30,"nd1I00029\,stdI00002",,Inside,768547,No,,No,No,No,Female,1968,White,
571262,nd1R881717,04418d1492,9/13/11 14:19,nd1S04418,Left,Brown,No,nd1C00068,nd1T00049,nd1E00107,nd1N00077,"nd1I00023\,stdI00002",,Inside,936164,No,,No,No,No,Female,1968,White,
572716,nd1R882841,04418d1508,9/13/11 14:19,nd1S04418,Left,Brown,No,nd1C00068,nd1T00051,nd1E00107,nd1N00074,"nd1I00028\,stdI00002",,Inside,937618,No,,No,No,No,Female,1968,White,
576740,nd1R886004,04418d1523,9/13/11 14:19,nd1S04418,Left,Brown,No,nd1C00068,nd1T00053,nd1E00107,nd1N00073,"nd1I00036\,stdI00002",,Inside,941642,No,,No,No,No,Female,1968,White,
576742,nd1R886005,04418d1524,9/13/11 14:19,nd1S04418,Left,Brown,No,nd1C00068,nd1T00054,nd1E00107,nd1N00073,"nd1I00036\,stdI00002",,Inside,941644,No,,No,No,No,Female,1968,White,
633240,nd1R999217,04470d3849,2/7/12 15:45,nd1S04470,Left,Hazel,No,nd1C00072,nd1T00050,nd1E00107,nd1N00048,"nd1I00022\,stdI00002",,Inside,1059130,No,,No,No,No,Female,1949,White,
646689,nd1R1025123,04470d3923,2/22/12 13:09,nd1S04470,Left,Hazel,No,nd1C00072,nd1T00053,nd1E00107,nd1N00073,"nd1I00036\,stdI00002",,Inside,1085920,No,,No,No,No,Female,1949,White,
647481,nd1R1025915,04470d3931,2/22/12 13:09,nd1S04470,Left,Hazel,No,nd1C00072,nd1T00049,nd1E00107,nd1N00079,"nd1I00023\,stdI00002",,Inside,1086712,No,,No,No,No,Female,1949,White,
648001,nd1R1026435,04470d3939,2/22/12 13:09,nd1S04470,Left,Hazel,No,nd1C00072,nd1T00050,nd1E00107,nd1N00048,"nd1I00022\,stdI00002",,Inside,1087232,No,,No,No,No,Female,1949,White,
648605,nd1R1027038,04470d3950,2/22/12 13:09,nd1S04470,Left,Hazel,No,nd1C00072,nd1T00051,nd1E00107,nd1N00074,"nd1I00028\,stdI00002",,Inside,1087836,No,,No,No,No,Female,1949,White,
657671,nd1R1047122,04470d4006,3/7/12 13:26,nd1S04470,Left,Hazel,No,nd1C00072,nd1T00054,nd1E00107,nd1N00073,"nd1I00036\,stdI00002",,Inside,1107417,No,,No,No,No,Female,1949,White,
657677,nd1R1047128,04470d4012,3/7/12 13:26,nd1S04470,Left,Hazel,No,nd1C00072,nd1T00053,nd1E00107,nd1N00073,"nd1I00036\,stdI00002",,Inside,1107423,No,,No,No,No,Female,1949,White,
660439,nd1R1049886,04470d4023,3/7/12 13:26,nd1S04470,Left,Hazel,No,nd1C00072,nd1T00051,nd1E00107,nd1N00074,"nd1I00027\,stdI00002",,Inside,1110185,No,,No,No,No,Female,1949,White,
165847,nd3R79548,04505d1088,4/7/05 13:00,nd1S04505,Left,Blue,No,nd1C00005,nd1T00002,nd1E00074,nd1N00006,"nd1I00017\,stdI00002",nd1I00004,Inside,206659,No,,No,No,No,Male,1984,White,
165848,nd3R79549,04505d1089,4/7/05 13:00,nd1S04505,Left,Blue,No,nd1C00005,nd1T00002,nd1E00074,nd1N00006,"nd1I00015\,stdI00002",nd1I00004,Inside,206660,No,,No,No,No,Male,1984,White,
166830,nd3R80531,04505d1095,4/21/05 13:00,nd1S04505,Left,Blue,No,nd1C00005,nd1T00002,nd1E00074,nd1N00006,"nd1I00015\,stdI00002",nd1I00004,Inside,207642,No,,No,No,No,Male,1984,White,
175626,nd2R42655,04505d496,1/22/04 13:00,nd1S04505,Left,Blue,No,nd1C00005,nd1T00002,nd1E00074,nd1N00006,"nd1I00016\,stdI00002",nd1I00004,Inside,216438,No,,No,No,No,Male,1984,White,
175627,nd2R42656,04505d497,1/29/04 13:00,nd1S04505,Left,Blue,No,nd1C00005,nd1T00002,nd1E00074,nd1N00006,"nd1I00016\,stdI00002",nd1I00004,Inside,216439,No,,No,No,No,Male,1984,White,
175642,nd2R42671,04505d512,2/12/04 13:00,nd1S04505,Left,Blue,No,nd1C00005,nd1T00002,nd1E00074,nd1N00006,"nd1I00017\,stdI00002",nd1I00004,Inside,216454,No,,No,No,No,Male,1984,White,
175643,nd2R42672,04505d513,2/12/04 13:00,nd1S04505,Left,Blue,No,nd1C00005,nd1T00002,nd1E00074,nd1N00006,"nd1I00015\,stdI00002",nd1I00004,Inside,216455,No,,No,No,No,Male,1984,White,
433558,nd1R1094218,04505d1190,11/17/05 0:00,nd1S04505,Left,Blue,No,nd1C00046,nd1T00002,nd1E00074,nd1N00006,"nd1I00015\,stdI00002",,Inside,658742,No,,No,No,No,Male,1984,White,
433561,nd1R1094221,04505d1193,11/17/05 0:00,nd1S04505,Left,Blue,No,nd1C00046,nd1T00002,nd1E00074,nd1N00006,"nd1I00015\,stdI00002",,Inside,658745,No,,No,No,No,Male,1984,White,
435975,nd1R1096060,04505d1202,2/1/06 0:00,nd1S04505,Left,Blue,No,nd1C00046,nd1T00002,nd1E00074,nd1N00006,"nd1I00015\,stdI00002",,Inside,661159,No,,No,No,No,Male,1984,White,
435977,,,2/1/06 0:00,nd1S04505,Left,Blue,No,,nd1T00002,nd1E00074,nd1N00006,"nd1I00017\,stdI00002",,Inside,661161,No,,No,No,No,Male,1984,White,
435978,,,2/1/06 0:00,nd1S04505,Left,Blue,No,,nd1T00002,nd1E00074,nd1N00006,"nd1I00015\,stdI00002",,Inside,661162,No,,No,No,No,Male,1984,White,
437174,nd1R1097249,04505d1214,2/22/06 0:00,nd1S04505,Left,Blue,No,nd1C00046,nd1T00002,nd1E00074,nd1N00006,"nd1I00017\,stdI00002",,Inside,662358,No,,No,No,No,Male,1984,White,
193258,nd5R72506,04649d96,4/22/08 0:00,nd1S04649,Left,Brown,No,nd1C00013,nd1T00015,nd1E00054,nd1N00020,nd1I00013,nd1I00013,Inside,240235,No,,No,No,No,Female,1984,White,
194339,nd5R73585,04649d100,4/22/08 0:00,nd1S04649,Left,Brown,No,nd1C00013,nd1T00014,nd1E00074,nd1N00006,"nd1I00016\,stdI00002",nd1I00012,Inside,241316,No,,No,No,No,Female,1984,White,
194341,nd5R73587,04649d102,4/22/08 0:00,nd1S04649,Left,Brown,No,nd1C00013,nd1T00014,nd1E00074,nd1N00006,"nd1I00015\,stdI00002",nd1I00012,Inside,241318,No,,No,No,No,Female,1984,White,
194344,nd5R73590,04649d105,4/22/08 0:00,nd1S04649,Left,Brown,No,nd1C00013,nd1T00014,nd1E00074,nd1N00006,"nd1I00015\,stdI00002",nd1I00012,Inside,241321,No,,No,No,No,Female,1984,White,
230207,nd4R97144,04649d140,12/2/08 0:00,nd1S04649,Left,Brown,No,nd1C00028,nd1T00014,nd1E00074,nd1N00006,"nd1I00016\,stdI00002",nd1I00004,Inside,303666,No,,No,No,No,Female,1984,White,
230209,nd4R97146,04649d142,12/2/08 0:00,nd1S04649,Left,Brown,No,nd1C00028,nd1T00014,nd1E00074,nd1N00006,"nd1I00015\,stdI00002",nd1I00004,Inside,303668,No,,No,No,No,Female,1984,White,
230214,nd4R97151,04649d147,12/2/08 0:00,nd1S04649,Left,Brown,No,nd1C00028,nd1T00014,nd1E00074,nd1N00006,"nd1I00017\,stdI00002",nd1I00004,Inside,303673,No,,No,No,No,Female,1984,White,
230215,nd4R97152,04649d148,12/2/08 0:00,nd1S04649,Left,Brown,No,nd1C00028,nd1T00014,nd1E00074,nd1N00006,"nd1I00015\,stdI00002",nd1I00004,Inside,303674,No,,No,No,No,Female,1984,White,
230217,nd4R97154,04649d150,12/2/08 0:00,nd1S04649,Left,Brown,No,nd1C00028,nd1T00014,nd1E00074,nd1N00006,"nd1I00017\,stdI00002",nd1I00004,Inside,303676,No,,No,No,No,Female,1984,White,
338328,nd5R41058,04649d172,4/21/09 0:00,nd1S04649,Left,Brown,No,nd1C00033,nd1T00014,nd1E00074,nd1N00006,"nd1I00016\,stdI00002",nd1I00012,Inside,441493,No,,No,No,No,Female,1984,White,
338330,nd5R41060,04649d174,4/21/09 0:00,nd1S04649,Left,Brown,No,nd1C00033,nd1T00014,nd1E00074,nd1N00006,"nd1I00015\,stdI00002",nd1I00012,Inside,441495,No,,No,No,No,Female,1984,White,
338333,nd5R41063,04649d177,4/21/09 0:00,nd1S04649,Left,Brown,No,nd1C00033,nd1T00014,nd1E00074,nd1N00006,"nd1I00015\,stdI00002",nd1I00012,Inside,441498,No,,No,No,No,Female,1984,White,
361200,nd6R29824,04649d252,11/19/09 0:00,nd1S04649,Left,Brown,No,nd1C00041,nd1T00016,nd1E00075,nd1N00021,nd1I00013,nd1I00013,Inside,512982,No,,No,No,No,Female,1984,White,
361204,nd6R29820,04649d248,11/19/09 0:00,nd1S04649,Left,Brown,No,nd1C00041,nd1T00016,nd1E00075,nd1N00021,nd1I00013,nd1I00013,Inside,512986,No,,No,No,No,Female,1984,White,
365810,nd6R25241,04649d244,11/19/09 0:00,nd1S04649,Left,Brown,No,nd1C00041,nd1T00002,nd1E00075,nd1N00016,"nd1I00015\,stdI00002",nd1I00012,Inside,517592,No,,No,No,No,Female,1984,White,
365811,nd6R25240,04649d243,11/19/09 0:00,nd1S04649,Left,Brown,No,nd1C00041,nd1T00002,nd1E00075,nd1N00016,"nd1I00016\,stdI00002",nd1I00012,Inside,517593,No,,No,No,No,Female,1984,White,
365817,nd6R25234,04649d237,11/19/09 0:00,nd1S04649,Left,Brown,No,nd1C00041,nd1T00002,nd1E00075,nd1N00016,"nd1I00016\,stdI00002",nd1I00012,Inside,517599,No,,No,No,No,Female,1984,White,
370621,nd6R35957,04649d263,12/3/09 0:00,nd1S04649,Left,Brown,No,nd1C00041,nd1T00002,nd1E00075,nd1N00006,"nd1I00017\,stdI00002",nd1I00004,Inside,522403,No,,No,No,No,Female,1984,White,contacts-NoContacts
372605,,,12/3/09 0:00,nd1S04649,Left,Brown,No,,nd1T00016,nd1E00075,nd1N00020,nd1I00013,nd1I00013,Inside,524387,No,,No,No,No,Female,1984,White,contacts-NoContacts
372607,nd6R37931,04649d279,12/3/09 0:00,nd1S04649,Left,Brown,No,nd1C00041,nd1T00016,nd1E00075,nd1N00020,nd1I00013,nd1I00013,Inside,524389,No,,No,No,No,Female,1984,White,contacts-NoContacts
381620,nd6R39320,04649d287,1/27/10 16:04,nd1S04649,Left,Brown,No,nd1C00042,nd1T00016,nd1E00075,nd1N00020,nd1I00004,nd1I00004,Inside,537280,No,,No,No,No,Female,1984,White,
385385,nd6R43049,04649d293,1/27/10 16:04,nd1S04649,Left,Brown,No,nd1C00042,nd1T00002,nd1E00075,nd1N00006,"nd1I00016\,stdI00002",nd1I00013,Inside,541045,No,,No,No,No,Female,1984,White,
385386,nd6R43050,04649d294,1/27/10 16:04,nd1S04649,Left,Brown,No,nd1C00042,nd1T00002,nd1E00075,nd1N00006,"nd1I00017\,stdI00002",nd1I00013,Inside,541046,No,,No,No,No,Female,1984,White,
385387,nd6R43051,04649d295,1/27/10 16:04,nd1S04649,Left,Brown,No,nd1C00042,nd1T00002,nd1E00075,nd1N00006,"nd1I00015\,stdI00002",nd1I00013,Inside,541047,No,,No,No,No,Female,1984,White,
385390,nd6R43054,04649d298,1/27/10 16:04,nd1S04649,Left,Brown,No,nd1C00042,nd1T00002,nd1E00075,nd1N00006,"nd1I00015\,stdI00002",nd1I00013,Inside,541050,No,,No,No,No,Female,1984,White,
385391,nd6R43055,04649d299,1/27/10 16:04,nd1S04649,Left,Brown,No,nd1C00042,nd1T00002,nd1E00075,nd1N00006,"nd1I00016\,stdI00002",nd1I00013,Inside,541051,No,,No,No,No,Female,1984,White,
385393,nd6R43057,04649d301,1/27/10 16:04,nd1S04649,Left,Brown,No,nd1C00042,nd1T00002,nd1E00075,nd1N00006,"nd1I00015\,stdI00002",nd1I00013,Inside,541053,No,,No,No,No,Female,1984,White,
385396,nd6R43060,04649d304,1/27/10 16:04,nd1S04649,Left,Brown,No,nd1C00042,nd1T00002,nd1E00075,nd1N00006,"nd1I00015\,stdI00002",nd1I00013,Inside,541056,No,,No,No,No,Female,1984,White,
388927,nd6R45810,04649d321,2/10/10 12:07,nd1S04649,Left,Brown,No,nd1C00042,nd1T00016,nd1E00075,nd1N00020,nd1I00004,nd1I00004,Inside,554137,No,,No,No,No,Female,1984,White,
391946,nd6R48790,04649d325,2/10/10 12:07,nd1S04649,Left,Brown,No,nd1C00042,nd1T00002,nd1E00075,nd1N00006,"nd1I00015\,stdI00002",nd1I00013,Inside,557156,No,,No,No,No,Female,1984,White,
391947,nd6R48791,04649d326,2/10/10 12:07,nd1S04649,Left,Brown,No,nd1C00042,nd1T00002,nd1E00075,nd1N00006,"nd1I00016\,stdI00002",nd1I00013,Inside,557157,No,,No,No,No,Female,1984,White,
391949,nd6R48793,04649d328,2/10/10 12:07,nd1S04649,Left,Brown,No,nd1C00042,nd1T00002,nd1E00075,nd1N00006,"nd1I00015\,stdI00002",nd1I00013,Inside,557159,No,,No,No,No,Female,1984,White,
402745,nd6R59409,04649d374,2/25/10 15:49,nd1S04649,Left,Brown,No,nd1C00042,nd1T00002,nd1E00077,nd1N00006,"nd1I00016\,stdI00002",,Inside,585319,No,,No,No,No,Female,1984,White,
403641,nd6R60300,04649d393,3/16/10 14:24,nd1S04649,Left,Brown,No,nd1C00042,nd1T00016,nd1E00077,nd1N00020,"nd1I00004\,stdI00002",,Inside,586215,No,,No,No,No,Female,1984,White,
406033,nd6R62669,04649d406,3/16/10 14:24,nd1S04649,Left,Brown,No,nd1C00042,nd1T00002,nd1E00077,nd1N00006,"nd1I00015\,stdI00002",,Inside,588607,No,,No,No,No,Female,1984,White,
422024,,,4/27/10 13:52,nd1S04649,Left,Brown,No,,nd1T00002,nd1E00077,nd1N00006,"nd1I00017\,stdI00002",,Inside,611526,No,,No,No,No,Female,1984,White,
422029,nd6R78002,04649d430,4/27/10 13:52,nd1S04649,Left,Brown,No,nd1C00042,nd1T00002,nd1E00077,nd1N00006,"nd1I00016\,stdI00002",,Inside,611531,No,,No,No,No,Female,1984,White,
422030,nd6R78003,04649d431,4/27/10 13:52,nd1S04649,Left,Brown,No,nd1C00042,nd1T00002,nd1E00077,nd1N00006,"nd1I00017\,stdI00002",,Inside,611532,No,,No,No,No,Female,1984,White,
422031,nd6R78004,04649d432,4/27/10 13:52,nd1S04649,Left,Brown,No,nd1C00042,nd1T00002,nd1E00077,nd1N00006,"nd1I00015\,stdI00002",,Inside,611533,No,,No,No,No,Female,1984,White,
446051,nd7R29870,04649d573,10/26/10 15:43,nd1S04649,Left,Brown,No,nd1C00055,nd1T00040,nd1E00085,nd1N00049,"nd1I00023\,stdI00002",,Inside,674508,No,,No,No,No,Female,1984,White,
449933,nd1R637461,04649d607,11/9/10 16:22,nd1S04649,Left,Brown,No,nd1C00055,nd1T00039,nd1E00085,nd1N00048,"nd1I00022\,stdI00002",,Inside,683039,No,,No,No,No,Female,1984,White,
453355,nd1R646639,04649d641,11/30/10 15:11,nd1S04649,Left,Brown,No,nd1C00055,nd1T00050,nd1E00090,nd1N00048,"nd1I00022\,stdI00002",,Inside,694192,No,,No,No,No,Female,1984,White,
453363,nd1R646647,04649d649,11/30/10 15:11,nd1S04649,Left,Brown,No,nd1C00055,nd1T00049,nd1E00090,nd1N00049,"nd1I00023\,stdI00002",,Inside,694200,No,,No,No,No,Female,1984,White,
459705,nd1R658270,04649d680,11/30/10 15:11,nd1S04649,Left,Brown,No,nd1C00059,nd1T00052,nd1E00090,lg4000diff25,"nd1I00024\,stdI00002",,Inside,701100,No,,No,No,No,Female,1984,White,
469321,nd1R676639,04649d730,2/8/11 15:59,nd1S04649,Left,Brown,No,nd1C00062,nd1T00054,nd1E00093,nd1N00059,"nd1I00026\,stdI00002",,Inside,722799,No,,No,No,No,Female,1984,White,
469331,nd1R676649,04649d740,2/8/11 15:59,nd1S04649,Left,Brown,No,nd1C00062,nd1T00053,nd1E00093,nd1N00059,"nd1I00026\,stdI00002",,Inside,722809,No,,No,No,No,Female,1984,White,
474756,nd1R680680,04649d750,2/8/11 15:59,nd1S04649,Left,Brown,No,nd1C00062,nd1T00050,nd1E00093,nd1N00048,"nd1I00022\,stdI00002",,Inside,728234,No,,No,No,No,Female,1984,White,
482728,nd1R706837,04649d841,2/22/11 15:07,nd1S04649,Left,Brown,No,nd1C00062,nd1T00049,nd1E00093,nd1N00049,"nd1I00023\,stdI00002",,Inside,755792,No,,No,No,No,Female,1984,White,
534115,,,4/12/11 15:48,nd1S04649,Left,Brown,No,,nd1T00054,nd1E00101,nd1N00059,"nd1I00026\,stdI00002",,Inside,858299,No,,No,No,No,Female,1984,White,
534125,,,4/12/11 15:48,nd1S04649,Left,Brown,No,,nd1T00053,nd1E00101,nd1N00059,"nd1I00026\,stdI00002",,Inside,858309,No,,No,No,No,Female,1984,White,
123529,nd3R57327,04667d758,10/5/04 13:00,nd1S04667,Left,Black,No,nd1C00005,nd1T00002,nd1E00074,nd1N00006,"nd1I00015\,stdI00002",nd1I00004,Inside,164341,No,,No,No,No,Female,1975,Asian,
124349,nd3R58147,04667d759,10/12/04 13:00,nd1S04667,Left,Black,No,nd1C00005,nd1T00002,nd1E00074,nd1N00006,"nd1I00016\,stdI00002",nd1I00004,Inside,165161,No,,No,No,No,Female,1975,Asian,
124352,nd3R58150,04667d762,10/12/04 13:00,nd1S04667,Left,Black,No,nd1C00005,nd1T00002,nd1E00074,nd1N00006,"nd1I00016\,stdI00002",nd1I00004,Inside,165164,No,,No,No,No,Female,1975,Asian,
160794,nd3R74487,04667d887,1/18/05 13:00,nd1S04667,Left,Black,No,nd1C00005,nd1T00002,nd1E00074,nd1N00006,"nd1I00017\,stdI00002",nd1I00004,Inside,201606,No,,No,No,No,Female,1975,Asian,
160797,nd3R74490,04667d890,1/18/05 13:00,nd1S04667,Left,Black,No,nd1C00005,nd1T00002,nd1E00074,nd1N00006,"nd1I00017\,stdI00002",nd1I00004,Inside,201609,No,,No,No,No,Female,1975,Asian,
160798,nd3R74491,04667d891,1/18/05 13:00,nd1S04667,Left,Black,No,nd1C00005,nd1T00002,nd1E00074,nd1N00006,"nd1I00015\,stdI00002",nd1I00004,Inside,201610,No,,No,No,No,Female,1975,Asian,
175906,nd2R43049,04667d486,2/17/04 13:00,nd1S04667,Left,Black,No,nd1C00005,nd1T00002,nd1E00074,nd1N00006,"nd1I00017\,stdI00002",nd1I00004,Inside,216718,No,,No,No,No,Female,1975,Asian,
175907,nd2R43050,04667d487,2/17/04 13:00,nd1S04667,Left,Black,No,nd1C00005,nd1T00002,nd1E00074,nd1N00006,"nd1I00015\,stdI00002",nd1I00004,Inside,216719,No,,No,No,No,Female,1975,Asian,
175908,nd2R43051,04667d488,2/17/04 13:00,nd1S04667,Left,Black,No,nd1C00005,nd1T00002,nd1E00074,nd1N00006,"nd1I00016\,stdI00002",nd1I00004,Inside,216720,No,,No,No,No,Female,1975,Asian,
436240,nd1R1096322,04667d935,2/2/06 0:00,nd1S04667,Left,Brown,No,nd1C00046,nd1T00002,nd1E00074,nd1N00006,"nd1I00016\,stdI00002",,Inside,661424,No,,No,No,No,Female,1975,Asian,
436245,nd1R1096327,04667d940,2/2/06 0:00,nd1S04667,Left,Brown,No,nd1C00046,nd1T00002,nd1E00074,nd1N00006,"nd1I00015\,stdI00002",,Inside,661429,No,,No,No,No,Female,1975,Asian,
437818,nd1R1097889,04667d947,2/23/06 0:00,nd1S04667,Left,Black,No,nd1C00046,nd1T00002,nd1E00074,nd1N00006,"nd1I00016\,stdI00002",,Inside,663002,No,,No,No,No,Female,1975,Asian,
437819,nd1R1097890,04667d948,2/23/06 0:00,nd1S04667,Left,Black,No,nd1C00046,nd1T00002,nd1E00074,nd1N00006,"nd1I00017\,stdI00002",,Inside,663003,No,,No,No,No,Female,1975,Asian,
437821,nd1R1097892,04667d950,2/23/06 0:00,nd1S04667,Left,Black,No,nd1C00046,nd1T00002,nd1E00074,nd1N00006,"nd1I00016\,stdI00002",,Inside,663005,No,,No,No,No,Female,1975,Asian,
437822,nd1R1097893,04667d951,2/23/06 0:00,nd1S04667,Left,Black,No,nd1C00046,nd1T00002,nd1E00074,nd1N00006,"nd1I00017\,stdI00002",,Inside,663006,No,,No,No,No,Female,1975,Asian,
437823,nd1R1097894,04667d952,2/23/06 0:00,nd1S04667,Left,Black,No,nd1C00046,nd1T00002,nd1E00074,nd1N00006,"nd1I00015\,stdI00002",,Inside,663007,No,,No,No,No,Female,1975,Asian,
439168,,,3/23/06 0:00,nd1S04667,Left,Brown,No,,nd1T00002,nd1E00074,nd1N00006,"nd1I00016\,stdI00002",,Inside,664352,No,,No,No,No,Female,1975,Asian,
439169,nd1R1099097,04667d959,3/23/06 0:00,nd1S04667,Left,Brown,No,nd1C00046,nd1T00002,nd1E00074,nd1N00006,"nd1I00017\,stdI00002",,Inside,664353,No,,No,No,No,Female,1975,Asian,
439170,nd1R1099098,04667d960,3/23/06 0:00,nd1S04667,Left,Brown,No,nd1C00046,nd1T00002,nd1E00074,nd1N00006,"nd1I00015\,stdI00002",,Inside,664354,No,,No,No,No,Female,1975,Asian,
439171,nd1R1099099,04667d961,3/23/06 0:00,nd1S04667,Left,Brown,No,nd1C00046,nd1T00002,nd1E00074,nd1N00006,"nd1I00016\,stdI00002",,Inside,664355,No,,No,No,No,Female,1975,Asian,
439173,nd1R1099101,04667d963,3/23/06 0:00,nd1S04667,Left,Brown,No,nd1C00046,nd1T00002,nd1E00074,nd1N00006,"nd1I00015\,stdI00002",,Inside,664357,No,,No,No,No,Female,1975,Asian,
439662,nd1R1099589,04667d971,4/12/06 0:00,nd1S04667,Left,Brown,No,nd1C00046,nd1T00002,nd1E00074,nd1N00006,"nd1I00015\,stdI00002",,Inside,664846,No,,No,No,No,Female,1975,Asian,
439663,nd1R1099590,04667d972,4/12/06 0:00,nd1S04667,Left,Brown,No,nd1C00046,nd1T00002,nd1E00074,nd1N00006,"nd1I00016\,stdI00002",,Inside,664847,No,,No,No,No,Female,1975,Asian,
439665,nd1R1099592,04667d974,4/12/06 0:00,nd1S04667,Left,Brown,No,nd1C00046,nd1T00002,nd1E00074,nd1N00006,"nd1I00015\,stdI00002",,Inside,664849,No,,No,No,No,Female,1975,Asian,
442070,,,3/22/07 0:00,nd1S04667,Left,Brown,No,,nd1T00002,nd1E00074,nd1N00006,"nd1I00017\,stdI00002",,Inside,667254,No,,No,No,No,Female,1975,Asian,
442071,nd1R1101942,04667d981,3/22/07 0:00,nd1S04667,Left,Brown,No,nd1C00046,nd1T00002,nd1E00074,nd1N00006,"nd1I00015\,stdI00002",,Inside,667255,No,,No,No,No,Female,1975,Asian,
119544,nd3R53342,04683d931,8/31/04 13:00,nd1S04683,Left,Black,No,nd1C00005,nd1T00002,nd1E00074,nd1N00006,"nd1I00017\,stdI00002",nd1I00004,Inside,160356,No,,No,No,No,Male,1979,Asian,contacts-NoContacts
125034,nd3R58832,04683d974,10/19/04 13:00,nd1S04683,Left,Black,No,nd1C00005,nd1T00002,nd1E00074,nd1N00006,"nd1I00015\,stdI00002",nd1I00004,Inside,165846,No,,No,No,No,Male,1979,Asian,
125035,nd3R58833,04683d975,10/19/04 13:00,nd1S04683,Left,Black,No,nd1C00005,nd1T00002,nd1E00074,nd1N00006,"nd1I00016\,stdI00002",nd1I00004,Inside,165847,No,,No,No,No,Male,1979,Asian,
144739,nd3R28075,04683d786,1/13/04 13:00,nd1S04683,Left,Black,No,nd1C00005,nd1T00002,nd1E00074,nd1N00006,"nd1I00017\,stdI00002",nd1I00004,Inside,185551,No,,No,No,No,Male,1979,Asian,
144756,nd3R28092,04683d803,2/3/04 13:00,nd1S04683,Left,Black,No,nd1C00005,nd1T00002,nd1E00074,nd1N00006,"nd1I00016\,stdI00002",nd1I00004,Inside,185568,No,,No,No,No,Male,1979,Asian,
144759,nd3R28095,04683d806,2/3/04 13:00,nd1S04683,Left,Black,No,nd1C00005,nd1T00002,nd1E00074,nd1N00006,"nd1I00017\,stdI00002",nd1I00004,Inside,185571,No,,No,No,No,Male,1979,Asian,
144774,nd3R28110,04683d821,3/17/04 13:00,nd1S04683,Left,Black,No,nd1C00005,nd1T00002,nd1E00074,nd1N00006,"nd1I00017\,stdI00002",nd1I00004,Inside,185586,No,,No,No,No,Male,1979,Asian,
144778,nd3R28114,04683d825,3/17/04 13:00,nd1S04683,Left,Black,No,nd1C00005,nd1T00002,nd1E00074,nd1N00006,"nd1I00015\,stdI00002",nd1I00004,Inside,185590,No,,No,No,No,Male,1979,Asian,
144799,nd3R28135,04683d846,4/15/04 13:00,nd1S04683,Left,Black,No,nd1C00005,nd1T00002,nd1E00074,nd1N00006,"nd1I00015\,stdI00002",nd1I00004,Inside,185611,No,,No,No,No,Male,1979,Asian,
144812,nd3R28148,04683d859,4/28/04 13:00,nd1S04683,Left,Black,No,nd1C00005,nd1T00002,nd1E00074,nd1N00006,"nd1I00016\,stdI00002",nd1I00004,Inside,185624,No,,No,No,No,Male,1979,Asian,
144814,nd3R28150,04683d861,4/28/04 13:00,nd1S04683,Left,Black,No,nd1C00005,nd1T00002,nd1E00074,nd1N00006,"nd1I00015\,stdI00002",nd1I00004,Inside,185626,No,,No,No,No,Male,1979,Asian,
144815,nd3R28151,04683d862,4/28/04 13:00,nd1S04683,Left,Black,No,nd1C00005,nd1T00002,nd1E00074,nd1N00006,"nd1I00016\,stdI00002",nd1I00004,Inside,185627,No,,No,No,No,Male,1979,Asian,
161481,nd3R75174,04683d1101,1/27/05 13:00,nd1S04683,Left,Black,No,nd1C00005,nd1T00002,nd1E00074,nd1N00006,"nd1I00017\,stdI00002",nd1I00004,Inside,202293,No,,No,No,No,Male,1979,Asian,
161482,nd3R75175,04683d1102,1/27/05 13:00,nd1S04683,Left,Black,No,nd1C00005,nd1T00002,nd1E00074,nd1N00006,"nd1I00015\,stdI00002",nd1I00004,Inside,202294,No,,No,No,No,Male,1979,Asian,
165504,nd3R79205,04683d1153,4/6/05 13:00,nd1S04683,Left,Black,No,nd1C00005,nd1T00002,nd1E00074,nd1N00006,"nd1I00015\,stdI00002",nd1I00004,Inside,206316,No,,No,No,No,Male,1979,Asian,
166178,nd3R79879,04683d1156,4/14/05 13:00,nd1S04683,Left,Black,No,nd1C00005,nd1T00002,nd1E00074,nd1N00006,"nd1I00015\,stdI00002",nd1I00004,Inside,206990,No,,No,No,No,Male,1979,Asian,
176157,nd2R43512,04683d502,2/11/04 13:00,nd1S04683,Left,Black,No,nd1C00005,nd1T00002,nd1E00074,nd1N00006,"nd1I00017\,stdI00002",nd1I00004,Inside,216969,No,,No,No,No,Male,1979,Asian,
176162,nd2R43517,04683d507,2/17/04 13:00,nd1S04683,Left,Black,No,nd1C00005,nd1T00002,nd1E00074,nd1N00006,"nd1I00016\,stdI00002",nd1I00004,Inside,216974,No,,No,No,No,Male,1979,Asian,
429853,,,9/28/05 0:00,nd1S04683,Left,Black,No,,nd1T00002,nd1E00074,nd1N00006,"nd1I00015\,stdI00002",,Inside,655037,No,,No,No,No,Male,1979,Asian,
429854,nd1R1090554,04683d1320,9/28/05 0:00,nd1S04683,Left,Black,No,nd1C00046,nd1T00002,nd1E00074,nd1N00006,"nd1I00016\,stdI00002",,Inside,655038,No,,No,No,No,Male,1979,Asian,
429855,nd1R1090555,04683d1321,9/28/05 0:00,nd1S04683,Left,Black,No,nd1C00046,nd1T00002,nd1E00074,nd1N00006,"nd1I00017\,stdI00002",,Inside,655039,No,,No,No,No,Male,1979,Asian,
433460,nd1R1094121,04683d1342,11/17/05 0:00,nd1S04683,Left,Black,No,nd1C00046,nd1T00002,nd1E00074,nd1N00006,"nd1I00016\,stdI00002",,Inside,658644,No,,No,No,No,Male,1979,Asian,
437643,nd1R1097715,04683d1368,2/23/06 0:00,nd1S04683,Left,Black,No,nd1C00046,nd1T00002,nd1E00074,nd1N00006,"nd1I00015\,stdI00002",,Inside,662827,No,,No,No,No,Male,1979,Asian,
437644,nd1R1097716,04683d1369,2/23/06 0:00,nd1S04683,Left,Black,No,nd1C00046,nd1T00002,nd1E00074,nd1N00006,"nd1I00016\,stdI00002",,Inside,662828,No,,No,No,No,Male,1979,Asian,
439204,nd1R1099131,04683d1378,3/23/06 0:00,nd1S04683,Left,Black,No,nd1C00046,nd1T00002,nd1E00074,nd1N00006,"nd1I00016\,stdI00002",,Inside,664388,No,,No,No,No,Male,1979,Asian,
439624,nd1R1099551,04683d1390,4/12/06 0:00,nd1S04683,Left,Black,No,nd1C00046,nd1T00002,nd1E00074,nd1N00006,"nd1I00016\,stdI00002",,Inside,664808,No,,No,No,No,Male,1979,Asian,
440879,nd1R1100765,04683d1403,2/9/07 0:00,nd1S04683,Left,Black,No,nd1C00046,nd1T00002,nd1E00074,nd1N00006,"nd1I00017\,stdI00002",,Inside,666063,No,,No,No,No,Male,1979,Asian,
440882,nd1R1100768,04683d1406,2/9/07 0:00,nd1S04683,Left,Black,No,nd1C00046,nd1T00002,nd1E00074,nd1N00006,"nd1I00017\,stdI00002",,Inside,666066,No,,No,No,No,Male,1979,Asian,
441630,nd1R1101505,04683d1434,3/21/07 0:00,nd1S04683,Left,Black,No,nd1C00046,nd1T00002,nd1E00074,nd1N00006,"nd1I00015\,stdI00002",,Inside,666814,No,,No,No,No,Male,1979,Asian,
443433,nd1R1103293,04683d1443,4/13/07 0:00,nd1S04683,Left,Black,No,nd1C00046,nd1T00002,nd1E00074,nd1N00006,"nd1I00015\,stdI00002",,Inside,668617,No,,No,No,No,Male,1979,Asian,
443434,nd1R1103294,04683d1444,4/13/07 0:00,nd1S04683,Left,Black,No,nd1C00046,nd1T00002,nd1E00074,nd1N00006,"nd1I00016\,stdI00002",,Inside,668618,No,,No,No,No,Male,1979,Asian,
444428,nd1R1104279,04683d1454,4/27/07 0:00,nd1S04683,Left,Black,No,nd1C00046,nd1T00002,nd1E00074,nd1N00006,"nd1I00017\,stdI00002",,Inside,669612,No,,No,No,No,Male,1979,Asian,
444432,nd1R1104283,04683d1458,4/27/07 0:00,nd1S04683,Left,Black,No,nd1C00046,nd1T00002,nd1E00074,nd1N00006,"nd1I00015\,stdI00002",,Inside,669616,No,,No,No,No,Male,1979,Asian,
119440,nd3R53238,04684d849,8/31/04 13:00,nd1S04684,Left,Black,No,nd1C00005,nd1T00002,nd1E00074,nd1N00006,"nd1I00016\,stdI00002",nd1I00004,Inside,160252,No,,No,No,No,Male,1978,Asian,contacts-NoContacts
120280,nd3R54078,04684d856,9/7/04 13:00,nd1S04684,Left,Black,No,nd1C00005,nd1T00002,nd1E00074,nd1N00006,"nd1I00017\,stdI00002",nd1I00004,Inside,161092,No,,No,No,No,Male,1978,Asian,
120281,nd3R54079,04684d857,9/7/04 13:00,nd1S04684,Left,Black,No,nd1C00005,nd1T00002,nd1E00074,nd1N00006,"nd1I00015\,stdI00002",nd1I00004,Inside,161093,No,,No,No,No,Male,1978,Asian,
121227,nd3R55025,04684d862,9/14/04 13:00,nd1S04684,Left,Black,No,nd1C00005,nd1T00002,nd1E00074,nd1N00006,"nd1I00017\,stdI00002",nd1I00004,Inside,162039,No,,No,No,No,Male,1978,Asian,
121228,nd3R55026,04684d863,9/14/04 13:00,nd1S04684,Left,Black,No,nd1C00005,nd1T00002,nd1E00074,nd1N00006,"nd1I00015\,stdI00002",nd1I00004,Inside,162040,No,,No,No,No,Male,1978,Asian,
123675,nd3R57473,04684d881,10/5/04 13:00,nd1S04684,Left,Black,No,nd1C00005,nd1T00002,nd1E00074,nd1N00006,"nd1I00015\,stdI00002",nd1I00004,Inside,164487,No,,No,No,No,Male,1978,Asian,
123678,nd3R57476,04684d884,10/5/04 13:00,nd1S04684,Left,Black,No,nd1C00005,nd1T00002,nd1E00074,nd1N00006,"nd1I00015\,stdI00002",nd1I00004,Inside,164490,No,,No,No,No,Male,1978,Asian,
124508,nd3R58306,04684d885,10/12/04 13:00,nd1S04684,Left,Black,No,nd1C00005,nd1T00002,nd1E00074,nd1N00006,"nd1I00016\,stdI00002",nd1I00004,Inside,165320,No,,No,No,No,Male,1978,Asian,
124510,nd3R58308,04684d887,10/12/04 13:00,nd1S04684,Left,Black,No,nd1C00005,nd1T00002,nd1E00074,nd1N00006,"nd1I00015\,stdI00002",nd1I00004,Inside,165322,No,,No,No,No,Male,1978,Asian,
125803,nd3R59601,04684d897,10/26/04 13:00,nd1S04684,Left,Black,No,nd1C00005,nd1T00002,nd1E00074,nd1N00006,"nd1I00016\,stdI00002",nd1I00004,Inside,166615,No,,No,No,No,Male,1978,Asian,
144825,nd3R28161,04684d746,3/2/04 13:00,nd1S04684,Left,Black,No,nd1C00005,nd1T00002,nd1E00074,nd1N00006,"nd1I00017\,stdI00002",nd1I00004,Inside,185637,No,,No,No,No,Male,1978,Asian,
144831,nd3R28167,04684d752,3/16/04 13:00,nd1S04684,Left,Black,No,nd1C00005,nd1T00002,nd1E00074,nd1N00006,"nd1I00017\,stdI00002",nd1I00004,Inside,185643,No,,No,No,No,Male,1978,Asian,
144832,nd3R28168,04684d753,3/16/04 13:00,nd1S04684,Left,Black,No,nd1C00005,nd1T00002,nd1E00074,nd1N00006,"nd1I00015\,stdI00002",nd1I00004,Inside,185644,No,,No,No,No,Male,1978,Asian,
144836,nd3R28172,04684d757,3/23/04 13:00,nd1S04684,Left,Black,No,nd1C00005,nd1T00002,nd1E00074,nd1N00006,"nd1I00016\,stdI00002",nd1I00004,Inside,185648,No,,No,No,No,Male,1978,Asian,
144837,nd3R28173,04684d758,3/23/04 13:00,nd1S04684,Left,Black,No,nd1C00005,nd1T00002,nd1E00074,nd1N00006,"nd1I00017\,stdI00002",nd1I00004,Inside,185649,No,,No,No,No,Male,1978,Asian,
144866,nd3R28202,04684d787,4/27/04 13:00,nd1S04684,Left,Black,No,nd1C00005,nd1T00002,nd1E00074,nd1N00006,"nd1I00016\,stdI00002",nd1I00004,Inside,185678,No,,No,No,No,Male,1978,Asian,
163625,nd3R77320,04684d1024,3/3/05 13:00,nd1S04684,Left,Black,No,nd1C00005,nd1T00002,nd1E00074,nd1N00006,"nd1I00015\,stdI00002",nd1I00004,Inside,204437,No,,No,No,No,Male,1978,Asian,
166537,nd3R80238,04684d1052,4/19/05 13:00,nd1S04684,Left,Black,No,nd1C00005,nd1T00002,nd1E00074,nd1N00006,"nd1I00016\,stdI00002",nd1I00004,Inside,207349,No,,No,No,No,Male,1978,Asian,
167225,nd3R80926,04684d1059,4/27/05 13:00,nd1S04684,Left,Black,No,nd1C00005,nd1T00002,nd1E00074,nd1N00006,"nd1I00017\,stdI00002",nd1I00004,Inside,208037,No,,No,No,No,Male,1978,Asian,
429220,nd1R1089930,04684d1215,9/9/05 0:00,nd1S04684,Left,Black,No,nd1C00046,nd1T00002,nd1E00074,nd1N00006,"nd1I00015\,stdI00002",,Inside,654404,No,,No,No,No,Male,1978,Asian,
434498,,,11/1/06 0:00,nd1S04684,Left,Black,Yes,,nd1T00002,nd1E00074,nd1N00006,"nd1I00017\,stdI00002",,Inside,659682,No,,No,No,No,Male,1978,Asian,
434499,,,11/1/06 0:00,nd1S04684,Left,Black,Yes,,nd1T00002,nd1E00074,nd1N00006,"nd1I00015\,stdI00002",,Inside,659683,No,,No,No,No,Male,1978,Asian,
434501,,,11/1/06 0:00,nd1S04684,Left,Black,Yes,,nd1T00002,nd1E00074,nd1N00006,"nd1I00017\,stdI00002",,Inside,659685,No,,No,No,No,Male,1978,Asian,
440515,nd1R1100413,04684d1260,2/7/07 0:00,nd1S04684,Left,Black,No,nd1C00046,nd1T00002,nd1E00074,nd1N00006,"nd1I00016\,stdI00002",,Inside,665699,No,,No,No,No,Male,1978,Asian,
440516,nd1R1100414,04684d1261,2/7/07 0:00,nd1S04684,Left,Black,No,nd1C00046,nd1T00002,nd1E00074,nd1N00006,"nd1I00017\,stdI00002",,Inside,665700,No,,No,No,No,Male,1978,Asian,
441284,nd1R1101163,04684d1273,2/28/07 0:00,nd1S04684,Left,Black,No,nd1C00046,nd1T00002,nd1E00074,nd1N00006,"nd1I00017\,stdI00002",,Inside,666468,No,,No,No,No,Male,1978,Asian,
160897,nd3R74590,04701d548,1/19/05 13:00,nd1S04701,Left,Blue,No,nd1C00005,nd1T00002,nd1E00074,nd1N00006,"nd1I00017\,stdI00002",nd1I00004,Inside,201709,No,,No,No,No,Female,1984,White,
165052,nd3R78753,04701d591,3/31/05 13:00,nd1S04701,Left,Blue,No,nd1C00005,nd1T00002,nd1E00074,nd1N00006,"nd1I00015\,stdI00002",nd1I00004,Inside,205864,No,,No,No,No,Female,1984,White,
294415,nd3R28511,04701d399,,nd1S04701,Left,Blue,,nd1OldIrises,,,,,,,374089,No,,No,No,No,Female,1984,White,
294420,nd3R28516,04701d404,,nd1S04701,Left,Blue,,nd1OldIrises,,,,,,,374094,No,,No,No,No,Female,1984,White,
294434,nd3R28530,04701d418,,nd1S04701,Left,Blue,,nd1OldIrises,,,,,,,374108,No,,No,No,No,Female,1984,White,
294444,nd3R28540,04701d428,,nd1S04701,Left,Blue,,nd1OldIrises,,,,,,,374118,No,,No,No,No,Female,1984,White,
294445,nd3R28541,04701d429,,nd1S04701,Left,Blue,,nd1OldIrises,,,,,,,374119,No,,No,No,No,Female,1984,White,
294461,nd3R28557,04701d445,,nd1S04701,Left,Blue,,nd1OldIrises,,,,,,,374135,No,,No,No,No,Female,1984,White,
294463,nd3R28559,04701d447,,nd1S04701,Left,Blue,,nd1OldIrises,,,,,,,374137,No,,No,No,No,Female,1984,White,
294475,nd3R28571,04701d459,,nd1S04701,Left,Blue,,nd1OldIrises,,,,,,,374149,No,,No,No,No,Female,1984,White,
294487,nd3R28583,04701d471,,nd1S04701,Left,Blue,,nd1OldIrises,,,,,,,374161,No,,No,No,No,Female,1984,White,
429795,nd1R1090498,04701d773,9/28/05 0:00,nd1S04701,Left,Blue,No,nd1C00046,nd1T00002,nd1E00074,nd1N00006,"nd1I00017\,stdI00002",,Inside,654979,No,,No,No,No,Female,1984,White,
432595,nd1R1093262,04701d784,10/28/05 0:00,nd1S04701,Left,Blue,No,nd1C00046,nd1T00002,nd1E00074,nd1N00006,"nd1I00015\,stdI00002",,Inside,657779,No,,No,No,No,Female,1984,White,
433933,nd1R1094559,04701d801,11/18/05 0:00,nd1S04701,Left,Blue,No,nd1C00046,nd1T00002,nd1E00074,nd1N00006,"nd1I00016\,stdI00002",,Inside,659117,No,,No,No,No,Female,1984,White,
433938,nd1R1094564,04701d806,11/18/05 0:00,nd1S04701,Left,Blue,No,nd1C00046,nd1T00002,nd1E00074,nd1N00006,"nd1I00015\,stdI00002",,Inside,659122,No,,No,No,No,Female,1984,White,
437854,,,2/23/06 0:00,nd1S04701,Left,Blue,No,,nd1T00002,nd1E00074,nd1N00006,"nd1I00016\,stdI00002",,Inside,663038,No,,No,No,No,Female,1984,White,
437856,nd1R1097924,04701d826,2/23/06 0:00,nd1S04701,Left,Blue,No,nd1C00046,nd1T00002,nd1E00074,nd1N00006,"nd1I00015\,stdI00002",,Inside,663040,No,,No,No,No,Female,1984,White,
439062,nd1R1098992,04701d838,3/23/06 0:00,nd1S04701,Left,Blue,No,nd1C00046,nd1T00002,nd1E00074,nd1N00006,"nd1I00015\,stdI00002",,Inside,664246,No,,No,No,No,Female,1984,White,
439065,nd1R1098995,04701d841,3/23/06 0:00,nd1S04701,Left,Blue,No,nd1C00046,nd1T00002,nd1E00074,nd1N00006,"nd1I00015\,stdI00002",,Inside,664249,No,,No,No,No,Female,1984,White,
167569,nd3R81270,04701d619,1/19/05 13:00,nd1S04701,Right,Blue,No,nd1C00005,nd1T00002,nd1E00074,nd1N00006,"nd1I00016\,stdI00002",nd1I00004,Inside,208381,No,,No,No,No,Female,1984,White,
167570,nd3R81271,04701d620,1/19/05 13:00,nd1S04701,Right,Blue,No,nd1C00005,nd1T00002,nd1E00074,nd1N00006,"nd1I00017\,stdI00002",nd1I00004,Inside,208382,No,,No,No,No,Female,1984,White,
169166,nd3R82867,04701d632,2/15/05 13:00,nd1S04701,Right,Blue,No,nd1C00005,nd1T00002,nd1E00074,nd1N00006,"nd1I00017\,stdI00002",nd1I00004,Inside,209978,No,,No,No,No,Female,1984,White,
169167,nd3R82868,04701d633,2/15/05 13:00,nd1S04701,Right,Blue,No,nd1C00005,nd1T00002,nd1E00074,nd1N00006,"nd1I00015\,stdI00002",nd1I00004,Inside,209979,No,,No,No,No,Female,1984,White,
169698,nd3R83415,04701d642,2/24/05 13:00,nd1S04701,Right,Blue,No,nd1C00005,nd1T00002,nd1E00074,nd1N00006,"nd1I00015\,stdI00002",nd1I00004,Inside,210510,No,,No,No,No,Female,1984,White,
171636,nd3R85363,04701d661,3/31/05 13:00,nd1S04701,Right,Blue,No,nd1C00005,nd1T00002,nd1E00074,nd1N00006,"nd1I00016\,stdI00002",nd1I00004,Inside,212448,No,,No,No,No,Female,1984,White,
173533,nd3R87260,04701d689,4/26/05 13:00,nd1S04701,Right,Blue,No,nd1C00005,nd1T00002,nd1E00074,nd1N00006,"nd1I00017\,stdI00002",nd1I00004,Inside,214345,No,,No,No,No,Female,1984,White,
173534,nd3R87261,04701d690,4/26/05 13:00,nd1S04701,Right,Blue,No,nd1C00005,nd1T00002,nd1E00074,nd1N00006,"nd1I00015\,stdI00002",nd1I00004,Inside,214346,No,,No,No,No,Female,1984,White,
294506,nd3R44051,04701d490,,nd1S04701,Right,Blue,,nd1OldIrises,,,,,,,374180,No,,No,No,No,Female,1984,White,
294519,nd3R44064,04701d503,,nd1S04701,Right,Blue,,nd1OldIrises,,,,,,,374193,No,,No,No,No,Female,1984,White,
294524,nd3R44069,04701d508,,nd1S04701,Right,Blue,,nd1OldIrises,,,,,,,374198,No,,No,No,No,Female,1984,White,
294529,nd3R44074,04701d513,,nd1S04701,Right,Blue,,nd1OldIrises,,,,,,,374203,No,,No,No,No,Female,1984,White,
294536,nd3R44081,04701d520,,nd1S04701,Right,Blue,,nd1OldIrises,,,,,,,374210,No,,No,No,No,Female,1984,White,
294543,nd3R44088,04701d527,,nd1S04701,Right,Blue,,nd1OldIrises,,,,,,,374217,No,,No,No,No,Female,1984,White,
294544,nd3R44089,04701d528,,nd1S04701,Right,Blue,,nd1OldIrises,,,,,,,374218,No,,No,No,No,Female,1984,White,
294551,nd3R44096,04701d535,,nd1S04701,Right,Blue,,nd1OldIrises,,,,,,,374225,No,,No,No,No,Female,1984,White,
294553,nd3R44098,04701d537,,nd1S04701,Right,Blue,,nd1OldIrises,,,,,,,374227,No,,No,No,No,Female,1984,White,
428436,nd1R1089164,04701d764,9/7/05 0:00,nd1S04701,Right,Blue,No,nd1C00046,nd1T00002,nd1E00074,nd1N00006,"nd1I00017\,stdI00002",,Inside,653620,No,,No,No,No,Female,1984,White,
429802,,,9/28/05 0:00,nd1S04701,Right,Blue,No,,nd1T00002,nd1E00074,nd1N00006,"nd1I00015\,stdI00002",,Inside,654986,No,,No,No,No,Female,1984,White,
432597,nd1R1093264,04701d786,10/28/05 0:00,nd1S04701,Right,Blue,No,nd1C00046,nd1T00002,nd1E00074,nd1N00006,"nd1I00017\,stdI00002",,Inside,657781,No,,No,No,No,Female,1984,White,
432600,nd1R1093267,04701d789,10/28/05 0:00,nd1S04701,Right,Blue,No,nd1C00046,nd1T00002,nd1E00074,nd1N00006,"nd1I00017\,stdI00002",,Inside,657784,No,,No,No,No,Female,1984,White,
433925,nd1R1094553,04701d795,11/18/05 0:00,nd1S04701,Right,Blue,No,nd1C00046,nd1T00002,nd1E00074,nd1N00006,"nd1I00017\,stdI00002",,Inside,659109,No,,No,No,No,Female,1984,White,
433939,nd1R1094565,04701d807,11/18/05 0:00,nd1S04701,Right,Blue,No,nd1C00046,nd1T00002,nd1E00074,nd1N00006,"nd1I00016\,stdI00002",,Inside,659123,No,,No,No,No,Female,1984,White,
433940,nd1R1094566,04701d808,11/18/05 0:00,nd1S04701,Right,Blue,No,nd1C00046,nd1T00002,nd1E00074,nd1N00006,"nd1I00017\,stdI00002",,Inside,659124,No,,No,No,No,Female,1984,White,
436553,nd1R1096630,04701d823,2/2/06 0:00,nd1S04701,Right,Blue,No,nd1C00046,nd1T00002,nd1E00074,nd1N00006,"nd1I00017\,stdI00002",,Inside,661737,No,,No,No,No,Female,1984,White,
437862,nd1R1097930,04701d832,2/23/06 0:00,nd1S04701,Right,Blue,No,nd1C00046,nd1T00002,nd1E00074,nd1N00006,"nd1I00015\,stdI00002",,Inside,663046,No,,No,No,No,Female,1984,White,
439067,,,3/23/06 0:00,nd1S04701,Right,Blue,No,,nd1T00002,nd1E00074,nd1N00006,"nd1I00017\,stdI00002",,Inside,664251,No,,No,No,No,Female,1984,White,
439070,nd1R1098999,04701d845,3/23/06 0:00,nd1S04701,Right,Blue,No,nd1C00046,nd1T00002,nd1E00074,nd1N00006,"nd1I00017\,stdI00002",,Inside,664254,No,,No,No,No,Female,1984,White,
439071,nd1R1099000,04701d846,3/23/06 0:00,nd1S04701,Right,Blue,No,nd1C00046,nd1T00002,nd1E00074,nd1N00006,"nd1I00015\,stdI00002",,Inside,664255,No,,No,No,No,Female,1984,White,
136308,nd3R70106,04714d933,11/2/04 13:00,nd1S04714,Right,Black,No,nd1C00005,nd1T00002,nd1E00074,nd1N00006,"nd1I00017\,stdI00002",nd1I00004,Inside,177120,No,,No,No,No,Female,1979,Asian,
156053,nd3R44440,04714d725,1/14/04 13:00,nd1S04714,Right,Black,No,nd1C00005,nd1T00002,nd1E00074,nd1N00006,"nd1I00015\,stdI00002",nd1I00004,Inside,196865,No,,No,No,No,Female,1979,Asian,
156098,nd3R44485,04714d770,4/14/04 13:00,nd1S04714,Right,Black,No,nd1C00005,nd1T00002,nd1E00074,nd1N00006,"nd1I00017\,stdI00002",nd1I00004,Inside,196910,No,,No,No,No,Female,1979,Asian,
176646,nd2R44273,04714d399,1/21/04 13:00,nd1S04714,Right,Black,No,nd1C00005,nd1T00002,nd1E00074,nd1N00006,"nd1I00015\,stdI00002",nd1I00004,Inside,217458,No,,No,No,No,Female,1979,Asian,
437659,nd1R1097730,04714d1200,2/23/06 0:00,nd1S04714,Right,Black,No,nd1C00046,nd1T00002,nd1E00074,nd1N00006,"nd1I00016\,stdI00002",,Inside,662843,No,,No,No,No,Female,1979,Asian,
439316,nd1R1099243,04714d1222,3/24/06 0:00,nd1S04714,Right,Black,No,nd1C00046,nd1T00002,nd1E00074,nd1N00006,"nd1I00017\,stdI00002",,Inside,664500,No,,No,No,No,Female,1979,Asian,
440171,nd1R1100093,04714d1231,4/14/06 0:00,nd1S04714,Right,Black,No,nd1C00046,nd1T00002,nd1E00074,nd1N00006,"nd1I00017\,stdI00002",,Inside,665355,No,,No,No,No,Female,1979,Asian,
440899,,,2/9/07 0:00,nd1S04714,Right,Brown,No,,nd1T00002,nd1E00074,nd1N00006,"nd1I00016\,stdI00002",,Inside,666083,No,,No,No,No,Female,1979,Asian,
441646,nd1R1101521,04714d1267,3/21/07 0:00,nd1S04714,Right,Brown,No,nd1C00046,nd1T00002,nd1E00074,nd1N00006,"nd1I00016\,stdI00002",,Inside,666830,No,,No,No,No,Female,1979,Asian,
443427,nd1R1103288,04714d1278,4/13/07 0:00,nd1S04714,Right,Brown,No,nd1C00046,nd1T00002,nd1E00074,nd1N00006,"nd1I00015\,stdI00002",,Inside,668611,No,,No,No,No,Female,1979,Asian,
444426,nd1R1104277,04714d1292,4/27/07 0:00,nd1S04714,Right,Brown,No,nd1C00046,nd1T00002,nd1E00074,nd1N00006,"nd1I00015\,stdI00002",,Inside,669610,No,,No,No,No,Female,1979,Asian,
146842,nd3R31303,04786d588,2/11/04 13:00,nd1S04786,Left,Brown,No,nd1C00005,nd1T00002,nd1E00074,nd1N00006,"nd1I00015\,stdI00002",nd1I00004,Inside,187654,No,,No,No,No,Male,1985,White,
146871,nd3R31332,04786d617,3/18/04 13:00,nd1S04786,Left,Brown,No,nd1C00005,nd1T00002,nd1E00074,nd1N00006,"nd1I00017\,stdI00002",nd1I00004,Inside,187683,No,,No,No,No,Male,1985,White,
146872,nd3R31333,04786d618,3/18/04 13:00,nd1S04786,Left,Brown,No,nd1C00005,nd1T00002,nd1E00074,nd1N00006,"nd1I00015\,stdI00002",nd1I00004,Inside,187684,No,,No,No,No,Male,1985,White,
146902,nd3R31363,04786d648,4/20/04 13:00,nd1S04786,Left,Brown,No,nd1C00005,nd1T00002,nd1E00074,nd1N00006,"nd1I00015\,stdI00002",nd1I00004,Inside,187714,No,,No,No,No,Male,1985,White,
163552,nd3R77247,04786d772,3/2/05 13:00,nd1S04786,Left,Brown,No,nd1C00005,nd1T00002,nd1E00074,nd1N00006,"nd1I00016\,stdI00002",nd1I00004,Inside,204364,No,,No,No,No,Male,1985,White,
435089,,,11/2/06 0:00,nd1S04786,Left,Brown,Yes,,nd1T00002,nd1E00074,nd1N00006,"nd1I00017\,stdI00002",,Inside,660273,No,,No,No,No,Male,1985,White,
435090,nd1R1095313,04786d1013,11/2/06 0:00,nd1S04786,Left,Brown,Yes,nd1C00046,nd1T00002,nd1E00074,nd1N00006,"nd1I00015\,stdI00002",,Inside,660274,No,,No,No,No,Male,1985,White,
435092,,,11/2/06 0:00,nd1S04786,Left,Brown,Yes,,nd1T00002,nd1E00074,nd1N00006,"nd1I00017\,stdI00002",,Inside,660276,No,,No,No,No,Male,1985,White,
443154,nd1R1103015,04786d1127,4/12/07 0:00,nd1S04786,Left,Brown,No,nd1C00046,nd1T00002,nd1E00074,nd1N00006,"nd1I00015\,stdI00002",,Inside,668338,No,,No,No,No,Male,1985,White,
119627,nd3R53425,04851d790,9/1/04 13:00,nd1S04851,Left,Black,No,nd1C00005,nd1T00002,nd1E00074,nd1N00006,"nd1I00016\,stdI00002",nd1I00004,Inside,160439,No,,No,No,No,Female,1981,Asian,contacts-Category1
122133,nd3R55931,04851d808,9/22/04 13:00,nd1S04851,Left,Black,No,nd1C00005,nd1T00002,nd1E00074,nd1N00006,"nd1I00016\,stdI00002",nd1I00004,Inside,162945,No,,No,No,No,Female,1981,Asian,
123765,nd3R57563,04851d820,10/6/04 13:00,nd1S04851,Left,Black,No,nd1C00005,nd1T00002,nd1E00074,nd1N00006,"nd1I00016\,stdI00002",nd1I00004,Inside,164577,No,,No,No,No,Female,1981,Asian,
124630,nd3R58428,04851d826,10/13/04 13:00,nd1S04851,Left,Black,No,nd1C00005,nd1T00002,nd1E00074,nd1N00006,"nd1I00016\,stdI00002",nd1I00004,Inside,165442,No,,No,No,No,Female,1981,Asian,
126062,nd3R59860,04851d844,10/27/04 13:00,nd1S04851,Left,Black,No,nd1C00005,nd1T00002,nd1E00074,nd1N00006,"nd1I00016\,stdI00002",nd1I00004,Inside,166874,No,,No,No,No,Female,1981,Asian,
126818,nd3R60616,04851d850,11/3/04 13:00,nd1S04851,Left,Black,No,nd1C00005,nd1T00002,nd1E00074,nd1N00006,"nd1I00016\,stdI00002",nd1I00004,Inside,167630,No,,No,No,No,Female,1981,Asian,
127561,nd3R61359,04851d857,11/10/04 13:00,nd1S04851,Left,Black,No,nd1C00005,nd1T00002,nd1E00074,nd1N00006,"nd1I00017\,stdI00002",nd1I00004,Inside,168373,No,,No,No,No,Female,1981,Asian,
128307,nd3R62105,04851d862,11/24/04 13:00,nd1S04851,Left,Black,No,nd1C00005,nd1T00002,nd1E00074,nd1N00006,"nd1I00016\,stdI00002",nd1I00004,Inside,169119,No,,No,No,No,Female,1981,Asian,
129076,nd3R62874,04851d868,12/1/04 13:00,nd1S04851,Left,Black,No,nd1C00005,nd1T00002,nd1E00074,nd1N00006,"nd1I00016\,stdI00002",nd1I00004,Inside,169888,No,,No,No,No,Female,1981,Asian,
148207,nd3R33106,04851d633,1/13/04 13:00,nd1S04851,Left,Black,No,nd1C00005,nd1T00002,nd1E00074,nd1N00006,"nd1I00017\,stdI00002",nd1I00004,Inside,189019,No,,No,No,No,Female,1981,Asian,
148228,nd3R33127,04851d654,3/16/04 13:00,nd1S04851,Left,Black,No,nd1C00005,nd1T00002,nd1E00074,nd1N00006,"nd1I00016\,stdI00002",nd1I00004,Inside,189040,No,,No,No,No,Female,1981,Asian,
148245,nd3R33144,04851d671,3/30/04 13:00,nd1S04851,Left,Black,No,nd1C00005,nd1T00002,nd1E00074,nd1N00006,"nd1I00015\,stdI00002",nd1I00004,Inside,189057,No,,No,No,No,Female,1981,Asian,
148254,nd3R33153,04851d680,4/13/04 13:00,nd1S04851,Left,Black,No,nd1C00005,nd1T00002,nd1E00074,nd1N00006,"nd1I00015\,stdI00002",nd1I00004,Inside,189066,No,,No,No,No,Female,1981,Asian,
160865,nd3R74558,04851d954,1/19/05 13:00,nd1S04851,Left,Black,No,nd1C00005,nd1T00002,nd1E00074,nd1N00006,"nd1I00015\,stdI00002",nd1I00004,Inside,201677,No,,No,No,No,Female,1981,Asian,
160867,nd3R74560,04851d956,1/19/05 13:00,nd1S04851,Left,Black,No,nd1C00005,nd1T00002,nd1E00074,nd1N00006,"nd1I00017\,stdI00002",nd1I00004,Inside,201679,No,,No,No,No,Female,1981,Asian,
162270,nd3R75963,04851d968,2/15/05 13:00,nd1S04851,Left,Black,No,nd1C00005,nd1T00002,nd1E00074,nd1N00006,"nd1I00017\,stdI00002",nd1I00004,Inside,203082,No,,No,No,No,Female,1981,Asian,
162829,nd3R76524,04851d970,2/23/05 13:00,nd1S04851,Left,Black,No,nd1C00005,nd1T00002,nd1E00074,nd1N00006,"nd1I00016\,stdI00002",nd1I00004,Inside,203641,No,,No,No,No,Female,1981,Asian,
163452,nd3R77147,04851d978,3/2/05 13:00,nd1S04851,Left,Black,No,nd1C00005,nd1T00002,nd1E00074,nd1N00006,"nd1I00015\,stdI00002",nd1I00004,Inside,204264,No,,No,No,No,Female,1981,Asian,
164350,nd3R78051,04851d985,3/23/05 13:00,nd1S04851,Left,Black,No,nd1C00005,nd1T00002,nd1E00074,nd1N00006,"nd1I00016\,stdI00002",nd1I00004,Inside,205162,No,,No,No,No,Female,1981,Asian,
164857,nd3R78558,04851d1004,3/30/05 13:00,nd1S04851,Left,Black,No,nd1C00005,nd1T00002,nd1E00074,nd1N00006,"nd1I00015\,stdI00002",nd1I00004,Inside,205669,No,,No,No,No,Female,1981,Asian,
165410,nd3R79111,04851d1006,4/6/05 13:00,nd1S04851,Left,Black,No,nd1C00005,nd1T00002,nd1E00074,nd1N00006,"nd1I00017\,stdI00002",nd1I00004,Inside,206222,No,,No,No,No,Female,1981,Asian,
166010,nd3R79711,04851d1011,4/13/05 13:00,nd1S04851,Left,Black,No,nd1C00005,nd1T00002,nd1E00074,nd1N00006,"nd1I00016\,stdI00002",nd1I00004,Inside,206822,No,,No,No,No,Female,1981,Asian,
166012,nd3R79713,04851d1013,4/13/05 13:00,nd1S04851,Left,Black,No,nd1C00005,nd1T00002,nd1E00074,nd1N00006,"nd1I00015\,stdI00002",nd1I00004,Inside,206824,No,,No,No,No,Female,1981,Asian,
167099,nd3R80800,04851d1024,4/27/05 13:00,nd1S04851,Left,Black,No,nd1C00005,nd1T00002,nd1E00074,nd1N00006,"nd1I00017\,stdI00002",nd1I00004,Inside,207911,No,,No,No,No,Female,1981,Asian,
167100,nd3R80801,04851d1025,4/27/05 13:00,nd1S04851,Left,Black,No,nd1C00005,nd1T00002,nd1E00074,nd1N00006,"nd1I00015\,stdI00002",nd1I00004,Inside,207912,No,,No,No,No,Female,1981,Asian,
176278,nd2R43652,04851d339,1/27/04 13:00,nd1S04851,Left,Black,No,nd1C00005,nd1T00002,nd1E00074,nd1N00006,"nd1I00016\,stdI00002",nd1I00004,Inside,217090,No,,No,No,No,Female,1981,Asian,
176282,nd2R43656,04851d343,1/27/04 13:00,nd1S04851,Left,Black,No,nd1C00005,nd1T00002,nd1E00074,nd1N00006,"nd1I00017\,stdI00002",nd1I00004,Inside,217094,No,,No,No,No,Female,1981,Asian,
176292,nd2R43666,04851d353,2/11/04 13:00,nd1S04851,Left,Black,No,nd1C00005,nd1T00002,nd1E00074,nd1N00006,"nd1I00015\,stdI00002",nd1I00004,Inside,217104,No,,No,No,No,Female,1981,Asian,
176293,nd2R43667,04851d354,2/11/04 13:00,nd1S04851,Left,Black,No,nd1C00005,nd1T00002,nd1E00074,nd1N00006,"nd1I00016\,stdI00002",nd1I00004,Inside,217105,No,,No,No,No,Female,1981,Asian,
176295,nd2R43669,04851d356,2/11/04 13:00,nd1S04851,Left,Black,No,nd1C00005,nd1T00002,nd1E00074,nd1N00006,"nd1I00015\,stdI00002",nd1I00004,Inside,217107,No,,No,No,No,Female,1981,Asian,
185927,nd5R68088,04851d1297,3/12/08 0:00,nd1S04851,Left,Black,No,nd1C00013,nd1T00014,nd1E00074,nd1N00006,"nd1I00016\,stdI00002",nd1I00012,Inside,229485,Yes,Soft,No,No,No,Female,1981,Asian,"contacts-soft-given\,contacts-given"
194845,nd5R74080,04851d1341,4/23/08 0:00,nd1S04851,Left,Black,No,nd1C00013,nd1T00014,nd1E00074,nd1N00006,"nd1I00015\,stdI00002",nd1I00012,Inside,241822,Yes,Soft,No,No,No,Female,1981,Asian,"contacts-soft-given\,contacts-given"
200015,nd4R95099,04851d1120,9/10/08 0:00,nd1S04851,Left,Black,No,nd1C00028,nd1T00014,nd1E00074,nd1N00006,"nd1I00015\,stdI00002",nd1I00004,Inside,255659,Yes,Soft,No,No,No,Female,1981,Asian,"contacts-soft-given\,contacts-given"
216450,nd4R56266,04851d1565,10/29/08 0:00,nd1S04851,Left,Black,No,nd1C00023,nd1T00014,nd1E00074,nd1N00006,"nd1I00015\,stdI00002",nd1I00012,Inside,277300,Yes,Soft,No,No,No,Female,1981,Asian,"contacts-soft-given\,contacts-given"
230543,nd4R97480,04851d1130,12/2/08 0:00,nd1S04851,Left,Black,No,nd1C00028,nd1T00014,nd1E00074,nd1N00006,"nd1I00016\,stdI00002",nd1I00004,Inside,304002,No,,No,No,No,Female,1981,Asian,
379419,nd6R08113,04851d1443,11/26/05 0:00,nd1S04851,Left,Black,No,nd1C00046,nd1T00002,nd1E00074,nd1N00006,"nd1I00017\,stdI00002",nd1I00004,Inside,534641,No,,No,No,No,Female,1981,Asian,
430447,nd1R1091138,04851d1592,9/29/05 0:00,nd1S04851,Left,Black,No,nd1C00046,nd1T00002,nd1E00074,nd1N00006,"nd1I00015\,stdI00002",,Inside,655631,No,,No,No,No,Female,1981,Asian,
430461,nd1R1091150,04851d1604,9/29/05 0:00,nd1S04851,Left,Black,No,nd1C00046,nd1T00002,nd1E00074,nd1N00006,"nd1I00017\,stdI00002",,Inside,655645,No,,No,No,No,Female,1981,Asian,
432139,nd1R1092812,04851d1617,10/27/05 0:00,nd1S04851,Left,Black,No,nd1C00046,nd1T00002,nd1E00074,nd1N00006,"nd1I00015\,stdI00002",,Inside,657323,No,,No,No,No,Female,1981,Asian,
444655,nd1R1104503,04851d1662,4/27/07 0:00,nd1S04851,Left,Black,No,nd1C00046,nd1T00002,nd1E00074,nd1N00006,"nd1I00016\,stdI00002",,Inside,669839,No,,No,No,No,Female,1981,Asian,
167629,nd3R81330,04859d238,1/19/05 13:00,nd1S04859,Right,Hazel,No,nd1C00005,nd1T00002,nd1E00074,nd1N00006,"nd1I00016\,stdI00002",nd1I00004,Inside,208441,No,,No,No,No,Male,1984,White,
167631,nd3R81332,04859d240,1/19/05 13:00,nd1S04859,Right,Hazel,No,nd1C00005,nd1T00002,nd1E00074,nd1N00006,"nd1I00015\,stdI00002",nd1I00004,Inside,208443,No,,No,No,No,Male,1984,White,
168455,nd3R82156,04859d245,2/8/05 13:00,nd1S04859,Right,Hazel,No,nd1C00005,nd1T00002,nd1E00074,nd1N00006,"nd1I00017\,stdI00002",nd1I00004,Inside,209267,No,,No,No,No,Male,1984,White,
168456,nd3R82157,04859d246,2/8/05 13:00,nd1S04859,Right,Hazel,No,nd1C00005,nd1T00002,nd1E00074,nd1N00006,"nd1I00015\,stdI00002",nd1I00004,Inside,209268,No,,No,No,No,Male,1984,White,
168459,nd3R82160,04859d249,2/8/05 13:00,nd1S04859,Right,Hazel,No,nd1C00005,nd1T00002,nd1E00074,nd1N00006,"nd1I00015\,stdI00002",nd1I00004,Inside,209271,No,,No,No,No,Male,1984,White,
168823,nd3R82524,04859d250,2/15/05 13:00,nd1S04859,Right,Hazel,No,nd1C00005,nd1T00002,nd1E00074,nd1N00006,"nd1I00016\,stdI00002",nd1I00004,Inside,209635,No,,No,No,No,Male,1984,White,
169845,nd3R83562,04859d264,2/24/05 13:00,nd1S04859,Right,Hazel,No,nd1C00005,nd1T00002,nd1E00074,nd1N00006,"nd1I00015\,stdI00002",nd1I00004,Inside,210657,No,,No,No,No,Male,1984,White,
170611,nd3R84336,04859d270,3/16/05 13:00,nd1S04859,Right,Hazel,No,nd1C00005,nd1T00002,nd1E00074,nd1N00006,"nd1I00015\,stdI00002",nd1I00004,Inside,211423,No,,No,No,No,Male,1984,White,
172148,nd3R85875,04859d276,4/6/05 13:00,nd1S04859,Right,Hazel,No,nd1C00005,nd1T00002,nd1E00074,nd1N00006,"nd1I00015\,stdI00002",nd1I00004,Inside,212960,No,,No,No,No,Male,1984,White,
240496,nd3R48855,04859d158,,nd1S04859,Right,Hazel,,nd1OldIrises,,,,,,,318780,No,,No,No,No,Male,1984,White,
240502,nd3R48861,04859d164,,nd1S04859,Right,Hazel,,nd1OldIrises,,,,,,,318786,No,,No,No,No,Male,1984,White,
428935,nd1R1089645,04859d339,9/8/05 0:00,nd1S04859,Right,Hazel,No,nd1C00046,nd1T00002,nd1E00074,nd1N00006,"nd1I00015\,stdI00002",,Inside,654119,No,,No,No,No,Male,1984,White,
430333,nd1R1091026,04859d354,9/29/05 0:00,nd1S04859,Right,Hazel,No,nd1C00046,nd1T00002,nd1E00074,nd1N00006,"nd1I00015\,stdI00002",,Inside,655517,No,,No,No,No,Male,1984,White,
431489,nd1R1092171,04859d360,10/26/05 0:00,nd1S04859,Right,Hazel,No,nd1C00046,nd1T00002,nd1E00074,nd1N00006,"nd1I00016\,stdI00002",,Inside,656673,No,,No,No,No,Male,1984,White,
431506,nd1R1092188,04859d377,10/26/05 0:00,nd1S04859,Right,Hazel,No,nd1C00046,nd1T00002,nd1E00074,nd1N00006,"nd1I00015\,stdI00002",,Inside,656690,No,,No,No,No,Male,1984,White,
436756,nd1R1096831,04859d386,2/3/06 0:00,nd1S04859,Right,Hazel,No,nd1C00046,nd1T00002,nd1E00074,nd1N00006,"nd1I00016\,stdI00002",,Inside,661940,No,,No,No,No,Male,1984,White,
439403,nd1R1099330,04859d396,3/24/06 0:00,nd1S04859,Right,Hazel,No,nd1C00046,nd1T00002,nd1E00074,nd1N00006,"nd1I00017\,stdI00002",,Inside,664587,No,,No,No,No,Male,1984,White,
129565,nd3R63363,04917d807,8/31/04 13:00,nd1S04917,Right,Brown,No,nd1C00005,nd1T00002,nd1E00074,nd1N00006,"nd1I00016\,stdI00002",nd1I00004,Inside,170377,No,,No,No,No,Male,1984,White,
132716,nd3R66514,04917d836,9/28/04 13:00,nd1S04917,Right,Brown,No,nd1C00005,nd1T00002,nd1E00074,nd1N00006,"nd1I00015\,stdI00002",nd1I00004,Inside,173528,No,,No,No,No,Male,1984,White,
135616,nd3R69414,04917d859,10/26/04 13:00,nd1S04917,Right,Brown,No,nd1C00005,nd1T00002,nd1E00074,nd1N00006,"nd1I00017\,stdI00002",nd1I00004,Inside,176428,No,,No,No,No,Male,1984,White,
160512,nd3R51065,04917d652,1/14/04 13:00,nd1S04917,Right,Brown,No,nd1C00005,nd1T00002,nd1E00074,nd1N00006,"nd1I00017\,stdI00002",nd1I00004,Inside,201324,No,,No,No,No,Male,1984,White,
160513,nd3R51066,04917d653,1/14/04 13:00,nd1S04917,Right,Brown,No,nd1C00005,nd1T00002,nd1E00074,nd1N00006,"nd1I00015\,stdI00002",nd1I00004,Inside,201325,No,,No,No,No,Male,1984,White,
160515,nd3R51068,04917d655,1/22/04 13:00,nd1S04917,Right,Brown,No,nd1C00005,nd1T00002,nd1E00074,nd1N00006,"nd1I00017\,stdI00002",nd1I00004,Inside,201327,No,,No,No,No,Male,1984,White,
160545,nd3R51098,04917d685,3/25/04 13:00,nd1S04917,Right,Brown,No,nd1C00005,nd1T00002,nd1E00074,nd1N00006,"nd1I00015\,stdI00002",nd1I00004,Inside,201357,No,,No,No,No,Male,1984,White,
160559,nd3R51112,04917d699,4/8/04 13:00,nd1S04917,Right,Brown,No,nd1C00005,nd1T00002,nd1E00074,nd1N00006,"nd1I00017\,stdI00002",nd1I00004,Inside,201371,No,,No,No,No,Male,1984,White,
160565,nd3R51118,04917d705,4/15/04 13:00,nd1S04917,Right,Brown,No,nd1C00005,nd1T00002,nd1E00074,nd1N00006,"nd1I00017\,stdI00002",nd1I00004,Inside,201377,No,,No,No,No,Male,1984,White,
172395,nd3R86122,04917d1011,4/7/05 13:00,nd1S04917,Right,Brown,No,nd1C00005,nd1T00002,nd1E00074,nd1N00006,"nd1I00016\,stdI00002",nd1I00004,Inside,213207,No,,No,No,No,Male,1984,White,
178287,nd2R46715,04917d297,2/12/04 13:00,nd1S04917,Right,Brown,No,nd1C00005,nd1T00002,nd1E00074,nd1N00006,"nd1I00017\,stdI00002",nd1I00004,Inside,219099,No,,No,No,No,Male,1984,White,
430700,nd1R1091388,04917d1446,9/29/05 0:00,nd1S04917,Right,Brown,No,nd1C00046,nd1T00002,nd1E00074,nd1N00006,"nd1I00016\,stdI00002",,Inside,655884,No,,No,No,No,Male,1984,White,
435709,,,11/3/06 0:00,nd1S04917,Right,Brown,Yes,,nd1T00002,nd1E00074,nd1N00006,"nd1I00016\,stdI00002",,Inside,660893,No,,No,No,No,Male,1984,White,
441207,nd1R1101086,04917d1532,2/28/07 0:00,nd1S04917,Right,Brown,No,nd1C00046,nd1T00002,nd1E00074,nd1N00006,"nd1I00015\,stdI00002",,Inside,666391,No,,No,No,No,Male,1984,White,
442977,nd1R1102839,04917d1559,4/11/07 0:00,nd1S04917,Right,Brown,No,nd1C00046,nd1T00002,nd1E00074,nd1N00006,"nd1I00015\,stdI00002",,Inside,668161,No,,No,No,No,Male,1984,White,
444183,nd1R1104037,04917d1568,4/25/07 0:00,nd1S04917,Right,Brown,No,nd1C00046,nd1T00002,nd1E00074,nd1N00006,"nd1I00015\,stdI00002",,Inside,669367,No,,No,No,No,Male,1984,White,
444186,nd1R1104040,04917d1571,4/25/07 0:00,nd1S04917,Right,Brown,No,nd1C00046,nd1T00002,nd1E00074,nd1N00006,"nd1I00015\,stdI00002",,Inside,669370,No,,No,No,No,Male,1984,White,
435413,nd1R1095571,04970d376,11/2/06 0:00,nd1S04970,Right,Brown,Yes,nd1C00046,nd1T00002,nd1E00074,nd1N00006,"nd1I00017\,stdI00002",,Inside,660597,No,,No,No,No,Male,1981,White,
435414,nd1R1095572,04970d377,11/2/06 0:00,nd1S04970,Right,Brown,Yes,nd1C00046,nd1T00002,nd1E00074,nd1N00006,"nd1I00015\,stdI00002",,Inside,660598,No,,No,No,No,Male,1981,White,
436562,nd1R1096639,04970d385,2/2/06 0:00,nd1S04970,Right,Brown,No,nd1C00046,nd1T00002,nd1E00074,nd1N00006,"nd1I00017\,stdI00002",,Inside,661746,No,,No,No,No,Male,1981,White,
436564,nd1R1096641,04970d387,2/2/06 0:00,nd1S04970,Right,Brown,No,nd1C00046,nd1T00002,nd1E00074,nd1N00006,"nd1I00016\,stdI00002",,Inside,661748,No,,No,No,No,Male,1981,White,
436565,nd1R1096642,04970d388,2/2/06 0:00,nd1S04970,Right,Brown,No,nd1C00046,nd1T00002,nd1E00074,nd1N00006,"nd1I00017\,stdI00002",,Inside,661749,No,,No,No,No,Male,1981,White,
437727,nd1R1097798,04970d398,2/23/06 0:00,nd1S04970,Right,Brown,No,nd1C00046,nd1T00002,nd1E00074,nd1N00006,"nd1I00015\,stdI00002",,Inside,662911,No,,No,No,No,Male,1981,White,
438949,nd1R1098880,04970d408,3/23/06 0:00,nd1S04970,Right,Brown,No,nd1C00046,nd1T00002,nd1E00074,nd1N00006,"nd1I00016\,stdI00002",,Inside,664133,No,,No,No,No,Male,1981,White,
438950,nd1R1098881,04970d409,3/23/06 0:00,nd1S04970,Right,Brown,No,nd1C00046,nd1T00002,nd1E00074,nd1N00006,"nd1I00017\,stdI00002",,Inside,664134,No,,No,No,No,Male,1981,White,
438951,nd1R1098882,04970d410,3/23/06 0:00,nd1S04970,Right,Brown,No,nd1C00046,nd1T00002,nd1E00074,nd1N00006,"nd1I00015\,stdI00002",,Inside,664135,No,,No,No,No,Male,1981,White,
438954,nd1R1098885,04970d413,3/23/06 0:00,nd1S04970,Right,Brown,No,nd1C00046,nd1T00002,nd1E00074,nd1N00006,"nd1I00015\,stdI00002",,Inside,664138,No,,No,No,No,Male,1981,White,
439498,nd1R1099425,04970d420,4/12/06 0:00,nd1S04970,Right,Brown,No,nd1C00046,nd1T00002,nd1E00074,nd1N00006,"nd1I00016\,stdI00002",,Inside,664682,No,,No,No,No,Male,1981,White,
439502,nd1R1099429,04970d424,4/12/06 0:00,nd1S04970,Right,Brown,No,nd1C00046,nd1T00002,nd1E00074,nd1N00006,"nd1I00017\,stdI00002",,Inside,664686,No,,No,No,No,Male,1981,White,
440355,nd1R1100272,04970d434,2/7/07 0:00,nd1S04970,Right,Brown,No,nd1C00046,nd1T00002,nd1E00074,nd1N00006,"nd1I00015\,stdI00002",,Inside,665539,No,,No,No,No,Male,1981,White,
440358,nd1R1100275,04970d437,2/7/07 0:00,nd1S04970,Right,Brown,No,nd1C00046,nd1T00002,nd1E00074,nd1N00006,"nd1I00015\,stdI00002",,Inside,665542,No,,No,No,No,Male,1981,White,
441160,nd1R1101039,04970d444,2/28/07 0:00,nd1S04970,Right,Brown,No,nd1C00046,nd1T00002,nd1E00074,nd1N00006,"nd1I00016\,stdI00002",,Inside,666344,No,,No,No,No,Male,1981,White,
441162,nd1R1101041,04970d446,2/28/07 0:00,nd1S04970,Right,Brown,No,nd1C00046,nd1T00002,nd1E00074,nd1N00006,"nd1I00015\,stdI00002",,Inside,666346,No,,No,No,No,Male,1981,White,
441165,nd1R1101044,04970d449,2/28/07 0:00,nd1S04970,Right,Brown,No,nd1C00046,nd1T00002,nd1E00074,nd1N00006,"nd1I00015\,stdI00002",,Inside,666349,No,,No,No,No,Male,1981,White,
441765,nd1R1101638,04970d458,3/21/07 0:00,nd1S04970,Right,Brown,No,nd1C00046,nd1T00002,nd1E00074,nd1N00006,"nd1I00015\,stdI00002",,Inside,666949,No,,No,No,No,Male,1981,White,
441768,nd1R1101641,04970d461,3/21/07 0:00,nd1S04970,Right,Brown,No,nd1C00046,nd1T00002,nd1E00074,nd1N00006,"nd1I00015\,stdI00002",,Inside,666952,No,,No,No,No,Male,1981,White,
443461,nd1R1103321,04970d468,4/13/07 0:00,nd1S04970,Right,Brown,No,nd1C00046,nd1T00002,nd1E00074,nd1N00006,"nd1I00016\,stdI00002",,Inside,668645,No,,No,No,No,Male,1981,White,
443462,nd1R1103322,04970d469,4/13/07 0:00,nd1S04970,Right,Brown,No,nd1C00046,nd1T00002,nd1E00074,nd1N00006,"nd1I00017\,stdI00002",,Inside,668646,No,,No,No,No,Male,1981,White,
443465,nd1R1103325,04970d472,4/13/07 0:00,nd1S04970,Right,Brown,No,nd1C00046,nd1T00002,nd1E00074,nd1N00006,"nd1I00017\,stdI00002",,Inside,668649,No,,No,No,No,Male,1981,White,
187456,nd5R66568,05028d577,3/25/08 0:00,nd1S05028,Right,Black,No,nd1C00013,nd1T00014,nd1E00074,nd1N00006,"nd1I00016\,stdI00002",nd1I00012,Inside,231014,No,,No,No,No,Female,1978,Asian,
189365,,,4/1/08 0:00,nd1S05028,Right,Black,No,,nd1T00014,nd1E00074,nd1N00016,"nd1I00016\,stdI00002",nd1I00012,Inside,233655,No,,No,No,No,Female,1978,Asian,
195855,nd5R75086,05028d647,4/29/08 0:00,nd1S05028,Right,Black,No,nd1C00013,nd1T00015,nd1E00054,nd1N00020,nd1I00013,nd1I00013,Inside,242832,No,,No,No,No,Female,1978,Asian,
197142,nd5R76364,05028d662,4/29/08 0:00,nd1S05028,Right,Black,No,nd1C00013,nd1T00014,nd1E00074,nd1N00006,"nd1I00017\,stdI00002",nd1I00012,Inside,244119,No,,No,No,No,Female,1978,Asian,
205019,nd4R45017,05028d694,9/24/08 0:00,nd1S05028,Right,Black,No,nd1C00023,nd1T00014,nd1E00074,nd1N00006,"nd1I00016\,stdI00002",nd1I00011,Inside,261655,No,,No,No,No,Female,1978,Asian,
205021,nd4R45019,05028d696,9/24/08 0:00,nd1S05028,Right,Black,No,nd1C00023,nd1T00014,nd1E00074,nd1N00006,"nd1I00015\,stdI00002",nd1I00011,Inside,261657,No,,No,No,No,Female,1978,Asian,
205028,nd4R45026,05028d703,9/24/08 0:00,nd1S05028,Right,Black,No,nd1C00023,nd1T00014,nd1E00074,nd1N00006,"nd1I00016\,stdI00002",nd1I00011,Inside,261664,No,,No,No,No,Female,1978,Asian,
205046,nd4R45044,05028d721,9/24/08 0:00,nd1S05028,Right,Black,No,nd1C00023,nd1T00014,nd1E00074,nd1N00006,"nd1I00016\,stdI00002",nd1I00011,Inside,261682,No,,No,No,No,Female,1978,Asian,
208353,nd4R48243,05028d733,10/9/08 0:00,nd1S05028,Right,Black,No,nd1C00023,nd1T00014,nd1E00054,nd1N00020,nd1I00013,nd1I00013,Inside,266957,No,,No,No,No,Female,1978,Asian,
218722,,,10/30/08 0:00,nd1S05028,Right,Black,No,,nd1T00014,nd1E00074,nd1N00006,"nd1I00016\,stdI00002",nd1I00012,Inside,279572,No,,No,No,No,Female,1978,Asian,
220585,nd4R60361,05028d807,11/11/08 0:00,nd1S05028,Right,Black,No,nd1C00023,nd1T00014,nd1E00074,nd1N00006,"nd1I00016\,stdI00002",nd1I00012,Inside,281435,No,,No,No,No,Female,1978,Asian,
236083,nd5R04181,05028d1012,1/22/09 0:00,nd1S05028,Right,Black,No,nd1C00033,nd1T00014,nd1E00074,nd1N00006,"nd1I00015\,stdI00002",nd1I00012,Inside,312838,No,,No,No,No,Female,1978,Asian,
312536,nd5R34560,05028d1095,2/17/09 0:00,nd1S05028,Right,Black,No,nd1C00033,nd1T00014,nd1E00074,nd1N00006,"nd1I00017\,stdI00002",nd1I00012,Inside,396943,No,,No,No,No,Female,1978,Asian,
337166,nd5R07116,05028d1026,3/26/09 0:00,nd1S05028,Right,Black,No,nd1C00033,nd1T00014,nd1E00054,nd1N00020,nd1I00013,nd1I00013,Inside,438178,No,,No,No,No,Female,1978,Asian,
338370,,,4/21/09 0:00,nd1S05028,Right,Black,No,,nd1T00014,nd1E00074,nd1N00006,"nd1I00016\,stdI00002",nd1I00012,Inside,441535,No,,No,No,No,Female,1978,Asian,
379940,nd6R08615,05028d1301,4/6/05 0:00,nd1S05028,Right,Black,No,nd1C00046,nd1T00002,nd1E00074,nd1N00006,"nd1I00016\,stdI00002",nd1I00004,Inside,535162,No,,No,No,No,Female,1978,Asian,
432033,nd1R1092710,05028d1404,10/27/05 0:00,nd1S05028,Right,Black,No,nd1C00046,nd1T00002,nd1E00074,nd1N00006,"nd1I00017\,stdI00002",,Inside,657217,No,,No,No,No,Female,1978,Asian,
435557,,,11/3/06 0:00,nd1S05028,Right,Black,Yes,,nd1T00002,nd1E00074,nd1N00006,"nd1I00017\,stdI00002",,Inside,660741,No,,No,No,No,Female,1978,Asian,
435560,,,11/3/06 0:00,nd1S05028,Right,Black,Yes,,nd1T00002,nd1E00074,nd1N00006,"nd1I00017\,stdI00002",,Inside,660744,No,,No,No,No,Female,1978,Asian,
435561,,,11/3/06 0:00,nd1S05028,Right,Black,Yes,,nd1T00002,nd1E00074,nd1N00006,"nd1I00015\,stdI00002",,Inside,660745,No,,No,No,No,Female,1978,Asian,
440461,nd1R1100360,05028d1447,2/7/07 0:00,nd1S05028,Right,Black,No,nd1C00046,nd1T00002,nd1E00074,nd1N00006,"nd1I00016\,stdI00002",,Inside,665645,No,,No,No,No,Female,1978,Asian,
440466,nd1R1100365,05028d1452,2/7/07 0:00,nd1S05028,Right,Black,No,nd1C00046,nd1T00002,nd1E00074,nd1N00006,"nd1I00015\,stdI00002",,Inside,665650,No,,No,No,No,Female,1978,Asian,
441020,nd1R1100900,05028d1463,2/28/07 0:00,nd1S05028,Right,Black,No,nd1C00046,nd1T00002,nd1E00074,nd1N00006,"nd1I00017\,stdI00002",,Inside,666204,No,,No,No,No,Female,1978,Asian,
441849,,,3/21/07 0:00,nd1S05028,Right,Black,No,,nd1T00002,nd1E00074,nd1N00006,"nd1I00015\,stdI00002",,Inside,667033,No,,No,No,No,Female,1978,Asian,
444006,nd1R1103861,05028d1508,4/25/07 0:00,nd1S05028,Right,Black,No,nd1C00046,nd1T00002,nd1E00074,nd1N00006,"nd1I00015\,stdI00002",,Inside,669190,No,,No,No,No,Female,1978,Asian,
185565,nd5R68445,05033d691,3/11/08 0:00,nd1S05033,Right,Brown,No,nd1C00013,nd1T00014,nd1E00074,nd1N00006,"nd1I00017\,stdI00002",nd1I00012,Inside,229123,No,,No,No,No,Male,1978,Asian,
187871,nd5R66169,05033d673,3/25/08 0:00,nd1S05033,Right,Brown,No,nd1C00013,nd1T00014,nd1E00074,nd1N00006,"nd1I00017\,stdI00002",nd1I00012,Inside,231429,No,,No,No,No,Male,1978,Asian,
189425,nd5R64624,05033d659,4/1/08 0:00,nd1S05033,Right,Brown,No,nd1C00013,nd1T00014,nd1E00074,nd1N00006,"nd1I00016\,stdI00002",nd1I00012,Inside,233715,No,,No,No,No,Male,1978,Asian,
194419,nd5R73664,05033d739,4/22/08 0:00,nd1S05033,Right,Brown,No,nd1C00013,nd1T00014,nd1E00074,nd1N00006,"nd1I00015\,stdI00002",nd1I00012,Inside,241396,No,,No,No,No,Male,1978,Asian,
194421,nd5R73665,05033d740,4/22/08 0:00,nd1S05033,Right,Brown,No,nd1C00013,nd1T00014,nd1E00074,nd1N00006,"nd1I00017\,stdI00002",nd1I00012,Inside,241398,No,,No,No,No,Male,1978,Asian,
196887,nd5R76111,05033d755,4/29/08 0:00,nd1S05033,Right,Brown,No,nd1C00013,nd1T00014,nd1E00074,nd1N00006,"nd1I00017\,stdI00002",nd1I00012,Inside,243864,No,,No,No,No,Male,1978,Asian,
196891,nd5R76115,05033d759,4/29/08 0:00,nd1S05033,Right,Brown,No,nd1C00013,nd1T00014,nd1E00074,nd1N00006,"nd1I00015\,stdI00002",nd1I00012,Inside,243868,No,,No,No,No,Male,1978,Asian,
216065,,,10/28/08 0:00,nd1S05033,Right,Brown,No,,nd1T00014,nd1E00074,nd1N00006,"nd1I00017\,stdI00002",nd1I00012,Inside,276915,No,,No,No,No,Male,1978,Asian,
216066,nd4R55886,05033d945,10/28/08 0:00,nd1S05033,Right,Brown,No,nd1C00023,nd1T00014,nd1E00074,nd1N00006,"nd1I00015\,stdI00002",nd1I00012,Inside,276916,No,,No,No,No,Male,1978,Asian,
216068,nd4R55888,05033d947,10/28/08 0:00,nd1S05033,Right,Brown,No,nd1C00023,nd1T00014,nd1E00074,nd1N00006,"nd1I00017\,stdI00002",nd1I00012,Inside,276918,No,,No,No,No,Male,1978,Asian,
216069,nd4R55889,05033d948,10/28/08 0:00,nd1S05033,Right,Brown,No,nd1C00023,nd1T00014,nd1E00074,nd1N00006,"nd1I00015\,stdI00002",nd1I00012,Inside,276919,No,,No,No,No,Male,1978,Asian,
313259,nd5R33841,05033d1273,2/17/09 0:00,nd1S05033,Right,Brown,No,nd1C00033,nd1T00014,nd1E00074,nd1N00006,"nd1I00017\,stdI00002",nd1I00012,Inside,397666,No,,No,No,No,Male,1978,Asian,
313260,,,2/17/09 0:00,nd1S05033,Right,Brown,No,,nd1T00014,nd1E00074,nd1N00006,"nd1I00015\,stdI00002",nd1I00012,Inside,397667,No,,No,No,No,Male,1978,Asian,
313261,nd5R33840,05033d1272,2/17/09 0:00,nd1S05033,Right,Brown,No,nd1C00033,nd1T00014,nd1E00074,nd1N00006,"nd1I00016\,stdI00002",nd1I00012,Inside,397668,No,,No,No,No,Male,1978,Asian,
313263,nd5R33838,05033d1270,2/17/09 0:00,nd1S05033,Right,Brown,No,nd1C00033,nd1T00014,nd1E00074,nd1N00006,"nd1I00015\,stdI00002",nd1I00012,Inside,397670,No,,No,No,No,Male,1978,Asian,
380064,nd6R08739,05033d1865,2/8/05 0:00,nd1S05033,Right,Brown,No,nd1C00046,nd1T00002,nd1E00074,nd1N00006,"nd1I00016\,stdI00002",nd1I00004,Inside,535286,No,,No,No,No,Male,1978,Asian,
393492,nd6R50326,05033d1524,2/10/10 15:17,nd1S05033,Right,Brown,No,nd1C00042,nd1T00002,nd1E00075,nd1N00006,"nd1I00016\,stdI00002",nd1I00013,Inside,558702,No,,No,No,No,Male,1978,Asian,
400835,nd6R57524,05033d1552,2/24/10 16:11,nd1S05033,Right,Brown,No,nd1C00042,nd1T00002,nd1E00077,nd1N00006,"nd1I00017\,stdI00002",,Inside,583409,No,,No,No,No,Male,1978,Asian,
400836,,,2/24/10 16:11,nd1S05033,Right,Brown,No,,nd1T00002,nd1E00077,nd1N00006,"nd1I00015\,stdI00002",,Inside,583410,No,,No,No,No,Male,1978,Asian,
400837,nd6R57525,05033d1553,2/24/10 16:11,nd1S05033,Right,Brown,No,nd1C00042,nd1T00002,nd1E00077,nd1N00006,"nd1I00016\,stdI00002",,Inside,583411,No,,No,No,No,Male,1978,Asian,
408820,nd6R65427,05033d1585,3/17/10 16:32,nd1S05033,Right,Brown,No,nd1C00042,nd1T00002,nd1E00077,nd1N00006,"nd1I00015\,stdI00002",,Inside,591394,No,,No,No,No,Male,1978,Asian,
408821,nd6R65428,05033d1586,3/17/10 16:32,nd1S05033,Right,Brown,No,nd1C00042,nd1T00002,nd1E00077,nd1N00006,"nd1I00016\,stdI00002",,Inside,591395,No,,No,No,No,Male,1978,Asian,
415118,,,4/13/10 16:05,nd1S05033,Right,Brown,No,,nd1T00002,nd1E00077,nd1N00006,"nd1I00017\,stdI00002",,Inside,604620,No,,No,No,No,Male,1978,Asian,
415119,nd6R71431,05033d1623,4/13/10 16:05,nd1S05033,Right,Brown,No,nd1C00042,nd1T00002,nd1E00077,nd1N00006,"nd1I00015\,stdI00002",,Inside,604621,No,,No,No,No,Male,1978,Asian,
423453,nd6R79417,05033d1672,4/27/10 16:48,nd1S05033,Right,Brown,No,nd1C00042,nd1T00002,nd1E00077,nd1N00006,"nd1I00015\,stdI00002",,Inside,612955,No,,No,No,No,Male,1978,Asian,
428305,nd1R1089033,05033d2705,9/7/05 0:00,nd1S05033,Right,Brown,No,nd1C00046,nd1T00002,nd1E00074,nd1N00006,"nd1I00015\,stdI00002",,Inside,653489,No,,No,No,No,Male,1978,Asian,
432765,nd1R1093431,05033d2761,11/16/05 0:00,nd1S05033,Right,Brown,No,nd1C00046,nd1T00002,nd1E00074,nd1N00006,"nd1I00017\,stdI00002",,Inside,657949,No,,No,No,No,Male,1978,Asian,
432766,nd1R1093432,05033d2762,11/16/05 0:00,nd1S05033,Right,Brown,No,nd1C00046,nd1T00002,nd1E00074,nd1N00006,"nd1I00015\,stdI00002",,Inside,657950,No,,No,No,No,Male,1978,Asian,
434352,nd1R1094878,05033d2777,11/1/06 0:00,nd1S05033,Right,Brown,No,nd1C00046,nd1T00002,nd1E00074,nd1N00006,"nd1I00015\,stdI00002",,Inside,659536,No,,No,No,No,Male,1978,Asian,
434359,nd1R1094885,05033d2784,11/1/06 0:00,nd1S05033,Right,Brown,Yes,nd1C00046,nd1T00002,nd1E00074,nd1N00006,"nd1I00016\,stdI00002",,Inside,659543,No,,No,No,No,Male,1978,Asian,
434360,,,11/1/06 0:00,nd1S05033,Right,Brown,Yes,,nd1T00002,nd1E00074,nd1N00006,"nd1I00017\,stdI00002",,Inside,659544,No,,No,No,No,Male,1978,Asian,
434361,,,11/1/06 0:00,nd1S05033,Right,Brown,Yes,,nd1T00002,nd1E00074,nd1N00006,"nd1I00015\,stdI00002",,Inside,659545,No,,No,No,No,Male,1978,Asian,
434362,nd1R1094886,05033d2785,11/1/06 0:00,nd1S05033,Right,Brown,Yes,nd1C00046,nd1T00002,nd1E00074,nd1N00006,"nd1I00016\,stdI00002",,Inside,659546,No,,No,No,No,Male,1978,Asian,
434363,nd1R1094887,05033d2786,11/1/06 0:00,nd1S05033,Right,Brown,Yes,nd1C00046,nd1T00002,nd1E00074,nd1N00006,"nd1I00017\,stdI00002",,Inside,659547,No,,No,No,No,Male,1978,Asian,
437437,nd1R1097510,05033d2806,2/22/06 0:00,nd1S05033,Right,Brown,No,nd1C00046,nd1T00002,nd1E00074,nd1N00006,"nd1I00016\,stdI00002",,Inside,662621,No,,No,No,No,Male,1978,Asian,
439260,nd1R1099187,05033d2817,3/24/06 0:00,nd1S05033,Right,Brown,No,nd1C00046,nd1T00002,nd1E00074,nd1N00006,"nd1I00015\,stdI00002",,Inside,664444,No,,No,No,No,Male,1978,Asian,
440365,nd1R1100282,05033d2839,2/7/07 0:00,nd1S05033,Right,Brown,No,nd1C00046,nd1T00002,nd1E00074,nd1N00006,"nd1I00016\,stdI00002",,Inside,665549,No,,No,No,No,Male,1978,Asian,
455558,nd1R648824,05033d2054,12/1/10 16:46,nd1S05033,Right,Brown,No,nd1C00055,nd1T00049,nd1E00090,nd1N00049,"nd1I00023\,stdI00002",,Inside,696395,No,,No,No,No,Male,1978,Asian,
190770,nd5R70032,05044d758,4/8/08 0:00,nd1S05044,Left,Brown,No,nd1C00013,nd1T00015,nd1E00054,nd1N00020,nd1I00013,nd1I00013,Inside,235847,Yes,Soft,No,No,No,Male,1981,Unknown,"contacts-soft-given\,contacts-given"
191960,nd5R71214,05044d760,4/8/08 0:00,nd1S05044,Left,Brown,No,nd1C00013,nd1T00014,nd1E00074,nd1N00006,"nd1I00016\,stdI00002",nd1I00012,Inside,237037,Yes,Soft,No,No,No,Male,1981,Unknown,"contacts-soft-given\,contacts-given"
191962,nd5R71216,05044d762,4/8/08 0:00,nd1S05044,Left,Brown,No,nd1C00013,nd1T00014,nd1E00074,nd1N00006,"nd1I00015\,stdI00002",nd1I00012,Inside,237039,Yes,Soft,No,No,No,Male,1981,Unknown,"contacts-soft-given\,contacts-given"
196700,nd5R75929,05044d796,4/29/08 0:00,nd1S05044,Left,Brown,No,nd1C00013,nd1T00014,nd1E00074,nd1N00006,"nd1I00016\,stdI00002",nd1I00012,Inside,243677,Yes,Soft,No,No,No,Male,1981,Unknown,"contacts-soft-given\,contacts-given"
202760,nd4R42843,05044d852,9/23/08 0:00,nd1S05044,Left,Brown,No,nd1C00023,nd1T00015,nd1E00054,nd1N00020,nd1I00013,nd1I00013,Inside,259396,Yes,Soft,No,No,No,Male,1981,Unknown,"contacts-soft-given\,contacts-given"
209583,nd4R49462,05044d900,10/7/08 0:00,nd1S05044,Left,Brown,No,nd1C00023,nd1T00014,nd1E00074,nd1N00016,"nd1I00017\,stdI00002",nd1I00012,Inside,268187,Yes,Soft,No,No,No,Male,1981,Unknown,"contacts-soft-given\,contacts-given"
209584,,,10/7/08 0:00,nd1S05044,Left,Brown,No,,nd1T00014,nd1E00074,nd1N00016,"nd1I00015\,stdI00002",nd1I00012,Inside,268188,Yes,Soft,No,No,No,Male,1981,Unknown,"contacts-soft-given\,contacts-given"
209589,nd4R49467,05044d905,10/7/08 0:00,nd1S05044,Left,Brown,No,nd1C00023,nd1T00014,nd1E00074,nd1N00016,"nd1I00017\,stdI00002",nd1I00012,Inside,268193,Yes,Soft,No,No,No,Male,1981,Unknown,"contacts-soft-given\,contacts-given"
216303,,,10/29/08 0:00,nd1S05044,Left,Brown,No,,nd1T00014,nd1E00074,nd1N00006,"nd1I00015\,stdI00002",nd1I00012,Inside,277153,Yes,Soft,No,No,No,Male,1981,Unknown,"contacts-soft-given\,contacts-given"
228896,nd4R95843,05044d1099,12/2/08 0:00,nd1S05044,Left,Brown,No,nd1C00028,nd1T00014,nd1E00054,nd1N00020,nd1I00004,nd1I00004,Inside,302355,Yes,Soft,No,No,No,Male,1981,Unknown,"contacts-soft-given\,contacts-given"
230072,,,12/2/08 0:00,nd1S05044,Left,Brown,No,,nd1T00014,nd1E00074,nd1N00006,"nd1I00016\,stdI00002",nd1I00012,Inside,303531,Yes,Soft,No,No,No,Male,1981,Unknown,"contacts-soft-given\,contacts-given"
308580,nd5R37058,05044d1255,2/4/09 0:00,nd1S05044,Left,Brown,No,nd1C00033,nd1T00014,nd1E00054,nd1N00020,nd1I00013,nd1I00013,Inside,388782,Yes,Soft,No,No,No,Male,1981,Unknown,"contacts-soft-given\,contacts-given"
308582,nd5R37060,05044d1257,2/4/09 0:00,nd1S05044,Left,Brown,No,nd1C00033,nd1T00014,nd1E00054,nd1N00020,nd1I00013,nd1I00013,Inside,388784,Yes,Soft,No,No,No,Male,1981,Unknown,"contacts-soft-given\,contacts-given"
308584,nd5R37062,05044d1259,2/4/09 0:00,nd1S05044,Left,Brown,No,nd1C00033,nd1T00014,nd1E00054,nd1N00020,nd1I00013,nd1I00013,Inside,388786,Yes,Soft,No,No,No,Male,1981,Unknown,"contacts-soft-given\,contacts-given"
318923,nd5R28194,05044d1229,2/19/09 0:00,nd1S05044,Left,Brown,No,nd1C00033,nd1T00014,nd1E00074,nd1N00006,"nd1I00017\,stdI00002",nd1I00012,Inside,406426,Yes,Soft,No,No,No,Male,1981,Unknown,"contacts-soft-given\,contacts-given"
318927,nd5R28190,05044d1225,2/19/09 0:00,nd1S05044,Left,Brown,No,nd1C00033,nd1T00014,nd1E00074,nd1N00006,"nd1I00015\,stdI00002",nd1I00012,Inside,406430,Yes,Soft,No,No,No,Male,1981,Unknown,"contacts-soft-given\,contacts-given"
318933,nd5R28184,05044d1219,2/19/09 0:00,nd1S05044,Left,Brown,No,nd1C00033,nd1T00014,nd1E00074,nd1N00006,"nd1I00015\,stdI00002",nd1I00012,Inside,406436,Yes,Soft,No,No,No,Male,1981,Unknown,"contacts-soft-given\,contacts-given"
323604,nd5R23533,05044d1189,3/4/09 0:00,nd1S05044,Left,Brown,No,nd1C00033,nd1T00014,nd1E00074,nd1N00006,"nd1I00015\,stdI00002",nd1I00012,Inside,415158,Yes,Soft,No,No,No,Male,1981,Unknown,"contacts-soft-given\,contacts-given"
334090,nd5R10175,05044d1157,3/25/09 0:00,nd1S05044,Left,Brown,No,nd1C00033,nd1T00014,nd1E00074,nd1N00006,"nd1I00017\,stdI00002",nd1I00012,Inside,433419,Yes,Soft,No,No,No,Male,1981,Unknown,"contacts-soft-given\,contacts-given"
334094,nd5R10171,05044d1153,3/25/09 0:00,nd1S05044,Left,Brown,No,nd1C00033,nd1T00014,nd1E00074,nd1N00006,"nd1I00015\,stdI00002",nd1I00012,Inside,433423,Yes,Soft,No,No,No,Male,1981,Unknown,"contacts-soft-given\,contacts-given"
338730,nd5R41459,05044d1270,4/21/09 0:00,nd1S05044,Left,Brown,No,nd1C00033,nd1T00014,nd1E00074,nd1N00006,"nd1I00016\,stdI00002",nd1I00012,Inside,441895,Yes,Soft,No,No,No,Male,1981,Unknown,"contacts-soft-given\,contacts-given"
338735,nd5R41464,05044d1275,4/21/09 0:00,nd1S05044,Left,Brown,No,nd1C00033,nd1T00014,nd1E00074,nd1N00006,"nd1I00015\,stdI00002",nd1I00012,Inside,441900,Yes,Soft,No,No,No,Male,1981,Unknown,"contacts-soft-given\,contacts-given"
338748,nd5R41477,05044d1288,4/21/09 0:00,nd1S05044,Left,Brown,No,nd1C00033,nd1T00014,nd1E00074,nd1N00006,"nd1I00016\,stdI00002",nd1I00012,Inside,441913,Yes,Soft,No,No,No,Male,1981,Unknown,"contacts-soft-given\,contacts-given"
338753,,,4/21/09 0:00,nd1S05044,Left,Brown,No,,nd1T00014,nd1E00074,nd1N00006,"nd1I00015\,stdI00002",nd1I00012,Inside,441918,Yes,Soft,No,No,No,Male,1981,Unknown,"contacts-soft-given\,contacts-given"
380169,nd6R08841,05044d1377,9/1/04 0:00,nd1S05044,Left,Brown,No,nd1C00046,nd1T00002,nd1E00074,nd1N00006,"nd1I00015\,stdI00002",nd1I00004,Inside,535391,No,,No,No,No,Male,1981,Unknown,
380177,nd6R08849,05044d1385,9/7/04 0:00,nd1S05044,Left,Brown,No,nd1C00046,nd1T00002,nd1E00074,nd1N00006,"nd1I00017\,stdI00002",nd1I00004,Inside,535399,No,,No,No,No,Male,1981,Unknown,
380182,nd6R08854,05044d1390,9/16/04 0:00,nd1S05044,Left,Brown,No,nd1C00046,nd1T00002,nd1E00074,nd1N00006,"nd1I00017\,stdI00002",nd1I00004,Inside,535404,No,,No,No,No,Male,1981,Unknown,
380258,nd6R08930,05044d1466,3/2/05 0:00,nd1S05044,Left,Brown,No,nd1C00046,nd1T00002,nd1E00074,nd1N00006,"nd1I00016\,stdI00002",nd1I00004,Inside,535480,No,,No,No,No,Male,1981,Unknown,
380259,nd6R08931,05044d1467,3/2/05 0:00,nd1S05044,Left,Brown,No,nd1C00046,nd1T00002,nd1E00074,nd1N00006,"nd1I00017\,stdI00002",nd1I00004,Inside,535481,No,,No,No,No,Male,1981,Unknown,
380335,nd6R09007,05044d1543,3/20/07 0:00,nd1S05044,Left,Brown,No,nd1C00046,nd1T00002,nd1E00074,nd1N00006,"nd1I00017\,stdI00002",nd1I00004,Inside,535557,No,,No,No,No,Male,1981,Unknown,
380336,nd6R09008,05044d1544,4/10/07 0:00,nd1S05044,Left,Brown,No,nd1C00046,nd1T00002,nd1E00074,nd1N00006,"nd1I00016\,stdI00002",nd1I00004,Inside,535558,No,,No,No,No,Male,1981,Unknown,
431510,,,10/26/05 0:00,nd1S05044,Left,Brown,No,,nd1T00002,nd1E00074,nd1N00006,"nd1I00016\,stdI00002",,Inside,656694,No,,No,No,No,Male,1981,Unknown,
433342,nd1R1094005,05044d1601,11/17/05 0:00,nd1S05044,Left,Brown,No,nd1C00046,nd1T00002,nd1E00074,nd1N00006,"nd1I00015\,stdI00002",,Inside,658526,No,,No,No,No,Male,1981,Unknown,
437283,nd1R1097357,05044d1627,2/22/06 0:00,nd1S05044,Left,Brown,No,nd1C00046,nd1T00002,nd1E00074,nd1N00006,"nd1I00015\,stdI00002",,Inside,662467,No,,No,No,No,Male,1981,Unknown,
440484,nd1R1100382,05044d1651,2/7/07 0:00,nd1S05044,Left,Brown,No,nd1C00046,nd1T00002,nd1E00074,nd1N00006,"nd1I00015\,stdI00002",,Inside,665668,No,,No,No,No,Male,1981,Unknown,
441002,,,2/28/07 0:00,nd1S05044,Left,Brown,No,,nd1T00002,nd1E00074,nd1N00006,"nd1I00017\,stdI00002",,Inside,666186,No,,No,No,No,Male,1981,Unknown,
441003,nd1R1100883,05044d1661,2/28/07 0:00,nd1S05044,Left,Brown,No,nd1C00046,nd1T00002,nd1E00074,nd1N00006,"nd1I00015\,stdI00002",,Inside,666187,No,,No,No,No,Male,1981,Unknown,
441901,nd1R1101773,05044d1668,3/21/07 0:00,nd1S05044,Left,Brown,No,nd1C00046,nd1T00002,nd1E00074,nd1N00006,"nd1I00016\,stdI00002",,Inside,667085,No,,No,No,No,Male,1981,Unknown,
185633,nd5R68379,05044d730,3/11/08 0:00,nd1S05044,Right,Brown,No,nd1C00013,nd1T00014,nd1E00074,nd1N00006,"nd1I00016\,stdI00002",nd1I00012,Inside,229191,Yes,Soft,No,No,No,Male,1981,Unknown,"contacts-soft-given\,contacts-given"
185637,,,3/11/08 0:00,nd1S05044,Right,Brown,No,,nd1T00014,nd1E00074,nd1N00016,"nd1I00017\,stdI00002",nd1I00012,Inside,229195,Yes,Soft,No,No,No,Male,1981,Unknown,"contacts-soft-given\,contacts-given"
187506,nd5R66518,05044d709,3/25/08 0:00,nd1S05044,Right,Brown,No,nd1C00013,nd1T00014,nd1E00074,nd1N00006,"nd1I00015\,stdI00002",nd1I00012,Inside,231064,Yes,Soft,No,No,No,Male,1981,Unknown,"contacts-soft-given\,contacts-given"
189988,,,4/2/08 0:00,nd1S05044,Right,Brown,No,,nd1T00014,nd1E00074,nd1N00016,"nd1I00015\,stdI00002",nd1I00012,Inside,234278,Yes,Soft,Yes,No,No,Male,1981,Unknown,"contacts-soft-given\,contacts-texture-given\,contacts-given"
194734,nd5R73971,05044d789,4/23/08 0:00,nd1S05044,Right,Brown,No,nd1C00013,nd1T00014,nd1E00074,nd1N00006,"nd1I00015\,stdI00002",nd1I00012,Inside,241711,Yes,Soft,Yes,No,No,Male,1981,Unknown,"contacts-soft-given\,contacts-texture-given\,contacts-given"
196706,nd5R75935,05044d802,4/29/08 0:00,nd1S05044,Right,Brown,No,nd1C00013,nd1T00014,nd1E00074,nd1N00006,"nd1I00016\,stdI00002",nd1I00012,Inside,243683,Yes,Soft,No,No,No,Male,1981,Unknown,"contacts-soft-given\,contacts-given"
196707,nd5R75936,05044d803,4/29/08 0:00,nd1S05044,Right,Brown,No,nd1C00013,nd1T00014,nd1E00074,nd1N00006,"nd1I00017\,stdI00002",nd1I00012,Inside,243684,Yes,Soft,No,No,No,Male,1981,Unknown,"contacts-soft-given\,contacts-given"
200198,nd4R40560,05044d840,9/10/08 0:00,nd1S05044,Right,Brown,No,nd1C00023,nd1T00014,nd1E00074,nd1N00006,"nd1I00015\,stdI00002",nd1I00011,Inside,255842,Yes,Soft,No,No,No,Male,1981,Unknown,"contacts-soft-given\,contacts-given"
200201,nd4R40563,05044d843,9/10/08 0:00,nd1S05044,Right,Brown,No,nd1C00023,nd1T00014,nd1E00074,nd1N00006,"nd1I00015\,stdI00002",nd1I00011,Inside,255845,Yes,Soft,No,No,No,Male,1981,Unknown,"contacts-soft-given\,contacts-given"
200202,nd4R40564,05044d844,9/10/08 0:00,nd1S05044,Right,Brown,No,nd1C00023,nd1T00014,nd1E00074,nd1N00006,"nd1I00016\,stdI00002",nd1I00011,Inside,255846,Yes,Soft,No,No,No,Male,1981,Unknown,"contacts-soft-given\,contacts-given"
203803,nd4R43851,05044d873,9/23/08 0:00,nd1S05044,Right,Brown,No,nd1C00023,nd1T00014,nd1E00074,nd1N00006,"nd1I00015\,stdI00002",nd1I00011,Inside,260439,Yes,Soft,No,No,No,Male,1981,Unknown,"contacts-soft-given\,contacts-given"
216314,nd4R56130,05044d940,10/29/08 0:00,nd1S05044,Right,Brown,No,nd1C00023,nd1T00014,nd1E00074,nd1N00006,"nd1I00017\,stdI00002",nd1I00012,Inside,277164,Yes,Soft,No,No,No,Male,1981,Unknown,"contacts-soft-given\,contacts-given"
230084,nd4R97024,05044d1112,12/2/08 0:00,nd1S05044,Right,Brown,No,nd1C00028,nd1T00014,nd1E00074,nd1N00006,"nd1I00016\,stdI00002",nd1I00004,Inside,303543,Yes,Soft,No,No,No,Male,1981,Unknown,"contacts-soft-given\,contacts-given"
230086,nd4R97026,05044d1114,12/2/08 0:00,nd1S05044,Right,Brown,No,nd1C00028,nd1T00014,nd1E00074,nd1N00006,"nd1I00015\,stdI00002",nd1I00004,Inside,303545,Yes,Soft,No,No,No,Male,1981,Unknown,"contacts-soft-given\,contacts-given"
230092,,,12/2/08 0:00,nd1S05044,Right,Brown,No,,nd1T00014,nd1E00074,nd1N00006,"nd1I00015\,stdI00002",nd1I00012,Inside,303551,Yes,Soft,No,No,No,Male,1981,Unknown,"contacts-soft-given\,contacts-given"
307399,nd5R35880,05044d1245,2/4/09 0:00,nd1S05044,Right,Brown,No,nd1C00033,nd1T00014,nd1E00074,nd1N00006,"nd1I00015\,stdI00002",nd1I00012,Inside,387601,Yes,Soft,No,No,No,Male,1981,Unknown,"contacts-soft-given\,contacts-given"
308585,nd5R37063,05044d1260,2/4/09 0:00,nd1S05044,Right,Brown,No,nd1C00033,nd1T00014,nd1E00054,nd1N00020,nd1I00013,nd1I00013,Inside,388787,Yes,Soft,No,No,No,Male,1981,Unknown,"contacts-soft-given\,contacts-given"
318943,nd5R28174,05044d1209,2/19/09 0:00,nd1S05044,Right,Brown,No,nd1C00033,nd1T00014,nd1E00074,nd1N00006,"nd1I00016\,stdI00002",nd1I00012,Inside,406446,Yes,Soft,No,No,No,Male,1981,Unknown,"contacts-soft-given\,contacts-given"
323622,nd5R23515,05044d1171,3/4/09 0:00,nd1S05044,Right,Brown,No,nd1C00033,nd1T00014,nd1E00074,nd1N00006,"nd1I00015\,stdI00002",nd1I00012,Inside,415176,Yes,Soft,No,No,No,Male,1981,Unknown,"contacts-soft-given\,contacts-given"
334109,,,3/25/09 0:00,nd1S05044,Right,Brown,No,,nd1T00014,nd1E00074,nd1N00006,"nd1I00015\,stdI00002",nd1I00012,Inside,433438,Yes,Soft,No,No,No,Male,1981,Unknown,"contacts-soft-given\,contacts-given"
338763,,,4/21/09 0:00,nd1S05044,Right,Brown,No,,nd1T00014,nd1E00074,nd1N00006,"nd1I00016\,stdI00002",nd1I00012,Inside,441928,Yes,Soft,No,No,No,Male,1981,Unknown,"contacts-soft-given\,contacts-given"
380181,nd6R08853,05044d1389,9/7/04 0:00,nd1S05044,Right,Brown,No,nd1C00046,nd1T00002,nd1E00074,nd1N00006,"nd1I00017\,stdI00002",nd1I00004,Inside,535403,No,,No,No,No,Male,1981,Unknown,
380187,nd6R08859,05044d1395,9/16/04 0:00,nd1S05044,Right,Brown,No,nd1C00046,nd1T00002,nd1E00074,nd1N00006,"nd1I00015\,stdI00002",nd1I00004,Inside,535409,No,,No,No,No,Male,1981,Unknown,
380274,nd6R08946,05044d1482,4/14/05 0:00,nd1S05044,Right,Brown,No,nd1C00046,nd1T00002,nd1E00074,nd1N00006,"nd1I00017\,stdI00002",nd1I00004,Inside,535496,No,,No,No,No,Male,1981,Unknown,
380301,nd6R08973,05044d1509,9/28/05 0:00,nd1S05044,Right,Brown,No,nd1C00046,nd1T00002,nd1E00074,nd1N00006,"nd1I00017\,stdI00002",nd1I00004,Inside,535523,No,,No,No,No,Male,1981,Unknown,
380332,nd6R09004,05044d1540,2/27/07 0:00,nd1S05044,Right,Brown,No,nd1C00046,nd1T00002,nd1E00074,nd1N00006,"nd1I00017\,stdI00002",nd1I00004,Inside,535554,No,,No,No,No,Male,1981,Unknown,
428318,nd1R1089046,05044d1575,9/7/05 0:00,nd1S05044,Right,Brown,No,nd1C00046,nd1T00002,nd1E00074,nd1N00006,"nd1I00016\,stdI00002",,Inside,653502,No,,No,No,No,Male,1981,Unknown,
430320,nd1R1091013,05044d1588,9/29/05 0:00,nd1S05044,Right,Brown,No,nd1C00046,nd1T00002,nd1E00074,nd1N00006,"nd1I00017\,stdI00002",,Inside,655504,No,,No,No,No,Male,1981,Unknown,
431513,nd1R1092193,05044d1594,10/26/05 0:00,nd1S05044,Right,Brown,No,nd1C00046,nd1T00002,nd1E00074,nd1N00006,"nd1I00016\,stdI00002",,Inside,656697,No,,No,No,No,Male,1981,Unknown,
431514,nd1R1092194,05044d1595,10/26/05 0:00,nd1S05044,Right,Brown,No,nd1C00046,nd1T00002,nd1E00074,nd1N00006,"nd1I00017\,stdI00002",,Inside,656698,No,,No,No,No,Male,1981,Unknown,
431515,,,10/26/05 0:00,nd1S05044,Right,Brown,No,,nd1T00002,nd1E00074,nd1N00006,"nd1I00015\,stdI00002",,Inside,656699,No,,No,No,No,Male,1981,Unknown,
431516,nd1R1092195,05044d1596,10/26/05 0:00,nd1S05044,Right,Brown,No,nd1C00046,nd1T00002,nd1E00074,nd1N00006,"nd1I00016\,stdI00002",,Inside,656700,No,,No,No,No,Male,1981,Unknown,
433346,nd1R1094009,05044d1605,11/17/05 0:00,nd1S05044,Right,Brown,No,nd1C00046,nd1T00002,nd1E00074,nd1N00006,"nd1I00016\,stdI00002",,Inside,658530,No,,No,No,No,Male,1981,Unknown,
433349,,,11/17/05 0:00,nd1S05044,Right,Brown,No,,nd1T00002,nd1E00074,nd1N00006,"nd1I00016\,stdI00002",,Inside,658533,No,,No,No,No,Male,1981,Unknown,
438606,nd1R1098541,05044d1645,3/22/06 0:00,nd1S05044,Right,Brown,No,nd1C00046,nd1T00002,nd1E00074,nd1N00006,"nd1I00015\,stdI00002",,Inside,663790,No,,No,No,No,Male,1981,Unknown,
440487,nd1R1100385,05044d1654,2/7/07 0:00,nd1S05044,Right,Brown,No,nd1C00046,nd1T00002,nd1E00074,nd1N00006,"nd1I00015\,stdI00002",,Inside,665671,No,,No,No,No,Male,1981,Unknown,
441009,nd1R1100889,05044d1667,2/28/07 0:00,nd1S05044,Right,Brown,No,nd1C00046,nd1T00002,nd1E00074,nd1N00006,"nd1I00015\,stdI00002",,Inside,666193,No,,No,No,No,Male,1981,Unknown,
441907,nd1R1101779,05044d1674,3/21/07 0:00,nd1S05044,Right,Brown,No,nd1C00046,nd1T00002,nd1E00074,nd1N00006,"nd1I00016\,stdI00002",,Inside,667091,No,,No,No,No,Male,1981,Unknown,
441910,nd1R1101782,05044d1677,3/21/07 0:00,nd1S05044,Right,Brown,No,nd1C00046,nd1T00002,nd1E00074,nd1N00006,"nd1I00016\,stdI00002",,Inside,667094,No,,No,No,No,Male,1981,Unknown,
442920,,,4/11/07 0:00,nd1S05044,Right,Brown,No,,nd1T00002,nd1E00074,nd1N00006,"nd1I00015\,stdI00002",,Inside,668104,No,,No,No,No,Male,1981,Unknown,
444279,,,4/26/07 0:00,nd1S05044,Right,Brown,No,,nd1T00002,nd1E00074,nd1N00006,"nd1I00015\,stdI00002",,Inside,669463,No,,No,No,No,Male,1981,Unknown,
444280,nd1R1104131,05044d1698,4/26/07 0:00,nd1S05044,Right,Brown,No,nd1C00046,nd1T00002,nd1E00074,nd1N00006,"nd1I00016\,stdI00002",,Inside,669464,No,,No,No,No,Male,1981,Unknown,
570231,nd1R880709,05044d600,7/16/07 13:00,nd1S05044,Right,Brown,No,nd1C00046,nd1T00002,nd1E00074,nd1N00006,"nd1I00017\,stdI00002",,Inside,935155,No,,No,No,No,Male,1981,Unknown,
570242,nd1R880720,05044d611,7/16/07 13:00,nd1S05044,Right,Brown,No,nd1C00046,nd1T00002,nd1E00074,nd1N00006,"nd1I00016\,stdI00002",,Inside,935166,No,,No,No,No,Male,1981,Unknown,
435782,nd1R1095877,05049d248,11/3/06 0:00,nd1S05049,Left,Brown,No,nd1C00046,nd1T00002,nd1E00074,nd1N00006,"nd1I00017\,stdI00002",,Inside,660966,No,,No,No,No,Male,1985,Black-or-African-American,
435783,nd1R1095878,05049d249,11/3/06 0:00,nd1S05049,Left,Brown,No,nd1C00046,nd1T00002,nd1E00074,nd1N00006,"nd1I00015\,stdI00002",,Inside,660967,No,,No,No,No,Male,1985,Black-or-African-American,
435790,,,11/3/06 0:00,nd1S05049,Left,Brown,Yes,,nd1T00002,nd1E00074,nd1N00006,"nd1I00016\,stdI00002",,Inside,660974,No,,No,No,No,Male,1985,Black-or-African-American,
435793,nd1R1095887,05049d258,11/3/06 0:00,nd1S05049,Left,Brown,Yes,nd1C00046,nd1T00002,nd1E00074,nd1N00006,"nd1I00016\,stdI00002",,Inside,660977,No,,No,No,No,Male,1985,Black-or-African-American,
435794,nd1R1095888,05049d259,11/3/06 0:00,nd1S05049,Left,Brown,Yes,nd1C00046,nd1T00002,nd1E00074,nd1N00006,"nd1I00017\,stdI00002",,Inside,660978,No,,No,No,No,Male,1985,Black-or-African-American,
435795,nd1R1095889,05049d260,11/3/06 0:00,nd1S05049,Left,Brown,Yes,nd1C00046,nd1T00002,nd1E00074,nd1N00006,"nd1I00015\,stdI00002",,Inside,660979,No,,No,No,No,Male,1985,Black-or-African-American,
436689,nd1R1096765,05049d264,2/3/06 0:00,nd1S05049,Left,Brown,No,nd1C00046,nd1T00002,nd1E00074,nd1N00006,"nd1I00015\,stdI00002",,Inside,661873,No,,No,No,No,Male,1985,Black-or-African-American,
437230,nd1R1097305,05049d274,2/22/06 0:00,nd1S05049,Left,Brown,No,nd1C00046,nd1T00002,nd1E00074,nd1N00006,"nd1I00016\,stdI00002",,Inside,662414,No,,No,No,No,Male,1985,Black-or-African-American,
437231,nd1R1097306,05049d275,2/22/06 0:00,nd1S05049,Left,Brown,No,nd1C00046,nd1T00002,nd1E00074,nd1N00006,"nd1I00017\,stdI00002",,Inside,662415,No,,No,No,No,Male,1985,Black-or-African-American,
437232,nd1R1097307,05049d276,2/22/06 0:00,nd1S05049,Left,Brown,No,nd1C00046,nd1T00002,nd1E00074,nd1N00006,"nd1I00015\,stdI00002",,Inside,662416,No,,No,No,No,Male,1985,Black-or-African-American,
437247,nd1R1097321,05049d290,2/22/06 0:00,nd1S05049,Left,Brown,No,nd1C00046,nd1T00002,nd1E00074,nd1N00006,"nd1I00015\,stdI00002",,Inside,662431,No,,No,No,No,Male,1985,Black-or-African-American,
438934,nd1R1098865,05049d300,3/23/06 0:00,nd1S05049,Left,Brown,No,nd1C00046,nd1T00002,nd1E00074,nd1N00006,"nd1I00016\,stdI00002",,Inside,664118,No,,No,No,No,Male,1985,Black-or-African-American,
440029,nd1R1099952,05049d309,4/13/06 0:00,nd1S05049,Left,Brown,No,nd1C00046,nd1T00002,nd1E00074,nd1N00006,"nd1I00016\,stdI00002",,Inside,665213,No,,No,No,No,Male,1985,Black-or-African-American,
440030,nd1R1099953,05049d310,4/13/06 0:00,nd1S05049,Left,Brown,No,nd1C00046,nd1T00002,nd1E00074,nd1N00006,"nd1I00017\,stdI00002",,Inside,665214,No,,No,No,No,Male,1985,Black-or-African-American,
440034,nd1R1099957,05049d314,4/13/06 0:00,nd1S05049,Left,Brown,No,nd1C00046,nd1T00002,nd1E00074,nd1N00006,"nd1I00015\,stdI00002",,Inside,665218,No,,No,No,No,Male,1985,Black-or-African-American,
440784,nd1R1100670,05049d326,2/9/07 0:00,nd1S05049,Left,Brown,No,nd1C00046,nd1T00002,nd1E00074,nd1N00006,"nd1I00015\,stdI00002",,Inside,665968,No,,No,No,No,Male,1985,Black-or-African-American,
442243,,,3/23/07 0:00,nd1S05049,Left,Brown,No,,nd1T00002,nd1E00074,nd1N00006,"nd1I00016\,stdI00002",,Inside,667427,No,,No,No,No,Male,1985,Black-or-African-American,
442244,nd1R1102112,05049d336,3/23/07 0:00,nd1S05049,Left,Brown,No,nd1C00046,nd1T00002,nd1E00074,nd1N00006,"nd1I00017\,stdI00002",,Inside,667428,No,,No,No,No,Male,1985,Black-or-African-American,
428638,nd1R1089363,05049d208,9/8/05 0:00,nd1S05049,Right,Brown,No,nd1C00046,nd1T00002,nd1E00074,nd1N00006,"nd1I00015\,stdI00002",,Inside,653822,No,,No,No,No,Male,1985,Black-or-African-American,
432611,nd1R1093278,05049d221,10/28/05 0:00,nd1S05049,Right,Brown,No,nd1C00046,nd1T00002,nd1E00074,nd1N00006,"nd1I00016\,stdI00002",,Inside,657795,No,,No,No,No,Male,1985,Black-or-African-American,
433239,nd1R1093902,05049d231,11/16/05 0:00,nd1S05049,Right,Brown,No,nd1C00046,nd1T00002,nd1E00074,nd1N00006,"nd1I00017\,stdI00002",,Inside,658423,No,,No,No,No,Male,1985,Black-or-African-American,
433242,nd1R1093905,05049d234,11/16/05 0:00,nd1S05049,Right,Brown,No,nd1C00046,nd1T00002,nd1E00074,nd1N00006,"nd1I00017\,stdI00002",,Inside,658426,No,,No,No,No,Male,1985,Black-or-African-American,
435787,nd1R1095882,05049d253,11/3/06 0:00,nd1S05049,Right,Brown,No,nd1C00046,nd1T00002,nd1E00074,nd1N00006,"nd1I00016\,stdI00002",,Inside,660971,No,,No,No,No,Male,1985,Black-or-African-American,
435796,,,11/3/06 0:00,nd1S05049,Right,Brown,Yes,,nd1T00002,nd1E00074,nd1N00006,"nd1I00016\,stdI00002",,Inside,660980,No,,No,No,No,Male,1985,Black-or-African-American,
435797,,,11/3/06 0:00,nd1S05049,Right,Brown,Yes,,nd1T00002,nd1E00074,nd1N00006,"nd1I00017\,stdI00002",,Inside,660981,No,,No,No,No,Male,1985,Black-or-African-American,
435798,,,11/3/06 0:00,nd1S05049,Right,Brown,Yes,,nd1T00002,nd1E00074,nd1N00006,"nd1I00015\,stdI00002",,Inside,660982,No,,No,No,No,Male,1985,Black-or-African-American,
436694,nd1R1096770,05049d269,2/3/06 0:00,nd1S05049,Right,Brown,No,nd1C00046,nd1T00002,nd1E00074,nd1N00006,"nd1I00017\,stdI00002",,Inside,661878,No,,No,No,No,Male,1985,Black-or-African-American,
437248,nd1R1097322,05049d291,2/22/06 0:00,nd1S05049,Right,Brown,No,nd1C00046,nd1T00002,nd1E00074,nd1N00006,"nd1I00016\,stdI00002",,Inside,662432,No,,No,No,No,Male,1985,Black-or-African-American,
440037,nd1R1099960,05049d317,4/13/06 0:00,nd1S05049,Right,Brown,No,nd1C00046,nd1T00002,nd1E00074,nd1N00006,"nd1I00015\,stdI00002",,Inside,665221,No,,No,No,No,Male,1985,Black-or-African-American,
442249,nd1R1102117,05049d341,3/23/07 0:00,nd1S05049,Right,Brown,No,nd1C00046,nd1T00002,nd1E00074,nd1N00006,"nd1I00016\,stdI00002",,Inside,667433,No,,No,No,No,Male,1985,Black-or-African-American,
435100,nd1R1095320,05060d450,11/2/06 0:00,nd1S05060,Left,Blue,No,nd1C00046,nd1T00002,nd1E00074,nd1N00006,"nd1I00016\,stdI00002",,Inside,660284,No,,No,No,No,Male,1984,White,
435101,nd1R1095321,05060d451,11/2/06 0:00,nd1S05060,Left,Blue,No,nd1C00046,nd1T00002,nd1E00074,nd1N00006,"nd1I00017\,stdI00002",,Inside,660285,No,,No,No,No,Male,1984,White,
435102,nd1R1095322,05060d452,11/2/06 0:00,nd1S05060,Left,Blue,No,nd1C00046,nd1T00002,nd1E00074,nd1N00006,"nd1I00015\,stdI00002",,Inside,660286,No,,No,No,No,Male,1984,White,
435103,nd1R1095323,05060d453,11/2/06 0:00,nd1S05060,Left,Blue,No,nd1C00046,nd1T00002,nd1E00074,nd1N00006,"nd1I00016\,stdI00002",,Inside,660287,No,,No,No,No,Male,1984,White,
435104,nd1R1095324,05060d454,11/2/06 0:00,nd1S05060,Left,Blue,No,nd1C00046,nd1T00002,nd1E00074,nd1N00006,"nd1I00017\,stdI00002",,Inside,660288,No,,No,No,No,Male,1984,White,
435105,nd1R1095325,05060d455,11/2/06 0:00,nd1S05060,Left,Blue,No,nd1C00046,nd1T00002,nd1E00074,nd1N00006,"nd1I00015\,stdI00002",,Inside,660289,No,,No,No,No,Male,1984,White,
435124,nd1R1095343,05060d462,11/2/06 0:00,nd1S05060,Left,Blue,Yes,nd1C00046,nd1T00002,nd1E00074,nd1N00006,"nd1I00016\,stdI00002",,Inside,660308,No,,No,No,No,Male,1984,White,
435125,nd1R1095344,05060d463,11/2/06 0:00,nd1S05060,Left,Blue,Yes,nd1C00046,nd1T00002,nd1E00074,nd1N00006,"nd1I00017\,stdI00002",,Inside,660309,No,,No,No,No,Male,1984,White,
435127,nd1R1095345,05060d464,11/2/06 0:00,nd1S05060,Left,Blue,Yes,nd1C00046,nd1T00002,nd1E00074,nd1N00006,"nd1I00016\,stdI00002",,Inside,660311,No,,No,No,No,Male,1984,White,
435128,nd1R1095346,05060d465,11/2/06 0:00,nd1S05060,Left,Blue,Yes,nd1C00046,nd1T00002,nd1E00074,nd1N00006,"nd1I00017\,stdI00002",,Inside,660312,No,,No,No,No,Male,1984,White,
435129,nd1R1095347,05060d466,11/2/06 0:00,nd1S05060,Left,Blue,Yes,nd1C00046,nd1T00002,nd1E00074,nd1N00006,"nd1I00015\,stdI00002",,Inside,660313,No,,No,No,No,Male,1984,White,
435106,nd1R1095326,05060d456,11/2/06 0:00,nd1S05060,Right,Blue,No,nd1C00046,nd1T00002,nd1E00074,nd1N00006,"nd1I00016\,stdI00002",,Inside,660290,No,,No,No,No,Male,1984,White,
435107,nd1R1095327,05060d457,11/2/06 0:00,nd1S05060,Right,Blue,No,nd1C00046,nd1T00002,nd1E00074,nd1N00006,"nd1I00017\,stdI00002",,Inside,660291,No,,No,No,No,Male,1984,White,
435108,nd1R1095328,05060d458,11/2/06 0:00,nd1S05060,Right,Blue,No,nd1C00046,nd1T00002,nd1E00074,nd1N00006,"nd1I00015\,stdI00002",,Inside,660292,No,,No,No,No,Male,1984,White,
435109,nd1R1095329,05060d459,11/2/06 0:00,nd1S05060,Right,Blue,No,nd1C00046,nd1T00002,nd1E00074,nd1N00006,"nd1I00016\,stdI00002",,Inside,660293,No,,No,No,No,Male,1984,White,
435110,nd1R1095330,05060d460,11/2/06 0:00,nd1S05060,Right,Blue,No,nd1C00046,nd1T00002,nd1E00074,nd1N00006,"nd1I00017\,stdI00002",,Inside,660294,No,,No,No,No,Male,1984,White,
435111,nd1R1095331,05060d461,11/2/06 0:00,nd1S05060,Right,Blue,No,nd1C00046,nd1T00002,nd1E00074,nd1N00006,"nd1I00015\,stdI00002",,Inside,660295,No,,No,No,No,Male,1984,White,
435130,nd1R1095348,05060d467,11/2/06 0:00,nd1S05060,Right,Blue,Yes,nd1C00046,nd1T00002,nd1E00074,nd1N00006,"nd1I00016\,stdI00002",,Inside,660314,No,,No,No,No,Male,1984,White,
435131,nd1R1095349,05060d468,11/2/06 0:00,nd1S05060,Right,Blue,Yes,nd1C00046,nd1T00002,nd1E00074,nd1N00006,"nd1I00017\,stdI00002",,Inside,660315,No,,No,No,No,Male,1984,White,
435132,,,11/2/06 0:00,nd1S05060,Right,Blue,Yes,,nd1T00002,nd1E00074,nd1N00006,"nd1I00015\,stdI00002",,Inside,660316,No,,No,No,No,Male,1984,White,
435133,,,11/2/06 0:00,nd1S05060,Right,Blue,Yes,,nd1T00002,nd1E00074,nd1N00006,"nd1I00016\,stdI00002",,Inside,660317,No,,No,No,No,Male,1984,White,
435134,,,11/2/06 0:00,nd1S05060,Right,Blue,Yes,,nd1T00002,nd1E00074,nd1N00006,"nd1I00017\,stdI00002",,Inside,660318,No,,No,No,No,Male,1984,White,
435135,,,11/2/06 0:00,nd1S05060,Right,Blue,Yes,,nd1T00002,nd1E00074,nd1N00006,"nd1I00015\,stdI00002",,Inside,660319,No,,No,No,No,Male,1984,White,
431524,nd1R1092203,05062d358,10/26/05 0:00,nd1S05062,Left,Blue,No,nd1C00046,nd1T00002,nd1E00074,nd1N00006,"nd1I00015\,stdI00002",,Inside,656708,No,,No,No,No,Female,1980,White,
433681,,,11/17/05 0:00,nd1S05062,Left,Blue,No,,nd1T00002,nd1E00074,nd1N00006,"nd1I00015\,stdI00002",,Inside,658865,No,,No,No,No,Female,1980,White,
434074,,,11/1/06 0:00,nd1S05062,Left,Blue,Yes,,nd1T00002,nd1E00074,nd1N00006,"nd1I00016\,stdI00002",,Inside,659258,No,,No,No,No,Female,1980,White,
434075,nd1R1094670,05062d387,11/1/06 0:00,nd1S05062,Left,Blue,Yes,nd1C00046,nd1T00002,nd1E00074,nd1N00006,"nd1I00017\,stdI00002",,Inside,659259,No,,No,No,No,Female,1980,White,
434079,,,11/1/06 0:00,nd1S05062,Left,Blue,Yes,,nd1T00002,nd1E00074,nd1N00006,"nd1I00015\,stdI00002",,Inside,659263,No,,No,No,No,Female,1980,White,
442086,nd1R1101957,05062d423,3/22/07 0:00,nd1S05062,Left,Gray,No,nd1C00046,nd1T00002,nd1E00074,nd1N00006,"nd1I00015\,stdI00002",,Inside,667270,No,,No,No,No,Female,1980,White,
442983,nd1R1102845,05062d435,4/11/07 0:00,nd1S05062,Left,Gray,No,nd1C00046,nd1T00002,nd1E00074,nd1N00006,"nd1I00015\,stdI00002",,Inside,668167,No,,No,No,No,Female,1980,White,
430475,nd1R1091163,05062d347,9/29/05 0:00,nd1S05062,Right,Blue,No,nd1C00046,nd1T00002,nd1E00074,nd1N00006,"nd1I00016\,stdI00002",,Inside,655659,No,,No,No,No,Female,1980,White,
430477,nd1R1091165,05062d349,9/29/05 0:00,nd1S05062,Right,Blue,No,nd1C00046,nd1T00002,nd1E00074,nd1N00006,"nd1I00015\,stdI00002",,Inside,655661,No,,No,No,No,Female,1980,White,
431526,nd1R1092205,05062d360,10/26/05 0:00,nd1S05062,Right,Blue,No,nd1C00046,nd1T00002,nd1E00074,nd1N00006,"nd1I00017\,stdI00002",,Inside,656710,No,,No,No,No,Female,1980,White,
431527,nd1R1092206,05062d361,10/26/05 0:00,nd1S05062,Right,Blue,No,nd1C00046,nd1T00002,nd1E00074,nd1N00006,"nd1I00015\,stdI00002",,Inside,656711,No,,No,No,No,Female,1980,White,
431529,nd1R1092208,05062d363,10/26/05 0:00,nd1S05062,Right,Blue,No,nd1C00046,nd1T00002,nd1E00074,nd1N00006,"nd1I00017\,stdI00002",,Inside,656713,No,,No,No,No,Female,1980,White,
433682,nd1R1094341,05062d370,11/17/05 0:00,nd1S05062,Right,Blue,No,nd1C00046,nd1T00002,nd1E00074,nd1N00006,"nd1I00016\,stdI00002",,Inside,658866,No,,No,No,No,Female,1980,White,
433686,,,11/17/05 0:00,nd1S05062,Right,Blue,No,,nd1T00002,nd1E00074,nd1N00006,"nd1I00017\,stdI00002",,Inside,658870,No,,No,No,No,Female,1980,White,
433687,nd1R1094345,05062d374,11/17/05 0:00,nd1S05062,Right,Blue,No,nd1C00046,nd1T00002,nd1E00074,nd1N00006,"nd1I00015\,stdI00002",,Inside,658871,No,,No,No,No,Female,1980,White,
434082,nd1R1094674,05062d391,11/1/06 0:00,nd1S05062,Right,Blue,Yes,nd1C00046,nd1T00002,nd1E00074,nd1N00006,"nd1I00015\,stdI00002",,Inside,659266,No,,No,No,No,Female,1980,White,
438998,nd1R1098928,05062d401,3/23/06 0:00,nd1S05062,Right,Blue,No,nd1C00046,nd1T00002,nd1E00074,nd1N00006,"nd1I00017\,stdI00002",,Inside,664182,No,,No,No,No,Female,1980,White,
438999,nd1R1098929,05062d402,3/23/06 0:00,nd1S05062,Right,Blue,No,nd1C00046,nd1T00002,nd1E00074,nd1N00006,"nd1I00015\,stdI00002",,Inside,664183,No,,No,No,No,Female,1980,White,
440497,nd1R1100395,05062d412,2/7/07 0:00,nd1S05062,Right,Gray,No,nd1C00046,nd1T00002,nd1E00074,nd1N00006,"nd1I00016\,stdI00002",,Inside,665681,No,,No,No,No,Female,1980,White,
442984,nd1R1102846,05062d436,4/11/07 0:00,nd1S05062,Right,Gray,No,nd1C00046,nd1T00002,nd1E00074,nd1N00006,"nd1I00016\,stdI00002",,Inside,668168,No,,No,No,No,Female,1980,White,
442987,nd1R1102849,05062d439,4/11/07 0:00,nd1S05062,Right,Gray,No,nd1C00046,nd1T00002,nd1E00074,nd1N00006,"nd1I00016\,stdI00002",,Inside,668171,No,,No,No,No,Female,1980,White,
442989,nd1R1102851,05062d441,4/11/07 0:00,nd1S05062,Right,Gray,No,nd1C00046,nd1T00002,nd1E00074,nd1N00006,"nd1I00015\,stdI00002",,Inside,668173,No,,No,No,No,Female,1980,White,
428832,,,9/8/05 0:00,nd1S05064,Left,Brown,No,,nd1T00002,nd1E00074,nd1N00006,"nd1I00017\,stdI00002",,Inside,654016,No,,No,No,No,Female,1978,Asian,
428833,,,9/8/05 0:00,nd1S05064,Left,Brown,No,,nd1T00002,nd1E00074,nd1N00006,"nd1I00015\,stdI00002",,Inside,654017,No,,No,No,No,Female,1978,Asian,
428834,,,9/8/05 0:00,nd1S05064,Left,Brown,No,,nd1T00002,nd1E00074,nd1N00006,"nd1I00016\,stdI00002",,Inside,654018,No,,No,No,No,Female,1978,Asian,
428837,,,9/8/05 0:00,nd1S05064,Right,Brown,No,,nd1T00002,nd1E00074,nd1N00006,"nd1I00016\,stdI00002",,Inside,654021,No,,No,No,No,Female,1978,Asian,
428838,,,9/8/05 0:00,nd1S05064,Right,Brown,No,,nd1T00002,nd1E00074,nd1N00006,"nd1I00017\,stdI00002",,Inside,654022,No,,No,No,No,Female,1978,Asian,
428842,,,9/8/05 0:00,nd1S05064,Right,Brown,No,,nd1T00002,nd1E00074,nd1N00006,"nd1I00015\,stdI00002",,Inside,654026,No,,No,No,No,Female,1978,Asian,
428768,nd1R1089492,05091d481,9/8/05 0:00,nd1S05091,Right,Brown,No,nd1C00046,nd1T00002,nd1E00074,nd1N00006,"nd1I00016\,stdI00002",,Inside,653952,No,,No,No,No,Male,1984,White,
430615,nd1R1091303,05091d495,9/29/05 0:00,nd1S05091,Right,Brown,No,nd1C00046,nd1T00002,nd1E00074,nd1N00006,"nd1I00015\,stdI00002",,Inside,655799,No,,No,No,No,Male,1984,White,
433598,nd1R1094258,05091d505,11/17/05 0:00,nd1S05091,Right,Brown,No,nd1C00046,nd1T00002,nd1E00074,nd1N00006,"nd1I00016\,stdI00002",,Inside,658782,No,,No,No,No,Male,1984,White,
433600,nd1R1094260,05091d507,11/17/05 0:00,nd1S05091,Right,Brown,No,nd1C00046,nd1T00002,nd1E00074,nd1N00006,"nd1I00015\,stdI00002",,Inside,658784,No,,No,No,No,Male,1984,White,
434996,,,11/2/06 0:00,nd1S05091,Right,Brown,Yes,,nd1T00002,nd1E00074,nd1N00006,"nd1I00017\,stdI00002",,Inside,660180,No,,No,No,No,Male,1984,White,
434997,,,11/2/06 0:00,nd1S05091,Right,Brown,Yes,,nd1T00002,nd1E00074,nd1N00006,"nd1I00015\,stdI00002",,Inside,660181,No,,No,No,No,Male,1984,White,
436767,nd1R1096842,05091d538,2/3/06 0:00,nd1S05091,Right,Brown,No,nd1C00046,nd1T00002,nd1E00074,nd1N00006,"nd1I00015\,stdI00002",,Inside,661951,No,,No,No,No,Male,1984,White,
437765,nd1R1097836,05091d552,2/23/06 0:00,nd1S05091,Right,Brown,No,nd1C00046,nd1T00002,nd1E00074,nd1N00006,"nd1I00017\,stdI00002",,Inside,662949,No,,No,No,No,Male,1984,White,
439284,nd1R1099211,05091d562,3/24/06 0:00,nd1S05091,Right,Brown,No,nd1C00046,nd1T00002,nd1E00074,nd1N00006,"nd1I00015\,stdI00002",,Inside,664468,No,,No,No,No,Male,1984,White,
439287,nd1R1099214,05091d565,3/24/06 0:00,nd1S05091,Right,Brown,No,nd1C00046,nd1T00002,nd1E00074,nd1N00006,"nd1I00015\,stdI00002",,Inside,664471,No,,No,No,No,Male,1984,White,
430103,nd1R1090797,05096d349,9/28/05 0:00,nd1S05096,Left,Brown,No,nd1C00046,nd1T00002,nd1E00074,nd1N00006,"nd1I00016\,stdI00002",,Inside,655287,No,,No,No,No,Male,1976,Asian,
430108,nd1R1090802,05096d354,9/28/05 0:00,nd1S05096,Left,Brown,No,nd1C00046,nd1T00002,nd1E00074,nd1N00006,"nd1I00015\,stdI00002",,Inside,655292,No,,No,No,No,Male,1976,Asian,
434066,nd1R1094662,05096d389,11/1/06 0:00,nd1S05096,Left,Brown,No,nd1C00046,nd1T00002,nd1E00074,nd1N00006,"nd1I00017\,stdI00002",,Inside,659250,No,,No,No,No,Male,1976,Asian,
434087,,,11/1/06 0:00,nd1S05096,Left,Brown,Yes,,nd1T00002,nd1E00074,nd1N00006,"nd1I00017\,stdI00002",,Inside,659271,No,,No,No,No,Male,1976,Asian,
434088,,,11/1/06 0:00,nd1S05096,Left,Brown,Yes,,nd1T00002,nd1E00074,nd1N00006,"nd1I00015\,stdI00002",,Inside,659272,No,,No,No,No,Male,1976,Asian,
434089,,,11/1/06 0:00,nd1S05096,Left,Brown,Yes,,nd1T00002,nd1E00074,nd1N00006,"nd1I00016\,stdI00002",,Inside,659273,No,,No,No,No,Male,1976,Asian,
434090,,,11/1/06 0:00,nd1S05096,Left,Brown,Yes,,nd1T00002,nd1E00074,nd1N00006,"nd1I00017\,stdI00002",,Inside,659274,No,,No,No,No,Male,1976,Asian,
436033,nd1R1096115,05096d397,2/1/06 0:00,nd1S05096,Left,Brown,No,nd1C00046,nd1T00002,nd1E00074,nd1N00006,"nd1I00016\,stdI00002",,Inside,661217,No,,No,No,No,Male,1976,Asian,
440256,nd1R1100178,05096d450,4/14/06 0:00,nd1S05096,Left,Brown,No,nd1C00046,nd1T00002,nd1E00074,nd1N00006,"nd1I00015\,stdI00002",,Inside,665440,No,,No,No,No,Male,1976,Asian,
440791,nd1R1100677,05096d457,2/9/07 0:00,nd1S05096,Left,Brown,No,nd1C00046,nd1T00002,nd1E00074,nd1N00006,"nd1I00016\,stdI00002",,Inside,665975,No,,No,No,No,Male,1976,Asian,
440792,nd1R1100678,05096d458,2/9/07 0:00,nd1S05096,Left,Brown,No,nd1C00046,nd1T00002,nd1E00074,nd1N00006,"nd1I00017\,stdI00002",,Inside,665976,No,,No,No,No,Male,1976,Asian,
440793,nd1R1100679,05096d459,2/9/07 0:00,nd1S05096,Left,Brown,No,nd1C00046,nd1T00002,nd1E00074,nd1N00006,"nd1I00015\,stdI00002",,Inside,665977,No,,No,No,No,Male,1976,Asian,
440794,nd1R1100680,05096d460,2/9/07 0:00,nd1S05096,Left,Brown,No,nd1C00046,nd1T00002,nd1E00074,nd1N00006,"nd1I00016\,stdI00002",,Inside,665978,No,,No,No,No,Male,1976,Asian,
440795,nd1R1100681,05096d461,2/9/07 0:00,nd1S05096,Left,Brown,No,nd1C00046,nd1T00002,nd1E00074,nd1N00006,"nd1I00017\,stdI00002",,Inside,665979,No,,No,No,No,Male,1976,Asian,
440796,nd1R1100682,05096d462,2/9/07 0:00,nd1S05096,Left,Brown,No,nd1C00046,nd1T00002,nd1E00074,nd1N00006,"nd1I00015\,stdI00002",,Inside,665980,No,,No,No,No,Male,1976,Asian,
441123,nd1R1101002,05096d474,2/28/07 0:00,nd1S05096,Left,Brown,No,nd1C00046,nd1T00002,nd1E00074,nd1N00006,"nd1I00015\,stdI00002",,Inside,666307,No,,No,No,No,Male,1976,Asian,
431605,nd1R1092284,05096d372,10/26/05 0:00,nd1S05096,Right,Brown,No,nd1C00046,nd1T00002,nd1E00074,nd1N00006,"nd1I00015\,stdI00002",,Inside,656789,No,,No,No,No,Male,1976,Asian,
433266,nd1R1093929,05096d383,11/16/05 0:00,nd1S05096,Right,Brown,No,nd1C00046,nd1T00002,nd1E00074,nd1N00006,"nd1I00017\,stdI00002",,Inside,658450,No,,No,No,No,Male,1976,Asian,
434072,nd1R1094668,05096d395,11/1/06 0:00,nd1S05096,Right,Brown,No,nd1C00046,nd1T00002,nd1E00074,nd1N00006,"nd1I00017\,stdI00002",,Inside,659256,No,,No,No,No,Male,1976,Asian,
434092,,,11/1/06 0:00,nd1S05096,Right,Brown,Yes,,nd1T00002,nd1E00074,nd1N00006,"nd1I00016\,stdI00002",,Inside,659276,No,,No,No,No,Male,1976,Asian,
434093,,,11/1/06 0:00,nd1S05096,Right,Brown,Yes,,nd1T00002,nd1E00074,nd1N00006,"nd1I00017\,stdI00002",,Inside,659277,No,,No,No,No,Male,1976,Asian,
434094,,,11/1/06 0:00,nd1S05096,Right,Brown,Yes,,nd1T00002,nd1E00074,nd1N00006,"nd1I00015\,stdI00002",,Inside,659278,No,,No,No,No,Male,1976,Asian,
434095,,,11/1/06 0:00,nd1S05096,Right,Brown,Yes,,nd1T00002,nd1E00074,nd1N00006,"nd1I00016\,stdI00002",,Inside,659279,No,,No,No,No,Male,1976,Asian,
434096,,,11/1/06 0:00,nd1S05096,Right,Brown,Yes,,nd1T00002,nd1E00074,nd1N00006,"nd1I00017\,stdI00002",,Inside,659280,No,,No,No,No,Male,1976,Asian,
434097,,,11/1/06 0:00,nd1S05096,Right,Brown,Yes,,nd1T00002,nd1E00074,nd1N00006,"nd1I00015\,stdI00002",,Inside,659281,No,,No,No,No,Male,1976,Asian,
438746,nd1R1098680,05096d440,3/22/06 0:00,nd1S05096,Right,Brown,No,nd1C00046,nd1T00002,nd1E00074,nd1N00006,"nd1I00017\,stdI00002",,Inside,663930,No,,No,No,No,Male,1976,Asian,
440262,nd1R1100184,05096d456,4/14/06 0:00,nd1S05096,Right,Brown,No,nd1C00046,nd1T00002,nd1E00074,nd1N00006,"nd1I00015\,stdI00002",,Inside,665446,No,,No,No,No,Male,1976,Asian,
440797,nd1R1100683,05096d463,2/9/07 0:00,nd1S05096,Right,Brown,No,nd1C00046,nd1T00002,nd1E00074,nd1N00006,"nd1I00016\,stdI00002",,Inside,665981,No,,No,No,No,Male,1976,Asian,
440802,nd1R1100688,05096d468,2/9/07 0:00,nd1S05096,Right,Brown,Yes,nd1C00046,nd1T00002,nd1E00074,nd1N00006,"nd1I00015\,stdI00002",,Inside,665986,No,,No,No,No,Male,1976,Asian,
441129,nd1R1101008,05096d480,2/28/07 0:00,nd1S05096,Right,Brown,No,nd1C00046,nd1T00002,nd1E00074,nd1N00006,"nd1I00015\,stdI00002",,Inside,666313,No,,No,No,No,Male,1976,Asian,
129435,nd1R1144920,05129d177,8/31/04 13:00,nd1S05129,Right,Black,No,nd1C00005,nd1T00002,nd1E00074,nd1N00006,"nd1I00016\,stdI00002",nd1I00004,Inside,170247,No,,No,No,No,Female,1978,Asian,
129436,nd1R1144921,05129d178,8/31/04 13:00,nd1S05129,Right,Brown,No,nd1C00005,nd1T00002,nd1E00074,nd1N00006,"nd1I00017\,stdI00002",nd1I00004,Inside,170248,No,,No,No,No,Female,1978,Asian,
129446,nd1R1144931,05129d188,8/31/04 13:00,nd1S05129,Right,Brown,No,nd1C00005,nd1T00002,nd1E00074,nd1N00006,"nd1I00015\,stdI00002",nd1I00004,Inside,170258,No,,No,No,No,Female,1978,Asian,
429625,,,9/28/05 0:00,nd1S05129,Right,Brown,No,,nd1T00002,nd1E00074,nd1N00006,"nd1I00015\,stdI00002",,Inside,654809,No,,No,No,No,Female,1978,Asian,
437032,nd1R1097107,05133d313,2/3/06 0:00,nd1S05133,Right,Blue,No,nd1C00046,nd1T00002,nd1E00074,nd1N00006,"nd1I00016\,stdI00002",,Inside,662216,No,,No,No,No,Male,1985,White,
437033,nd1R1097108,05133d314,2/3/06 0:00,nd1S05133,Right,Blue,No,nd1C00046,nd1T00002,nd1E00074,nd1N00006,"nd1I00017\,stdI00002",,Inside,662217,No,,No,No,No,Male,1985,White,
437035,nd1R1097110,05133d316,2/3/06 0:00,nd1S05133,Right,Blue,No,nd1C00046,nd1T00002,nd1E00074,nd1N00006,"nd1I00016\,stdI00002",,Inside,662219,No,,No,No,No,Male,1985,White,
437638,nd1R1097710,05133d328,2/23/06 0:00,nd1S05133,Right,Blue,No,nd1C00046,nd1T00002,nd1E00074,nd1N00006,"nd1I00016\,stdI00002",,Inside,662822,No,,No,No,No,Male,1985,White,
438769,,,3/22/06 0:00,nd1S05133,Right,Blue,No,,nd1T00002,nd1E00074,nd1N00006,"nd1I00016\,stdI00002",,Inside,663953,No,,No,No,No,Male,1985,White,
438770,,,3/22/06 0:00,nd1S05133,Right,Blue,No,,nd1T00002,nd1E00074,nd1N00006,"nd1I00017\,stdI00002",,Inside,663954,No,,No,No,No,Male,1985,White,
438771,,,3/22/06 0:00,nd1S05133,Right,Blue,No,,nd1T00002,nd1E00074,nd1N00006,"nd1I00015\,stdI00002",,Inside,663955,No,,No,No,No,Male,1985,White,
438772,nd1R1098703,05133d337,3/22/06 0:00,nd1S05133,Right,Blue,No,nd1C00046,nd1T00002,nd1E00074,nd1N00006,"nd1I00016\,stdI00002",,Inside,663956,No,,No,No,No,Male,1985,White,
438774,nd1R1098705,05133d339,3/22/06 0:00,nd1S05133,Right,Blue,No,nd1C00046,nd1T00002,nd1E00074,nd1N00006,"nd1I00015\,stdI00002",,Inside,663958,No,,No,No,No,Male,1985,White,
203356,nd4R43422,05165d183,9/25/08 0:00,nd1S05165,Left,Hazel,No,nd1C00023,nd1T00015,nd1E00054,nd1N00020,nd1I00013,nd1I00013,Inside,259992,No,,No,No,No,Male,1986,White,
206282,nd4R46249,05165d189,9/25/08 0:00,nd1S05165,Left,Hazel,No,nd1C00023,nd1T00014,nd1E00074,nd1N00006,"nd1I00016\,stdI00002",nd1I00011,Inside,262918,No,,No,No,No,Male,1986,White,
206283,nd4R46250,05165d190,9/25/08 0:00,nd1S05165,Left,Hazel,No,nd1C00023,nd1T00014,nd1E00074,nd1N00006,"nd1I00017\,stdI00002",nd1I00011,Inside,262919,No,,No,No,No,Male,1986,White,
206284,nd4R46251,05165d191,9/25/08 0:00,nd1S05165,Left,Hazel,No,nd1C00023,nd1T00014,nd1E00074,nd1N00006,"nd1I00015\,stdI00002",nd1I00011,Inside,262920,No,,No,No,No,Male,1986,White,
206286,nd4R46253,05165d193,9/25/08 0:00,nd1S05165,Left,Hazel,No,nd1C00023,nd1T00014,nd1E00074,nd1N00006,"nd1I00017\,stdI00002",nd1I00011,Inside,262922,No,,No,No,No,Male,1986,White,
206287,,,9/25/08 0:00,nd1S05165,Left,Hazel,No,,nd1T00014,nd1E00074,nd1N00006,"nd1I00015\,stdI00002",nd1I00011,Inside,262923,No,,No,No,No,Male,1986,White,
206288,nd4R46254,05165d194,9/25/08 0:00,nd1S05165,Left,Hazel,No,nd1C00023,nd1T00014,nd1E00074,nd1N00006,"nd1I00016\,stdI00002",nd1I00011,Inside,262924,No,,No,No,No,Male,1986,White,
206290,nd4R46256,05165d196,9/25/08 0:00,nd1S05165,Left,Hazel,No,nd1C00023,nd1T00014,nd1E00074,nd1N00006,"nd1I00015\,stdI00002",nd1I00011,Inside,262926,No,,No,No,No,Male,1986,White,
188133,nd5R65913,05213d404,3/26/08 0:00,nd1S05213,Left,Green,No,nd1C00013,nd1T00014,nd1E00074,nd1N00006,"nd1I00015\,stdI00002",nd1I00012,Inside,231691,No,,No,No,No,Female,1953,White,
189934,nd5R64107,05213d385,4/2/08 0:00,nd1S05213,Left,Green,No,nd1C00013,nd1T00014,nd1E00074,nd1N00006,"nd1I00015\,stdI00002",nd1I00012,Inside,234224,No,,No,No,No,Female,1953,White,
192851,nd5R72100,05213d452,4/10/08 0:00,nd1S05213,Left,Green,No,nd1C00013,nd1T00014,nd1E00074,nd1N00006,"nd1I00016\,stdI00002",nd1I00012,Inside,237928,No,,No,No,No,Female,1953,White,
193044,nd5R72292,05213d465,4/22/08 0:00,nd1S05213,Left,Green,No,nd1C00013,nd1T00015,nd1E00054,nd1N00020,nd1I00013,nd1I00013,Inside,240021,No,,No,No,No,Female,1953,White,
196110,nd5R75341,05213d483,5/1/08 0:00,nd1S05213,Left,Green,No,nd1C00013,nd1T00015,nd1E00054,nd1N00020,nd1I00013,nd1I00013,Inside,243087,No,,No,No,No,Female,1953,White,
197641,nd5R76857,05213d490,5/1/08 0:00,nd1S05213,Left,Green,No,nd1C00013,nd1T00014,nd1E00074,nd1N00006,"nd1I00015\,stdI00002",nd1I00012,Inside,244618,No,,No,No,No,Female,1953,White,
321335,nd5R25796,05213d542,3/3/09 0:00,nd1S05213,Left,Green,No,nd1C00033,nd1T00014,nd1E00074,nd1N00006,"nd1I00017\,stdI00002",nd1I00012,Inside,410923,No,,No,No,No,Female,1953,White,
431107,nd1R1091793,05213d566,9/30/05 0:00,nd1S05213,Left,Green,No,nd1C00046,nd1T00002,nd1E00074,nd1N00006,"nd1I00015\,stdI00002",,Inside,656291,No,,No,No,No,Female,1953,White,
436271,nd1R1096353,05213d591,2/2/06 0:00,nd1S05213,Left,Green,No,nd1C00046,nd1T00002,nd1E00074,nd1N00006,"nd1I00017\,stdI00002",,Inside,661455,No,,No,No,No,Female,1953,White,
436277,nd1R1096359,05213d597,2/2/06 0:00,nd1S05213,Left,Green,No,nd1C00046,nd1T00002,nd1E00074,nd1N00006,"nd1I00017\,stdI00002",,Inside,661461,No,,No,No,No,Female,1953,White,
437209,nd1R1097284,05213d608,2/22/06 0:00,nd1S05213,Left,Green,No,nd1C00046,nd1T00002,nd1E00074,nd1N00006,"nd1I00016\,stdI00002",,Inside,662393,No,,No,No,No,Female,1953,White,
440681,nd1R1100579,05213d642,2/8/07 0:00,nd1S05213,Left,Green,No,nd1C00046,nd1T00002,nd1E00074,nd1N00006,"nd1I00017\,stdI00002",,Inside,665865,No,,No,No,No,Female,1953,White,
440682,nd1R1100580,05213d643,2/8/07 0:00,nd1S05213,Left,Green,No,nd1C00046,nd1T00002,nd1E00074,nd1N00006,"nd1I00015\,stdI00002",,Inside,665866,No,,No,No,No,Female,1953,White,
440685,nd1R1100583,05213d646,2/8/07 0:00,nd1S05213,Left,Green,No,nd1C00046,nd1T00002,nd1E00074,nd1N00006,"nd1I00015\,stdI00002",,Inside,665869,No,,No,No,No,Female,1953,White,
441580,nd1R1101455,05213d658,3/2/07 0:00,nd1S05213,Left,Green,No,nd1C00046,nd1T00002,nd1E00074,nd1N00006,"nd1I00016\,stdI00002",,Inside,666764,No,,No,No,No,Female,1953,White,
441582,nd1R1101457,05213d660,3/2/07 0:00,nd1S05213,Left,Green,No,nd1C00046,nd1T00002,nd1E00074,nd1N00006,"nd1I00015\,stdI00002",,Inside,666766,No,,No,No,No,Female,1953,White,
442748,nd1R1102614,05213d683,4/11/07 0:00,nd1S05213,Left,Green,No,nd1C00046,nd1T00002,nd1E00074,nd1N00006,"nd1I00017\,stdI00002",,Inside,667932,No,,No,No,No,Female,1953,White,
443805,,,4/25/07 0:00,nd1S05213,Left,Green,No,,nd1T00002,nd1E00074,nd1N00006,"nd1I00015\,stdI00002",,Inside,668989,No,,No,No,No,Female,1953,White,
443808,nd1R1103665,05213d695,4/25/07 0:00,nd1S05213,Left,Green,No,nd1C00046,nd1T00002,nd1E00074,nd1N00006,"nd1I00015\,stdI00002",,Inside,668992,No,,No,No,No,Female,1953,White,
428589,nd1R1089314,05214d218,9/7/05 0:00,nd1S05214,Right,Brown,No,nd1C00046,nd1T00002,nd1E00074,nd1N00006,"nd1I00017\,stdI00002",,Inside,653773,No,,No,No,No,Female,1987,White,
430641,nd1R1091329,05214d233,9/29/05 0:00,nd1S05214,Right,Brown,No,nd1C00046,nd1T00002,nd1E00074,nd1N00006,"nd1I00017\,stdI00002",,Inside,655825,No,,No,No,No,Female,1987,White,
430642,nd1R1091330,05214d234,9/29/05 0:00,nd1S05214,Right,Brown,No,nd1C00046,nd1T00002,nd1E00074,nd1N00006,"nd1I00015\,stdI00002",,Inside,655826,No,,No,No,No,Female,1987,White,
433254,nd1R1093917,05214d245,11/16/05 0:00,nd1S05214,Right,Brown,No,nd1C00046,nd1T00002,nd1E00074,nd1N00006,"nd1I00017\,stdI00002",,Inside,658438,No,,No,No,No,Female,1987,White,
435448,nd1R1095604,05214d256,11/3/06 0:00,nd1S05214,Right,Brown,No,nd1C00046,nd1T00002,nd1E00074,nd1N00006,"nd1I00016\,stdI00002",,Inside,660632,No,,No,No,No,Female,1987,White,
435457,,,11/3/06 0:00,nd1S05214,Right,Brown,Yes,,nd1T00002,nd1E00074,nd1N00006,"nd1I00016\,stdI00002",,Inside,660641,No,,No,No,No,Female,1987,White,
435458,,,11/3/06 0:00,nd1S05214,Right,Brown,Yes,,nd1T00002,nd1E00074,nd1N00006,"nd1I00017\,stdI00002",,Inside,660642,No,,No,No,No,Female,1987,White,
435459,,,11/3/06 0:00,nd1S05214,Right,Brown,Yes,,nd1T00002,nd1E00074,nd1N00006,"nd1I00015\,stdI00002",,Inside,660643,No,,No,No,No,Female,1987,White,
435460,,,11/3/06 0:00,nd1S05214,Right,Brown,Yes,,nd1T00002,nd1E00074,nd1N00006,"nd1I00016\,stdI00002",,Inside,660644,No,,No,No,No,Female,1987,White,
435461,,,11/3/06 0:00,nd1S05214,Right,Brown,Yes,,nd1T00002,nd1E00074,nd1N00006,"nd1I00017\,stdI00002",,Inside,660645,No,,No,No,No,Female,1987,White,
435462,,,11/3/06 0:00,nd1S05214,Right,Brown,Yes,,nd1T00002,nd1E00074,nd1N00006,"nd1I00015\,stdI00002",,Inside,660646,No,,No,No,No,Female,1987,White,
435357,nd1R1095526,05216d209,11/2/06 0:00,nd1S05216,Left,Blue,No,nd1C00046,nd1T00002,nd1E00074,nd1N00006,"nd1I00015\,stdI00002",,Inside,660541,No,,No,No,No,Male,1986,White,
435358,nd1R1095527,05216d210,11/2/06 0:00,nd1S05216,Left,Blue,No,nd1C00046,nd1T00002,nd1E00074,nd1N00006,"nd1I00016\,stdI00002",,Inside,660542,No,,No,No,No,Male,1986,White,
435359,nd1R1095528,05216d211,11/2/06 0:00,nd1S05216,Left,Blue,No,nd1C00046,nd1T00002,nd1E00074,nd1N00006,"nd1I00017\,stdI00002",,Inside,660543,No,,No,No,No,Male,1986,White,
435360,nd1R1095529,05216d212,11/2/06 0:00,nd1S05216,Left,Blue,No,nd1C00046,nd1T00002,nd1E00074,nd1N00006,"nd1I00015\,stdI00002",,Inside,660544,No,,No,No,No,Male,1986,White,
435371,nd1R1095540,05216d223,11/2/06 0:00,nd1S05216,Left,Blue,No,nd1C00046,nd1T00002,nd1E00074,nd1N00006,"nd1I00017\,stdI00002",,Inside,660555,No,,No,No,No,Male,1986,White,
435372,nd1R1095541,05216d224,11/2/06 0:00,nd1S05216,Left,Blue,No,nd1C00046,nd1T00002,nd1E00074,nd1N00006,"nd1I00015\,stdI00002",,Inside,660556,No,,No,No,No,Male,1986,White,
435383,nd1R1095551,05216d234,11/2/06 0:00,nd1S05216,Left,Blue,Yes,nd1C00046,nd1T00002,nd1E00074,nd1N00006,"nd1I00017\,stdI00002",,Inside,660567,No,,No,No,No,Male,1986,White,
435361,nd1R1095530,05216d213,11/2/06 0:00,nd1S05216,Right,Blue,No,nd1C00046,nd1T00002,nd1E00074,nd1N00006,"nd1I00016\,stdI00002",,Inside,660545,No,,No,No,No,Male,1986,White,
435363,nd1R1095532,05216d215,11/2/06 0:00,nd1S05216,Right,Blue,No,nd1C00046,nd1T00002,nd1E00074,nd1N00006,"nd1I00015\,stdI00002",,Inside,660547,No,,No,No,No,Male,1986,White,
435366,nd1R1095535,05216d218,11/2/06 0:00,nd1S05216,Right,Blue,No,nd1C00046,nd1T00002,nd1E00074,nd1N00006,"nd1I00015\,stdI00002",,Inside,660550,No,,No,No,No,Male,1986,White,
435376,nd1R1095545,05216d228,11/2/06 0:00,nd1S05216,Right,Blue,No,nd1C00046,nd1T00002,nd1E00074,nd1N00006,"nd1I00016\,stdI00002",,Inside,660560,No,,No,No,No,Male,1986,White,
435377,nd1R1095546,05216d229,11/2/06 0:00,nd1S05216,Right,Blue,No,nd1C00046,nd1T00002,nd1E00074,nd1N00006,"nd1I00017\,stdI00002",,Inside,660561,No,,No,No,No,Male,1986,White,
435389,,,11/2/06 0:00,nd1S05216,Right,Blue,Yes,,nd1T00002,nd1E00074,nd1N00006,"nd1I00017\,stdI00002",,Inside,660573,No,,No,No,No,Male,1986,White,
435390,,,11/2/06 0:00,nd1S05216,Right,Blue,Yes,,nd1T00002,nd1E00074,nd1N00006,"nd1I00015\,stdI00002",,Inside,660574,No,,No,No,No,Male,1986,White,
184831,nd5R69178,05244d405,3/11/08 0:00,nd1S05244,Left,Black,No,nd1C00013,nd1T00015,nd1E00054,nd1N00020,nd1I00013,nd1I00013,Inside,228389,No,,No,No,No,Male,1976,Asian,
185495,nd5R68514,05244d401,3/11/08 0:00,nd1S05244,Left,Black,No,nd1C00013,nd1T00014,nd1E00074,nd1N00006,"nd1I00016\,stdI00002",nd1I00012,Inside,229053,No,,No,No,No,Male,1976,Asian,
185497,nd5R68512,05244d399,3/11/08 0:00,nd1S05244,Left,Black,No,nd1C00013,nd1T00014,nd1E00074,nd1N00006,"nd1I00015\,stdI00002",nd1I00012,Inside,229055,No,,No,No,No,Male,1976,Asian,
187437,nd5R66587,05244d381,3/25/08 0:00,nd1S05244,Left,Brown,No,nd1C00013,nd1T00014,nd1E00074,nd1N00006,"nd1I00015\,stdI00002",nd1I00012,Inside,230995,No,,No,No,No,Male,1976,Asian,
197616,nd5R76832,05244d448,5/1/08 0:00,nd1S05244,Left,Brown,No,nd1C00013,nd1T00014,nd1E00074,nd1N00006,"nd1I00017\,stdI00002",nd1I00012,Inside,244593,No,,No,No,No,Male,1976,Asian,
199175,nd4R39657,05244d471,9/9/08 0:00,nd1S05244,Left,Brown,No,nd1C00023,nd1T00014,nd1E00074,nd1N00006,"nd1I00015\,stdI00002",nd1I00011,Inside,254819,No,,No,No,No,Male,1976,Asian,
203204,nd4R43271,05244d492,9/24/08 0:00,nd1S05244,Left,Brown,No,nd1C00023,nd1T00015,nd1E00054,nd1N00020,nd1I00013,nd1I00013,Inside,259840,No,,No,No,No,Male,1976,Asian,
205643,nd4R45633,05244d496,9/24/08 0:00,nd1S05244,Left,Brown,No,nd1C00023,nd1T00014,nd1E00074,nd1N00006,"nd1I00016\,stdI00002",nd1I00011,Inside,262279,No,,No,No,No,Male,1976,Asian,
216070,nd4R55890,05244d556,10/28/08 0:00,nd1S05244,Left,Brown,No,nd1C00023,nd1T00014,nd1E00074,nd1N00006,"nd1I00016\,stdI00002",nd1I00012,Inside,276920,No,,No,No,No,Male,1976,Asian,
220339,nd4R60116,05244d586,11/11/08 0:00,nd1S05244,Left,Brown,No,nd1C00023,nd1T00014,nd1E00074,nd1N00006,"nd1I00016\,stdI00002",nd1I00012,Inside,281189,No,,No,No,No,Male,1976,Asian,
230185,,,12/2/08 0:00,nd1S05244,Left,Brown,No,,nd1T00014,nd1E00074,nd1N00006,"nd1I00015\,stdI00002",nd1I00012,Inside,303644,No,,No,No,No,Male,1976,Asian,
307097,nd5R35578,05244d922,2/4/09 0:00,nd1S05244,Left,Brown,No,nd1C00033,nd1T00014,nd1E00074,nd1N00006,"nd1I00016\,stdI00002",nd1I00012,Inside,387299,No,,No,No,No,Male,1976,Asian,
321258,nd5R25873,05244d871,3/3/09 0:00,nd1S05244,Left,Brown,No,nd1C00033,nd1T00014,nd1E00074,nd1N00006,"nd1I00015\,stdI00002",nd1I00012,Inside,410846,No,,No,No,No,Male,1976,Asian,
321262,nd5R25869,05244d867,3/3/09 0:00,nd1S05244,Left,Brown,No,nd1C00033,nd1T00014,nd1E00074,nd1N00006,"nd1I00016\,stdI00002",nd1I00012,Inside,410850,No,,No,No,No,Male,1976,Asian,
341441,nd5R44151,05244d960,4/22/09 0:00,nd1S05244,Left,Brown,No,nd1C00033,nd1T00014,nd1E00074,nd1N00006,"nd1I00015\,stdI00002",nd1I00012,Inside,446100,No,,No,No,No,Male,1976,Asian,
341443,nd5R44153,05244d962,4/22/09 0:00,nd1S05244,Left,Brown,No,nd1C00033,nd1T00014,nd1E00074,nd1N00006,"nd1I00017\,stdI00002",nd1I00012,Inside,446102,No,,No,No,No,Male,1976,Asian,
375909,nd6R21697,05244d1090,11/4/09 0:00,nd1S05244,Left,Brown,No,nd1C00041,nd1T00016,nd1E00075,nd1N00020,nd1I00013,nd1I00013,Inside,529525,No,,No,No,No,Male,1976,Asian,
376707,nd6R20906,05244d1080,11/4/09 0:00,nd1S05244,Left,Brown,No,nd1C00041,nd1T00002,nd1E00075,nd1N00006,"nd1I00016\,stdI00002",nd1I00004,Inside,530323,No,,No,No,No,Male,1976,Asian,
376709,nd6R20904,05244d1078,11/4/09 0:00,nd1S05244,Left,Brown,No,nd1C00041,nd1T00002,nd1E00075,nd1N00006,"nd1I00015\,stdI00002",nd1I00004,Inside,530325,No,,No,No,No,Male,1976,Asian,
428489,nd1R1089217,05244d1102,9/7/05 0:00,nd1S05244,Left,Black,No,nd1C00046,nd1T00002,nd1E00074,nd1N00006,"nd1I00016\,stdI00002",,Inside,653673,No,,No,No,No,Male,1976,Asian,
428501,nd1R1089229,05244d1114,9/7/05 0:00,nd1S05244,Left,Black,No,nd1C00046,nd1T00002,nd1E00074,nd1N00006,"nd1I00016\,stdI00002",,Inside,653685,No,,No,No,No,Male,1976,Asian,
433039,nd1R1093702,05244d1154,11/16/05 0:00,nd1S05244,Left,Black,No,nd1C00046,nd1T00002,nd1E00074,nd1N00006,"nd1I00015\,stdI00002",,Inside,658223,No,,No,No,No,Male,1976,Asian,
434183,nd1R1094755,05244d1174,11/1/06 0:00,nd1S05244,Left,Black,Yes,nd1C00046,nd1T00002,nd1E00074,nd1N00006,"nd1I00017\,stdI00002",,Inside,659367,No,,No,No,No,Male,1976,Asian,
434187,nd1R1094757,05244d1176,11/1/06 0:00,nd1S05244,Left,Black,Yes,nd1C00046,nd1T00002,nd1E00074,nd1N00006,"nd1I00015\,stdI00002",,Inside,659371,No,,No,No,No,Male,1976,Asian,
436627,nd1R1096704,05244d1183,2/3/06 0:00,nd1S05244,Left,Brown,No,nd1C00046,nd1T00002,nd1E00074,nd1N00006,"nd1I00016\,stdI00002",,Inside,661811,No,,No,No,No,Male,1976,Asian,
436628,nd1R1096705,05244d1184,2/3/06 0:00,nd1S05244,Left,Brown,No,nd1C00046,nd1T00002,nd1E00074,nd1N00006,"nd1I00017\,stdI00002",,Inside,661812,No,,No,No,No,Male,1976,Asian,
436629,nd1R1096706,05244d1185,2/3/06 0:00,nd1S05244,Left,Brown,No,nd1C00046,nd1T00002,nd1E00074,nd1N00006,"nd1I00015\,stdI00002",,Inside,661813,No,,No,No,No,Male,1976,Asian,
436632,nd1R1096709,05244d1188,2/3/06 0:00,nd1S05244,Left,Brown,No,nd1C00046,nd1T00002,nd1E00074,nd1N00006,"nd1I00015\,stdI00002",,Inside,661816,No,,No,No,No,Male,1976,Asian,
438164,nd1R1098101,05244d1195,2/24/06 0:00,nd1S05244,Left,Black,No,nd1C00046,nd1T00002,nd1E00074,nd1N00006,"nd1I00017\,stdI00002",,Inside,663348,No,,No,No,No,Male,1976,Asian,
438166,nd1R1098103,05244d1197,2/24/06 0:00,nd1S05244,Left,Black,No,nd1C00046,nd1T00002,nd1E00074,nd1N00006,"nd1I00016\,stdI00002",,Inside,663350,No,,No,No,No,Male,1976,Asian,
438167,nd1R1098104,05244d1198,2/24/06 0:00,nd1S05244,Left,Black,No,nd1C00046,nd1T00002,nd1E00074,nd1N00006,"nd1I00017\,stdI00002",,Inside,663351,No,,No,No,No,Male,1976,Asian,
185501,nd5R68508,05244d395,3/11/08 0:00,nd1S05244,Right,Black,No,nd1C00013,nd1T00014,nd1E00074,nd1N00006,"nd1I00016\,stdI00002",nd1I00012,Inside,229059,No,,No,No,No,Male,1976,Asian,
186671,nd5R67350,05244d388,3/25/08 0:00,nd1S05244,Right,Brown,No,nd1C00013,nd1T00015,nd1E00054,nd1N00020,nd1I00013,nd1I00013,Inside,230229,No,,No,No,No,Male,1976,Asian,
187445,nd5R66579,05244d373,3/25/08 0:00,nd1S05244,Right,Brown,No,nd1C00013,nd1T00014,nd1E00074,nd1N00006,"nd1I00017\,stdI00002",nd1I00012,Inside,231003,No,,No,No,No,Male,1976,Asian,
205655,nd4R45645,05244d508,9/24/08 0:00,nd1S05244,Right,Brown,No,nd1C00023,nd1T00014,nd1E00074,nd1N00006,"nd1I00016\,stdI00002",nd1I00011,Inside,262291,No,,No,No,No,Male,1976,Asian,
205662,nd4R45652,05244d515,9/24/08 0:00,nd1S05244,Right,Brown,No,nd1C00023,nd1T00014,nd1E00074,nd1N00006,"nd1I00017\,stdI00002",nd1I00011,Inside,262298,No,,No,No,No,Male,1976,Asian,
220350,nd4R60126,05244d596,11/11/08 0:00,nd1S05244,Right,Brown,No,nd1C00023,nd1T00014,nd1E00074,nd1N00006,"nd1I00015\,stdI00002",nd1I00012,Inside,281200,No,,No,No,No,Male,1976,Asian,
230203,,,12/2/08 0:00,nd1S05244,Right,Brown,No,,nd1T00014,nd1E00074,nd1N00006,"nd1I00015\,stdI00002",nd1I00012,Inside,303662,No,,No,No,No,Male,1976,Asian,
232113,nd5R00248,05244d785,1/20/09 0:00,nd1S05244,Right,Brown,No,nd1C00033,nd1T00014,nd1E00074,nd1N00006,"nd1I00017\,stdI00002",nd1I00012,Inside,306573,No,,No,No,No,Male,1976,Asian,
307108,nd5R35589,05244d933,2/4/09 0:00,nd1S05244,Right,Brown,No,nd1C00033,nd1T00014,nd1E00074,nd1N00006,"nd1I00015\,stdI00002",nd1I00012,Inside,387310,No,,No,No,No,Male,1976,Asian,
375916,nd6R21692,05244d1085,11/4/09 0:00,nd1S05244,Right,Brown,No,nd1C00041,nd1T00016,nd1E00075,nd1N00021,nd1I00013,nd1I00013,Inside,529532,No,,No,No,No,Male,1976,Asian,
428500,nd1R1089228,05244d1113,9/7/05 0:00,nd1S05244,Right,Black,No,nd1C00046,nd1T00002,nd1E00074,nd1N00006,"nd1I00015\,stdI00002",,Inside,653684,No,,No,No,No,Male,1976,Asian,
430164,nd1R1090858,05244d1136,9/28/05 0:00,nd1S05244,Right,Black,No,nd1C00046,nd1T00002,nd1E00074,nd1N00006,"nd1I00017\,stdI00002",,Inside,655348,No,,No,No,No,Male,1976,Asian,
431668,nd1R1092346,05244d1148,10/26/05 0:00,nd1S05244,Right,Black,No,nd1C00046,nd1T00002,nd1E00074,nd1N00006,"nd1I00015\,stdI00002",,Inside,656852,No,,No,No,No,Male,1976,Asian,
433045,nd1R1093708,05244d1160,11/16/05 0:00,nd1S05244,Right,Black,No,nd1C00046,nd1T00002,nd1E00074,nd1N00006,"nd1I00015\,stdI00002",,Inside,658229,No,,No,No,No,Male,1976,Asian,
434189,nd1R1094759,05244d1178,11/1/06 0:00,nd1S05244,Right,Black,Yes,nd1C00046,nd1T00002,nd1E00074,nd1N00006,"nd1I00017\,stdI00002",,Inside,659373,No,,No,No,No,Male,1976,Asian,
434192,nd1R1094762,05244d1181,11/1/06 0:00,nd1S05244,Right,Black,Yes,nd1C00046,nd1T00002,nd1E00074,nd1N00006,"nd1I00017\,stdI00002",,Inside,659376,No,,No,No,No,Male,1976,Asian,
436638,nd1R1096714,05244d1193,2/3/06 0:00,nd1S05244,Right,Brown,No,nd1C00046,nd1T00002,nd1E00074,nd1N00006,"nd1I00015\,stdI00002",,Inside,661822,No,,No,No,No,Male,1976,Asian,
438174,nd1R1098111,05244d1205,2/24/06 0:00,nd1S05244,Right,Black,No,nd1C00046,nd1T00002,nd1E00074,nd1N00006,"nd1I00015\,stdI00002",,Inside,663358,No,,No,No,No,Male,1976,Asian,
549271,nd1R827094,05246d1161,4/14/11 13:34,nd1S05246,Right,Brown,No,nd1C00062,nd1T00050,nd1E00101,nd1N00048,"nd1I00022\,stdI00002",,Inside,873455,No,,No,No,No,Male,1980,Asian,
578711,nd1R887706,05246d1238,9/15/11 13:30,nd1S05246,Right,Brown,No,nd1C00068,nd1T00049,nd1E00107,nd1N00077,"nd1I00023\,stdI00002",,Inside,943613,No,,No,No,No,Male,1980,Asian,
579698,nd1R888635,05246d1240,9/15/11 13:30,nd1S05246,Right,Brown,No,nd1C00068,nd1T00050,nd1E00107,nd1N00048,"nd1I00022\,stdI00002",,Inside,944600,No,,No,No,No,Male,1980,Asian,
580818,nd1R889679,05246d1255,9/15/11 13:30,nd1S05246,Right,Brown,No,nd1C00068,nd1T00051,nd1E00107,nd1N00074,"nd1I00027\,stdI00002",,Inside,945720,No,,No,No,No,Male,1980,Asian,
580819,nd1R889680,05246d1256,9/15/11 13:30,nd1S05246,Right,Brown,No,nd1C00068,nd1T00051,nd1E00107,nd1N00074,"nd1I00027\,stdI00002",,Inside,945721,No,,No,No,No,Male,1980,Asian,
582245,nd1R890987,05246d1261,9/15/11 13:30,nd1S05246,Right,Brown,No,nd1C00068,nd1T00054,nd1E00107,nd1N00073,"nd1I00036\,stdI00002",,Inside,947147,No,,No,No,No,Male,1980,Asian,
582254,nd1R890996,05246d1270,9/15/11 13:30,nd1S05246,Right,Brown,No,nd1C00068,nd1T00053,nd1E00107,nd1N00073,"nd1I00036\,stdI00002",,Inside,947156,No,,No,No,No,Male,1980,Asian,
590647,nd1R909761,05246d1288,9/29/11 13:13,nd1S05246,Right,Brown,No,nd1C00068,nd1T00053,nd1E00107,nd1N00073,"nd1I00036\,stdI00002",,Inside,968898,No,,No,No,No,Male,1980,Asian,
592078,nd1R910727,05246d1299,9/29/11 13:13,nd1S05246,Right,Brown,No,nd1C00068,nd1T00054,nd1E00107,nd1N00073,"nd1I00036\,stdI00002",,Inside,970329,No,,No,No,No,Male,1980,Asian,
593165,nd1R911432,05246d1308,9/29/11 13:13,nd1S05246,Right,Brown,No,nd1C00068,nd1T00049,nd1E00107,nd1N00077,"nd1I00023\,stdI00002",,Inside,971416,No,,No,No,No,Male,1980,Asian,
593975,nd1R911967,05246d1310,9/29/11 13:13,nd1S05246,Right,Brown,No,nd1C00068,nd1T00050,nd1E00107,nd1N00048,"nd1I00022\,stdI00002",,Inside,972226,No,,No,No,No,Male,1980,Asian,
430237,nd1R1090930,05249d273,9/29/05 0:00,nd1S05249,Right,Hazel,No,nd1C00046,nd1T00002,nd1E00074,nd1N00006,"nd1I00015\,stdI00002",,Inside,655421,No,,No,No,No,Male,1984,White,
432107,nd1R1092782,05249d282,10/27/05 0:00,nd1S05249,Right,Hazel,No,nd1C00046,nd1T00002,nd1E00074,nd1N00006,"nd1I00016\,stdI00002",,Inside,657291,No,,No,No,No,Male,1984,White,
432108,nd1R1092783,05249d283,10/27/05 0:00,nd1S05249,Right,Hazel,No,nd1C00046,nd1T00002,nd1E00074,nd1N00006,"nd1I00017\,stdI00002",,Inside,657292,No,,No,No,No,Male,1984,White,
432109,,,10/27/05 0:00,nd1S05249,Right,Hazel,No,,nd1T00002,nd1E00074,nd1N00006,"nd1I00015\,stdI00002",,Inside,657293,No,,No,No,No,Male,1984,White,
433315,nd1R1093978,05249d295,11/17/05 0:00,nd1S05249,Right,Hazel,No,nd1C00046,nd1T00002,nd1E00074,nd1N00006,"nd1I00015\,stdI00002",,Inside,658499,No,,No,No,No,Male,1984,White,
436621,nd1R1096698,05249d302,2/3/06 0:00,nd1S05249,Right,Hazel,No,nd1C00046,nd1T00002,nd1E00074,nd1N00006,"nd1I00016\,stdI00002",,Inside,661805,No,,No,No,No,Male,1984,White,
436624,nd1R1096701,05249d305,2/3/06 0:00,nd1S05249,Right,Hazel,No,nd1C00046,nd1T00002,nd1E00074,nd1N00006,"nd1I00016\,stdI00002",,Inside,661808,No,,No,No,No,Male,1984,White,
437973,nd1R1098001,05249d319,2/24/06 0:00,nd1S05249,Right,Hazel,No,nd1C00046,nd1T00002,nd1E00074,nd1N00006,"nd1I00015\,stdI00002",,Inside,663157,No,,No,No,No,Male,1984,White,
439537,nd1R1099464,05249d341,4/12/06 0:00,nd1S05249,Right,Hazel,No,nd1C00046,nd1T00002,nd1E00074,nd1N00006,"nd1I00016\,stdI00002",,Inside,664721,No,,No,No,No,Male,1984,White,
439539,nd1R1099466,05249d343,4/12/06 0:00,nd1S05249,Right,Hazel,No,nd1C00046,nd1T00002,nd1E00074,nd1N00006,"nd1I00015\,stdI00002",,Inside,664723,No,,No,No,No,Male,1984,White,
190942,nd5R70204,05256d415,4/9/08 0:00,nd1S05256,Left,Hazel,No,nd1C00013,nd1T00015,nd1E00054,nd1N00020,nd1I00013,nd1I00013,Inside,236019,No,,No,No,No,Female,1981,White,
192308,nd5R71560,05256d419,4/9/08 0:00,nd1S05256,Left,Hazel,No,nd1C00013,nd1T00014,nd1E00074,nd1N00006,"nd1I00016\,stdI00002",nd1I00012,Inside,237385,No,,No,No,No,Female,1981,White,
192310,nd5R71562,05256d421,4/9/08 0:00,nd1S05256,Left,Hazel,No,nd1C00013,nd1T00014,nd1E00074,nd1N00006,"nd1I00015\,stdI00002",nd1I00012,Inside,237387,No,,No,No,No,Female,1981,White,
192311,nd5R71563,05256d422,4/9/08 0:00,nd1S05256,Left,Hazel,No,nd1C00013,nd1T00014,nd1E00074,nd1N00006,"nd1I00016\,stdI00002",nd1I00012,Inside,237388,No,,No,No,No,Female,1981,White,
193318,nd5R72566,05256d433,4/23/08 0:00,nd1S05256,Left,Hazel,No,nd1C00013,nd1T00015,nd1E00054,nd1N00020,nd1I00013,nd1I00013,Inside,240295,No,,No,No,No,Female,1981,White,
194463,nd5R73707,05256d441,4/23/08 0:00,nd1S05256,Left,Hazel,No,nd1C00013,nd1T00014,nd1E00074,nd1N00006,"nd1I00017\,stdI00002",nd1I00012,Inside,241440,No,,No,No,No,Female,1981,White,
196124,nd5R75355,05256d449,5/1/08 0:00,nd1S05256,Left,Hazel,No,nd1C00013,nd1T00015,nd1E00054,nd1N00020,nd1I00013,nd1I00013,Inside,243101,No,,No,No,No,Female,1981,White,
197673,nd5R76889,05256d456,5/1/08 0:00,nd1S05256,Left,Hazel,No,nd1C00013,nd1T00014,nd1E00074,nd1N00006,"nd1I00017\,stdI00002",nd1I00012,Inside,244650,No,,No,No,No,Female,1981,White,
429025,nd1R1089735,05256d481,9/9/05 0:00,nd1S05256,Left,Hazel,No,nd1C00046,nd1T00002,nd1E00074,nd1N00006,"nd1I00015\,stdI00002",,Inside,654209,No,,No,No,No,Female,1981,White,
430277,nd1R1090970,05256d494,9/29/05 0:00,nd1S05256,Left,Hazel,No,nd1C00046,nd1T00002,nd1E00074,nd1N00006,"nd1I00016\,stdI00002",,Inside,655461,No,,No,No,No,Female,1981,White,
430278,nd1R1090971,05256d495,9/29/05 0:00,nd1S05256,Left,Hazel,No,nd1C00046,nd1T00002,nd1E00074,nd1N00006,"nd1I00017\,stdI00002",,Inside,655462,No,,No,No,No,Female,1981,White,
430279,nd1R1090972,05256d496,9/29/05 0:00,nd1S05256,Left,Hazel,No,nd1C00046,nd1T00002,nd1E00074,nd1N00006,"nd1I00015\,stdI00002",,Inside,655463,No,,No,No,No,Female,1981,White,
433427,nd1R1094088,05256d506,11/17/05 0:00,nd1S05256,Left,Hazel,No,nd1C00046,nd1T00002,nd1E00074,nd1N00006,"nd1I00016\,stdI00002",,Inside,658611,No,,No,No,No,Female,1981,White,
433429,nd1R1094090,05256d508,11/17/05 0:00,nd1S05256,Left,Hazel,No,nd1C00046,nd1T00002,nd1E00074,nd1N00006,"nd1I00015\,stdI00002",,Inside,658613,No,,No,No,No,Female,1981,White,
434147,nd1R1094722,05256d516,11/1/06 0:00,nd1S05256,Left,Hazel,No,nd1C00046,nd1T00002,nd1E00074,nd1N00006,"nd1I00017\,stdI00002",,Inside,659331,No,,No,No,No,Female,1981,White,
434150,nd1R1094725,05256d519,11/1/06 0:00,nd1S05256,Left,Hazel,No,nd1C00046,nd1T00002,nd1E00074,nd1N00006,"nd1I00017\,stdI00002",,Inside,659334,No,,No,No,No,Female,1981,White,
435598,nd1R1095718,05260d244,11/3/06 0:00,nd1S05260,Right,Brown,No,nd1C00046,nd1T00002,nd1E00074,nd1N00006,"nd1I00016\,stdI00002",,Inside,660782,No,,No,No,No,Female,1987,Asian,
435601,nd1R1095721,05260d247,11/3/06 0:00,nd1S05260,Right,Brown,No,nd1C00046,nd1T00002,nd1E00074,nd1N00006,"nd1I00016\,stdI00002",,Inside,660785,No,,No,No,No,Female,1987,Asian,
435610,nd1R1095730,05260d256,11/3/06 0:00,nd1S05260,Right,Brown,Yes,nd1C00046,nd1T00002,nd1E00074,nd1N00006,"nd1I00016\,stdI00002",,Inside,660794,No,,No,No,No,Female,1987,Asian,
435613,nd1R1095733,05260d259,11/3/06 0:00,nd1S05260,Right,Brown,Yes,nd1C00046,nd1T00002,nd1E00074,nd1N00006,"nd1I00016\,stdI00002",,Inside,660797,No,,No,No,No,Female,1987,Asian,
436962,nd1R1097037,05260d269,2/3/06 0:00,nd1S05260,Right,Brown,No,nd1C00046,nd1T00002,nd1E00074,nd1N00006,"nd1I00015\,stdI00002",,Inside,662146,No,,No,No,No,Female,1987,Asian,
436964,nd1R1097039,05260d271,2/3/06 0:00,nd1S05260,Right,Brown,No,nd1C00046,nd1T00002,nd1E00074,nd1N00006,"nd1I00017\,stdI00002",,Inside,662148,No,,No,No,No,Female,1987,Asian,
440279,,,4/14/06 0:00,nd1S05260,Right,Brown,No,,nd1T00002,nd1E00074,nd1N00006,"nd1I00017\,stdI00002",,Inside,665463,No,,No,No,No,Female,1987,Asian,
440281,nd1R1100200,05260d276,4/14/06 0:00,nd1S05260,Right,Brown,No,nd1C00046,nd1T00002,nd1E00074,nd1N00006,"nd1I00016\,stdI00002",,Inside,665465,No,,No,No,No,Female,1987,Asian,
440286,nd1R1100204,05260d280,4/14/06 0:00,nd1S05260,Right,Brown,No,nd1C00046,nd1T00002,nd1E00074,nd1N00006,"nd1I00015\,stdI00002",,Inside,665470,No,,No,No,No,Female,1987,Asian,
442345,nd1R1102212,05260d287,3/23/07 0:00,nd1S05260,Right,Brown,No,nd1C00046,nd1T00002,nd1E00074,nd1N00006,"nd1I00016\,stdI00002",,Inside,667529,No,,No,No,No,Female,1987,Asian,
443511,nd1R1103371,05260d301,4/13/07 0:00,nd1S05260,Right,Brown,No,nd1C00046,nd1T00002,nd1E00074,nd1N00006,"nd1I00015\,stdI00002",,Inside,668695,No,,No,No,No,Female,1987,Asian,
444531,,,4/27/07 0:00,nd1S05260,Right,Brown,No,,nd1T00002,nd1E00074,nd1N00006,"nd1I00015\,stdI00002",,Inside,669715,No,,No,No,No,Female,1987,Asian,
444534,nd1R1104384,05260d315,4/27/07 0:00,nd1S05260,Right,Brown,No,nd1C00046,nd1T00002,nd1E00074,nd1N00006,"nd1I00015\,stdI00002",,Inside,669718,No,,No,No,No,Female,1987,Asian,
434218,,,11/1/06 0:00,nd1S05269,Left,Blue,No,,nd1T00002,nd1E00074,nd1N00006,"nd1I00016\,stdI00002",,Inside,659402,No,,No,No,No,Male,1983,White,
434219,,,11/1/06 0:00,nd1S05269,Left,Blue,No,,nd1T00002,nd1E00074,nd1N00006,"nd1I00017\,stdI00002",,Inside,659403,No,,No,No,No,Male,1983,White,
434220,,,11/1/06 0:00,nd1S05269,Left,Blue,No,,nd1T00002,nd1E00074,nd1N00006,"nd1I00015\,stdI00002",,Inside,659404,No,,No,No,No,Male,1983,White,
434224,nd1R1094789,05269d4,11/1/06 0:00,nd1S05269,Left,Blue,No,nd1C00046,nd1T00002,nd1E00074,nd1N00006,"nd1I00016\,stdI00002",,Inside,659408,No,,No,No,No,Male,1983,White,
434226,nd1R1094791,05269d6,11/1/06 0:00,nd1S05269,Left,Blue,No,nd1C00046,nd1T00002,nd1E00074,nd1N00006,"nd1I00015\,stdI00002",,Inside,659410,No,,No,No,No,Male,1983,White,
434233,nd1R1094798,05269d13,11/1/06 0:00,nd1S05269,Left,Blue,Yes,nd1C00046,nd1T00002,nd1E00074,nd1N00006,"nd1I00016\,stdI00002",,Inside,659417,No,,No,No,No,Male,1983,White,
434235,nd1R1094799,05269d14,11/1/06 0:00,nd1S05269,Left,Blue,Yes,nd1C00046,nd1T00002,nd1E00074,nd1N00006,"nd1I00015\,stdI00002",,Inside,659419,No,,No,No,No,Male,1983,White,
434236,,,11/1/06 0:00,nd1S05269,Left,Blue,Yes,,nd1T00002,nd1E00074,nd1N00006,"nd1I00016\,stdI00002",,Inside,659420,No,,No,No,No,Male,1983,White,
434237,,,11/1/06 0:00,nd1S05269,Left,Blue,Yes,,nd1T00002,nd1E00074,nd1N00006,"nd1I00017\,stdI00002",,Inside,659421,No,,No,No,No,Male,1983,White,
434238,,,11/1/06 0:00,nd1S05269,Left,Blue,Yes,,nd1T00002,nd1E00074,nd1N00006,"nd1I00015\,stdI00002",,Inside,659422,No,,No,No,No,Male,1983,White,
434229,nd1R1094794,05269d9,11/1/06 0:00,nd1S05269,Right,Blue,No,nd1C00046,nd1T00002,nd1E00074,nd1N00006,"nd1I00015\,stdI00002",,Inside,659413,No,,No,No,No,Male,1983,White,
434231,nd1R1094796,05269d11,11/1/06 0:00,nd1S05269,Right,Blue,No,nd1C00046,nd1T00002,nd1E00074,nd1N00006,"nd1I00017\,stdI00002",,Inside,659415,No,,No,No,No,Male,1983,White,
434239,,,11/1/06 0:00,nd1S05269,Right,Blue,Yes,,nd1T00002,nd1E00074,nd1N00006,"nd1I00016\,stdI00002",,Inside,659423,No,,No,No,No,Male,1983,White,
434241,,,11/1/06 0:00,nd1S05269,Right,Blue,Yes,,nd1T00002,nd1E00074,nd1N00006,"nd1I00015\,stdI00002",,Inside,659425,No,,No,No,No,Male,1983,White,
434242,,,11/1/06 0:00,nd1S05269,Right,Blue,Yes,,nd1T00002,nd1E00074,nd1N00006,"nd1I00016\,stdI00002",,Inside,659426,No,,No,No,No,Male,1983,White,
434244,,,11/1/06 0:00,nd1S05269,Right,Blue,Yes,,nd1T00002,nd1E00074,nd1N00006,"nd1I00015\,stdI00002",,Inside,659428,No,,No,No,No,Male,1983,White,
190698,nd5R69960,05270d18,4/8/08 0:00,nd1S05270,Left,Blue,No,nd1C00013,nd1T00015,nd1E00054,nd1N00020,nd1I00013,nd1I00013,Inside,235775,No,,No,No,No,Male,1988,White,
191817,nd5R71071,05270d21,4/8/08 0:00,nd1S05270,Left,Blue,No,nd1C00013,nd1T00014,nd1E00074,nd1N00006,"nd1I00017\,stdI00002",nd1I00012,Inside,236894,No,,No,No,No,Male,1988,White,
191818,nd5R71072,05270d22,4/8/08 0:00,nd1S05270,Left,Blue,No,nd1C00013,nd1T00014,nd1E00074,nd1N00006,"nd1I00015\,stdI00002",nd1I00012,Inside,236895,No,,No,No,No,Male,1988,White,
198456,nd4R38973,05270d39,9/11/08 0:00,nd1S05270,Left,Gray,No,nd1C00023,nd1T00015,nd1E00054,nd1N00020,nd1I00013,nd1I00013,Inside,254100,No,,No,No,No,Male,1988,White,
202179,nd4R95278,05270d182,9/11/08 0:00,nd1S05270,Left,Gray,No,nd1C00028,nd1T00014,nd1E00074,nd1N00006,"nd1I00016\,stdI00002",nd1I00004,Inside,257823,No,,No,No,No,Male,1988,White,
202181,nd4R95280,05270d184,9/11/08 0:00,nd1S05270,Left,Gray,No,nd1C00028,nd1T00014,nd1E00074,nd1N00006,"nd1I00015\,stdI00002",nd1I00004,Inside,257825,No,,No,No,No,Male,1988,White,
202199,nd4R42341,05270d45,9/11/08 0:00,nd1S05270,Left,Gray,No,nd1C00023,nd1T00014,nd1E00074,nd1N00006,"nd1I00015\,stdI00002",nd1I00011,Inside,257843,No,,No,No,No,Male,1988,White,
218754,nd4R58534,05270d96,10/30/08 0:00,nd1S05270,Left,Green,No,nd1C00023,nd1T00014,nd1E00074,nd1N00006,"nd1I00015\,stdI00002",nd1I00012,Inside,279604,No,,No,No,No,Male,1988,White,
376964,nd6R20653,05270d346,11/4/09 0:00,nd1S05270,Left,Hazel,No,nd1C00041,nd1T00002,nd1E00075,nd1N00006,"nd1I00015\,stdI00002",nd1I00004,Inside,530580,No,,No,No,No,Male,1988,White,
410577,nd6R67175,05270d368,3/18/10 16:15,nd1S05270,Left,Gray,No,nd1C00042,nd1T00002,nd1E00077,nd1N00006,"nd1I00017\,stdI00002",,Inside,593151,No,,No,No,No,Male,1988,White,
410584,,,3/18/10 16:15,nd1S05270,Left,Gray,No,,nd1T00002,nd1E00077,nd1N00006,"nd1I00015\,stdI00002",,Inside,593158,No,,No,No,No,Male,1988,White,
416349,nd6R72653,05270d398,4/14/10 14:28,nd1S05270,Left,Gray,No,nd1C00042,nd1T00002,nd1E00077,nd1N00006,"nd1I00015\,stdI00002",,Inside,605851,No,,No,No,No,Male,1988,White,
416351,nd6R72655,05270d400,4/14/10 14:28,nd1S05270,Left,Gray,No,nd1C00042,nd1T00002,nd1E00077,nd1N00006,"nd1I00017\,stdI00002",,Inside,605853,No,,No,No,No,Male,1988,White,
434247,nd1R1094804,05270d483,11/1/06 0:00,nd1S05270,Left,Blue,No,nd1C00046,nd1T00002,nd1E00074,nd1N00006,"nd1I00015\,stdI00002",,Inside,659431,No,,No,No,No,Male,1988,White,
434249,nd1R1094806,05270d485,11/1/06 0:00,nd1S05270,Left,Blue,No,nd1C00046,nd1T00002,nd1E00074,nd1N00006,"nd1I00017\,stdI00002",,Inside,659433,No,,No,No,No,Male,1988,White,
434257,nd1R1094814,05270d493,11/1/06 0:00,nd1S05270,Left,Blue,Yes,nd1C00046,nd1T00002,nd1E00074,nd1N00006,"nd1I00016\,stdI00002",,Inside,659441,No,,No,No,No,Male,1988,White,
434259,,,11/1/06 0:00,nd1S05270,Left,Blue,Yes,,nd1T00002,nd1E00074,nd1N00006,"nd1I00015\,stdI00002",,Inside,659443,No,,No,No,No,Male,1988,White,
434260,nd1R1094815,05270d494,11/1/06 0:00,nd1S05270,Left,Blue,Yes,nd1C00046,nd1T00002,nd1E00074,nd1N00006,"nd1I00016\,stdI00002",,Inside,659444,No,,No,No,No,Male,1988,White,
434261,,,11/1/06 0:00,nd1S05270,Left,Blue,Yes,,nd1T00002,nd1E00074,nd1N00006,"nd1I00017\,stdI00002",,Inside,659445,No,,No,No,No,Male,1988,White,
190697,nd5R69959,05270d17,4/8/08 0:00,nd1S05270,Right,Blue,No,nd1C00013,nd1T00015,nd1E00054,nd1N00020,nd1I00013,nd1I00013,Inside,235774,No,,No,No,No,Male,1988,White,
191822,nd5R71076,05270d26,4/8/08 0:00,nd1S05270,Right,Blue,No,nd1C00013,nd1T00014,nd1E00074,nd1N00006,"nd1I00016\,stdI00002",nd1I00012,Inside,236899,No,,No,No,No,Male,1988,White,
191823,nd5R71077,05270d27,4/8/08 0:00,nd1S05270,Right,Blue,No,nd1C00013,nd1T00014,nd1E00074,nd1N00006,"nd1I00017\,stdI00002",nd1I00012,Inside,236900,No,,No,No,No,Male,1988,White,
202204,nd4R42346,05270d50,9/11/08 0:00,nd1S05270,Right,Gray,No,nd1C00023,nd1T00014,nd1E00074,nd1N00006,"nd1I00017\,stdI00002",nd1I00011,Inside,257848,No,,No,No,No,Male,1988,White,
202208,nd4R42350,05270d54,9/11/08 0:00,nd1S05270,Right,Gray,No,nd1C00023,nd1T00014,nd1E00074,nd1N00006,"nd1I00015\,stdI00002",nd1I00011,Inside,257852,No,,No,No,No,Male,1988,White,
312875,nd5R34224,05270d231,2/17/09 0:00,nd1S05270,Right,Gray,No,nd1C00033,nd1T00014,nd1E00074,nd1N00006,"nd1I00017\,stdI00002",nd1I00012,Inside,397282,No,,No,No,No,Male,1988,White,
333034,nd5R11229,05270d204,3/25/09 0:00,nd1S05270,Right,Green,No,nd1C00033,nd1T00014,nd1E00074,nd1N00006,"nd1I00017\,stdI00002",nd1I00012,Inside,432363,No,,No,No,No,Male,1988,White,
333036,nd5R11227,05270d202,3/25/09 0:00,nd1S05270,Right,Green,No,nd1C00033,nd1T00014,nd1E00074,nd1N00006,"nd1I00016\,stdI00002",nd1I00012,Inside,432365,No,,No,No,No,Male,1988,White,
333040,nd5R11223,05270d198,3/25/09 0:00,nd1S05270,Right,Green,No,nd1C00033,nd1T00014,nd1E00074,nd1N00006,"nd1I00017\,stdI00002",nd1I00012,Inside,432369,No,,No,No,No,Male,1988,White,
334669,nd5R09598,05270d195,3/25/09 0:00,nd1S05270,Right,Green,No,nd1C00033,nd1T00014,nd1E00054,nd1N00020,nd1I00013,nd1I00013,Inside,433998,No,,No,No,No,Male,1988,White,
345731,nd5R48415,05270d274,4/23/09 0:00,nd1S05270,Right,Gray,No,nd1C00033,nd1T00014,nd1E00074,nd1N00006,"nd1I00015\,stdI00002",nd1I00012,Inside,451849,No,,No,No,No,Male,1988,White,
376048,nd6R21561,05270d353,11/4/09 0:00,nd1S05270,Right,Hazel,No,nd1C00041,nd1T00016,nd1E00075,nd1N00021,nd1I00013,nd1I00013,Inside,529664,No,,No,No,No,Male,1988,White,
376051,nd6R21558,05270d350,11/4/09 0:00,nd1S05270,Right,Hazel,No,nd1C00041,nd1T00016,nd1E00075,nd1N00020,nd1I00013,nd1I00013,Inside,529667,No,,No,No,No,Male,1988,White,
410599,nd6R67196,05270d389,3/18/10 16:15,nd1S05270,Right,Gray,No,nd1C00042,nd1T00002,nd1E00077,nd1N00006,"nd1I00015\,stdI00002",,Inside,593173,No,,No,No,No,Male,1988,White,
416369,nd6R72673,05270d418,4/14/10 14:28,nd1S05270,Right,Gray,No,nd1C00042,nd1T00002,nd1E00077,nd1N00006,"nd1I00017\,stdI00002",,Inside,605871,No,,No,No,No,Male,1988,White,
416370,nd6R72674,05270d419,4/14/10 14:28,nd1S05270,Right,Gray,No,nd1C00042,nd1T00002,nd1E00077,nd1N00006,"nd1I00015\,stdI00002",,Inside,605872,No,,No,No,No,Male,1988,White,
434255,nd1R1094812,05270d491,11/1/06 0:00,nd1S05270,Right,Blue,No,nd1C00046,nd1T00002,nd1E00074,nd1N00006,"nd1I00017\,stdI00002",,Inside,659439,No,,No,No,No,Male,1988,White,
434256,nd1R1094813,05270d492,11/1/06 0:00,nd1S05270,Right,Blue,No,nd1C00046,nd1T00002,nd1E00074,nd1N00006,"nd1I00015\,stdI00002",,Inside,659440,No,,No,No,No,Male,1988,White,
434263,,,11/1/06 0:00,nd1S05270,Right,Blue,Yes,,nd1T00002,nd1E00074,nd1N00006,"nd1I00016\,stdI00002",,Inside,659447,No,,No,No,No,Male,1988,White,
434268,,,11/1/06 0:00,nd1S05270,Right,Blue,Yes,,nd1T00002,nd1E00074,nd1N00006,"nd1I00015\,stdI00002",,Inside,659452,No,,No,No,No,Male,1988,White,
184835,nd5R69174,05271d276,3/11/08 0:00,nd1S05271,Left,Brown,No,nd1C00013,nd1T00015,nd1E00054,nd1N00020,nd1I00013,nd1I00013,Inside,228393,No,,No,No,No,Female,1981,Asian-Southern,
185510,nd5R68499,05271d267,3/11/08 0:00,nd1S05271,Left,Brown,No,nd1C00013,nd1T00014,nd1E00074,nd1N00006,"nd1I00016\,stdI00002",nd1I00012,Inside,229068,No,,No,No,No,Female,1981,Asian-Southern,
185511,nd5R68498,05271d266,3/11/08 0:00,nd1S05271,Left,Brown,No,nd1C00013,nd1T00014,nd1E00074,nd1N00006,"nd1I00017\,stdI00002",nd1I00012,Inside,229069,No,,No,No,No,Female,1981,Asian-Southern,
185512,nd5R68497,05271d265,3/11/08 0:00,nd1S05271,Left,Brown,No,nd1C00013,nd1T00014,nd1E00074,nd1N00006,"nd1I00015\,stdI00002",nd1I00012,Inside,229070,No,,No,No,No,Female,1981,Asian-Southern,
199770,nd4R40177,05271d360,9/10/08 0:00,nd1S05271,Left,Brown,No,nd1C00023,nd1T00014,nd1E00074,nd1N00006,"nd1I00016\,stdI00002",nd1I00011,Inside,255414,Yes,Soft,No,No,No,Female,1981,Asian-Southern,"contacts-soft-given\,contacts-given"
199773,nd4R40180,05271d363,9/10/08 0:00,nd1S05271,Left,Brown,No,nd1C00023,nd1T00014,nd1E00074,nd1N00006,"nd1I00016\,stdI00002",nd1I00011,Inside,255417,Yes,Soft,No,No,No,Female,1981,Asian-Southern,"contacts-soft-given\,contacts-given"
199774,nd4R40181,05271d364,9/10/08 0:00,nd1S05271,Left,Brown,No,nd1C00023,nd1T00014,nd1E00074,nd1N00006,"nd1I00017\,stdI00002",nd1I00011,Inside,255418,Yes,Soft,No,No,No,Female,1981,Asian-Southern,"contacts-soft-given\,contacts-given"
199775,nd4R40182,05271d365,9/10/08 0:00,nd1S05271,Left,Brown,No,nd1C00023,nd1T00014,nd1E00074,nd1N00006,"nd1I00015\,stdI00002",nd1I00011,Inside,255419,Yes,Soft,No,No,No,Female,1981,Asian-Southern,"contacts-soft-given\,contacts-given"
207431,nd4R47327,05271d390,9/25/08 0:00,nd1S05271,Left,Brown,No,nd1C00023,nd1T00014,nd1E00074,nd1N00006,"nd1I00016\,stdI00002",nd1I00011,Inside,264067,Yes,Soft,No,No,No,Female,1981,Asian-Southern,"contacts-soft-given\,contacts-given"
309840,nd5R38317,05271d743,2/5/09 0:00,nd1S05271,Left,Brown,No,nd1C00033,nd1T00014,nd1E00074,nd1N00006,"nd1I00016\,stdI00002",nd1I00012,Inside,391564,Yes,Soft,No,No,No,Female,1981,Asian-Southern,"contacts-soft-given\,contacts-given"
309841,nd5R38318,05271d744,2/5/09 0:00,nd1S05271,Left,Brown,No,nd1C00033,nd1T00014,nd1E00074,nd1N00006,"nd1I00017\,stdI00002",nd1I00012,Inside,391565,Yes,Soft,No,No,No,Female,1981,Asian-Southern,"contacts-soft-given\,contacts-given"
318900,nd5R28217,05271d740,2/19/09 0:00,nd1S05271,Left,Brown,No,nd1C00033,nd1T00014,nd1E00074,nd1N00006,"nd1I00015\,stdI00002",nd1I00012,Inside,406403,Yes,Soft,No,No,No,Female,1981,Asian-Southern,"contacts-soft-given\,contacts-given"
318905,nd5R28212,05271d735,2/19/09 0:00,nd1S05271,Left,Brown,No,nd1C00033,nd1T00014,nd1E00074,nd1N00006,"nd1I00017\,stdI00002",nd1I00012,Inside,406408,Yes,Soft,No,No,No,Female,1981,Asian-Southern,"contacts-soft-given\,contacts-given"
318906,nd5R28211,05271d734,2/19/09 0:00,nd1S05271,Left,Brown,No,nd1C00033,nd1T00014,nd1E00074,nd1N00006,"nd1I00015\,stdI00002",nd1I00012,Inside,406409,Yes,Soft,No,No,No,Female,1981,Asian-Southern,"contacts-soft-given\,contacts-given"
325671,nd5R21481,05271d712,3/4/09 0:00,nd1S05271,Left,Brown,No,nd1C00033,nd1T00014,nd1E00074,nd1N00006,"nd1I00016\,stdI00002",nd1I00012,Inside,417225,Yes,Soft,No,No,No,Female,1981,Asian-Southern,"contacts-soft-given\,contacts-given"
345612,nd5R48297,05271d785,4/23/09 0:00,nd1S05271,Left,Brown,No,nd1C00033,nd1T00014,nd1E00074,nd1N00006,"nd1I00016\,stdI00002",nd1I00012,Inside,451730,Yes,Soft,No,No,No,Female,1981,Asian-Southern,"contacts-soft-given\,contacts-given"
345617,nd5R48302,05271d790,4/23/09 0:00,nd1S05271,Left,Brown,No,nd1C00033,nd1T00014,nd1E00074,nd1N00006,"nd1I00015\,stdI00002",nd1I00012,Inside,451735,Yes,Soft,No,No,No,Female,1981,Asian-Southern,"contacts-soft-given\,contacts-given"
360972,nd6R30050,05271d983,11/19/09 0:00,nd1S05271,Left,Brown,No,nd1C00041,nd1T00016,nd1E00075,nd1N00021,nd1I00013,nd1I00013,Inside,512754,No,,No,No,No,Female,1981,Asian-Southern,
364834,nd6R26215,05271d976,11/19/09 0:00,nd1S05271,Left,Brown,No,nd1C00041,nd1T00002,nd1E00075,nd1N00016,"nd1I00017\,stdI00002",nd1I00012,Inside,516616,No,,No,No,No,Female,1981,Asian-Southern,
364835,nd6R26214,05271d975,11/19/09 0:00,nd1S05271,Left,Brown,No,nd1C00041,nd1T00002,nd1E00075,nd1N00016,"nd1I00015\,stdI00002",nd1I00012,Inside,516617,No,,No,No,No,Female,1981,Asian-Southern,
364840,nd6R26209,05271d970,11/19/09 0:00,nd1S05271,Left,Brown,No,nd1C00041,nd1T00002,nd1E00075,nd1N00016,"nd1I00017\,stdI00002",nd1I00012,Inside,516622,No,,No,No,No,Female,1981,Asian-Southern,
370951,nd6R36284,05271d988,12/3/09 0:00,nd1S05271,Left,Brown,No,nd1C00041,nd1T00002,nd1E00075,nd1N00006,"nd1I00017\,stdI00002",nd1I00004,Inside,522733,No,,No,No,No,Female,1981,Asian-Southern,contacts-NoContacts
370958,nd6R36291,05271d995,12/3/09 0:00,nd1S05271,Left,Brown,No,nd1C00041,nd1T00002,nd1E00075,nd1N00006,"nd1I00015\,stdI00002",nd1I00004,Inside,522740,No,,No,No,No,Female,1981,Asian-Southern,contacts-NoContacts
372687,nd6R38011,05271d1007,12/3/09 0:00,nd1S05271,Left,Brown,No,nd1C00041,nd1T00016,nd1E00075,nd1N00020,nd1I00013,nd1I00013,Inside,524469,No,,No,No,No,Female,1981,Asian-Southern,contacts-NoContacts
375958,,,11/4/09 0:00,nd1S05271,Left,Brown,No,,nd1T00016,nd1E00075,nd1N00021,nd1I00013,nd1I00013,Inside,529574,Yes,Soft,No,No,No,Female,1981,Asian-Southern,"contacts-soft-given\,contacts-given"
376804,,,11/4/09 0:00,nd1S05271,Left,Brown,No,,nd1T00002,nd1E00075,nd1N00006,"nd1I00017\,stdI00002",nd1I00004,Inside,530420,Yes,Soft,No,No,No,Female,1981,Asian-Southern,"contacts-soft-given\,contacts-given"
388098,nd6R38206,05271d1015,11/19/09 0:00,nd1S05271,Left,Brown,No,nd1C00041,nd1T00016,nd1E00075,nd1N00020,nd1I00004,nd1I00004,Inside,546226,No,,No,No,No,Female,1981,Asian-Southern,
388100,nd6R38208,05271d1017,11/19/09 0:00,nd1S05271,Left,Brown,No,nd1C00041,nd1T00016,nd1E00075,nd1N00020,nd1I00004,nd1I00004,Inside,546228,No,,No,No,No,Female,1981,Asian-Southern,
434293,nd1R1094839,05271d1036,11/1/06 0:00,nd1S05271,Left,Brown,No,nd1C00046,nd1T00002,nd1E00074,nd1N00006,"nd1I00016\,stdI00002",,Inside,659477,No,,No,No,No,Female,1981,Asian-Southern,
434295,nd1R1094841,05271d1038,11/1/06 0:00,nd1S05271,Left,Brown,No,nd1C00046,nd1T00002,nd1E00074,nd1N00006,"nd1I00015\,stdI00002",,Inside,659479,No,,No,No,No,Female,1981,Asian-Southern,
434305,nd1R1094851,05271d1048,11/1/06 0:00,nd1S05271,Left,Brown,Yes,nd1C00046,nd1T00002,nd1E00074,nd1N00006,"nd1I00016\,stdI00002",,Inside,659489,No,,No,No,No,Female,1981,Asian-Southern,
434306,,,11/1/06 0:00,nd1S05271,Left,Brown,Yes,,nd1T00002,nd1E00074,nd1N00006,"nd1I00017\,stdI00002",,Inside,659490,No,,No,No,No,Female,1981,Asian-Southern,
434307,,,11/1/06 0:00,nd1S05271,Left,Brown,Yes,,nd1T00002,nd1E00074,nd1N00006,"nd1I00015\,stdI00002",,Inside,659491,No,,No,No,No,Female,1981,Asian-Southern,
434309,,,11/1/06 0:00,nd1S05271,Left,Brown,Yes,,nd1T00002,nd1E00074,nd1N00006,"nd1I00017\,stdI00002",,Inside,659493,No,,No,No,No,Female,1981,Asian-Southern,
441359,nd1R1101235,05271d1052,2/28/07 0:00,nd1S05271,Left,Black,No,nd1C00046,nd1T00002,nd1E00074,nd1N00006,"nd1I00017\,stdI00002",,Inside,666543,No,,No,No,No,Female,1981,Asian-Southern,
441360,nd1R1101236,05271d1053,2/28/07 0:00,nd1S05271,Left,Black,No,nd1C00046,nd1T00002,nd1E00074,nd1N00006,"nd1I00015\,stdI00002",,Inside,666544,No,,No,No,No,Female,1981,Asian-Southern,
441978,nd1R1101850,05271d1068,3/21/07 0:00,nd1S05271,Left,Black,No,nd1C00046,nd1T00002,nd1E00074,nd1N00006,"nd1I00015\,stdI00002",,Inside,667162,No,,No,No,No,Female,1981,Asian-Southern,
442531,nd1R1102397,05271d1075,4/11/07 0:00,nd1S05271,Left,Brown,No,nd1C00046,nd1T00002,nd1E00074,nd1N00006,"nd1I00016\,stdI00002",,Inside,667715,No,,No,No,No,Female,1981,Asian-Southern,
569795,nd1R880193,05271d53,7/25/07 13:00,nd1S05271,Left,Brown,No,nd1C00046,nd1T00002,nd1E00074,nd1N00006,"nd1I00016\,stdI00002",,Inside,934719,No,,No,No,No,Female,1981,Asian-Southern,
569796,nd1R880194,05271d54,7/25/07 13:00,nd1S05271,Left,Brown,No,nd1C00046,nd1T00002,nd1E00074,nd1N00006,"nd1I00017\,stdI00002",,Inside,934720,No,,No,No,No,Female,1981,Asian-Southern,
569803,nd1R880201,05271d61,7/25/07 13:00,nd1S05271,Left,Brown,No,nd1C00046,nd1T00002,nd1E00074,nd1N00006,"nd1I00015\,stdI00002",,Inside,934727,No,,No,No,No,Female,1981,Asian-Southern,
569806,nd1R880204,05271d64,7/25/07 13:00,nd1S05271,Left,Brown,No,nd1C00046,nd1T00002,nd1E00074,nd1N00006,"nd1I00015\,stdI00002",,Inside,934730,No,,No,No,No,Female,1981,Asian-Southern,
569807,nd1R880205,05271d65,7/25/07 13:00,nd1S05271,Left,Brown,No,nd1C00046,nd1T00002,nd1E00074,nd1N00006,"nd1I00016\,stdI00002",,Inside,934731,No,,No,No,No,Female,1981,Asian-Southern,
569816,nd1R880214,05271d74,7/25/07 13:00,nd1S05271,Left,Brown,No,nd1C00046,nd1T00002,nd1E00074,nd1N00006,"nd1I00016\,stdI00002",,Inside,934740,No,,No,No,No,Female,1981,Asian-Southern,
569922,nd1R880350,05271d86,9/17/07 13:00,nd1S05271,Left,Brown,No,nd1C00046,nd1T00002,nd1E00074,nd1N00006,nd1I00017,,Inside,934846,No,,No,No,No,Female,1981,Asian-Southern,
569927,nd1R880355,05271d91,9/17/07 13:00,nd1S05271,Left,Brown,No,nd1C00046,nd1T00002,nd1E00074,nd1N00006,"nd1I00016\,stdI00002",,Inside,934851,No,,No,No,No,Female,1981,Asian-Southern,
569929,nd1R880357,05271d93,9/17/07 13:00,nd1S05271,Left,Brown,No,nd1C00046,nd1T00002,nd1E00074,nd1N00006,"nd1I00015\,stdI00002",,Inside,934853,No,,No,No,No,Female,1981,Asian-Southern,
570160,nd1R880628,05271d95,10/1/07 13:00,nd1S05271,Left,Brown,No,nd1C00046,nd1T00002,nd1E00074,nd1N00006,nd1I00017,,Inside,935084,No,,No,No,No,Female,1981,Asian-Southern,
570163,nd1R880631,05271d98,10/1/07 13:00,nd1S05271,Left,Brown,No,nd1C00046,nd1T00002,nd1E00074,nd1N00006,nd1I00017,,Inside,935087,No,,No,No,No,Female,1981,Asian-Southern,
570169,nd1R880637,05271d104,10/1/07 13:00,nd1S05271,Left,Brown,No,nd1C00046,nd1T00002,nd1E00074,nd1N00006,"nd1I00017\,stdI00002",,Inside,935093,No,,No,No,No,Female,1981,Asian-Southern,
188077,nd5R65969,05271d246,3/26/08 0:00,nd1S05271,Right,Brown,No,nd1C00013,nd1T00014,nd1E00074,nd1N00006,"nd1I00016\,stdI00002",nd1I00012,Inside,231635,Yes,Soft,No,No,No,Female,1981,Asian-Southern,"contacts-soft-given\,contacts-given"
196089,nd5R75320,05271d326,5/1/08 0:00,nd1S05271,Right,Brown,No,nd1C00013,nd1T00015,nd1E00054,nd1N00020,nd1I00013,nd1I00013,Inside,243066,No,,No,No,No,Female,1981,Asian-Southern,
199786,nd4R40193,05271d376,9/10/08 0:00,nd1S05271,Right,Brown,No,nd1C00023,nd1T00014,nd1E00074,nd1N00006,"nd1I00017\,stdI00002",nd1I00011,Inside,255430,Yes,Soft,No,No,No,Female,1981,Asian-Southern,"contacts-soft-given\,contacts-given"
199787,,,9/10/08 0:00,nd1S05271,Right,Brown,No,,nd1T00014,nd1E00074,nd1N00006,"nd1I00015\,stdI00002",nd1I00011,Inside,255431,Yes,Soft,No,No,No,Female,1981,Asian-Southern,"contacts-soft-given\,contacts-given"
199793,nd4R40199,05271d382,9/10/08 0:00,nd1S05271,Right,Brown,No,nd1C00023,nd1T00014,nd1E00074,nd1N00006,"nd1I00015\,stdI00002",nd1I00011,Inside,255437,Yes,Soft,No,No,No,Female,1981,Asian-Southern,"contacts-soft-given\,contacts-given"
207449,,,9/25/08 0:00,nd1S05271,Right,Brown,No,,nd1T00014,nd1E00074,nd1N00006,"nd1I00016\,stdI00002",nd1I00011,Inside,264085,Yes,Soft,No,No,No,Female,1981,Asian-Southern,"contacts-soft-given\,contacts-given"
214562,nd4R54390,05271d445,10/30/08 0:00,nd1S05271,Right,Brown,No,nd1C00023,nd1T00014,nd1E00054,nd1N00020,nd1I00013,nd1I00013,Inside,275412,No,,No,No,No,Female,1981,Asian-Southern,
309854,nd5R38331,05271d757,2/5/09 0:00,nd1S05271,Right,Brown,No,nd1C00033,nd1T00014,nd1E00074,nd1N00006,"nd1I00015\,stdI00002",nd1I00012,Inside,391578,Yes,Soft,No,No,No,Female,1981,Asian-Southern,"contacts-soft-given\,contacts-given"
309874,nd5R38351,05271d777,2/5/09 0:00,nd1S05271,Right,Brown,No,nd1C00033,nd1T00014,nd1E00074,nd1N00006,"nd1I00017\,stdI00002",nd1I00012,Inside,391598,Yes,Soft,No,No,No,Female,1981,Asian-Southern,"contacts-soft-given\,contacts-given"
318915,nd5R28202,05271d725,2/19/09 0:00,nd1S05271,Right,Brown,No,nd1C00033,nd1T00014,nd1E00074,nd1N00006,"nd1I00015\,stdI00002",nd1I00012,Inside,406418,Yes,Soft,No,No,No,Female,1981,Asian-Southern,"contacts-soft-given\,contacts-given"
326516,nd5R20637,05271d687,3/4/09 0:00,nd1S05271,Right,Brown,No,nd1C00033,nd1T00014,nd1E00054,nd1N00020,nd1I00013,nd1I00013,Inside,418070,Yes,Soft,No,No,No,Female,1981,Asian-Southern,"contacts-soft-given\,contacts-given"
336056,nd5R08221,05271d662,3/26/09 0:00,nd1S05271,Right,Brown,No,nd1C00033,nd1T00014,nd1E00074,nd1N00006,"nd1I00015\,stdI00002",nd1I00012,Inside,437068,No,,No,No,No,Female,1981,Asian-Southern,
346672,nd5R49352,05271d824,4/23/09 0:00,nd1S05271,Right,Brown,No,nd1C00033,nd1T00014,nd1E00054,nd1N00020,nd1I00013,nd1I00013,Inside,452790,Yes,Soft,No,No,No,Female,1981,Asian-Southern,"contacts-soft-given\,contacts-given"
364847,nd6R26203,05271d964,11/19/09 0:00,nd1S05271,Right,Brown,No,nd1C00041,nd1T00002,nd1E00075,nd1N00016,"nd1I00015\,stdI00002",nd1I00012,Inside,516629,No,,No,No,No,Female,1981,Asian-Southern,
370970,nd6R36302,05271d1006,12/3/09 0:00,nd1S05271,Right,Brown,No,nd1C00041,nd1T00002,nd1E00075,nd1N00006,"nd1I00015\,stdI00002",nd1I00004,Inside,522752,No,,No,No,No,Female,1981,Asian-Southern,contacts-NoContacts
388101,nd6R38209,05271d1018,11/19/09 0:00,nd1S05271,Right,Hazel,No,nd1C00041,nd1T00016,nd1E00075,nd1N00020,nd1I00004,nd1I00004,Inside,546229,No,,No,No,No,Female,1981,Asian-Southern,
434301,nd1R1094847,05271d1044,11/1/06 0:00,nd1S05271,Right,Brown,No,nd1C00046,nd1T00002,nd1E00074,nd1N00006,"nd1I00015\,stdI00002",,Inside,659485,No,,No,No,No,Female,1981,Asian-Southern,
434312,,,11/1/06 0:00,nd1S05271,Right,Brown,Yes,,nd1T00002,nd1E00074,nd1N00006,"nd1I00017\,stdI00002",,Inside,659496,No,,No,No,No,Female,1981,Asian-Southern,
434314,,,11/1/06 0:00,nd1S05271,Right,Brown,Yes,,nd1T00002,nd1E00074,nd1N00006,"nd1I00016\,stdI00002",,Inside,659498,No,,No,No,No,Female,1981,Asian-Southern,
570344,nd1R880826,05271d106,7/25/07 13:00,nd1S05271,Right,Brown,No,nd1C00046,nd1T00002,nd1E00074,nd1N00006,"nd1I00016\,stdI00002",,Inside,935268,No,,No,No,No,Female,1981,Asian-Southern,
570345,nd1R880827,05271d107,7/25/07 13:00,nd1S05271,Right,Brown,No,nd1C00046,nd1T00002,nd1E00074,nd1N00006,"nd1I00017\,stdI00002",,Inside,935269,No,,No,No,No,Female,1981,Asian-Southern,
570470,nd1R880987,05271d140,9/17/07 13:00,nd1S05271,Right,Brown,No,nd1C00046,nd1T00002,nd1E00074,nd1N00006,nd1I00017,,Inside,935394,No,,No,No,No,Female,1981,Asian-Southern,
570476,nd1R880993,05271d146,9/17/07 13:00,nd1S05271,Right,Brown,No,nd1C00046,nd1T00002,nd1E00074,nd1N00006,"nd1I00017\,stdI00002",,Inside,935400,No,,No,No,No,Female,1981,Asian-Southern,
570717,nd1R881265,05271d151,10/1/07 13:00,nd1S05271,Right,Brown,No,nd1C00046,nd1T00002,nd1E00074,nd1N00006,nd1I00016,,Inside,935641,No,,No,No,No,Female,1981,Asian-Southern,
570725,nd1R881273,05271d159,10/1/07 13:00,nd1S05271,Right,Brown,No,nd1C00046,nd1T00002,nd1E00074,nd1N00006,"nd1I00015\,stdI00002",,Inside,935649,No,,No,No,No,Female,1981,Asian-Southern,
434317,nd1R1094854,05272d1,11/1/06 0:00,nd1S05272,Left,Blue,No,nd1C00046,nd1T00002,nd1E00074,nd1N00006,"nd1I00016\,stdI00002",,Inside,659501,No,,No,No,No,Male,1985,White,
434318,nd1R1094855,05272d2,11/1/06 0:00,nd1S05272,Left,Blue,No,nd1C00046,nd1T00002,nd1E00074,nd1N00006,"nd1I00017\,stdI00002",,Inside,659502,No,,No,No,No,Male,1985,White,
434319,nd1R1094856,05272d3,11/1/06 0:00,nd1S05272,Left,Blue,No,nd1C00046,nd1T00002,nd1E00074,nd1N00006,"nd1I00015\,stdI00002",,Inside,659503,No,,No,No,No,Male,1985,White,
434320,nd1R1094857,05272d4,11/1/06 0:00,nd1S05272,Left,Blue,No,nd1C00046,nd1T00002,nd1E00074,nd1N00006,"nd1I00016\,stdI00002",,Inside,659504,No,,No,No,No,Male,1985,White,
434329,,,11/1/06 0:00,nd1S05272,Left,Blue,Yes,,nd1T00002,nd1E00074,nd1N00006,"nd1I00016\,stdI00002",,Inside,659513,No,,No,No,No,Male,1985,White,
434331,,,11/1/06 0:00,nd1S05272,Left,Blue,Yes,,nd1T00002,nd1E00074,nd1N00006,"nd1I00015\,stdI00002",,Inside,659515,No,,No,No,No,Male,1985,White,
434333,,,11/1/06 0:00,nd1S05272,Left,Blue,Yes,,nd1T00002,nd1E00074,nd1N00006,"nd1I00017\,stdI00002",,Inside,659517,No,,No,No,No,Male,1985,White,
434334,,,11/1/06 0:00,nd1S05272,Left,Blue,Yes,,nd1T00002,nd1E00074,nd1N00006,"nd1I00015\,stdI00002",,Inside,659518,No,,No,No,No,Male,1985,White,
440953,,,2/28/07 0:00,nd1S05272,Left,Blue,No,,nd1T00002,nd1E00074,nd1N00006,"nd1I00016\,stdI00002",,Inside,666137,No,,No,No,No,Male,1985,White,
440954,nd1R1100836,05272d14,2/28/07 0:00,nd1S05272,Left,Blue,No,nd1C00046,nd1T00002,nd1E00074,nd1N00006,"nd1I00017\,stdI00002",,Inside,666138,No,,No,No,No,Male,1985,White,
440958,nd1R1100840,05272d18,2/28/07 0:00,nd1S05272,Left,Blue,No,nd1C00046,nd1T00002,nd1E00074,nd1N00006,"nd1I00015\,stdI00002",,Inside,666142,No,,No,No,No,Male,1985,White,
440959,nd1R1100841,05272d19,2/28/07 0:00,nd1S05272,Left,Blue,No,nd1C00046,nd1T00002,nd1E00074,nd1N00006,"nd1I00016\,stdI00002",,Inside,666143,No,,No,No,No,Male,1985,White,
440962,nd1R1100844,05272d22,2/28/07 0:00,nd1S05272,Left,Blue,No,nd1C00046,nd1T00002,nd1E00074,nd1N00006,"nd1I00016\,stdI00002",,Inside,666146,No,,No,No,No,Male,1985,White,
442879,nd1R1102744,05272d46,4/11/07 0:00,nd1S05272,Left,Blue,No,nd1C00046,nd1T00002,nd1E00074,nd1N00006,"nd1I00016\,stdI00002",,Inside,668063,No,,No,No,No,Male,1985,White,
444564,nd1R1104414,05272d60,4/27/07 0:00,nd1S05272,Left,Blue,No,nd1C00046,nd1T00002,nd1E00074,nd1N00006,"nd1I00015\,stdI00002",,Inside,669748,No,,No,No,No,Male,1985,White,
434323,nd1R1094860,05272d7,11/1/06 0:00,nd1S05272,Right,Blue,No,nd1C00046,nd1T00002,nd1E00074,nd1N00006,"nd1I00016\,stdI00002",,Inside,659507,No,,No,No,No,Male,1985,White,
434328,nd1R1094865,05272d12,11/1/06 0:00,nd1S05272,Right,Blue,No,nd1C00046,nd1T00002,nd1E00074,nd1N00006,"nd1I00015\,stdI00002",,Inside,659512,No,,No,No,No,Male,1985,White,
434335,nd1R1094866,05272d13,11/1/06 0:00,nd1S05272,Right,Blue,Yes,nd1C00046,nd1T00002,nd1E00074,nd1N00006,"nd1I00016\,stdI00002",,Inside,659519,No,,No,No,No,Male,1985,White,
434336,,,11/1/06 0:00,nd1S05272,Right,Blue,Yes,,nd1T00002,nd1E00074,nd1N00006,"nd1I00017\,stdI00002",,Inside,659520,No,,No,No,No,Male,1985,White,
434337,,,11/1/06 0:00,nd1S05272,Right,Blue,Yes,,nd1T00002,nd1E00074,nd1N00006,"nd1I00015\,stdI00002",,Inside,659521,No,,No,No,No,Male,1985,White,
434338,,,11/1/06 0:00,nd1S05272,Right,Blue,Yes,,nd1T00002,nd1E00074,nd1N00006,"nd1I00016\,stdI00002",,Inside,659522,No,,No,No,No,Male,1985,White,
434339,,,11/1/06 0:00,nd1S05272,Right,Blue,Yes,,nd1T00002,nd1E00074,nd1N00006,"nd1I00017\,stdI00002",,Inside,659523,No,,No,No,No,Male,1985,White,
434340,,,11/1/06 0:00,nd1S05272,Right,Blue,Yes,,nd1T00002,nd1E00074,nd1N00006,"nd1I00015\,stdI00002",,Inside,659524,No,,No,No,No,Male,1985,White,
440965,nd1R1100847,05272d25,2/28/07 0:00,nd1S05272,Right,Blue,No,nd1C00046,nd1T00002,nd1E00074,nd1N00006,"nd1I00016\,stdI00002",,Inside,666149,No,,No,No,No,Male,1985,White,
440968,nd1R1100850,05272d28,2/28/07 0:00,nd1S05272,Right,Blue,No,nd1C00046,nd1T00002,nd1E00074,nd1N00006,"nd1I00016\,stdI00002",,Inside,666152,No,,No,No,No,Male,1985,White,
442101,nd1R1101972,05272d39,3/22/07 0:00,nd1S05272,Right,Blue,No,nd1C00046,nd1T00002,nd1E00074,nd1N00006,"nd1I00015\,stdI00002",,Inside,667285,No,,No,No,No,Male,1985,White,
442883,nd1R1102748,05272d50,4/11/07 0:00,nd1S05272,Right,Blue,No,nd1C00046,nd1T00002,nd1E00074,nd1N00006,"nd1I00017\,stdI00002",,Inside,668067,No,,No,No,No,Male,1985,White,
442884,nd1R1102749,05272d51,4/11/07 0:00,nd1S05272,Right,Blue,No,nd1C00046,nd1T00002,nd1E00074,nd1N00006,"nd1I00015\,stdI00002",,Inside,668068,No,,No,No,No,Male,1985,White,
444566,nd1R1104416,05272d62,4/27/07 0:00,nd1S05272,Right,Blue,No,nd1C00046,nd1T00002,nd1E00074,nd1N00006,"nd1I00017\,stdI00002",,Inside,669750,No,,No,No,No,Male,1985,White,
444570,nd1R1104420,05272d66,4/27/07 0:00,nd1S05272,Right,Blue,No,nd1C00046,nd1T00002,nd1E00074,nd1N00006,"nd1I00015\,stdI00002",,Inside,669754,No,,No,No,No,Male,1985,White,
434391,nd1R1094910,05273d3,11/1/06 0:00,nd1S05273,Left,Blue,No,nd1C00046,nd1T00002,nd1E00074,nd1N00006,"nd1I00015\,stdI00002",,Inside,659575,No,,No,No,No,Female,1987,Unknown,
434392,nd1R1094911,05273d4,11/1/06 0:00,nd1S05273,Left,Blue,No,nd1C00046,nd1T00002,nd1E00074,nd1N00006,"nd1I00016\,stdI00002",,Inside,659576,No,,No,No,No,Female,1987,Unknown,
434402,,,11/1/06 0:00,nd1S05273,Left,Blue,Yes,,nd1T00002,nd1E00074,nd1N00006,"nd1I00017\,stdI00002",,Inside,659586,No,,No,No,No,Female,1987,Unknown,
434403,,,11/1/06 0:00,nd1S05273,Left,Blue,Yes,,nd1T00002,nd1E00074,nd1N00006,"nd1I00015\,stdI00002",,Inside,659587,No,,No,No,No,Female,1987,Unknown,
434404,,,11/1/06 0:00,nd1S05273,Left,Blue,Yes,,nd1T00002,nd1E00074,nd1N00006,"nd1I00016\,stdI00002",,Inside,659588,No,,No,No,No,Female,1987,Unknown,
434397,nd1R1094916,05273d9,11/1/06 0:00,nd1S05273,Right,Blue,No,nd1C00046,nd1T00002,nd1E00074,nd1N00006,"nd1I00015\,stdI00002",,Inside,659581,No,,No,No,No,Female,1987,Unknown,
434400,nd1R1094919,05273d12,11/1/06 0:00,nd1S05273,Right,Blue,No,nd1C00046,nd1T00002,nd1E00074,nd1N00006,"nd1I00015\,stdI00002",,Inside,659584,No,,No,No,No,Female,1987,Unknown,
434407,,,11/1/06 0:00,nd1S05273,Right,Blue,Yes,,nd1T00002,nd1E00074,nd1N00006,"nd1I00016\,stdI00002",,Inside,659591,No,,No,No,No,Female,1987,Unknown,
434409,,,11/1/06 0:00,nd1S05273,Right,Blue,Yes,,nd1T00002,nd1E00074,nd1N00006,"nd1I00015\,stdI00002",,Inside,659593,No,,No,No,No,Female,1987,Unknown,
434410,,,11/1/06 0:00,nd1S05273,Right,Blue,Yes,,nd1T00002,nd1E00074,nd1N00006,"nd1I00016\,stdI00002",,Inside,659594,No,,No,No,No,Female,1987,Unknown,
434411,,,11/1/06 0:00,nd1S05273,Right,Blue,Yes,,nd1T00002,nd1E00074,nd1N00006,"nd1I00017\,stdI00002",,Inside,659595,No,,No,No,No,Female,1987,Unknown,
434412,,,11/1/06 0:00,nd1S05273,Right,Blue,Yes,,nd1T00002,nd1E00074,nd1N00006,"nd1I00015\,stdI00002",,Inside,659596,No,,No,No,No,Female,1987,Unknown,
434515,nd1R1095008,05275d7,11/1/06 0:00,nd1S05275,Right,Brown,No,nd1C00046,nd1T00002,nd1E00074,nd1N00006,"nd1I00016\,stdI00002",,Inside,659699,No,,No,No,No,Male,1987,Unknown,
434516,nd1R1095009,05275d8,11/1/06 0:00,nd1S05275,Right,Brown,No,nd1C00046,nd1T00002,nd1E00074,nd1N00006,"nd1I00017\,stdI00002",,Inside,659700,No,,No,No,No,Male,1987,Unknown,
434517,nd1R1095010,05275d9,11/1/06 0:00,nd1S05275,Right,Brown,No,nd1C00046,nd1T00002,nd1E00074,nd1N00006,"nd1I00015\,stdI00002",,Inside,659701,No,,No,No,No,Male,1987,Unknown,
434527,nd1R1095020,05275d19,11/1/06 0:00,nd1S05275,Right,Brown,Yes,nd1C00046,nd1T00002,nd1E00074,nd1N00006,"nd1I00016\,stdI00002",,Inside,659711,No,,No,No,No,Male,1987,Unknown,
434528,,,11/1/06 0:00,nd1S05275,Right,Brown,Yes,,nd1T00002,nd1E00074,nd1N00006,"nd1I00017\,stdI00002",,Inside,659712,No,,No,No,No,Male,1987,Unknown,
434529,nd1R1095021,05275d20,11/1/06 0:00,nd1S05275,Right,Brown,Yes,nd1C00046,nd1T00002,nd1E00074,nd1N00006,"nd1I00015\,stdI00002",,Inside,659713,No,,No,No,No,Male,1987,Unknown,
435118,nd1R1095337,05278d30,11/2/06 0:00,nd1S05278,Right,Green,No,nd1C00046,nd1T00002,nd1E00074,nd1N00006,"nd1I00016\,stdI00002",,Inside,660302,No,,No,No,No,Female,1986,Unknown,
435119,nd1R1095338,05278d31,11/2/06 0:00,nd1S05278,Right,Green,No,nd1C00046,nd1T00002,nd1E00074,nd1N00006,"nd1I00017\,stdI00002",,Inside,660303,No,,No,No,No,Female,1986,Unknown,
435120,nd1R1095339,05278d32,11/2/06 0:00,nd1S05278,Right,Green,No,nd1C00046,nd1T00002,nd1E00074,nd1N00006,"nd1I00015\,stdI00002",,Inside,660304,No,,No,No,No,Female,1986,Unknown,
435121,nd1R1095340,05278d33,11/2/06 0:00,nd1S05278,Right,Green,No,nd1C00046,nd1T00002,nd1E00074,nd1N00006,"nd1I00016\,stdI00002",,Inside,660305,No,,No,No,No,Female,1986,Unknown,
435122,nd1R1095341,05278d34,11/2/06 0:00,nd1S05278,Right,Green,No,nd1C00046,nd1T00002,nd1E00074,nd1N00006,"nd1I00017\,stdI00002",,Inside,660306,No,,No,No,No,Female,1986,Unknown,
435123,nd1R1095342,05278d35,11/2/06 0:00,nd1S05278,Right,Green,No,nd1C00046,nd1T00002,nd1E00074,nd1N00006,"nd1I00015\,stdI00002",,Inside,660307,No,,No,No,No,Female,1986,Unknown,
435142,,,11/2/06 0:00,nd1S05278,Right,Green,Yes,,nd1T00002,nd1E00074,nd1N00006,"nd1I00016\,stdI00002",,Inside,660326,No,,No,No,No,Female,1986,Unknown,
435143,,,11/2/06 0:00,nd1S05278,Right,Green,Yes,,nd1T00002,nd1E00074,nd1N00006,"nd1I00017\,stdI00002",,Inside,660327,No,,No,No,No,Female,1986,Unknown,
435144,nd1R1095356,05278d42,11/2/06 0:00,nd1S05278,Right,Green,Yes,nd1C00046,nd1T00002,nd1E00074,nd1N00006,"nd1I00015\,stdI00002",,Inside,660328,No,,No,No,No,Female,1986,Unknown,
435151,nd1R1095363,05278d49,11/2/06 0:00,nd1S05278,Right,Green,No,nd1C00046,nd1T00002,nd1E00074,nd1N00006,"nd1I00016\,stdI00002",,Inside,660335,No,,No,No,No,Female,1986,Unknown,
435152,nd1R1095364,05278d50,11/2/06 0:00,nd1S05278,Right,Green,No,nd1C00046,nd1T00002,nd1E00074,nd1N00006,"nd1I00017\,stdI00002",,Inside,660336,No,,No,No,No,Female,1986,Unknown,
435153,nd1R1095365,05278d51,11/2/06 0:00,nd1S05278,Right,Green,No,nd1C00046,nd1T00002,nd1E00074,nd1N00006,"nd1I00015\,stdI00002",,Inside,660337,No,,No,No,No,Female,1986,Unknown,
435154,nd1R1095366,05278d52,11/2/06 0:00,nd1S05278,Right,Green,No,nd1C00046,nd1T00002,nd1E00074,nd1N00006,"nd1I00016\,stdI00002",,Inside,660338,No,,No,No,No,Female,1986,Unknown,
435155,nd1R1095367,05278d53,11/2/06 0:00,nd1S05278,Right,Green,No,nd1C00046,nd1T00002,nd1E00074,nd1N00006,"nd1I00017\,stdI00002",,Inside,660339,No,,No,No,No,Female,1986,Unknown,
435156,nd1R1095368,05278d54,11/2/06 0:00,nd1S05278,Right,Green,No,nd1C00046,nd1T00002,nd1E00074,nd1N00006,"nd1I00015\,stdI00002",,Inside,660340,No,,No,No,No,Female,1986,Unknown,
435163,,,11/2/06 0:00,nd1S05278,Right,Green,Yes,,nd1T00002,nd1E00074,nd1N00006,"nd1I00016\,stdI00002",,Inside,660347,No,,No,No,No,Female,1986,Unknown,
435164,,,11/2/06 0:00,nd1S05278,Right,Green,Yes,,nd1T00002,nd1E00074,nd1N00006,"nd1I00017\,stdI00002",,Inside,660348,No,,No,No,No,Female,1986,Unknown,
435165,nd1R1095375,05278d61,11/2/06 0:00,nd1S05278,Right,Green,Yes,nd1C00046,nd1T00002,nd1E00074,nd1N00006,"nd1I00015\,stdI00002",,Inside,660349,No,,No,No,No,Female,1986,Unknown,
435166,,,11/2/06 0:00,nd1S05278,Right,Green,Yes,,nd1T00002,nd1E00074,nd1N00006,"nd1I00016\,stdI00002",,Inside,660350,No,,No,No,No,Female,1986,Unknown,
435167,,,11/2/06 0:00,nd1S05278,Right,Green,Yes,,nd1T00002,nd1E00074,nd1N00006,"nd1I00017\,stdI00002",,Inside,660351,No,,No,No,No,Female,1986,Unknown,
435168,nd1R1095376,05278d62,11/2/06 0:00,nd1S05278,Right,Green,Yes,nd1C00046,nd1T00002,nd1E00074,nd1N00006,"nd1I00015\,stdI00002",,Inside,660352,No,,No,No,No,Female,1986,Unknown,
435169,nd1R1095377,05279d25,11/2/06 0:00,nd1S05279,Left,Blue,No,nd1C00046,nd1T00002,nd1E00074,nd1N00006,"nd1I00016\,stdI00002",,Inside,660353,No,,No,No,No,Male,1985,Unknown,
435170,nd1R1095378,05279d26,11/2/06 0:00,nd1S05279,Left,Blue,No,nd1C00046,nd1T00002,nd1E00074,nd1N00006,"nd1I00017\,stdI00002",,Inside,660354,No,,No,No,No,Male,1985,Unknown,
435171,nd1R1095379,05279d27,11/2/06 0:00,nd1S05279,Left,Blue,No,nd1C00046,nd1T00002,nd1E00074,nd1N00006,"nd1I00015\,stdI00002",,Inside,660355,No,,No,No,No,Male,1985,Unknown,
435172,nd1R1095380,05279d28,11/2/06 0:00,nd1S05279,Left,Blue,No,nd1C00046,nd1T00002,nd1E00074,nd1N00006,"nd1I00016\,stdI00002",,Inside,660356,No,,No,No,No,Male,1985,Unknown,
435173,nd1R1095381,05279d29,11/2/06 0:00,nd1S05279,Left,Blue,No,nd1C00046,nd1T00002,nd1E00074,nd1N00006,"nd1I00017\,stdI00002",,Inside,660357,No,,No,No,No,Male,1985,Unknown,
435174,nd1R1095382,05279d30,11/2/06 0:00,nd1S05279,Left,Blue,No,nd1C00046,nd1T00002,nd1E00074,nd1N00006,"nd1I00015\,stdI00002",,Inside,660358,No,,No,No,No,Male,1985,Unknown,
435181,,,11/2/06 0:00,nd1S05279,Left,Blue,Yes,,nd1T00002,nd1E00074,nd1N00006,"nd1I00016\,stdI00002",,Inside,660365,No,,No,No,No,Male,1985,Unknown,
435182,,,11/2/06 0:00,nd1S05279,Left,Blue,Yes,,nd1T00002,nd1E00074,nd1N00006,"nd1I00017\,stdI00002",,Inside,660366,No,,No,No,No,Male,1985,Unknown,
435183,nd1R1095389,05279d37,11/2/06 0:00,nd1S05279,Left,Blue,Yes,nd1C00046,nd1T00002,nd1E00074,nd1N00006,"nd1I00015\,stdI00002",,Inside,660367,No,,No,No,No,Male,1985,Unknown,
435184,,,11/2/06 0:00,nd1S05279,Left,Blue,Yes,,nd1T00002,nd1E00074,nd1N00006,"nd1I00016\,stdI00002",,Inside,660368,No,,No,No,No,Male,1985,Unknown,
435185,,,11/2/06 0:00,nd1S05279,Left,Blue,Yes,,nd1T00002,nd1E00074,nd1N00006,"nd1I00017\,stdI00002",,Inside,660369,No,,No,No,No,Male,1985,Unknown,
435186,,,11/2/06 0:00,nd1S05279,Left,Blue,Yes,,nd1T00002,nd1E00074,nd1N00006,"nd1I00015\,stdI00002",,Inside,660370,No,,No,No,No,Male,1985,Unknown,
435175,nd1R1095383,05279d31,11/2/06 0:00,nd1S05279,Right,Blue,No,nd1C00046,nd1T00002,nd1E00074,nd1N00006,"nd1I00016\,stdI00002",,Inside,660359,No,,No,No,No,Male,1985,Unknown,
435176,nd1R1095384,05279d32,11/2/06 0:00,nd1S05279,Right,Blue,No,nd1C00046,nd1T00002,nd1E00074,nd1N00006,"nd1I00017\,stdI00002",,Inside,660360,No,,No,No,No,Male,1985,Unknown,
435188,,,11/2/06 0:00,nd1S05279,Right,Blue,Yes,,nd1T00002,nd1E00074,nd1N00006,"nd1I00017\,stdI00002",,Inside,660372,No,,No,No,No,Male,1985,Unknown,
435189,,,11/2/06 0:00,nd1S05279,Right,Blue,Yes,,nd1T00002,nd1E00074,nd1N00006,"nd1I00015\,stdI00002",,Inside,660373,No,,No,No,No,Male,1985,Unknown,
435190,nd1R1095390,05279d38,11/2/06 0:00,nd1S05279,Right,Blue,Yes,nd1C00046,nd1T00002,nd1E00074,nd1N00006,"nd1I00016\,stdI00002",,Inside,660374,No,,No,No,No,Male,1985,Unknown,
435191,nd1R1095391,05279d39,11/2/06 0:00,nd1S05279,Right,Blue,Yes,nd1C00046,nd1T00002,nd1E00074,nd1N00006,"nd1I00017\,stdI00002",,Inside,660375,No,,No,No,No,Male,1985,Unknown,
435192,,,11/2/06 0:00,nd1S05279,Right,Blue,Yes,,nd1T00002,nd1E00074,nd1N00006,"nd1I00015\,stdI00002",,Inside,660376,No,,No,No,No,Male,1985,Unknown,
435193,nd1R1095392,05280d25,11/2/06 0:00,nd1S05280,Left,Brown,No,nd1C00046,nd1T00002,nd1E00074,nd1N00006,"nd1I00016\,stdI00002",,Inside,660377,No,,No,No,No,Female,1987,Unknown,
435194,nd1R1095393,05280d26,11/2/06 0:00,nd1S05280,Left,Brown,No,nd1C00046,nd1T00002,nd1E00074,nd1N00006,"nd1I00017\,stdI00002",,Inside,660378,No,,No,No,No,Female,1987,Unknown,
435205,,,11/2/06 0:00,nd1S05280,Left,Brown,Yes,,nd1T00002,nd1E00074,nd1N00006,"nd1I00016\,stdI00002",,Inside,660389,No,,No,No,No,Female,1987,Unknown,
435206,,,11/2/06 0:00,nd1S05280,Left,Brown,Yes,,nd1T00002,nd1E00074,nd1N00006,"nd1I00017\,stdI00002",,Inside,660390,No,,No,No,No,Female,1987,Unknown,
435207,,,11/2/06 0:00,nd1S05280,Left,Brown,Yes,,nd1T00002,nd1E00074,nd1N00006,"nd1I00015\,stdI00002",,Inside,660391,No,,No,No,No,Female,1987,Unknown,
435208,,,11/2/06 0:00,nd1S05280,Left,Brown,Yes,,nd1T00002,nd1E00074,nd1N00006,"nd1I00016\,stdI00002",,Inside,660392,No,,No,No,No,Female,1987,Unknown,
435209,,,11/2/06 0:00,nd1S05280,Left,Brown,Yes,,nd1T00002,nd1E00074,nd1N00006,"nd1I00017\,stdI00002",,Inside,660393,No,,No,No,No,Female,1987,Unknown,
435210,,,11/2/06 0:00,nd1S05280,Left,Brown,Yes,,nd1T00002,nd1E00074,nd1N00006,"nd1I00015\,stdI00002",,Inside,660394,No,,No,No,No,Female,1987,Unknown,
435199,nd1R1095398,05280d31,11/2/06 0:00,nd1S05280,Right,Brown,No,nd1C00046,nd1T00002,nd1E00074,nd1N00006,"nd1I00016\,stdI00002",,Inside,660383,No,,No,No,No,Female,1987,Unknown,
435200,nd1R1095399,05280d32,11/2/06 0:00,nd1S05280,Right,Brown,No,nd1C00046,nd1T00002,nd1E00074,nd1N00006,"nd1I00017\,stdI00002",,Inside,660384,No,,No,No,No,Female,1987,Unknown,
435203,nd1R1095402,05280d35,11/2/06 0:00,nd1S05280,Right,Brown,No,nd1C00046,nd1T00002,nd1E00074,nd1N00006,"nd1I00017\,stdI00002",,Inside,660387,No,,No,No,No,Female,1987,Unknown,
435204,nd1R1095403,05280d36,11/2/06 0:00,nd1S05280,Right,Brown,No,nd1C00046,nd1T00002,nd1E00074,nd1N00006,"nd1I00015\,stdI00002",,Inside,660388,No,,No,No,No,Female,1987,Unknown,
435211,,,11/2/06 0:00,nd1S05280,Right,Brown,Yes,,nd1T00002,nd1E00074,nd1N00006,"nd1I00016\,stdI00002",,Inside,660395,No,,No,No,No,Female,1987,Unknown,
435212,,,11/2/06 0:00,nd1S05280,Right,Brown,Yes,,nd1T00002,nd1E00074,nd1N00006,"nd1I00017\,stdI00002",,Inside,660396,No,,No,No,No,Female,1987,Unknown,
435213,,,11/2/06 0:00,nd1S05280,Right,Brown,Yes,,nd1T00002,nd1E00074,nd1N00006,"nd1I00015\,stdI00002",,Inside,660397,No,,No,No,No,Female,1987,Unknown,
435214,,,11/2/06 0:00,nd1S05280,Right,Brown,Yes,,nd1T00002,nd1E00074,nd1N00006,"nd1I00016\,stdI00002",,Inside,660398,No,,No,No,No,Female,1987,Unknown,
435215,,,11/2/06 0:00,nd1S05280,Right,Brown,Yes,,nd1T00002,nd1E00074,nd1N00006,"nd1I00017\,stdI00002",,Inside,660399,No,,No,No,No,Female,1987,Unknown,
312880,nd5R34219,05281d75,2/17/09 0:00,nd1S05281,Left,Hazel,No,nd1C00033,nd1T00014,nd1E00074,nd1N00006,"nd1I00016\,stdI00002",nd1I00012,Inside,397287,No,,No,No,No,Female,1988,Unknown,
312882,nd5R34218,05281d74,2/17/09 0:00,nd1S05281,Left,Hazel,No,nd1C00033,nd1T00014,nd1E00074,nd1N00006,"nd1I00015\,stdI00002",nd1I00012,Inside,397289,No,,No,No,No,Female,1988,Unknown,
312883,nd5R34217,05281d73,2/17/09 0:00,nd1S05281,Left,Hazel,No,nd1C00033,nd1T00014,nd1E00074,nd1N00006,"nd1I00016\,stdI00002",nd1I00012,Inside,397290,No,,No,No,No,Female,1988,Unknown,
312884,nd5R34216,05281d72,2/17/09 0:00,nd1S05281,Left,Hazel,No,nd1C00033,nd1T00014,nd1E00074,nd1N00006,"nd1I00017\,stdI00002",nd1I00012,Inside,397291,No,,No,No,No,Female,1988,Unknown,
312885,nd5R34215,05281d71,2/17/09 0:00,nd1S05281,Left,Hazel,No,nd1C00033,nd1T00014,nd1E00074,nd1N00006,"nd1I00015\,stdI00002",nd1I00012,Inside,397292,No,,No,No,No,Female,1988,Unknown,
312886,nd5R34214,05281d70,2/17/09 0:00,nd1S05281,Left,Hazel,No,nd1C00033,nd1T00014,nd1E00074,nd1N00006,"nd1I00016\,stdI00002",nd1I00012,Inside,397293,No,,No,No,No,Female,1988,Unknown,
312887,nd5R34213,05281d69,2/17/09 0:00,nd1S05281,Left,Hazel,No,nd1C00033,nd1T00014,nd1E00074,nd1N00006,"nd1I00017\,stdI00002",nd1I00012,Inside,397294,No,,No,No,No,Female,1988,Unknown,
312888,nd5R34212,05281d68,2/17/09 0:00,nd1S05281,Left,Hazel,No,nd1C00033,nd1T00014,nd1E00074,nd1N00006,"nd1I00015\,stdI00002",nd1I00012,Inside,397295,No,,No,No,No,Female,1988,Unknown,
312889,nd5R34211,05281d67,2/17/09 0:00,nd1S05281,Left,Hazel,No,nd1C00033,nd1T00014,nd1E00074,nd1N00006,"nd1I00016\,stdI00002",nd1I00012,Inside,397296,No,,No,No,No,Female,1988,Unknown,
312890,nd5R34210,05281d66,2/17/09 0:00,nd1S05281,Left,Hazel,No,nd1C00033,nd1T00014,nd1E00074,nd1N00006,"nd1I00017\,stdI00002",nd1I00012,Inside,397297,No,,No,No,No,Female,1988,Unknown,
312891,nd5R34209,05281d65,2/17/09 0:00,nd1S05281,Left,Hazel,No,nd1C00033,nd1T00014,nd1E00074,nd1N00006,"nd1I00015\,stdI00002",nd1I00012,Inside,397298,No,,No,No,No,Female,1988,Unknown,
312892,nd5R34208,05281d64,2/17/09 0:00,nd1S05281,Left,Hazel,No,nd1C00033,nd1T00014,nd1E00074,nd1N00006,"nd1I00016\,stdI00002",nd1I00012,Inside,397299,No,,No,No,No,Female,1988,Unknown,
312893,nd5R34207,05281d63,2/17/09 0:00,nd1S05281,Left,Hazel,No,nd1C00033,nd1T00014,nd1E00074,nd1N00006,"nd1I00017\,stdI00002",nd1I00012,Inside,397300,No,,No,No,No,Female,1988,Unknown,
312894,nd5R34206,05281d62,2/17/09 0:00,nd1S05281,Left,Hazel,No,nd1C00033,nd1T00014,nd1E00074,nd1N00006,"nd1I00015\,stdI00002",nd1I00012,Inside,397301,No,,No,No,No,Female,1988,Unknown,
312897,nd5R34203,05281d59,2/17/09 0:00,nd1S05281,Left,Hazel,No,nd1C00033,nd1T00014,nd1E00074,nd1N00006,"nd1I00015\,stdI00002",nd1I00012,Inside,397304,No,,No,No,No,Female,1988,Unknown,
312898,nd5R34202,05281d58,2/17/09 0:00,nd1S05281,Left,Hazel,No,nd1C00033,nd1T00014,nd1E00074,nd1N00006,"nd1I00016\,stdI00002",nd1I00012,Inside,397305,No,,No,No,No,Female,1988,Unknown,
312899,nd5R34201,05281d57,2/17/09 0:00,nd1S05281,Left,Hazel,No,nd1C00033,nd1T00014,nd1E00074,nd1N00006,"nd1I00017\,stdI00002",nd1I00012,Inside,397306,No,,No,No,No,Female,1988,Unknown,
312901,nd5R34199,05281d55,2/17/09 0:00,nd1S05281,Left,Hazel,No,nd1C00033,nd1T00014,nd1E00074,nd1N00006,"nd1I00016\,stdI00002",nd1I00012,Inside,397308,No,,No,No,No,Female,1988,Unknown,
312902,nd5R34198,05281d54,2/17/09 0:00,nd1S05281,Left,Hazel,No,nd1C00033,nd1T00014,nd1E00074,nd1N00006,"nd1I00017\,stdI00002",nd1I00012,Inside,397309,No,,No,No,No,Female,1988,Unknown,
312903,nd5R34197,05281d53,2/17/09 0:00,nd1S05281,Left,Hazel,No,nd1C00033,nd1T00014,nd1E00074,nd1N00006,"nd1I00015\,stdI00002",nd1I00012,Inside,397310,No,,No,No,No,Female,1988,Unknown,
314693,nd5R32416,05281d40,2/17/09 0:00,nd1S05281,Left,Hazel,No,nd1C00033,nd1T00014,nd1E00054,nd1N00020,nd1I00013,nd1I00013,Inside,399100,No,,No,No,No,Female,1988,Unknown,
314697,nd5R32412,05281d36,2/17/09 0:00,nd1S05281,Left,Hazel,No,nd1C00033,nd1T00014,nd1E00054,nd1N00020,nd1I00013,nd1I00013,Inside,399104,No,,No,No,No,Female,1988,Unknown,
435217,nd1R1095405,05281d87,11/2/06 0:00,nd1S05281,Left,Hazel,No,nd1C00046,nd1T00002,nd1E00074,nd1N00006,"nd1I00016\,stdI00002",,Inside,660401,No,,No,No,No,Female,1988,Unknown,
435218,,,11/2/06 0:00,nd1S05281,Left,Hazel,No,,nd1T00002,nd1E00074,nd1N00006,"nd1I00017\,stdI00002",,Inside,660402,No,,No,No,No,Female,1988,Unknown,
435219,nd1R1095406,05281d88,11/2/06 0:00,nd1S05281,Left,Hazel,No,nd1C00046,nd1T00002,nd1E00074,nd1N00006,"nd1I00015\,stdI00002",,Inside,660403,No,,No,No,No,Female,1988,Unknown,
435221,nd1R1095408,05281d90,11/2/06 0:00,nd1S05281,Left,Hazel,No,nd1C00046,nd1T00002,nd1E00074,nd1N00006,"nd1I00017\,stdI00002",,Inside,660405,No,,No,No,No,Female,1988,Unknown,
435222,nd1R1095409,05281d91,11/2/06 0:00,nd1S05281,Left,Hazel,No,nd1C00046,nd1T00002,nd1E00074,nd1N00006,"nd1I00015\,stdI00002",,Inside,660406,No,,No,No,No,Female,1988,Unknown,
435229,,,11/2/06 0:00,nd1S05281,Left,Hazel,Yes,,nd1T00002,nd1E00074,nd1N00006,"nd1I00016\,stdI00002",,Inside,660413,No,,No,No,No,Female,1988,Unknown,
435230,,,11/2/06 0:00,nd1S05281,Left,Hazel,Yes,,nd1T00002,nd1E00074,nd1N00006,"nd1I00017\,stdI00002",,Inside,660414,No,,No,No,No,Female,1988,Unknown,
435231,,,11/2/06 0:00,nd1S05281,Left,Hazel,Yes,,nd1T00002,nd1E00074,nd1N00006,"nd1I00015\,stdI00002",,Inside,660415,No,,No,No,No,Female,1988,Unknown,
435232,,,11/2/06 0:00,nd1S05281,Left,Hazel,Yes,,nd1T00002,nd1E00074,nd1N00006,"nd1I00016\,stdI00002",,Inside,660416,No,,No,No,No,Female,1988,Unknown,
435233,,,11/2/06 0:00,nd1S05281,Left,Hazel,Yes,,nd1T00002,nd1E00074,nd1N00006,"nd1I00017\,stdI00002",,Inside,660417,No,,No,No,No,Female,1988,Unknown,
435234,,,11/2/06 0:00,nd1S05281,Left,Hazel,Yes,,nd1T00002,nd1E00074,nd1N00006,"nd1I00015\,stdI00002",,Inside,660418,No,,No,No,No,Female,1988,Unknown,
312904,nd5R34196,05281d52,2/17/09 0:00,nd1S05281,Right,Hazel,No,nd1C00033,nd1T00014,nd1E00074,nd1N00006,"nd1I00016\,stdI00002",nd1I00012,Inside,397311,No,,No,No,No,Female,1988,Unknown,
314696,nd5R32413,05281d37,2/17/09 0:00,nd1S05281,Right,Hazel,No,nd1C00033,nd1T00014,nd1E00054,nd1N00020,nd1I00013,nd1I00013,Inside,399103,No,,No,No,No,Female,1988,Unknown,
435225,nd1R1095412,05281d94,11/2/06 0:00,nd1S05281,Right,Hazel,No,nd1C00046,nd1T00002,nd1E00074,nd1N00006,"nd1I00015\,stdI00002",,Inside,660409,No,,No,No,No,Female,1988,Unknown,
435235,,,11/2/06 0:00,nd1S05281,Right,Hazel,Yes,,nd1T00002,nd1E00074,nd1N00006,"nd1I00016\,stdI00002",,Inside,660419,No,,No,No,No,Female,1988,Unknown,
435236,,,11/2/06 0:00,nd1S05281,Right,Hazel,Yes,,nd1T00002,nd1E00074,nd1N00006,"nd1I00017\,stdI00002",,Inside,660420,No,,No,No,No,Female,1988,Unknown,
435237,,,11/2/06 0:00,nd1S05281,Right,Hazel,Yes,,nd1T00002,nd1E00074,nd1N00006,"nd1I00015\,stdI00002",,Inside,660421,No,,No,No,No,Female,1988,Unknown,
435238,nd1R1095416,05281d98,11/2/06 0:00,nd1S05281,Right,Hazel,Yes,nd1C00046,nd1T00002,nd1E00074,nd1N00006,"nd1I00016\,stdI00002",,Inside,660422,No,,No,No,No,Female,1988,Unknown,
435239,,,11/2/06 0:00,nd1S05281,Right,Hazel,Yes,,nd1T00002,nd1E00074,nd1N00006,"nd1I00017\,stdI00002",,Inside,660423,No,,No,No,No,Female,1988,Unknown,
435240,nd1R1095417,05281d99,11/2/06 0:00,nd1S05281,Right,Hazel,Yes,nd1C00046,nd1T00002,nd1E00074,nd1N00006,"nd1I00015\,stdI00002",,Inside,660424,No,,No,No,No,Female,1988,Unknown,
435487,nd1R1095632,05283d28,11/3/06 0:00,nd1S05283,Left,Brown,No,nd1C00046,nd1T00002,nd1E00074,nd1N00006,"nd1I00016\,stdI00002",,Inside,660671,No,,No,No,No,Male,1983,Unknown,
435488,nd1R1095633,05283d29,11/3/06 0:00,nd1S05283,Left,Brown,No,nd1C00046,nd1T00002,nd1E00074,nd1N00006,"nd1I00017\,stdI00002",,Inside,660672,No,,No,No,No,Male,1983,Unknown,
435489,nd1R1095634,05283d30,11/3/06 0:00,nd1S05283,Left,Brown,No,nd1C00046,nd1T00002,nd1E00074,nd1N00006,"nd1I00015\,stdI00002",,Inside,660673,No,,No,No,No,Male,1983,Unknown,
435490,nd1R1095635,05283d31,11/3/06 0:00,nd1S05283,Left,Brown,No,nd1C00046,nd1T00002,nd1E00074,nd1N00006,"nd1I00016\,stdI00002",,Inside,660674,No,,No,No,No,Male,1983,Unknown,
435499,,,11/3/06 0:00,nd1S05283,Left,Brown,Yes,,nd1T00002,nd1E00074,nd1N00006,"nd1I00016\,stdI00002",,Inside,660683,No,,No,No,No,Male,1983,Unknown,
435501,nd1R1095644,05283d40,11/3/06 0:00,nd1S05283,Left,Brown,Yes,nd1C00046,nd1T00002,nd1E00074,nd1N00006,"nd1I00015\,stdI00002",,Inside,660685,No,,No,No,No,Male,1983,Unknown,
435504,nd1R1095646,05283d42,11/3/06 0:00,nd1S05283,Left,Brown,Yes,nd1C00046,nd1T00002,nd1E00074,nd1N00006,"nd1I00015\,stdI00002",,Inside,660688,No,,No,No,No,Male,1983,Unknown,
187555,nd5R66481,05284d186,3/25/08 0:00,nd1S05284,Left,Brown,No,nd1C00013,nd1T00014,nd1E00074,nd1N00006,"nd1I00016\,stdI00002",nd1I00012,Inside,231113,No,,No,No,No,Male,1977,Asian,
204130,nd4R44168,05284d319,9/23/08 0:00,nd1S05284,Left,Brown,No,nd1C00023,nd1T00014,nd1E00074,nd1N00006,"nd1I00015\,stdI00002",nd1I00011,Inside,260766,No,,No,No,No,Male,1977,Asian,
204140,nd4R44178,05284d329,9/23/08 0:00,nd1S05284,Left,Brown,No,nd1C00023,nd1T00014,nd1E00074,nd1N00006,"nd1I00016\,stdI00002",nd1I00011,Inside,260776,No,,No,No,No,Male,1977,Asian,
204145,,,9/23/08 0:00,nd1S05284,Left,Brown,No,,nd1T00014,nd1E00074,nd1N00006,"nd1I00015\,stdI00002",nd1I00011,Inside,260781,No,,No,No,No,Male,1977,Asian,
215378,nd4R55202,05284d396,10/28/08 0:00,nd1S05284,Left,Brown,No,nd1C00023,nd1T00014,nd1E00074,nd1N00006,"nd1I00017\,stdI00002",nd1I00012,Inside,276228,No,,No,No,No,Male,1977,Asian,
215379,nd4R55203,05284d397,10/28/08 0:00,nd1S05284,Left,Brown,No,nd1C00023,nd1T00014,nd1E00074,nd1N00006,"nd1I00015\,stdI00002",nd1I00012,Inside,276229,No,,No,No,No,Male,1977,Asian,
220511,nd4R60287,05284d426,11/11/08 0:00,nd1S05284,Left,Brown,No,nd1C00023,nd1T00014,nd1E00074,nd1N00006,"nd1I00017\,stdI00002",nd1I00012,Inside,281361,No,,No,No,No,Male,1977,Asian,
228998,nd4R95945,05284d583,12/2/08 0:00,nd1S05284,Left,Brown,No,nd1C00028,nd1T00014,nd1E00054,nd1N00020,nd1I00004,nd1I00004,Inside,302457,No,,No,No,No,Male,1977,Asian,
230506,nd4R97443,05284d596,12/2/08 0:00,nd1S05284,Left,Brown,No,nd1C00028,nd1T00014,nd1E00074,nd1N00006,"nd1I00015\,stdI00002",nd1I00004,Inside,303965,No,,No,No,No,Male,1977,Asian,
233178,nd5R01297,05284d647,1/20/09 0:00,nd1S05284,Left,Brown,No,nd1C00033,nd1T00014,nd1E00054,nd1N00020,nd1I00013,nd1I00013,Inside,307638,No,,No,No,No,Male,1977,Asian,
332994,nd5R11269,05284d678,3/25/09 0:00,nd1S05284,Left,Brown,No,nd1C00033,nd1T00014,nd1E00074,nd1N00006,"nd1I00016\,stdI00002",nd1I00012,Inside,432323,No,,No,No,No,Male,1977,Asian,
334666,nd5R09601,05284d650,3/25/09 0:00,nd1S05284,Left,Brown,No,nd1C00033,nd1T00014,nd1E00054,nd1N00020,nd1I00013,nd1I00013,Inside,433995,No,,No,No,No,Male,1977,Asian,
340270,nd5R42988,05284d795,4/21/09 0:00,nd1S05284,Left,Brown,No,nd1C00033,nd1T00014,nd1E00054,nd1N00020,nd1I00013,nd1I00013,Inside,443435,No,,No,No,No,Male,1977,Asian,
435573,nd1R1095705,05284d880,11/3/06 0:00,nd1S05284,Left,Brown,No,nd1C00046,nd1T00002,nd1E00074,nd1N00006,"nd1I00015\,stdI00002",,Inside,660757,No,,No,No,No,Male,1977,Asian,
435580,,,11/3/06 0:00,nd1S05284,Left,Brown,Yes,,nd1T00002,nd1E00074,nd1N00006,"nd1I00016\,stdI00002",,Inside,660764,No,,No,No,No,Male,1977,Asian,
435582,,,11/3/06 0:00,nd1S05284,Left,Brown,Yes,,nd1T00002,nd1E00074,nd1N00006,"nd1I00015\,stdI00002",,Inside,660766,No,,No,No,No,Male,1977,Asian,
435583,,,11/3/06 0:00,nd1S05284,Left,Brown,Yes,,nd1T00002,nd1E00074,nd1N00006,"nd1I00016\,stdI00002",,Inside,660767,No,,No,No,No,Male,1977,Asian,
435584,,,11/3/06 0:00,nd1S05284,Left,Brown,Yes,,nd1T00002,nd1E00074,nd1N00006,"nd1I00017\,stdI00002",,Inside,660768,No,,No,No,No,Male,1977,Asian,
440472,nd1R1100371,05284d892,2/7/07 0:00,nd1S05284,Left,Brown,No,nd1C00046,nd1T00002,nd1E00074,nd1N00006,"nd1I00015\,stdI00002",,Inside,665656,No,,No,No,No,Male,1977,Asian,
441834,nd1R1101707,05284d915,3/21/07 0:00,nd1S05284,Left,Brown,No,nd1C00046,nd1T00002,nd1E00074,nd1N00006,"nd1I00015\,stdI00002",,Inside,667018,No,,No,No,No,Male,1977,Asian,
442662,nd1R1102528,05284d924,4/11/07 0:00,nd1S05284,Left,Brown,No,nd1C00046,nd1T00002,nd1E00074,nd1N00006,"nd1I00015\,stdI00002",,Inside,667846,No,,No,No,No,Male,1977,Asian,
444012,nd1R1103867,05284d939,4/25/07 0:00,nd1S05284,Left,Brown,No,nd1C00046,nd1T00002,nd1E00074,nd1N00006,"nd1I00015\,stdI00002",,Inside,669196,No,,No,No,No,Male,1977,Asian,
184902,nd5R69107,05284d209,3/11/08 0:00,nd1S05284,Right,Brown,No,nd1C00013,nd1T00015,nd1E00054,nd1N00020,nd1I00013,nd1I00013,Inside,228460,No,,No,No,No,Male,1977,Asian,
204146,nd4R95314,05284d578,9/23/08 0:00,nd1S05284,Right,Brown,No,nd1C00028,nd1T00014,nd1E00074,nd1N00006,"nd1I00016\,stdI00002",nd1I00004,Inside,260782,No,,No,No,No,Male,1977,Asian,
204151,nd4R44186,05284d337,9/23/08 0:00,nd1S05284,Right,Brown,No,nd1C00023,nd1T00014,nd1E00074,nd1N00006,"nd1I00015\,stdI00002",nd1I00011,Inside,260787,No,,No,No,No,Male,1977,Asian,
230507,nd4R97444,05284d597,12/2/08 0:00,nd1S05284,Right,Brown,No,nd1C00028,nd1T00014,nd1E00074,nd1N00006,"nd1I00016\,stdI00002",nd1I00004,Inside,303966,No,,No,No,No,Male,1977,Asian,
232096,nd5R00231,05284d639,1/20/09 0:00,nd1S05284,Right,Brown,No,nd1C00033,nd1T00014,nd1E00074,nd1N00006,"nd1I00015\,stdI00002",nd1I00012,Inside,306556,No,,No,No,No,Male,1977,Asian,
323151,nd5R23985,05284d707,3/3/09 0:00,nd1S05284,Right,Brown,No,nd1C00033,nd1T00014,nd1E00054,nd1N00020,nd1I00013,nd1I00013,Inside,412739,No,,No,No,No,Male,1977,Asian,
340269,nd5R42987,05284d794,4/21/09 0:00,nd1S05284,Right,Brown,No,nd1C00033,nd1T00014,nd1E00054,nd1N00020,nd1I00013,nd1I00013,Inside,443434,No,,No,No,No,Male,1977,Asian,
435586,,,11/3/06 0:00,nd1S05284,Right,Brown,Yes,,nd1T00002,nd1E00074,nd1N00006,"nd1I00016\,stdI00002",,Inside,660770,No,,No,No,No,Male,1977,Asian,
435587,,,11/3/06 0:00,nd1S05284,Right,Brown,Yes,,nd1T00002,nd1E00074,nd1N00006,"nd1I00017\,stdI00002",,Inside,660771,No,,No,No,No,Male,1977,Asian,
435588,,,11/3/06 0:00,nd1S05284,Right,Brown,Yes,,nd1T00002,nd1E00074,nd1N00006,"nd1I00015\,stdI00002",,Inside,660772,No,,No,No,No,Male,1977,Asian,
435589,,,11/3/06 0:00,nd1S05284,Right,Brown,Yes,,nd1T00002,nd1E00074,nd1N00006,"nd1I00016\,stdI00002",,Inside,660773,No,,No,No,No,Male,1977,Asian,
435590,,,11/3/06 0:00,nd1S05284,Right,Brown,Yes,,nd1T00002,nd1E00074,nd1N00006,"nd1I00017\,stdI00002",,Inside,660774,No,,No,No,No,Male,1977,Asian,
440473,,,2/7/07 0:00,nd1S05284,Right,Brown,No,,nd1T00002,nd1E00074,nd1N00006,"nd1I00016\,stdI00002",,Inside,665657,No,,No,No,No,Male,1977,Asian,
440474,nd1R1100372,05284d893,2/7/07 0:00,nd1S05284,Right,Brown,No,nd1C00046,nd1T00002,nd1E00074,nd1N00006,"nd1I00017\,stdI00002",,Inside,665658,No,,No,No,No,Male,1977,Asian,
444018,nd1R1103873,05284d945,4/25/07 0:00,nd1S05284,Right,Brown,No,nd1C00046,nd1T00002,nd1E00074,nd1N00006,"nd1I00015\,stdI00002",,Inside,669202,No,,No,No,No,Male,1977,Asian,
435616,nd1R1095735,05285d25,11/3/06 0:00,nd1S05285,Left,Green,No,nd1C00046,nd1T00002,nd1E00074,nd1N00006,"nd1I00016\,stdI00002",,Inside,660800,No,,No,No,No,Male,1988,White,
435617,nd1R1095736,05285d26,11/3/06 0:00,nd1S05285,Left,Green,No,nd1C00046,nd1T00002,nd1E00074,nd1N00006,"nd1I00017\,stdI00002",,Inside,660801,No,,No,No,No,Male,1988,White,
435618,nd1R1095737,05285d27,11/3/06 0:00,nd1S05285,Left,Green,No,nd1C00046,nd1T00002,nd1E00074,nd1N00006,"nd1I00015\,stdI00002",,Inside,660802,No,,No,No,No,Male,1988,White,
435619,nd1R1095738,05285d28,11/3/06 0:00,nd1S05285,Left,Green,No,nd1C00046,nd1T00002,nd1E00074,nd1N00006,"nd1I00016\,stdI00002",,Inside,660803,No,,No,No,No,Male,1988,White,
435628,nd1R1095747,05285d37,11/3/06 0:00,nd1S05285,Left,Green,Yes,nd1C00046,nd1T00002,nd1E00074,nd1N00006,"nd1I00016\,stdI00002",,Inside,660812,No,,No,No,No,Male,1988,White,
435630,,,11/3/06 0:00,nd1S05285,Left,Green,Yes,,nd1T00002,nd1E00074,nd1N00006,"nd1I00015\,stdI00002",,Inside,660814,No,,No,No,No,Male,1988,White,
435631,nd1R1095748,05285d38,11/3/06 0:00,nd1S05285,Left,Green,Yes,nd1C00046,nd1T00002,nd1E00074,nd1N00006,"nd1I00016\,stdI00002",,Inside,660815,No,,No,No,No,Male,1988,White,
435632,,,11/3/06 0:00,nd1S05285,Left,Green,Yes,,nd1T00002,nd1E00074,nd1N00006,"nd1I00017\,stdI00002",,Inside,660816,No,,No,No,No,Male,1988,White,
435633,,,11/3/06 0:00,nd1S05285,Left,Green,Yes,,nd1T00002,nd1E00074,nd1N00006,"nd1I00015\,stdI00002",,Inside,660817,No,,No,No,No,Male,1988,White,
435626,nd1R1095745,05285d35,11/3/06 0:00,nd1S05285,Right,Green,No,nd1C00046,nd1T00002,nd1E00074,nd1N00006,"nd1I00017\,stdI00002",,Inside,660810,No,,No,No,No,Male,1988,White,
435627,nd1R1095746,05285d36,11/3/06 0:00,nd1S05285,Right,Green,No,nd1C00046,nd1T00002,nd1E00074,nd1N00006,"nd1I00015\,stdI00002",,Inside,660811,No,,No,No,No,Male,1988,White,
435637,,,11/3/06 0:00,nd1S05285,Right,Green,Yes,,nd1T00002,nd1E00074,nd1N00006,"nd1I00016\,stdI00002",,Inside,660821,No,,No,No,No,Male,1988,White,
435639,,,11/3/06 0:00,nd1S05285,Right,Green,Yes,,nd1T00002,nd1E00074,nd1N00006,"nd1I00015\,stdI00002",,Inside,660823,No,,No,No,No,Male,1988,White,
435666,nd1R1095776,05286d30,11/3/06 0:00,nd1S05286,Left,Hazel,No,nd1C00046,nd1T00002,nd1E00074,nd1N00006,"nd1I00015\,stdI00002",,Inside,660850,No,,No,No,No,Male,1979,White,
435667,nd1R1095777,05286d31,11/3/06 0:00,nd1S05286,Left,Hazel,No,nd1C00046,nd1T00002,nd1E00074,nd1N00006,"nd1I00016\,stdI00002",,Inside,660851,No,,No,No,No,Male,1979,White,
435668,nd1R1095778,05286d32,11/3/06 0:00,nd1S05286,Left,Hazel,No,nd1C00046,nd1T00002,nd1E00074,nd1N00006,"nd1I00017\,stdI00002",,Inside,660852,No,,No,No,No,Male,1979,White,
435669,nd1R1095779,05286d33,11/3/06 0:00,nd1S05286,Left,Hazel,No,nd1C00046,nd1T00002,nd1E00074,nd1N00006,"nd1I00015\,stdI00002",,Inside,660853,No,,No,No,No,Male,1979,White,
435680,,,11/3/06 0:00,nd1S05286,Left,Hazel,Yes,,nd1T00002,nd1E00074,nd1N00006,"nd1I00017\,stdI00002",,Inside,660864,No,,No,No,No,Male,1979,White,
435681,nd1R1095789,05286d43,11/3/06 0:00,nd1S05286,Left,Hazel,Yes,nd1C00046,nd1T00002,nd1E00074,nd1N00006,"nd1I00015\,stdI00002",,Inside,660865,No,,No,No,No,Male,1979,White,
435682,,,11/3/06 0:00,nd1S05286,Left,Hazel,Yes,,nd1T00002,nd1E00074,nd1N00006,"nd1I00016\,stdI00002",,Inside,660866,No,,No,No,No,Male,1979,White,
435670,nd1R1095780,05286d34,11/3/06 0:00,nd1S05286,Right,Hazel,No,nd1C00046,nd1T00002,nd1E00074,nd1N00006,"nd1I00016\,stdI00002",,Inside,660854,No,,No,No,No,Male,1979,White,
435672,nd1R1095782,05286d36,11/3/06 0:00,nd1S05286,Right,Hazel,No,nd1C00046,nd1T00002,nd1E00074,nd1N00006,"nd1I00015\,stdI00002",,Inside,660856,No,,No,No,No,Male,1979,White,
435673,nd1R1095783,05286d37,11/3/06 0:00,nd1S05286,Right,Hazel,No,nd1C00046,nd1T00002,nd1E00074,nd1N00006,"nd1I00016\,stdI00002",,Inside,660857,No,,No,No,No,Male,1979,White,
435675,nd1R1095785,05286d39,11/3/06 0:00,nd1S05286,Right,Hazel,No,nd1C00046,nd1T00002,nd1E00074,nd1N00006,"nd1I00015\,stdI00002",,Inside,660859,No,,No,No,No,Male,1979,White,
435677,nd1R1095786,05286d40,11/3/06 0:00,nd1S05286,Right,Hazel,Yes,nd1C00046,nd1T00002,nd1E00074,nd1N00006,"nd1I00017\,stdI00002",,Inside,660861,No,,No,No,No,Male,1979,White,
435685,,,11/3/06 0:00,nd1S05286,Right,Hazel,Yes,,nd1T00002,nd1E00074,nd1N00006,"nd1I00016\,stdI00002",,Inside,660869,No,,No,No,No,Male,1979,White,
435686,nd1R1095790,05286d44,11/3/06 0:00,nd1S05286,Right,Hazel,Yes,nd1C00046,nd1T00002,nd1E00074,nd1N00006,"nd1I00017\,stdI00002",,Inside,660870,No,,No,No,No,Male,1979,White,
435687,nd1R1095791,05286d45,11/3/06 0:00,nd1S05286,Right,Hazel,Yes,nd1C00046,nd1T00002,nd1E00074,nd1N00006,"nd1I00015\,stdI00002",,Inside,660871,No,,No,No,No,Male,1979,White,
435688,,,11/3/06 0:00,nd1S05286,Right,Hazel,Yes,,nd1T00002,nd1E00074,nd1N00006,"nd1I00016\,stdI00002",,Inside,660872,No,,No,No,No,Male,1979,White,
435690,,,11/3/06 0:00,nd1S05286,Right,Hazel,Yes,,nd1T00002,nd1E00074,nd1N00006,"nd1I00015\,stdI00002",,Inside,660874,No,,No,No,No,Male,1979,White,
435808,nd1R1095897,05287d31,11/3/06 0:00,nd1S05287,Right,Blue,No,nd1C00046,nd1T00002,nd1E00074,nd1N00006,"nd1I00016\,stdI00002",,Inside,660992,No,,No,No,No,Male,1980,White,
435809,nd1R1095898,05287d32,11/3/06 0:00,nd1S05287,Right,Blue,No,nd1C00046,nd1T00002,nd1E00074,nd1N00006,"nd1I00017\,stdI00002",,Inside,660993,No,,No,No,No,Male,1980,White,
435810,nd1R1095899,05287d33,11/3/06 0:00,nd1S05287,Right,Blue,No,nd1C00046,nd1T00002,nd1E00074,nd1N00006,"nd1I00015\,stdI00002",,Inside,660994,No,,No,No,No,Male,1980,White,
435811,nd1R1095900,05287d34,11/3/06 0:00,nd1S05287,Right,Blue,No,nd1C00046,nd1T00002,nd1E00074,nd1N00006,"nd1I00016\,stdI00002",,Inside,660995,No,,No,No,No,Male,1980,White,
435812,nd1R1095901,05287d35,11/3/06 0:00,nd1S05287,Right,Blue,No,nd1C00046,nd1T00002,nd1E00074,nd1N00006,"nd1I00017\,stdI00002",,Inside,660996,No,,No,No,No,Male,1980,White,
435813,nd1R1095902,05287d36,11/3/06 0:00,nd1S05287,Right,Blue,No,nd1C00046,nd1T00002,nd1E00074,nd1N00006,"nd1I00015\,stdI00002",,Inside,660997,No,,No,No,No,Male,1980,White,
435820,nd1R1095909,05287d43,11/3/06 0:00,nd1S05287,Right,Blue,Yes,nd1C00046,nd1T00002,nd1E00074,nd1N00006,"nd1I00016\,stdI00002",,Inside,661004,No,,No,No,No,Male,1980,White,
435821,,,11/3/06 0:00,nd1S05287,Right,Blue,Yes,,nd1T00002,nd1E00074,nd1N00006,"nd1I00017\,stdI00002",,Inside,661005,No,,No,No,No,Male,1980,White,
435822,,,11/3/06 0:00,nd1S05287,Right,Blue,Yes,,nd1T00002,nd1E00074,nd1N00006,"nd1I00015\,stdI00002",,Inside,661006,No,,No,No,No,Male,1980,White,
435823,nd1R1095910,05287d44,11/3/06 0:00,nd1S05287,Right,Blue,Yes,nd1C00046,nd1T00002,nd1E00074,nd1N00006,"nd1I00016\,stdI00002",,Inside,661007,No,,No,No,No,Male,1980,White,
435824,,,11/3/06 0:00,nd1S05287,Right,Blue,Yes,,nd1T00002,nd1E00074,nd1N00006,"nd1I00017\,stdI00002",,Inside,661008,No,,No,No,No,Male,1980,White,
435825,,,11/3/06 0:00,nd1S05287,Right,Blue,Yes,,nd1T00002,nd1E00074,nd1N00006,"nd1I00015\,stdI00002",,Inside,661009,No,,No,No,No,Male,1980,White,
186300,nd5R67719,05288d198,3/13/08 0:00,nd1S05288,Left,Blue,No,nd1C00013,nd1T00014,nd1E00074,nd1N00006,"nd1I00017\,stdI00002",nd1I00012,Inside,229858,No,,No,No,No,Male,1984,White,
187086,nd5R66935,05288d185,3/27/08 0:00,nd1S05288,Left,,No,nd1C00013,nd1T00015,nd1E00054,nd1N00020,nd1I00013,nd1I00013,Inside,230644,No,,No,No,No,Male,1984,White,
188291,nd5R65755,05288d177,3/27/08 0:00,nd1S05288,Left,,No,nd1C00013,nd1T00014,nd1E00074,nd1N00006,"nd1I00017\,stdI00002",nd1I00012,Inside,231849,No,,No,No,No,Male,1984,White,
190150,nd5R69414,05288d208,4/3/08 0:00,nd1S05288,Left,,No,nd1C00013,nd1T00014,nd1E00074,nd1N00006,"nd1I00015\,stdI00002",nd1I00012,Inside,234440,No,,No,No,No,Male,1984,White,
195186,nd5R74418,05288d243,4/24/08 0:00,nd1S05288,Left,Hazel,No,nd1C00013,nd1T00014,nd1E00074,nd1N00006,"nd1I00017\,stdI00002",nd1I00012,Inside,242163,No,,No,No,No,Male,1984,White,
196166,nd5R75397,05288d254,5/1/08 0:00,nd1S05288,Left,Hazel,No,nd1C00013,nd1T00015,nd1E00054,nd1N00020,nd1I00013,nd1I00013,Inside,243143,No,,No,No,No,Male,1984,White,
198300,nd4R39127,05288d289,9/11/08 0:00,nd1S05288,Left,Hazel,No,nd1C00023,nd1T00015,nd1E00054,nd1N00020,nd1I00013,nd1I00013,Inside,253944,No,,No,No,No,Male,1984,White,
203697,nd4R43751,05288d327,9/23/08 0:00,nd1S05288,Left,Hazel,No,nd1C00023,nd1T00014,nd1E00074,nd1N00006,"nd1I00017\,stdI00002",nd1I00011,Inside,260333,No,,No,No,No,Male,1984,White,
389527,nd6R46408,05288d404,2/11/10 12:45,nd1S05288,Left,Gray,No,nd1C00042,nd1T00016,nd1E00075,nd1N00020,nd1I00004,nd1I00004,Inside,554737,No,,No,No,No,Male,1984,White,
394518,nd6R51335,05288d416,2/11/10 12:45,nd1S05288,Left,Gray,No,nd1C00042,nd1T00002,nd1E00075,nd1N00006,"nd1I00016\,stdI00002",nd1I00013,Inside,559728,No,,No,No,No,Male,1984,White,
440389,,,2/7/07 0:00,nd1S05288,Left,Blue,No,,nd1T00002,nd1E00074,nd1N00006,"nd1I00016\,stdI00002",,Inside,665573,No,,No,No,No,Male,1984,White,
440390,,,2/7/07 0:00,nd1S05288,Left,Blue,No,,nd1T00002,nd1E00074,nd1N00006,"nd1I00017\,stdI00002",,Inside,665574,No,,No,No,No,Male,1984,White,
440391,,,2/7/07 0:00,nd1S05288,Left,Blue,No,,nd1T00002,nd1E00074,nd1N00006,"nd1I00015\,stdI00002",,Inside,665575,No,,No,No,No,Male,1984,White,
440392,,,2/7/07 0:00,nd1S05288,Left,Blue,No,,nd1T00002,nd1E00074,nd1N00006,"nd1I00016\,stdI00002",,Inside,665576,No,,No,No,No,Male,1984,White,
440393,,,2/7/07 0:00,nd1S05288,Left,Blue,No,,nd1T00002,nd1E00074,nd1N00006,"nd1I00017\,stdI00002",,Inside,665577,No,,No,No,No,Male,1984,White,
440394,,,2/7/07 0:00,nd1S05288,Left,Blue,No,,nd1T00002,nd1E00074,nd1N00006,"nd1I00015\,stdI00002",,Inside,665578,No,,No,No,No,Male,1984,White,
441107,nd1R1100986,05288d466,2/28/07 0:00,nd1S05288,Left,Hazel,No,nd1C00046,nd1T00002,nd1E00074,nd1N00006,"nd1I00017\,stdI00002",,Inside,666291,No,,No,No,No,Male,1984,White,
441109,nd1R1100988,05288d468,2/28/07 0:00,nd1S05288,Left,Hazel,No,nd1C00046,nd1T00002,nd1E00074,nd1N00006,"nd1I00016\,stdI00002",,Inside,666293,No,,No,No,No,Male,1984,White,
443445,nd1R1103305,05288d491,4/13/07 0:00,nd1S05288,Left,Gray,No,nd1C00046,nd1T00002,nd1E00074,nd1N00006,"nd1I00015\,stdI00002",,Inside,668629,No,,No,No,No,Male,1984,White,
444463,nd1R1104314,05288d501,4/27/07 0:00,nd1S05288,Left,Hazel,No,nd1C00046,nd1T00002,nd1E00074,nd1N00006,"nd1I00016\,stdI00002",,Inside,669647,No,,No,No,No,Male,1984,White,
569713,nd1R880101,05288d53,7/16/07 13:00,nd1S05288,Left,Blue,No,nd1C00046,nd1T00002,nd1E00074,nd1N00006,"nd1I00015\,stdI00002",,Inside,934637,No,,No,No,No,Male,1984,White,
569719,nd1R880107,05288d59,7/16/07 13:00,nd1S05288,Left,Blue,No,nd1C00046,nd1T00002,nd1E00074,nd1N00006,"nd1I00015\,stdI00002",,Inside,934643,No,,No,No,No,Male,1984,White,
569727,nd1R880115,05288d67,7/16/07 13:00,nd1S05288,Left,Blue,No,nd1C00046,nd1T00002,nd1E00074,nd1N00006,"nd1I00016\,stdI00002",,Inside,934651,No,,No,No,No,Male,1984,White,
569728,nd1R880116,05288d68,7/16/07 13:00,nd1S05288,Left,Blue,No,nd1C00046,nd1T00002,nd1E00074,nd1N00006,"nd1I00017\,stdI00002",,Inside,934652,No,,No,No,No,Male,1984,White,
569732,nd1R880120,05288d72,7/16/07 13:00,nd1S05288,Left,Blue,No,nd1C00046,nd1T00002,nd1E00074,nd1N00006,"nd1I00015\,stdI00002",,Inside,934656,No,,No,No,No,Male,1984,White,
185944,nd5R68071,05289d84,3/12/08 0:00,nd1S05289,Left,Blue,No,nd1C00013,nd1T00014,nd1E00074,nd1N00006,"nd1I00015\,stdI00002",nd1I00012,Inside,229502,Yes,Soft,No,No,No,Female,1986,White,"contacts-soft-given\,contacts-given"
186962,nd5R67059,05289d73,3/26/08 0:00,nd1S05289,Left,Blue,No,nd1C00013,nd1T00015,nd1E00054,nd1N00020,nd1I00013,nd1I00013,Inside,230520,Yes,Soft,No,No,No,Female,1986,White,"contacts-soft-given\,contacts-given"
188010,nd5R66034,05289d69,3/26/08 0:00,nd1S05289,Left,Blue,No,nd1C00013,nd1T00014,nd1E00074,nd1N00006,"nd1I00015\,stdI00002",nd1I00012,Inside,231568,Yes,Soft,No,No,No,Female,1986,White,"contacts-soft-given\,contacts-given"
188013,nd5R66031,05289d66,3/26/08 0:00,nd1S05289,Left,Blue,No,nd1C00013,nd1T00014,nd1E00074,nd1N00006,"nd1I00015\,stdI00002",nd1I00012,Inside,231571,Yes,Soft,No,No,No,Female,1986,White,"contacts-soft-given\,contacts-given"
191064,nd5R70326,05289d100,4/9/08 0:00,nd1S05289,Left,Blue,No,nd1C00013,nd1T00015,nd1E00054,nd1N00020,nd1I00013,nd1I00013,Inside,236141,No,,No,No,No,Female,1986,White,
192551,nd5R71803,05289d105,4/9/08 0:00,nd1S05289,Left,Blue,No,nd1C00013,nd1T00014,nd1E00074,nd1N00006,"nd1I00016\,stdI00002",nd1I00012,Inside,237628,No,,No,No,No,Female,1986,White,
192552,nd5R71804,05289d106,4/9/08 0:00,nd1S05289,Left,Blue,No,nd1C00013,nd1T00014,nd1E00074,nd1N00006,"nd1I00017\,stdI00002",nd1I00012,Inside,237629,No,,No,No,No,Female,1986,White,
193464,nd5R72712,05289d118,4/23/08 0:00,nd1S05289,Left,Blue,No,nd1C00013,nd1T00015,nd1E00054,nd1N00020,nd1I00013,nd1I00013,Inside,240441,Yes,Soft,No,No,No,Female,1986,White,"contacts-soft-given\,contacts-given"
194749,nd5R73985,05289d122,4/23/08 0:00,nd1S05289,Left,Blue,No,nd1C00013,nd1T00014,nd1E00074,nd1N00006,"nd1I00015\,stdI00002",nd1I00012,Inside,241726,Yes,Soft,No,No,No,Female,1986,White,"contacts-soft-given\,contacts-given"
195960,nd5R75191,05289d136,4/30/08 0:00,nd1S05289,Left,Blue,No,nd1C00013,nd1T00015,nd1E00054,nd1N00020,nd1I00013,nd1I00013,Inside,242937,Yes,Hard,No,No,No,Female,1986,White,"contacts-hard-given\,contacts-given"
197341,nd5R76559,05289d143,4/30/08 0:00,nd1S05289,Left,Blue,No,nd1C00013,nd1T00014,nd1E00074,nd1N00006,"nd1I00015\,stdI00002",nd1I00012,Inside,244318,Yes,Hard,No,No,No,Female,1986,White,"contacts-hard-given\,contacts-given"
440770,,,2/9/07 0:00,nd1S05289,Left,Blue,No,,nd1T00002,nd1E00074,nd1N00006,"nd1I00016\,stdI00002",,Inside,665954,No,,No,No,No,Female,1986,White,
440772,,,2/9/07 0:00,nd1S05289,Left,Blue,No,,nd1T00002,nd1E00074,nd1N00006,"nd1I00015\,stdI00002",,Inside,665956,No,,No,No,No,Female,1986,White,
441678,nd1R1101553,05289d168,3/21/07 0:00,nd1S05289,Left,Blue,No,nd1C00046,nd1T00002,nd1E00074,nd1N00006,"nd1I00015\,stdI00002",,Inside,666862,No,,No,No,No,Female,1986,White,
185946,nd5R68069,05289d82,3/12/08 0:00,nd1S05289,Right,Blue,No,nd1C00013,nd1T00014,nd1E00074,nd1N00006,"nd1I00017\,stdI00002",nd1I00012,Inside,229504,Yes,Soft,No,No,No,Female,1986,White,"contacts-soft-given\,contacts-given"
185947,nd5R68068,05289d81,3/12/08 0:00,nd1S05289,Right,Blue,No,nd1C00013,nd1T00014,nd1E00074,nd1N00006,"nd1I00015\,stdI00002",nd1I00012,Inside,229505,Yes,Soft,No,No,No,Female,1986,White,"contacts-soft-given\,contacts-given"
186959,nd5R67062,05289d76,3/26/08 0:00,nd1S05289,Right,Blue,No,nd1C00013,nd1T00015,nd1E00054,nd1N00020,nd1I00013,nd1I00013,Inside,230517,Yes,Soft,No,No,No,Female,1986,White,"contacts-soft-given\,contacts-given"
188015,nd5R66029,05289d64,3/26/08 0:00,nd1S05289,Right,Blue,No,nd1C00013,nd1T00014,nd1E00074,nd1N00006,"nd1I00017\,stdI00002",nd1I00012,Inside,231573,Yes,Soft,No,No,No,Female,1986,White,"contacts-soft-given\,contacts-given"
188019,nd5R66026,05289d61,3/26/08 0:00,nd1S05289,Right,Blue,No,nd1C00013,nd1T00014,nd1E00074,nd1N00006,"nd1I00015\,stdI00002",nd1I00012,Inside,231577,Yes,Soft,No,No,No,Female,1986,White,"contacts-soft-given\,contacts-given"
191063,nd5R70325,05289d99,4/9/08 0:00,nd1S05289,Right,Blue,No,nd1C00013,nd1T00015,nd1E00054,nd1N00020,nd1I00013,nd1I00013,Inside,236140,No,,No,No,No,Female,1986,White,
192555,nd5R71807,05289d109,4/9/08 0:00,nd1S05289,Right,Blue,No,nd1C00013,nd1T00014,nd1E00074,nd1N00006,"nd1I00017\,stdI00002",nd1I00012,Inside,237632,No,,No,No,No,Female,1986,White,
192557,nd5R71809,05289d111,4/9/08 0:00,nd1S05289,Right,Blue,No,nd1C00013,nd1T00014,nd1E00074,nd1N00006,"nd1I00016\,stdI00002",nd1I00012,Inside,237634,No,,No,No,No,Female,1986,White,
194754,nd5R73990,05289d127,4/23/08 0:00,nd1S05289,Right,Blue,No,nd1C00013,nd1T00014,nd1E00074,nd1N00006,"nd1I00017\,stdI00002",nd1I00012,Inside,241731,Yes,Soft,No,No,No,Female,1986,White,"contacts-soft-given\,contacts-given"
195957,nd5R75188,05289d133,4/30/08 0:00,nd1S05289,Right,Blue,No,nd1C00013,nd1T00015,nd1E00054,nd1N00020,nd1I00013,nd1I00013,Inside,242934,Yes,Hard,No,No,No,Female,1986,White,"contacts-hard-given\,contacts-given"
197347,nd5R76565,05289d149,4/30/08 0:00,nd1S05289,Right,Blue,No,nd1C00013,nd1T00014,nd1E00074,nd1N00006,"nd1I00015\,stdI00002",nd1I00012,Inside,244324,Yes,Hard,No,No,No,Female,1986,White,"contacts-hard-given\,contacts-given"
440773,,,2/9/07 0:00,nd1S05289,Right,Blue,No,,nd1T00002,nd1E00074,nd1N00006,"nd1I00016\,stdI00002",,Inside,665957,No,,No,No,No,Female,1986,White,
440774,,,2/9/07 0:00,nd1S05289,Right,Blue,Yes,,nd1T00002,nd1E00074,nd1N00006,"nd1I00017\,stdI00002",,Inside,665958,No,,No,No,No,Female,1986,White,
440775,,,2/9/07 0:00,nd1S05289,Right,Blue,Yes,,nd1T00002,nd1E00074,nd1N00006,"nd1I00015\,stdI00002",,Inside,665959,No,,No,No,No,Female,1986,White,
440776,,,2/9/07 0:00,nd1S05289,Right,Blue,Yes,,nd1T00002,nd1E00074,nd1N00006,"nd1I00016\,stdI00002",,Inside,665960,No,,No,No,No,Female,1986,White,
440777,,,2/9/07 0:00,nd1S05289,Right,Blue,Yes,,nd1T00002,nd1E00074,nd1N00006,"nd1I00017\,stdI00002",,Inside,665961,No,,No,No,No,Female,1986,White,
440778,,,2/9/07 0:00,nd1S05289,Right,Blue,No,,nd1T00002,nd1E00074,nd1N00006,"nd1I00015\,stdI00002",,Inside,665962,No,,No,No,No,Female,1986,White,
441680,nd1R1101555,05289d170,3/21/07 0:00,nd1S05289,Right,Blue,No,nd1C00046,nd1T00002,nd1E00074,nd1N00006,"nd1I00017\,stdI00002",,Inside,666864,No,,No,No,No,Female,1986,White,
532690,nd1R818188,05301d1689,4/12/11 13:34,nd1S05301,Left,Hazel,No,nd1C00062,nd1T00054,nd1E00101,nd1N00059,"nd1I00026\,stdI00002",,Inside,856874,No,,No,No,No,Female,1981,White,
532693,nd1R818185,05301d1686,4/12/11 13:34,nd1S05301,Left,Hazel,No,nd1C00062,nd1T00054,nd1E00101,nd1N00059,"nd1I00026\,stdI00002",,Inside,856877,No,,No,No,No,Female,1981,White,
532699,nd1R818179,05301d1680,4/12/11 13:34,nd1S05301,Left,Hazel,No,nd1C00062,nd1T00053,nd1E00101,nd1N00059,"nd1I00026\,stdI00002",,Inside,856883,No,,No,No,No,Female,1981,White,
532703,nd1R818175,05301d1676,4/12/11 13:34,nd1S05301,Left,Hazel,No,nd1C00062,nd1T00053,nd1E00101,nd1N00059,"nd1I00026\,stdI00002",,Inside,856887,No,,No,No,No,Female,1981,White,
536990,nd1R814085,05301d1670,4/12/11 13:34,nd1S05301,Left,Hazel,No,nd1C00062,nd1T00049,nd1E00101,nd1N00049,"nd1I00023\,stdI00002",,Inside,861174,No,,No,No,No,Female,1981,White,
538141,nd1R819851,05301d1693,4/12/11 13:34,nd1S05301,Left,Hazel,No,nd1C00062,nd1T00050,nd1E00101,nd1N00048,"nd1I00022\,stdI00002",,Inside,862325,No,,No,No,No,Female,1981,White,
540412,nd1R821859,05301d1701,4/12/11 13:34,nd1S05301,Left,Hazel,No,nd1C00062,nd1T00051,nd1E00101,nd1N00020,"nd1I00027\,stdI00002",,Inside,864596,No,,No,No,No,Female,1981,White,
540413,nd1R821860,05301d1702,4/12/11 13:34,nd1S05301,Left,Hazel,No,nd1C00062,nd1T00051,nd1E00101,nd1N00020,"nd1I00028\,stdI00002",,Inside,864597,No,,No,No,No,Female,1981,White,
541606,nd1R833444,05301d1732,4/12/11 13:34,nd1S05301,Left,Hazel,No,nd1C00059,nd1T00051,nd1E00101,lg4000diff20,"nd1I00028\,stdI00002",,Inside,865790,No,,No,No,No,Female,1981,White,
556676,nd1R858879,05301d1783,4/27/11 13:02,nd1S05301,Left,Hazel,No,nd1C00062,nd1T00054,nd1E00101,nd1N00059,"nd1I00026\,stdI00002",,Inside,902261,No,,No,No,No,Female,1981,White,
556680,nd1R858883,05301d1787,4/27/11 13:02,nd1S05301,Left,Hazel,No,nd1C00062,nd1T00054,nd1E00101,nd1N00059,"nd1I00026\,stdI00002",,Inside,902265,No,,No,No,No,Female,1981,White,
556686,nd1R858889,05301d1793,4/27/11 13:02,nd1S05301,Left,Hazel,No,nd1C00062,nd1T00053,nd1E00101,nd1N00059,"nd1I00026\,stdI00002",,Inside,902271,No,,No,No,No,Female,1981,White,
556690,nd1R858893,05301d1797,4/27/11 13:02,nd1S05301,Left,Hazel,No,nd1C00062,nd1T00053,nd1E00101,nd1N00059,"nd1I00026\,stdI00002",,Inside,902275,No,,No,No,No,Female,1981,White,
558478,nd1R860681,05301d1803,4/27/11 13:02,nd1S05301,Left,Hazel,No,nd1C00062,nd1T00049,nd1E00101,nd1N00049,"nd1I00023\,stdI00002",,Inside,904063,No,,No,No,No,Female,1981,White,
560171,nd1R862373,05301d1823,4/27/11 13:02,nd1S05301,Left,Hazel,No,nd1C00062,nd1T00051,nd1E00101,nd1N00020,"nd1I00027\,stdI00002",,Inside,905756,No,,No,No,No,Female,1981,White,
560642,nd1R869083,05301d1830,4/27/11 13:02,nd1S05301,Left,Hazel,No,nd1C00059,nd1T00051,nd1E00101,lg4000diff25,"nd1I00027\,stdI00002",,Inside,906227,No,,No,No,No,Female,1981,White,
560643,nd1R869084,05301d1831,4/27/11 13:02,nd1S05301,Left,Hazel,No,nd1C00059,nd1T00051,nd1E00101,lg4000diff25,"nd1I00028\,stdI00002",,Inside,906228,No,,No,No,No,Female,1981,White,
532696,nd1R818182,05301d1683,4/12/11 13:34,nd1S05301,Right,Hazel,No,nd1C00062,nd1T00054,nd1E00101,nd1N00059,"nd1I00026\,stdI00002",,Inside,856880,No,,No,No,No,Female,1981,White,
532697,nd1R818181,05301d1682,4/12/11 13:34,nd1S05301,Right,Hazel,No,nd1C00062,nd1T00054,nd1E00101,nd1N00059,"nd1I00026\,stdI00002",,Inside,856881,No,,No,No,No,Female,1981,White,
532705,nd1R818173,05301d1674,4/12/11 13:34,nd1S05301,Right,Hazel,No,nd1C00062,nd1T00053,nd1E00101,nd1N00059,"nd1I00026\,stdI00002",,Inside,856889,No,,No,No,No,Female,1981,White,
532706,nd1R818172,05301d1673,4/12/11 13:34,nd1S05301,Right,Hazel,No,nd1C00062,nd1T00053,nd1E00101,nd1N00059,"nd1I00026\,stdI00002",,Inside,856890,No,,No,No,No,Female,1981,White,
536994,nd1R814081,05301d1666,4/12/11 13:34,nd1S05301,Right,Hazel,No,nd1C00062,nd1T00049,nd1E00101,nd1N00049,"nd1I00023\,stdI00002",,Inside,861178,No,,No,No,No,Female,1981,White,
538142,nd1R819852,05301d1694,4/12/11 13:34,nd1S05301,Right,Hazel,No,nd1C00062,nd1T00050,nd1E00101,nd1N00048,"nd1I00022\,stdI00002",,Inside,862326,No,,No,No,No,Female,1981,White,
540415,nd1R821862,05301d1704,4/12/11 13:34,nd1S05301,Right,Hazel,No,nd1C00062,nd1T00051,nd1E00101,nd1N00020,"nd1I00027\,stdI00002",,Inside,864599,No,,No,No,No,Female,1981,White,
541608,nd1R833446,05301d1734,4/12/11 13:34,nd1S05301,Right,Hazel,No,nd1C00059,nd1T00051,nd1E00101,lg4000diff20,"nd1I00027\,stdI00002",,Inside,865792,No,,No,No,No,Female,1981,White,
556681,nd1R858884,05301d1788,4/27/11 13:02,nd1S05301,Right,Hazel,No,nd1C00062,nd1T00054,nd1E00101,nd1N00059,"nd1I00026\,stdI00002",,Inside,902266,No,,No,No,No,Female,1981,White,
556683,nd1R858886,05301d1790,4/27/11 13:02,nd1S05301,Right,Hazel,No,nd1C00062,nd1T00054,nd1E00101,nd1N00059,"nd1I00026\,stdI00002",,Inside,902268,No,,No,No,No,Female,1981,White,
556685,nd1R858888,05301d1792,4/27/11 13:02,nd1S05301,Right,Hazel,No,nd1C00062,nd1T00054,nd1E00101,nd1N00059,"nd1I00026\,stdI00002",,Inside,902270,No,,No,No,No,Female,1981,White,
556693,nd1R858896,05301d1800,4/27/11 13:02,nd1S05301,Right,Hazel,No,nd1C00062,nd1T00053,nd1E00101,nd1N00059,"nd1I00026\,stdI00002",,Inside,902278,No,,No,No,No,Female,1981,White,
556695,nd1R858898,05301d1802,4/27/11 13:02,nd1S05301,Right,Hazel,No,nd1C00062,nd1T00053,nd1E00101,nd1N00059,"nd1I00026\,stdI00002",,Inside,902280,No,,No,No,No,Female,1981,White,
558485,nd1R860688,05301d1810,4/27/11 13:02,nd1S05301,Right,Hazel,No,nd1C00062,nd1T00049,nd1E00101,nd1N00049,"nd1I00023\,stdI00002",,Inside,904070,No,,No,No,No,Female,1981,White,
559357,nd1R861559,05301d1811,4/27/11 13:02,nd1S05301,Right,Hazel,No,nd1C00062,nd1T00051,nd1E00101,nd1N00020,"nd1I00028\,stdI00002",,Inside,904942,No,,No,No,No,Female,1981,White,
559371,nd1R861573,05301d1814,4/27/11 13:02,nd1S05301,Right,Hazel,No,nd1C00062,nd1T00051,nd1E00101,nd1N00020,"nd1I00027\,stdI00002",,Inside,904956,No,,No,No,No,Female,1981,White,
559390,nd1R861592,05301d1820,4/27/11 13:02,nd1S05301,Right,Hazel,No,nd1C00062,nd1T00050,nd1E00101,nd1N00048,"nd1I00022\,stdI00002",,Inside,904975,No,,No,No,No,Female,1981,White,
561050,nd1R869491,05301d1832,4/27/11 13:02,nd1S05301,Right,Hazel,No,nd1C00059,nd1T00051,nd1E00101,lg4000diff25,"nd1I00028\,stdI00002",,Inside,906635,No,,No,No,No,Female,1981,White,
561052,nd1R869493,05301d1834,4/27/11 13:02,nd1S05301,Right,Hazel,No,nd1C00059,nd1T00051,nd1E00101,lg4000diff25,"nd1I00028\,stdI00002",,Inside,906637,No,,No,No,No,Female,1981,White,
375445,nd6R22156,05308d452,11/3/09 0:00,nd1S05308,Left,Brown,No,nd1C00041,nd1T00002,nd1E00075,nd1N00006,"nd1I00017\,stdI00002",nd1I00004,Inside,529061,No,,No,No,No,Male,1988,White,
375446,nd6R22155,05308d451,11/3/09 0:00,nd1S05308,Left,Brown,No,nd1C00041,nd1T00002,nd1E00075,nd1N00006,"nd1I00015\,stdI00002",nd1I00004,Inside,529062,No,,No,No,No,Male,1988,White,
375447,nd6R22154,05308d450,11/3/09 0:00,nd1S05308,Left,Brown,No,nd1C00041,nd1T00002,nd1E00075,nd1N00006,"nd1I00016\,stdI00002",nd1I00004,Inside,529063,No,,No,No,No,Male,1988,White,
375448,nd6R22153,05308d449,11/3/09 0:00,nd1S05308,Left,Brown,No,nd1C00041,nd1T00002,nd1E00075,nd1N00006,"nd1I00017\,stdI00002",nd1I00004,Inside,529064,No,,No,No,No,Male,1988,White,
375449,nd6R22152,05308d448,11/3/09 0:00,nd1S05308,Left,Brown,No,nd1C00041,nd1T00002,nd1E00075,nd1N00006,"nd1I00015\,stdI00002",nd1I00004,Inside,529065,No,,No,No,No,Male,1988,White,
375450,nd6R22151,05308d447,11/3/09 0:00,nd1S05308,Left,Brown,No,nd1C00041,nd1T00002,nd1E00075,nd1N00006,"nd1I00016\,stdI00002",nd1I00004,Inside,529066,No,,No,No,No,Male,1988,White,
375451,nd6R22150,05308d446,11/3/09 0:00,nd1S05308,Left,Brown,No,nd1C00041,nd1T00002,nd1E00075,nd1N00006,"nd1I00017\,stdI00002",nd1I00004,Inside,529067,No,,No,No,No,Male,1988,White,
375452,nd6R22149,05308d445,11/3/09 0:00,nd1S05308,Left,Brown,No,nd1C00041,nd1T00002,nd1E00075,nd1N00006,"nd1I00015\,stdI00002",nd1I00004,Inside,529068,No,,No,No,No,Male,1988,White,
404045,nd6R60703,05308d498,3/17/10 13:39,nd1S05308,Left,Brown,No,nd1C00042,nd1T00016,nd1E00077,nd1N00020,"nd1I00004\,stdI00002",,Inside,586619,No,,No,No,No,Male,1988,White,
407864,nd6R64484,05308d504,3/17/10 13:39,nd1S05308,Left,Brown,No,nd1C00042,nd1T00002,nd1E00077,nd1N00006,"nd1I00016\,stdI00002",,Inside,590438,No,,No,No,No,Male,1988,White,
407865,,,3/17/10 13:39,nd1S05308,Left,Brown,No,,nd1T00002,nd1E00077,nd1N00006,"nd1I00017\,stdI00002",,Inside,590439,No,,No,No,No,Male,1988,White,
407866,nd6R64485,05308d505,3/17/10 13:39,nd1S05308,Left,Brown,No,nd1C00042,nd1T00002,nd1E00077,nd1N00006,"nd1I00015\,stdI00002",,Inside,590440,No,,No,No,No,Male,1988,White,
407867,nd6R64486,05308d506,3/17/10 13:39,nd1S05308,Left,Brown,No,nd1C00042,nd1T00002,nd1E00077,nd1N00006,"nd1I00016\,stdI00002",,Inside,590441,No,,No,No,No,Male,1988,White,
407868,nd6R64487,05308d507,3/17/10 13:39,nd1S05308,Left,Brown,No,nd1C00042,nd1T00002,nd1E00077,nd1N00006,"nd1I00017\,stdI00002",,Inside,590442,No,,No,No,No,Male,1988,White,
407869,nd6R64488,05308d508,3/17/10 13:39,nd1S05308,Left,Brown,No,nd1C00042,nd1T00002,nd1E00077,nd1N00006,"nd1I00015\,stdI00002",,Inside,590443,No,,No,No,No,Male,1988,White,
407870,nd6R64489,05308d509,3/17/10 13:39,nd1S05308,Left,Brown,No,nd1C00042,nd1T00002,nd1E00077,nd1N00006,"nd1I00016\,stdI00002",,Inside,590444,No,,No,No,No,Male,1988,White,
407871,nd6R64490,05308d510,3/17/10 13:39,nd1S05308,Left,Brown,No,nd1C00042,nd1T00002,nd1E00077,nd1N00006,"nd1I00017\,stdI00002",,Inside,590445,No,,No,No,No,Male,1988,White,
407872,nd6R64491,05308d511,3/17/10 13:39,nd1S05308,Left,Brown,No,nd1C00042,nd1T00002,nd1E00077,nd1N00006,"nd1I00015\,stdI00002",,Inside,590446,No,,No,No,No,Male,1988,White,
407873,nd6R64492,05308d512,3/17/10 13:39,nd1S05308,Left,Brown,No,nd1C00042,nd1T00002,nd1E00077,nd1N00006,"nd1I00016\,stdI00002",,Inside,590447,No,,No,No,No,Male,1988,White,
407874,nd6R64493,05308d513,3/17/10 13:39,nd1S05308,Left,Brown,No,nd1C00042,nd1T00002,nd1E00077,nd1N00006,"nd1I00017\,stdI00002",,Inside,590448,No,,No,No,No,Male,1988,White,
407875,nd6R64494,05308d514,3/17/10 13:39,nd1S05308,Left,Brown,No,nd1C00042,nd1T00002,nd1E00077,nd1N00006,"nd1I00015\,stdI00002",,Inside,590449,No,,No,No,No,Male,1988,White,
419533,nd6R75795,05308d527,4/27/10 13:48,nd1S05308,Left,Brown,No,nd1C00042,nd1T00016,nd1E00077,nd1N00020,"nd1I00004\,stdI00002",,Inside,609035,No,,No,No,No,Male,1988,White,
419537,nd6R75799,05308d531,4/27/10 13:48,nd1S05308,Left,Brown,No,nd1C00042,nd1T00016,nd1E00077,nd1N00020,"nd1I00004\,stdI00002",,Inside,609039,No,,No,No,No,Male,1988,White,
421924,nd6R77901,05308d533,4/27/10 13:48,nd1S05308,Left,Brown,No,nd1C00042,nd1T00002,nd1E00077,nd1N00006,"nd1I00016\,stdI00002",,Inside,611426,No,,No,No,No,Male,1988,White,
421925,nd6R77902,05308d534,4/27/10 13:48,nd1S05308,Left,Brown,No,nd1C00042,nd1T00002,nd1E00077,nd1N00006,"nd1I00017\,stdI00002",,Inside,611427,No,,No,No,No,Male,1988,White,
421926,,,4/27/10 13:48,nd1S05308,Left,Brown,No,,nd1T00002,nd1E00077,nd1N00006,"nd1I00015\,stdI00002",,Inside,611428,No,,No,No,No,Male,1988,White,
421927,nd6R77903,05308d535,4/27/10 13:48,nd1S05308,Left,Brown,No,nd1C00042,nd1T00002,nd1E00077,nd1N00006,"nd1I00016\,stdI00002",,Inside,611429,No,,No,No,No,Male,1988,White,
421928,nd6R77904,05308d536,4/27/10 13:48,nd1S05308,Left,Brown,No,nd1C00042,nd1T00002,nd1E00077,nd1N00006,"nd1I00017\,stdI00002",,Inside,611430,No,,No,No,No,Male,1988,White,
421929,nd6R77905,05308d537,4/27/10 13:48,nd1S05308,Left,Brown,No,nd1C00042,nd1T00002,nd1E00077,nd1N00006,"nd1I00015\,stdI00002",,Inside,611431,No,,No,No,No,Male,1988,White,
421930,nd6R77906,05308d538,4/27/10 13:48,nd1S05308,Left,Brown,No,nd1C00042,nd1T00002,nd1E00077,nd1N00006,"nd1I00016\,stdI00002",,Inside,611432,No,,No,No,No,Male,1988,White,
421931,nd6R77907,05308d539,4/27/10 13:48,nd1S05308,Left,Brown,No,nd1C00042,nd1T00002,nd1E00077,nd1N00006,"nd1I00017\,stdI00002",,Inside,611433,No,,No,No,No,Male,1988,White,
421932,nd6R77908,05308d540,4/27/10 13:48,nd1S05308,Left,Brown,No,nd1C00042,nd1T00002,nd1E00077,nd1N00006,"nd1I00015\,stdI00002",,Inside,611434,No,,No,No,No,Male,1988,White,
421933,nd6R77909,05308d541,4/27/10 13:48,nd1S05308,Left,Brown,No,nd1C00042,nd1T00002,nd1E00077,nd1N00006,"nd1I00016\,stdI00002",,Inside,611435,No,,No,No,No,Male,1988,White,
421934,nd6R77910,05308d542,4/27/10 13:48,nd1S05308,Left,Brown,No,nd1C00042,nd1T00002,nd1E00077,nd1N00006,"nd1I00017\,stdI00002",,Inside,611436,No,,No,No,No,Male,1988,White,
421935,nd6R77911,05308d543,4/27/10 13:48,nd1S05308,Left,Brown,No,nd1C00042,nd1T00002,nd1E00077,nd1N00006,"nd1I00015\,stdI00002",,Inside,611437,No,,No,No,No,Male,1988,White,
442399,nd1R1102266,05308d600,3/23/07 0:00,nd1S05308,Left,Brown,No,nd1C00046,nd1T00002,nd1E00074,nd1N00006,"nd1I00016\,stdI00002",,Inside,667583,No,,No,No,No,Male,1988,White,
442400,nd1R1102267,05308d601,3/23/07 0:00,nd1S05308,Left,Brown,No,nd1C00046,nd1T00002,nd1E00074,nd1N00006,"nd1I00017\,stdI00002",,Inside,667584,No,,No,No,No,Male,1988,White,
442401,nd1R1102268,05308d602,3/23/07 0:00,nd1S05308,Left,Brown,No,nd1C00046,nd1T00002,nd1E00074,nd1N00006,"nd1I00015\,stdI00002",,Inside,667585,No,,No,No,No,Male,1988,White,
442402,nd1R1102269,05308d603,3/23/07 0:00,nd1S05308,Left,Brown,No,nd1C00046,nd1T00002,nd1E00074,nd1N00006,"nd1I00016\,stdI00002",,Inside,667586,No,,No,No,No,Male,1988,White,
442403,nd1R1102270,05308d604,3/23/07 0:00,nd1S05308,Left,Brown,No,nd1C00046,nd1T00002,nd1E00074,nd1N00006,"nd1I00017\,stdI00002",,Inside,667587,No,,No,No,No,Male,1988,White,
442404,nd1R1102271,05308d605,3/23/07 0:00,nd1S05308,Left,Brown,No,nd1C00046,nd1T00002,nd1E00074,nd1N00006,"nd1I00015\,stdI00002",,Inside,667588,No,,No,No,No,Male,1988,White,
443320,nd1R1103181,05308d612,4/12/07 0:00,nd1S05308,Left,Brown,No,nd1C00046,nd1T00002,nd1E00074,nd1N00006,"nd1I00016\,stdI00002",,Inside,668504,No,,No,No,No,Male,1988,White,
443321,nd1R1103182,05308d613,4/12/07 0:00,nd1S05308,Left,Brown,No,nd1C00046,nd1T00002,nd1E00074,nd1N00006,"nd1I00017\,stdI00002",,Inside,668505,No,,No,No,No,Male,1988,White,
443322,nd1R1103183,05308d614,4/12/07 0:00,nd1S05308,Left,Brown,No,nd1C00046,nd1T00002,nd1E00074,nd1N00006,"nd1I00015\,stdI00002",,Inside,668506,No,,No,No,No,Male,1988,White,
443323,nd1R1103184,05308d615,4/12/07 0:00,nd1S05308,Left,Brown,No,nd1C00046,nd1T00002,nd1E00074,nd1N00006,"nd1I00016\,stdI00002",,Inside,668507,No,,No,No,No,Male,1988,White,
443324,nd1R1103185,05308d616,4/12/07 0:00,nd1S05308,Left,Brown,No,nd1C00046,nd1T00002,nd1E00074,nd1N00006,"nd1I00017\,stdI00002",,Inside,668508,No,,No,No,No,Male,1988,White,
443325,nd1R1103186,05308d617,4/12/07 0:00,nd1S05308,Left,Brown,No,nd1C00046,nd1T00002,nd1E00074,nd1N00006,"nd1I00015\,stdI00002",,Inside,668509,No,,No,No,No,Male,1988,White,
627122,nd1R993867,05310d2118,11/10/11 13:13,nd1S05310,Right,Green,No,nd1C00068,nd1T00049,nd1E00107,nd1N00079,"nd1I00023\,stdI00002",,Inside,1041536,No,,No,No,No,Male,1977,White,
627936,nd1R994679,05310d2130,11/10/11 13:13,nd1S05310,Right,Green,No,nd1C00068,nd1T00051,nd1E00107,nd1N00074,"nd1I00027\,stdI00002",,Inside,1042350,No,,No,No,No,Male,1977,White,
628980,nd1R995720,05310d2140,11/10/11 13:13,nd1S05310,Right,Green,No,nd1C00068,nd1T00054,nd1E00107,nd1N00073,"nd1I00036\,stdI00002",,Inside,1043394,No,,No,No,No,Male,1977,White,
628996,nd1R995736,05310d2156,11/10/11 13:13,nd1S05310,Right,Green,No,nd1C00068,nd1T00053,nd1E00107,nd1N00073,"nd1I00036\,stdI00002",,Inside,1043410,No,,No,No,No,Male,1977,White,
629318,nd1R996058,05310d2163,11/10/11 13:13,nd1S05310,Right,Green,No,nd1C00068,nd1T00050,nd1E00107,nd1N00048,"nd1I00022\,stdI00002",,Inside,1043732,No,,No,No,No,Male,1977,White,
187127,,,3/27/08 0:00,nd1S05310,Right,Green,No,,nd1T00015,nd1E00054,nd1N00020,nd1I00013,nd1I00013,Inside,230685,No,,No,No,No,Male,1977,White,
189048,nd5R64998,05310d60,4/2/08 0:00,nd1S05310,Right,Green,No,nd1C00013,nd1T00015,nd1E00054,nd1N00020,nd1I00013,nd1I00013,Inside,233338,No,,No,No,No,Male,1977,White,
190072,,,4/2/08 0:00,nd1S05310,Right,Green,No,,nd1T00014,nd1E00074,nd1N00016,"nd1I00015\,stdI00002",nd1I00012,Inside,234362,No,,No,No,No,Male,1977,White,
205936,nd4R45918,05310d173,9/25/08 0:00,nd1S05310,Right,Green,No,nd1C00023,nd1T00014,nd1E00074,nd1N00006,"nd1I00015\,stdI00002",nd1I00011,Inside,262572,No,,No,No,No,Male,1977,White,
326252,nd5R20901,05310d453,3/4/09 0:00,nd1S05310,Right,Green,No,nd1C00033,nd1T00014,nd1E00054,nd1N00020,nd1I00013,nd1I00013,Inside,417806,No,,No,No,No,Male,1977,White,
365087,nd6R25963,05310d660,11/19/09 0:00,nd1S05310,Right,Green,No,nd1C00041,nd1T00002,nd1E00075,nd1N00016,"nd1I00015\,stdI00002",nd1I00012,Inside,516869,No,,No,No,No,Male,1977,White,
386161,nd6R43808,05310d740,1/28/10 13:15,nd1S05310,Right,Green,No,nd1C00042,nd1T00002,nd1E00075,nd1N00006,"nd1I00015\,stdI00002",nd1I00013,Inside,541821,No,,No,No,No,Male,1977,White,
422065,nd6R78038,05310d909,4/27/10 13:54,nd1S05310,Right,Green,No,nd1C00042,nd1T00002,nd1E00077,nd1N00006,"nd1I00016\,stdI00002",,Inside,611567,No,,No,No,No,Male,1977,White,
442465,nd1R1102331,05310d2170,3/23/07 0:00,nd1S05310,Right,Blue,No,nd1C00046,nd1T00002,nd1E00074,nd1N00006,"nd1I00016\,stdI00002",,Inside,667649,No,,No,No,No,Male,1977,White,
442467,nd1R1102333,05310d2172,3/23/07 0:00,nd1S05310,Right,Blue,No,nd1C00046,nd1T00002,nd1E00074,nd1N00006,"nd1I00015\,stdI00002",,Inside,667651,No,,No,No,No,Male,1977,White,
503872,nd1R795723,05310d1455,3/10/11 13:25,nd1S05310,Right,Green,No,nd1C00062,nd1T00053,nd1E00093,nd1N00059,"nd1I00026\,stdI00002",,Inside,796154,No,,No,No,No,Male,1977,White,
537235,nd1R813840,05310d1515,4/12/11 14:39,nd1S05310,Right,Green,No,nd1C00062,nd1T00049,nd1E00101,nd1N00049,"nd1I00023\,stdI00002",,Inside,861419,No,,No,No,No,Male,1977,White,
579678,nd1R888615,05310d1707,9/15/11 13:22,nd1S05310,Right,Green,No,nd1C00068,nd1T00050,nd1E00107,nd1N00048,"nd1I00022\,stdI00002",,Inside,944580,No,,No,No,No,Male,1977,White,
187655,nd5R66382,05315d86,3/25/08 0:00,nd1S05315,Left,Blue,No,nd1C00013,nd1T00014,nd1E00074,nd1N00006,"nd1I00017\,stdI00002",nd1I00012,Inside,231213,Yes,Soft,No,No,No,Male,1987,White,"contacts-soft-given\,contacts-given"
189373,nd5R64676,05315d73,4/1/08 0:00,nd1S05315,Left,Blue,No,nd1C00013,nd1T00014,nd1E00074,nd1N00006,"nd1I00015\,stdI00002",nd1I00012,Inside,233663,Yes,Soft,No,No,No,Male,1987,White,"contacts-soft-given\,contacts-given"
192884,nd5R72132,05315d102,4/10/08 0:00,nd1S05315,Left,Blue,No,nd1C00013,nd1T00014,nd1E00074,nd1N00006,"nd1I00016\,stdI00002",nd1I00012,Inside,237961,Yes,Soft,No,No,No,Male,1987,White,"contacts-soft-given\,contacts-given"
192885,nd5R72133,05315d103,4/10/08 0:00,nd1S05315,Left,Blue,No,nd1C00013,nd1T00014,nd1E00074,nd1N00006,"nd1I00017\,stdI00002",nd1I00012,Inside,237962,Yes,Soft,No,No,No,Male,1987,White,"contacts-soft-given\,contacts-given"
195249,nd5R74481,05315d124,4/24/08 0:00,nd1S05315,Left,Blue,No,nd1C00013,nd1T00014,nd1E00074,nd1N00006,"nd1I00017\,stdI00002",nd1I00012,Inside,242226,Yes,Soft,No,No,No,Male,1987,White,"contacts-soft-given\,contacts-given"
202828,nd4R42911,05315d186,9/23/08 0:00,nd1S05315,Left,Blue,No,nd1C00023,nd1T00015,nd1E00054,nd1N00020,nd1I00013,nd1I00013,Inside,259464,Yes,Soft,No,No,No,Male,1987,White,"contacts-soft-given\,contacts-given"
208937,nd4R48823,05315d250,10/7/08 0:00,nd1S05315,Left,Blue,No,nd1C00023,nd1T00014,nd1E00074,nd1N00016,"nd1I00016\,stdI00002",nd1I00012,Inside,267541,Yes,Soft,No,No,No,Male,1987,White,"contacts-soft-given\,contacts-given"
208941,nd4R48827,05315d254,10/7/08 0:00,nd1S05315,Left,Blue,No,nd1C00023,nd1T00014,nd1E00074,nd1N00016,"nd1I00017\,stdI00002",nd1I00012,Inside,267545,Yes,Soft,No,No,No,Male,1987,White,"contacts-soft-given\,contacts-given"
224941,nd4R64639,05315d338,12/3/08 0:00,nd1S05315,Left,Blue,No,nd1C00023,nd1T00014,nd1E00074,nd1N00006,"nd1I00017\,stdI00002",nd1I00012,Inside,285791,Yes,Soft,No,No,No,Male,1987,White,"contacts-soft-given\,contacts-given"
318628,nd5R28487,05315d696,2/19/09 0:00,nd1S05315,Left,Blue,No,nd1C00033,nd1T00014,nd1E00074,nd1N00006,"nd1I00016\,stdI00002",nd1I00012,Inside,406131,Yes,Soft,No,No,No,Male,1987,White,"contacts-soft-given\,contacts-given"
318629,nd5R28486,05315d695,2/19/09 0:00,nd1S05315,Left,Blue,No,nd1C00033,nd1T00014,nd1E00074,nd1N00006,"nd1I00017\,stdI00002",nd1I00012,Inside,406132,Yes,Soft,No,No,No,Male,1987,White,"contacts-soft-given\,contacts-given"
326187,nd5R20966,05315d612,3/4/09 0:00,nd1S05315,Left,Blue,No,nd1C00033,nd1T00014,nd1E00054,nd1N00020,nd1I00013,nd1I00013,Inside,417741,Yes,Soft,No,No,No,Male,1987,White,"contacts-soft-given\,contacts-given"
337078,nd5R07204,05315d575,3/26/09 0:00,nd1S05315,Left,Blue,No,nd1C00033,nd1T00014,nd1E00074,nd1N00006,"nd1I00017\,stdI00002",nd1I00012,Inside,438090,Yes,Soft,No,No,No,Male,1987,White,"contacts-soft-given\,contacts-given"
442581,nd1R1102447,05315d816,4/11/07 0:00,nd1S05315,Left,Blue,No,nd1C00046,nd1T00002,nd1E00074,nd1N00006,"nd1I00015\,stdI00002",,Inside,667765,No,,No,No,No,Male,1987,White,
442582,nd1R1102448,05315d817,4/11/07 0:00,nd1S05315,Left,Blue,No,nd1C00046,nd1T00002,nd1E00074,nd1N00006,"nd1I00016\,stdI00002",,Inside,667766,No,,No,No,No,Male,1987,White,
444612,nd1R1104461,05315d830,4/27/07 0:00,nd1S05315,Left,Blue,No,nd1C00046,nd1T00002,nd1E00074,nd1N00006,"nd1I00015\,stdI00002",,Inside,669796,No,,No,No,No,Male,1987,White,
185265,nd5R68744,05317d94,3/13/08 0:00,nd1S05317,Left,Green,No,nd1C00013,nd1T00015,nd1E00054,nd1N00020,nd1I00013,nd1I00013,Inside,228823,No,,No,No,No,Male,1987,White,
186361,nd5R67659,05317d90,3/13/08 0:00,nd1S05317,Left,Green,No,nd1C00013,nd1T00014,nd1E00074,nd1N00006,"nd1I00015\,stdI00002",nd1I00012,Inside,229919,No,,No,No,No,Male,1987,White,
191188,nd5R70450,05317d101,4/10/08 0:00,nd1S05317,Left,Green,No,nd1C00013,nd1T00015,nd1E00054,nd1N00020,nd1I00013,nd1I00013,Inside,236265,No,,No,No,No,Male,1987,White,
194895,nd5R74129,05317d127,4/23/08 0:00,nd1S05317,Left,Green,No,nd1C00013,nd1T00014,nd1E00074,nd1N00006,"nd1I00017\,stdI00002",nd1I00012,Inside,241872,No,,No,No,No,Male,1987,White,
196496,nd5R75726,05317d141,4/29/08 0:00,nd1S05317,Left,Green,No,nd1C00013,nd1T00014,nd1E00074,nd1N00006,"nd1I00016\,stdI00002",nd1I00012,Inside,243473,No,,No,No,No,Male,1987,White,
196500,nd5R75730,05317d145,4/29/08 0:00,nd1S05317,Left,Green,No,nd1C00013,nd1T00014,nd1E00074,nd1N00006,"nd1I00017\,stdI00002",nd1I00012,Inside,243477,No,,No,No,No,Male,1987,White,
196501,nd5R75731,05317d146,4/29/08 0:00,nd1S05317,Left,Green,No,nd1C00013,nd1T00014,nd1E00074,nd1N00006,"nd1I00015\,stdI00002",nd1I00012,Inside,243478,No,,No,No,No,Male,1987,White,
198693,nd4R38751,05317d180,9/9/08 0:00,nd1S05317,Left,Green,No,nd1C00023,nd1T00014,nd1E00074,nd1N00006,"nd1I00016\,stdI00002",nd1I00011,Inside,254337,No,,No,No,No,Male,1987,White,
198698,nd4R38746,05317d175,9/9/08 0:00,nd1S05317,Left,Green,No,nd1C00023,nd1T00014,nd1E00074,nd1N00006,"nd1I00015\,stdI00002",nd1I00011,Inside,254342,No,,No,No,No,Male,1987,White,
198701,nd4R38743,05317d172,9/9/08 0:00,nd1S05317,Left,Green,No,nd1C00023,nd1T00014,nd1E00074,nd1N00006,"nd1I00015\,stdI00002",nd1I00011,Inside,254345,No,,No,No,No,Male,1987,White,
206311,,,9/25/08 0:00,nd1S05317,Left,Green,No,,nd1T00014,nd1E00074,nd1N00006,"nd1I00015\,stdI00002",nd1I00011,Inside,262947,No,,No,No,No,Male,1987,White,
206314,,,9/25/08 0:00,nd1S05317,Left,Green,No,,nd1T00014,nd1E00074,nd1N00006,"nd1I00015\,stdI00002",nd1I00011,Inside,262950,No,,No,No,No,Male,1987,White,
206317,,,9/25/08 0:00,nd1S05317,Left,Green,No,,nd1T00014,nd1E00074,nd1N00006,"nd1I00015\,stdI00002",nd1I00011,Inside,262953,No,,No,No,No,Male,1987,White,
215574,,,10/28/08 0:00,nd1S05317,Left,Green,No,,nd1T00014,nd1E00074,nd1N00006,"nd1I00015\,stdI00002",nd1I00012,Inside,276424,No,,No,No,No,Male,1987,White,
215576,nd4R55399,05317d251,10/28/08 0:00,nd1S05317,Left,Green,No,nd1C00023,nd1T00014,nd1E00074,nd1N00006,"nd1I00017\,stdI00002",nd1I00012,Inside,276426,No,,No,No,No,Male,1987,White,
222771,nd4R62504,05317d276,11/13/08 0:00,nd1S05317,Left,Green,No,nd1C00023,nd1T00014,nd1E00074,nd1N00006,"nd1I00015\,stdI00002",nd1I00012,Inside,283621,No,,No,No,No,Male,1987,White,
222777,nd4R62510,05317d282,11/13/08 0:00,nd1S05317,Left,Green,No,nd1C00023,nd1T00014,nd1E00074,nd1N00006,"nd1I00015\,stdI00002",nd1I00012,Inside,283627,No,,No,No,No,Male,1987,White,
234374,nd5R02488,05317d440,1/21/09 0:00,nd1S05317,Left,Green,No,nd1C00033,nd1T00014,nd1E00074,nd1N00006,"nd1I00015\,stdI00002",nd1I00012,Inside,309497,No,,No,No,No,Male,1987,White,
235451,nd5R03557,05317d461,1/21/09 0:00,nd1S05317,Left,Green,No,nd1C00033,nd1T00014,nd1E00054,nd1N00020,nd1I00013,nd1I00013,Inside,310574,No,,No,No,No,Male,1987,White,
320919,nd5R26210,05317d518,3/3/09 0:00,nd1S05317,Left,Green,No,nd1C00033,nd1T00014,nd1E00074,nd1N00006,"nd1I00015\,stdI00002",nd1I00012,Inside,410507,No,,No,No,No,Male,1987,White,
320920,nd5R26209,05317d517,3/3/09 0:00,nd1S05317,Left,Green,No,nd1C00033,nd1T00014,nd1E00074,nd1N00006,"nd1I00016\,stdI00002",nd1I00012,Inside,410508,No,,No,No,No,Male,1987,White,
334592,nd5R09675,05317d470,3/25/09 0:00,nd1S05317,Left,Green,No,nd1C00033,nd1T00014,nd1E00054,nd1N00020,nd1I00013,nd1I00013,Inside,433921,No,,No,No,No,Male,1987,White,
341985,nd5R44694,05317d590,4/22/09 0:00,nd1S05317,Left,Green,No,nd1C00033,nd1T00014,nd1E00074,nd1N00006,"nd1I00016\,stdI00002",nd1I00012,Inside,446644,No,,No,No,No,Male,1987,White,
341990,nd5R44699,05317d595,4/22/09 0:00,nd1S05317,Left,Green,No,nd1C00033,nd1T00014,nd1E00074,nd1N00006,"nd1I00015\,stdI00002",nd1I00012,Inside,446649,No,,No,No,No,Male,1987,White,
442603,nd1R1102469,05317d694,4/11/07 0:00,nd1S05317,Left,Green,No,nd1C00046,nd1T00002,nd1E00074,nd1N00006,"nd1I00016\,stdI00002",,Inside,667787,No,,No,No,No,Male,1987,White,
442608,nd1R1102474,05317d699,4/11/07 0:00,nd1S05317,Left,Green,No,nd1C00046,nd1T00002,nd1E00074,nd1N00006,"nd1I00015\,stdI00002",,Inside,667792,No,,No,No,No,Male,1987,White,
191187,nd5R70449,05317d100,4/10/08 0:00,nd1S05317,Right,Green,No,nd1C00013,nd1T00015,nd1E00054,nd1N00020,nd1I00013,nd1I00013,Inside,236264,No,,No,No,No,Male,1987,White,
194900,nd5R74134,05317d132,4/23/08 0:00,nd1S05317,Right,Green,No,nd1C00013,nd1T00014,nd1E00074,nd1N00006,"nd1I00016\,stdI00002",nd1I00012,Inside,241877,No,,No,No,No,Male,1987,White,
203365,nd4R43431,05317d187,9/25/08 0:00,nd1S05317,Right,Green,No,nd1C00023,nd1T00015,nd1E00054,nd1N00020,nd1I00013,nd1I00013,Inside,260001,No,,No,No,No,Male,1987,White,
206319,nd4R46279,05317d199,9/25/08 0:00,nd1S05317,Right,Green,No,nd1C00023,nd1T00014,nd1E00074,nd1N00006,"nd1I00017\,stdI00002",nd1I00011,Inside,262955,No,,No,No,No,Male,1987,White,
206320,,,9/25/08 0:00,nd1S05317,Right,Green,No,,nd1T00014,nd1E00074,nd1N00006,"nd1I00015\,stdI00002",nd1I00011,Inside,262956,No,,No,No,No,Male,1987,White,
206325,nd4R46283,05317d203,9/25/08 0:00,nd1S05317,Right,Green,No,nd1C00023,nd1T00014,nd1E00074,nd1N00006,"nd1I00017\,stdI00002",nd1I00011,Inside,262961,No,,No,No,No,Male,1987,White,
206329,nd4R95368,05317d424,9/25/08 0:00,nd1S05317,Right,Green,No,nd1C00028,nd1T00014,nd1E00074,nd1N00006,"nd1I00015\,stdI00002",nd1I00004,Inside,262965,No,,No,No,No,Male,1987,White,
215586,nd4R55409,05317d261,10/28/08 0:00,nd1S05317,Right,Green,No,nd1C00023,nd1T00014,nd1E00074,nd1N00006,"nd1I00015\,stdI00002",nd1I00012,Inside,276436,No,,No,No,No,Male,1987,White,
215587,nd4R55410,05317d262,10/28/08 0:00,nd1S05317,Right,Green,No,nd1C00023,nd1T00014,nd1E00074,nd1N00006,"nd1I00016\,stdI00002",nd1I00012,Inside,276437,No,,No,No,No,Male,1987,White,
219235,nd4R59015,05317d268,11/13/08 0:00,nd1S05317,Right,Green,No,nd1C00023,nd1T00014,nd1E00054,nd1N00020,nd1I00013,nd1I00013,Inside,280085,No,,No,No,No,Male,1987,White,
222786,nd4R62519,05317d291,11/13/08 0:00,nd1S05317,Right,Green,No,nd1C00023,nd1T00014,nd1E00074,nd1N00006,"nd1I00015\,stdI00002",nd1I00012,Inside,283636,No,,No,No,No,Male,1987,White,
222789,nd4R62522,05317d294,11/13/08 0:00,nd1S05317,Right,Green,No,nd1C00023,nd1T00014,nd1E00074,nd1N00006,"nd1I00015\,stdI00002",nd1I00012,Inside,283639,No,,No,No,No,Male,1987,White,
234384,nd5R02497,05317d449,1/21/09 0:00,nd1S05317,Right,Green,No,nd1C00033,nd1T00014,nd1E00074,nd1N00006,"nd1I00016\,stdI00002",nd1I00012,Inside,309507,No,,No,No,No,Male,1987,White,
234386,nd5R02499,05317d451,1/21/09 0:00,nd1S05317,Right,Green,No,nd1C00033,nd1T00014,nd1E00074,nd1N00006,"nd1I00015\,stdI00002",nd1I00012,Inside,309509,No,,No,No,No,Male,1987,White,
234389,nd5R02502,05317d454,1/21/09 0:00,nd1S05317,Right,Green,No,nd1C00033,nd1T00014,nd1E00074,nd1N00006,"nd1I00015\,stdI00002",nd1I00012,Inside,309512,No,,No,No,No,Male,1987,White,
306831,nd5R35313,05317d573,2/4/09 0:00,nd1S05317,Right,Green,No,nd1C00033,nd1T00014,nd1E00074,nd1N00006,"nd1I00017\,stdI00002",nd1I00012,Inside,387033,No,,No,No,No,Male,1987,White,
306838,nd5R35320,05317d580,2/4/09 0:00,nd1S05317,Right,Green,No,nd1C00033,nd1T00014,nd1E00074,nd1N00006,"nd1I00015\,stdI00002",nd1I00012,Inside,387040,No,,No,No,No,Male,1987,White,
320164,nd5R26963,05317d529,2/19/09 0:00,nd1S05317,Right,Green,No,nd1C00033,nd1T00014,nd1E00054,nd1N00020,nd1I00013,nd1I00013,Inside,407667,No,,No,No,No,Male,1987,White,
320924,nd5R26205,05317d513,3/3/09 0:00,nd1S05317,Right,Green,No,nd1C00033,nd1T00014,nd1E00074,nd1N00006,"nd1I00017\,stdI00002",nd1I00012,Inside,410512,No,,No,No,No,Male,1987,White,
320929,nd5R26200,05317d508,3/3/09 0:00,nd1S05317,Right,Green,No,nd1C00033,nd1T00014,nd1E00074,nd1N00006,"nd1I00016\,stdI00002",nd1I00012,Inside,410517,No,,No,No,No,Male,1987,White,
323081,nd5R24055,05317d501,3/3/09 0:00,nd1S05317,Right,Green,No,nd1C00033,nd1T00014,nd1E00054,nd1N00020,nd1I00013,nd1I00013,Inside,412669,No,,No,No,No,Male,1987,White,
332710,nd5R11552,05317d480,3/25/09 0:00,nd1S05317,Right,Green,No,nd1C00033,nd1T00014,nd1E00074,nd1N00006,"nd1I00017\,stdI00002",nd1I00012,Inside,432039,No,,No,No,No,Male,1987,White,
332713,nd5R11549,05317d477,3/25/09 0:00,nd1S05317,Right,Green,No,nd1C00033,nd1T00014,nd1E00074,nd1N00006,"nd1I00017\,stdI00002",nd1I00012,Inside,432042,No,,No,No,No,Male,1987,White,
332717,nd5R11545,05317d473,3/25/09 0:00,nd1S05317,Right,Green,No,nd1C00033,nd1T00014,nd1E00074,nd1N00006,"nd1I00015\,stdI00002",nd1I00012,Inside,432046,No,,No,No,No,Male,1987,White,
334595,nd5R09672,05317d467,3/25/09 0:00,nd1S05317,Right,Green,No,nd1C00033,nd1T00014,nd1E00054,nd1N00020,nd1I00013,nd1I00013,Inside,433924,No,,No,No,No,Male,1987,White,
341994,nd5R44703,05317d599,4/22/09 0:00,nd1S05317,Right,Green,No,nd1C00033,nd1T00014,nd1E00074,nd1N00006,"nd1I00016\,stdI00002",nd1I00012,Inside,446653,No,,No,No,No,Male,1987,White,
343459,nd5R46162,05317d612,4/22/09 0:00,nd1S05317,Right,Green,No,nd1C00033,nd1T00014,nd1E00054,nd1N00020,nd1I00013,nd1I00013,Inside,448118,No,,No,No,No,Male,1987,White,
442614,nd1R1102480,05317d705,4/11/07 0:00,nd1S05317,Right,Green,No,nd1C00046,nd1T00002,nd1E00074,nd1N00006,"nd1I00015\,stdI00002",,Inside,667798,No,,No,No,No,Male,1987,White,
654593,nd1R1044054,05321d2134,3/6/12 11:59,nd1S05321,Left,Brown,No,nd1C00072,nd1T00049,nd1E00107,nd1N00079,"nd1I00023\,stdI00002",,Inside,1104339,No,,No,No,No,Female,1952,White,
671777,nd1R1072783,05321d2241,3/28/12 15:42,nd1S05321,Left,Brown,No,nd1C00072,nd1T00053,nd1E00107,nd1N00073,"nd1I00036\,stdI00002",,Inside,1133069,No,,No,No,No,Female,1952,White,
671778,nd1R1072784,05321d2242,3/28/12 15:42,nd1S05321,Left,Brown,No,nd1C00072,nd1T00053,nd1E00107,nd1N00073,"nd1I00036\,stdI00002",,Inside,1133070,No,,No,No,No,Female,1952,White,
184823,nd5R69186,05321d147,3/11/08 0:00,nd1S05321,Left,Brown,No,nd1C00013,nd1T00015,nd1E00054,nd1N00020,nd1I00013,nd1I00013,Inside,228381,No,,No,No,No,Female,1952,White,
185483,nd5R68526,05321d141,3/11/08 0:00,nd1S05321,Left,Brown,No,nd1C00013,nd1T00014,nd1E00074,nd1N00006,"nd1I00016\,stdI00002",nd1I00012,Inside,229041,No,,No,No,No,Female,1952,White,
185484,nd5R68525,05321d140,3/11/08 0:00,nd1S05321,Left,Brown,No,nd1C00013,nd1T00014,nd1E00074,nd1N00006,"nd1I00017\,stdI00002",nd1I00012,Inside,229042,No,,No,No,No,Female,1952,White,
193130,nd5R72378,05321d166,4/22/08 0:00,nd1S05321,Left,Brown,No,nd1C00013,nd1T00015,nd1E00054,nd1N00020,nd1I00013,nd1I00013,Inside,240107,No,,No,No,No,Female,1952,White,
194085,nd5R73332,05321d173,4/22/08 0:00,nd1S05321,Left,Brown,No,nd1C00013,nd1T00014,nd1E00074,nd1N00006,"nd1I00017\,stdI00002",nd1I00012,Inside,241062,No,,No,No,No,Female,1952,White,
194086,nd5R73333,05321d174,4/22/08 0:00,nd1S05321,Left,Brown,No,nd1C00013,nd1T00014,nd1E00074,nd1N00006,"nd1I00015\,stdI00002",nd1I00012,Inside,241063,No,,No,No,No,Female,1952,White,
194088,nd5R73335,05321d176,4/22/08 0:00,nd1S05321,Left,Brown,No,nd1C00013,nd1T00014,nd1E00074,nd1N00006,"nd1I00017\,stdI00002",nd1I00012,Inside,241065,No,,No,No,No,Female,1952,White,
196054,nd5R75285,05321d186,4/30/08 0:00,nd1S05321,Left,Brown,No,nd1C00013,nd1T00015,nd1E00054,nd1N00020,nd1I00013,nd1I00013,Inside,243031,No,,No,No,No,Female,1952,White,
200710,nd4R40948,05321d217,9/10/08 0:00,nd1S05321,Left,Brown,No,nd1C00023,nd1T00014,nd1E00074,nd1N00006,"nd1I00017\,stdI00002",nd1I00011,Inside,256354,No,,No,No,No,Female,1952,White,
200711,nd4R40949,05321d218,9/10/08 0:00,nd1S05321,Left,Brown,No,nd1C00023,nd1T00014,nd1E00074,nd1N00006,"nd1I00015\,stdI00002",nd1I00011,Inside,256355,No,,No,No,No,Female,1952,White,
204187,nd4R44220,05321d251,9/23/08 0:00,nd1S05321,Left,Brown,No,nd1C00023,nd1T00014,nd1E00074,nd1N00006,"nd1I00015\,stdI00002",nd1I00011,Inside,260823,No,,No,No,No,Female,1952,White,
216180,nd4R55999,05321d308,10/29/08 0:00,nd1S05321,Left,Brown,No,nd1C00023,nd1T00014,nd1E00074,nd1N00006,"nd1I00015\,stdI00002",nd1I00012,Inside,277030,No,,No,No,No,Female,1952,White,
216186,nd4R56005,05321d314,10/29/08 0:00,nd1S05321,Left,Brown,No,nd1C00023,nd1T00014,nd1E00074,nd1N00006,"nd1I00015\,stdI00002",nd1I00012,Inside,277036,No,,No,No,No,Female,1952,White,
216189,nd4R56008,05321d317,10/29/08 0:00,nd1S05321,Left,Brown,No,nd1C00023,nd1T00014,nd1E00074,nd1N00006,"nd1I00015\,stdI00002",nd1I00012,Inside,277039,No,,No,No,No,Female,1952,White,
220737,nd4R60510,05321d330,11/11/08 0:00,nd1S05321,Left,Brown,No,nd1C00023,nd1T00014,nd1E00074,nd1N00006,"nd1I00015\,stdI00002",nd1I00012,Inside,281587,No,,No,No,No,Female,1952,White,
220746,nd4R60519,05321d339,11/11/08 0:00,nd1S05321,Left,Brown,No,nd1C00023,nd1T00014,nd1E00074,nd1N00006,"nd1I00015\,stdI00002",nd1I00012,Inside,281596,No,,No,No,No,Female,1952,White,
229526,,,12/2/08 0:00,nd1S05321,Left,Brown,No,,nd1T00014,nd1E00074,nd1N00006,"nd1I00016\,stdI00002",nd1I00012,Inside,302985,No,,No,No,No,Female,1952,White,
229527,nd4R96471,05321d477,12/2/08 0:00,nd1S05321,Left,Brown,No,nd1C00028,nd1T00014,nd1E00074,nd1N00006,"nd1I00017\,stdI00002",nd1I00004,Inside,302986,No,,No,No,No,Female,1952,White,
307618,nd5R36098,05321d603,2/4/09 0:00,nd1S05321,Left,Brown,No,nd1C00033,nd1T00014,nd1E00074,nd1N00006,"nd1I00015\,stdI00002",nd1I00012,Inside,387820,No,,No,No,No,Female,1952,White,
324081,nd5R23058,05321d570,3/4/09 0:00,nd1S05321,Left,Brown,No,nd1C00033,nd1T00014,nd1E00074,nd1N00006,"nd1I00016\,stdI00002",nd1I00012,Inside,415635,No,,No,No,No,Female,1952,White,
361056,nd6R29968,05321d770,11/19/09 0:00,nd1S05321,Left,Brown,No,nd1C00041,nd1T00016,nd1E00075,nd1N00021,nd1I00013,nd1I00013,Inside,512838,No,,No,No,No,Female,1952,White,
365169,nd6R25881,05321d764,11/19/09 0:00,nd1S05321,Left,Brown,No,nd1C00041,nd1T00002,nd1E00075,nd1N00016,"nd1I00016\,stdI00002",nd1I00012,Inside,516951,No,,No,No,No,Female,1952,White,
372093,nd6R37418,05321d795,12/2/09 0:00,nd1S05321,Left,Brown,No,nd1C00041,nd1T00016,nd1E00075,nd1N00020,nd1I00013,nd1I00013,Inside,523875,No,,No,No,No,Female,1952,White,contacts-NoContacts
385410,,,1/27/10 16:09,nd1S05321,Left,Brown,No,,nd1T00002,nd1E00075,nd1N00006,"nd1I00017\,stdI00002",nd1I00013,Inside,541070,No,,No,No,No,Female,1952,White,
385411,,,1/27/10 16:09,nd1S05321,Left,Brown,No,,nd1T00002,nd1E00075,nd1N00006,"nd1I00015\,stdI00002",nd1I00013,Inside,541071,No,,No,No,No,Female,1952,White,
385414,,,1/27/10 16:09,nd1S05321,Left,Brown,No,,nd1T00002,nd1E00075,nd1N00006,"nd1I00015\,stdI00002",nd1I00013,Inside,541074,No,,No,No,No,Female,1952,White,
394133,,,2/11/10 12:08,nd1S05321,Left,Brown,No,,nd1T00002,nd1E00075,nd1N00006,"nd1I00015\,stdI00002",nd1I00013,Inside,559343,No,,No,No,No,Female,1952,White,
394136,nd6R50959,05321d839,2/11/10 12:08,nd1S05321,Left,Brown,No,nd1C00042,nd1T00002,nd1E00075,nd1N00006,"nd1I00015\,stdI00002",nd1I00013,Inside,559346,No,,No,No,No,Female,1952,White,
394138,nd6R50961,05321d841,2/11/10 12:08,nd1S05321,Left,Brown,No,nd1C00042,nd1T00002,nd1E00075,nd1N00006,"nd1I00017\,stdI00002",nd1I00013,Inside,559348,No,,No,No,No,Female,1952,White,
409312,nd6R65914,05321d902,3/18/10 13:30,nd1S05321,Left,Brown,No,nd1C00042,nd1T00002,nd1E00077,nd1N00006,"nd1I00015\,stdI00002",,Inside,591886,No,,No,No,No,Female,1952,White,
421878,nd6R77859,05321d923,4/27/10 13:45,nd1S05321,Left,Brown,No,nd1C00042,nd1T00002,nd1E00077,nd1N00006,"nd1I00015\,stdI00002",,Inside,611380,No,,No,No,No,Female,1952,White,
443863,nd1R1103718,05321d2308,4/25/07 0:00,nd1S05321,Left,Brown,No,nd1C00046,nd1T00002,nd1E00074,nd1N00006,"nd1I00016\,stdI00002",,Inside,669047,No,,No,No,No,Female,1952,White,
448118,nd7R31869,05321d1062,10/28/10 13:33,nd1S05321,Left,Brown,No,nd1C00055,nd1T00040,nd1E00085,nd1N00049,"nd1I00023\,stdI00002",,Inside,676575,No,,No,No,No,Female,1952,White,
452682,nd1R645970,05321d1138,11/30/10 13:14,nd1S05321,Left,Brown,No,nd1C00055,nd1T00049,nd1E00090,nd1N00049,"nd1I00023\,stdI00002",,Inside,693519,No,,No,No,No,Female,1952,White,
459493,nd1R658480,05321d1168,11/30/10 13:14,nd1S05321,Left,Brown,No,nd1C00059,nd1T00052,nd1E00090,lg4000diff25,"nd1I00024\,stdI00002",,Inside,700888,No,,No,No,No,Female,1952,White,
463825,nd1R671492,05321d1220,1/26/11 13:19,nd1S05321,Left,Brown,No,nd1C00062,nd1T00053,nd1E00093,nd1N00059,"nd1I00026\,stdI00002",,Inside,706846,No,,No,No,No,Female,1952,White,
472150,nd1R679118,05321d1231,2/10/11 13:13,nd1S05321,Left,Brown,No,nd1C00062,nd1T00054,nd1E00093,nd1N00059,"nd1I00026\,stdI00002",,Inside,725628,No,,No,No,No,Female,1952,White,
472155,nd1R679123,05321d1236,2/10/11 13:13,nd1S05321,Left,Brown,No,nd1C00062,nd1T00053,nd1E00093,nd1N00059,"nd1I00026\,stdI00002",,Inside,725633,No,,No,No,No,Female,1952,White,
476961,nd1R684459,05321d1251,2/10/11 13:13,nd1S05321,Left,Brown,No,nd1C00062,nd1T00049,nd1E00093,nd1N00049,"nd1I00023\,stdI00002",,Inside,730439,No,,No,No,No,Female,1952,White,
492489,nd1R715277,05321d1326,2/24/11 13:46,nd1S05321,Left,Brown,No,nd1C00062,nd1T00054,nd1E00093,nd1N00059,"nd1I00026\,stdI00002",,Inside,765553,No,,No,No,No,Female,1952,White,
492545,nd1R715333,05321d1335,2/24/11 13:46,nd1S05321,Left,Brown,No,nd1C00062,nd1T00053,nd1E00093,nd1N00059,"nd1I00026\,stdI00002",,Inside,765609,No,,No,No,No,Female,1952,White,
497165,nd1R789029,05321d1604,3/8/11 13:26,nd1S05321,Left,Brown,No,nd1C00062,nd1T00053,nd1E00093,nd1N00059,"nd1I00026\,stdI00002",,Inside,789389,No,,No,No,No,Female,1952,White,
497167,,,3/8/11 13:26,nd1S05321,Left,Brown,No,,nd1T00053,nd1E00093,nd1N00059,"nd1I00026\,stdI00002",,Inside,789391,No,,No,No,No,Female,1952,White,
507051,nd1R829791,05321d1724,3/8/11 13:26,nd1S05321,Left,Brown,No,nd1C00059,nd1T00051,nd1E00093,lg4000diff30,"nd1I00028\,stdI00002",,Inside,799333,No,,No,No,No,Female,1952,White,
507054,nd1R829794,05321d1727,3/8/11 13:26,nd1S05321,Left,Brown,No,nd1C00059,nd1T00051,nd1E00093,lg4000diff30,"nd1I00027\,stdI00002",,Inside,799336,No,,No,No,No,Female,1952,White,
511562,nd1R801543,05321d1645,3/22/11 12:00,nd1S05321,Left,Brown,No,nd1C00062,nd1T00053,nd1E00093,nd1N00059,"nd1I00026\,stdI00002",,Inside,819145,No,,No,No,No,Female,1952,White,
551429,nd1R854716,05321d1803,4/26/11 14:49,nd1S05321,Left,Brown,No,nd1C00062,nd1T00053,nd1E00101,nd1N00059,"nd1I00026\,stdI00002",,Inside,897014,No,,No,No,No,Female,1952,White,
630976,nd1R997595,05321d1951,2/7/12 13:28,nd1S05321,Right,Brown,No,nd1C00072,nd1T00054,nd1E00107,nd1N00073,"nd1I00036\,stdI00002",,Inside,1056866,No,,No,No,No,Female,1952,White,
633499,nd1R999404,05321d1983,2/7/12 13:28,nd1S05321,Right,Brown,No,nd1C00072,nd1T00051,nd1E00107,nd1N00074,"nd1I00028\,stdI00002",,Inside,1059389,No,,No,No,No,Female,1952,White,
642676,nd1R1021126,05321d2042,2/21/12 13:57,nd1S05321,Right,Brown,No,nd1C00072,nd1T00054,nd1E00107,nd1N00073,"nd1I00036\,stdI00002",,Inside,1081907,No,,No,No,No,Female,1952,White,
643775,nd1R1022218,05321d2056,2/21/12 13:57,nd1S05321,Right,Brown,No,nd1C00072,nd1T00049,nd1E00107,nd1N00079,"nd1I00023\,stdI00002",,Inside,1083006,No,,No,No,No,Female,1952,White,
644538,nd1R1022981,05321d2064,2/21/12 13:57,nd1S05321,Right,Brown,No,nd1C00072,nd1T00050,nd1E00107,nd1N00048,"nd1I00022\,stdI00002",,Inside,1083769,No,,No,No,No,Female,1952,White,
653093,nd1R1042562,05321d2126,3/6/12 11:59,nd1S05321,Right,Brown,No,nd1C00072,nd1T00054,nd1E00107,nd1N00073,"nd1I00036\,stdI00002",,Inside,1102839,No,,No,No,No,Female,1952,White,
655352,nd1R1044811,05321d2147,3/6/12 11:59,nd1S05321,Right,Brown,No,nd1C00072,nd1T00050,nd1E00107,nd1N00048,"nd1I00022\,stdI00002",,Inside,1105098,No,,No,No,No,Female,1952,White,
669357,nd1R1070376,05321d2211,3/28/12 15:42,nd1S05321,Right,Brown,No,nd1C00072,nd1T00049,nd1E00107,nd1N00079,"nd1I00023\,stdI00002",,Inside,1130649,No,,No,No,No,Female,1952,White,
670940,nd1R1071959,05321d2229,3/28/12 15:42,nd1S05321,Right,Brown,No,nd1C00072,nd1T00051,nd1E00107,nd1N00074,"nd1I00027\,stdI00002",,Inside,1132232,No,,No,No,No,Female,1952,White,
671772,nd1R1072778,05321d2239,3/28/12 15:42,nd1S05321,Right,Brown,No,nd1C00072,nd1T00054,nd1E00107,nd1N00073,"nd1I00036\,stdI00002",,Inside,1133064,No,,No,No,No,Female,1952,White,
671781,nd1R1072787,05321d2244,3/28/12 15:42,nd1S05321,Right,Brown,No,nd1C00072,nd1T00053,nd1E00107,nd1N00073,"nd1I00036\,stdI00002",,Inside,1133073,No,,No,No,No,Female,1952,White,
671783,nd1R1072789,05321d2245,3/28/12 15:42,nd1S05321,Right,Brown,No,nd1C00072,nd1T00053,nd1E00107,nd1N00073,"nd1I00036\,stdI00002",,Inside,1133075,No,,No,No,No,Female,1952,White,
671786,nd1R1072792,05321d2247,3/28/12 15:42,nd1S05321,Right,Brown,No,nd1C00072,nd1T00053,nd1E00107,nd1N00073,"nd1I00036\,stdI00002",,Inside,1133078,No,,No,No,No,Female,1952,White,
185492,nd5R68517,05321d132,3/11/08 0:00,nd1S05321,Right,Brown,No,nd1C00013,nd1T00014,nd1E00074,nd1N00006,"nd1I00016\,stdI00002",nd1I00012,Inside,229050,No,,No,No,No,Female,1952,White,
192496,nd5R71748,05321d162,4/9/08 0:00,nd1S05321,Right,Brown,No,nd1C00013,nd1T00014,nd1E00074,nd1N00006,"nd1I00015\,stdI00002",nd1I00012,Inside,237573,No,,No,No,No,Female,1952,White,
196053,nd5R75284,05321d185,4/30/08 0:00,nd1S05321,Right,Brown,No,nd1C00013,nd1T00015,nd1E00054,nd1N00020,nd1I00013,nd1I00013,Inside,243030,No,,No,No,No,Female,1952,White,
209502,nd4R49384,05321d295,10/7/08 0:00,nd1S05321,Right,Brown,No,nd1C00023,nd1T00014,nd1E00074,nd1N00016,"nd1I00017\,stdI00002",nd1I00012,Inside,268106,No,,No,No,No,Female,1952,White,
216193,,,10/29/08 0:00,nd1S05321,Right,Brown,No,,nd1T00014,nd1E00074,nd1N00006,"nd1I00016\,stdI00002",nd1I00012,Inside,277043,No,,No,No,No,Female,1952,White,
220749,nd4R60522,05321d342,11/11/08 0:00,nd1S05321,Right,Brown,No,nd1C00023,nd1T00014,nd1E00074,nd1N00006,"nd1I00015\,stdI00002",nd1I00012,Inside,281599,No,,No,No,No,Female,1952,White,
220758,nd4R60531,05321d351,11/11/08 0:00,nd1S05321,Right,Brown,No,nd1C00023,nd1T00014,nd1E00074,nd1N00006,"nd1I00015\,stdI00002",nd1I00012,Inside,281608,No,,No,No,No,Female,1952,White,
228529,nd4R68097,05321d353,11/11/08 0:00,nd1S05321,Right,Brown,No,nd1C00023,nd1T00014,nd1E00054,nd1N00020,nd1I00013,nd1I00013,Inside,292978,No,,No,No,No,Female,1952,White,
316305,nd5R30806,05321d581,2/18/09 0:00,nd1S05321,Right,Brown,No,nd1C00033,nd1T00014,nd1E00074,nd1N00006,"nd1I00017\,stdI00002",nd1I00012,Inside,402606,No,,No,No,No,Female,1952,White,
368525,nd6R33877,05321d794,12/2/09 0:00,nd1S05321,Right,Brown,No,nd1C00041,nd1T00002,nd1E00075,nd1N00006,"nd1I00015\,stdI00002",nd1I00004,Inside,520307,No,,No,No,No,Female,1952,White,contacts-NoContacts
381627,nd6R39327,05321d808,1/27/10 16:09,nd1S05321,Right,Brown,No,nd1C00042,nd1T00016,nd1E00075,nd1N00020,nd1I00004,nd1I00004,Inside,537287,No,,No,No,No,Female,1952,White,
385423,,,1/27/10 16:09,nd1S05321,Right,Brown,No,,nd1T00002,nd1E00075,nd1N00006,"nd1I00015\,stdI00002",nd1I00013,Inside,541083,No,,No,No,No,Female,1952,White,
385432,,,1/27/10 16:09,nd1S05321,Right,Brown,No,,nd1T00002,nd1E00075,nd1N00006,"nd1I00015\,stdI00002",nd1I00013,Inside,541092,No,,No,No,No,Female,1952,White,
399742,nd6R56441,05321d876,2/24/10 13:15,nd1S05321,Right,Brown,No,nd1C00042,nd1T00002,nd1E00077,nd1N00006,"nd1I00016\,stdI00002",,Inside,582316,No,,No,No,No,Female,1952,White,
399747,nd6R56446,05321d881,2/24/10 13:15,nd1S05321,Right,Brown,No,nd1C00042,nd1T00002,nd1E00077,nd1N00006,"nd1I00015\,stdI00002",,Inside,582321,No,,No,No,No,Female,1952,White,
421894,,,4/27/10 13:45,nd1S05321,Right,Brown,No,,nd1T00002,nd1E00077,nd1N00006,"nd1I00016\,stdI00002",,Inside,611396,No,,No,No,No,Female,1952,White,
421899,,,4/27/10 13:45,nd1S05321,Right,Brown,No,,nd1T00002,nd1E00077,nd1N00006,"nd1I00015\,stdI00002",,Inside,611401,No,,No,No,No,Female,1952,White,
443874,nd1R1103729,05321d2319,4/25/07 0:00,nd1S05321,Right,Brown,No,nd1C00046,nd1T00002,nd1E00074,nd1N00006,"nd1I00015\,stdI00002",,Inside,669058,No,,No,No,No,Female,1952,White,
449644,nd1R637172,05321d1097,11/9/10 15:26,nd1S05321,Right,Brown,No,nd1C00055,nd1T00039,nd1E00085,nd1N00048,"nd1I00022\,stdI00002",,Inside,682750,No,,No,No,No,Female,1952,White,
459494,nd1R658479,05321d1167,11/30/10 13:14,nd1S05321,Right,Brown,No,nd1C00059,nd1T00052,nd1E00090,lg4000diff25,"nd1I00024\,stdI00002",,Inside,700889,No,,No,No,No,Female,1952,White,
463827,nd1R671494,05321d1222,1/26/11 13:19,nd1S05321,Right,Brown,No,nd1C00062,nd1T00053,nd1E00093,nd1N00059,"nd1I00026\,stdI00002",,Inside,706848,No,,No,No,No,Female,1952,White,
463833,nd1R671500,05321d1228,1/26/11 13:19,nd1S05321,Right,Brown,No,nd1C00062,nd1T00049,nd1E00093,nd1N00049,"nd1I00023\,stdI00002",,Inside,706854,No,,No,No,No,Female,1952,White,
476967,nd1R684465,05321d1257,2/10/11 13:13,nd1S05321,Right,Brown,No,nd1C00062,nd1T00049,nd1E00093,nd1N00049,"nd1I00023\,stdI00002",,Inside,730445,No,,No,No,No,Female,1952,White,
479560,nd1R686488,05321d1262,2/10/11 13:13,nd1S05321,Right,Brown,No,nd1C00062,nd1T00051,nd1E00093,nd1N00020,"nd1I00027\,stdI00002",,Inside,733038,No,,No,No,No,Female,1952,White,
492495,nd1R715283,05321d1330,2/24/11 13:46,nd1S05321,Right,Brown,No,nd1C00062,nd1T00054,nd1E00093,nd1N00059,"nd1I00026\,stdI00002",,Inside,765559,No,,No,No,No,Female,1952,White,
495582,nd1R829049,05321d1722,2/24/11 13:46,nd1S05321,Right,Brown,No,nd1C00059,nd1T00051,nd1E00093,lg4000diff30,"nd1I00029\,stdI00002",,Inside,768646,No,,No,No,No,Female,1952,White,
497173,,,3/8/11 13:26,nd1S05321,Right,Brown,No,,nd1T00053,nd1E00093,nd1N00059,"nd1I00026\,stdI00002",,Inside,789397,No,,No,No,No,Female,1952,White,
502107,nd1R793959,05321d1622,3/8/11 13:26,nd1S05321,Right,Brown,No,nd1C00062,nd1T00050,nd1E00093,nd1N00048,"nd1I00022\,stdI00002",,Inside,794389,No,,No,No,No,Female,1952,White,
506003,nd1R797843,05321d1631,3/8/11 13:26,nd1S05321,Right,Brown,No,nd1C00062,nd1T00051,nd1E00093,nd1N00020,"nd1I00028\,stdI00002",,Inside,798285,No,,No,No,No,Female,1952,White,
507057,nd1R829797,05321d1730,3/8/11 13:26,nd1S05321,Right,Brown,No,nd1C00059,nd1T00051,nd1E00093,lg4000diff30,"nd1I00027\,stdI00002",,Inside,799339,No,,No,No,No,Female,1952,White,
511565,nd1R801546,05321d1648,3/22/11 12:00,nd1S05321,Right,Brown,No,nd1C00062,nd1T00053,nd1E00093,nd1N00059,"nd1I00026\,stdI00002",,Inside,819148,No,,No,No,No,Female,1952,White,
511566,nd1R801547,05321d1649,3/22/11 12:00,nd1S05321,Right,Brown,No,nd1C00062,nd1T00053,nd1E00093,nd1N00059,"nd1I00026\,stdI00002",,Inside,819149,No,,No,No,No,Female,1952,White,
532448,nd1R818390,05321d1683,4/12/11 13:05,nd1S05321,Right,Brown,No,nd1C00062,nd1T00053,nd1E00101,nd1N00059,"nd1I00026\,stdI00002",,Inside,856632,No,,No,No,No,Female,1952,White,
536880,nd1R814195,05321d1675,4/12/11 13:05,nd1S05321,Right,Brown,No,nd1C00062,nd1T00049,nd1E00101,nd1N00049,"nd1I00023\,stdI00002",,Inside,861064,No,,No,No,No,Female,1952,White,
551449,nd1R854736,05321d1808,4/26/11 14:49,nd1S05321,Right,Brown,No,nd1C00062,nd1T00053,nd1E00101,nd1N00059,"nd1I00026\,stdI00002",,Inside,897034,No,,No,No,No,Female,1952,White,
552316,nd1R855603,05321d1813,4/26/11 14:49,nd1S05321,Right,Brown,No,nd1C00062,nd1T00049,nd1E00101,nd1N00049,"nd1I00023\,stdI00002",,Inside,897901,No,,No,No,No,Female,1952,White,
588159,nd1R907965,05321d1881,9/28/11 17:30,nd1S05321,Right,Brown,No,nd1C00068,nd1T00051,nd1E00107,nd1N00074,"nd1I00027\,stdI00002",,Inside,966410,No,,No,No,No,Female,1952,White,
404084,nd6R60742,05338d455,3/17/10 13:48,nd1S05338,Right,Brown,No,nd1C00042,nd1T00016,nd1E00077,nd1N00020,"nd1I00004\,stdI00002",,Inside,586658,Yes,Soft,No,No,No,Male,1988,White,"contacts-given\,contacts-soft-given"
408020,nd6R64637,05338d470,3/17/10 13:48,nd1S05338,Right,Brown,No,nd1C00042,nd1T00002,nd1E00077,nd1N00006,"nd1I00016\,stdI00002",,Inside,590594,Yes,Soft,No,No,No,Male,1988,White,"contacts-given\,contacts-soft-given"
408021,nd6R64638,05338d471,3/17/10 13:48,nd1S05338,Right,Brown,No,nd1C00042,nd1T00002,nd1E00077,nd1N00006,"nd1I00017\,stdI00002",,Inside,590595,Yes,Soft,No,No,No,Male,1988,White,"contacts-given\,contacts-soft-given"
408022,nd6R64639,05338d472,3/17/10 13:48,nd1S05338,Right,Brown,No,nd1C00042,nd1T00002,nd1E00077,nd1N00006,"nd1I00015\,stdI00002",,Inside,590596,Yes,Soft,No,No,No,Male,1988,White,"contacts-given\,contacts-soft-given"
408025,nd6R64642,05338d475,3/17/10 13:48,nd1S05338,Right,Brown,No,nd1C00042,nd1T00002,nd1E00077,nd1N00006,"nd1I00015\,stdI00002",,Inside,590599,Yes,Soft,No,No,No,Male,1988,White,"contacts-given\,contacts-soft-given"
408026,nd6R64643,05338d476,3/17/10 13:48,nd1S05338,Right,Brown,No,nd1C00042,nd1T00002,nd1E00077,nd1N00006,"nd1I00016\,stdI00002",,Inside,590600,Yes,Soft,No,No,No,Male,1988,White,"contacts-given\,contacts-soft-given"
408027,nd6R64644,05338d477,3/17/10 13:48,nd1S05338,Right,Brown,No,nd1C00042,nd1T00002,nd1E00077,nd1N00006,"nd1I00017\,stdI00002",,Inside,590601,Yes,Soft,No,No,No,Male,1988,White,"contacts-given\,contacts-soft-given"
408028,nd6R64645,05338d478,3/17/10 13:48,nd1S05338,Right,Brown,No,nd1C00042,nd1T00002,nd1E00077,nd1N00006,"nd1I00015\,stdI00002",,Inside,590602,Yes,Soft,No,No,No,Male,1988,White,"contacts-given\,contacts-soft-given"
408029,nd6R64646,05338d479,3/17/10 13:48,nd1S05338,Right,Brown,No,nd1C00042,nd1T00002,nd1E00077,nd1N00006,"nd1I00016\,stdI00002",,Inside,590603,Yes,Soft,No,No,No,Male,1988,White,"contacts-given\,contacts-soft-given"
408030,nd6R64647,05338d480,3/17/10 13:48,nd1S05338,Right,Brown,No,nd1C00042,nd1T00002,nd1E00077,nd1N00006,"nd1I00017\,stdI00002",,Inside,590604,Yes,Soft,No,No,No,Male,1988,White,"contacts-given\,contacts-soft-given"
408031,nd6R64648,05338d481,3/17/10 13:48,nd1S05338,Right,Brown,No,nd1C00042,nd1T00002,nd1E00077,nd1N00006,"nd1I00015\,stdI00002",,Inside,590605,Yes,Soft,No,No,No,Male,1988,White,"contacts-given\,contacts-soft-given"
412039,nd6R68370,05338d483,4/14/10 13:51,nd1S05338,Right,Brown,No,nd1C00042,nd1T00016,nd1E00077,nd1N00020,"nd1I00004\,stdI00002",,Inside,601541,Yes,Soft,No,No,No,Male,1988,White,"contacts-given\,contacts-soft-given"
412041,nd6R68372,05338d485,4/14/10 13:51,nd1S05338,Right,Brown,No,nd1C00042,nd1T00016,nd1E00077,nd1N00020,"nd1I00004\,stdI00002",,Inside,601543,Yes,Soft,No,No,No,Male,1988,White,"contacts-given\,contacts-soft-given"
412043,nd6R68374,05338d487,4/14/10 13:51,nd1S05338,Right,Brown,No,nd1C00042,nd1T00016,nd1E00077,nd1N00020,"nd1I00004\,stdI00002",,Inside,601545,Yes,Soft,No,No,No,Male,1988,White,"contacts-given\,contacts-soft-given"
416119,nd6R72425,05338d500,4/14/10 13:51,nd1S05338,Right,Brown,No,nd1C00042,nd1T00002,nd1E00077,nd1N00006,"nd1I00016\,stdI00002",,Inside,605621,Yes,Soft,No,No,No,Male,1988,White,"contacts-given\,contacts-soft-given"
416120,,,4/14/10 13:51,nd1S05338,Right,Brown,No,,nd1T00002,nd1E00077,nd1N00006,"nd1I00017\,stdI00002",,Inside,605622,Yes,Soft,No,No,No,Male,1988,White,"contacts-given\,contacts-soft-given"
416122,nd6R72427,05338d502,4/14/10 13:51,nd1S05338,Right,Brown,No,nd1C00042,nd1T00002,nd1E00077,nd1N00006,"nd1I00016\,stdI00002",,Inside,605624,Yes,Soft,No,No,No,Male,1988,White,"contacts-given\,contacts-soft-given"
416123,,,4/14/10 13:51,nd1S05338,Right,Brown,No,,nd1T00002,nd1E00077,nd1N00006,"nd1I00017\,stdI00002",,Inside,605625,Yes,Soft,No,No,No,Male,1988,White,"contacts-given\,contacts-soft-given"
416124,nd6R72428,05338d503,4/14/10 13:51,nd1S05338,Right,Brown,No,nd1C00042,nd1T00002,nd1E00077,nd1N00006,"nd1I00015\,stdI00002",,Inside,605626,Yes,Soft,No,No,No,Male,1988,White,"contacts-given\,contacts-soft-given"
416125,nd6R72429,05338d504,4/14/10 13:51,nd1S05338,Right,Brown,No,nd1C00042,nd1T00002,nd1E00077,nd1N00006,"nd1I00016\,stdI00002",,Inside,605627,Yes,Soft,No,No,No,Male,1988,White,"contacts-given\,contacts-soft-given"
416126,nd6R72430,05338d505,4/14/10 13:51,nd1S05338,Right,Brown,No,nd1C00042,nd1T00002,nd1E00077,nd1N00006,"nd1I00017\,stdI00002",,Inside,605628,Yes,Soft,No,No,No,Male,1988,White,"contacts-given\,contacts-soft-given"
416127,nd6R72431,05338d506,4/14/10 13:51,nd1S05338,Right,Brown,No,nd1C00042,nd1T00002,nd1E00077,nd1N00006,"nd1I00015\,stdI00002",,Inside,605629,Yes,Soft,No,No,No,Male,1988,White,"contacts-given\,contacts-soft-given"
416128,nd6R72432,05338d507,4/14/10 13:51,nd1S05338,Right,Brown,No,nd1C00042,nd1T00002,nd1E00077,nd1N00006,"nd1I00016\,stdI00002",,Inside,605630,Yes,Soft,No,No,No,Male,1988,White,"contacts-given\,contacts-soft-given"
416129,nd6R72433,05338d508,4/14/10 13:51,nd1S05338,Right,Brown,No,nd1C00042,nd1T00002,nd1E00077,nd1N00006,"nd1I00017\,stdI00002",,Inside,605631,Yes,Soft,No,No,No,Male,1988,White,"contacts-given\,contacts-soft-given"
416130,nd6R72434,05338d509,4/14/10 13:51,nd1S05338,Right,Brown,No,nd1C00042,nd1T00002,nd1E00077,nd1N00006,"nd1I00015\,stdI00002",,Inside,605632,Yes,Soft,No,No,No,Male,1988,White,"contacts-given\,contacts-soft-given"
420154,nd6R76414,05338d511,4/28/10 13:30,nd1S05338,Right,Brown,No,nd1C00042,nd1T00016,nd1E00077,nd1N00020,"nd1I00004\,stdI00002",,Inside,609656,Yes,Soft,No,No,No,Male,1988,White,"contacts-given\,contacts-soft-given"
420156,nd6R76416,05338d513,4/28/10 13:30,nd1S05338,Right,Brown,No,nd1C00042,nd1T00016,nd1E00077,nd1N00020,"nd1I00004\,stdI00002",,Inside,609658,Yes,Soft,No,No,No,Male,1988,White,"contacts-given\,contacts-soft-given"
420158,nd6R76418,05338d515,4/28/10 13:30,nd1S05338,Right,Brown,No,nd1C00042,nd1T00016,nd1E00077,nd1N00020,"nd1I00004\,stdI00002",,Inside,609660,Yes,Soft,No,No,No,Male,1988,White,"contacts-given\,contacts-soft-given"
424522,nd6R80478,05338d528,4/28/10 13:30,nd1S05338,Right,Brown,No,nd1C00042,nd1T00002,nd1E00077,nd1N00006,"nd1I00016\,stdI00002",,Inside,614024,Yes,Soft,No,No,No,Male,1988,White,"contacts-given\,contacts-soft-given"
424523,nd6R80479,05338d529,4/28/10 13:30,nd1S05338,Right,Brown,No,nd1C00042,nd1T00002,nd1E00077,nd1N00006,"nd1I00017\,stdI00002",,Inside,614025,Yes,Soft,No,No,No,Male,1988,White,"contacts-given\,contacts-soft-given"
424524,nd6R80480,05338d530,4/28/10 13:30,nd1S05338,Right,Brown,No,nd1C00042,nd1T00002,nd1E00077,nd1N00006,"nd1I00015\,stdI00002",,Inside,614026,Yes,Soft,No,No,No,Male,1988,White,"contacts-given\,contacts-soft-given"
424525,nd6R80481,05338d531,4/28/10 13:30,nd1S05338,Right,Brown,No,nd1C00042,nd1T00002,nd1E00077,nd1N00006,"nd1I00016\,stdI00002",,Inside,614027,Yes,Soft,No,No,No,Male,1988,White,"contacts-given\,contacts-soft-given"
424526,nd6R80482,05338d532,4/28/10 13:30,nd1S05338,Right,Brown,No,nd1C00042,nd1T00002,nd1E00077,nd1N00006,"nd1I00017\,stdI00002",,Inside,614028,Yes,Soft,No,No,No,Male,1988,White,"contacts-given\,contacts-soft-given"
424527,nd6R80483,05338d533,4/28/10 13:30,nd1S05338,Right,Brown,No,nd1C00042,nd1T00002,nd1E00077,nd1N00006,"nd1I00015\,stdI00002",,Inside,614029,Yes,Soft,No,No,No,Male,1988,White,"contacts-given\,contacts-soft-given"
424528,nd6R80484,05338d534,4/28/10 13:30,nd1S05338,Right,Brown,No,nd1C00042,nd1T00002,nd1E00077,nd1N00006,"nd1I00016\,stdI00002",,Inside,614030,Yes,Soft,No,No,No,Male,1988,White,"contacts-given\,contacts-soft-given"
424529,nd6R80485,05338d535,4/28/10 13:30,nd1S05338,Right,Brown,No,nd1C00042,nd1T00002,nd1E00077,nd1N00006,"nd1I00017\,stdI00002",,Inside,614031,Yes,Soft,No,No,No,Male,1988,White,"contacts-given\,contacts-soft-given"
424530,nd6R80486,05338d536,4/28/10 13:30,nd1S05338,Right,Brown,No,nd1C00042,nd1T00002,nd1E00077,nd1N00006,"nd1I00015\,stdI00002",,Inside,614032,Yes,Soft,No,No,No,Male,1988,White,"contacts-given\,contacts-soft-given"
424532,nd6R80488,05338d538,4/28/10 13:30,nd1S05338,Right,Brown,No,nd1C00042,nd1T00002,nd1E00077,nd1N00006,"nd1I00017\,stdI00002",,Inside,614034,Yes,Soft,No,No,No,Male,1988,White,"contacts-given\,contacts-soft-given"
424533,nd6R80489,05338d539,4/28/10 13:30,nd1S05338,Right,Brown,No,nd1C00042,nd1T00002,nd1E00077,nd1N00006,"nd1I00015\,stdI00002",,Inside,614035,Yes,Soft,No,No,No,Male,1988,White,"contacts-given\,contacts-soft-given"
443362,nd1R1103223,05338d686,4/12/07 0:00,nd1S05338,Right,Brown,No,nd1C00046,nd1T00002,nd1E00074,nd1N00006,"nd1I00016\,stdI00002",,Inside,668546,No,,No,No,No,Male,1988,White,
443363,nd1R1103224,05338d687,4/12/07 0:00,nd1S05338,Right,Brown,No,nd1C00046,nd1T00002,nd1E00074,nd1N00006,"nd1I00017\,stdI00002",,Inside,668547,No,,No,No,No,Male,1988,White,
443364,nd1R1103225,05338d688,4/12/07 0:00,nd1S05338,Right,Brown,No,nd1C00046,nd1T00002,nd1E00074,nd1N00006,"nd1I00015\,stdI00002",,Inside,668548,No,,No,No,No,Male,1988,White,
443365,nd1R1103226,05338d689,4/12/07 0:00,nd1S05338,Right,Brown,No,nd1C00046,nd1T00002,nd1E00074,nd1N00006,"nd1I00016\,stdI00002",,Inside,668549,No,,No,No,No,Male,1988,White,
443366,nd1R1103227,05338d690,4/12/07 0:00,nd1S05338,Right,Brown,No,nd1C00046,nd1T00002,nd1E00074,nd1N00006,"nd1I00017\,stdI00002",,Inside,668550,No,,No,No,No,Male,1988,White,
443367,nd1R1103228,05338d691,4/12/07 0:00,nd1S05338,Right,Brown,No,nd1C00046,nd1T00002,nd1E00074,nd1N00006,"nd1I00015\,stdI00002",,Inside,668551,No,,No,No,No,Male,1988,White,
186714,nd5R67307,05340d68,3/25/08 0:00,nd1S05340,Left,Brown,No,nd1C00013,nd1T00015,nd1E00054,nd1N00020,nd1I00013,nd1I00013,Inside,230272,Yes,Soft,No,No,No,Male,1979,White,"contacts-soft-given\,contacts-given"
186716,nd5R67305,05340d66,3/25/08 0:00,nd1S05340,Left,Brown,No,nd1C00013,nd1T00015,nd1E00054,nd1N00020,nd1I00013,nd1I00013,Inside,230274,Yes,Soft,No,No,No,Male,1979,White,"contacts-soft-given\,contacts-given"
187523,nd5R66501,05340d60,3/25/08 0:00,nd1S05340,Left,Brown,No,nd1C00013,nd1T00014,nd1E00074,nd1N00006,"nd1I00017\,stdI00002",nd1I00012,Inside,231081,Yes,Soft,No,No,No,Male,1979,White,"contacts-soft-given\,contacts-given"
188691,nd5R65355,05340d48,4/1/08 0:00,nd1S05340,Left,Brown,No,nd1C00013,nd1T00015,nd1E00054,nd1N00020,nd1I00013,nd1I00013,Inside,232981,Yes,Soft,No,No,No,Male,1979,White,"contacts-soft-given\,contacts-given"
189336,,,4/1/08 0:00,nd1S05340,Left,Brown,No,,nd1T00014,nd1E00074,nd1N00016,"nd1I00017\,stdI00002",nd1I00012,Inside,233626,Yes,Soft,No,No,No,Male,1979,White,"contacts-soft-given\,contacts-given"
189337,,,4/1/08 0:00,nd1S05340,Left,Brown,No,,nd1T00014,nd1E00074,nd1N00016,"nd1I00015\,stdI00002",nd1I00012,Inside,233627,Yes,Soft,No,No,No,Male,1979,White,"contacts-soft-given\,contacts-given"
189340,nd5R64708,05340d43,4/1/08 0:00,nd1S05340,Left,Brown,No,nd1C00013,nd1T00014,nd1E00074,nd1N00006,"nd1I00015\,stdI00002",nd1I00012,Inside,233630,Yes,Soft,No,No,No,Male,1979,White,"contacts-soft-given\,contacts-given"
443719,nd1R1103577,05340d96,4/13/07 0:00,nd1S05340,Left,Brown,No,nd1C00046,nd1T00002,nd1E00074,nd1N00006,"nd1I00016\,stdI00002",,Inside,668903,No,,No,No,No,Male,1979,White,
387487,nd6R45118,05367d448,1/28/10 16:38,nd1S05367,Left,Brown,No,nd1C00042,nd1T00002,nd1E00075,nd1N00006,"nd1I00015\,stdI00002",nd1I00013,Inside,543147,No,,No,No,No,Female,1960,White,
387492,nd6R45123,05367d453,1/28/10 16:38,nd1S05367,Left,Brown,No,nd1C00042,nd1T00002,nd1E00075,nd1N00006,"nd1I00017\,stdI00002",nd1I00013,Inside,543152,No,,No,No,No,Female,1960,White,
387493,nd6R45124,05367d454,1/28/10 16:38,nd1S05367,Left,Brown,No,nd1C00042,nd1T00002,nd1E00075,nd1N00006,"nd1I00015\,stdI00002",nd1I00013,Inside,543153,No,,No,No,No,Female,1960,White,
409806,nd6R66407,05367d474,3/18/10 14:54,nd1S05367,Left,Brown,No,nd1C00042,nd1T00002,nd1E00077,nd1N00006,"nd1I00017\,stdI00002",,Inside,592380,No,,No,No,No,Female,1960,White,
409813,nd6R66414,05367d481,3/18/10 14:54,nd1S05367,Left,Brown,No,nd1C00042,nd1T00002,nd1E00077,nd1N00006,"nd1I00015\,stdI00002",,Inside,592387,No,,No,No,No,Female,1960,White,
409816,nd6R66417,05367d484,3/18/10 14:54,nd1S05367,Left,Brown,No,nd1C00042,nd1T00002,nd1E00077,nd1N00006,"nd1I00015\,stdI00002",,Inside,592390,No,,No,No,No,Female,1960,White,
419160,nd6R75424,05367d507,4/15/10 16:36,nd1S05367,Left,Brown,No,nd1C00042,nd1T00002,nd1E00077,nd1N00006,"nd1I00015\,stdI00002",,Inside,608662,No,,No,No,No,Female,1960,White,
419162,,,4/15/10 16:36,nd1S05367,Left,Brown,No,,nd1T00002,nd1E00077,nd1N00006,"nd1I00017\,stdI00002",,Inside,608664,No,,No,No,No,Female,1960,White,
419166,nd6R75428,05367d511,4/15/10 16:36,nd1S05367,Left,Brown,No,nd1C00042,nd1T00002,nd1E00077,nd1N00006,"nd1I00015\,stdI00002",,Inside,608668,No,,No,No,No,Female,1960,White,
448608,nd7R32354,05367d590,10/28/10 16:40,nd1S05367,Left,Brown,No,nd1C00055,nd1T00016,nd1E00085,nd1N00020,"nd1I00020\,stdI00002",,Inside,677064,No,,No,No,No,Female,1960,White,
448618,nd7R32364,05367d600,10/28/10 16:40,nd1S05367,Left,Brown,No,nd1C00055,nd1T00039,nd1E00085,nd1N00048,"nd1I00022\,stdI00002",,Inside,677074,No,,No,No,No,Female,1960,White,
448623,nd7R32369,05367d605,10/28/10 16:40,nd1S05367,Left,Brown,No,nd1C00055,nd1T00040,nd1E00085,nd1N00049,"nd1I00023\,stdI00002",,Inside,677079,No,,No,No,No,Female,1960,White,
366531,nd6R31895,05373d152,12/1/09 0:00,nd1S05373,Left,Black,No,nd1C00041,nd1T00002,nd1E00075,nd1N00006,"nd1I00016\,stdI00002",nd1I00004,Inside,518313,No,,No,No,No,Female,1986,Asian,contacts-NoContacts
366532,nd6R31896,05373d153,12/1/09 0:00,nd1S05373,Left,Black,No,nd1C00041,nd1T00002,nd1E00075,nd1N00006,"nd1I00017\,stdI00002",nd1I00004,Inside,518314,No,,No,No,No,Female,1986,Asian,contacts-NoContacts
366536,nd6R31900,05373d157,12/1/09 0:00,nd1S05373,Left,Black,No,nd1C00041,nd1T00002,nd1E00075,nd1N00006,"nd1I00015\,stdI00002",nd1I00004,Inside,518318,No,,No,No,No,Female,1986,Asian,contacts-NoContacts
371621,nd6R36949,05373d178,12/1/09 0:00,nd1S05373,Left,Black,No,nd1C00041,nd1T00016,nd1E00075,nd1N00020,nd1I00013,nd1I00013,Inside,523403,No,,No,No,No,Female,1986,Asian,contacts-NoContacts
381718,nd6R39418,05373d186,1/28/10 12:07,nd1S05373,Left,Black,No,nd1C00042,nd1T00016,nd1E00075,nd1N00020,nd1I00004,nd1I00004,Inside,537378,No,,No,No,No,Female,1986,Asian,
385784,nd6R43436,05373d188,1/28/10 12:07,nd1S05373,Left,Black,No,nd1C00042,nd1T00002,nd1E00075,nd1N00006,"nd1I00016\,stdI00002",nd1I00013,Inside,541444,No,,No,No,No,Female,1986,Asian,
385795,nd6R43447,05373d199,1/28/10 12:07,nd1S05373,Left,Black,No,nd1C00042,nd1T00002,nd1E00075,nd1N00006,"nd1I00015\,stdI00002",nd1I00013,Inside,541455,No,,No,No,No,Female,1986,Asian,
388839,nd6R45722,05373d212,2/9/10 16:00,nd1S05373,Left,Black,No,nd1C00042,nd1T00016,nd1E00075,nd1N00020,nd1I00004,nd1I00004,Inside,554049,No,,No,No,No,Female,1986,Asian,
391582,nd6R48426,05373d225,2/9/10 16:00,nd1S05373,Left,Black,No,nd1C00042,nd1T00002,nd1E00075,nd1N00006,"nd1I00017\,stdI00002",nd1I00013,Inside,556792,No,,No,No,No,Female,1986,Asian,
391585,nd6R48429,05373d228,2/9/10 16:00,nd1S05373,Left,Black,No,nd1C00042,nd1T00002,nd1E00075,nd1N00006,"nd1I00017\,stdI00002",nd1I00013,Inside,556795,No,,No,No,No,Female,1986,Asian,
363889,nd6R27155,05373d120,11/18/09 0:00,nd1S05373,Right,Black,No,nd1C00041,nd1T00002,nd1E00075,nd1N00016,"nd1I00017\,stdI00002",nd1I00012,Inside,515671,No,,No,No,No,Female,1986,Asian,
363890,nd6R27154,05373d119,11/18/09 0:00,nd1S05373,Right,Black,No,nd1C00041,nd1T00002,nd1E00075,nd1N00016,"nd1I00015\,stdI00002",nd1I00012,Inside,515672,No,,No,No,No,Female,1986,Asian,
366544,nd6R31908,05373d165,12/1/09 0:00,nd1S05373,Right,Black,No,nd1C00041,nd1T00002,nd1E00075,nd1N00006,"nd1I00017\,stdI00002",nd1I00004,Inside,518326,No,,No,No,No,Female,1986,Asian,contacts-NoContacts
366549,nd6R31913,05373d170,12/1/09 0:00,nd1S05373,Right,Black,No,nd1C00041,nd1T00002,nd1E00075,nd1N00006,"nd1I00016\,stdI00002",nd1I00004,Inside,518331,No,,No,No,No,Female,1986,Asian,contacts-NoContacts
366552,nd6R31916,05373d173,12/1/09 0:00,nd1S05373,Right,Black,No,nd1C00041,nd1T00002,nd1E00075,nd1N00006,"nd1I00016\,stdI00002",nd1I00004,Inside,518334,No,,No,No,No,Female,1986,Asian,contacts-NoContacts
366553,nd6R31917,05373d174,12/1/09 0:00,nd1S05373,Right,Black,No,nd1C00041,nd1T00002,nd1E00075,nd1N00006,"nd1I00017\,stdI00002",nd1I00004,Inside,518335,No,,No,No,No,Female,1986,Asian,contacts-NoContacts
381719,nd6R39419,05373d187,1/28/10 12:07,nd1S05373,Right,Black,No,nd1C00042,nd1T00016,nd1E00075,nd1N00020,nd1I00004,nd1I00004,Inside,537379,No,,No,No,No,Female,1986,Asian,
385802,nd6R43454,05373d206,1/28/10 12:07,nd1S05373,Right,Black,No,nd1C00042,nd1T00002,nd1E00075,nd1N00006,"nd1I00016\,stdI00002",nd1I00013,Inside,541462,No,,No,No,No,Female,1986,Asian,
388844,nd6R45727,05373d217,2/9/10 16:00,nd1S05373,Right,Black,No,nd1C00042,nd1T00016,nd1E00075,nd1N00020,nd1I00004,nd1I00004,Inside,554054,No,,No,No,No,Female,1986,Asian,
391594,nd6R48438,05373d237,2/9/10 16:00,nd1S05373,Right,Black,No,nd1C00042,nd1T00002,nd1E00075,nd1N00006,"nd1I00017\,stdI00002",nd1I00013,Inside,556804,No,,No,No,No,Female,1986,Asian,
374551,nd6R23036,05375d274,11/3/09 0:00,nd1S05375,Right,Brown,No,nd1C00041,nd1T00002,nd1E00075,nd1N00006,"nd1I00017\,stdI00002",nd1I00004,Inside,528167,No,,No,No,No,Male,1985,White,
389184,nd6R46067,05375d380,2/10/10 14:44,nd1S05375,Right,Brown,No,nd1C00042,nd1T00016,nd1E00075,nd1N00020,nd1I00004,nd1I00004,Inside,554394,No,,No,No,No,Male,1985,White,
393019,nd6R49857,05375d394,2/10/10 14:44,nd1S05375,Right,Brown,No,nd1C00042,nd1T00002,nd1E00075,nd1N00006,"nd1I00017\,stdI00002",nd1I00013,Inside,558229,No,,No,No,No,Male,1985,White,
393021,nd6R49859,05375d396,2/10/10 14:44,nd1S05375,Right,Brown,No,nd1C00042,nd1T00002,nd1E00075,nd1N00006,"nd1I00016\,stdI00002",nd1I00013,Inside,558231,No,,No,No,No,Male,1985,White,
398140,,,2/23/10 13:53,nd1S05375,Right,Brown,No,,nd1T00002,nd1E00077,nd1N00006,"nd1I00016\,stdI00002",,Inside,580714,No,,No,No,No,Male,1985,White,
398144,nd6R54852,05375d432,2/23/10 13:53,nd1S05375,Right,Brown,No,nd1C00042,nd1T00002,nd1E00077,nd1N00006,"nd1I00017\,stdI00002",,Inside,580718,No,,No,No,No,Male,1985,White,
403960,nd6R60618,05375d439,3/17/10 12:44,nd1S05375,Right,Brown,No,nd1C00042,nd1T00016,nd1E00077,nd1N00020,"nd1I00004\,stdI00002",,Inside,586534,No,,No,No,No,Male,1985,White,
407484,nd6R64111,05375d456,3/17/10 12:44,nd1S05375,Right,Brown,No,nd1C00042,nd1T00002,nd1E00077,nd1N00006,"nd1I00017\,stdI00002",,Inside,590058,No,,No,No,No,Male,1985,White,
407485,nd6R64112,05375d457,3/17/10 12:44,nd1S05375,Right,Brown,No,nd1C00042,nd1T00002,nd1E00077,nd1N00006,"nd1I00015\,stdI00002",,Inside,590059,No,,No,No,No,Male,1985,White,
407490,nd6R64117,05375d462,3/17/10 12:44,nd1S05375,Right,Brown,No,nd1C00042,nd1T00002,nd1E00077,nd1N00006,"nd1I00017\,stdI00002",,Inside,590064,No,,No,No,No,Male,1985,White,
412307,nd6R68638,05375d469,4/15/10 12:25,nd1S05375,Right,Brown,No,nd1C00042,nd1T00016,nd1E00077,nd1N00020,"nd1I00004\,stdI00002",,Inside,601809,No,,No,No,No,Male,1985,White,
417210,nd6R73504,05375d484,4/15/10 12:25,nd1S05375,Right,Brown,No,nd1C00042,nd1T00002,nd1E00077,nd1N00006,"nd1I00015\,stdI00002",,Inside,606712,No,,No,No,No,Male,1985,White,
417212,nd6R73506,05375d486,4/15/10 12:25,nd1S05375,Right,Brown,No,nd1C00042,nd1T00002,nd1E00077,nd1N00006,"nd1I00017\,stdI00002",,Inside,606714,No,,No,No,No,Male,1985,White,
417216,,,4/15/10 12:25,nd1S05375,Right,Brown,No,,nd1T00002,nd1E00077,nd1N00006,"nd1I00015\,stdI00002",,Inside,606718,No,,No,No,No,Male,1985,White,
417219,nd6R73511,05375d491,4/15/10 12:25,nd1S05375,Right,Brown,No,nd1C00042,nd1T00002,nd1E00077,nd1N00006,"nd1I00015\,stdI00002",,Inside,606721,No,,No,No,No,Male,1985,White,
613714,nd1R947485,05379d2274,10/26/11 14:51,nd1S05379,Left,Hazel,No,nd1C00068,nd1T00051,nd1E00107,nd1N00074,"nd1I00027\,stdI00002",,Inside,1016516,No,,No,No,No,Male,1988,White,
627351,nd1R994096,05379d2399,11/10/11 14:20,nd1S05379,Left,Hazel,No,nd1C00068,nd1T00049,nd1E00107,nd1N00079,"nd1I00023\,stdI00002",,Inside,1041765,No,,No,No,No,Male,1988,White,
630035,nd1R996773,05379d2439,11/10/11 14:20,nd1S05379,Left,Hazel,No,nd1C00068,nd1T00053,nd1E00107,nd1N00073,"nd1I00036\,stdI00002",,Inside,1044449,No,,No,No,No,Male,1988,White,
638215,nd1R1003320,05379d2449,2/9/12 15:05,nd1S05379,Left,Hazel,No,nd1C00072,nd1T00054,nd1E00107,nd1N00073,"nd1I00036\,stdI00002",,Inside,1064105,No,,No,No,No,Male,1988,White,
650580,nd1R1029012,05379d2550,2/23/12 14:10,nd1S05379,Left,Hazel,No,nd1C00072,nd1T00049,nd1E00107,nd1N00079,"nd1I00023\,stdI00002",,Inside,1089811,No,,No,No,No,Male,1988,White,
653849,nd1R1043316,05379d2618,3/6/12 14:08,nd1S05379,Left,Hazel,No,nd1C00072,nd1T00054,nd1E00107,nd1N00073,"nd1I00036\,stdI00002",,Inside,1103595,No,,No,No,No,Male,1988,White,
653860,nd1R1043327,05379d2629,3/6/12 14:08,nd1S05379,Left,Hazel,No,nd1C00072,nd1T00053,nd1E00107,nd1N00073,"nd1I00036\,stdI00002",,Inside,1103606,No,,No,No,No,Male,1988,White,
653862,nd1R1043329,05379d2631,3/6/12 14:08,nd1S05379,Left,Hazel,No,nd1C00072,nd1T00053,nd1E00107,nd1N00073,"nd1I00036\,stdI00002",,Inside,1103608,No,,No,No,No,Male,1988,White,
672483,nd1R1073489,05379d2708,3/29/12 14:39,nd1S05379,Left,Hazel,No,nd1C00072,nd1T00049,nd1E00107,nd1N00079,"nd1I00023\,stdI00002",,Inside,1133775,No,,No,No,No,Male,1988,White,
672968,nd1R1073974,05379d2719,3/29/12 14:39,nd1S05379,Left,Hazel,No,nd1C00072,nd1T00050,nd1E00107,nd1N00048,"nd1I00022\,stdI00002",,Inside,1134260,No,,No,No,No,Male,1988,White,
674620,nd1R1075621,05379d2743,3/29/12 14:39,nd1S05379,Left,Hazel,No,nd1C00072,nd1T00054,nd1E00107,nd1N00073,"nd1I00036\,stdI00002",,Inside,1135912,No,,No,No,No,Male,1988,White,
674633,nd1R1075634,05379d2756,3/29/12 14:39,nd1S05379,Left,Hazel,No,nd1C00072,nd1T00053,nd1E00107,nd1N00073,"nd1I00036\,stdI00002",,Inside,1135925,No,,No,No,No,Male,1988,White,
200141,nd4R40503,05379d312,9/10/08 0:00,nd1S05379,Left,Hazel,No,nd1C00023,nd1T00014,nd1E00074,nd1N00006,"nd1I00015\,stdI00002",nd1I00011,Inside,255785,No,,No,No,No,Male,1988,White,
206379,nd4R46334,05379d338,9/25/08 0:00,nd1S05379,Left,Hazel,No,nd1C00023,nd1T00014,nd1E00074,nd1N00006,"nd1I00017\,stdI00002",nd1I00011,Inside,263015,No,,No,No,No,Male,1988,White,
206384,nd4R46339,05379d343,9/25/08 0:00,nd1S05379,Left,Hazel,No,nd1C00023,nd1T00014,nd1E00074,nd1N00006,"nd1I00016\,stdI00002",nd1I00011,Inside,263020,No,,No,No,No,Male,1988,White,
220035,nd4R59812,05379d396,11/11/08 0:00,nd1S05379,Left,Hazel,No,nd1C00023,nd1T00014,nd1E00074,nd1N00006,"nd1I00015\,stdI00002",nd1I00012,Inside,280885,No,,No,No,No,Male,1988,White,
321778,nd5R25356,05379d646,3/3/09 0:00,nd1S05379,Left,Hazel,No,nd1C00033,nd1T00014,nd1E00074,nd1N00006,"nd1I00016\,stdI00002",nd1I00012,Inside,411366,No,,No,No,No,Male,1988,White,
359671,,,11/17/09 0:00,nd1S05379,Left,Hazel,No,,nd1T00016,nd1E00075,nd1N00021,nd1I00013,nd1I00013,Inside,511453,No,,No,No,No,Male,1988,White,
361995,nd6R29030,05379d819,11/17/09 0:00,nd1S05379,Left,Hazel,No,nd1C00041,nd1T00002,nd1E00075,nd1N00016,"nd1I00017\,stdI00002",nd1I00012,Inside,513777,No,,No,No,No,Male,1988,White,
372021,,,12/2/09 0:00,nd1S05379,Left,Hazel,No,,nd1T00016,nd1E00075,nd1N00020,nd1I00013,nd1I00013,Inside,523803,No,,No,No,No,Male,1988,White,contacts-NoContacts
394741,,,2/11/10 13:51,nd1S05379,Left,Hazel,No,,nd1T00002,nd1E00075,nd1N00006,"nd1I00017\,stdI00002",nd1I00013,Inside,559951,No,,No,No,No,Male,1988,White,
399126,nd6R55831,05379d924,2/23/10 15:53,nd1S05379,Left,Hazel,No,nd1C00042,nd1T00002,nd1E00077,nd1N00006,"nd1I00015\,stdI00002",,Inside,581700,No,,No,No,No,Male,1988,White,
399130,nd6R55835,05379d928,2/23/10 15:53,nd1S05379,Left,Hazel,No,nd1C00042,nd1T00002,nd1E00077,nd1N00006,"nd1I00016\,stdI00002",,Inside,581704,No,,No,No,No,Male,1988,White,
405675,nd6R62317,05379d952,3/16/10 13:59,nd1S05379,Left,Hazel,No,nd1C00042,nd1T00002,nd1E00077,nd1N00006,"nd1I00017\,stdI00002",,Inside,588249,No,,No,No,No,Male,1988,White,
414032,nd6R70353,05379d988,4/13/10 14:05,nd1S05379,Left,Hazel,No,nd1C00042,nd1T00002,nd1E00077,nd1N00006,"nd1I00017\,stdI00002",,Inside,603534,No,,No,No,No,Male,1988,White,
424030,nd6R79990,05379d1008,4/28/10 12:50,nd1S05379,Left,Hazel,No,nd1C00042,nd1T00002,nd1E00077,nd1N00006,"nd1I00016\,stdI00002",,Inside,613532,No,,No,No,No,Male,1988,White,
424035,nd6R79995,05379d1013,4/28/10 12:50,nd1S05379,Left,Hazel,No,nd1C00042,nd1T00002,nd1E00077,nd1N00006,"nd1I00015\,stdI00002",,Inside,613537,No,,No,No,No,Male,1988,White,
424038,nd6R79998,05379d1016,4/28/10 12:50,nd1S05379,Left,Hazel,No,nd1C00042,nd1T00002,nd1E00077,nd1N00006,"nd1I00015\,stdI00002",,Inside,613540,No,,No,No,No,Male,1988,White,
424041,nd6R80001,05379d1019,4/28/10 12:50,nd1S05379,Left,Hazel,No,nd1C00042,nd1T00002,nd1E00077,nd1N00006,"nd1I00015\,stdI00002",,Inside,613543,No,,No,No,No,Male,1988,White,
462246,nd1R669944,05379d1321,1/25/11 14:53,nd1S05379,Left,Hazel,No,nd1C00062,nd1T00049,nd1E00093,nd1N00049,"nd1I00023\,stdI00002",,Inside,705267,No,,No,No,No,Male,1988,White,
467859,nd1R675287,05379d1339,2/8/11 12:37,nd1S05379,Left,Hazel,No,nd1C00062,nd1T00053,nd1E00093,nd1N00059,"nd1I00026\,stdI00002",,Inside,721337,No,,No,No,No,Male,1988,White,
477769,nd1R684699,05379d1373,2/8/11 12:37,nd1S05379,Left,Hazel,No,nd1C00062,nd1T00051,nd1E00093,nd1N00020,"nd1I00028\,stdI00002",,Inside,731247,No,,No,No,No,Male,1988,White,
484662,nd1R708045,05379d1443,2/23/11 12:53,nd1S05379,Left,Hazel,No,nd1C00062,nd1T00049,nd1E00093,nd1N00049,"nd1I00023\,stdI00002",,Inside,757726,No,,No,No,No,Male,1988,White,
489299,nd1R712108,05379d1454,2/23/11 12:53,nd1S05379,Left,Hazel,No,nd1C00062,nd1T00054,nd1E00093,nd1N00059,"nd1I00026\,stdI00002",,Inside,762363,No,,No,No,No,Male,1988,White,
519881,nd1R809845,05379d1760,3/23/11 12:00,nd1S05379,Left,Hazel,No,nd1C00062,nd1T00054,nd1E00093,nd1N00059,"nd1I00026\,stdI00002",,Inside,827464,No,,No,No,No,Male,1988,White,
521180,nd1R831990,05379d1841,3/23/11 12:00,nd1S05379,Left,Hazel,No,nd1C00059,nd1T00051,nd1E00093,lg4000diff20,"nd1I00028\,stdI00002",,Inside,828763,No,,No,No,No,Male,1988,White,
544491,nd1R823700,05379d1798,4/14/11 13:14,nd1S05379,Left,Hazel,No,nd1C00062,nd1T00053,nd1E00101,nd1N00059,"nd1I00026\,stdI00002",,Inside,868675,No,,No,No,No,Male,1988,White,
548353,nd1R826278,05379d1814,4/14/11 13:14,nd1S05379,Left,Hazel,No,nd1C00062,nd1T00049,nd1E00101,nd1N00049,"nd1I00023\,stdI00002",,Inside,872537,No,,No,No,No,Male,1988,White,
551242,nd1R854529,05379d1909,4/26/11 14:34,nd1S05379,Left,Hazel,No,nd1C00062,nd1T00054,nd1E00101,nd1N00059,"nd1I00026\,stdI00002",,Inside,896827,No,,No,No,No,Male,1988,White,
551252,nd1R854539,05379d1919,4/26/11 14:34,nd1S05379,Left,Hazel,No,nd1C00062,nd1T00053,nd1E00101,nd1N00059,"nd1I00026\,stdI00002",,Inside,896837,No,,No,No,No,Male,1988,White,
554550,nd1R857832,05379d1939,4/26/11 14:34,nd1S05379,Left,Hazel,No,nd1C00062,nd1T00051,nd1E00101,nd1N00020,"nd1I00027\,stdI00002",,Inside,900135,No,,No,No,No,Male,1988,White,
555843,nd1R868629,05379d1955,4/26/11 14:34,nd1S05379,Left,Hazel,No,nd1C00059,nd1T00051,nd1E00101,lg4000diff25,"nd1I00028\,stdI00002",,Inside,901428,No,,No,No,No,Male,1988,White,
570003,nd1R880443,05379d63,9/18/07 13:00,nd1S05379,Left,Hazel,No,nd1C00046,nd1T00002,nd1E00074,nd1N00006,"nd1I00017\,stdI00002",,Inside,934927,No,,No,No,No,Male,1988,White,
570185,nd1R880663,05379d68,10/2/07 13:00,nd1S05379,Left,Hazel,No,nd1C00046,nd1T00002,nd1E00074,nd1N00006,nd1I00017,,Inside,935109,No,,No,No,No,Male,1988,White,
570192,nd1R880670,05379d75,10/2/07 13:00,nd1S05379,Left,Hazel,No,nd1C00046,nd1T00002,nd1E00074,nd1N00006,"nd1I00016\,stdI00002",,Inside,935116,No,,No,No,No,Male,1988,White,
579088,nd1R888051,05379d1977,9/15/11 14:58,nd1S05379,Left,Hazel,No,nd1C00068,nd1T00049,nd1E00107,nd1N00077,"nd1I00023\,stdI00002",,Inside,943990,No,,No,No,No,Male,1988,White,
581378,nd1R890188,05379d1993,9/15/11 14:58,nd1S05379,Left,Hazel,No,nd1C00068,nd1T00051,nd1E00107,nd1N00074,"nd1I00028\,stdI00002",,Inside,946280,No,,No,No,No,Male,1988,White,
591164,nd1R910050,05379d2063,9/29/11 14:41,nd1S05379,Left,Hazel,No,nd1C00068,nd1T00053,nd1E00107,nd1N00073,"nd1I00036\,stdI00002",,Inside,969415,No,,No,No,No,Male,1988,White,
592586,nd1R911021,05379d2076,9/29/11 14:41,nd1S05379,Left,Hazel,No,nd1C00068,nd1T00054,nd1E00107,nd1N00073,"nd1I00036\,stdI00002",,Inside,970837,No,,No,No,No,Male,1988,White,
606039,nd1R944366,05379d2239,10/13/11 14:34,nd1S05379,Left,Hazel,No,nd1C00068,nd1T00051,nd1E00107,nd1N00074,"nd1I00028\,stdI00002",,Inside,997374,No,,No,No,No,Male,1988,White,
627356,nd1R994101,05379d2404,11/10/11 14:20,nd1S05379,Right,Hazel,No,nd1C00068,nd1T00049,nd1E00107,nd1N00079,"nd1I00023\,stdI00002",,Inside,1041770,No,,No,No,No,Male,1988,White,
630031,nd1R996769,05379d2435,11/10/11 14:20,nd1S05379,Right,Hazel,No,nd1C00068,nd1T00054,nd1E00107,nd1N00073,"nd1I00036\,stdI00002",,Inside,1044445,No,,No,No,No,Male,1988,White,
653857,nd1R1043324,05379d2626,3/6/12 14:08,nd1S05379,Right,Hazel,No,nd1C00072,nd1T00054,nd1E00107,nd1N00073,"nd1I00036\,stdI00002",,Inside,1103603,No,,No,No,No,Male,1988,White,
674628,nd1R1075629,05379d2751,3/29/12 14:39,nd1S05379,Right,Hazel,No,nd1C00072,nd1T00053,nd1E00107,nd1N00073,"nd1I00036\,stdI00002",,Inside,1135920,No,,No,No,No,Male,1988,White,
185238,nd5R68771,05379d233,3/13/08 0:00,nd1S05379,Right,Hazel,No,nd1C00013,nd1T00015,nd1E00054,nd1N00020,nd1I00013,nd1I00013,Inside,228796,No,,No,No,No,Male,1988,White,
185240,nd5R68769,05379d231,3/13/08 0:00,nd1S05379,Right,Hazel,No,nd1C00013,nd1T00015,nd1E00054,nd1N00020,nd1I00013,nd1I00013,Inside,228798,No,,No,No,No,Male,1988,White,
186917,nd5R67104,05379d215,3/26/08 0:00,nd1S05379,Right,Hazel,No,nd1C00013,nd1T00015,nd1E00054,nd1N00020,nd1I00013,nd1I00013,Inside,230475,No,,No,No,No,Male,1988,White,
188952,nd5R65094,05379d197,4/2/08 0:00,nd1S05379,Right,Hazel,No,nd1C00013,nd1T00015,nd1E00054,nd1N00020,nd1I00013,nd1I00013,Inside,233242,No,,No,No,No,Male,1988,White,
191095,nd5R70357,05379d240,4/10/08 0:00,nd1S05379,Right,Hazel,No,nd1C00013,nd1T00015,nd1E00054,nd1N00020,nd1I00013,nd1I00013,Inside,236172,No,,No,No,No,Male,1988,White,
192616,nd5R71868,05379d249,4/10/08 0:00,nd1S05379,Right,Hazel,No,nd1C00013,nd1T00014,nd1E00074,nd1N00006,"nd1I00015\,stdI00002",nd1I00012,Inside,237693,No,,No,No,No,Male,1988,White,
192619,nd5R71871,05379d252,4/10/08 0:00,nd1S05379,Right,Hazel,No,nd1C00013,nd1T00014,nd1E00074,nd1N00006,"nd1I00015\,stdI00002",nd1I00012,Inside,237696,No,,No,No,No,Male,1988,White,
194970,nd5R74204,05379d266,4/24/08 0:00,nd1S05379,Right,Hazel,No,nd1C00013,nd1T00014,nd1E00074,nd1N00006,"nd1I00017\,stdI00002",nd1I00012,Inside,241947,No,,No,No,No,Male,1988,White,
194974,nd5R74208,05379d270,4/24/08 0:00,nd1S05379,Right,Hazel,No,nd1C00013,nd1T00014,nd1E00074,nd1N00006,"nd1I00015\,stdI00002",nd1I00012,Inside,241951,No,,No,No,No,Male,1988,White,
200153,nd4R40515,05379d324,9/10/08 0:00,nd1S05379,Right,Hazel,No,nd1C00023,nd1T00014,nd1E00074,nd1N00006,"nd1I00015\,stdI00002",nd1I00011,Inside,255797,No,,No,No,No,Male,1988,White,
217918,nd4R57726,05379d385,10/30/08 0:00,nd1S05379,Right,Hazel,No,nd1C00023,nd1T00014,nd1E00074,nd1N00006,"nd1I00016\,stdI00002",nd1I00012,Inside,278768,No,,No,No,No,Male,1988,White,
224758,nd4R64458,05379d440,12/3/08 0:00,nd1S05379,Right,Hazel,No,nd1C00023,nd1T00014,nd1E00074,nd1N00006,"nd1I00017\,stdI00002",nd1I00012,Inside,285608,No,,No,No,No,Male,1988,White,
224760,nd4R64460,05379d442,12/3/08 0:00,nd1S05379,Right,Hazel,No,nd1C00023,nd1T00014,nd1E00074,nd1N00006,"nd1I00016\,stdI00002",nd1I00012,Inside,285610,No,,No,No,No,Male,1988,White,
321784,nd5R25350,05379d640,3/3/09 0:00,nd1S05379,Right,Hazel,No,nd1C00033,nd1T00014,nd1E00074,nd1N00006,"nd1I00016\,stdI00002",nd1I00012,Inside,411372,No,,No,No,No,Male,1988,White,
333539,nd5R10725,05379d572,3/25/09 0:00,nd1S05379,Right,Hazel,No,nd1C00033,nd1T00014,nd1E00074,nd1N00006,"nd1I00015\,stdI00002",nd1I00012,Inside,432868,No,,No,No,No,Male,1988,White,
338173,nd5R40904,05379d705,4/21/09 0:00,nd1S05379,Right,Hazel,No,nd1C00033,nd1T00014,nd1E00074,nd1N00006,"nd1I00017\,stdI00002",nd1I00012,Inside,441338,No,,No,No,No,Male,1988,White,
368210,nd6R33562,05379d848,12/2/09 0:00,nd1S05379,Right,Hazel,No,nd1C00041,nd1T00002,nd1E00075,nd1N00006,"nd1I00015\,stdI00002",nd1I00004,Inside,519992,No,,No,No,No,Male,1988,White,contacts-NoContacts
368215,nd6R33567,05379d853,12/2/09 0:00,nd1S05379,Right,Hazel,No,nd1C00041,nd1T00002,nd1E00075,nd1N00006,"nd1I00017\,stdI00002",nd1I00004,Inside,519997,No,,No,No,No,Male,1988,White,contacts-NoContacts
383676,nd6R41364,05379d878,1/26/10 15:32,nd1S05379,Right,Hazel,No,nd1C00042,nd1T00002,nd1E00075,nd1N00006,"nd1I00017\,stdI00002",nd1I00013,Inside,539336,No,,No,No,No,Male,1988,White,
399138,,,2/23/10 15:53,nd1S05379,Right,Hazel,No,,nd1T00002,nd1E00077,nd1N00006,"nd1I00015\,stdI00002",,Inside,581712,No,,No,No,No,Male,1988,White,
399140,nd6R55844,05379d937,2/23/10 15:53,nd1S05379,Right,Hazel,No,nd1C00042,nd1T00002,nd1E00077,nd1N00006,"nd1I00017\,stdI00002",,Inside,581714,No,,No,No,No,Male,1988,White,
405685,nd6R62327,05379d962,3/16/10 13:59,nd1S05379,Right,Hazel,No,nd1C00042,nd1T00002,nd1E00077,nd1N00006,"nd1I00015\,stdI00002",,Inside,588259,No,,No,No,No,Male,1988,White,
405691,nd6R62333,05379d968,3/16/10 13:59,nd1S05379,Right,Hazel,No,nd1C00042,nd1T00002,nd1E00077,nd1N00006,"nd1I00015\,stdI00002",,Inside,588265,No,,No,No,No,Male,1988,White,
405693,nd6R62335,05379d970,3/16/10 13:59,nd1S05379,Right,Hazel,No,nd1C00042,nd1T00002,nd1E00077,nd1N00006,"nd1I00017\,stdI00002",,Inside,588267,No,,No,No,No,Male,1988,White,
414045,nd6R70366,05379d1001,4/13/10 14:05,nd1S05379,Right,Hazel,No,nd1C00042,nd1T00002,nd1E00077,nd1N00006,"nd1I00015\,stdI00002",,Inside,603547,No,,No,No,No,Male,1988,White,
424043,nd6R80002,05379d1020,4/28/10 12:50,nd1S05379,Right,Hazel,No,nd1C00042,nd1T00002,nd1E00077,nd1N00006,"nd1I00017\,stdI00002",,Inside,613545,No,,No,No,No,Male,1988,White,
444895,nd7R28676,05379d1184,10/26/10 12:08,nd1S05379,Right,Hazel,No,nd1C00055,nd1T00039,nd1E00085,nd1N00048,"nd1I00022\,stdI00002",,Inside,673352,No,,No,No,No,Male,1988,White,
444897,nd7R28674,05379d1182,10/26/10 12:08,nd1S05379,Right,Hazel,No,nd1C00055,nd1T00039,nd1E00085,nd1N00048,"nd1I00022\,stdI00002",,Inside,673354,No,,No,No,No,Male,1988,White,
444904,nd7R28667,05379d1175,10/26/10 12:08,nd1S05379,Right,Hazel,No,nd1C00055,nd1T00040,nd1E00085,nd1N00049,"nd1I00023\,stdI00002",,Inside,673361,No,,No,No,No,Male,1988,White,
453131,nd1R646416,05379d1255,11/30/10 14:33,nd1S05379,Right,Hazel,No,nd1C00055,nd1T00049,nd1E00090,nd1N00049,"nd1I00023\,stdI00002",,Inside,693968,No,,No,No,No,Male,1988,White,
459632,nd1R658343,05379d1280,11/30/10 14:33,nd1S05379,Right,Hazel,No,nd1C00059,nd1T00052,nd1E00090,lg4000diff25,"nd1I00024\,stdI00002",,Inside,701027,No,,No,No,No,Male,1988,White,
467854,nd1R675282,05379d1334,2/8/11 12:37,nd1S05379,Right,Hazel,No,nd1C00062,nd1T00054,nd1E00093,nd1N00059,"nd1I00026\,stdI00002",,Inside,721332,No,,No,No,No,Male,1988,White,
467857,nd1R675285,05379d1337,2/8/11 12:37,nd1S05379,Right,Hazel,No,nd1C00062,nd1T00054,nd1E00093,nd1N00059,"nd1I00026\,stdI00002",,Inside,721335,No,,No,No,No,Male,1988,White,
467864,nd1R675292,05379d1344,2/8/11 12:37,nd1S05379,Right,Hazel,No,nd1C00062,nd1T00053,nd1E00093,nd1N00059,"nd1I00026\,stdI00002",,Inside,721342,No,,No,No,No,Male,1988,White,
467867,nd1R675295,05379d1347,2/8/11 12:37,nd1S05379,Right,Hazel,No,nd1C00062,nd1T00053,nd1E00093,nd1N00059,"nd1I00026\,stdI00002",,Inside,721345,No,,No,No,No,Male,1988,White,
473421,nd1R682257,05379d1365,2/8/11 12:37,nd1S05379,Right,Hazel,No,nd1C00062,nd1T00049,nd1E00093,nd1N00049,"nd1I00023\,stdI00002",,Inside,726899,No,,No,No,No,Male,1988,White,
519882,nd1R809846,05379d1761,3/23/11 12:00,nd1S05379,Right,Hazel,No,nd1C00062,nd1T00054,nd1E00093,nd1N00059,"nd1I00026\,stdI00002",,Inside,827465,No,,No,No,No,Male,1988,White,
551247,nd1R854534,05379d1914,4/26/11 14:34,nd1S05379,Right,Hazel,No,nd1C00062,nd1T00054,nd1E00101,nd1N00059,"nd1I00026\,stdI00002",,Inside,896832,No,,No,No,No,Male,1988,White,
551253,nd1R854540,05379d1920,4/26/11 14:34,nd1S05379,Right,Hazel,No,nd1C00062,nd1T00053,nd1E00101,nd1N00059,"nd1I00026\,stdI00002",,Inside,896838,No,,No,No,No,Male,1988,White,
551254,nd1R854541,05379d1921,4/26/11 14:34,nd1S05379,Right,Hazel,No,nd1C00062,nd1T00053,nd1E00101,nd1N00059,"nd1I00026\,stdI00002",,Inside,896839,No,,No,No,No,Male,1988,White,
552270,nd1R855557,05379d1932,4/26/11 14:34,nd1S05379,Right,Hazel,No,nd1C00062,nd1T00049,nd1E00101,nd1N00049,"nd1I00023\,stdI00002",,Inside,897855,No,,No,No,No,Male,1988,White,
570417,nd1R880925,05379d79,9/3/07 13:00,nd1S05379,Right,Hazel,No,nd1C00046,nd1T00002,nd1E00074,nd1N00006,"nd1I00017\,stdI00002",,Inside,935341,No,,No,No,No,Male,1988,White,
570561,nd1R881082,05379d86,9/18/07 13:00,nd1S05379,Right,Hazel,No,nd1C00046,nd1T00002,nd1E00074,nd1N00006,nd1I00016,,Inside,935485,No,,No,No,No,Male,1988,White,
570566,nd1R881087,05379d91,9/18/07 13:00,nd1S05379,Right,Hazel,No,nd1C00046,nd1T00002,nd1E00074,nd1N00006,"nd1I00015\,stdI00002",,Inside,935490,No,,No,No,No,Male,1988,White,
579089,nd1R888052,05379d1978,9/15/11 14:58,nd1S05379,Right,Hazel,No,nd1C00068,nd1T00049,nd1E00107,nd1N00077,"nd1I00023\,stdI00002",,Inside,943991,No,,No,No,No,Male,1988,White,
185004,nd5R69005,05405d151,3/12/08 0:00,nd1S05405,Right,Brown,No,nd1C00013,nd1T00015,nd1E00054,nd1N00020,nd1I00013,nd1I00013,Inside,228562,No,,No,No,No,Male,1979,White,
185849,nd5R68166,05405d140,3/12/08 0:00,nd1S05405,Right,Brown,No,nd1C00013,nd1T00014,nd1E00074,nd1N00006,"nd1I00016\,stdI00002",nd1I00012,Inside,229407,No,,No,No,No,Male,1979,White,
187538,nd5R66486,05405d121,3/25/08 0:00,nd1S05405,Right,Brown,No,nd1C00013,nd1T00014,nd1E00074,nd1N00006,"nd1I00017\,stdI00002",nd1I00012,Inside,231096,No,,No,No,No,Male,1979,White,
187539,nd5R66485,05405d120,3/25/08 0:00,nd1S05405,Right,Brown,No,nd1C00013,nd1T00014,nd1E00074,nd1N00006,"nd1I00015\,stdI00002",nd1I00012,Inside,231097,No,,No,No,No,Male,1979,White,
187542,nd5R66482,05405d117,3/25/08 0:00,nd1S05405,Right,Brown,No,nd1C00013,nd1T00014,nd1E00074,nd1N00006,"nd1I00015\,stdI00002",nd1I00012,Inside,231100,No,,No,No,No,Male,1979,White,
188778,nd5R65268,05405d115,4/1/08 0:00,nd1S05405,Right,Brown,No,nd1C00013,nd1T00015,nd1E00054,nd1N00020,nd1I00013,nd1I00013,Inside,233068,No,,No,No,No,Male,1979,White,
189523,nd5R64526,05405d102,4/1/08 0:00,nd1S05405,Right,Brown,No,nd1C00013,nd1T00014,nd1E00074,nd1N00006,"nd1I00015\,stdI00002",nd1I00012,Inside,233813,No,,No,No,No,Male,1979,White,
192835,nd5R72084,05405d170,4/10/08 0:00,nd1S05405,Right,Brown,No,nd1C00013,nd1T00014,nd1E00074,nd1N00006,"nd1I00015\,stdI00002",nd1I00012,Inside,237912,No,,No,No,No,Male,1979,White,
194671,nd5R73908,05405d185,4/23/08 0:00,nd1S05405,Right,Brown,No,nd1C00013,nd1T00014,nd1E00074,nd1N00006,"nd1I00015\,stdI00002",nd1I00012,Inside,241648,No,,No,No,No,Male,1979,White,
194674,nd5R73911,05405d188,4/23/08 0:00,nd1S05405,Right,Brown,No,nd1C00013,nd1T00014,nd1E00074,nd1N00006,"nd1I00015\,stdI00002",nd1I00012,Inside,241651,No,,No,No,No,Male,1979,White,
197186,nd5R76407,05405d201,4/29/08 0:00,nd1S05405,Right,Brown,No,nd1C00013,nd1T00014,nd1E00074,nd1N00006,"nd1I00016\,stdI00002",nd1I00012,Inside,244163,No,,No,No,No,Male,1979,White,
197190,nd5R76411,05405d205,4/29/08 0:00,nd1S05405,Right,Brown,No,nd1C00013,nd1T00014,nd1E00074,nd1N00006,"nd1I00017\,stdI00002",nd1I00012,Inside,244167,No,,No,No,No,Male,1979,White,
201806,nd4R95262,05405d433,9/11/08 0:00,nd1S05405,Right,Brown,No,nd1C00028,nd1T00014,nd1E00074,nd1N00006,"nd1I00015\,stdI00002",nd1I00004,Inside,257450,No,,No,No,No,Male,1979,White,
201812,nd4R95268,05405d439,9/11/08 0:00,nd1S05405,Right,Brown,No,nd1C00028,nd1T00014,nd1E00074,nd1N00006,"nd1I00015\,stdI00002",nd1I00004,Inside,257456,No,,No,No,No,Male,1979,White,
206910,nd4R46842,05405d265,9/25/08 0:00,nd1S05405,Right,Brown,No,nd1C00023,nd1T00014,nd1E00074,nd1N00006,"nd1I00017\,stdI00002",nd1I00011,Inside,263546,No,,No,No,No,Male,1979,White,
218703,nd4R58484,05405d325,10/30/08 0:00,nd1S05405,Right,Brown,No,nd1C00023,nd1T00014,nd1E00074,nd1N00006,"nd1I00015\,stdI00002",nd1I00012,Inside,279553,No,,No,No,No,Male,1979,White,
227383,nd4R67040,05405d348,12/4/08 0:00,nd1S05405,Right,Brown,No,nd1C00023,nd1T00014,nd1E00074,nd1N00006,"nd1I00017\,stdI00002",nd1I00012,Inside,288233,No,,No,No,No,Male,1979,White,
342553,nd5R45259,05405d469,4/22/09 0:00,nd1S05405,Right,Brown,No,nd1C00033,nd1T00014,nd1E00074,nd1N00006,"nd1I00017\,stdI00002",nd1I00012,Inside,447212,No,,No,No,No,Male,1979,White,
342557,nd5R45263,05405d473,4/22/09 0:00,nd1S05405,Right,Brown,No,nd1C00033,nd1T00014,nd1E00074,nd1N00006,"nd1I00015\,stdI00002",nd1I00012,Inside,447216,No,,No,No,No,Male,1979,White,
544957,nd1R824124,05407d1462,4/14/11 14:21,nd1S05407,Left,Brown,No,nd1C00062,nd1T00054,nd1E00101,nd1N00059,"nd1I00026\,stdI00002",,Inside,869141,Yes,Soft,No,No,No,Female,1989,White,
544961,nd1R824128,05407d1466,4/14/11 14:21,nd1S05407,Left,Brown,No,nd1C00062,nd1T00054,nd1E00101,nd1N00059,"nd1I00026\,stdI00002",,Inside,869145,Yes,Soft,No,No,No,Female,1989,White,
544967,,,4/14/11 14:21,nd1S05407,Left,Brown,No,,nd1T00053,nd1E00101,nd1N00059,"nd1I00026\,stdI00002",,Inside,869151,Yes,Soft,No,No,No,Female,1989,White,
544968,nd1R824134,05407d1472,4/14/11 14:21,nd1S05407,Left,Brown,No,nd1C00062,nd1T00053,nd1E00101,nd1N00059,"nd1I00026\,stdI00002",,Inside,869152,Yes,Soft,No,No,No,Female,1989,White,
544969,nd1R824135,05407d1473,4/14/11 14:21,nd1S05407,Left,Brown,No,nd1C00062,nd1T00053,nd1E00101,nd1N00059,"nd1I00026\,stdI00002",,Inside,869153,Yes,Soft,No,No,No,Female,1989,White,
544970,nd1R824136,05407d1474,4/14/11 14:21,nd1S05407,Left,Brown,No,nd1C00062,nd1T00053,nd1E00101,nd1N00059,"nd1I00026\,stdI00002",,Inside,869154,Yes,Soft,No,No,No,Female,1989,White,
546938,nd1R825848,05407d1484,4/14/11 14:21,nd1S05407,Left,Brown,No,nd1C00062,nd1T00051,nd1E00101,nd1N00020,"nd1I00027\,stdI00002",,Inside,871122,Yes,Soft,No,No,No,Female,1989,White,
546939,nd1R825849,05407d1485,4/14/11 14:21,nd1S05407,Left,Brown,No,nd1C00062,nd1T00051,nd1E00101,nd1N00020,"nd1I00028\,stdI00002",,Inside,871123,Yes,Soft,No,No,No,Female,1989,White,
546940,nd1R825850,05407d1486,4/14/11 14:21,nd1S05407,Left,Brown,No,nd1C00062,nd1T00051,nd1E00101,nd1N00020,"nd1I00027\,stdI00002",,Inside,871124,Yes,Soft,No,No,No,Female,1989,White,
546941,nd1R825851,05407d1487,4/14/11 14:21,nd1S05407,Left,Brown,No,nd1C00062,nd1T00051,nd1E00101,nd1N00020,"nd1I00028\,stdI00002",,Inside,871125,Yes,Soft,No,No,No,Female,1989,White,
547871,nd1R835356,05407d1517,4/14/11 14:21,nd1S05407,Left,Brown,No,nd1C00059,nd1T00051,nd1E00101,lg4000diff20,"nd1I00027\,stdI00002",,Inside,872055,Yes,Soft,No,No,No,Female,1989,White,
547872,nd1R835357,05407d1518,4/14/11 14:21,nd1S05407,Left,Brown,No,nd1C00059,nd1T00051,nd1E00101,lg4000diff20,"nd1I00028\,stdI00002",,Inside,872056,Yes,Soft,No,No,No,Female,1989,White,
547873,nd1R835358,05407d1519,4/14/11 14:21,nd1S05407,Left,Brown,No,nd1C00059,nd1T00051,nd1E00101,lg4000diff20,"nd1I00027\,stdI00002",,Inside,872057,Yes,Soft,No,No,No,Female,1989,White,
547874,nd1R835359,05407d1520,4/14/11 14:21,nd1S05407,Left,Brown,No,nd1C00059,nd1T00051,nd1E00101,lg4000diff20,"nd1I00028\,stdI00002",,Inside,872058,Yes,Soft,No,No,No,Female,1989,White,
548539,nd1R826448,05407d1488,4/14/11 14:21,nd1S05407,Left,Brown,No,nd1C00062,nd1T00049,nd1E00101,nd1N00049,"nd1I00023\,stdI00002",,Inside,872723,Yes,Soft,No,No,No,Female,1989,White,
548540,nd1R826449,05407d1489,4/14/11 14:21,nd1S05407,Left,Brown,No,nd1C00062,nd1T00049,nd1E00101,nd1N00049,"nd1I00023\,stdI00002",,Inside,872724,Yes,Soft,No,No,No,Female,1989,White,
549358,nd1R827175,05407d1496,4/14/11 14:21,nd1S05407,Left,Brown,No,nd1C00062,nd1T00050,nd1E00101,nd1N00048,"nd1I00022\,stdI00002",,Inside,873542,Yes,Soft,No,No,No,Female,1989,White,
549360,nd1R827177,05407d1498,4/14/11 14:21,nd1S05407,Left,Brown,No,nd1C00062,nd1T00050,nd1E00101,nd1N00048,"nd1I00022\,stdI00002",,Inside,873544,Yes,Soft,No,No,No,Female,1989,White,
549362,nd1R827179,05407d1500,4/14/11 14:21,nd1S05407,Left,Brown,No,nd1C00062,nd1T00050,nd1E00101,nd1N00048,"nd1I00022\,stdI00002",,Inside,873546,Yes,Soft,No,No,No,Female,1989,White,
557312,nd1R859515,05407d1570,4/27/11 14:52,nd1S05407,Left,Brown,No,nd1C00062,nd1T00054,nd1E00101,nd1N00059,"nd1I00026\,stdI00002",,Inside,902897,Yes,Soft,No,No,No,Female,1989,White,
557322,nd1R859525,05407d1580,4/27/11 14:52,nd1S05407,Left,Brown,No,nd1C00062,nd1T00053,nd1E00101,nd1N00059,"nd1I00026\,stdI00002",,Inside,902907,Yes,Soft,No,No,No,Female,1989,White,
557323,nd1R859526,05407d1581,4/27/11 14:52,nd1S05407,Left,Brown,No,nd1C00062,nd1T00053,nd1E00101,nd1N00059,"nd1I00026\,stdI00002",,Inside,902908,Yes,Soft,No,No,No,Female,1989,White,
557324,nd1R859527,05407d1582,4/27/11 14:52,nd1S05407,Left,Brown,No,nd1C00062,nd1T00053,nd1E00101,nd1N00059,"nd1I00026\,stdI00002",,Inside,902909,Yes,Soft,No,No,No,Female,1989,White,
558765,nd1R860968,05407d1590,4/27/11 14:52,nd1S05407,Left,Brown,No,nd1C00062,nd1T00049,nd1E00101,nd1N00049,"nd1I00023\,stdI00002",,Inside,904350,Yes,Soft,No,No,No,Female,1989,White,
559624,nd1R861826,05407d1598,4/27/11 14:52,nd1S05407,Left,Brown,No,nd1C00062,nd1T00050,nd1E00101,nd1N00048,"nd1I00022\,stdI00002",,Inside,905209,Yes,Soft,No,No,No,Female,1989,White,
559629,nd1R861831,05407d1602,4/27/11 14:52,nd1S05407,Left,Brown,No,nd1C00062,nd1T00050,nd1E00101,nd1N00048,"nd1I00022\,stdI00002",,Inside,905214,Yes,Soft,No,No,No,Female,1989,White,
560297,nd1R862499,05407d1608,4/27/11 14:52,nd1S05407,Left,Brown,No,nd1C00062,nd1T00051,nd1E00101,nd1N00020,"nd1I00027\,stdI00002",,Inside,905882,Yes,Soft,No,No,No,Female,1989,White,
560299,nd1R862501,05407d1610,4/27/11 14:52,nd1S05407,Left,Brown,No,nd1C00062,nd1T00051,nd1E00101,nd1N00020,"nd1I00027\,stdI00002",,Inside,905884,Yes,Soft,No,No,No,Female,1989,White,
560300,nd1R862502,05407d1611,4/27/11 14:52,nd1S05407,Left,Brown,No,nd1C00062,nd1T00051,nd1E00101,nd1N00020,"nd1I00028\,stdI00002",,Inside,905885,Yes,Soft,No,No,No,Female,1989,White,
560766,nd1R869207,05407d1615,4/27/11 14:52,nd1S05407,Left,Brown,No,nd1C00059,nd1T00051,nd1E00101,lg4000diff25,"nd1I00027\,stdI00002",,Inside,906351,Yes,Soft,No,No,No,Female,1989,White,
560767,nd1R869208,05407d1616,4/27/11 14:52,nd1S05407,Left,Brown,No,nd1C00059,nd1T00051,nd1E00101,lg4000diff25,"nd1I00028\,stdI00002",,Inside,906352,Yes,Soft,No,No,No,Female,1989,White,
560768,nd1R869209,05407d1617,4/27/11 14:52,nd1S05407,Left,Brown,No,nd1C00059,nd1T00051,nd1E00101,lg4000diff25,"nd1I00027\,stdI00002",,Inside,906353,Yes,Soft,No,No,No,Female,1989,White,
518427,nd1R808392,05407d1461,3/22/11 12:00,nd1S05407,Right,Brown,No,nd1C00062,nd1T00051,nd1E00093,nd1N00020,"nd1I00027\,stdI00002",,Inside,826010,No,,No,No,No,Female,1989,White,
544962,nd1R824129,05407d1467,4/14/11 14:21,nd1S05407,Right,Brown,No,nd1C00062,nd1T00054,nd1E00101,nd1N00059,"nd1I00026\,stdI00002",,Inside,869146,Yes,Soft,No,No,No,Female,1989,White,
544973,,,4/14/11 14:21,nd1S05407,Right,Brown,No,,nd1T00053,nd1E00101,nd1N00059,"nd1I00026\,stdI00002",,Inside,869157,Yes,Soft,No,No,No,Female,1989,White,
544976,nd1R824141,05407d1479,4/14/11 14:21,nd1S05407,Right,Brown,No,nd1C00062,nd1T00053,nd1E00101,nd1N00059,"nd1I00026\,stdI00002",,Inside,869160,Yes,Soft,No,No,No,Female,1989,White,
546474,nd1R825436,05407d1481,4/14/11 14:21,nd1S05407,Right,Brown,No,nd1C00062,nd1T00051,nd1E00101,nd1N00020,"nd1I00027\,stdI00002",,Inside,870658,Yes,Soft,No,No,No,Female,1989,White,
547406,nd1R834943,05407d1513,4/14/11 14:21,nd1S05407,Right,Brown,No,nd1C00059,nd1T00051,nd1E00101,lg4000diff20,"nd1I00028\,stdI00002",,Inside,871590,Yes,Soft,No,No,No,Female,1989,White,
547409,nd1R834946,05407d1516,4/14/11 14:21,nd1S05407,Right,Brown,No,nd1C00059,nd1T00051,nd1E00101,lg4000diff20,"nd1I00027\,stdI00002",,Inside,871593,Yes,Soft,No,No,No,Female,1989,White,
548546,nd1R826455,05407d1495,4/14/11 14:21,nd1S05407,Right,Brown,No,nd1C00062,nd1T00049,nd1E00101,nd1N00049,"nd1I00023\,stdI00002",,Inside,872730,Yes,Soft,No,No,No,Female,1989,White,
549363,nd1R827180,05407d1501,4/14/11 14:21,nd1S05407,Right,Brown,No,nd1C00062,nd1T00050,nd1E00101,nd1N00048,"nd1I00022\,stdI00002",,Inside,873547,Yes,Soft,No,No,No,Female,1989,White,
557317,nd1R859520,05407d1575,4/27/11 14:52,nd1S05407,Right,Brown,No,nd1C00062,nd1T00054,nd1E00101,nd1N00059,"nd1I00026\,stdI00002",,Inside,902902,Yes,Soft,No,No,No,Female,1989,White,
558769,nd1R860972,05407d1594,4/27/11 14:52,nd1S05407,Right,Brown,No,nd1C00062,nd1T00049,nd1E00101,nd1N00049,"nd1I00023\,stdI00002",,Inside,904354,Yes,Soft,No,No,No,Female,1989,White,
559961,nd1R862163,05407d1606,4/27/11 14:52,nd1S05407,Right,Brown,No,nd1C00062,nd1T00051,nd1E00101,nd1N00020,"nd1I00028\,stdI00002",,Inside,905546,Yes,Soft,No,No,No,Female,1989,White,
561176,nd1R869616,05407d1619,4/27/11 14:52,nd1S05407,Right,Brown,No,nd1C00059,nd1T00051,nd1E00101,lg4000diff25,"nd1I00028\,stdI00002",,Inside,906761,Yes,Soft,No,No,No,Female,1989,White,
206605,nd4R46557,05455d140,9/25/08 0:00,nd1S05455,Left,Hazel,No,nd1C00023,nd1T00014,nd1E00074,nd1N00006,"nd1I00015\,stdI00002",nd1I00011,Inside,263241,No,,No,No,No,Female,1985,White,
212897,nd4R52729,05455d157,10/9/08 0:00,nd1S05455,Left,Hazel,No,nd1C00023,nd1T00014,nd1E00074,nd1N00016,"nd1I00016\,stdI00002",nd1I00012,Inside,271501,No,,No,No,No,Female,1985,White,
212902,nd4R52734,05455d162,10/9/08 0:00,nd1S05455,Left,Hazel,No,nd1C00023,nd1T00014,nd1E00074,nd1N00016,"nd1I00015\,stdI00002",nd1I00012,Inside,271506,No,,No,No,No,Female,1985,White,
212903,nd4R52735,05455d163,10/9/08 0:00,nd1S05455,Left,Hazel,No,nd1C00023,nd1T00014,nd1E00074,nd1N00016,"nd1I00016\,stdI00002",nd1I00012,Inside,271507,No,,No,No,No,Female,1985,White,
212908,nd4R52740,05455d168,10/9/08 0:00,nd1S05455,Left,Hazel,No,nd1C00023,nd1T00014,nd1E00074,nd1N00016,"nd1I00015\,stdI00002",nd1I00012,Inside,271512,No,,No,No,No,Female,1985,White,
212911,nd4R52743,05455d171,10/9/08 0:00,nd1S05455,Left,Hazel,No,nd1C00023,nd1T00014,nd1E00074,nd1N00016,"nd1I00015\,stdI00002",nd1I00012,Inside,271515,No,,No,No,No,Female,1985,White,
212921,nd4R52753,05455d181,10/9/08 0:00,nd1S05455,Left,Hazel,No,nd1C00023,nd1T00014,nd1E00074,nd1N00016,"nd1I00016\,stdI00002",nd1I00012,Inside,271525,No,,No,No,No,Female,1985,White,
212922,nd4R52754,05455d182,10/9/08 0:00,nd1S05455,Left,Hazel,No,nd1C00023,nd1T00014,nd1E00074,nd1N00016,"nd1I00017\,stdI00002",nd1I00012,Inside,271526,No,,No,No,No,Female,1985,White,
212932,nd4R52764,05455d192,10/9/08 0:00,nd1S05455,Left,Hazel,No,nd1C00023,nd1T00014,nd1E00074,nd1N00016,"nd1I00015\,stdI00002",nd1I00012,Inside,271536,No,,No,No,No,Female,1985,White,
212933,nd4R52765,05455d193,10/9/08 0:00,nd1S05455,Left,Hazel,No,nd1C00023,nd1T00014,nd1E00074,nd1N00016,"nd1I00016\,stdI00002",nd1I00012,Inside,271537,No,,No,No,No,Female,1985,White,
212941,nd4R52773,05455d201,10/9/08 0:00,nd1S05455,Left,Hazel,No,nd1C00023,nd1T00014,nd1E00074,nd1N00016,"nd1I00015\,stdI00002",nd1I00012,Inside,271545,No,,No,No,No,Female,1985,White,
212942,nd4R52774,05455d202,10/9/08 0:00,nd1S05455,Left,Hazel,No,nd1C00023,nd1T00014,nd1E00074,nd1N00016,"nd1I00016\,stdI00002",nd1I00012,Inside,271546,No,,No,No,No,Female,1985,White,
212945,nd4R52777,05455d205,10/9/08 0:00,nd1S05455,Left,Hazel,No,nd1C00023,nd1T00014,nd1E00074,nd1N00016,"nd1I00016\,stdI00002",nd1I00012,Inside,271549,No,,No,No,No,Female,1985,White,
212947,nd4R52779,05455d207,10/9/08 0:00,nd1S05455,Left,Hazel,No,nd1C00023,nd1T00014,nd1E00074,nd1N00016,"nd1I00015\,stdI00002",nd1I00012,Inside,271551,No,,No,No,No,Female,1985,White,
212952,nd4R52784,05455d212,10/9/08 0:00,nd1S05455,Left,Hazel,No,nd1C00023,nd1T00014,nd1E00074,nd1N00016,"nd1I00017\,stdI00002",nd1I00012,Inside,271556,No,,No,No,No,Female,1985,White,
212956,nd4R52788,05455d216,10/9/08 0:00,nd1S05455,Left,Hazel,No,nd1C00023,nd1T00014,nd1E00074,nd1N00016,"nd1I00015\,stdI00002",nd1I00012,Inside,271560,No,,No,No,No,Female,1985,White,
217590,nd4R57401,05455d236,10/30/08 0:00,nd1S05455,Left,Hazel,No,nd1C00023,nd1T00014,nd1E00074,nd1N00006,"nd1I00015\,stdI00002",nd1I00012,Inside,278440,No,,No,No,No,Female,1985,White,
217595,nd4R57406,05455d241,10/30/08 0:00,nd1S05455,Left,Hazel,No,nd1C00023,nd1T00014,nd1E00074,nd1N00006,"nd1I00017\,stdI00002",nd1I00012,Inside,278445,No,,No,No,No,Female,1985,White,
219444,nd4R59223,05455d258,11/13/08 0:00,nd1S05455,Left,Hazel,No,nd1C00023,nd1T00014,nd1E00054,nd1N00020,nd1I00013,nd1I00013,Inside,280294,No,,No,No,No,Female,1985,White,
223660,nd4R63371,05455d270,11/13/08 0:00,nd1S05455,Left,Hazel,No,nd1C00023,nd1T00014,nd1E00074,nd1N00006,"nd1I00016\,stdI00002",nd1I00012,Inside,284510,No,,No,No,No,Female,1985,White,
223665,nd4R63376,05455d275,11/13/08 0:00,nd1S05455,Left,Hazel,No,nd1C00023,nd1T00014,nd1E00074,nd1N00006,"nd1I00015\,stdI00002",nd1I00012,Inside,284515,No,,No,No,No,Female,1985,White,
226091,nd4R65761,05455d296,12/3/08 0:00,nd1S05455,Left,Hazel,No,nd1C00023,nd1T00014,nd1E00074,nd1N00006,"nd1I00015\,stdI00002",nd1I00012,Inside,286941,No,,No,No,No,Female,1985,White,
226092,nd4R65762,05455d297,12/3/08 0:00,nd1S05455,Left,Hazel,No,nd1C00023,nd1T00014,nd1E00074,nd1N00006,"nd1I00016\,stdI00002",nd1I00012,Inside,286942,No,,No,No,No,Female,1985,White,
308838,nd5R37316,05455d546,2/5/09 0:00,nd1S05455,Left,Hazel,No,nd1C00033,nd1T00014,nd1E00074,nd1N00006,"nd1I00016\,stdI00002",nd1I00012,Inside,390562,No,,No,No,No,Female,1985,White,
311481,nd5R39951,05455d570,2/5/09 0:00,nd1S05455,Left,Hazel,No,nd1C00033,nd1T00014,nd1E00054,nd1N00020,nd1I00013,nd1I00013,Inside,393205,No,,No,No,No,Female,1985,White,
317645,nd5R29468,05455d544,2/19/09 0:00,nd1S05455,Left,Hazel,No,nd1C00033,nd1T00014,nd1E00074,nd1N00006,"nd1I00017\,stdI00002",nd1I00012,Inside,405148,No,,No,No,No,Female,1985,White,
326629,nd5R20525,05455d515,3/5/09 0:00,nd1S05455,Left,Hazel,No,nd1C00033,nd1T00014,nd1E00074,nd1N00006,"nd1I00016\,stdI00002",nd1I00012,Inside,420066,No,,No,No,No,Female,1985,White,
328909,nd5R15343,05455d491,3/5/09 0:00,nd1S05455,Left,Hazel,No,nd1C00033,nd1T00014,nd1E00054,nd1N00020,nd1I00013,nd1I00013,Inside,422346,No,,No,No,No,Female,1985,White,
335016,nd5R09254,05455d485,3/26/09 0:00,nd1S05455,Left,Hazel,No,nd1C00033,nd1T00014,nd1E00074,nd1N00006,"nd1I00016\,stdI00002",nd1I00012,Inside,436028,No,,No,No,No,Female,1985,White,
335020,nd5R09250,05455d481,3/26/09 0:00,nd1S05455,Left,Hazel,No,nd1C00033,nd1T00014,nd1E00074,nd1N00006,"nd1I00017\,stdI00002",nd1I00012,Inside,436032,No,,No,No,No,Female,1985,White,
335026,nd5R09244,05455d475,3/26/09 0:00,nd1S05455,Left,Hazel,No,nd1C00033,nd1T00014,nd1E00074,nd1N00006,"nd1I00017\,stdI00002",nd1I00012,Inside,436038,No,,No,No,No,Female,1985,White,
338422,nd5R41151,05455d577,4/21/09 0:00,nd1S05455,Left,Hazel,No,nd1C00033,nd1T00014,nd1E00074,nd1N00006,"nd1I00017\,stdI00002",nd1I00012,Inside,441587,No,,No,No,No,Female,1985,White,
338424,nd5R41153,05455d579,4/21/09 0:00,nd1S05455,Left,Hazel,No,nd1C00033,nd1T00014,nd1E00074,nd1N00006,"nd1I00016\,stdI00002",nd1I00012,Inside,441589,No,,No,No,No,Female,1985,White,
338436,nd5R41165,05455d591,4/21/09 0:00,nd1S05455,Left,Hazel,No,nd1C00033,nd1T00014,nd1E00074,nd1N00006,"nd1I00016\,stdI00002",nd1I00012,Inside,441601,No,,No,No,No,Female,1985,White,
360737,nd6R30284,05455d791,11/18/09 0:00,nd1S05455,Left,Hazel,No,nd1C00041,nd1T00016,nd1E00075,nd1N00021,nd1I00013,nd1I00013,Inside,512519,No,,No,No,No,Female,1985,White,
369282,nd6R34627,05455d797,12/2/09 0:00,nd1S05455,Left,Hazel,No,nd1C00041,nd1T00002,nd1E00075,nd1N00006,"nd1I00016\,stdI00002",nd1I00004,Inside,521064,No,,No,No,No,Female,1985,White,contacts-NoContacts
369286,nd6R34631,05455d801,12/2/09 0:00,nd1S05455,Left,Hazel,No,nd1C00041,nd1T00002,nd1E00075,nd1N00006,"nd1I00017\,stdI00002",nd1I00004,Inside,521068,No,,No,No,No,Female,1985,White,contacts-NoContacts
373725,nd6R23852,05455d751,11/3/09 0:00,nd1S05455,Left,Hazel,No,nd1C00041,nd1T00016,nd1E00075,nd1N00021,nd1I00013,nd1I00013,Inside,527341,No,,No,No,No,Female,1985,White,
391991,,,2/10/10 12:18,nd1S05455,Left,Hazel,No,,nd1T00002,nd1E00075,nd1N00006,"nd1I00015\,stdI00002",nd1I00013,Inside,557201,No,,No,No,No,Female,1985,White,
396950,nd6R53664,05455d897,2/24/10 16:46,nd1S05455,Left,Hazel,No,nd1C00042,nd1T00016,nd1E00077,nd1N00020,"nd1I00004\,stdI00002",,Inside,579524,No,,No,No,No,Female,1985,White,
419745,nd6R76007,05455d985,4/27/10 15:15,nd1S05455,Left,Hazel,No,nd1C00042,nd1T00016,nd1E00077,nd1N00020,"nd1I00004\,stdI00002",,Inside,609247,No,,No,No,No,Female,1985,White,
447363,nd7R31138,05455d1164,10/27/10 16:28,nd1S05455,Left,Hazel,No,nd1C00055,nd1T00040,nd1E00085,nd1N00049,"nd1I00023\,stdI00002",,Inside,675820,No,,No,No,No,Female,1985,White,
455130,nd1R648396,05455d1226,12/1/10 15:06,nd1S05455,Left,Hazel,No,nd1C00055,nd1T00050,nd1E00090,nd1N00048,"nd1I00022\,stdI00002",,Inside,695967,No,,No,No,No,Female,1985,White,
455137,nd1R648403,05455d1233,12/1/10 15:06,nd1S05455,Left,Hazel,No,nd1C00055,nd1T00049,nd1E00090,nd1N00049,"nd1I00023\,stdI00002",,Inside,695974,No,,No,No,No,Female,1985,White,
464152,,,1/26/11 13:50,nd1S05455,Left,Hazel,No,,nd1T00053,nd1E00093,nd1N00059,"nd1I00026\,stdI00002",,Inside,707173,No,,No,No,No,Female,1985,White,
471634,nd1R678643,05455d1322,2/9/11 16:27,nd1S05455,Left,Hazel,No,nd1C00062,nd1T00054,nd1E00093,nd1N00059,"nd1I00026\,stdI00002",,Inside,725112,No,,No,No,No,Female,1985,White,
471644,nd1R678653,05455d1332,2/9/11 16:27,nd1S05455,Left,Hazel,No,nd1C00062,nd1T00053,nd1E00093,nd1N00059,"nd1I00026\,stdI00002",,Inside,725122,No,,No,No,No,Female,1985,White,
657839,nd1R1047290,05455d2493,3/7/12 13:56,nd1S05455,Right,Hazel,No,nd1C00072,nd1T00054,nd1E00107,nd1N00073,"nd1I00036\,stdI00002",,Inside,1107585,No,,No,No,No,Female,1985,White,
657852,nd1R1047303,05455d2506,3/7/12 13:56,nd1S05455,Right,Hazel,No,nd1C00072,nd1T00053,nd1E00107,nd1N00073,"nd1I00036\,stdI00002",,Inside,1107598,No,,No,No,No,Female,1985,White,
659765,nd1R1049216,05455d2525,3/7/12 13:56,nd1S05455,Right,Hazel,No,nd1C00072,nd1T00050,nd1E00107,nd1N00048,"nd1I00022\,stdI00002",,Inside,1109511,No,,No,No,No,Female,1985,White,
659767,nd1R1049218,05455d2527,3/7/12 13:56,nd1S05455,Right,Hazel,No,nd1C00072,nd1T00050,nd1E00107,nd1N00048,"nd1I00022\,stdI00002",,Inside,1109513,No,,No,No,No,Female,1985,White,
660558,nd1R1050005,05455d2539,3/7/12 13:56,nd1S05455,Right,Hazel,No,nd1C00072,nd1T00051,nd1E00107,nd1N00074,"nd1I00027\,stdI00002",,Inside,1110304,No,,No,No,No,Female,1985,White,
668549,nd1R1069570,05455d2591,3/28/12 12:30,nd1S05455,Right,Hazel,No,nd1C00072,nd1T00054,nd1E00107,nd1N00073,"nd1I00036\,stdI00002",,Inside,1129841,No,,No,No,No,Female,1985,White,
668900,nd1R1069919,05455d2615,3/28/12 12:30,nd1S05455,Right,Hazel,No,nd1C00072,nd1T00049,nd1E00107,nd1N00079,"nd1I00023\,stdI00002",,Inside,1130192,No,,No,No,No,Female,1985,White,
670286,nd1R1071305,05455d2630,3/28/12 12:30,nd1S05455,Right,Hazel,No,nd1C00072,nd1T00051,nd1E00107,nd1N00074,"nd1I00028\,stdI00002",,Inside,1131578,No,,No,No,No,Female,1985,White,
670287,nd1R1071306,05455d2631,3/28/12 12:30,nd1S05455,Right,Hazel,No,nd1C00072,nd1T00051,nd1E00107,nd1N00074,"nd1I00027\,stdI00002",,Inside,1131579,No,,No,No,No,Female,1985,White,
646659,nd1R1025093,05456d2522,2/22/12 12:58,nd1S05456,Left,Hazel,No,nd1C00072,nd1T00054,nd1E00107,nd1N00073,"nd1I00036\,stdI00002",,Inside,1085890,No,,No,No,No,Female,1986,White,
647472,nd1R1025906,05456d2542,2/22/12 12:58,nd1S05456,Left,Hazel,No,nd1C00072,nd1T00049,nd1E00107,nd1N00079,"nd1I00023\,stdI00002",,Inside,1086703,No,,No,No,No,Female,1986,White,
647995,nd1R1026429,05456d2550,2/22/12 12:58,nd1S05456,Left,Hazel,No,nd1C00072,nd1T00050,nd1E00107,nd1N00048,"nd1I00022\,stdI00002",,Inside,1087226,No,,No,No,No,Female,1986,White,
668293,nd1R1069314,05456d2719,3/28/12 11:55,nd1S05456,Left,Hazel,No,nd1C00072,nd1T00054,nd1E00107,nd1N00073,"nd1I00036\,stdI00002",,Inside,1129585,No,,No,No,No,Female,1986,White,
668307,nd1R1069328,05456d2733,3/28/12 11:55,nd1S05456,Left,Hazel,No,nd1C00072,nd1T00053,nd1E00107,nd1N00073,"nd1I00036\,stdI00002",,Inside,1129599,No,,No,No,No,Female,1986,White,
668791,nd1R1069812,05456d2735,3/28/12 11:55,nd1S05456,Left,Hazel,No,nd1C00072,nd1T00049,nd1E00107,nd1N00079,"nd1I00023\,stdI00002",,Inside,1130083,No,,No,No,No,Female,1986,White,
670133,nd1R1071152,05456d2751,3/28/12 11:55,nd1S05456,Left,Hazel,No,nd1C00072,nd1T00051,nd1E00107,nd1N00074,"nd1I00028\,stdI00002",,Inside,1131425,No,,No,No,No,Female,1986,White,
198066,nd4R94972,05456d415,9/10/08 0:00,nd1S05456,Left,Hazel,No,nd1C00028,nd1T00015,nd1E00054,nd1N00020,nd1I00004,nd1I00004,Inside,253710,No,,No,No,No,Female,1986,White,
200299,nd4R95124,05456d427,9/10/08 0:00,nd1S05456,Left,Hazel,No,nd1C00028,nd1T00014,nd1E00074,nd1N00006,"nd1I00017\,stdI00002",nd1I00004,Inside,255943,No,,No,No,No,Female,1986,White,
265014,nd5R16448,05456d540,2/3/09 0:00,nd1S05456,Left,Hazel,No,nd1C00033,nd1T00014,nd1E00074,nd1N00006,"nd1I00017\,stdI00002",nd1I00012,Inside,344074,No,,No,No,No,Female,1986,White,
384143,,,1/26/10 16:57,nd1S05456,Left,Hazel,No,,nd1T00002,nd1E00075,nd1N00006,"nd1I00016\,stdI00002",nd1I00013,Inside,539803,No,,No,No,No,Female,1986,White,
407035,nd6R63662,05456d951,3/16/10 16:39,nd1S05456,Left,Hazel,No,nd1C00042,nd1T00002,nd1E00077,nd1N00006,"nd1I00015\,stdI00002",,Inside,589609,No,,No,No,No,Female,1986,White,
422616,,,4/27/10 14:57,nd1S05456,Left,Hazel,No,,nd1T00002,nd1E00077,nd1N00006,"nd1I00015\,stdI00002",,Inside,612118,No,,No,No,No,Female,1986,White,
463486,nd1R671161,05456d1320,1/26/11 12:17,nd1S05456,Left,Hazel,No,nd1C00062,nd1T00051,nd1E00093,nd1N00020,"nd1I00020\,stdI00002",,Inside,706507,No,,No,No,No,Female,1986,White,
598025,nd1R938134,05456d2206,10/11/11 13:32,nd1S05456,Left,Hazel,No,nd1C00068,nd1T00051,nd1E00107,nd1N00074,"nd1I00028\,stdI00002",,Inside,989360,No,,No,No,No,Female,1986,White,
620928,nd1R987685,05456d2410,11/8/11 11:36,nd1S05456,Right,Hazel,No,nd1C00068,nd1T00049,nd1E00107,nd1N00079,"nd1I00023\,stdI00002",,Inside,1035342,No,,No,No,No,Female,1986,White,
632239,nd1R998518,05456d2456,2/7/12 11:52,nd1S05456,Right,Hazel,No,nd1C00072,nd1T00049,nd1E00107,nd1N00079,"nd1I00023\,stdI00002",,Inside,1058129,No,,No,No,No,Female,1986,White,
647996,nd1R1026430,05456d2551,2/22/12 12:58,nd1S05456,Right,Hazel,No,nd1C00072,nd1T00050,nd1E00107,nd1N00048,"nd1I00022\,stdI00002",,Inside,1087227,No,,No,No,No,Female,1986,White,
668301,nd1R1069322,05456d2727,3/28/12 11:55,nd1S05456,Right,Hazel,No,nd1C00072,nd1T00053,nd1E00107,nd1N00073,"nd1I00036\,stdI00002",,Inside,1129593,No,,No,No,No,Female,1986,White,
668795,nd1R1069816,05456d2739,3/28/12 11:55,nd1S05456,Right,Hazel,No,nd1C00072,nd1T00049,nd1E00107,nd1N00079,"nd1I00023\,stdI00002",,Inside,1130087,No,,No,No,No,Female,1986,White,
669531,nd1R1070550,05456d2743,3/28/12 11:55,nd1S05456,Right,Hazel,No,nd1C00072,nd1T00050,nd1E00107,nd1N00048,"nd1I00022\,stdI00002",,Inside,1130823,No,,No,No,No,Female,1986,White,
670139,nd1R1071158,05456d2757,3/28/12 11:55,nd1S05456,Right,Hazel,No,nd1C00072,nd1T00051,nd1E00107,nd1N00074,"nd1I00027\,stdI00002",,Inside,1131431,No,,No,No,No,Female,1986,White,
185218,nd5R68791,05456d59,3/13/08 0:00,nd1S05456,Right,Hazel,No,nd1C00013,nd1T00015,nd1E00054,nd1N00020,nd1I00013,nd1I00013,Inside,228776,No,,No,No,No,Female,1986,White,
203583,nd4R95305,05456d444,9/25/08 0:00,nd1S05456,Right,Hazel,No,nd1C00028,nd1T00015,nd1E00054,nd1N00020,nd1I00004,nd1I00004,Inside,260219,No,,No,No,No,Female,1986,White,
210199,nd4R50074,05456d185,10/7/08 0:00,nd1S05456,Right,Hazel,No,nd1C00023,nd1T00014,nd1E00074,nd1N00016,"nd1I00015\,stdI00002",nd1I00012,Inside,268803,No,,No,No,No,Female,1986,White,
325046,nd5R22104,05456d576,3/4/09 0:00,nd1S05456,Right,Hazel,No,nd1C00033,nd1T00014,nd1E00074,nd1N00006,"nd1I00015\,stdI00002",nd1I00012,Inside,416600,No,,No,No,No,Female,1986,White,
325053,nd5R22097,05456d569,3/4/09 0:00,nd1S05456,Right,Hazel,No,nd1C00033,nd1T00014,nd1E00074,nd1N00006,"nd1I00016\,stdI00002",nd1I00012,Inside,416607,No,,No,No,No,Female,1986,White,
366386,nd6R31751,05456d836,12/1/09 0:00,nd1S05456,Right,Hazel,No,nd1C00041,nd1T00002,nd1E00075,nd1N00006,"nd1I00015\,stdI00002",nd1I00004,Inside,518168,No,,No,No,No,Female,1986,White,contacts-NoContacts
384158,,,1/26/10 16:57,nd1S05456,Right,Hazel,No,,nd1T00002,nd1E00075,nd1N00006,"nd1I00016\,stdI00002",nd1I00013,Inside,539818,No,,No,No,No,Female,1986,White,
400059,nd6R56758,05456d924,2/24/10 13:55,nd1S05456,Right,Hazel,No,nd1C00042,nd1T00002,nd1E00077,nd1N00006,"nd1I00015\,stdI00002",,Inside,582633,No,,No,No,No,Female,1986,White,
422620,nd6R78589,05456d1016,4/27/10 14:57,nd1S05456,Right,Hazel,No,nd1C00042,nd1T00002,nd1E00077,nd1N00006,"nd1I00016\,stdI00002",,Inside,612122,No,,No,No,No,Female,1986,White,
469868,nd1R677124,05456d1347,2/9/11 11:43,nd1S05456,Right,Hazel,No,nd1C00062,nd1T00054,nd1E00093,nd1N00059,"nd1I00026\,stdI00002",,Inside,723346,No,,No,No,No,Female,1986,White,
484738,nd1R708121,05456d1467,2/23/11 13:28,nd1S05456,Right,Hazel,No,nd1C00062,nd1T00049,nd1E00093,nd1N00049,"nd1I00023\,stdI00002",,Inside,757802,No,,No,No,No,Female,1986,White,
537740,nd1R819488,05456d1820,4/12/11 16:32,nd1S05456,Right,Hazel,No,nd1C00062,nd1T00049,nd1E00101,nd1N00049,"nd1I00023\,stdI00002",,Inside,861924,No,,No,No,No,Female,1986,White,
570901,nd1R881436,05456d1978,9/13/11 12:08,nd1S05456,Right,Hazel,No,nd1C00068,nd1T00049,nd1E00107,nd1N00077,"nd1I00023\,stdI00002",,Inside,935803,No,,No,No,No,Female,1986,White,
598755,nd1R938804,05456d2220,10/11/11 13:32,nd1S05456,Right,Hazel,No,nd1C00068,nd1T00054,nd1E00107,nd1N00073,"nd1I00036\,stdI00002",,Inside,990090,No,,No,No,No,Female,1986,White,
598765,nd1R938814,05456d2230,10/11/11 13:32,nd1S05456,Right,Hazel,No,nd1C00068,nd1T00053,nd1E00107,nd1N00073,"nd1I00036\,stdI00002",,Inside,990100,No,,No,No,No,Female,1986,White,
238145,nd5R06240,05459d369,1/22/09 0:00,nd1S05459,Left,Brown,No,nd1C00033,nd1T00014,nd1E00054,nd1N00020,nd1I00013,nd1I00013,Inside,314900,Yes,Soft,No,No,No,Male,1983,White,"contacts-soft-given\,contacts-given"
322153,nd5R24981,05459d432,3/3/09 0:00,nd1S05459,Left,Brown,No,nd1C00033,nd1T00014,nd1E00074,nd1N00006,"nd1I00016\,stdI00002",nd1I00012,Inside,411741,Yes,Soft,No,No,No,Male,1983,White,"contacts-soft-given\,contacts-given"
322154,nd5R24980,05459d431,3/3/09 0:00,nd1S05459,Left,Brown,No,nd1C00033,nd1T00014,nd1E00074,nd1N00006,"nd1I00017\,stdI00002",nd1I00012,Inside,411742,Yes,Soft,No,No,No,Male,1983,White,"contacts-soft-given\,contacts-given"
322155,nd5R24979,05459d430,3/3/09 0:00,nd1S05459,Left,Brown,No,nd1C00033,nd1T00014,nd1E00074,nd1N00006,"nd1I00015\,stdI00002",nd1I00012,Inside,411743,Yes,Soft,No,No,No,Male,1983,White,"contacts-soft-given\,contacts-given"
322156,nd5R24978,05459d429,3/3/09 0:00,nd1S05459,Left,Brown,No,nd1C00033,nd1T00014,nd1E00074,nd1N00006,"nd1I00016\,stdI00002",nd1I00012,Inside,411744,Yes,Soft,No,No,No,Male,1983,White,"contacts-soft-given\,contacts-given"
322157,nd5R24977,05459d428,3/3/09 0:00,nd1S05459,Left,Brown,No,nd1C00033,nd1T00014,nd1E00074,nd1N00006,"nd1I00017\,stdI00002",nd1I00012,Inside,411745,Yes,Soft,No,No,No,Male,1983,White,"contacts-soft-given\,contacts-given"
322158,nd5R24976,05459d427,3/3/09 0:00,nd1S05459,Left,Brown,No,nd1C00033,nd1T00014,nd1E00074,nd1N00006,"nd1I00015\,stdI00002",nd1I00012,Inside,411746,Yes,Soft,No,No,No,Male,1983,White,"contacts-soft-given\,contacts-given"
322159,nd5R24975,05459d426,3/3/09 0:00,nd1S05459,Left,Brown,No,nd1C00033,nd1T00014,nd1E00074,nd1N00006,"nd1I00016\,stdI00002",nd1I00012,Inside,411747,Yes,Soft,No,No,No,Male,1983,White,"contacts-soft-given\,contacts-given"
322160,nd5R24974,05459d425,3/3/09 0:00,nd1S05459,Left,Brown,No,nd1C00033,nd1T00014,nd1E00074,nd1N00006,"nd1I00017\,stdI00002",nd1I00012,Inside,411748,Yes,Soft,No,No,No,Male,1983,White,"contacts-soft-given\,contacts-given"
322161,nd5R24973,05459d424,3/3/09 0:00,nd1S05459,Left,Brown,No,nd1C00033,nd1T00014,nd1E00074,nd1N00006,"nd1I00015\,stdI00002",nd1I00012,Inside,411749,Yes,Soft,No,No,No,Male,1983,White,"contacts-soft-given\,contacts-given"
322162,nd5R24972,05459d423,3/3/09 0:00,nd1S05459,Left,Brown,No,nd1C00033,nd1T00014,nd1E00074,nd1N00006,"nd1I00016\,stdI00002",nd1I00012,Inside,411750,Yes,Soft,No,No,No,Male,1983,White,"contacts-soft-given\,contacts-given"
322163,nd5R24971,05459d422,3/3/09 0:00,nd1S05459,Left,Brown,No,nd1C00033,nd1T00014,nd1E00074,nd1N00006,"nd1I00017\,stdI00002",nd1I00012,Inside,411751,Yes,Soft,No,No,No,Male,1983,White,"contacts-soft-given\,contacts-given"
322164,nd5R24970,05459d421,3/3/09 0:00,nd1S05459,Left,Brown,No,nd1C00033,nd1T00014,nd1E00074,nd1N00006,"nd1I00015\,stdI00002",nd1I00012,Inside,411752,Yes,Soft,No,No,No,Male,1983,White,"contacts-soft-given\,contacts-given"
323386,nd5R23750,05459d408,3/3/09 0:00,nd1S05459,Left,Brown,No,nd1C00033,nd1T00014,nd1E00054,nd1N00020,nd1I00013,nd1I00013,Inside,412974,Yes,Soft,No,No,No,Male,1983,White,"contacts-soft-given\,contacts-given"
323388,nd5R23748,05459d406,3/3/09 0:00,nd1S05459,Left,Brown,No,nd1C00033,nd1T00014,nd1E00054,nd1N00020,nd1I00013,nd1I00013,Inside,412976,Yes,Soft,No,No,No,Male,1983,White,"contacts-soft-given\,contacts-given"
323390,nd5R23746,05459d404,3/3/09 0:00,nd1S05459,Left,Brown,No,nd1C00033,nd1T00014,nd1E00054,nd1N00020,nd1I00013,nd1I00013,Inside,412978,Yes,Soft,No,No,No,Male,1983,White,"contacts-soft-given\,contacts-given"
336228,nd5R08050,05459d402,3/26/09 0:00,nd1S05459,Left,Brown,No,nd1C00033,nd1T00014,nd1E00074,nd1N00006,"nd1I00016\,stdI00002",nd1I00012,Inside,437240,Yes,Soft,No,No,No,Male,1983,White,"contacts-soft-given\,contacts-given"
336229,nd5R08049,05459d401,3/26/09 0:00,nd1S05459,Left,Brown,No,nd1C00033,nd1T00014,nd1E00074,nd1N00006,"nd1I00017\,stdI00002",nd1I00012,Inside,437241,Yes,Soft,No,No,No,Male,1983,White,"contacts-soft-given\,contacts-given"
336230,nd5R08048,05459d400,3/26/09 0:00,nd1S05459,Left,Brown,No,nd1C00033,nd1T00014,nd1E00074,nd1N00006,"nd1I00015\,stdI00002",nd1I00012,Inside,437242,Yes,Soft,No,No,No,Male,1983,White,"contacts-soft-given\,contacts-given"
336231,nd5R08047,05459d399,3/26/09 0:00,nd1S05459,Left,Brown,No,nd1C00033,nd1T00014,nd1E00074,nd1N00006,"nd1I00016\,stdI00002",nd1I00012,Inside,437243,Yes,Soft,No,No,No,Male,1983,White,"contacts-soft-given\,contacts-given"
336232,nd5R08046,05459d398,3/26/09 0:00,nd1S05459,Left,Brown,No,nd1C00033,nd1T00014,nd1E00074,nd1N00006,"nd1I00017\,stdI00002",nd1I00012,Inside,437244,Yes,Soft,No,No,No,Male,1983,White,"contacts-soft-given\,contacts-given"
336233,nd5R08045,05459d397,3/26/09 0:00,nd1S05459,Left,Brown,No,nd1C00033,nd1T00014,nd1E00074,nd1N00006,"nd1I00015\,stdI00002",nd1I00012,Inside,437245,Yes,Soft,No,No,No,Male,1983,White,"contacts-soft-given\,contacts-given"
336234,nd5R08044,05459d396,3/26/09 0:00,nd1S05459,Left,Brown,No,nd1C00033,nd1T00014,nd1E00074,nd1N00006,"nd1I00016\,stdI00002",nd1I00012,Inside,437246,Yes,Soft,No,No,No,Male,1983,White,"contacts-soft-given\,contacts-given"
336235,nd5R08043,05459d395,3/26/09 0:00,nd1S05459,Left,Brown,No,nd1C00033,nd1T00014,nd1E00074,nd1N00006,"nd1I00017\,stdI00002",nd1I00012,Inside,437247,Yes,Soft,No,No,No,Male,1983,White,"contacts-soft-given\,contacts-given"
336236,nd5R08042,05459d394,3/26/09 0:00,nd1S05459,Left,Brown,No,nd1C00033,nd1T00014,nd1E00074,nd1N00006,"nd1I00015\,stdI00002",nd1I00012,Inside,437248,Yes,Soft,No,No,No,Male,1983,White,"contacts-soft-given\,contacts-given"
336237,nd5R08041,05459d393,3/26/09 0:00,nd1S05459,Left,Brown,No,nd1C00033,nd1T00014,nd1E00074,nd1N00006,"nd1I00016\,stdI00002",nd1I00012,Inside,437249,Yes,Soft,No,No,No,Male,1983,White,"contacts-soft-given\,contacts-given"
336239,nd5R08039,05459d391,3/26/09 0:00,nd1S05459,Left,Brown,No,nd1C00033,nd1T00014,nd1E00074,nd1N00006,"nd1I00015\,stdI00002",nd1I00012,Inside,437251,Yes,Soft,No,No,No,Male,1983,White,"contacts-soft-given\,contacts-given"
337395,nd5R06887,05459d378,3/26/09 0:00,nd1S05459,Left,Brown,No,nd1C00033,nd1T00014,nd1E00054,nd1N00020,nd1I00013,nd1I00013,Inside,438407,Yes,Soft,No,No,No,Male,1983,White,"contacts-soft-given\,contacts-given"
337397,nd5R06885,05459d376,3/26/09 0:00,nd1S05459,Left,Brown,No,nd1C00033,nd1T00014,nd1E00054,nd1N00020,nd1I00013,nd1I00013,Inside,438409,Yes,Soft,No,No,No,Male,1983,White,"contacts-soft-given\,contacts-given"
360480,nd6R30539,05459d516,11/18/09 0:00,nd1S05459,Left,Brown,No,nd1C00041,nd1T00016,nd1E00075,nd1N00020,nd1I00013,nd1I00013,Inside,512262,Yes,Soft,No,No,No,Male,1983,White,"contacts-soft-given\,contacts-given"
360481,nd6R30538,05459d515,11/18/09 0:00,nd1S05459,Left,Brown,No,nd1C00041,nd1T00016,nd1E00075,nd1N00021,nd1I00013,nd1I00013,Inside,512263,Yes,Soft,No,No,No,Male,1983,White,"contacts-soft-given\,contacts-given"
360484,nd6R30535,05459d512,11/18/09 0:00,nd1S05459,Left,Brown,No,nd1C00041,nd1T00016,nd1E00075,nd1N00020,nd1I00013,nd1I00013,Inside,512266,Yes,Soft,No,No,No,Male,1983,White,"contacts-soft-given\,contacts-given"
360485,nd6R30534,05459d511,11/18/09 0:00,nd1S05459,Left,Brown,No,nd1C00041,nd1T00016,nd1E00075,nd1N00021,nd1I00013,nd1I00013,Inside,512267,Yes,Soft,No,No,No,Male,1983,White,"contacts-soft-given\,contacts-given"
360488,nd6R30531,05459d508,11/18/09 0:00,nd1S05459,Left,Brown,No,nd1C00041,nd1T00016,nd1E00075,nd1N00020,nd1I00013,nd1I00013,Inside,512270,Yes,Soft,No,No,No,Male,1983,White,"contacts-soft-given\,contacts-given"
363774,nd6R27264,05459d504,11/18/09 0:00,nd1S05459,Left,Brown,No,nd1C00041,nd1T00002,nd1E00075,nd1N00016,"nd1I00016\,stdI00002",nd1I00012,Inside,515556,Yes,Soft,No,No,No,Male,1983,White,"contacts-soft-given\,contacts-given"
363775,nd6R27263,05459d503,11/18/09 0:00,nd1S05459,Left,Brown,No,nd1C00041,nd1T00002,nd1E00075,nd1N00016,"nd1I00017\,stdI00002",nd1I00012,Inside,515557,Yes,Soft,No,No,No,Male,1983,White,"contacts-soft-given\,contacts-given"
363777,nd6R27262,05459d502,11/18/09 0:00,nd1S05459,Left,Brown,No,nd1C00041,nd1T00002,nd1E00075,nd1N00016,"nd1I00016\,stdI00002",nd1I00012,Inside,515559,Yes,Soft,No,No,No,Male,1983,White,"contacts-soft-given\,contacts-given"
363778,nd6R27261,05459d501,11/18/09 0:00,nd1S05459,Left,Brown,No,nd1C00041,nd1T00002,nd1E00075,nd1N00016,"nd1I00017\,stdI00002",nd1I00012,Inside,515560,Yes,Soft,No,No,No,Male,1983,White,"contacts-soft-given\,contacts-given"
363780,,,11/18/09 0:00,nd1S05459,Left,Brown,No,,nd1T00002,nd1E00075,nd1N00016,"nd1I00016\,stdI00002",nd1I00012,Inside,515562,Yes,Soft,No,No,No,Male,1983,White,"contacts-soft-given\,contacts-given"
363781,nd6R27260,05459d500,11/18/09 0:00,nd1S05459,Left,Brown,No,nd1C00041,nd1T00002,nd1E00075,nd1N00016,"nd1I00017\,stdI00002",nd1I00012,Inside,515563,Yes,Soft,No,No,No,Male,1983,White,"contacts-soft-given\,contacts-given"
363783,nd6R27259,05459d499,11/18/09 0:00,nd1S05459,Left,Brown,No,nd1C00041,nd1T00002,nd1E00075,nd1N00016,"nd1I00016\,stdI00002",nd1I00012,Inside,515565,Yes,Soft,No,No,No,Male,1983,White,"contacts-soft-given\,contacts-given"
363784,nd6R27258,05459d498,11/18/09 0:00,nd1S05459,Left,Brown,No,nd1C00041,nd1T00002,nd1E00075,nd1N00016,"nd1I00017\,stdI00002",nd1I00012,Inside,515566,Yes,Soft,No,No,No,Male,1983,White,"contacts-soft-given\,contacts-given"
186730,nd5R67291,05478d62,3/25/08 0:00,nd1S05478,Left,Blue,No,nd1C00013,nd1T00015,nd1E00054,nd1N00020,nd1I00013,nd1I00013,Inside,230288,No,,No,No,No,Female,1988,White,
201035,nd4R41241,05478d93,9/10/08 0:00,nd1S05478,Left,Blue,No,nd1C00023,nd1T00014,nd1E00074,nd1N00006,"nd1I00015\,stdI00002",nd1I00011,Inside,256679,No,,No,No,No,Female,1988,White,
267423,nd5R18538,05478d450,2/3/09 0:00,nd1S05478,Left,Blue,No,nd1C00033,nd1T00014,nd1E00054,nd1N00020,nd1I00013,nd1I00013,Inside,346483,No,,No,No,No,Female,1988,White,
312398,nd5R34698,05478d505,2/17/09 0:00,nd1S05478,Left,Blue,No,nd1C00033,nd1T00014,nd1E00074,nd1N00006,"nd1I00017\,stdI00002",nd1I00012,Inside,396805,No,,No,No,No,Female,1988,White,
322886,nd5R24249,05478d475,3/3/09 0:00,nd1S05478,Left,Blue,No,nd1C00033,nd1T00014,nd1E00074,nd1N00006,"nd1I00017\,stdI00002",nd1I00012,Inside,412474,No,,No,No,No,Female,1988,White,
329494,nd5R14759,05478d423,3/24/09 0:00,nd1S05478,Left,Blue,No,nd1C00033,nd1T00014,nd1E00074,nd1N00006,"nd1I00015\,stdI00002",nd1I00012,Inside,427319,No,,No,No,No,Female,1988,White,
329500,nd5R14753,05478d417,3/24/09 0:00,nd1S05478,Left,Blue,No,nd1C00033,nd1T00014,nd1E00074,nd1N00006,"nd1I00015\,stdI00002",nd1I00012,Inside,427325,No,,No,No,No,Female,1988,White,
338963,nd5R41690,05478d518,4/21/09 0:00,nd1S05478,Left,Blue,No,nd1C00033,nd1T00014,nd1E00074,nd1N00006,"nd1I00015\,stdI00002",nd1I00012,Inside,442128,No,,No,No,No,Female,1988,White,
340438,nd5R43155,05478d544,4/21/09 0:00,nd1S05478,Left,Blue,No,nd1C00033,nd1T00014,nd1E00054,nd1N00020,nd1I00013,nd1I00013,Inside,443603,No,,No,No,No,Female,1988,White,
186869,nd5R67152,05487d51,3/25/08 0:00,nd1S05487,Right,Blue,No,nd1C00013,nd1T00015,nd1E00054,nd1N00020,nd1I00013,nd1I00013,Inside,230427,Yes,,No,No,No,Female,1989,White,contacts-given
187831,nd5R66209,05487d40,3/25/08 0:00,nd1S05487,Right,Blue,No,nd1C00013,nd1T00014,nd1E00074,nd1N00006,"nd1I00016\,stdI00002",nd1I00012,Inside,231389,Yes,,No,No,No,Female,1989,White,contacts-given
187832,nd5R66208,05487d39,3/25/08 0:00,nd1S05487,Right,Blue,No,nd1C00013,nd1T00014,nd1E00074,nd1N00006,"nd1I00017\,stdI00002",nd1I00012,Inside,231390,Yes,,No,No,No,Female,1989,White,contacts-given
187833,nd5R66207,05487d38,3/25/08 0:00,nd1S05487,Right,Blue,No,nd1C00013,nd1T00014,nd1E00074,nd1N00006,"nd1I00015\,stdI00002",nd1I00012,Inside,231391,Yes,,No,No,No,Female,1989,White,contacts-given
192194,nd5R71446,05487d65,4/8/08 0:00,nd1S05487,Right,Blue,No,nd1C00013,nd1T00014,nd1E00074,nd1N00006,"nd1I00016\,stdI00002",nd1I00012,Inside,237271,Yes,Soft,No,No,No,Female,1989,White,"contacts-soft-given\,contacts-given"
192195,nd5R71447,05487d66,4/8/08 0:00,nd1S05487,Right,Blue,No,nd1C00013,nd1T00014,nd1E00074,nd1N00006,"nd1I00017\,stdI00002",nd1I00012,Inside,237272,Yes,Soft,No,No,No,Female,1989,White,"contacts-soft-given\,contacts-given"
193265,nd5R72513,05487d74,4/22/08 0:00,nd1S05487,Right,Blue,No,nd1C00013,nd1T00015,nd1E00054,nd1N00020,nd1I00013,nd1I00013,Inside,240242,Yes,Soft,No,No,No,Female,1989,White,"contacts-soft-given\,contacts-given"
194358,nd5R73604,05487d84,4/22/08 0:00,nd1S05487,Right,Blue,No,nd1C00013,nd1T00014,nd1E00074,nd1N00006,"nd1I00017\,stdI00002",nd1I00012,Inside,241335,Yes,Soft,No,No,No,Female,1989,White,"contacts-soft-given\,contacts-given"
194362,nd5R73607,05487d87,4/22/08 0:00,nd1S05487,Right,Blue,No,nd1C00013,nd1T00014,nd1E00074,nd1N00006,"nd1I00015\,stdI00002",nd1I00012,Inside,241339,Yes,Soft,No,No,No,Female,1989,White,"contacts-soft-given\,contacts-given"
201683,nd4R41857,05487d111,9/11/08 0:00,nd1S05487,Right,Blue,No,nd1C00023,nd1T00014,nd1E00074,nd1N00006,"nd1I00015\,stdI00002",nd1I00011,Inside,257327,Yes,Soft,No,No,No,Female,1989,White,"contacts-soft-given\,contacts-given"
201691,,,9/11/08 0:00,nd1S05487,Right,Blue,No,,nd1T00014,nd1E00074,nd1N00006,"nd1I00017\,stdI00002",nd1I00011,Inside,257335,Yes,Soft,No,No,No,Female,1989,White,"contacts-soft-given\,contacts-given"
365636,nd6R25414,05487d215,11/19/09 0:00,nd1S05487,Right,Blue,No,nd1C00041,nd1T00002,nd1E00075,nd1N00016,"nd1I00015\,stdI00002",nd1I00012,Inside,517418,Yes,Soft,No,Yes,No,Female,1989,White,"contacts-soft-given\,contacts-toric-given\,contacts-given"
366476,nd6R31840,05487d259,12/1/09 0:00,nd1S05487,Right,Blue,No,nd1C00041,nd1T00002,nd1E00075,nd1N00006,"nd1I00015\,stdI00002",nd1I00004,Inside,518258,Yes,Soft,No,No,No,Female,1989,White,"contacts-Category2\,contacts-soft-given\,contacts-given"
371602,nd6R36930,05487d267,12/1/09 0:00,nd1S05487,Right,Blue,No,nd1C00041,nd1T00016,nd1E00075,nd1N00020,nd1I00013,nd1I00013,Inside,523384,Yes,Soft,No,No,No,Female,1989,White,"contacts-Category1\,contacts-Category2\,contacts-soft-given\,contacts-given"
186923,nd5R67098,05491d36,3/26/08 0:00,nd1S05491,Right,Blue,No,nd1C00013,nd1T00015,nd1E00054,nd1N00020,nd1I00013,nd1I00013,Inside,230481,No,,No,No,No,Male,1987,White,
187939,nd5R66104,05491d25,3/26/08 0:00,nd1S05491,Right,Blue,No,nd1C00013,nd1T00014,nd1E00074,nd1N00006,"nd1I00016\,stdI00002",nd1I00012,Inside,231497,No,,No,No,No,Male,1987,White,
198385,nd4R39043,05491d64,9/11/08 0:00,nd1S05491,Right,Blue,No,nd1C00023,nd1T00015,nd1E00054,nd1N00020,nd1I00013,nd1I00013,Inside,254029,No,,No,No,No,Male,1987,White,
201855,nd4R42007,05491d81,9/11/08 0:00,nd1S05491,Right,Blue,No,nd1C00023,nd1T00014,nd1E00074,nd1N00006,"nd1I00016\,stdI00002",nd1I00011,Inside,257499,No,,No,No,No,Male,1987,White,
222953,nd4R62686,05491d175,11/13/08 0:00,nd1S05491,Right,Blue,No,nd1C00023,nd1T00014,nd1E00074,nd1N00006,"nd1I00017\,stdI00002",nd1I00012,Inside,283803,No,,No,No,No,Male,1987,White,
227531,nd4R67187,05491d200,12/4/08 0:00,nd1S05491,Right,Blue,No,nd1C00023,nd1T00014,nd1E00074,nd1N00006,"nd1I00015\,stdI00002",nd1I00012,Inside,288381,Yes,Soft,No,No,No,Male,1987,White,"contacts-soft-given\,contacts-given"
310287,nd5R38762,05491d431,2/5/09 0:00,nd1S05491,Right,Blue,No,nd1C00033,nd1T00014,nd1E00074,nd1N00006,"nd1I00016\,stdI00002",nd1I00012,Inside,392011,No,,No,No,No,Male,1987,White,
346450,nd5R49130,05491d475,4/23/09 0:00,nd1S05491,Right,Blue,No,nd1C00033,nd1T00014,nd1E00054,nd1N00020,nd1I00013,nd1I00013,Inside,452568,No,,No,No,No,Male,1987,White,
188646,nd5R65400,05501d69,4/1/08 0:00,nd1S05501,Right,Brown,No,nd1C00013,nd1T00015,nd1E00054,nd1N00020,nd1I00013,nd1I00013,Inside,232936,No,,No,No,No,Female,1988,White,
188650,nd5R65396,05501d65,4/1/08 0:00,nd1S05501,Right,Brown,No,nd1C00013,nd1T00015,nd1E00054,nd1N00020,nd1I00013,nd1I00013,Inside,232940,No,,No,No,No,Female,1988,White,
193641,nd5R72889,05501d90,4/24/08 0:00,nd1S05501,Right,Brown,No,nd1C00013,nd1T00015,nd1E00054,nd1N00020,nd1I00013,nd1I00013,Inside,240618,No,,No,No,No,Female,1988,White,
197223,nd5R76443,05501d120,4/29/08 0:00,nd1S05501,Right,Brown,No,nd1C00013,nd1T00014,nd1E00074,nd1N00006,"nd1I00017\,stdI00002",nd1I00012,Inside,244200,No,,No,No,No,Female,1988,White,
217047,nd4R56862,05501d183,10/29/08 0:00,nd1S05501,Right,Brown,No,nd1C00023,nd1T00014,nd1E00074,nd1N00006,"nd1I00015\,stdI00002",nd1I00012,Inside,277897,No,,No,No,No,Female,1988,White,
224126,nd4R63836,05501d220,12/3/08 0:00,nd1S05501,Right,Brown,No,nd1C00023,nd1T00014,nd1E00054,nd1N00020,nd1I00013,nd1I00013,Inside,284976,No,,No,No,No,Female,1988,White,
225992,nd4R65662,05501d248,12/3/08 0:00,nd1S05501,Right,Brown,No,nd1C00023,nd1T00014,nd1E00074,nd1N00006,"nd1I00015\,stdI00002",nd1I00012,Inside,286842,No,,No,No,No,Female,1988,White,
324365,,,3/4/09 0:00,nd1S05501,Right,Brown,No,,nd1T00014,nd1E00074,nd1N00006,"nd1I00015\,stdI00002",nd1I00012,Inside,415919,No,,No,No,No,Female,1988,White,
332961,nd5R11302,05501d403,3/25/09 0:00,nd1S05501,Right,Brown,No,nd1C00033,nd1T00014,nd1E00074,nd1N00006,"nd1I00016\,stdI00002",nd1I00012,Inside,432290,No,,No,No,No,Female,1988,White,
332966,nd5R11297,05501d398,3/25/09 0:00,nd1S05501,Right,Brown,No,nd1C00033,nd1T00014,nd1E00074,nd1N00006,"nd1I00015\,stdI00002",nd1I00012,Inside,432295,No,,No,No,No,Female,1988,White,
332968,nd5R11295,05501d396,3/25/09 0:00,nd1S05501,Right,Brown,No,nd1C00033,nd1T00014,nd1E00074,nd1N00006,"nd1I00017\,stdI00002",nd1I00012,Inside,432297,No,,No,No,No,Female,1988,White,
382093,nd6R39793,05501d604,1/28/10 16:24,nd1S05501,Right,Brown,No,nd1C00042,nd1T00016,nd1E00075,nd1N00020,nd1I00004,nd1I00004,Inside,537753,No,,No,No,No,Female,1988,White,
387373,nd6R45005,05501d625,1/28/10 16:24,nd1S05501,Right,Brown,No,nd1C00042,nd1T00002,nd1E00075,nd1N00006,"nd1I00015\,stdI00002",nd1I00013,Inside,543033,No,,No,No,No,Female,1988,White,
387374,nd6R45006,05501d626,1/28/10 16:24,nd1S05501,Right,Brown,No,nd1C00042,nd1T00002,nd1E00075,nd1N00006,"nd1I00016\,stdI00002",nd1I00013,Inside,543034,No,,No,No,No,Female,1988,White,
402935,nd6R59599,05501d689,2/25/10 16:12,nd1S05501,Right,Brown,No,nd1C00042,nd1T00002,nd1E00077,nd1N00006,"nd1I00017\,stdI00002",,Inside,585509,No,,No,No,No,Female,1988,White,
426081,nd6R84165,05501d771,4/29/10 13:34,nd1S05501,Right,Brown,No,nd1C00042,nd1T00002,nd1E00077,nd1N00006,"nd1I00015\,stdI00002",,Inside,615583,No,,No,No,No,Female,1988,White,
426089,nd6R84173,05501d779,4/29/10 13:34,nd1S05501,Right,Brown,No,nd1C00042,nd1T00002,nd1E00077,nd1N00006,"nd1I00017\,stdI00002",,Inside,615591,No,,No,No,No,Female,1988,White,
426090,nd6R84174,05501d780,4/29/10 13:34,nd1S05501,Right,Brown,No,nd1C00042,nd1T00002,nd1E00077,nd1N00006,"nd1I00015\,stdI00002",,Inside,615592,No,,No,No,No,Female,1988,White,
188855,nd5R65191,05508d30,4/1/08 0:00,nd1S05508,Left,Hazel,No,nd1C00013,nd1T00015,nd1E00054,nd1N00020,nd1I00013,nd1I00013,Inside,233145,No,,No,No,No,Female,1987,White,
189671,nd5R64380,05508d24,4/1/08 0:00,nd1S05508,Left,Hazel,No,nd1C00013,nd1T00014,nd1E00074,nd1N00006,"nd1I00016\,stdI00002",nd1I00012,Inside,233961,No,,No,No,No,Female,1987,White,
189672,nd5R64379,05508d23,4/1/08 0:00,nd1S05508,Left,Hazel,No,nd1C00013,nd1T00014,nd1E00074,nd1N00006,"nd1I00017\,stdI00002",nd1I00012,Inside,233962,No,,No,No,No,Female,1987,White,
189674,nd5R64377,05508d21,4/1/08 0:00,nd1S05508,Left,Hazel,No,nd1C00013,nd1T00014,nd1E00074,nd1N00006,"nd1I00016\,stdI00002",nd1I00012,Inside,233964,No,,No,No,No,Female,1987,White,
189676,nd5R64375,05508d19,4/1/08 0:00,nd1S05508,Left,Hazel,No,nd1C00013,nd1T00014,nd1E00074,nd1N00006,"nd1I00015\,stdI00002",nd1I00012,Inside,233966,No,,No,No,No,Female,1987,White,
201057,nd4R41263,05508d39,9/10/08 0:00,nd1S05508,Left,Hazel,No,nd1C00023,nd1T00014,nd1E00074,nd1N00006,"nd1I00016\,stdI00002",nd1I00011,Inside,256701,Yes,Soft,No,No,No,Female,1987,White,"contacts-soft-given\,contacts-given"
201058,nd4R41264,05508d40,9/10/08 0:00,nd1S05508,Left,Hazel,No,nd1C00023,nd1T00014,nd1E00074,nd1N00006,"nd1I00017\,stdI00002",nd1I00011,Inside,256702,Yes,Soft,No,No,No,Female,1987,White,"contacts-soft-given\,contacts-given"
201059,,,9/10/08 0:00,nd1S05508,Left,Hazel,No,,nd1T00014,nd1E00074,nd1N00006,"nd1I00015\,stdI00002",nd1I00011,Inside,256703,Yes,Soft,No,No,No,Female,1987,White,"contacts-soft-given\,contacts-given"
201061,nd4R41266,05508d42,9/10/08 0:00,nd1S05508,Left,Hazel,No,nd1C00023,nd1T00014,nd1E00074,nd1N00006,"nd1I00017\,stdI00002",nd1I00011,Inside,256705,Yes,Soft,No,No,No,Female,1987,White,"contacts-soft-given\,contacts-given"
201062,nd4R41267,05508d43,9/10/08 0:00,nd1S05508,Left,Hazel,No,nd1C00023,nd1T00014,nd1E00074,nd1N00006,"nd1I00015\,stdI00002",nd1I00011,Inside,256706,Yes,Soft,No,No,No,Female,1987,White,"contacts-soft-given\,contacts-given"
201063,,,9/10/08 0:00,nd1S05508,Left,Hazel,No,,nd1T00014,nd1E00074,nd1N00006,"nd1I00016\,stdI00002",nd1I00011,Inside,256707,Yes,Soft,No,No,No,Female,1987,White,"contacts-soft-given\,contacts-given"
201067,nd4R41271,05508d47,9/10/08 0:00,nd1S05508,Left,Hazel,No,nd1C00023,nd1T00014,nd1E00074,nd1N00006,"nd1I00017\,stdI00002",nd1I00011,Inside,256711,Yes,Soft,No,No,No,Female,1987,White,"contacts-soft-given\,contacts-given"
201068,nd4R41272,05508d48,9/10/08 0:00,nd1S05508,Left,Hazel,No,nd1C00023,nd1T00014,nd1E00074,nd1N00006,"nd1I00015\,stdI00002",nd1I00011,Inside,256712,Yes,Soft,No,No,No,Female,1987,White,"contacts-soft-given\,contacts-given"
222155,nd4R61898,05508d68,11/12/08 0:00,nd1S05508,Left,Hazel,No,nd1C00023,nd1T00014,nd1E00074,nd1N00006,"nd1I00017\,stdI00002",nd1I00012,Inside,283005,Yes,Soft,No,No,No,Female,1987,White,"contacts-soft-given\,contacts-given"
222159,nd4R61902,05508d72,11/12/08 0:00,nd1S05508,Left,Hazel,No,nd1C00023,nd1T00014,nd1E00074,nd1N00006,"nd1I00015\,stdI00002",nd1I00012,Inside,283009,Yes,Soft,No,No,No,Female,1987,White,"contacts-soft-given\,contacts-given"
222164,nd4R61907,05508d77,11/12/08 0:00,nd1S05508,Left,Hazel,No,nd1C00023,nd1T00014,nd1E00074,nd1N00006,"nd1I00017\,stdI00002",nd1I00012,Inside,283014,Yes,Soft,No,No,No,Female,1987,White,"contacts-soft-given\,contacts-given"
319684,nd5R27440,05508d168,2/19/09 0:00,nd1S05508,Left,Hazel,No,nd1C00033,nd1T00014,nd1E00074,nd1N00006,"nd1I00016\,stdI00002",nd1I00012,Inside,407187,No,,No,No,No,Female,1987,White,
319686,nd5R27438,05508d166,2/19/09 0:00,nd1S05508,Left,Hazel,No,nd1C00033,nd1T00014,nd1E00074,nd1N00006,"nd1I00015\,stdI00002",nd1I00012,Inside,407189,No,,No,No,No,Female,1987,White,
319687,nd5R27437,05508d165,2/19/09 0:00,nd1S05508,Left,Hazel,No,nd1C00033,nd1T00014,nd1E00074,nd1N00006,"nd1I00016\,stdI00002",nd1I00012,Inside,407190,No,,No,No,No,Female,1987,White,
319688,nd5R27436,05508d164,2/19/09 0:00,nd1S05508,Left,Hazel,No,nd1C00033,nd1T00014,nd1E00074,nd1N00006,"nd1I00017\,stdI00002",nd1I00012,Inside,407191,No,,No,No,No,Female,1987,White,
319689,nd5R27435,05508d163,2/19/09 0:00,nd1S05508,Left,Hazel,No,nd1C00033,nd1T00014,nd1E00074,nd1N00006,"nd1I00015\,stdI00002",nd1I00012,Inside,407192,No,,No,No,No,Female,1987,White,
319692,nd5R27432,05508d160,2/19/09 0:00,nd1S05508,Left,Hazel,No,nd1C00033,nd1T00014,nd1E00074,nd1N00006,"nd1I00015\,stdI00002",nd1I00012,Inside,407195,No,,No,No,No,Female,1987,White,
319693,nd5R27431,05508d159,2/19/09 0:00,nd1S05508,Left,Hazel,No,nd1C00033,nd1T00014,nd1E00074,nd1N00006,"nd1I00016\,stdI00002",nd1I00012,Inside,407196,No,,No,No,No,Female,1987,White,
320569,nd5R26558,05508d135,2/19/09 0:00,nd1S05508,Left,Hazel,No,nd1C00033,nd1T00014,nd1E00054,nd1N00020,nd1I00013,nd1I00013,Inside,408072,No,,No,No,No,Female,1987,White,
320573,nd5R26554,05508d131,2/19/09 0:00,nd1S05508,Left,Hazel,No,nd1C00033,nd1T00014,nd1E00054,nd1N00020,nd1I00013,nd1I00013,Inside,408076,No,,No,No,No,Female,1987,White,
188993,nd5R65053,05511d67,4/2/08 0:00,nd1S05511,Left,Brown,No,nd1C00013,nd1T00015,nd1E00054,nd1N00020,nd1I00013,nd1I00013,Inside,233283,No,,No,No,No,Female,1988,White,
189956,nd5R64087,05511d57,4/2/08 0:00,nd1S05511,Left,Brown,No,nd1C00013,nd1T00014,nd1E00074,nd1N00006,"nd1I00016\,stdI00002",nd1I00012,Inside,234246,No,,No,No,No,Female,1988,White,
189957,nd5R64084,05511d55,4/2/08 0:00,nd1S05511,Left,Brown,No,nd1C00013,nd1T00014,nd1E00074,nd1N00006,"nd1I00017\,stdI00002",nd1I00012,Inside,234247,No,,No,No,No,Female,1988,White,
189958,nd5R64085,05511d56,4/2/08 0:00,nd1S05511,Left,Brown,No,nd1C00013,nd1T00014,nd1E00074,nd1N00006,"nd1I00015\,stdI00002",nd1I00012,Inside,234248,No,,No,No,No,Female,1988,White,
190980,nd5R70242,05511d72,4/9/08 0:00,nd1S05511,Left,Brown,No,nd1C00013,nd1T00015,nd1E00054,nd1N00020,nd1I00013,nd1I00013,Inside,236057,Yes,Soft,No,No,No,Female,1988,White,"contacts-soft-given\,contacts-given"
194146,nd5R73393,05511d94,4/22/08 0:00,nd1S05511,Left,Brown,No,nd1C00013,nd1T00014,nd1E00074,nd1N00006,"nd1I00015\,stdI00002",nd1I00012,Inside,241123,Yes,Soft,No,No,No,Female,1988,White,"contacts-soft-given\,contacts-given"
202490,,,9/11/08 0:00,nd1S05511,Left,Brown,No,,nd1T00014,nd1E00074,nd1N00006,"nd1I00015\,stdI00002",nd1I00011,Inside,258134,Yes,Soft,No,No,No,Female,1988,White,"contacts-soft-given\,contacts-given"
202499,,,9/11/08 0:00,nd1S05511,Left,Brown,No,,nd1T00014,nd1E00074,nd1N00006,"nd1I00015\,stdI00002",nd1I00011,Inside,258143,Yes,Soft,No,No,No,Female,1988,White,"contacts-soft-given\,contacts-given"
206757,nd4R46700,05511d174,9/25/08 0:00,nd1S05511,Left,Brown,No,nd1C00023,nd1T00014,nd1E00074,nd1N00006,"nd1I00017\,stdI00002",nd1I00011,Inside,263393,No,,No,No,No,Female,1988,White,
207858,nd4R47749,05511d198,10/7/08 0:00,nd1S05511,Left,Brown,No,nd1C00023,nd1T00014,nd1E00054,nd1N00020,nd1I00013,nd1I00013,Inside,266462,Yes,Soft,No,No,No,Female,1988,White,"contacts-soft-given\,contacts-given"
213751,nd4R53582,05511d228,10/28/08 0:00,nd1S05511,Left,Brown,No,nd1C00023,nd1T00014,nd1E00054,nd1N00020,nd1I00013,nd1I00013,Inside,274601,No,,No,No,No,Female,1988,White,
224389,nd4R64099,05511d294,12/4/08 0:00,nd1S05511,Left,Brown,No,nd1C00023,nd1T00014,nd1E00054,nd1N00020,nd1I00013,nd1I00013,Inside,285239,Yes,Soft,No,No,No,Female,1988,White,"contacts-soft-given\,contacts-given"
227057,nd4R66718,05511d301,12/4/08 0:00,nd1S05511,Left,Brown,No,nd1C00023,nd1T00014,nd1E00074,nd1N00006,"nd1I00015\,stdI00002",nd1I00012,Inside,287907,Yes,Soft,No,No,No,Female,1988,White,"contacts-soft-given\,contacts-given"
321212,nd5R25919,05511d581,3/3/09 0:00,nd1S05511,Left,Brown,No,nd1C00033,nd1T00014,nd1E00074,nd1N00006,"nd1I00017\,stdI00002",nd1I00012,Inside,410800,No,,No,No,No,Female,1988,White,
338538,nd5R41267,05511d631,4/21/09 0:00,nd1S05511,Left,Brown,No,nd1C00033,nd1T00014,nd1E00074,nd1N00006,"nd1I00016\,stdI00002",nd1I00012,Inside,441703,Yes,Soft,No,No,No,Female,1988,White,"contacts-soft-given\,contacts-given"
214797,nd4R54623,05541d105,10/28/08 0:00,nd1S05541,Left,Brown,No,nd1C00023,nd1T00014,nd1E00074,nd1N00006,"nd1I00015\,stdI00002",nd1I00012,Inside,275647,No,,No,No,No,Female,1989,White,
228582,nd4R68150,05541d181,11/11/08 0:00,nd1S05541,Left,Brown,No,nd1C00023,nd1T00014,nd1E00054,nd1N00020,nd1I00013,nd1I00013,Inside,293031,No,,No,No,No,Female,1989,White,
331083,nd5R13173,05541d301,3/24/09 0:00,nd1S05541,Left,Brown,No,nd1C00033,nd1T00014,nd1E00074,nd1N00006,"nd1I00017\,stdI00002",nd1I00012,Inside,428908,No,,No,No,No,Female,1989,White,
376310,nd6R21300,05541d497,11/4/09 0:00,nd1S05541,Left,Brown,No,nd1C00041,nd1T00002,nd1E00075,nd1N00006,"nd1I00015\,stdI00002",nd1I00004,Inside,529926,No,,No,No,No,Female,1989,White,
386293,nd6R43938,05541d589,1/28/10 13:41,nd1S05541,Left,Brown,No,nd1C00042,nd1T00002,nd1E00075,nd1N00006,"nd1I00015\,stdI00002",nd1I00013,Inside,541953,No,,No,No,No,Female,1989,White,
400139,,,2/24/10 14:00,nd1S05541,Left,Brown,No,,nd1T00002,nd1E00077,nd1N00006,"nd1I00017\,stdI00002",,Inside,582713,No,,No,No,No,Female,1989,White,
413606,nd6R69932,05541d649,4/13/10 13:35,nd1S05541,Left,Brown,No,nd1C00042,nd1T00002,nd1E00077,nd1N00006,"nd1I00017\,stdI00002",,Inside,603108,No,,No,No,No,Female,1989,White,
445042,nd7R28901,05541d753,10/26/10 12:28,nd1S05541,Left,Brown,No,nd1C00055,nd1T00039,nd1E00085,nd1N00048,"nd1I00022\,stdI00002",,Inside,673499,No,,No,No,No,Female,1989,White,
455801,nd1R649067,05541d790,12/2/10 12:17,nd1S05541,Left,Brown,No,nd1C00055,nd1T00051,nd1E00090,nd1N00020,"nd1I00020\,stdI00002",,Inside,696638,No,,No,No,No,Female,1989,White,
464065,nd1R671715,05541d868,1/26/11 13:46,nd1S05541,Left,Brown,No,nd1C00062,nd1T00051,nd1E00093,nd1N00020,"nd1I00020\,stdI00002",,Inside,707086,No,,No,No,No,Female,1989,White,
464071,,,1/26/11 13:46,nd1S05541,Left,Brown,No,,nd1T00054,nd1E00093,nd1N00059,"nd1I00026\,stdI00002",,Inside,707092,No,,No,No,No,Female,1989,White,
464072,,,1/26/11 13:46,nd1S05541,Left,Brown,No,,nd1T00053,nd1E00093,nd1N00059,"nd1I00026\,stdI00002",,Inside,707093,No,,No,No,No,Female,1989,White,
472175,nd1R679143,05541d883,2/10/11 13:18,nd1S05541,Left,Brown,No,nd1C00062,nd1T00054,nd1E00093,nd1N00059,"nd1I00026\,stdI00002",,Inside,725653,No,,No,No,No,Female,1989,White,
482398,nd1R706507,05541d978,2/22/11 13:25,nd1S05541,Left,Brown,No,nd1C00062,nd1T00049,nd1E00093,nd1N00049,"nd1I00023\,stdI00002",,Inside,755462,No,,No,No,No,Female,1989,White,
484112,nd1R827761,05541d1340,2/22/11 13:25,nd1S05541,Left,Brown,No,nd1C00059,nd1T00051,nd1E00093,lg4000diff30,"nd1I00029\,stdI00002",,Inside,757176,No,,No,No,No,Female,1989,White,
487244,nd1R710104,05541d992,2/22/11 13:25,nd1S05541,Left,Brown,No,nd1C00062,nd1T00054,nd1E00093,nd1N00059,"nd1I00026\,stdI00002",,Inside,760308,No,,No,No,No,Female,1989,White,
487254,nd1R710114,05541d1002,2/22/11 13:25,nd1S05541,Left,Brown,No,nd1C00062,nd1T00053,nd1E00093,nd1N00059,"nd1I00026\,stdI00002",,Inside,760318,No,,No,No,No,Female,1989,White,
487256,,,2/22/11 13:25,nd1S05541,Left,Brown,No,,nd1T00053,nd1E00093,nd1N00059,"nd1I00026\,stdI00002",,Inside,760320,No,,No,No,No,Female,1989,White,
498616,nd1R790471,05541d1233,3/8/11 16:53,nd1S05541,Left,Brown,No,nd1C00062,nd1T00053,nd1E00093,nd1N00059,"nd1I00026\,stdI00002",,Inside,790840,No,,No,No,No,Female,1989,White,
506683,nd1R798523,05541d1254,3/8/11 16:53,nd1S05541,Left,Brown,No,nd1C00062,nd1T00051,nd1E00093,nd1N00020,"nd1I00028\,stdI00002",,Inside,798965,No,,No,No,No,Female,1989,White,
507632,nd1R830368,05541d1351,3/8/11 16:53,nd1S05541,Left,Brown,No,nd1C00059,nd1T00051,nd1E00093,lg4000diff30,"nd1I00028\,stdI00002",,Inside,799914,No,,No,No,No,Female,1989,White,
513677,nd1R803656,05541d1277,3/22/11 12:00,nd1S05541,Left,Brown,No,nd1C00062,nd1T00049,nd1E00093,nd1N00049,"nd1I00023\,stdI00002",,Inside,821260,No,,No,No,No,Female,1989,White,
518490,nd1R808455,05541d1295,3/22/11 12:00,nd1S05541,Left,Brown,No,nd1C00062,nd1T00051,nd1E00093,nd1N00020,"nd1I00027\,stdI00002",,Inside,826073,No,,No,No,No,Female,1989,White,
546193,nd1R825191,05541d1303,4/14/11 16:51,nd1S05541,Left,Brown,No,nd1C00062,nd1T00054,nd1E00101,nd1N00059,"nd1I00026\,stdI00002",,Inside,870377,No,,No,No,No,Female,1989,White,
546202,nd1R825200,05541d1312,4/14/11 16:51,nd1S05541,Left,Brown,No,nd1C00062,nd1T00053,nd1E00101,nd1N00059,"nd1I00026\,stdI00002",,Inside,870386,No,,No,No,No,Female,1989,White,
549026,nd1R826871,05541d1328,4/14/11 16:51,nd1S05541,Left,Brown,No,nd1C00062,nd1T00049,nd1E00101,nd1N00049,"nd1I00023\,stdI00002",,Inside,873210,No,,No,No,No,Female,1989,White,
562905,nd1R864284,05541d1415,4/28/11 11:40,nd1S05541,Left,Brown,No,nd1C00062,nd1T00049,nd1E00101,nd1N00049,"nd1I00023\,stdI00002",,Inside,908490,No,,No,No,No,Female,1989,White,
565796,nd1R866255,05541d1426,4/28/11 11:40,nd1S05541,Left,Brown,No,nd1C00062,nd1T00054,nd1E00101,nd1N00059,"nd1I00026\,stdI00002",,Inside,911381,No,,No,No,No,Female,1989,White,
565808,nd1R866267,05541d1438,4/28/11 11:40,nd1S05541,Left,Brown,No,nd1C00062,nd1T00053,nd1E00101,nd1N00059,"nd1I00026\,stdI00002",,Inside,911393,No,,No,No,No,Female,1989,White,
518488,nd1R808453,05541d1293,3/22/11 12:00,nd1S05541,Right,Brown,No,nd1C00062,nd1T00051,nd1E00093,nd1N00020,"nd1I00028\,stdI00002",,Inside,826071,No,,No,No,No,Female,1989,White,
546194,nd1R825192,05541d1304,4/14/11 16:51,nd1S05541,Right,Brown,No,nd1C00062,nd1T00054,nd1E00101,nd1N00059,"nd1I00026\,stdI00002",,Inside,870378,No,,No,No,No,Female,1989,White,
546195,nd1R825193,05541d1305,4/14/11 16:51,nd1S05541,Right,Brown,No,nd1C00062,nd1T00054,nd1E00101,nd1N00059,"nd1I00026\,stdI00002",,Inside,870379,No,,No,No,No,Female,1989,White,
546197,nd1R825195,05541d1307,4/14/11 16:51,nd1S05541,Right,Brown,No,nd1C00062,nd1T00054,nd1E00101,nd1N00059,"nd1I00026\,stdI00002",,Inside,870381,No,,No,No,No,Female,1989,White,
546204,nd1R825202,05541d1314,4/14/11 16:51,nd1S05541,Right,Brown,No,nd1C00062,nd1T00053,nd1E00101,nd1N00059,"nd1I00026\,stdI00002",,Inside,870388,No,,No,No,No,Female,1989,White,
546718,nd1R825648,05541d1319,4/14/11 16:51,nd1S05541,Right,Brown,No,nd1C00062,nd1T00051,nd1E00101,nd1N00020,"nd1I00028\,stdI00002",,Inside,870902,No,,No,No,No,Female,1989,White,
547651,nd1R835156,05541d1354,4/14/11 16:51,nd1S05541,Right,Brown,No,nd1C00059,nd1T00051,nd1E00101,lg4000diff20,"nd1I00028\,stdI00002",,Inside,871835,No,,No,No,No,Female,1989,White,
547654,nd1R835159,05541d1357,4/14/11 16:51,nd1S05541,Right,Brown,No,nd1C00059,nd1T00051,nd1E00101,lg4000diff20,"nd1I00027\,stdI00002",,Inside,871838,No,,No,No,No,Female,1989,White,
549029,nd1R826874,05541d1331,4/14/11 16:51,nd1S05541,Right,Brown,No,nd1C00062,nd1T00049,nd1E00101,nd1N00049,"nd1I00023\,stdI00002",,Inside,873213,No,,No,No,No,Female,1989,White,
549731,nd1R827499,05541d1335,4/14/11 16:51,nd1S05541,Right,Brown,No,nd1C00062,nd1T00050,nd1E00101,nd1N00048,"nd1I00022\,stdI00002",,Inside,873915,No,,No,No,No,Female,1989,White,
549733,nd1R827501,05541d1337,4/14/11 16:51,nd1S05541,Right,Brown,No,nd1C00062,nd1T00050,nd1E00101,nd1N00048,"nd1I00022\,stdI00002",,Inside,873917,No,,No,No,No,Female,1989,White,
562599,nd1R863978,05541d1409,4/28/11 11:40,nd1S05541,Right,Brown,No,nd1C00062,nd1T00051,nd1E00101,nd1N00020,"nd1I00027\,stdI00002",,Inside,908184,No,,No,No,No,Female,1989,White,
562907,nd1R864286,05541d1416,4/28/11 11:40,nd1S05541,Right,Brown,No,nd1C00062,nd1T00049,nd1E00101,nd1N00049,"nd1I00023\,stdI00002",,Inside,908492,No,,No,No,No,Female,1989,White,
565142,nd1R870303,05541d1451,4/28/11 11:40,nd1S05541,Right,Brown,No,nd1C00059,nd1T00051,nd1E00101,lg4000diff25,"nd1I00028\,stdI00002",,Inside,910727,No,,No,No,No,Female,1989,White,
565143,nd1R870304,05541d1452,4/28/11 11:40,nd1S05541,Right,Brown,No,nd1C00059,nd1T00051,nd1E00101,lg4000diff25,"nd1I00027\,stdI00002",,Inside,910728,No,,No,No,No,Female,1989,White,
565144,nd1R870305,05541d1453,4/28/11 11:40,nd1S05541,Right,Brown,No,nd1C00059,nd1T00051,nd1E00101,lg4000diff25,"nd1I00028\,stdI00002",,Inside,910729,No,,No,No,No,Female,1989,White,
565145,nd1R870306,05541d1454,4/28/11 11:40,nd1S05541,Right,Brown,No,nd1C00059,nd1T00051,nd1E00101,lg4000diff25,"nd1I00027\,stdI00002",,Inside,910730,No,,No,No,No,Female,1989,White,
565799,nd1R866258,05541d1429,4/28/11 11:40,nd1S05541,Right,Brown,No,nd1C00062,nd1T00054,nd1E00101,nd1N00059,"nd1I00026\,stdI00002",,Inside,911384,No,,No,No,No,Female,1989,White,
565800,nd1R866259,05541d1430,4/28/11 11:40,nd1S05541,Right,Brown,No,nd1C00062,nd1T00054,nd1E00101,nd1N00059,"nd1I00026\,stdI00002",,Inside,911385,No,,No,No,No,Female,1989,White,
565801,nd1R866260,05541d1431,4/28/11 11:40,nd1S05541,Right,Brown,No,nd1C00062,nd1T00054,nd1E00101,nd1N00059,"nd1I00026\,stdI00002",,Inside,911386,No,,No,No,No,Female,1989,White,
565803,nd1R866262,05541d1433,4/28/11 11:40,nd1S05541,Right,Brown,No,nd1C00062,nd1T00054,nd1E00101,nd1N00059,"nd1I00026\,stdI00002",,Inside,911388,No,,No,No,No,Female,1989,White,
565809,nd1R866268,05541d1439,4/28/11 11:40,nd1S05541,Right,Brown,No,nd1C00062,nd1T00053,nd1E00101,nd1N00059,"nd1I00026\,stdI00002",,Inside,911394,No,,No,No,No,Female,1989,White,
565810,nd1R866269,05541d1440,4/28/11 11:40,nd1S05541,Right,Brown,No,nd1C00062,nd1T00053,nd1E00101,nd1N00059,"nd1I00026\,stdI00002",,Inside,911395,No,,No,No,No,Female,1989,White,
565811,nd1R866270,05541d1441,4/28/11 11:40,nd1S05541,Right,Brown,No,nd1C00062,nd1T00053,nd1E00101,nd1N00059,"nd1I00026\,stdI00002",,Inside,911396,No,,No,No,No,Female,1989,White,
565812,nd1R866271,05541d1442,4/28/11 11:40,nd1S05541,Right,Brown,No,nd1C00062,nd1T00053,nd1E00101,nd1N00059,"nd1I00026\,stdI00002",,Inside,911397,No,,No,No,No,Female,1989,White,
191271,nd5R70533,05547d37,4/10/08 0:00,nd1S05547,Right,Blue,No,nd1C00013,nd1T00015,nd1E00054,nd1N00020,nd1I00013,nd1I00013,Inside,236348,Yes,Soft,No,No,No,Female,1989,White,"contacts-soft-given\,contacts-given"
192974,nd5R72222,05547d48,4/10/08 0:00,nd1S05547,Right,Blue,No,nd1C00013,nd1T00014,nd1E00074,nd1N00006,"nd1I00016\,stdI00002",nd1I00012,Inside,238051,Yes,Soft,No,No,No,Female,1989,White,"contacts-soft-given\,contacts-given"
192979,nd5R72227,05547d53,4/10/08 0:00,nd1S05547,Right,Blue,No,nd1C00013,nd1T00014,nd1E00074,nd1N00006,"nd1I00015\,stdI00002",nd1I00012,Inside,238056,Yes,Soft,No,No,No,Female,1989,White,"contacts-soft-given\,contacts-given"
197079,nd5R76301,05547d85,4/29/08 0:00,nd1S05547,Right,Blue,No,nd1C00013,nd1T00014,nd1E00074,nd1N00006,"nd1I00017\,stdI00002",nd1I00012,Inside,244056,Yes,Soft,No,No,No,Female,1989,White,"contacts-soft-given\,contacts-given"
197080,nd5R76302,05547d86,4/29/08 0:00,nd1S05547,Right,Blue,No,nd1C00013,nd1T00014,nd1E00074,nd1N00006,"nd1I00015\,stdI00002",nd1I00012,Inside,244057,Yes,Soft,No,No,No,Female,1989,White,"contacts-soft-given\,contacts-given"
308328,nd5R36806,05547d119,2/4/09 0:00,nd1S05547,Right,Blue,No,nd1C00033,nd1T00014,nd1E00074,nd1N00006,"nd1I00017\,stdI00002",nd1I00012,Inside,388530,Yes,Soft,No,No,No,Female,1989,White,"contacts-soft-given\,contacts-given"
308338,nd5R36816,05547d129,2/4/09 0:00,nd1S05547,Right,Blue,No,nd1C00033,nd1T00014,nd1E00074,nd1N00006,"nd1I00015\,stdI00002",nd1I00012,Inside,388540,Yes,Soft,No,No,No,Female,1989,White,"contacts-soft-given\,contacts-given"
456595,nd1R649857,05547d192,12/2/10 13:52,nd1S05547,Right,Blue,No,nd1C00055,nd1T00050,nd1E00090,nd1N00048,"nd1I00022\,stdI00002",,Inside,697432,Yes,Soft,Yes,No,No,Female,1989,White,"contacts-given\,contacts-soft-given\,contacts-texture-given"
460704,nd1R658706,05547d226,12/2/10 13:52,nd1S05547,Right,Blue,No,nd1C00059,nd1T00052,nd1E00090,lg4000diff25,"nd1I00024\,stdI00002",,Inside,702099,No,,No,No,No,Female,1989,White,
466504,nd1R673983,05547d284,1/27/11 13:29,nd1S05547,Right,Blue,No,nd1C00062,nd1T00051,nd1E00093,nd1N00020,"nd1I00020\,stdI00002",,Inside,709525,No,,No,No,No,Female,1989,White,
466510,nd1R673989,05547d290,1/27/11 13:29,nd1S05547,Right,Blue,No,nd1C00062,nd1T00050,nd1E00093,nd1N00048,"nd1I00022\,stdI00002",,Inside,709531,No,,No,No,No,Female,1989,White,
466517,,,1/27/11 13:29,nd1S05547,Right,Blue,No,,nd1T00053,nd1E00093,nd1N00059,"nd1I00026\,stdI00002",,Inside,709538,No,,No,No,No,Female,1989,White,
466520,,,1/27/11 13:29,nd1S05547,Right,Blue,No,,nd1T00054,nd1E00093,nd1N00059,"nd1I00026\,stdI00002",,Inside,709541,No,,No,No,No,Female,1989,White,
466525,nd1R674000,05547d301,1/27/11 13:29,nd1S05547,Right,Blue,No,nd1C00062,nd1T00049,nd1E00093,nd1N00049,"nd1I00023\,stdI00002",,Inside,709546,No,,No,No,No,Female,1989,White,
483393,nd1R707500,05547d326,2/22/11 13:26,nd1S05547,Right,Blue,No,nd1C00062,nd1T00050,nd1E00093,nd1N00048,"nd1I00022\,stdI00002",,Inside,756457,Yes,Soft,Yes,No,No,Female,1989,White,
487271,nd1R710129,05547d340,2/22/11 13:26,nd1S05547,Right,Blue,No,nd1C00062,nd1T00054,nd1E00093,nd1N00059,"nd1I00026\,stdI00002",,Inside,760335,Yes,Soft,Yes,No,No,Female,1989,White,
505950,nd1R797790,05547d601,3/8/11 13:11,nd1S05547,Right,Blue,No,nd1C00062,nd1T00051,nd1E00093,nd1N00020,"nd1I00027\,stdI00002",,Inside,798232,Yes,Soft,Yes,No,No,Female,1989,White,
513666,nd1R803645,05547d633,3/22/11 12:00,nd1S05547,Right,Blue,No,nd1C00062,nd1T00049,nd1E00093,nd1N00049,"nd1I00023\,stdI00002",,Inside,821249,Yes,Soft,Yes,No,No,Female,1989,White,
550825,nd1R854114,05547d768,4/26/11 13:20,nd1S05547,Right,Blue,No,nd1C00062,nd1T00054,nd1E00101,nd1N00059,"nd1I00026\,stdI00002",,Inside,896410,Yes,Soft,Yes,No,No,Female,1989,White,
550835,nd1R854124,05547d778,4/26/11 13:20,nd1S05547,Right,Blue,No,nd1C00062,nd1T00053,nd1E00101,nd1N00059,"nd1I00026\,stdI00002",,Inside,896420,Yes,Soft,Yes,No,No,Female,1989,White,
551929,nd1R855216,05547d787,4/26/11 13:20,nd1S05547,Right,Blue,No,nd1C00062,nd1T00049,nd1E00101,nd1N00049,"nd1I00023\,stdI00002",,Inside,897514,Yes,Soft,Yes,No,No,Female,1989,White,
553083,nd1R856370,05547d794,4/26/11 13:20,nd1S05547,Right,Blue,No,nd1C00062,nd1T00050,nd1E00101,nd1N00048,"nd1I00022\,stdI00002",,Inside,898668,Yes,Soft,Yes,No,No,Female,1989,White,
554188,nd1R857471,05547d798,4/26/11 13:20,nd1S05547,Right,Blue,No,nd1C00062,nd1T00051,nd1E00101,nd1N00020,"nd1I00027\,stdI00002",,Inside,899773,Yes,Soft,Yes,No,No,Female,1989,White,
555582,nd1R868368,05547d813,4/26/11 13:20,nd1S05547,Right,Blue,No,nd1C00059,nd1T00051,nd1E00101,lg4000diff25,"nd1I00027\,stdI00002",,Inside,901167,Yes,Soft,Yes,No,No,Female,1989,White,
193406,nd5R72654,05555d27,4/23/08 0:00,nd1S05555,Left,Blue,No,nd1C00013,nd1T00015,nd1E00054,nd1N00020,nd1I00013,nd1I00013,Inside,240383,Yes,Soft,No,No,No,Male,1988,White,"contacts-soft-given\,contacts-given"
194639,,,4/23/08 0:00,nd1S05555,Left,Blue,No,,nd1T00014,nd1E00074,nd1N00016,"nd1I00016\,stdI00002",nd1I00012,Inside,241616,Yes,Soft,No,No,No,Male,1988,White,"contacts-soft-given\,contacts-given"
194640,,,4/23/08 0:00,nd1S05555,Left,Blue,No,,nd1T00014,nd1E00074,nd1N00016,"nd1I00017\,stdI00002",nd1I00012,Inside,241617,Yes,Soft,No,No,No,Male,1988,White,"contacts-soft-given\,contacts-given"
194642,,,4/23/08 0:00,nd1S05555,Left,Blue,No,,nd1T00014,nd1E00074,nd1N00016,"nd1I00016\,stdI00002",nd1I00012,Inside,241619,Yes,Soft,No,No,No,Male,1988,White,"contacts-soft-given\,contacts-given"
194644,nd5R73882,05555d34,4/23/08 0:00,nd1S05555,Left,Blue,No,nd1C00013,nd1T00014,nd1E00074,nd1N00006,"nd1I00015\,stdI00002",nd1I00012,Inside,241621,Yes,Soft,No,No,No,Male,1988,White,"contacts-soft-given\,contacts-given"
197816,nd5R77031,05555d46,5/1/08 0:00,nd1S05555,Left,Blue,No,nd1C00013,nd1T00014,nd1E00074,nd1N00006,"nd1I00016\,stdI00002",nd1I00012,Inside,244793,Yes,Soft,No,No,No,Male,1988,White,"contacts-soft-given\,contacts-given"
197817,nd5R77032,05555d47,5/1/08 0:00,nd1S05555,Left,Blue,No,nd1C00013,nd1T00014,nd1E00074,nd1N00006,"nd1I00017\,stdI00002",nd1I00012,Inside,244794,Yes,Soft,No,No,No,Male,1988,White,"contacts-soft-given\,contacts-given"
203160,nd4R43227,05555d60,9/24/08 0:00,nd1S05555,Left,Blue,No,nd1C00023,nd1T00015,nd1E00054,nd1N00020,nd1I00013,nd1I00013,Inside,259796,Yes,Soft,No,No,No,Male,1988,White,"contacts-soft-given\,contacts-given"
205474,nd4R45465,05555d68,9/24/08 0:00,nd1S05555,Left,Blue,No,nd1C00023,nd1T00014,nd1E00074,nd1N00006,"nd1I00015\,stdI00002",nd1I00011,Inside,262110,Yes,Soft,No,No,No,Male,1988,White,"contacts-soft-given\,contacts-given"
205476,nd4R45467,05555d70,9/24/08 0:00,nd1S05555,Left,Blue,No,nd1C00023,nd1T00014,nd1E00074,nd1N00006,"nd1I00017\,stdI00002",nd1I00011,Inside,262112,Yes,Soft,No,No,No,Male,1988,White,"contacts-soft-given\,contacts-given"
216921,nd4R56737,05555d134,10/29/08 0:00,nd1S05555,Left,Blue,No,nd1C00023,nd1T00014,nd1E00074,nd1N00006,"nd1I00015\,stdI00002",nd1I00012,Inside,277771,Yes,Soft,No,No,No,Male,1988,White,"contacts-soft-given\,contacts-given"
216924,nd4R56740,05555d137,10/29/08 0:00,nd1S05555,Left,Blue,No,nd1C00023,nd1T00014,nd1E00074,nd1N00006,"nd1I00015\,stdI00002",nd1I00012,Inside,277774,Yes,Soft,No,No,No,Male,1988,White,"contacts-soft-given\,contacts-given"
223779,nd4R63489,05555d156,11/13/08 0:00,nd1S05555,Left,Blue,No,nd1C00023,nd1T00014,nd1E00074,nd1N00006,"nd1I00015\,stdI00002",nd1I00012,Inside,284629,Yes,Soft,No,No,No,Male,1988,White,"contacts-soft-given\,contacts-given"
226760,nd4R66423,05555d186,12/4/08 0:00,nd1S05555,Left,Blue,No,nd1C00023,nd1T00014,nd1E00074,nd1N00006,"nd1I00015\,stdI00002",nd1I00012,Inside,287610,Yes,Soft,No,No,No,Male,1988,White,"contacts-soft-given\,contacts-given"
226766,nd4R66429,05555d192,12/4/08 0:00,nd1S05555,Left,Blue,No,nd1C00023,nd1T00014,nd1E00074,nd1N00006,"nd1I00015\,stdI00002",nd1I00012,Inside,287616,Yes,Soft,No,No,No,Male,1988,White,"contacts-soft-given\,contacts-given"
226772,nd4R66435,05555d198,12/4/08 0:00,nd1S05555,Left,Blue,No,nd1C00023,nd1T00014,nd1E00074,nd1N00006,"nd1I00015\,stdI00002",nd1I00012,Inside,287622,Yes,Soft,No,No,No,Male,1988,White,"contacts-soft-given\,contacts-given"
237153,nd5R05250,05555d338,1/22/09 0:00,nd1S05555,Left,Blue,No,nd1C00033,nd1T00014,nd1E00074,nd1N00006,"nd1I00017\,stdI00002",nd1I00012,Inside,313908,Yes,Soft,No,No,No,Male,1988,White,"contacts-soft-given\,contacts-given"
318320,nd5R28794,05555d452,2/19/09 0:00,nd1S05555,Left,Blue,No,nd1C00033,nd1T00014,nd1E00074,nd1N00006,"nd1I00017\,stdI00002",nd1I00012,Inside,405823,Yes,Soft,No,No,No,Male,1988,White,"contacts-soft-given\,contacts-given"
318323,nd5R28791,05555d449,2/19/09 0:00,nd1S05555,Left,Blue,No,nd1C00033,nd1T00014,nd1E00074,nd1N00006,"nd1I00017\,stdI00002",nd1I00012,Inside,405826,Yes,Soft,No,No,No,Male,1988,White,"contacts-soft-given\,contacts-given"
345404,nd5R48089,05555d495,4/23/09 0:00,nd1S05555,Left,Blue,No,nd1C00033,nd1T00014,nd1E00074,nd1N00006,"nd1I00015\,stdI00002",nd1I00012,Inside,451522,Yes,Soft,No,No,No,Male,1988,White,"contacts-soft-given\,contacts-given"
375885,nd6R21721,05555d654,11/4/09 0:00,nd1S05555,Left,Blue,No,nd1C00041,nd1T00016,nd1E00075,nd1N00020,nd1I00013,nd1I00013,Inside,529501,Yes,Soft,No,No,No,Male,1988,White,"contacts-soft-given\,contacts-given"
376664,nd6R20949,05555d637,11/4/09 0:00,nd1S05555,Left,Blue,No,nd1C00041,nd1T00002,nd1E00075,nd1N00006,"nd1I00015\,stdI00002",nd1I00004,Inside,530280,Yes,Soft,No,No,No,Male,1988,White,"contacts-soft-given\,contacts-given"
376667,nd6R20946,05555d634,11/4/09 0:00,nd1S05555,Left,Blue,No,nd1C00041,nd1T00002,nd1E00075,nd1N00006,"nd1I00015\,stdI00002",nd1I00004,Inside,530283,Yes,Soft,No,No,No,Male,1988,White,"contacts-soft-given\,contacts-given"
384717,nd6R42391,05555d728,1/27/10 13:48,nd1S05555,Left,Blue,No,nd1C00042,nd1T00002,nd1E00075,nd1N00006,"nd1I00017\,stdI00002",nd1I00013,Inside,540377,Yes,Soft,No,No,No,Male,1988,White,"contacts-given\,contacts-soft-given"
384720,nd6R42394,05555d731,1/27/10 13:48,nd1S05555,Left,Blue,No,nd1C00042,nd1T00002,nd1E00075,nd1N00006,"nd1I00017\,stdI00002",nd1I00013,Inside,540380,Yes,Soft,No,No,No,Male,1988,White,"contacts-given\,contacts-soft-given"
384723,nd6R42397,05555d734,1/27/10 13:48,nd1S05555,Left,Blue,No,nd1C00042,nd1T00002,nd1E00075,nd1N00006,"nd1I00017\,stdI00002",nd1I00013,Inside,540383,Yes,Soft,No,No,No,Male,1988,White,"contacts-given\,contacts-soft-given"
392149,nd6R48990,05555d758,2/10/10 12:38,nd1S05555,Left,Blue,No,nd1C00042,nd1T00002,nd1E00075,nd1N00006,"nd1I00017\,stdI00002",nd1I00013,Inside,557359,Yes,Soft,No,No,No,Male,1988,White,"contacts-given\,contacts-soft-given"
403190,nd6R59853,05555d788,2/25/10 16:54,nd1S05555,Left,Blue,No,nd1C00042,nd1T00002,nd1E00077,nd1N00006,"nd1I00017\,stdI00002",,Inside,585764,Yes,Soft,No,No,No,Male,1988,White,"contacts-given\,contacts-soft-given"
423650,nd6R79610,05555d850,4/28/10 12:16,nd1S05555,Left,Blue,No,nd1C00042,nd1T00002,nd1E00077,nd1N00006,"nd1I00017\,stdI00002",,Inside,613152,Yes,Soft,No,No,No,Male,1988,White,"contacts-given\,contacts-soft-given"
449507,nd1R637036,05555d993,11/9/10 15:02,nd1S05555,Left,Blue,No,nd1C00055,nd1T00039,nd1E00085,nd1N00048,"nd1I00022\,stdI00002",,Inside,682613,Yes,Soft,No,No,No,Male,1988,White,"contacts-given\,contacts-soft-given"
456918,nd1R650180,05555d1031,12/2/10 14:52,nd1S05555,Left,Blue,No,nd1C00055,nd1T00049,nd1E00090,nd1N00049,"nd1I00023\,stdI00002",,Inside,697755,Yes,Soft,No,No,No,Male,1988,White,"contacts-given\,contacts-soft-given"
460803,nd1R657259,05555d1064,12/2/10 14:52,nd1S05555,Left,Blue,No,nd1C00059,nd1T00052,nd1E00090,lg4000diff25,"nd1I00024\,stdI00002",,Inside,702198,No,,No,No,No,Male,1988,White,
463135,nd1R670823,05555d1108,1/26/11 11:34,nd1S05555,Left,Blue,No,nd1C00062,nd1T00054,nd1E00093,nd1N00059,"nd1I00026\,stdI00002",,Inside,706156,No,,No,No,No,Male,1988,White,
470184,nd1R677401,05555d1122,2/9/11 12:38,nd1S05555,Left,Blue,No,nd1C00062,nd1T00054,nd1E00093,nd1N00059,"nd1I00026\,stdI00002",,Inside,723662,No,,No,No,No,Male,1988,White,
470194,nd1R677411,05555d1132,2/9/11 12:38,nd1S05555,Left,Blue,No,nd1C00062,nd1T00053,nd1E00093,nd1N00059,"nd1I00026\,stdI00002",,Inside,723672,No,,No,No,No,Male,1988,White,
474960,nd1R683098,05555d1154,2/9/11 12:38,nd1S05555,Left,Blue,No,nd1C00062,nd1T00049,nd1E00093,nd1N00049,"nd1I00023\,stdI00002",,Inside,728438,No,,No,No,No,Male,1988,White,
557544,nd1R859747,05555d1385,4/27/11 15:13,nd1S05555,Left,Blue,No,nd1C00062,nd1T00053,nd1E00101,nd1N00059,"nd1I00026\,stdI00002",,Inside,903129,Yes,Soft,No,No,No,Male,1988,White,
560813,nd1R869254,05555d1419,4/27/11 15:13,nd1S05555,Left,Blue,No,nd1C00059,nd1T00051,nd1E00101,lg4000diff25,"nd1I00028\,stdI00002",,Inside,906398,Yes,Soft,No,No,No,Male,1988,White,
193407,nd5R72655,05555d28,4/23/08 0:00,nd1S05555,Right,Blue,No,nd1C00013,nd1T00015,nd1E00054,nd1N00020,nd1I00013,nd1I00013,Inside,240384,Yes,Soft,No,No,No,Male,1988,White,"contacts-soft-given\,contacts-given"
194645,nd5R73883,05555d35,4/23/08 0:00,nd1S05555,Right,Blue,No,nd1C00013,nd1T00014,nd1E00074,nd1N00006,"nd1I00016\,stdI00002",nd1I00012,Inside,241622,Yes,Soft,No,No,No,Male,1988,White,"contacts-soft-given\,contacts-given"
194646,nd5R73884,05555d36,4/23/08 0:00,nd1S05555,Right,Blue,No,nd1C00013,nd1T00014,nd1E00074,nd1N00006,"nd1I00017\,stdI00002",nd1I00012,Inside,241623,Yes,Soft,No,No,No,Male,1988,White,"contacts-soft-given\,contacts-given"
194648,nd5R73885,05555d37,4/23/08 0:00,nd1S05555,Right,Blue,No,nd1C00013,nd1T00014,nd1E00074,nd1N00006,"nd1I00016\,stdI00002",nd1I00012,Inside,241625,Yes,Soft,No,No,No,Male,1988,White,"contacts-soft-given\,contacts-given"
197822,nd5R77037,05555d52,5/1/08 0:00,nd1S05555,Right,Blue,No,nd1C00013,nd1T00014,nd1E00074,nd1N00006,"nd1I00016\,stdI00002",nd1I00012,Inside,244799,Yes,Soft,No,No,No,Male,1988,White,"contacts-soft-given\,contacts-given"
197823,,,5/1/08 0:00,nd1S05555,Right,Blue,No,,nd1T00014,nd1E00074,nd1N00016,"nd1I00017\,stdI00002",nd1I00012,Inside,244800,Yes,Soft,No,No,No,Male,1988,White,"contacts-soft-given\,contacts-given"
197826,nd5R77039,05555d54,5/1/08 0:00,nd1S05555,Right,Blue,No,nd1C00013,nd1T00014,nd1E00074,nd1N00006,"nd1I00017\,stdI00002",nd1I00012,Inside,244803,Yes,Soft,No,No,No,Male,1988,White,"contacts-soft-given\,contacts-given"
205485,nd4R45476,05555d79,9/24/08 0:00,nd1S05555,Right,Blue,No,nd1C00023,nd1T00014,nd1E00074,nd1N00006,"nd1I00017\,stdI00002",nd1I00011,Inside,262121,Yes,Soft,No,No,No,Male,1988,White,"contacts-soft-given\,contacts-given"
208465,nd4R48355,05555d91,10/9/08 0:00,nd1S05555,Right,Blue,No,nd1C00023,nd1T00014,nd1E00054,nd1N00020,nd1I00013,nd1I00013,Inside,267069,Yes,Soft,No,No,No,Male,1988,White,"contacts-soft-given\,contacts-given"
216927,nd4R56743,05555d140,10/29/08 0:00,nd1S05555,Right,Blue,No,nd1C00023,nd1T00014,nd1E00074,nd1N00006,"nd1I00015\,stdI00002",nd1I00012,Inside,277777,Yes,Soft,No,No,No,Male,1988,White,"contacts-soft-given\,contacts-given"
226778,nd4R66441,05555d204,12/4/08 0:00,nd1S05555,Right,Blue,No,nd1C00023,nd1T00014,nd1E00074,nd1N00006,"nd1I00015\,stdI00002",nd1I00012,Inside,287628,Yes,Soft,No,No,No,Male,1988,White,"contacts-soft-given\,contacts-given"
226784,nd4R66447,05555d210,12/4/08 0:00,nd1S05555,Right,Blue,No,nd1C00023,nd1T00014,nd1E00074,nd1N00006,"nd1I00015\,stdI00002",nd1I00012,Inside,287634,Yes,Soft,No,No,No,Male,1988,White,"contacts-soft-given\,contacts-given"
226787,nd4R66450,05555d213,12/4/08 0:00,nd1S05555,Right,Blue,No,nd1C00023,nd1T00014,nd1E00074,nd1N00006,"nd1I00015\,stdI00002",nd1I00012,Inside,287637,Yes,Soft,No,No,No,Male,1988,White,"contacts-soft-given\,contacts-given"
310500,nd5R38974,05555d478,2/5/09 0:00,nd1S05555,Right,Blue,No,nd1C00033,nd1T00014,nd1E00074,nd1N00006,"nd1I00016\,stdI00002",nd1I00012,Inside,392224,Yes,Soft,No,No,No,Male,1988,White,"contacts-soft-given\,contacts-given"
318329,nd5R28785,05555d443,2/19/09 0:00,nd1S05555,Right,Blue,No,nd1C00033,nd1T00014,nd1E00074,nd1N00006,"nd1I00017\,stdI00002",nd1I00012,Inside,405832,Yes,Soft,No,No,No,Male,1988,White,"contacts-soft-given\,contacts-given"
324890,nd5R22259,05555d412,3/4/09 0:00,nd1S05555,Right,Blue,No,nd1C00033,nd1T00014,nd1E00074,nd1N00006,"nd1I00015\,stdI00002",nd1I00012,Inside,416444,Yes,Soft,No,No,No,Male,1988,White,"contacts-soft-given\,contacts-given"
324895,nd5R22254,05555d407,3/4/09 0:00,nd1S05555,Right,Blue,No,nd1C00033,nd1T00014,nd1E00074,nd1N00006,"nd1I00017\,stdI00002",nd1I00012,Inside,416449,Yes,Soft,No,No,No,Male,1988,White,"contacts-soft-given\,contacts-given"
361319,nd6R29705,05555d676,11/19/09 0:00,nd1S05555,Right,Blue,No,nd1C00041,nd1T00016,nd1E00075,nd1N00021,nd1I00013,nd1I00013,Inside,513101,Yes,Soft,No,No,No,Male,1988,White,"contacts-soft-given\,contacts-given"
375887,nd6R21719,05555d652,11/4/09 0:00,nd1S05555,Right,Blue,No,nd1C00041,nd1T00016,nd1E00075,nd1N00020,nd1I00013,nd1I00013,Inside,529503,Yes,Soft,No,No,No,Male,1988,White,"contacts-soft-given\,contacts-given"
376676,nd6R20937,05555d625,11/4/09 0:00,nd1S05555,Right,Blue,No,nd1C00041,nd1T00002,nd1E00075,nd1N00006,"nd1I00015\,stdI00002",nd1I00004,Inside,530292,Yes,Soft,No,No,No,Male,1988,White,"contacts-soft-given\,contacts-given"
384736,nd6R42410,05555d747,1/27/10 13:48,nd1S05555,Right,Blue,No,nd1C00042,nd1T00002,nd1E00075,nd1N00006,"nd1I00015\,stdI00002",nd1I00013,Inside,540396,Yes,Soft,No,No,No,Male,1988,White,"contacts-given\,contacts-soft-given"
392160,nd6R49001,05555d769,2/10/10 12:38,nd1S05555,Right,Blue,No,nd1C00042,nd1T00002,nd1E00075,nd1N00006,"nd1I00016\,stdI00002",nd1I00013,Inside,557370,Yes,Soft,No,No,No,Male,1988,White,"contacts-given\,contacts-soft-given"
397469,nd6R54181,05555d782,2/25/10 16:54,nd1S05555,Right,Blue,No,nd1C00042,nd1T00016,nd1E00077,nd1N00020,"nd1I00004\,stdI00002",,Inside,580043,Yes,Soft,No,No,No,Male,1988,White,"contacts-given\,contacts-soft-given"
419154,nd6R75418,05555d839,4/15/10 16:34,nd1S05555,Right,Blue,No,nd1C00042,nd1T00002,nd1E00077,nd1N00006,"nd1I00015\,stdI00002",,Inside,608656,No,,No,No,No,Male,1988,White,
449508,nd1R637037,05555d994,11/9/10 15:02,nd1S05555,Right,Blue,No,nd1C00055,nd1T00039,nd1E00085,nd1N00048,"nd1I00022\,stdI00002",,Inside,682614,Yes,Soft,No,No,No,Male,1988,White,"contacts-given\,contacts-soft-given"
456923,nd1R650185,05555d1036,12/2/10 14:52,nd1S05555,Right,Blue,No,nd1C00055,nd1T00049,nd1E00090,nd1N00049,"nd1I00023\,stdI00002",,Inside,697760,Yes,Soft,No,No,No,Male,1988,White,"contacts-given\,contacts-soft-given"
460802,nd1R657260,05555d1065,12/2/10 14:52,nd1S05555,Right,Blue,No,nd1C00059,nd1T00052,nd1E00090,lg4000diff25,"nd1I00024\,stdI00002",,Inside,702197,No,,No,No,No,Male,1988,White,
470187,nd1R677404,05555d1125,2/9/11 12:38,nd1S05555,Right,Blue,No,nd1C00062,nd1T00054,nd1E00093,nd1N00059,"nd1I00026\,stdI00002",,Inside,723665,No,,No,No,No,Male,1988,White,
470201,nd1R677418,05555d1139,2/9/11 12:38,nd1S05555,Right,Blue,No,nd1C00062,nd1T00053,nd1E00093,nd1N00059,"nd1I00026\,stdI00002",,Inside,723679,No,,No,No,No,Male,1988,White,
557546,nd1R859749,05555d1387,4/27/11 15:13,nd1S05555,Right,Blue,No,nd1C00062,nd1T00053,nd1E00101,nd1N00059,"nd1I00026\,stdI00002",,Inside,903131,Yes,Soft,No,No,No,Male,1988,White,
196231,nd5R75462,05587d19,5/1/08 0:00,nd1S05587,Right,Brown,No,nd1C00013,nd1T00015,nd1E00054,nd1N00020,nd1I00013,nd1I00013,Inside,243208,No,,No,No,No,Male,1989,White,
197883,,,5/1/08 0:00,nd1S05587,Right,Brown,No,,nd1T00014,nd1E00074,nd1N00016,"nd1I00017\,stdI00002",nd1I00012,Inside,244860,No,,No,No,No,Male,1989,White,
197886,nd5R77096,05587d28,5/1/08 0:00,nd1S05587,Right,Brown,No,nd1C00013,nd1T00014,nd1E00074,nd1N00006,"nd1I00017\,stdI00002",nd1I00012,Inside,244863,No,,No,No,No,Male,1989,White,
203167,nd4R43234,05587d33,9/24/08 0:00,nd1S05587,Right,Brown,No,nd1C00023,nd1T00015,nd1E00054,nd1N00020,nd1I00013,nd1I00013,Inside,259803,No,,No,No,No,Male,1989,White,
205517,nd4R45508,05587d59,9/24/08 0:00,nd1S05587,Right,Brown,No,nd1C00023,nd1T00014,nd1E00074,nd1N00006,"nd1I00016\,stdI00002",nd1I00011,Inside,262153,No,,No,No,No,Male,1989,White,
205518,nd4R45509,05587d60,9/24/08 0:00,nd1S05587,Right,Brown,No,nd1C00023,nd1T00014,nd1E00074,nd1N00006,"nd1I00017\,stdI00002",nd1I00011,Inside,262154,No,,No,No,No,Male,1989,White,
205519,nd4R45510,05587d61,9/24/08 0:00,nd1S05587,Right,Brown,No,nd1C00023,nd1T00014,nd1E00074,nd1N00006,"nd1I00015\,stdI00002",nd1I00011,Inside,262155,No,,No,No,No,Male,1989,White,
334351,nd5R09916,05587d94,3/25/09 0:00,nd1S05587,Right,Brown,No,nd1C00033,nd1T00014,nd1E00074,nd1N00006,"nd1I00017\,stdI00002",nd1I00012,Inside,433680,No,,No,No,No,Male,1989,White,
421383,nd6R77366,05587d147,4/27/10 13:00,nd1S05587,Right,Brown,No,nd1C00042,nd1T00002,nd1E00077,nd1N00006,"nd1I00015\,stdI00002",,Inside,610885,No,,No,No,No,Male,1989,White,
421392,nd6R77375,05587d156,4/27/10 13:00,nd1S05587,Right,Brown,No,nd1C00042,nd1T00002,nd1E00077,nd1N00006,"nd1I00015\,stdI00002",,Inside,610894,No,,No,No,No,Male,1989,White,
449998,nd1R637526,05587d211,11/9/10 16:49,nd1S05587,Right,Brown,No,nd1C00055,nd1T00016,nd1E00085,nd1N00020,"nd1I00020\,stdI00002",,Inside,683104,No,,No,No,No,Male,1989,White,
450006,nd1R637534,05587d219,11/9/10 16:49,nd1S05587,Right,Brown,No,nd1C00055,nd1T00039,nd1E00085,nd1N00048,"nd1I00022\,stdI00002",,Inside,683112,No,,No,No,No,Male,1989,White,
453983,nd1R647255,05587d255,11/30/10 16:48,nd1S05587,Right,Brown,No,nd1C00055,nd1T00051,nd1E00090,nd1N00020,"nd1I00020\,stdI00002",,Inside,694820,No,,No,No,No,Male,1989,White,
453988,nd1R647260,05587d260,11/30/10 16:48,nd1S05587,Right,Brown,No,nd1C00055,nd1T00049,nd1E00090,nd1N00049,"nd1I00023\,stdI00002",,Inside,694825,No,,No,No,No,Male,1989,White,
491085,nd1R713884,05587d479,2/24/11 12:11,nd1S05587,Right,Brown,No,nd1C00062,nd1T00054,nd1E00093,nd1N00059,"nd1I00026\,stdI00002",,Inside,764149,No,,No,No,No,Male,1989,White,
494120,nd1R716901,05587d502,2/24/11 12:11,nd1S05587,Right,Brown,No,nd1C00062,nd1T00049,nd1E00093,nd1N00049,"nd1I00023\,stdI00002",,Inside,767184,No,,No,No,No,Male,1989,White,
495396,nd1R828869,05587d838,2/24/11 12:11,nd1S05587,Right,Brown,No,nd1C00059,nd1T00051,nd1E00093,lg4000diff30,"nd1I00029\,stdI00002",,Inside,768460,No,,No,No,No,Male,1989,White,
504037,nd1R795888,05587d726,3/10/11 14:01,nd1S05587,Right,Brown,No,nd1C00062,nd1T00053,nd1E00093,nd1N00059,"nd1I00026\,stdI00002",,Inside,796319,No,,No,No,No,Male,1989,White,
508988,nd1R799706,05587d744,3/10/11 14:01,nd1S05587,Right,Brown,No,nd1C00062,nd1T00051,nd1E00093,nd1N00020,"nd1I00028\,stdI00002",,Inside,801270,No,,No,No,No,Male,1989,White,
510471,nd1R800455,05587d768,3/22/11 12:00,nd1S05587,Right,Brown,No,nd1C00062,nd1T00053,nd1E00093,nd1N00059,"nd1I00026\,stdI00002",,Inside,818054,No,,No,No,No,Male,1989,White,
531924,nd1R818894,05587d809,4/12/11 12:04,nd1S05587,Right,Brown,No,nd1C00062,nd1T00054,nd1E00101,nd1N00059,"nd1I00026\,stdI00002",,Inside,856108,No,,No,No,No,Male,1989,White,
531934,nd1R818884,05587d799,4/12/11 12:04,nd1S05587,Right,Brown,No,nd1C00062,nd1T00053,nd1E00101,nd1N00059,"nd1I00026\,stdI00002",,Inside,856118,No,,No,No,No,Male,1989,White,
540099,nd1R821570,05587d827,4/12/11 12:04,nd1S05587,Right,Brown,No,nd1C00062,nd1T00051,nd1E00101,nd1N00020,"nd1I00028\,stdI00002",,Inside,864283,No,,No,No,No,Male,1989,White,
555383,nd1R868169,05587d915,4/26/11 12:10,nd1S05587,Right,Brown,No,nd1C00059,nd1T00051,nd1E00101,lg4000diff25,"nd1I00027\,stdI00002",,Inside,900968,No,,No,No,No,Male,1989,White,
312203,nd5R34887,05597d329,2/17/09 0:00,nd1S05597,Left,Brown,No,nd1C00033,nd1T00014,nd1E00074,nd1N00006,"nd1I00017\,stdI00002",nd1I00012,Inside,396610,No,,No,No,No,Female,1959,White,
312204,nd5R34886,05597d328,2/17/09 0:00,nd1S05597,Left,Brown,No,nd1C00033,nd1T00014,nd1E00074,nd1N00006,"nd1I00015\,stdI00002",nd1I00012,Inside,396611,No,,No,No,No,Female,1959,White,
314531,nd5R32576,05597d315,2/17/09 0:00,nd1S05597,Left,Brown,No,nd1C00033,nd1T00014,nd1E00054,nd1N00020,nd1I00013,nd1I00013,Inside,398938,No,,No,No,No,Female,1959,White,
314533,nd5R32574,05597d313,2/17/09 0:00,nd1S05597,Left,Brown,No,nd1C00033,nd1T00014,nd1E00054,nd1N00020,nd1I00013,nd1I00013,Inside,398940,No,,No,No,No,Female,1959,White,
314535,nd5R32572,05597d311,2/17/09 0:00,nd1S05597,Left,Brown,No,nd1C00033,nd1T00014,nd1E00054,nd1N00020,nd1I00013,nd1I00013,Inside,398942,No,,No,No,No,Female,1959,White,
320725,nd5R26402,05597d309,3/3/09 0:00,nd1S05597,Left,Brown,No,nd1C00033,nd1T00014,nd1E00074,nd1N00006,"nd1I00016\,stdI00002",nd1I00012,Inside,410313,No,,No,No,No,Female,1959,White,
320726,nd5R26401,05597d308,3/3/09 0:00,nd1S05597,Left,Brown,No,nd1C00033,nd1T00014,nd1E00074,nd1N00006,"nd1I00017\,stdI00002",nd1I00012,Inside,410314,No,,No,No,No,Female,1959,White,
320727,nd5R26400,05597d307,3/3/09 0:00,nd1S05597,Left,Brown,No,nd1C00033,nd1T00014,nd1E00074,nd1N00006,"nd1I00015\,stdI00002",nd1I00012,Inside,410315,No,,No,No,No,Female,1959,White,
320728,nd5R26399,05597d306,3/3/09 0:00,nd1S05597,Left,Brown,No,nd1C00033,nd1T00014,nd1E00074,nd1N00006,"nd1I00016\,stdI00002",nd1I00012,Inside,410316,No,,No,No,No,Female,1959,White,
320729,nd5R26398,05597d305,3/3/09 0:00,nd1S05597,Left,Brown,No,nd1C00033,nd1T00014,nd1E00074,nd1N00006,"nd1I00017\,stdI00002",nd1I00012,Inside,410317,No,,No,No,No,Female,1959,White,
320730,nd5R26397,05597d304,3/3/09 0:00,nd1S05597,Left,Brown,No,nd1C00033,nd1T00014,nd1E00074,nd1N00006,"nd1I00015\,stdI00002",nd1I00012,Inside,410318,No,,No,No,No,Female,1959,White,
320731,nd5R26396,05597d303,3/3/09 0:00,nd1S05597,Left,Brown,No,nd1C00033,nd1T00014,nd1E00074,nd1N00006,"nd1I00016\,stdI00002",nd1I00012,Inside,410319,No,,No,No,No,Female,1959,White,
320732,nd5R26395,05597d302,3/3/09 0:00,nd1S05597,Left,Brown,No,nd1C00033,nd1T00014,nd1E00074,nd1N00006,"nd1I00017\,stdI00002",nd1I00012,Inside,410320,No,,No,No,No,Female,1959,White,
320733,nd5R26394,05597d301,3/3/09 0:00,nd1S05597,Left,Brown,No,nd1C00033,nd1T00014,nd1E00074,nd1N00006,"nd1I00015\,stdI00002",nd1I00012,Inside,410321,No,,No,No,No,Female,1959,White,
320735,nd5R26392,05597d299,3/3/09 0:00,nd1S05597,Left,Brown,No,nd1C00033,nd1T00014,nd1E00074,nd1N00006,"nd1I00017\,stdI00002",nd1I00012,Inside,410323,No,,No,No,No,Female,1959,White,
320736,nd5R26391,05597d298,3/3/09 0:00,nd1S05597,Left,Brown,No,nd1C00033,nd1T00014,nd1E00074,nd1N00006,"nd1I00015\,stdI00002",nd1I00012,Inside,410324,No,,No,No,No,Female,1959,White,
323038,nd5R24098,05597d285,3/3/09 0:00,nd1S05597,Left,Brown,No,nd1C00033,nd1T00014,nd1E00054,nd1N00020,nd1I00013,nd1I00013,Inside,412626,No,,No,No,No,Female,1959,White,
323040,nd5R24096,05597d283,3/3/09 0:00,nd1S05597,Left,Brown,No,nd1C00033,nd1T00014,nd1E00054,nd1N00020,nd1I00013,nd1I00013,Inside,412628,No,,No,No,No,Female,1959,White,
335256,nd5R09015,05597d279,3/26/09 0:00,nd1S05597,Left,Brown,No,nd1C00033,nd1T00014,nd1E00074,nd1N00006,"nd1I00016\,stdI00002",nd1I00012,Inside,436268,No,,No,No,No,Female,1959,White,
335258,,,3/26/09 0:00,nd1S05597,Left,Brown,No,,nd1T00014,nd1E00074,nd1N00006,"nd1I00015\,stdI00002",nd1I00012,Inside,436270,No,,No,No,No,Female,1959,White,
335259,nd5R09013,05597d277,3/26/09 0:00,nd1S05597,Left,Brown,No,nd1C00033,nd1T00014,nd1E00074,nd1N00006,"nd1I00016\,stdI00002",nd1I00012,Inside,436271,No,,No,No,No,Female,1959,White,
335260,nd5R09012,05597d276,3/26/09 0:00,nd1S05597,Left,Brown,No,nd1C00033,nd1T00014,nd1E00074,nd1N00006,"nd1I00017\,stdI00002",nd1I00012,Inside,436272,No,,No,No,No,Female,1959,White,
335261,nd5R09011,05597d275,3/26/09 0:00,nd1S05597,Left,Brown,No,nd1C00033,nd1T00014,nd1E00074,nd1N00006,"nd1I00015\,stdI00002",nd1I00012,Inside,436273,No,,No,No,No,Female,1959,White,
335262,nd5R09010,05597d274,3/26/09 0:00,nd1S05597,Left,Brown,No,nd1C00033,nd1T00014,nd1E00074,nd1N00006,"nd1I00016\,stdI00002",nd1I00012,Inside,436274,No,,No,No,No,Female,1959,White,
335264,,,3/26/09 0:00,nd1S05597,Left,Brown,No,,nd1T00014,nd1E00074,nd1N00006,"nd1I00015\,stdI00002",nd1I00012,Inside,436276,No,,No,No,No,Female,1959,White,
335266,,,3/26/09 0:00,nd1S05597,Left,Brown,No,,nd1T00014,nd1E00074,nd1N00006,"nd1I00017\,stdI00002",nd1I00012,Inside,436278,No,,No,No,No,Female,1959,White,
335267,nd5R09007,05597d271,3/26/09 0:00,nd1S05597,Left,Brown,No,nd1C00033,nd1T00014,nd1E00074,nd1N00006,"nd1I00015\,stdI00002",nd1I00012,Inside,436279,No,,No,No,No,Female,1959,White,
337159,nd5R07123,05597d258,3/26/09 0:00,nd1S05597,Left,Brown,No,nd1C00033,nd1T00014,nd1E00054,nd1N00020,nd1I00013,nd1I00013,Inside,438171,No,,No,No,No,Female,1959,White,
337161,nd5R07121,05597d256,3/26/09 0:00,nd1S05597,Left,Brown,No,nd1C00033,nd1T00014,nd1E00054,nd1N00020,nd1I00013,nd1I00013,Inside,438173,No,,No,No,No,Female,1959,White,
343842,nd5R46544,05597d370,4/23/09 0:00,nd1S05597,Left,Brown,No,nd1C00033,nd1T00014,nd1E00074,nd1N00006,"nd1I00016\,stdI00002",nd1I00012,Inside,449960,No,,No,No,No,Female,1959,White,
343843,nd5R46545,05597d371,4/23/09 0:00,nd1S05597,Left,Brown,No,nd1C00033,nd1T00014,nd1E00074,nd1N00006,"nd1I00017\,stdI00002",nd1I00012,Inside,449961,No,,No,No,No,Female,1959,White,
343844,nd5R46546,05597d372,4/23/09 0:00,nd1S05597,Left,Brown,No,nd1C00033,nd1T00014,nd1E00074,nd1N00006,"nd1I00015\,stdI00002",nd1I00012,Inside,449962,No,,No,No,No,Female,1959,White,
343845,nd5R46547,05597d373,4/23/09 0:00,nd1S05597,Left,Brown,No,nd1C00033,nd1T00014,nd1E00074,nd1N00006,"nd1I00016\,stdI00002",nd1I00012,Inside,449963,No,,No,No,No,Female,1959,White,
343846,nd5R46548,05597d374,4/23/09 0:00,nd1S05597,Left,Brown,No,nd1C00033,nd1T00014,nd1E00074,nd1N00006,"nd1I00017\,stdI00002",nd1I00012,Inside,449964,No,,No,No,No,Female,1959,White,
343847,nd5R46549,05597d375,4/23/09 0:00,nd1S05597,Left,Brown,No,nd1C00033,nd1T00014,nd1E00074,nd1N00006,"nd1I00015\,stdI00002",nd1I00012,Inside,449965,No,,No,No,No,Female,1959,White,
343848,nd5R46550,05597d376,4/23/09 0:00,nd1S05597,Left,Brown,No,nd1C00033,nd1T00014,nd1E00074,nd1N00006,"nd1I00016\,stdI00002",nd1I00012,Inside,449966,No,,No,No,No,Female,1959,White,
343849,nd5R46551,05597d377,4/23/09 0:00,nd1S05597,Left,Brown,No,nd1C00033,nd1T00014,nd1E00074,nd1N00006,"nd1I00017\,stdI00002",nd1I00012,Inside,449967,No,,No,No,No,Female,1959,White,
343850,nd5R46552,05597d378,4/23/09 0:00,nd1S05597,Left,Brown,No,nd1C00033,nd1T00014,nd1E00074,nd1N00006,"nd1I00015\,stdI00002",nd1I00012,Inside,449968,No,,No,No,No,Female,1959,White,
343851,nd5R46553,05597d379,4/23/09 0:00,nd1S05597,Left,Brown,No,nd1C00033,nd1T00014,nd1E00074,nd1N00006,"nd1I00016\,stdI00002",nd1I00012,Inside,449969,No,,No,No,No,Female,1959,White,
343852,nd5R46554,05597d380,4/23/09 0:00,nd1S05597,Left,Brown,No,nd1C00033,nd1T00014,nd1E00074,nd1N00006,"nd1I00017\,stdI00002",nd1I00012,Inside,449970,No,,No,No,No,Female,1959,White,
343853,nd5R46555,05597d381,4/23/09 0:00,nd1S05597,Left,Brown,No,nd1C00033,nd1T00014,nd1E00074,nd1N00006,"nd1I00015\,stdI00002",nd1I00012,Inside,449971,No,,No,No,No,Female,1959,White,
346251,nd5R48931,05597d394,4/23/09 0:00,nd1S05597,Left,Brown,No,nd1C00033,nd1T00014,nd1E00054,nd1N00020,nd1I00013,nd1I00013,Inside,452369,No,,No,No,No,Female,1959,White,
346255,nd5R48935,05597d398,4/23/09 0:00,nd1S05597,Left,Brown,No,nd1C00033,nd1T00014,nd1E00054,nd1N00020,nd1I00013,nd1I00013,Inside,452373,No,,No,No,No,Female,1959,White,
199031,,,9/9/08 0:00,nd1S05600,Left,Brown,No,,nd1T00014,nd1E00074,nd1N00006,"nd1I00015\,stdI00002",nd1I00011,Inside,254675,No,,No,No,No,Male,1988,White,
199035,,,9/9/08 0:00,nd1S05600,Left,Brown,No,,nd1T00014,nd1E00074,nd1N00006,"nd1I00016\,stdI00002",nd1I00011,Inside,254679,No,,No,No,No,Male,1988,White,
207132,nd4R47062,05600d11,9/25/08 0:00,nd1S05600,Left,Brown,No,nd1C00023,nd1T00014,nd1E00074,nd1N00006,"nd1I00017\,stdI00002",nd1I00011,Inside,263768,No,,No,No,No,Male,1988,White,
207133,,,9/25/08 0:00,nd1S05600,Left,Brown,No,,nd1T00014,nd1E00074,nd1N00006,"nd1I00015\,stdI00002",nd1I00011,Inside,263769,No,,No,No,No,Male,1988,White,
212440,nd4R52273,05600d71,10/9/08 0:00,nd1S05600,Left,Brown,No,nd1C00023,nd1T00014,nd1E00074,nd1N00016,"nd1I00015\,stdI00002",nd1I00012,Inside,271044,No,,No,No,No,Male,1988,White,
226004,nd4R65674,05600d149,12/3/08 0:00,nd1S05600,Left,Brown,No,nd1C00023,nd1T00014,nd1E00074,nd1N00006,"nd1I00015\,stdI00002",nd1I00012,Inside,286854,No,,No,No,No,Male,1988,White,
199040,,,9/9/08 0:00,nd1S05600,Right,Brown,No,,nd1T00014,nd1E00074,nd1N00006,"nd1I00015\,stdI00002",nd1I00011,Inside,254684,No,,No,No,No,Male,1988,White,
199042,,,9/9/08 0:00,nd1S05600,Right,Brown,No,,nd1T00014,nd1E00074,nd1N00006,"nd1I00017\,stdI00002",nd1I00011,Inside,254686,No,,No,No,No,Male,1988,White,
199049,,,9/9/08 0:00,nd1S05600,Right,Brown,No,,nd1T00014,nd1E00074,nd1N00006,"nd1I00015\,stdI00002",nd1I00011,Inside,254693,No,,No,No,No,Male,1988,White,
212458,nd4R52291,05600d89,10/9/08 0:00,nd1S05600,Right,Brown,No,nd1C00023,nd1T00014,nd1E00074,nd1N00016,"nd1I00015\,stdI00002",nd1I00012,Inside,271062,No,,No,No,No,Male,1988,White,
212463,nd4R52296,05600d94,10/9/08 0:00,nd1S05600,Right,Brown,No,nd1C00023,nd1T00014,nd1E00074,nd1N00016,"nd1I00017\,stdI00002",nd1I00012,Inside,271067,No,,No,No,No,Male,1988,White,
212478,nd4R52311,05600d109,10/9/08 0:00,nd1S05600,Right,Brown,No,nd1C00023,nd1T00014,nd1E00074,nd1N00016,"nd1I00017\,stdI00002",nd1I00012,Inside,271082,No,,No,No,No,Male,1988,White,
212488,nd4R52321,05600d119,10/9/08 0:00,nd1S05600,Right,Brown,No,nd1C00023,nd1T00014,nd1E00074,nd1N00016,"nd1I00015\,stdI00002",nd1I00012,Inside,271092,No,,No,No,No,Male,1988,White,
212493,nd4R52326,05600d124,10/9/08 0:00,nd1S05600,Right,Brown,No,nd1C00023,nd1T00014,nd1E00074,nd1N00016,"nd1I00017\,stdI00002",nd1I00012,Inside,271097,No,,No,No,No,Male,1988,White,
224136,nd4R63846,05600d137,12/3/08 0:00,nd1S05600,Right,Brown,No,nd1C00023,nd1T00014,nd1E00054,nd1N00020,nd1I00013,nd1I00013,Inside,284986,No,,No,No,No,Male,1988,White,
226010,nd4R65680,05600d155,12/3/08 0:00,nd1S05600,Right,Brown,No,nd1C00023,nd1T00014,nd1E00074,nd1N00006,"nd1I00015\,stdI00002",nd1I00012,Inside,286860,No,,No,No,No,Male,1988,White,
226016,nd4R65686,05600d161,12/3/08 0:00,nd1S05600,Right,Brown,No,nd1C00023,nd1T00014,nd1E00074,nd1N00006,"nd1I00015\,stdI00002",nd1I00012,Inside,286866,No,,No,No,No,Male,1988,White,
606908,nd1R977984,05616d1915,10/26/11 13:04,nd1S05616,Right,Brown,No,nd1C00068,nd1T00049,nd1E00107,nd1N00077,"nd1I00023\,stdI00002",,Inside,1009710,No,,No,No,No,Male,1983,Asian,
618664,nd1R985427,05616d1938,11/8/11 11:49,nd1S05616,Right,Brown,No,nd1C00068,nd1T00053,nd1E00107,nd1N00073,"nd1I00036\,stdI00002",,Inside,1033078,No,,No,No,No,Male,1983,Asian,
638504,nd1R1003491,05616d1973,2/9/12 15:31,nd1S05616,Right,Brown,No,nd1C00072,nd1T00054,nd1E00107,nd1N00073,"nd1I00036\,stdI00002",,Inside,1064394,No,,No,No,No,Male,1983,Asian,
638514,nd1R1003501,05616d1983,2/9/12 15:31,nd1S05616,Right,Brown,No,nd1C00072,nd1T00053,nd1E00107,nd1N00073,"nd1I00036\,stdI00002",,Inside,1064404,No,,No,No,No,Male,1983,Asian,
639585,nd1R1004303,05616d1989,2/9/12 15:31,nd1S05616,Right,Brown,No,nd1C00072,nd1T00049,nd1E00107,nd1N00079,"nd1I00023\,stdI00002",,Inside,1065475,No,,No,No,No,Male,1983,Asian,
669094,nd1R1070113,05616d2243,3/28/12 14:15,nd1S05616,Right,Brown,No,nd1C00072,nd1T00049,nd1E00107,nd1N00079,"nd1I00023\,stdI00002",,Inside,1130386,No,,No,No,No,Male,1983,Asian,
670557,nd1R1071576,05616d2262,3/28/12 14:15,nd1S05616,Right,Brown,No,nd1C00072,nd1T00051,nd1E00107,nd1N00074,"nd1I00027\,stdI00002",,Inside,1131849,No,,No,No,No,Male,1983,Asian,
670941,nd1R1071960,05616d2265,3/28/12 14:15,nd1S05616,Right,Brown,No,nd1C00072,nd1T00054,nd1E00107,nd1N00073,"nd1I00036\,stdI00002",,Inside,1132233,No,,No,No,No,Male,1983,Asian,
671065,,,3/28/12 14:15,nd1S05616,Right,Brown,No,,nd1T00053,nd1E00107,nd1N00073,"nd1I00036\,stdI00002",,Inside,1132357,No,,No,No,No,Male,1983,Asian,
671068,nd1R1072086,05616d2271,3/28/12 14:15,nd1S05616,Right,Brown,No,nd1C00072,nd1T00053,nd1E00107,nd1N00073,"nd1I00036\,stdI00002",,Inside,1132360,No,,No,No,No,Male,1983,Asian,
200512,nd4R95207,05616d290,9/10/08 0:00,nd1S05616,Right,Brown,No,nd1C00028,nd1T00014,nd1E00074,nd1N00006,"nd1I00017\,stdI00002",nd1I00004,Inside,256156,No,,No,No,No,Male,1983,Asian,
200519,nd4R40784,05616d12,9/10/08 0:00,nd1S05616,Right,Brown,No,nd1C00023,nd1T00014,nd1E00074,nd1N00006,"nd1I00015\,stdI00002",nd1I00011,Inside,256163,No,,No,No,No,Male,1983,Asian,
230489,nd4R97426,05616d316,12/2/08 0:00,nd1S05616,Right,Brown,No,nd1C00028,nd1T00014,nd1E00074,nd1N00006,"nd1I00016\,stdI00002",nd1I00004,Inside,303948,No,,No,No,No,Male,1983,Asian,
266719,nd5R17919,05616d416,2/3/09 0:00,nd1S05616,Right,Brown,No,nd1C00033,nd1T00014,nd1E00074,nd1N00006,"nd1I00015\,stdI00002",nd1I00012,Inside,345779,No,,No,No,No,Male,1983,Asian,
331383,nd5R12877,05616d376,3/24/09 0:00,nd1S05616,Right,Brown,No,nd1C00033,nd1T00014,nd1E00074,nd1N00006,"nd1I00017\,stdI00002",nd1I00012,Inside,429208,No,,No,No,No,Male,1983,Asian,
360683,nd6R30338,05616d613,11/18/09 0:00,nd1S05616,Right,Brown,No,nd1C00041,nd1T00016,nd1E00075,nd1N00021,nd1I00013,nd1I00013,Inside,512465,No,,No,No,No,Male,1983,Asian,
370730,nd6R36065,05616d648,12/3/09 0:00,nd1S05616,Right,Brown,No,nd1C00041,nd1T00002,nd1E00075,nd1N00006,"nd1I00015\,stdI00002",nd1I00004,Inside,522512,No,,No,No,No,Male,1983,Asian,contacts-NoContacts
387272,nd6R44905,05616d682,1/28/10 15:56,nd1S05616,Right,Brown,No,nd1C00042,nd1T00002,nd1E00075,nd1N00006,"nd1I00016\,stdI00002",nd1I00013,Inside,542932,No,,No,No,No,Male,1983,Asian,
397331,nd6R54043,05616d731,2/25/10 15:38,nd1S05616,Right,Brown,No,nd1C00042,nd1T00016,nd1E00077,nd1N00020,"nd1I00004\,stdI00002",,Inside,579905,No,,No,No,No,Male,1983,Asian,
402622,,,2/25/10 15:38,nd1S05616,Right,Brown,No,,nd1T00002,nd1E00077,nd1N00006,"nd1I00016\,stdI00002",,Inside,585196,No,,No,No,No,Male,1983,Asian,
426306,nd6R84386,05616d866,4/29/10 14:15,nd1S05616,Right,Brown,No,nd1C00042,nd1T00002,nd1E00077,nd1N00006,"nd1I00015\,stdI00002",,Inside,615808,No,,No,No,No,Male,1983,Asian,
463532,nd1R671205,05616d1133,1/26/11 12:24,nd1S05616,Right,Brown,No,nd1C00062,nd1T00049,nd1E00093,nd1N00049,"nd1I00023\,stdI00002",,Inside,706553,No,,No,No,No,Male,1983,Asian,
492060,nd1R714848,05616d1140,2/24/11 14:53,nd1S05616,Right,Brown,No,nd1C00062,nd1T00051,nd1E00093,nd1N00020,"nd1I00028\,stdI00002",,Inside,765124,No,,No,No,No,Male,1983,Asian,
492973,nd1R715759,05616d1162,2/24/11 14:53,nd1S05616,Right,Brown,No,nd1C00062,nd1T00053,nd1E00093,nd1N00059,"nd1I00026\,stdI00002",,Inside,766037,No,,No,No,No,Male,1983,Asian,
543734,nd1R834578,05616d1506,4/13/11 15:51,nd1S05616,Right,Brown,No,nd1C00059,nd1T00051,nd1E00101,lg4000diff20,"nd1I00028\,stdI00002",,Inside,867918,No,,No,No,No,Male,1983,Asian,
621291,nd1R988048,05619d2145,11/8/11 13:37,nd1S05619,Left,Brown,No,nd1C00068,nd1T00049,nd1E00107,nd1N00079,"nd1I00023\,stdI00002",,Inside,1035705,No,,No,No,No,Female,1984,Asian,
689914,nd1R1124113,05619d2483,3/19/13 13:44,nd1S05619,Left,Brown,No,nd1C00080,nd1T00049,nd1E00130,nd1N00079,"nd1I00023\,stdI00002",,Inside,1165941,No,,No,No,No,Female,1984,Asian,
692768,nd1R1126966,05619d2543,3/28/13 15:17,nd1S05619,Left,Brown,No,nd1C00080,nd1T00049,nd1E00130,nd1N00079,"nd1I00023\,stdI00002",,Inside,1169180,No,,No,No,No,Female,1984,Asian,
693599,nd1R1127796,05619d2573,4/2/13 13:29,nd1S05619,Left,Brown,No,nd1C00080,nd1T00049,nd1E00130,nd1N00079,"nd1I00023\,stdI00002",,Inside,1170431,No,,No,No,No,Female,1984,Asian,
694415,nd1R1128610,05619d2603,4/3/13 14:22,nd1S05619,Left,Brown,No,nd1C00080,nd1T00049,nd1E00130,nd1N00079,"nd1I00023\,stdI00002",,Inside,1171247,No,,No,No,No,Female,1984,Asian,
200661,nd4R40900,05619d1,9/10/08 0:00,nd1S05619,Left,Brown,No,nd1C00023,nd1T00014,nd1E00074,nd1N00006,"nd1I00016\,stdI00002",nd1I00011,Inside,256305,No,,No,No,No,Female,1984,Asian,
200666,nd4R40905,05619d6,9/10/08 0:00,nd1S05619,Left,Brown,No,nd1C00023,nd1T00014,nd1E00074,nd1N00006,"nd1I00015\,stdI00002",nd1I00011,Inside,256310,No,,No,No,No,Female,1984,Asian,
200667,nd4R40906,05619d7,9/10/08 0:00,nd1S05619,Left,Brown,No,nd1C00023,nd1T00014,nd1E00074,nd1N00006,"nd1I00016\,stdI00002",nd1I00011,Inside,256311,No,,No,No,No,Female,1984,Asian,
200668,nd4R40907,05619d8,9/10/08 0:00,nd1S05619,Left,Brown,No,nd1C00023,nd1T00014,nd1E00074,nd1N00006,"nd1I00017\,stdI00002",nd1I00011,Inside,256312,No,,No,No,No,Female,1984,Asian,
200671,nd4R40910,05619d11,9/10/08 0:00,nd1S05619,Left,Brown,No,nd1C00023,nd1T00014,nd1E00074,nd1N00006,"nd1I00017\,stdI00002",nd1I00011,Inside,256315,No,,No,No,No,Female,1984,Asian,
200672,nd4R40911,05619d12,9/10/08 0:00,nd1S05619,Left,Brown,No,nd1C00023,nd1T00014,nd1E00074,nd1N00006,"nd1I00015\,stdI00002",nd1I00011,Inside,256316,No,,No,No,No,Female,1984,Asian,
202944,nd4R43026,05619d25,9/23/08 0:00,nd1S05619,Left,Brown,No,nd1C00023,nd1T00015,nd1E00054,nd1N00020,nd1I00013,nd1I00013,Inside,259580,No,,No,No,No,Female,1984,Asian,
204570,nd4R44601,05619d35,9/23/08 0:00,nd1S05619,Left,Brown,No,nd1C00023,nd1T00014,nd1E00074,nd1N00006,"nd1I00017\,stdI00002",nd1I00011,Inside,261206,No,,No,No,No,Female,1984,Asian,
204577,nd4R44608,05619d42,9/23/08 0:00,nd1S05619,Left,Brown,No,nd1C00023,nd1T00014,nd1E00074,nd1N00006,"nd1I00015\,stdI00002",nd1I00011,Inside,261213,No,,No,No,No,Female,1984,Asian,
216787,nd4R56603,05619d94,10/29/08 0:00,nd1S05619,Left,Brown,No,nd1C00023,nd1T00014,nd1E00074,nd1N00006,"nd1I00016\,stdI00002",nd1I00012,Inside,277637,No,,No,No,No,Female,1984,Asian,
216798,nd4R56614,05619d105,10/29/08 0:00,nd1S05619,Left,Brown,No,nd1C00023,nd1T00014,nd1E00074,nd1N00006,"nd1I00015\,stdI00002",nd1I00012,Inside,277648,No,,No,No,No,Female,1984,Asian,
220818,nd4R60579,05619d135,11/11/08 0:00,nd1S05619,Left,Brown,No,nd1C00023,nd1T00014,nd1E00074,nd1N00006,"nd1I00015\,stdI00002",nd1I00012,Inside,281668,No,,No,No,No,Female,1984,Asian,
220821,nd4R60582,05619d138,11/11/08 0:00,nd1S05619,Left,Brown,No,nd1C00023,nd1T00014,nd1E00074,nd1N00006,"nd1I00015\,stdI00002",nd1I00012,Inside,281671,No,,No,No,No,Female,1984,Asian,
232578,nd5R00703,05619d338,1/20/09 0:00,nd1S05619,Left,Brown,No,nd1C00033,nd1T00014,nd1E00074,nd1N00006,"nd1I00017\,stdI00002",nd1I00012,Inside,307038,No,,No,No,No,Female,1984,Asian,
266015,nd5R17300,05619d387,2/3/09 0:00,nd1S05619,Left,Brown,No,nd1C00033,nd1T00014,nd1E00074,nd1N00006,"nd1I00016\,stdI00002",nd1I00012,Inside,345075,No,,No,No,No,Female,1984,Asian,
266018,nd5R17302,05619d389,2/3/09 0:00,nd1S05619,Left,Brown,No,nd1C00033,nd1T00014,nd1E00074,nd1N00006,"nd1I00015\,stdI00002",nd1I00012,Inside,345078,No,,No,No,No,Female,1984,Asian,
266024,nd5R17307,05619d394,2/3/09 0:00,nd1S05619,Left,Brown,No,nd1C00033,nd1T00014,nd1E00074,nd1N00006,"nd1I00017\,stdI00002",nd1I00012,Inside,345083,No,,No,No,No,Female,1984,Asian,
321511,nd5R25622,05619d440,3/3/09 0:00,nd1S05619,Left,Brown,No,nd1C00033,nd1T00014,nd1E00074,nd1N00006,"nd1I00016\,stdI00002",nd1I00012,Inside,411099,No,,No,No,No,Female,1984,Asian,
361116,nd6R29908,05619d641,11/19/09 0:00,nd1S05619,Left,Brown,No,nd1C00041,nd1T00016,nd1E00075,nd1N00021,nd1I00013,nd1I00013,Inside,512898,No,,No,No,No,Female,1984,Asian,
391295,nd6R48141,05619d722,2/9/10 15:20,nd1S05619,Left,Brown,No,nd1C00042,nd1T00002,nd1E00075,nd1N00006,"nd1I00015\,stdI00002",nd1I00013,Inside,556505,No,,No,No,No,Female,1984,Asian,
405253,nd6R61900,05619d785,3/16/10 13:13,nd1S05619,Left,Brown,No,nd1C00042,nd1T00002,nd1E00077,nd1N00006,"nd1I00015\,stdI00002",,Inside,587827,No,,No,No,No,Female,1984,Asian,
424492,nd6R80448,05619d843,4/28/10 13:29,nd1S05619,Left,Brown,No,nd1C00042,nd1T00002,nd1E00077,nd1N00006,"nd1I00016\,stdI00002",,Inside,613994,No,,No,No,No,Female,1984,Asian,
447960,nd7R31723,05619d1008,10/28/10 13:15,nd1S05619,Left,Brown,No,nd1C00055,nd1T00039,nd1E00085,nd1N00048,"nd1I00022\,stdI00002",,Inside,676417,No,,No,No,No,Female,1984,Asian,
447966,nd7R31729,05619d1014,10/28/10 13:15,nd1S05619,Left,Brown,No,nd1C00055,nd1T00040,nd1E00085,nd1N00049,"nd1I00023\,stdI00002",,Inside,676423,No,,No,No,No,Female,1984,Asian,
454456,nd1R647728,05619d1053,12/1/10 13:01,nd1S05619,Left,Brown,No,nd1C00055,nd1T00050,nd1E00090,nd1N00048,"nd1I00022\,stdI00002",,Inside,695293,No,,No,No,No,Female,1984,Asian,
463740,nd1R671410,05619d1124,1/26/11 13:15,nd1S05619,Left,Brown,No,nd1C00062,nd1T00050,nd1E00093,nd1N00048,"nd1I00022\,stdI00002",,Inside,706761,No,,No,No,No,Female,1984,Asian,
463744,nd1R671414,05619d1128,1/26/11 13:15,nd1S05619,Left,Brown,No,nd1C00062,nd1T00054,nd1E00093,nd1N00059,"nd1I00026\,stdI00002",,Inside,706765,No,,No,No,No,Female,1984,Asian,
463748,,,1/26/11 13:15,nd1S05619,Left,Brown,No,,nd1T00053,nd1E00093,nd1N00059,"nd1I00026\,stdI00002",,Inside,706769,No,,No,No,No,Female,1984,Asian,
470106,nd1R677334,05619d1146,2/9/11 12:31,nd1S05619,Left,Brown,No,nd1C00062,nd1T00054,nd1E00093,nd1N00059,"nd1I00026\,stdI00002",,Inside,723584,No,,No,No,No,Female,1984,Asian,
470112,nd1R677340,05619d1152,2/9/11 12:31,nd1S05619,Left,Brown,No,nd1C00062,nd1T00053,nd1E00093,nd1N00059,"nd1I00026\,stdI00002",,Inside,723590,No,,No,No,No,Female,1984,Asian,
474926,nd1R683064,05619d1177,2/9/11 12:31,nd1S05619,Left,Brown,No,nd1C00062,nd1T00049,nd1E00093,nd1N00049,"nd1I00023\,stdI00002",,Inside,728404,No,,No,No,No,Female,1984,Asian,
482608,nd1R706717,05619d1256,2/22/11 14:27,nd1S05619,Left,Brown,No,nd1C00062,nd1T00049,nd1E00093,nd1N00049,"nd1I00023\,stdI00002",,Inside,755672,No,,No,No,No,Female,1984,Asian,
483532,,,2/22/11 14:27,nd1S05619,Left,Brown,No,,nd1T00050,nd1E00093,nd1N00048,"nd1I00022\,stdI00002",,Inside,756596,No,,No,No,No,Female,1984,Asian,
502768,nd1R794620,05619d1494,3/9/11 13:55,nd1S05619,Left,Brown,No,nd1C00062,nd1T00049,nd1E00093,nd1N00049,"nd1I00023\,stdI00002",,Inside,795050,No,,No,No,No,Female,1984,Asian,
510673,,,3/22/11 12:00,nd1S05619,Left,Brown,No,,nd1T00054,nd1E00093,nd1N00059,"nd1I00026\,stdI00002",,Inside,818256,No,,No,No,No,Female,1984,Asian,
510674,nd1R800657,05619d1514,3/22/11 12:00,nd1S05619,Left,Brown,No,nd1C00062,nd1T00054,nd1E00093,nd1N00059,"nd1I00026\,stdI00002",,Inside,818257,No,,No,No,No,Female,1984,Asian,
514493,nd1R804471,05619d1539,3/22/11 12:00,nd1S05619,Left,Brown,No,nd1C00062,nd1T00050,nd1E00093,nd1N00048,"nd1I00022\,stdI00002",,Inside,822076,No,,No,No,No,Female,1984,Asian,
514497,nd1R804475,05619d1543,3/22/11 12:00,nd1S05619,Left,Brown,No,nd1C00062,nd1T00050,nd1E00093,nd1N00048,"nd1I00022\,stdI00002",,Inside,822080,No,,No,No,No,Female,1984,Asian,
537274,nd1R813801,05619d1558,4/12/11 14:48,nd1S05619,Left,Brown,No,nd1C00062,nd1T00049,nd1E00101,nd1N00049,"nd1I00023\,stdI00002",,Inside,861458,Yes,Soft,No,No,No,Female,1984,Asian,
597135,nd1R937352,05619d2043,10/11/11 12:15,nd1S05619,Left,Brown,No,nd1C00068,nd1T00050,nd1E00107,nd1N00048,"nd1I00022\,stdI00002",,Inside,988470,No,,No,No,No,Female,1984,Asian,
619435,nd1R986195,05619d2143,11/8/11 13:37,nd1S05619,Right,Brown,No,nd1C00068,nd1T00053,nd1E00107,nd1N00073,"nd1I00036\,stdI00002",,Inside,1033849,No,,No,No,No,Female,1984,Asian,
619436,nd1R986196,05619d2144,11/8/11 13:37,nd1S05619,Right,Brown,No,nd1C00068,nd1T00053,nd1E00107,nd1N00073,"nd1I00036\,stdI00002",,Inside,1033850,No,,No,No,No,Female,1984,Asian,
630943,nd1R997562,05619d2175,2/7/12 13:25,nd1S05619,Right,Brown,No,nd1C00072,nd1T00054,nd1E00107,nd1N00073,"nd1I00036\,stdI00002",,Inside,1056833,No,,No,No,No,Female,1984,Asian,
630954,nd1R997573,05619d2186,2/7/12 13:25,nd1S05619,Right,Brown,No,nd1C00072,nd1T00053,nd1E00107,nd1N00073,"nd1I00036\,stdI00002",,Inside,1056844,No,,No,No,No,Female,1984,Asian,
632327,nd1R998566,05619d2191,2/7/12 13:25,nd1S05619,Right,Brown,No,nd1C00072,nd1T00049,nd1E00107,nd1N00079,"nd1I00023\,stdI00002",,Inside,1058217,No,,No,No,No,Female,1984,Asian,
633476,nd1R999381,05619d2209,2/7/12 13:25,nd1S05619,Right,Brown,No,nd1C00072,nd1T00051,nd1E00107,nd1N00074,"nd1I00028\,stdI00002",,Inside,1059366,No,,No,No,No,Female,1984,Asian,
642388,nd1R1020839,05619d2260,2/21/12 14:17,nd1S05619,Right,Brown,No,nd1C00072,nd1T00053,nd1E00107,nd1N00073,"nd1I00036\,stdI00002",,Inside,1081619,Yes,Soft,No,No,No,Female,1984,Asian,
642398,nd1R1020849,05619d2270,2/21/12 14:17,nd1S05619,Right,Brown,No,nd1C00072,nd1T00054,nd1E00107,nd1N00073,"nd1I00036\,stdI00002",,Inside,1081629,Yes,Soft,No,No,No,Female,1984,Asian,
645589,nd1R1024026,05619d2300,2/21/12 14:17,nd1S05619,Right,Brown,No,nd1C00072,nd1T00051,nd1E00107,nd1N00074,"nd1I00027\,stdI00002",,Inside,1084820,Yes,Soft,No,No,No,Female,1984,Asian,
654542,nd1R1044003,05619d2355,3/6/12 11:36,nd1S05619,Right,Brown,No,nd1C00072,nd1T00049,nd1E00107,nd1N00079,"nd1I00023\,stdI00002",,Inside,1104288,Yes,Soft,No,No,No,Female,1984,Asian,
655300,nd1R1044761,05619d2357,3/6/12 11:36,nd1S05619,Right,Brown,No,nd1C00072,nd1T00050,nd1E00107,nd1N00048,"nd1I00022\,stdI00002",,Inside,1105046,Yes,Soft,No,No,No,Female,1984,Asian,
655952,nd1R1045411,05619d2373,3/6/12 11:36,nd1S05619,Right,Brown,No,nd1C00072,nd1T00051,nd1E00107,nd1N00074,"nd1I00027\,stdI00002",,Inside,1105698,Yes,Soft,No,No,No,Female,1984,Asian,
665017,nd1R1066063,05619d2406,3/27/12 11:44,nd1S05619,Right,Brown,No,nd1C00072,nd1T00054,nd1E00107,nd1N00073,"nd1I00036\,stdI00002",,Inside,1126309,No,,No,No,No,Female,1984,Asian,
665021,nd1R1066067,05619d2407,3/27/12 11:44,nd1S05619,Right,Brown,No,nd1C00072,nd1T00054,nd1E00107,nd1N00073,"nd1I00036\,stdI00002",,Inside,1126313,No,,No,No,No,Female,1984,Asian,
665192,nd1R1066238,05619d2415,3/27/12 11:44,nd1S05619,Right,Brown,No,nd1C00072,nd1T00053,nd1E00107,nd1N00073,"nd1I00036\,stdI00002",,Inside,1126484,No,,No,No,No,Female,1984,Asian,
689920,nd1R1124119,05619d2489,3/19/13 13:44,nd1S05619,Right,Brown,No,nd1C00080,nd1T00049,nd1E00130,nd1N00079,"nd1I00023\,stdI00002",,Inside,1165947,No,,No,No,No,Female,1984,Asian,
690247,nd1R1124446,05619d2509,3/19/13 13:44,nd1S05619,Right,Brown,No,nd1C00080,nd1T00051,nd1E00130,nd1N00074,"nd1I00027\,stdI00002",,Inside,1166274,No,,No,No,No,Female,1984,Asian,
691243,nd1R1125442,05619d2519,3/26/13 13:06,nd1S05619,Right,Brown,No,nd1C00080,nd1T00049,nd1E00130,nd1N00079,"nd1I00023\,stdI00002",,Inside,1167655,No,,No,No,No,Female,1984,Asian,
691610,nd1R1125809,05619d2534,3/26/13 13:06,nd1S05619,Right,Brown,No,nd1C00080,nd1T00051,nd1E00130,nd1N00074,"nd1I00028\,stdI00002",,Inside,1168022,No,,No,No,No,Female,1984,Asian,
692773,nd1R1126971,05619d2548,3/28/13 15:17,nd1S05619,Right,Brown,No,nd1C00080,nd1T00049,nd1E00130,nd1N00079,"nd1I00023\,stdI00002",,Inside,1169185,No,,No,No,No,Female,1984,Asian,
693344,nd1R1127541,05619d2569,3/28/13 15:17,nd1S05619,Right,Brown,No,nd1C00080,nd1T00051,nd1E00130,nd1N00074,"nd1I00027\,stdI00002",,Inside,1169756,No,,No,No,No,Female,1984,Asian,
693605,nd1R1127802,05619d2579,4/2/13 13:29,nd1S05619,Right,Brown,No,nd1C00080,nd1T00049,nd1E00130,nd1N00079,"nd1I00023\,stdI00002",,Inside,1170437,No,,No,No,No,Female,1984,Asian,
694124,nd1R1128321,05619d2592,4/2/13 13:29,nd1S05619,Right,Brown,No,nd1C00080,nd1T00051,nd1E00130,nd1N00074,"nd1I00028\,stdI00002",,Inside,1170956,No,,No,No,No,Female,1984,Asian,
694126,nd1R1128323,05619d2594,4/2/13 13:29,nd1S05619,Right,Brown,No,nd1C00080,nd1T00051,nd1E00130,nd1N00074,"nd1I00028\,stdI00002",,Inside,1170958,No,,No,No,No,Female,1984,Asian,
694421,nd1R1128616,05619d2609,4/3/13 14:22,nd1S05619,Right,Brown,No,nd1C00080,nd1T00049,nd1E00130,nd1N00079,"nd1I00023\,stdI00002",,Inside,1171253,No,,No,No,No,Female,1984,Asian,
694924,nd1R1129119,05619d2628,4/3/13 14:22,nd1S05619,Right,Brown,No,nd1C00080,nd1T00051,nd1E00130,nd1N00074,"nd1I00027\,stdI00002",,Inside,1171756,No,,No,No,No,Female,1984,Asian,
695243,nd1R1129438,05619d2640,4/4/13 14:15,nd1S05619,Right,Brown,No,nd1C00080,nd1T00049,nd1E00130,nd1N00079,"nd1I00023\,stdI00002",,Inside,1172075,No,,No,No,No,Female,1984,Asian,
695707,nd1R1129902,05619d2654,4/4/13 14:15,nd1S05619,Right,Brown,No,nd1C00080,nd1T00051,nd1E00130,nd1N00074,"nd1I00028\,stdI00002",,Inside,1172539,No,,No,No,No,Female,1984,Asian,
695712,nd1R1129907,05619d2659,4/4/13 14:15,nd1S05619,Right,Brown,No,nd1C00080,nd1T00051,nd1E00130,nd1N00074,"nd1I00027\,stdI00002",,Inside,1172544,No,,No,No,No,Female,1984,Asian,
695714,nd1R1129909,05619d2661,4/4/13 14:15,nd1S05619,Right,Brown,No,nd1C00080,nd1T00051,nd1E00130,nd1N00074,"nd1I00027\,stdI00002",,Inside,1172546,No,,No,No,No,Female,1984,Asian,
200674,nd4R40913,05619d14,9/10/08 0:00,nd1S05619,Right,Brown,No,nd1C00023,nd1T00014,nd1E00074,nd1N00006,"nd1I00017\,stdI00002",nd1I00011,Inside,256318,No,,No,No,No,Female,1984,Asian,
208045,nd4R47936,05619d56,10/7/08 0:00,nd1S05619,Right,Brown,No,nd1C00023,nd1T00014,nd1E00054,nd1N00020,nd1I00013,nd1I00013,Inside,266649,No,,No,No,No,Female,1984,Asian,
232590,,,1/20/09 0:00,nd1S05619,Right,Brown,No,,nd1T00014,nd1E00074,nd1N00006,"nd1I00017\,stdI00002",nd1I00012,Inside,307050,No,,No,No,No,Female,1984,Asian,
372000,nd6R37327,05619d669,12/2/09 0:00,nd1S05619,Right,Brown,No,nd1C00041,nd1T00016,nd1E00075,nd1N00020,nd1I00013,nd1I00013,Inside,523782,No,,No,No,No,Female,1984,Asian,contacts-NoContacts
391308,nd6R48154,05619d735,2/9/10 15:20,nd1S05619,Right,Brown,No,nd1C00042,nd1T00002,nd1E00075,nd1N00006,"nd1I00016\,stdI00002",nd1I00013,Inside,556518,No,,No,No,No,Female,1984,Asian,
399047,nd6R55752,05619d766,2/23/10 15:47,nd1S05619,Right,Brown,No,nd1C00042,nd1T00002,nd1E00077,nd1N00006,"nd1I00017\,stdI00002",,Inside,581621,No,,No,No,No,Female,1984,Asian,
405261,nd6R61908,05619d793,3/16/10 13:13,nd1S05619,Right,Brown,No,nd1C00042,nd1T00002,nd1E00077,nd1N00006,"nd1I00017\,stdI00002",,Inside,587835,No,,No,No,No,Female,1984,Asian,
405264,nd6R61911,05619d796,3/16/10 13:13,nd1S05619,Right,Brown,No,nd1C00042,nd1T00002,nd1E00077,nd1N00006,"nd1I00017\,stdI00002",,Inside,587838,No,,No,No,No,Female,1984,Asian,
424504,nd6R80460,05619d855,4/28/10 13:29,nd1S05619,Right,Brown,No,nd1C00042,nd1T00002,nd1E00077,nd1N00006,"nd1I00016\,stdI00002",,Inside,614006,No,,No,No,No,Female,1984,Asian,
454467,nd1R647739,05619d1064,12/1/10 13:01,nd1S05619,Right,Brown,No,nd1C00055,nd1T00049,nd1E00090,nd1N00049,"nd1I00023\,stdI00002",,Inside,695304,No,,No,No,No,Female,1984,Asian,
463758,nd1R671426,05619d1140,1/26/11 13:15,nd1S05619,Right,Brown,No,nd1C00062,nd1T00049,nd1E00093,nd1N00049,"nd1I00023\,stdI00002",,Inside,706779,No,,No,No,No,Female,1984,Asian,
502772,nd1R794624,05619d1498,3/9/11 13:55,nd1S05619,Right,Brown,No,nd1C00062,nd1T00049,nd1E00093,nd1N00049,"nd1I00023\,stdI00002",,Inside,795054,No,,No,No,No,Female,1984,Asian,
510679,,,3/22/11 12:00,nd1S05619,Right,Brown,No,,nd1T00054,nd1E00093,nd1N00059,"nd1I00026\,stdI00002",,Inside,818262,No,,No,No,No,Female,1984,Asian,
514494,nd1R804472,05619d1540,3/22/11 12:00,nd1S05619,Right,Brown,No,nd1C00062,nd1T00050,nd1E00093,nd1N00048,"nd1I00022\,stdI00002",,Inside,822077,No,,No,No,No,Female,1984,Asian,
533324,nd1R817644,05619d1571,4/12/11 14:48,nd1S05619,Right,Brown,No,nd1C00062,nd1T00054,nd1E00101,nd1N00059,"nd1I00026\,stdI00002",,Inside,857508,Yes,Soft,No,No,No,Female,1984,Asian,
556555,nd1R858758,05619d1679,4/27/11 12:49,nd1S05619,Right,Brown,No,nd1C00062,nd1T00053,nd1E00101,nd1N00059,"nd1I00026\,stdI00002",,Inside,902140,No,,No,No,No,Female,1984,Asian,
570866,nd1R881401,05619d1770,9/13/11 11:55,nd1S05619,Right,Brown,No,nd1C00068,nd1T00049,nd1E00107,nd1N00077,"nd1I00023\,stdI00002",,Inside,935768,No,,No,No,No,Female,1984,Asian,
586934,nd1R907144,05619d1860,9/28/11 13:32,nd1S05619,Right,Brown,No,nd1C00068,nd1T00050,nd1E00107,nd1N00048,"nd1I00022\,stdI00002",,Inside,965185,No,,No,No,No,Female,1984,Asian,
588801,nd1R908467,05619d1889,9/28/11 13:32,nd1S05619,Right,Brown,No,nd1C00068,nd1T00054,nd1E00107,nd1N00073,"nd1I00036\,stdI00002",,Inside,967052,No,,No,No,No,Female,1984,Asian,
588841,nd1R908507,05619d1911,9/28/11 13:32,nd1S05619,Right,Brown,No,nd1C00068,nd1T00053,nd1E00107,nd1N00073,"nd1I00036\,stdI00002",,Inside,967092,No,,No,No,No,Female,1984,Asian,
596376,nd1R975096,05619d2119,10/11/11 12:15,nd1S05619,Right,Brown,No,nd1C00068,nd1T00049,nd1E00107,nd1N00077,"nd1I00023\,stdI00002",,Inside,987711,No,,No,No,No,Female,1984,Asian,
597838,nd1R937971,05619d2058,10/11/11 12:15,nd1S05619,Right,Brown,No,nd1C00068,nd1T00051,nd1E00107,nd1N00074,"nd1I00027\,stdI00002",,Inside,989173,No,,No,No,No,Female,1984,Asian,
201174,nd4R41375,05624d16,9/10/08 0:00,nd1S05624,Left,Blue,No,nd1C00023,nd1T00014,nd1E00074,nd1N00006,"nd1I00016\,stdI00002",nd1I00011,Inside,256818,No,,No,No,No,Male,1990,White,
201195,nd4R41384,05624d25,9/10/08 0:00,nd1S05624,Left,Blue,No,nd1C00023,nd1T00014,nd1E00074,nd1N00006,"nd1I00016\,stdI00002",nd1I00011,Inside,256839,No,,No,No,No,Male,1990,White,
201203,nd4R41392,05624d33,9/10/08 0:00,nd1S05624,Left,Blue,No,nd1C00023,nd1T00014,nd1E00074,nd1N00006,"nd1I00015\,stdI00002",nd1I00011,Inside,256847,No,,No,No,No,Male,1990,White,
201214,nd4R41403,05624d44,9/10/08 0:00,nd1S05624,Left,Blue,No,nd1C00023,nd1T00014,nd1E00074,nd1N00006,"nd1I00017\,stdI00002",nd1I00011,Inside,256858,No,,No,No,No,Male,1990,White,
201216,nd4R41405,05624d46,9/10/08 0:00,nd1S05624,Left,Blue,No,nd1C00023,nd1T00014,nd1E00074,nd1N00006,"nd1I00016\,stdI00002",nd1I00011,Inside,256860,No,,No,No,No,Male,1990,White,
210263,nd4R50138,05624d130,10/7/08 0:00,nd1S05624,Left,Blue,No,nd1C00023,nd1T00014,nd1E00074,nd1N00016,"nd1I00016\,stdI00002",nd1I00012,Inside,268867,No,,No,No,No,Male,1990,White,
210280,nd4R50155,05624d147,10/7/08 0:00,nd1S05624,Left,Blue,No,nd1C00023,nd1T00014,nd1E00074,nd1N00016,"nd1I00015\,stdI00002",nd1I00012,Inside,268884,No,,No,No,No,Male,1990,White,
215114,nd4R54938,05624d188,10/28/08 0:00,nd1S05624,Left,Blue,No,nd1C00023,nd1T00014,nd1E00074,nd1N00006,"nd1I00017\,stdI00002",nd1I00012,Inside,275964,No,,No,No,No,Male,1990,White,
268080,nd5R19115,05624d405,2/3/09 0:00,nd1S05624,Left,Blue,No,nd1C00033,nd1T00014,nd1E00054,nd1N00020,nd1I00013,nd1I00013,Inside,347140,No,,No,No,No,Male,1990,White,
322689,nd5R24446,05624d431,3/3/09 0:00,nd1S05624,Left,Blue,No,nd1C00033,nd1T00014,nd1E00074,nd1N00006,"nd1I00015\,stdI00002",nd1I00012,Inside,412277,No,,No,No,No,Male,1990,White,
339827,nd5R42545,05624d478,4/21/09 0:00,nd1S05624,Left,Blue,No,nd1C00033,nd1T00014,nd1E00074,nd1N00006,"nd1I00015\,stdI00002",nd1I00012,Inside,442992,No,,No,No,No,Male,1990,White,
340648,nd5R43365,05624d495,4/21/09 0:00,nd1S05624,Left,Blue,No,nd1C00033,nd1T00014,nd1E00054,nd1N00020,nd1I00013,nd1I00013,Inside,443813,No,,No,No,No,Male,1990,White,
386820,nd6R44463,05624d572,1/28/10 15:03,nd1S05624,Left,Blue,No,nd1C00042,nd1T00002,nd1E00075,nd1N00006,"nd1I00017\,stdI00002",nd1I00013,Inside,542480,No,,No,No,No,Male,1990,White,
386821,nd6R44464,05624d573,1/28/10 15:03,nd1S05624,Left,Blue,No,nd1C00042,nd1T00002,nd1E00075,nd1N00006,"nd1I00015\,stdI00002",nd1I00013,Inside,542481,No,,No,No,No,Male,1990,White,
386822,nd6R44465,05624d574,1/28/10 15:03,nd1S05624,Left,Blue,No,nd1C00042,nd1T00002,nd1E00075,nd1N00006,"nd1I00016\,stdI00002",nd1I00013,Inside,542482,No,,No,No,No,Male,1990,White,
394829,nd6R51634,05624d584,2/11/10 13:58,nd1S05624,Left,Blue,No,nd1C00042,nd1T00002,nd1E00075,nd1N00006,"nd1I00015\,stdI00002",nd1I00013,Inside,560039,No,,No,No,No,Male,1990,White,
394839,nd6R51644,05624d594,2/11/10 13:58,nd1S05624,Left,Blue,No,nd1C00042,nd1T00002,nd1E00075,nd1N00006,"nd1I00016\,stdI00002",nd1I00013,Inside,560049,No,,No,No,No,Male,1990,White,
394847,nd6R51652,05624d602,2/11/10 13:58,nd1S05624,Left,Blue,No,nd1C00042,nd1T00002,nd1E00075,nd1N00006,"nd1I00015\,stdI00002",nd1I00013,Inside,560057,No,,No,No,No,Male,1990,White,
417783,nd6R74066,05624d629,4/15/10 13:59,nd1S05624,Left,Blue,No,nd1C00042,nd1T00002,nd1E00077,nd1N00006,"nd1I00015\,stdI00002",,Inside,607285,No,,No,No,No,Male,1990,White,
417786,nd6R74069,05624d632,4/15/10 13:59,nd1S05624,Left,Blue,No,nd1C00042,nd1T00002,nd1E00077,nd1N00006,"nd1I00015\,stdI00002",,Inside,607288,No,,No,No,No,Male,1990,White,
452053,nd1R639577,05624d720,11/11/10 16:49,nd1S05624,Left,Blue,No,nd1C00055,nd1T00039,nd1E00085,nd1N00048,"nd1I00022\,stdI00002",,Inside,685159,No,,No,No,No,Male,1990,White,
516552,nd1R806529,05624d779,3/24/11 12:26,nd1S05624,Left,Blue,No,nd1C00062,nd1T00049,nd1E00093,nd1N00049,"nd1I00023\,stdI00002",,Inside,824135,No,,No,No,No,Male,1990,White,
517368,nd1R807337,05624d789,3/24/11 12:26,nd1S05624,Left,Blue,No,nd1C00062,nd1T00050,nd1E00093,nd1N00048,"nd1I00022\,stdI00002",,Inside,824951,No,,No,No,No,Male,1990,White,
521535,nd1R810795,05624d811,3/24/11 12:26,nd1S05624,Left,Blue,No,nd1C00062,nd1T00053,nd1E00093,nd1N00059,"nd1I00026\,stdI00002",,Inside,829118,No,,No,No,No,Male,1990,White,
522044,nd1R811304,05624d820,3/24/11 12:26,nd1S05624,Left,Blue,No,nd1C00062,nd1T00051,nd1E00093,nd1N00020,"nd1I00028\,stdI00002",,Inside,829627,No,,No,No,No,Male,1990,White,
561746,nd1R863128,05624d877,4/28/11 13:56,nd1S05624,Left,Blue,No,nd1C00062,nd1T00054,nd1E00101,nd1N00059,"nd1I00026\,stdI00002",,Inside,907331,No,,No,No,No,Male,1990,White,
561756,nd1R863138,05624d887,4/28/11 13:56,nd1S05624,Left,Blue,No,nd1C00062,nd1T00053,nd1E00101,nd1N00059,"nd1I00026\,stdI00002",,Inside,907341,No,,No,No,No,Male,1990,White,
578862,nd1R887857,05624d940,9/15/11 14:04,nd1S05624,Left,Blue,No,nd1C00068,nd1T00049,nd1E00107,nd1N00077,"nd1I00023\,stdI00002",,Inside,943764,No,,No,No,No,Male,1990,White,
581038,nd1R889885,05624d954,9/15/11 14:04,nd1S05624,Left,Blue,No,nd1C00068,nd1T00051,nd1E00107,nd1N00074,"nd1I00027\,stdI00002",,Inside,945940,No,,No,No,No,Male,1990,White,
582665,nd1R891407,05624d976,9/15/11 14:04,nd1S05624,Left,Blue,No,nd1C00068,nd1T00053,nd1E00107,nd1N00073,"nd1I00036\,stdI00002",,Inside,947567,No,,No,No,No,Male,1990,White,
198243,nd4R39180,05624d5,9/10/08 0:00,nd1S05624,Right,Blue,No,nd1C00023,nd1T00015,nd1E00054,nd1N00020,nd1I00013,nd1I00013,Inside,253887,No,,No,No,No,Male,1990,White,
201239,nd4R41428,05624d69,9/10/08 0:00,nd1S05624,Right,Blue,No,nd1C00023,nd1T00014,nd1E00074,nd1N00006,"nd1I00015\,stdI00002",nd1I00011,Inside,256883,No,,No,No,No,Male,1990,White,
203595,nd4R43651,05624d96,9/25/08 0:00,nd1S05624,Right,Blue,No,nd1C00023,nd1T00015,nd1E00054,nd1N00020,nd1I00013,nd1I00013,Inside,260231,No,,No,No,No,Male,1990,White,
207285,nd4R47194,05624d110,9/25/08 0:00,nd1S05624,Right,Blue,No,nd1C00023,nd1T00014,nd1E00074,nd1N00006,"nd1I00017\,stdI00002",nd1I00011,Inside,263921,No,,No,No,No,Male,1990,White,
207295,nd4R47204,05624d120,9/25/08 0:00,nd1S05624,Right,Blue,No,nd1C00023,nd1T00014,nd1E00074,nd1N00006,"nd1I00015\,stdI00002",nd1I00011,Inside,263931,No,,No,No,No,Male,1990,White,
210304,nd4R50179,05624d171,10/7/08 0:00,nd1S05624,Right,Blue,No,nd1C00023,nd1T00014,nd1E00074,nd1N00016,"nd1I00015\,stdI00002",nd1I00012,Inside,268908,No,,No,No,No,Male,1990,White,
215121,nd4R54945,05624d195,10/28/08 0:00,nd1S05624,Right,Blue,No,nd1C00023,nd1T00014,nd1E00074,nd1N00006,"nd1I00015\,stdI00002",nd1I00012,Inside,275971,No,,No,No,No,Male,1990,White,
219141,nd4R58921,05624d210,11/12/08 0:00,nd1S05624,Right,Blue,No,nd1C00023,nd1T00014,nd1E00054,nd1N00020,nd1I00013,nd1I00013,Inside,279991,No,,No,No,No,Male,1990,White,
222394,nd4R62134,05624d231,11/12/08 0:00,nd1S05624,Right,Blue,No,nd1C00023,nd1T00014,nd1E00074,nd1N00006,"nd1I00016\,stdI00002",nd1I00012,Inside,283244,No,,No,No,No,Male,1990,White,
267297,,,2/3/09 0:00,nd1S05624,Right,Blue,No,,nd1T00014,nd1E00074,nd1N00006,"nd1I00017\,stdI00002",nd1I00012,Inside,346357,No,,No,No,No,Male,1990,White,
322707,nd5R24428,05624d413,3/3/09 0:00,nd1S05624,Right,Blue,No,nd1C00033,nd1T00014,nd1E00074,nd1N00006,"nd1I00015\,stdI00002",nd1I00012,Inside,412295,No,,No,No,No,Male,1990,White,
331486,nd5R12774,05624d354,3/24/09 0:00,nd1S05624,Right,Blue,No,nd1C00033,nd1T00014,nd1E00074,nd1N00006,"nd1I00015\,stdI00002",nd1I00012,Inside,429311,No,,No,No,No,Male,1990,White,
339830,nd5R42548,05624d481,4/21/09 0:00,nd1S05624,Right,Blue,No,nd1C00033,nd1T00014,nd1E00074,nd1N00006,"nd1I00015\,stdI00002",nd1I00012,Inside,442995,No,,No,No,No,Male,1990,White,
386803,nd6R44447,05624d556,1/28/10 15:03,nd1S05624,Right,Blue,No,nd1C00042,nd1T00002,nd1E00075,nd1N00006,"nd1I00015\,stdI00002",nd1I00013,Inside,542463,No,,No,No,No,Male,1990,White,
386804,nd6R44448,05624d557,1/28/10 15:03,nd1S05624,Right,Blue,No,nd1C00042,nd1T00002,nd1E00075,nd1N00006,"nd1I00016\,stdI00002",nd1I00013,Inside,542464,No,,No,No,No,Male,1990,White,
386809,,,1/28/10 15:03,nd1S05624,Right,Blue,No,,nd1T00002,nd1E00075,nd1N00006,"nd1I00015\,stdI00002",nd1I00013,Inside,542469,No,,No,No,No,Male,1990,White,
386810,nd6R44453,05624d562,1/28/10 15:03,nd1S05624,Right,Blue,No,nd1C00042,nd1T00002,nd1E00075,nd1N00006,"nd1I00016\,stdI00002",nd1I00013,Inside,542470,No,,No,No,No,Male,1990,White,
394848,nd6R51653,05624d603,2/11/10 13:58,nd1S05624,Right,Blue,No,nd1C00042,nd1T00002,nd1E00075,nd1N00006,"nd1I00016\,stdI00002",nd1I00013,Inside,560058,No,,No,No,No,Male,1990,White,
394850,nd6R51655,05624d605,2/11/10 13:58,nd1S05624,Right,Blue,No,nd1C00042,nd1T00002,nd1E00075,nd1N00006,"nd1I00015\,stdI00002",nd1I00013,Inside,560060,No,,No,No,No,Male,1990,White,
394852,nd6R51657,05624d607,2/11/10 13:58,nd1S05624,Right,Blue,No,nd1C00042,nd1T00002,nd1E00075,nd1N00006,"nd1I00017\,stdI00002",nd1I00013,Inside,560062,No,,No,No,No,Male,1990,White,
417792,nd6R74075,05624d638,4/15/10 13:59,nd1S05624,Right,Blue,No,nd1C00042,nd1T00002,nd1E00077,nd1N00006,"nd1I00015\,stdI00002",,Inside,607294,No,,No,No,No,Male,1990,White,
417795,nd6R74078,05624d641,4/15/10 13:59,nd1S05624,Right,Blue,No,nd1C00042,nd1T00002,nd1E00077,nd1N00006,"nd1I00015\,stdI00002",,Inside,607297,No,,No,No,No,Male,1990,White,
417796,nd6R74079,05624d642,4/15/10 13:59,nd1S05624,Right,Blue,No,nd1C00042,nd1T00002,nd1E00077,nd1N00006,"nd1I00016\,stdI00002",,Inside,607298,No,,No,No,No,Male,1990,White,
521506,nd1R810766,05624d806,3/24/11 12:26,nd1S05624,Right,Blue,No,nd1C00062,nd1T00054,nd1E00093,nd1N00059,"nd1I00026\,stdI00002",,Inside,829089,No,,No,No,No,Male,1990,White,
561761,nd1R863143,05624d892,4/28/11 13:56,nd1S05624,Right,Blue,No,nd1C00062,nd1T00053,nd1E00101,nd1N00059,"nd1I00026\,stdI00002",,Inside,907346,No,,No,No,No,Male,1990,White,
564189,nd1R865567,05624d902,4/28/11 13:56,nd1S05624,Right,Blue,No,nd1C00062,nd1T00049,nd1E00101,nd1N00049,"nd1I00023\,stdI00002",,Inside,909774,No,,No,No,No,Male,1990,White,
578867,nd1R887862,05624d945,9/15/11 14:04,nd1S05624,Right,Blue,No,nd1C00068,nd1T00049,nd1E00107,nd1N00077,"nd1I00023\,stdI00002",,Inside,943769,No,,No,No,No,Male,1990,White,
579820,nd1R888757,05624d948,9/15/11 14:04,nd1S05624,Right,Blue,No,nd1C00068,nd1T00050,nd1E00107,nd1N00048,"nd1I00022\,stdI00002",,Inside,944722,No,,No,No,No,Male,1990,White,
581043,nd1R889890,05624d959,9/15/11 14:04,nd1S05624,Right,Blue,No,nd1C00068,nd1T00051,nd1E00107,nd1N00074,"nd1I00028\,stdI00002",,Inside,945945,No,,No,No,No,Male,1990,White,
582661,nd1R891403,05624d972,9/15/11 14:04,nd1S05624,Right,Blue,No,nd1C00068,nd1T00054,nd1E00107,nd1N00073,"nd1I00036\,stdI00002",,Inside,947563,No,,No,No,No,Male,1990,White,
582669,nd1R891411,05624d980,9/15/11 14:04,nd1S05624,Right,Blue,No,nd1C00068,nd1T00053,nd1E00107,nd1N00073,"nd1I00036\,stdI00002",,Inside,947571,No,,No,No,No,Male,1990,White,
461388,nd1R669089,05629d799,1/25/11 12:17,nd1S05629,Left,Brown,No,nd1C00062,nd1T00054,nd1E00093,nd1N00059,"nd1I00026\,stdI00002",,Inside,704409,No,,No,No,No,Female,1990,Black-or-African-American,
461391,nd1R669092,05629d802,1/25/11 12:17,nd1S05629,Left,Brown,No,nd1C00062,nd1T00049,nd1E00093,nd1N00049,"nd1I00023\,stdI00002",,Inside,704412,No,,No,No,No,Female,1990,Black-or-African-American,
469882,nd1R677138,05629d810,2/9/11 11:44,nd1S05629,Left,Brown,No,nd1C00062,nd1T00054,nd1E00093,nd1N00059,"nd1I00026\,stdI00002",,Inside,723360,No,,No,No,No,Female,1990,Black-or-African-American,
469892,nd1R677148,05629d820,2/9/11 11:44,nd1S05629,Left,Brown,No,nd1C00062,nd1T00053,nd1E00093,nd1N00059,"nd1I00026\,stdI00002",,Inside,723370,No,,No,No,No,Female,1990,Black-or-African-American,
473869,nd1R682705,05629d842,2/9/11 11:44,nd1S05629,Left,Brown,No,nd1C00062,nd1T00049,nd1E00093,nd1N00049,"nd1I00023\,stdI00002",,Inside,727347,No,,No,No,No,Female,1990,Black-or-African-American,
475702,nd1R680848,05629d830,2/9/11 11:44,nd1S05629,Left,Brown,No,nd1C00062,nd1T00050,nd1E00093,nd1N00048,"nd1I00022\,stdI00002",,Inside,729180,No,,No,No,No,Female,1990,Black-or-African-American,
482879,nd1R706988,05629d931,2/23/11 11:44,nd1S05629,Left,Brown,No,nd1C00062,nd1T00049,nd1E00093,nd1N00049,"nd1I00023\,stdI00002",,Inside,755943,No,,No,No,No,Female,1990,Black-or-African-American,
482888,nd1R706997,05629d932,2/23/11 11:44,nd1S05629,Left,Brown,No,nd1C00062,nd1T00049,nd1E00093,nd1N00049,"nd1I00023\,stdI00002",,Inside,755952,No,,No,No,No,Female,1990,Black-or-African-American,
485837,nd1R828270,05629d1019,2/23/11 11:44,nd1S05629,Left,Brown,No,nd1C00059,nd1T00051,nd1E00093,lg4000diff30,"nd1I00029\,stdI00002",,Inside,758901,No,,No,No,No,Female,1990,Black-or-African-American,
489057,nd1R711866,05629d943,2/23/11 11:44,nd1S05629,Left,Brown,No,nd1C00062,nd1T00054,nd1E00093,nd1N00059,"nd1I00026\,stdI00002",,Inside,762121,No,,No,No,No,Female,1990,Black-or-African-American,
489061,nd1R711870,05629d947,2/23/11 11:44,nd1S05629,Left,Brown,No,nd1C00062,nd1T00054,nd1E00093,nd1N00059,"nd1I00026\,stdI00002",,Inside,762125,No,,No,No,No,Female,1990,Black-or-African-American,
489067,nd1R711876,05629d953,2/23/11 11:44,nd1S05629,Left,Brown,No,nd1C00062,nd1T00053,nd1E00093,nd1N00059,"nd1I00026\,stdI00002",,Inside,762131,No,,No,No,No,Female,1990,Black-or-African-American,
489068,nd1R711877,05629d954,2/23/11 11:44,nd1S05629,Left,Brown,No,nd1C00062,nd1T00053,nd1E00093,nd1N00059,"nd1I00026\,stdI00002",,Inside,762132,No,,No,No,No,Female,1990,Black-or-African-American,
489071,nd1R711880,05629d957,2/23/11 11:44,nd1S05629,Left,Brown,No,nd1C00062,nd1T00053,nd1E00093,nd1N00059,"nd1I00026\,stdI00002",,Inside,762135,No,,No,No,No,Female,1990,Black-or-African-American,
205103,nd4R45101,05653d7,9/24/08 0:00,nd1S05653,Left,Brown,No,nd1C00023,nd1T00014,nd1E00074,nd1N00006,"nd1I00016\,stdI00002",nd1I00011,Inside,261739,No,,No,No,No,Female,1987,Hispanic,
205104,nd4R45102,05653d8,9/24/08 0:00,nd1S05653,Left,Brown,No,nd1C00023,nd1T00014,nd1E00074,nd1N00006,"nd1I00017\,stdI00002",nd1I00011,Inside,261740,No,,No,No,No,Female,1987,Hispanic,
205111,nd4R45109,05653d15,9/24/08 0:00,nd1S05653,Left,Brown,No,nd1C00023,nd1T00014,nd1E00074,nd1N00006,"nd1I00015\,stdI00002",nd1I00011,Inside,261747,No,,No,No,No,Female,1987,Hispanic,
211031,nd4R50903,05653d40,10/8/08 0:00,nd1S05653,Left,Brown,No,nd1C00023,nd1T00014,nd1E00074,nd1N00016,"nd1I00016\,stdI00002",nd1I00012,Inside,269635,No,,No,No,No,Female,1987,Hispanic,
215213,nd4R55037,05653d74,10/28/08 0:00,nd1S05653,Left,Brown,No,nd1C00023,nd1T00014,nd1E00074,nd1N00006,"nd1I00017\,stdI00002",nd1I00012,Inside,276063,No,,No,No,No,Female,1987,Hispanic,
215217,nd4R55041,05653d78,10/28/08 0:00,nd1S05653,Left,Brown,No,nd1C00023,nd1T00014,nd1E00074,nd1N00006,"nd1I00015\,stdI00002",nd1I00012,Inside,276067,No,,No,No,No,Female,1987,Hispanic,
220536,nd4R60312,05653d102,11/11/08 0:00,nd1S05653,Left,Brown,No,nd1C00023,nd1T00014,nd1E00074,nd1N00006,"nd1I00015\,stdI00002",nd1I00012,Inside,281386,No,,No,No,No,Female,1987,Hispanic,
230744,nd4R97681,05653d244,12/2/08 0:00,nd1S05653,Left,Brown,No,nd1C00028,nd1T00014,nd1E00074,nd1N00006,"nd1I00016\,stdI00002",nd1I00004,Inside,304203,No,,No,No,No,Female,1987,Hispanic,
230749,nd4R97686,05653d249,12/2/08 0:00,nd1S05653,Left,Brown,No,nd1C00028,nd1T00014,nd1E00074,nd1N00006,"nd1I00015\,stdI00002",nd1I00004,Inside,304208,No,,No,No,No,Female,1987,Hispanic,
232541,,,1/20/09 0:00,nd1S05653,Left,Brown,No,,nd1T00014,nd1E00074,nd1N00006,"nd1I00016\,stdI00002",nd1I00012,Inside,307001,No,,No,No,No,Female,1987,Hispanic,
314717,nd5R32392,05653d386,2/17/09 0:00,nd1S05653,Left,Brown,No,nd1C00033,nd1T00014,nd1E00054,nd1N00020,nd1I00013,nd1I00013,Inside,399124,No,,No,No,No,Female,1987,Hispanic,
328857,nd5R15395,05653d378,3/5/09 0:00,nd1S05653,Left,Brown,No,nd1C00033,nd1T00014,nd1E00074,nd1N00006,"nd1I00015\,stdI00002",nd1I00012,Inside,422294,No,,No,No,No,Female,1987,Hispanic,
328866,nd5R15386,05653d369,3/5/09 0:00,nd1S05653,Left,Brown,No,nd1C00033,nd1T00014,nd1E00074,nd1N00006,"nd1I00015\,stdI00002",nd1I00012,Inside,422303,No,,No,No,No,Female,1987,Hispanic,
330004,nd5R14250,05653d342,3/24/09 0:00,nd1S05653,Left,Brown,No,nd1C00033,nd1T00014,nd1E00074,nd1N00006,"nd1I00015\,stdI00002",nd1I00012,Inside,427829,No,,No,No,No,Female,1987,Hispanic,
346513,nd5R49193,05653d464,4/23/09 0:00,nd1S05653,Left,Brown,No,nd1C00033,nd1T00014,nd1E00054,nd1N00020,nd1I00013,nd1I00013,Inside,452631,No,,No,No,No,Female,1987,Hispanic,
346517,nd5R49197,05653d468,4/23/09 0:00,nd1S05653,Left,Brown,No,nd1C00033,nd1T00014,nd1E00054,nd1N00020,nd1I00013,nd1I00013,Inside,452635,No,,No,No,No,Female,1987,Hispanic,
643023,nd1R1021466,05661d1392,2/21/12 12:38,nd1S05661,Left,Hazel,No,nd1C00072,nd1T00053,nd1E00107,nd1N00073,"nd1I00036\,stdI00002",,Inside,1082254,No,,No,No,No,Female,1969,White,
643024,nd1R1021467,05661d1393,2/21/12 12:38,nd1S05661,Left,Hazel,No,nd1C00072,nd1T00053,nd1E00107,nd1N00073,"nd1I00036\,stdI00002",,Inside,1082255,No,,No,No,No,Female,1969,White,
653326,nd1R1042793,05661d1470,3/6/12 12:58,nd1S05661,Left,Hazel,No,nd1C00072,nd1T00054,nd1E00107,nd1N00073,"nd1I00036\,stdI00002",,Inside,1103072,No,,No,No,No,Female,1969,White,
653327,nd1R1042794,05661d1471,3/6/12 12:58,nd1S05661,Left,Hazel,No,nd1C00072,nd1T00054,nd1E00107,nd1N00073,"nd1I00036\,stdI00002",,Inside,1103073,No,,No,No,No,Female,1969,White,
654706,nd1R1044167,05661d1489,3/6/12 12:58,nd1S05661,Left,Hazel,No,nd1C00072,nd1T00049,nd1E00107,nd1N00079,"nd1I00023\,stdI00002",,Inside,1104452,No,,No,No,No,Female,1969,White,
655443,nd1R1044902,05661d1494,3/6/12 12:58,nd1S05661,Left,Hazel,No,nd1C00072,nd1T00050,nd1E00107,nd1N00048,"nd1I00022\,stdI00002",,Inside,1105189,No,,No,No,No,Female,1969,White,
717386,nd1R1146231,05661d1705,12/11/15 19:30,nd1S05661,Left,Hazel,No,nd1C00083,nd1T00049,nd1E00135,nd1N00079,"nd1I00023\,stdI00002",,Inside,1198457,No,,No,No,No,Female,1969,White,
717387,nd1R1146232,05661d1706,12/11/15 19:30,nd1S05661,Left,Hazel,No,nd1C00083,nd1T00049,nd1E00135,nd1N00079,"nd1I00023\,stdI00002",,Inside,1198458,No,,No,No,No,Female,1969,White,
401074,,,0000-00-00 00:00:00,nd1S05661,Left,Hazel,No,,nd1T00002,nd1E00077,nd1N00006,"nd1I00016\,stdI00002",,Inside,583648,No,,No,No,No,Female,1969,White,
401076,,,0000-00-00 00:00:00,nd1S05661,Left,Hazel,No,,nd1T00002,nd1E00077,nd1N00006,"nd1I00015\,stdI00002",,Inside,583650,No,,No,No,No,Female,1969,White,
401077,,,0000-00-00 00:00:00,nd1S05661,Left,Hazel,No,,nd1T00002,nd1E00077,nd1N00006,"nd1I00016\,stdI00002",,Inside,583651,No,,No,No,No,Female,1969,White,
401078,,,0000-00-00 00:00:00,nd1S05661,Left,Hazel,No,,nd1T00002,nd1E00077,nd1N00006,"nd1I00017\,stdI00002",,Inside,583652,No,,No,No,No,Female,1969,White,
401079,,,0000-00-00 00:00:00,nd1S05661,Left,Hazel,No,,nd1T00002,nd1E00077,nd1N00006,"nd1I00015\,stdI00002",,Inside,583653,No,,No,No,No,Female,1969,White,
401080,,,0000-00-00 00:00:00,nd1S05661,Left,Hazel,No,,nd1T00002,nd1E00077,nd1N00006,"nd1I00016\,stdI00002",,Inside,583654,No,,No,No,No,Female,1969,White,
401081,,,0000-00-00 00:00:00,nd1S05661,Left,Hazel,No,,nd1T00002,nd1E00077,nd1N00006,"nd1I00017\,stdI00002",,Inside,583655,No,,No,No,No,Female,1969,White,
401083,,,0000-00-00 00:00:00,nd1S05661,Left,Hazel,No,,nd1T00002,nd1E00077,nd1N00006,"nd1I00016\,stdI00002",,Inside,583657,No,,No,No,No,Female,1969,White,
401085,,,0000-00-00 00:00:00,nd1S05661,Left,Hazel,No,,nd1T00002,nd1E00077,nd1N00006,"nd1I00015\,stdI00002",,Inside,583659,No,,No,No,No,Female,1969,White,
447640,nd7R31415,05661d638,10/28/10 11:42,nd1S05661,Left,Hazel,No,nd1C00055,nd1T00039,nd1E00085,nd1N00048,"nd1I00022\,stdI00002",,Inside,676097,No,,No,No,No,Female,1969,White,
447642,nd7R31417,05661d640,10/28/10 11:42,nd1S05661,Left,Hazel,No,nd1C00055,nd1T00039,nd1E00085,nd1N00048,"nd1I00022\,stdI00002",,Inside,676099,No,,No,No,No,Female,1969,White,
447646,nd7R31421,05661d644,10/28/10 11:42,nd1S05661,Left,Hazel,No,nd1C00055,nd1T00040,nd1E00085,nd1N00049,"nd1I00023\,stdI00002",,Inside,676103,No,,No,No,No,Female,1969,White,
472095,nd1R679067,05661d755,2/10/11 12:56,nd1S05661,Left,Hazel,No,nd1C00062,nd1T00054,nd1E00093,nd1N00059,"nd1I00026\,stdI00002",,Inside,725573,No,,No,No,No,Female,1969,White,
472106,nd1R679078,05661d766,2/10/11 12:56,nd1S05661,Left,Hazel,No,nd1C00062,nd1T00053,nd1E00093,nd1N00059,"nd1I00026\,stdI00002",,Inside,725584,No,,No,No,No,Female,1969,White,
476337,nd1R683839,05661d788,2/10/11 12:56,nd1S05661,Left,Hazel,No,nd1C00062,nd1T00049,nd1E00093,nd1N00049,"nd1I00023\,stdI00002",,Inside,729815,No,,No,No,No,Female,1969,White,
486663,nd1R709531,05661d878,2/22/11 11:53,nd1S05661,Left,Hazel,No,nd1C00062,nd1T00054,nd1E00093,nd1N00059,"nd1I00026\,stdI00002",,Inside,759727,No,,No,No,No,Female,1969,White,
486672,,,2/22/11 11:53,nd1S05661,Left,Hazel,No,,nd1T00053,nd1E00093,nd1N00059,"nd1I00026\,stdI00002",,Inside,759736,No,,No,No,No,Female,1969,White,
486673,nd1R709538,05661d885,2/22/11 11:53,nd1S05661,Left,Hazel,No,nd1C00062,nd1T00053,nd1E00093,nd1N00059,"nd1I00026\,stdI00002",,Inside,759737,No,,No,No,No,Female,1969,White,
498865,nd1R790720,05661d1108,3/9/11 12:07,nd1S05661,Left,Hazel,No,nd1C00062,nd1T00054,nd1E00093,nd1N00059,"nd1I00026\,stdI00002",,Inside,791089,No,,No,No,No,Female,1969,White,
498866,nd1R790721,05661d1109,3/9/11 12:07,nd1S05661,Left,Hazel,No,nd1C00062,nd1T00054,nd1E00093,nd1N00059,"nd1I00026\,stdI00002",,Inside,791090,No,,No,No,No,Female,1969,White,
501256,nd1R793108,05661d1128,3/9/11 12:07,nd1S05661,Left,Hazel,No,nd1C00062,nd1T00049,nd1E00093,nd1N00049,"nd1I00023\,stdI00002",,Inside,793538,No,,No,No,No,Female,1969,White,
503284,nd1R795136,05661d1137,3/9/11 12:07,nd1S05661,Left,Hazel,No,nd1C00062,nd1T00050,nd1E00093,nd1N00048,"nd1I00022\,stdI00002",,Inside,795566,No,,No,No,No,Female,1969,White,
503286,nd1R795138,05661d1139,3/9/11 12:07,nd1S05661,Left,Hazel,No,nd1C00062,nd1T00050,nd1E00093,nd1N00048,"nd1I00022\,stdI00002",,Inside,795568,No,,No,No,No,Female,1969,White,
508433,nd1R830461,05661d1239,3/9/11 12:07,nd1S05661,Left,Hazel,No,nd1C00059,nd1T00051,nd1E00093,lg4000diff30,"nd1I00027\,stdI00002",,Inside,800715,No,,No,No,No,Female,1969,White,
508434,nd1R830462,05661d1240,3/9/11 12:07,nd1S05661,Left,Hazel,No,nd1C00059,nd1T00051,nd1E00093,lg4000diff30,"nd1I00028\,stdI00002",,Inside,800716,No,,No,No,No,Female,1969,White,
508437,nd1R830465,05661d1243,3/9/11 12:07,nd1S05661,Left,Hazel,No,nd1C00059,nd1T00051,nd1E00093,lg4000diff30,"nd1I00027\,stdI00002",,Inside,800719,No,,No,No,No,Female,1969,White,
512681,nd1R802660,05661d1160,3/23/11 12:00,nd1S05661,Left,Hazel,No,nd1C00062,nd1T00053,nd1E00093,nd1N00059,"nd1I00026\,stdI00002",,Inside,820264,No,,No,No,No,Female,1969,White,
512682,nd1R802661,05661d1161,3/23/11 12:00,nd1S05661,Left,Hazel,No,nd1C00062,nd1T00053,nd1E00093,nd1N00059,"nd1I00026\,stdI00002",,Inside,820265,No,,No,No,No,Female,1969,White,
515107,nd1R805085,05661d1170,3/23/11 12:00,nd1S05661,Left,Hazel,No,nd1C00062,nd1T00049,nd1E00093,nd1N00049,"nd1I00023\,stdI00002",,Inside,822690,No,,No,No,No,Female,1969,White,
515108,nd1R805086,05661d1171,3/23/11 12:00,nd1S05661,Left,Hazel,No,nd1C00062,nd1T00049,nd1E00093,nd1N00049,"nd1I00023\,stdI00002",,Inside,822691,No,,No,No,No,Female,1969,White,
636071,nd1R1001541,05673d1935,2/8/12 13:17,nd1S05673,Right,Blue,No,nd1C00072,nd1T00053,nd1E00107,nd1N00073,"nd1I00036\,stdI00002",,Inside,1061961,No,,No,No,No,Female,1988,White,
646290,nd1R1024725,05673d1991,2/22/12 11:57,nd1S05673,Right,Blue,No,nd1C00072,nd1T00054,nd1E00107,nd1N00073,"nd1I00036\,stdI00002",,Inside,1085521,No,,No,No,No,Female,1988,White,
646303,nd1R1024738,05673d2004,2/22/12 11:57,nd1S05673,Right,Blue,No,nd1C00072,nd1T00053,nd1E00107,nd1N00073,"nd1I00036\,stdI00002",,Inside,1085534,No,,No,No,No,Female,1988,White,
647349,nd1R1025783,05673d2019,2/22/12 11:57,nd1S05673,Right,Blue,No,nd1C00072,nd1T00049,nd1E00107,nd1N00079,"nd1I00023\,stdI00002",,Inside,1086580,No,,No,No,No,Female,1988,White,
648396,nd1R1026829,05673d2037,2/22/12 11:57,nd1S05673,Right,Blue,No,nd1C00072,nd1T00051,nd1E00107,nd1N00074,"nd1I00027\,stdI00002",,Inside,1087627,No,,No,No,No,Female,1988,White,
658732,nd1R1048183,05673d2100,3/7/12 16:10,nd1S05673,Right,Blue,No,nd1C00072,nd1T00054,nd1E00107,nd1N00073,"nd1I00036\,stdI00002",,Inside,1108478,No,,No,No,No,Female,1988,White,
660029,nd1R1049478,05673d2118,3/7/12 16:10,nd1S05673,Right,Blue,No,nd1C00072,nd1T00050,nd1E00107,nd1N00048,"nd1I00022\,stdI00002",,Inside,1109775,No,,No,No,No,Female,1988,White,
661078,nd1R1050525,05673d2127,3/7/12 16:10,nd1S05673,Right,Blue,No,nd1C00072,nd1T00051,nd1E00107,nd1N00074,"nd1I00028\,stdI00002",,Inside,1110824,No,,No,No,No,Female,1988,White,
203574,nd4R43636,05675d3,9/25/08 0:00,nd1S05675,Left,Hazel,No,nd1C00023,nd1T00015,nd1E00054,nd1N00020,nd1I00013,nd1I00013,Inside,260210,Yes,Soft,No,No,No,Female,1988,Unknown,"contacts-soft-given\,contacts-given"
207201,nd4R47121,05675d8,9/25/08 0:00,nd1S05675,Left,Hazel,No,nd1C00023,nd1T00014,nd1E00074,nd1N00006,"nd1I00017\,stdI00002",nd1I00011,Inside,263837,Yes,Soft,No,No,No,Female,1988,Unknown,"contacts-soft-given\,contacts-given"
207203,nd4R47123,05675d10,9/25/08 0:00,nd1S05675,Left,Hazel,No,nd1C00023,nd1T00014,nd1E00074,nd1N00006,"nd1I00016\,stdI00002",nd1I00011,Inside,263839,Yes,Soft,No,No,No,Female,1988,Unknown,"contacts-soft-given\,contacts-given"
207204,nd4R47124,05675d11,9/25/08 0:00,nd1S05675,Left,Hazel,No,nd1C00023,nd1T00014,nd1E00074,nd1N00006,"nd1I00017\,stdI00002",nd1I00011,Inside,263840,Yes,Soft,No,No,No,Female,1988,Unknown,"contacts-soft-given\,contacts-given"
207205,nd4R47125,05675d12,9/25/08 0:00,nd1S05675,Left,Hazel,No,nd1C00023,nd1T00014,nd1E00074,nd1N00006,"nd1I00015\,stdI00002",nd1I00011,Inside,263841,Yes,Soft,No,No,No,Female,1988,Unknown,"contacts-soft-given\,contacts-given"
207206,nd4R47126,05675d13,9/25/08 0:00,nd1S05675,Left,Hazel,No,nd1C00023,nd1T00014,nd1E00074,nd1N00006,"nd1I00016\,stdI00002",nd1I00011,Inside,263842,Yes,Soft,No,No,No,Female,1988,Unknown,"contacts-soft-given\,contacts-given"
212055,nd4R51890,05675d38,10/9/08 0:00,nd1S05675,Left,Hazel,No,nd1C00023,nd1T00014,nd1E00074,nd1N00016,"nd1I00017\,stdI00002",nd1I00012,Inside,270659,Yes,Soft,No,No,No,Female,1988,Unknown,"contacts-soft-given\,contacts-given"
212056,nd4R51891,05675d39,10/9/08 0:00,nd1S05675,Left,Hazel,No,nd1C00023,nd1T00014,nd1E00074,nd1N00016,"nd1I00015\,stdI00002",nd1I00012,Inside,270660,Yes,Soft,No,No,No,Female,1988,Unknown,"contacts-soft-given\,contacts-given"
212057,nd4R51892,05675d40,10/9/08 0:00,nd1S05675,Left,Hazel,No,nd1C00023,nd1T00014,nd1E00074,nd1N00016,"nd1I00016\,stdI00002",nd1I00012,Inside,270661,Yes,Soft,No,No,No,Female,1988,Unknown,"contacts-soft-given\,contacts-given"
212058,nd4R51893,05675d41,10/9/08 0:00,nd1S05675,Left,Hazel,No,nd1C00023,nd1T00014,nd1E00074,nd1N00016,"nd1I00017\,stdI00002",nd1I00012,Inside,270662,Yes,Soft,No,No,No,Female,1988,Unknown,"contacts-soft-given\,contacts-given"
212062,nd4R51897,05675d45,10/9/08 0:00,nd1S05675,Left,Hazel,No,nd1C00023,nd1T00014,nd1E00074,nd1N00016,"nd1I00015\,stdI00002",nd1I00012,Inside,270666,Yes,Soft,No,No,No,Female,1988,Unknown,"contacts-soft-given\,contacts-given"
230024,nd4R96965,05675d236,12/2/08 0:00,nd1S05675,Left,Hazel,No,nd1C00028,nd1T00014,nd1E00074,nd1N00006,"nd1I00016\,stdI00002",nd1I00004,Inside,303483,Yes,Soft,No,No,No,Female,1988,Unknown,"contacts-soft-given\,contacts-given"
336325,nd5R07953,05675d332,3/26/09 0:00,nd1S05675,Left,Hazel,No,nd1C00033,nd1T00014,nd1E00074,nd1N00006,"nd1I00017\,stdI00002",nd1I00012,Inside,437337,Yes,Soft,No,No,No,Female,1988,Unknown,"contacts-soft-given\,contacts-given"
336327,,,3/26/09 0:00,nd1S05675,Left,Hazel,No,,nd1T00014,nd1E00074,nd1N00006,"nd1I00016\,stdI00002",nd1I00012,Inside,437339,Yes,Soft,No,No,No,Female,1988,Unknown,"contacts-soft-given\,contacts-given"
336331,,,3/26/09 0:00,nd1S05675,Left,Hazel,No,,nd1T00014,nd1E00074,nd1N00006,"nd1I00017\,stdI00002",nd1I00012,Inside,437343,Yes,Soft,No,No,No,Female,1988,Unknown,"contacts-soft-given\,contacts-given"
375954,nd6R21654,05675d526,11/4/09 0:00,nd1S05675,Left,Hazel,No,nd1C00041,nd1T00016,nd1E00075,nd1N00021,nd1I00013,nd1I00013,Inside,529570,No,,No,No,No,Female,1988,Unknown,
423676,nd6R79636,05675d671,4/28/10 12:31,nd1S05675,Left,Hazel,No,nd1C00042,nd1T00002,nd1E00077,nd1N00006,"nd1I00016\,stdI00002",,Inside,613178,Yes,Soft,No,No,No,Female,1988,Unknown,"contacts-given\,contacts-soft-given"
453772,nd1R647055,05675d797,11/30/10 15:42,nd1S05675,Left,Hazel,No,nd1C00055,nd1T00050,nd1E00090,nd1N00048,"nd1I00022\,stdI00002",,Inside,694609,Yes,Soft,No,No,No,Female,1988,Unknown,"contacts-given\,contacts-soft-given"
453778,nd1R647061,05675d803,11/30/10 15:42,nd1S05675,Left,Hazel,No,nd1C00055,nd1T00049,nd1E00090,nd1N00049,"nd1I00023\,stdI00002",,Inside,694615,Yes,Soft,No,No,No,Female,1988,Unknown,"contacts-given\,contacts-soft-given"
467261,nd1R674723,05675d891,1/27/11 15:17,nd1S05675,Left,Hazel,No,nd1C00062,nd1T00054,nd1E00093,nd1N00059,"nd1I00026\,stdI00002",,Inside,710282,No,,No,No,No,Female,1988,Unknown,
467262,nd1R674724,05675d892,1/27/11 15:17,nd1S05675,Left,Hazel,No,nd1C00062,nd1T00053,nd1E00093,nd1N00059,"nd1I00026\,stdI00002",,Inside,710283,No,,No,No,No,Female,1988,Unknown,
471526,nd1R678535,05675d911,2/9/11 16:16,nd1S05675,Left,Hazel,No,nd1C00062,nd1T00053,nd1E00093,nd1N00059,"nd1I00026\,stdI00002",,Inside,725004,No,,No,No,No,Female,1988,Unknown,
475531,nd1R683669,05675d931,2/9/11 16:16,nd1S05675,Left,Hazel,No,nd1C00062,nd1T00049,nd1E00093,nd1N00049,"nd1I00023\,stdI00002",,Inside,729009,No,,No,No,No,Female,1988,Unknown,
481853,nd1R705962,05675d1007,2/23/11 15:19,nd1S05675,Left,Hazel,No,nd1C00062,nd1T00051,nd1E00093,nd1N00020,"nd1I00028\,stdI00002",,Inside,754917,Yes,Soft,No,No,No,Female,1988,Unknown,
486219,nd1R828650,05675d1280,2/23/11 15:19,nd1S05675,Left,Hazel,No,nd1C00059,nd1T00051,nd1E00093,lg4000diff30,"nd1I00029\,stdI00002",,Inside,759283,Yes,Soft,No,No,No,Female,1988,Unknown,
490353,,,2/23/11 15:19,nd1S05675,Left,Hazel,No,,nd1T00054,nd1E00093,nd1N00059,"nd1I00026\,stdI00002",,Inside,763417,Yes,Soft,No,No,No,Female,1988,Unknown,
499875,nd1R791730,05675d1195,3/9/11 15:28,nd1S05675,Left,Hazel,No,nd1C00062,nd1T00054,nd1E00093,nd1N00059,"nd1I00026\,stdI00002",,Inside,792157,Yes,Soft,No,No,No,Female,1988,Unknown,
502999,nd1R794851,05675d1212,3/9/11 15:28,nd1S05675,Left,Hazel,No,nd1C00062,nd1T00049,nd1E00093,nd1N00049,"nd1I00023\,stdI00002",,Inside,795281,Yes,Soft,No,No,No,Female,1988,Unknown,
535975,nd1R815086,05675d1253,4/13/11 15:50,nd1S05675,Left,Hazel,No,nd1C00062,nd1T00054,nd1E00101,nd1N00059,"nd1I00026\,stdI00002",,Inside,860159,Yes,Soft,No,No,No,Female,1988,Unknown,
560324,nd1R862526,05675d1382,4/27/11 14:59,nd1S05675,Left,Hazel,No,nd1C00062,nd1T00051,nd1E00101,nd1N00020,"nd1I00028\,stdI00002",,Inside,905909,Yes,Soft,No,No,No,Female,1988,Unknown,
207788,nd4R47679,05682d1,10/7/08 0:00,nd1S05682,Left,Brown,No,nd1C00023,nd1T00014,nd1E00054,nd1N00020,nd1I00013,nd1I00013,Inside,266392,Yes,Soft,No,No,No,Female,1987,Asian,"contacts-soft-given\,contacts-given"
209099,nd4R48984,05682d7,10/7/08 0:00,nd1S05682,Left,Brown,No,nd1C00023,nd1T00014,nd1E00074,nd1N00016,"nd1I00016\,stdI00002",nd1I00012,Inside,267703,Yes,Soft,No,No,No,Female,1987,Asian,"contacts-soft-given\,contacts-given"
209100,nd4R48985,05682d8,10/7/08 0:00,nd1S05682,Left,Brown,No,nd1C00023,nd1T00014,nd1E00074,nd1N00016,"nd1I00017\,stdI00002",nd1I00012,Inside,267704,Yes,Soft,No,No,No,Female,1987,Asian,"contacts-soft-given\,contacts-given"
209109,nd4R48994,05682d17,10/7/08 0:00,nd1S05682,Left,Brown,No,nd1C00023,nd1T00014,nd1E00074,nd1N00016,"nd1I00017\,stdI00002",nd1I00012,Inside,267713,Yes,Soft,No,No,No,Female,1987,Asian,"contacts-soft-given\,contacts-given"
216841,nd4R56657,05682d37,10/29/08 0:00,nd1S05682,Left,Brown,No,nd1C00023,nd1T00014,nd1E00074,nd1N00006,"nd1I00016\,stdI00002",nd1I00012,Inside,277691,Yes,Soft,No,No,No,Female,1987,Asian,"contacts-soft-given\,contacts-given"
216843,nd4R56659,05682d39,10/29/08 0:00,nd1S05682,Left,Brown,No,nd1C00023,nd1T00014,nd1E00074,nd1N00006,"nd1I00015\,stdI00002",nd1I00012,Inside,277693,Yes,Soft,No,No,No,Female,1987,Asian,"contacts-soft-given\,contacts-given"
216847,nd4R56663,05682d43,10/29/08 0:00,nd1S05682,Left,Brown,No,nd1C00023,nd1T00014,nd1E00074,nd1N00006,"nd1I00016\,stdI00002",nd1I00012,Inside,277697,Yes,Soft,No,No,No,Female,1987,Asian,"contacts-soft-given\,contacts-given"
220055,nd4R59832,05682d62,11/11/08 0:00,nd1S05682,Left,Brown,No,nd1C00023,nd1T00014,nd1E00074,nd1N00006,"nd1I00017\,stdI00002",nd1I00012,Inside,280905,Yes,Soft,No,No,No,Female,1987,Asian,"contacts-soft-given\,contacts-given"
220065,nd4R59842,05682d72,11/11/08 0:00,nd1S05682,Left,Brown,No,nd1C00023,nd1T00014,nd1E00074,nd1N00006,"nd1I00015\,stdI00002",nd1I00012,Inside,280915,Yes,Soft,No,No,No,Female,1987,Asian,"contacts-soft-given\,contacts-given"
237097,nd5R05194,05682d235,1/22/09 0:00,nd1S05682,Left,Brown,No,nd1C00033,nd1T00014,nd1E00074,nd1N00006,"nd1I00015\,stdI00002",nd1I00012,Inside,313852,Yes,Soft,No,No,No,Female,1987,Asian,"contacts-soft-given\,contacts-given"
237104,nd5R05201,05682d242,1/22/09 0:00,nd1S05682,Left,Brown,No,nd1C00033,nd1T00014,nd1E00074,nd1N00006,"nd1I00016\,stdI00002",nd1I00012,Inside,313859,Yes,Soft,No,No,No,Female,1987,Asian,"contacts-soft-given\,contacts-given"
266751,nd5R17948,05682d333,2/3/09 0:00,nd1S05682,Left,Brown,No,nd1C00033,nd1T00014,nd1E00074,nd1N00006,"nd1I00015\,stdI00002",nd1I00012,Inside,345811,Yes,Soft,No,No,No,Female,1987,Asian,"contacts-soft-given\,contacts-given"
266759,nd5R17955,05682d340,2/3/09 0:00,nd1S05682,Left,Brown,No,nd1C00033,nd1T00014,nd1E00074,nd1N00006,"nd1I00016\,stdI00002",nd1I00012,Inside,345819,Yes,Soft,No,No,No,Female,1987,Asian,"contacts-soft-given\,contacts-given"
266761,nd5R17957,05682d342,2/3/09 0:00,nd1S05682,Left,Brown,No,nd1C00033,nd1T00014,nd1E00074,nd1N00006,"nd1I00015\,stdI00002",nd1I00012,Inside,345821,Yes,Soft,No,No,No,Female,1987,Asian,"contacts-soft-given\,contacts-given"
344300,nd5R46999,05682d390,4/23/09 0:00,nd1S05682,Left,Brown,No,nd1C00033,nd1T00014,nd1E00074,nd1N00006,"nd1I00015\,stdI00002",nd1I00012,Inside,450418,Yes,Soft,No,No,No,Female,1987,Asian,"contacts-soft-given\,contacts-given"
217751,nd4R57562,05694d56,10/30/08 0:00,nd1S05694,Right,Brown,No,nd1C00023,nd1T00014,nd1E00074,nd1N00006,"nd1I00017\,stdI00002",nd1I00012,Inside,278601,No,,No,No,No,Female,1988,Unknown,
217752,nd4R57563,05694d57,10/30/08 0:00,nd1S05694,Right,Brown,No,nd1C00023,nd1T00014,nd1E00074,nd1N00006,"nd1I00015\,stdI00002",nd1I00012,Inside,278602,No,,No,No,No,Female,1988,Unknown,
217755,nd4R57566,05694d60,10/30/08 0:00,nd1S05694,Right,Brown,No,nd1C00023,nd1T00014,nd1E00074,nd1N00006,"nd1I00015\,stdI00002",nd1I00012,Inside,278605,No,,No,No,No,Female,1988,Unknown,
219205,nd4R58985,05694d64,11/13/08 0:00,nd1S05694,Right,Brown,No,nd1C00023,nd1T00014,nd1E00054,nd1N00020,nd1I00013,nd1I00013,Inside,280055,No,,No,No,No,Female,1988,Unknown,
219207,nd4R58987,05694d66,11/13/08 0:00,nd1S05694,Right,Brown,No,nd1C00023,nd1T00014,nd1E00054,nd1N00020,nd1I00013,nd1I00013,Inside,280057,No,,No,No,No,Female,1988,Unknown,
224300,nd4R64010,05694d95,12/4/08 0:00,nd1S05694,Right,Brown,No,nd1C00023,nd1T00014,nd1E00054,nd1N00020,nd1I00013,nd1I00013,Inside,285150,No,,No,No,No,Female,1988,Unknown,
226701,nd4R66364,05694d110,12/4/08 0:00,nd1S05694,Right,Brown,No,nd1C00023,nd1T00014,nd1E00074,nd1N00006,"nd1I00016\,stdI00002",nd1I00012,Inside,287551,No,,No,No,No,Female,1988,Unknown,
226709,nd4R66372,05694d118,12/4/08 0:00,nd1S05694,Right,Brown,No,nd1C00023,nd1T00014,nd1E00074,nd1N00006,"nd1I00015\,stdI00002",nd1I00012,Inside,287559,No,,No,No,No,Female,1988,Unknown,
319786,,,2/19/09 0:00,nd1S05694,Right,Brown,No,,nd1T00014,nd1E00074,nd1N00006,"nd1I00016\,stdI00002",nd1I00012,Inside,407289,No,,No,No,No,Female,1988,Unknown,
319793,,,2/19/09 0:00,nd1S05694,Right,Brown,No,,nd1T00014,nd1E00074,nd1N00006,"nd1I00017\,stdI00002",nd1I00012,Inside,407296,No,,No,No,No,Female,1988,Unknown,
319794,nd5R27332,05694d185,2/19/09 0:00,nd1S05694,Right,Brown,No,nd1C00033,nd1T00014,nd1E00074,nd1N00006,"nd1I00015\,stdI00002",nd1I00012,Inside,407297,No,,No,No,No,Female,1988,Unknown,
320588,nd5R26539,05694d183,2/19/09 0:00,nd1S05694,Right,Brown,No,nd1C00033,nd1T00014,nd1E00054,nd1N00020,nd1I00013,nd1I00013,Inside,408091,No,,No,No,No,Female,1988,Unknown,
208411,nd4R48301,05695d2,10/9/08 0:00,nd1S05695,Right,Brown,No,nd1C00023,nd1T00014,nd1E00054,nd1N00020,nd1I00013,nd1I00013,Inside,267015,Yes,,No,No,No,Female,1989,White,contacts-given
212090,nd4R51925,05695d19,10/9/08 0:00,nd1S05695,Right,Brown,No,nd1C00023,nd1T00014,nd1E00074,nd1N00016,"nd1I00016\,stdI00002",nd1I00012,Inside,270694,Yes,,No,No,No,Female,1989,White,contacts-given
212091,nd4R51926,05695d20,10/9/08 0:00,nd1S05695,Right,Brown,No,nd1C00023,nd1T00014,nd1E00074,nd1N00016,"nd1I00017\,stdI00002",nd1I00012,Inside,270695,Yes,,No,No,No,Female,1989,White,contacts-given
212098,nd4R51933,05695d27,10/9/08 0:00,nd1S05695,Right,Brown,No,nd1C00023,nd1T00014,nd1E00074,nd1N00016,"nd1I00015\,stdI00002",nd1I00012,Inside,270702,Yes,,No,No,No,Female,1989,White,contacts-given
212099,nd4R51934,05695d28,10/9/08 0:00,nd1S05695,Right,Brown,No,nd1C00023,nd1T00014,nd1E00074,nd1N00016,"nd1I00016\,stdI00002",nd1I00012,Inside,270703,Yes,,No,No,No,Female,1989,White,contacts-given
212100,nd4R51935,05695d29,10/9/08 0:00,nd1S05695,Right,Brown,No,nd1C00023,nd1T00014,nd1E00074,nd1N00016,"nd1I00017\,stdI00002",nd1I00012,Inside,270704,Yes,,No,No,No,Female,1989,White,contacts-given
213658,nd4R53489,05695d32,10/28/08 0:00,nd1S05695,Right,Brown,No,nd1C00023,nd1T00014,nd1E00054,nd1N00020,nd1I00013,nd1I00013,Inside,274508,Yes,Soft,No,No,No,Female,1989,White,"contacts-soft-given\,contacts-given"
214879,nd4R54705,05695d49,10/28/08 0:00,nd1S05695,Right,Brown,No,nd1C00023,nd1T00014,nd1E00074,nd1N00006,"nd1I00016\,stdI00002",nd1I00012,Inside,275729,Yes,Soft,No,No,No,Female,1989,White,"contacts-soft-given\,contacts-given"
214881,nd4R54707,05695d51,10/28/08 0:00,nd1S05695,Right,Brown,No,nd1C00023,nd1T00014,nd1E00074,nd1N00006,"nd1I00015\,stdI00002",nd1I00012,Inside,275731,Yes,Soft,No,No,No,Female,1989,White,"contacts-soft-given\,contacts-given"
219005,nd4R58785,05695d62,11/12/08 0:00,nd1S05695,Right,Brown,No,nd1C00023,nd1T00014,nd1E00054,nd1N00020,nd1I00013,nd1I00013,Inside,279855,Yes,Soft,No,No,No,Female,1989,White,"contacts-soft-given\,contacts-given"
219009,nd4R58789,05695d66,11/12/08 0:00,nd1S05695,Right,Brown,No,nd1C00023,nd1T00014,nd1E00054,nd1N00020,nd1I00013,nd1I00013,Inside,279859,Yes,Soft,No,No,No,Female,1989,White,"contacts-soft-given\,contacts-given"
230013,nd4R96954,05695d212,12/2/08 0:00,nd1S05695,Right,Brown,No,nd1C00028,nd1T00014,nd1E00074,nd1N00006,"nd1I00017\,stdI00002",nd1I00004,Inside,303472,Yes,Soft,No,No,No,Female,1989,White,"contacts-soft-given\,contacts-given"
230017,nd4R96958,05695d216,12/2/08 0:00,nd1S05695,Right,Brown,No,nd1C00028,nd1T00014,nd1E00074,nd1N00006,"nd1I00015\,stdI00002",nd1I00004,Inside,303476,Yes,Soft,No,No,No,Female,1989,White,"contacts-soft-given\,contacts-given"
230018,nd4R96959,05695d217,12/2/08 0:00,nd1S05695,Right,Brown,No,nd1C00028,nd1T00014,nd1E00074,nd1N00006,"nd1I00016\,stdI00002",nd1I00004,Inside,303477,Yes,Soft,No,No,No,Female,1989,White,"contacts-soft-given\,contacts-given"
230020,nd4R96961,05695d219,12/2/08 0:00,nd1S05695,Right,Brown,No,nd1C00028,nd1T00014,nd1E00074,nd1N00006,"nd1I00015\,stdI00002",nd1I00004,Inside,303479,Yes,Soft,No,No,No,Female,1989,White,"contacts-soft-given\,contacts-given"
234973,,,1/21/09 0:00,nd1S05695,Right,Brown,No,,nd1T00014,nd1E00074,nd1N00006,"nd1I00017\,stdI00002",nd1I00012,Inside,310096,Yes,Soft,No,No,No,Female,1989,White,"contacts-soft-given\,contacts-given"
266594,nd5R17807,05695d312,2/3/09 0:00,nd1S05695,Right,Brown,No,nd1C00033,nd1T00014,nd1E00074,nd1N00006,"nd1I00017\,stdI00002",nd1I00012,Inside,345654,Yes,Soft,No,No,No,Female,1989,White,"contacts-soft-given\,contacts-given"
266605,nd5R17817,05695d322,2/3/09 0:00,nd1S05695,Right,Brown,No,nd1C00033,nd1T00014,nd1E00074,nd1N00006,"nd1I00015\,stdI00002",nd1I00012,Inside,345665,Yes,Soft,No,No,No,Female,1989,White,"contacts-soft-given\,contacts-given"
328101,nd5R17895,05695d326,3/5/09 0:00,nd1S05695,Right,Brown,No,nd1C00033,nd1T00014,nd1E00074,nd1N00006,"nd1I00015\,stdI00002",nd1I00012,Inside,421538,Yes,Soft,No,No,No,Female,1989,White,"contacts-soft-given\,contacts-given"
339178,,,4/21/09 0:00,nd1S05695,Right,Brown,No,,nd1T00014,nd1E00074,nd1N00006,"nd1I00017\,stdI00002",nd1I00012,Inside,442343,Yes,Soft,No,No,No,Female,1989,White,"contacts-soft-given\,contacts-given"
339182,nd5R41905,05695d402,4/21/09 0:00,nd1S05695,Right,Brown,No,nd1C00033,nd1T00014,nd1E00074,nd1N00006,"nd1I00015\,stdI00002",nd1I00012,Inside,442347,Yes,Soft,No,No,No,Female,1989,White,"contacts-soft-given\,contacts-given"
381009,nd6R38710,05695d483,1/26/10 14:06,nd1S05695,Right,Brown,No,nd1C00042,nd1T00016,nd1E00075,nd1N00020,nd1I00004,nd1I00004,Inside,536669,Yes,Soft,No,No,No,Female,1989,White,"contacts-given\,contacts-soft-given"
382842,nd6R40539,05695d503,1/26/10 14:06,nd1S05695,Right,Brown,No,nd1C00042,nd1T00002,nd1E00075,nd1N00006,"nd1I00017\,stdI00002",nd1I00013,Inside,538502,Yes,Soft,No,No,No,Female,1989,White,"contacts-given\,contacts-soft-given"
382843,nd6R40540,05695d504,1/26/10 14:06,nd1S05695,Right,Brown,No,nd1C00042,nd1T00002,nd1E00075,nd1N00006,"nd1I00015\,stdI00002",nd1I00013,Inside,538503,Yes,Soft,No,No,No,Female,1989,White,"contacts-given\,contacts-soft-given"
390867,nd6R47722,05695d525,2/9/10 14:10,nd1S05695,Right,Brown,No,nd1C00042,nd1T00002,nd1E00075,nd1N00006,"nd1I00016\,stdI00002",nd1I00013,Inside,556077,Yes,Soft,No,No,No,Female,1989,White,"contacts-given\,contacts-soft-given"
390872,nd6R47727,05695d530,2/9/10 14:10,nd1S05695,Right,Brown,No,nd1C00042,nd1T00002,nd1E00075,nd1N00006,"nd1I00015\,stdI00002",nd1I00013,Inside,556082,Yes,Soft,No,No,No,Female,1989,White,"contacts-given\,contacts-soft-given"
390875,,,2/9/10 14:10,nd1S05695,Right,Brown,No,,nd1T00002,nd1E00075,nd1N00006,"nd1I00015\,stdI00002",nd1I00013,Inside,556085,Yes,Soft,No,No,No,Female,1989,White,"contacts-given\,contacts-soft-given"
390877,nd6R47731,05695d534,2/9/10 14:10,nd1S05695,Right,Brown,No,nd1C00042,nd1T00002,nd1E00075,nd1N00006,"nd1I00017\,stdI00002",nd1I00013,Inside,556087,Yes,Soft,No,No,No,Female,1989,White,"contacts-given\,contacts-soft-given"
406086,nd6R62719,05695d561,3/16/10 14:28,nd1S05695,Right,Brown,No,nd1C00042,nd1T00002,nd1E00077,nd1N00006,"nd1I00017\,stdI00002",,Inside,588660,Yes,Soft,No,No,No,Female,1989,White,"contacts-given\,contacts-soft-given"
406090,nd6R62723,05695d565,3/16/10 14:28,nd1S05695,Right,Brown,No,nd1C00042,nd1T00002,nd1E00077,nd1N00006,"nd1I00015\,stdI00002",,Inside,588664,Yes,Soft,No,No,No,Female,1989,White,"contacts-given\,contacts-soft-given"
406093,nd6R62726,05695d568,3/16/10 14:28,nd1S05695,Right,Brown,No,nd1C00042,nd1T00002,nd1E00077,nd1N00006,"nd1I00015\,stdI00002",,Inside,588667,Yes,Soft,No,No,No,Female,1989,White,"contacts-given\,contacts-soft-given"
417861,,,4/15/10 14:03,nd1S05695,Right,Brown,No,,nd1T00002,nd1E00077,nd1N00006,"nd1I00015\,stdI00002",,Inside,607363,Yes,Soft,No,No,No,Female,1989,White,"off-axis\,contacts-given\,contacts-soft-given"
417864,nd6R74146,05695d591,4/15/10 14:03,nd1S05695,Right,Brown,No,nd1C00042,nd1T00002,nd1E00077,nd1N00006,"nd1I00015\,stdI00002",,Inside,607366,Yes,Soft,No,No,No,Female,1989,White,"contacts-given\,contacts-soft-given"
417870,,,4/15/10 14:03,nd1S05695,Right,Brown,No,,nd1T00002,nd1E00077,nd1N00006,"nd1I00015\,stdI00002",,Inside,607372,Yes,Soft,No,No,No,Female,1989,White,"contacts-given\,contacts-soft-given"
417872,nd6R74152,05695d597,4/15/10 14:03,nd1S05695,Right,Brown,No,nd1C00042,nd1T00002,nd1E00077,nd1N00006,"nd1I00017\,stdI00002",,Inside,607374,Yes,Soft,No,No,No,Female,1989,White,"contacts-given\,contacts-soft-given"
424384,,,4/28/10 13:23,nd1S05695,Right,Brown,No,,nd1T00002,nd1E00077,nd1N00006,"nd1I00016\,stdI00002",,Inside,613886,Yes,Soft,No,No,No,Female,1989,White,"contacts-given\,contacts-soft-given"
447277,nd7R31052,05695d734,10/27/10 16:17,nd1S05695,Right,Brown,No,nd1C00055,nd1T00039,nd1E00085,nd1N00048,"nd1I00022\,stdI00002",,Inside,675734,Yes,Soft,No,No,No,Female,1989,White,"contacts-given\,contacts-soft-given"
447281,nd7R31056,05695d738,10/27/10 16:17,nd1S05695,Right,Brown,No,nd1C00055,nd1T00039,nd1E00085,nd1N00048,"nd1I00022\,stdI00002",,Inside,675738,Yes,Soft,No,No,No,Female,1989,White,"contacts-given\,contacts-soft-given"
447286,nd7R31061,05695d743,10/27/10 16:17,nd1S05695,Right,Brown,No,nd1C00055,nd1T00040,nd1E00085,nd1N00049,"nd1I00023\,stdI00002",,Inside,675743,Yes,Soft,No,No,No,Female,1989,White,"contacts-given\,contacts-soft-given"
453755,nd1R647038,05695d779,11/30/10 15:41,nd1S05695,Right,Brown,No,nd1C00055,nd1T00050,nd1E00090,nd1N00048,"nd1I00022\,stdI00002",,Inside,694592,Yes,Soft,No,No,No,Female,1989,White,"contacts-given\,contacts-soft-given"
453765,nd1R647048,05695d789,11/30/10 15:41,nd1S05695,Right,Brown,No,nd1C00055,nd1T00049,nd1E00090,nd1N00049,"nd1I00023\,stdI00002",,Inside,694602,Yes,Soft,No,No,No,Female,1989,White,"contacts-given\,contacts-soft-given"
464101,nd1R671746,05695d858,1/26/11 13:48,nd1S05695,Right,Brown,No,nd1C00062,nd1T00054,nd1E00093,nd1N00059,"nd1I00026\,stdI00002",,Inside,707122,No,,No,No,No,Female,1989,White,
471399,nd1R678408,05695d874,2/9/11 15:47,nd1S05695,Right,Brown,No,nd1C00062,nd1T00054,nd1E00093,nd1N00059,"nd1I00026\,stdI00002",,Inside,724877,No,,No,No,No,Female,1989,White,
471413,nd1R678422,05695d888,2/9/11 15:47,nd1S05695,Right,Brown,No,nd1C00062,nd1T00053,nd1E00093,nd1N00059,"nd1I00026\,stdI00002",,Inside,724891,No,,No,No,No,Female,1989,White,
484925,nd1R708308,05695d995,2/23/11 14:18,nd1S05695,Right,Brown,No,nd1C00062,nd1T00049,nd1E00093,nd1N00049,"nd1I00023\,stdI00002",,Inside,757989,Yes,Soft,No,No,No,Female,1989,White,
489912,nd1R712718,05695d1025,2/23/11 14:18,nd1S05695,Right,Brown,No,nd1C00062,nd1T00053,nd1E00093,nd1N00059,"nd1I00026\,stdI00002",,Inside,762976,Yes,Soft,No,No,No,Female,1989,White,
496819,nd1R788683,05695d1281,3/8/11 12:37,nd1S05695,Right,Brown,No,nd1C00062,nd1T00053,nd1E00093,nd1N00059,"nd1I00026\,stdI00002",,Inside,789043,Yes,Soft,No,No,No,Female,1989,White,
551106,nd1R854393,05695d1486,4/26/11 14:00,nd1S05695,Right,Brown,No,nd1C00062,nd1T00053,nd1E00101,nd1N00059,"nd1I00026\,stdI00002",,Inside,896691,Yes,Soft,No,No,No,Female,1989,White,
213903,nd4R53734,05708d1,10/28/08 0:00,nd1S05708,Left,Blue,No,nd1C00023,nd1T00014,nd1E00054,nd1N00020,nd1I00013,nd1I00013,Inside,274753,No,,No,No,No,Male,1988,White,
213905,nd4R53736,05708d3,10/28/08 0:00,nd1S05708,Left,Blue,No,nd1C00023,nd1T00014,nd1E00054,nd1N00020,nd1I00013,nd1I00013,Inside,274755,No,,No,No,No,Male,1988,White,
213907,nd4R53738,05708d5,10/28/08 0:00,nd1S05708,Left,Blue,No,nd1C00023,nd1T00014,nd1E00054,nd1N00020,nd1I00013,nd1I00013,Inside,274757,No,,No,No,No,Male,1988,White,
215890,nd4R55713,05708d7,10/28/08 0:00,nd1S05708,Left,Blue,No,nd1C00023,nd1T00014,nd1E00074,nd1N00006,"nd1I00016\,stdI00002",nd1I00012,Inside,276740,No,,No,No,No,Male,1988,White,
215891,nd4R55714,05708d8,10/28/08 0:00,nd1S05708,Left,Blue,No,nd1C00023,nd1T00014,nd1E00074,nd1N00006,"nd1I00017\,stdI00002",nd1I00012,Inside,276741,No,,No,No,No,Male,1988,White,
215894,nd4R55717,05708d11,10/28/08 0:00,nd1S05708,Left,Blue,No,nd1C00023,nd1T00014,nd1E00074,nd1N00006,"nd1I00017\,stdI00002",nd1I00012,Inside,276744,No,,No,No,No,Male,1988,White,
215896,nd4R55719,05708d13,10/28/08 0:00,nd1S05708,Left,Blue,No,nd1C00023,nd1T00014,nd1E00074,nd1N00006,"nd1I00016\,stdI00002",nd1I00012,Inside,276746,No,,No,No,No,Male,1988,White,
215898,nd4R55720,05708d14,10/28/08 0:00,nd1S05708,Left,Blue,No,nd1C00023,nd1T00014,nd1E00074,nd1N00006,"nd1I00015\,stdI00002",nd1I00012,Inside,276748,No,,No,No,No,Male,1988,White,
225307,nd4R64983,05708d37,12/3/08 0:00,nd1S05708,Left,Blue,No,nd1C00023,nd1T00014,nd1E00074,nd1N00006,"nd1I00017\,stdI00002",nd1I00012,Inside,286157,No,,No,No,No,Male,1988,White,
225308,nd4R64984,05708d38,12/3/08 0:00,nd1S05708,Left,Blue,No,nd1C00023,nd1T00014,nd1E00074,nd1N00006,"nd1I00015\,stdI00002",nd1I00012,Inside,286158,No,,No,No,No,Male,1988,White,
265069,nd5R16492,05708d172,2/3/09 0:00,nd1S05708,Left,Blue,No,nd1C00033,nd1T00014,nd1E00074,nd1N00006,"nd1I00016\,stdI00002",nd1I00012,Inside,344129,No,,No,No,No,Male,1988,White,
265070,nd5R16493,05708d173,2/3/09 0:00,nd1S05708,Left,Blue,No,nd1C00033,nd1T00014,nd1E00074,nd1N00006,"nd1I00017\,stdI00002",nd1I00012,Inside,344130,No,,No,No,No,Male,1988,White,
265074,nd5R16496,05708d176,2/3/09 0:00,nd1S05708,Left,Blue,No,nd1C00033,nd1T00014,nd1E00074,nd1N00006,"nd1I00017\,stdI00002",nd1I00012,Inside,344134,No,,No,No,No,Male,1988,White,
312372,,,2/17/09 0:00,nd1S05708,Left,Blue,No,,nd1T00014,nd1E00074,nd1N00006,"nd1I00015\,stdI00002",nd1I00012,Inside,396779,No,,No,No,No,Male,1988,White,
312373,,,2/17/09 0:00,nd1S05708,Left,Blue,No,,nd1T00014,nd1E00074,nd1N00006,"nd1I00016\,stdI00002",nd1I00012,Inside,396780,No,,No,No,No,Male,1988,White,
336770,nd5R07511,05708d151,3/26/09 0:00,nd1S05708,Left,Blue,No,nd1C00033,nd1T00014,nd1E00074,nd1N00006,"nd1I00015\,stdI00002",nd1I00012,Inside,437782,No,,No,No,No,Male,1988,White,
344036,nd5R46738,05708d250,4/23/09 0:00,nd1S05708,Left,Blue,No,nd1C00033,nd1T00014,nd1E00074,nd1N00006,"nd1I00015\,stdI00002",nd1I00012,Inside,450154,No,,No,No,No,Male,1988,White,
344041,nd5R46743,05708d255,4/23/09 0:00,nd1S05708,Left,Blue,No,nd1C00033,nd1T00014,nd1E00074,nd1N00006,"nd1I00017\,stdI00002",nd1I00012,Inside,450159,No,,No,No,No,Male,1988,White,
344042,nd5R46744,05708d256,4/23/09 0:00,nd1S05708,Left,Blue,No,nd1C00033,nd1T00014,nd1E00074,nd1N00006,"nd1I00015\,stdI00002",nd1I00012,Inside,450160,No,,No,No,No,Male,1988,White,
346299,nd5R48979,05708d272,4/23/09 0:00,nd1S05708,Left,Blue,No,nd1C00033,nd1T00014,nd1E00054,nd1N00020,nd1I00013,nd1I00013,Inside,452417,No,,No,No,No,Male,1988,White,
369559,nd6R34901,05708d390,12/2/09 0:00,nd1S05708,Left,Blue,No,nd1C00041,nd1T00002,nd1E00075,nd1N00006,"nd1I00017\,stdI00002",nd1I00004,Inside,521341,No,,No,No,No,Male,1988,White,contacts-NoContacts
369560,nd6R34902,05708d391,12/2/09 0:00,nd1S05708,Left,Blue,No,nd1C00041,nd1T00002,nd1E00075,nd1N00006,"nd1I00015\,stdI00002",nd1I00004,Inside,521342,No,,No,No,No,Male,1988,White,contacts-NoContacts
377826,nd6R19801,05708d375,11/5/09 0:00,nd1S05708,Left,Blue,No,nd1C00041,nd1T00002,nd1E00075,nd1N00006,"nd1I00017\,stdI00002",nd1I00004,Inside,531442,No,,No,No,No,Male,1988,White,
377830,nd6R19797,05708d371,11/5/09 0:00,nd1S05708,Left,Blue,No,nd1C00041,nd1T00002,nd1E00075,nd1N00006,"nd1I00015\,stdI00002",nd1I00004,Inside,531446,No,,No,No,No,Male,1988,White,
377831,nd6R19796,05708d370,11/5/09 0:00,nd1S05708,Left,Blue,No,nd1C00041,nd1T00002,nd1E00075,nd1N00006,"nd1I00016\,stdI00002",nd1I00004,Inside,531447,No,,No,No,No,Male,1988,White,
377832,nd6R19795,05708d369,11/5/09 0:00,nd1S05708,Left,Blue,No,nd1C00041,nd1T00002,nd1E00075,nd1N00006,"nd1I00017\,stdI00002",nd1I00004,Inside,531448,No,,No,No,No,Male,1988,White,
473024,nd1R679905,05708d754,2/10/11 16:16,nd1S05708,Left,Blue,No,nd1C00062,nd1T00053,nd1E00093,nd1N00059,"nd1I00026\,stdI00002",,Inside,726502,No,,No,No,No,Male,1988,White,
473025,nd1R679906,05708d755,2/10/11 16:16,nd1S05708,Left,Blue,No,nd1C00062,nd1T00053,nd1E00093,nd1N00059,"nd1I00026\,stdI00002",,Inside,726503,No,,No,No,No,Male,1988,White,
593516,nd1R911624,05708d1156,9/29/11 15:06,nd1S05708,Left,Blue,No,nd1C00068,nd1T00049,nd1E00107,nd1N00077,"nd1I00023\,stdI00002",,Inside,971767,No,,No,No,No,Male,1988,White,
225320,,,12/3/08 0:00,nd1S05708,Right,Blue,No,,nd1T00014,nd1E00074,nd1N00006,"nd1I00015\,stdI00002",nd1I00012,Inside,286170,No,,No,No,No,Male,1988,White,
265086,nd5R16505,05708d185,2/3/09 0:00,nd1S05708,Right,Blue,No,nd1C00033,nd1T00014,nd1E00074,nd1N00006,"nd1I00017\,stdI00002",nd1I00012,Inside,344146,No,,No,No,No,Male,1988,White,
265087,nd5R16506,05708d186,2/3/09 0:00,nd1S05708,Right,Blue,No,nd1C00033,nd1T00014,nd1E00074,nd1N00006,"nd1I00015\,stdI00002",nd1I00012,Inside,344147,No,,No,No,No,Male,1988,White,
265092,nd5R16510,05708d190,2/3/09 0:00,nd1S05708,Right,Blue,No,nd1C00033,nd1T00014,nd1E00074,nd1N00006,"nd1I00016\,stdI00002",nd1I00012,Inside,344152,No,,No,No,No,Male,1988,White,
267542,nd5R18643,05708d198,2/3/09 0:00,nd1S05708,Right,Blue,No,nd1C00033,nd1T00014,nd1E00054,nd1N00020,nd1I00013,nd1I00013,Inside,346602,No,,No,No,No,Male,1988,White,
312376,,,2/17/09 0:00,nd1S05708,Right,Blue,No,,nd1T00014,nd1E00074,nd1N00006,"nd1I00016\,stdI00002",nd1I00012,Inside,396783,No,,No,No,No,Male,1988,White,
312379,nd5R34716,05708d236,2/17/09 0:00,nd1S05708,Right,Blue,No,nd1C00033,nd1T00014,nd1E00074,nd1N00006,"nd1I00016\,stdI00002",nd1I00012,Inside,396786,No,,No,No,No,Male,1988,White,
312381,nd5R34714,05708d234,2/17/09 0:00,nd1S05708,Right,Blue,No,nd1C00033,nd1T00014,nd1E00074,nd1N00006,"nd1I00015\,stdI00002",nd1I00012,Inside,396788,No,,No,No,No,Male,1988,White,
312385,,,2/17/09 0:00,nd1S05708,Right,Blue,No,,nd1T00014,nd1E00074,nd1N00006,"nd1I00016\,stdI00002",nd1I00012,Inside,396792,No,,No,No,No,Male,1988,White,
336771,nd5R07510,05708d150,3/26/09 0:00,nd1S05708,Right,Blue,No,nd1C00033,nd1T00014,nd1E00074,nd1N00006,"nd1I00016\,stdI00002",nd1I00012,Inside,437783,No,,No,No,No,Male,1988,White,
369572,,,12/2/09 0:00,nd1S05708,Right,Blue,No,,nd1T00002,nd1E00075,nd1N00006,"nd1I00015\,stdI00002",nd1I00004,Inside,521354,No,,No,No,No,Male,1988,White,contacts-NoContacts
377847,nd6R19780,05708d354,11/5/09 0:00,nd1S05708,Right,Blue,No,nd1C00041,nd1T00002,nd1E00075,nd1N00006,"nd1I00017\,stdI00002",nd1I00004,Inside,531463,No,,No,No,No,Male,1988,White,
393002,nd6R49840,05708d474,2/10/10 14:43,nd1S05708,Right,Blue,No,nd1C00042,nd1T00002,nd1E00075,nd1N00006,"nd1I00015\,stdI00002",nd1I00013,Inside,558212,No,,No,No,No,Male,1988,White,
418951,,,4/15/10 16:02,nd1S05708,Right,Blue,No,,nd1T00002,nd1E00077,nd1N00006,"nd1I00016\,stdI00002",,Inside,608453,No,,No,No,No,Male,1988,White,off-axis
426903,nd6R84979,05708d539,4/29/10 16:10,nd1S05708,Right,Blue,No,nd1C00042,nd1T00002,nd1E00077,nd1N00006,"nd1I00015\,stdI00002",,Inside,616405,No,,No,No,No,Male,1988,White,
426905,nd6R84981,05708d541,4/29/10 16:10,nd1S05708,Right,Blue,No,nd1C00042,nd1T00002,nd1E00077,nd1N00006,"nd1I00017\,stdI00002",,Inside,616407,No,,No,No,No,Male,1988,White,
448701,nd7R32447,05708d644,10/28/10 16:56,nd1S05708,Right,Blue,No,nd1C00055,nd1T00040,nd1E00085,nd1N00049,"nd1I00023\,stdI00002",,Inside,677157,No,,No,No,No,Male,1988,White,
455591,nd1R648857,05708d707,12/1/10 16:53,nd1S05708,Right,Blue,No,nd1C00055,nd1T00050,nd1E00090,nd1N00048,"nd1I00022\,stdI00002",,Inside,696428,No,,No,No,No,Male,1988,White,
455601,nd1R648867,05708d717,12/1/10 16:53,nd1S05708,Right,Blue,No,nd1C00055,nd1T00049,nd1E00090,nd1N00049,"nd1I00023\,stdI00002",,Inside,696438,No,,No,No,No,Male,1988,White,
473032,nd1R679913,05708d762,2/10/11 16:16,nd1S05708,Right,Blue,No,nd1C00062,nd1T00053,nd1E00093,nd1N00059,"nd1I00026\,stdI00002",,Inside,726510,No,,No,No,No,Male,1988,White,
476871,nd1R684369,05708d782,2/10/11 16:16,nd1S05708,Right,Blue,No,nd1C00062,nd1T00049,nd1E00093,nd1N00049,"nd1I00023\,stdI00002",,Inside,730349,No,,No,No,No,Male,1988,White,
480066,nd1R686994,05708d791,2/10/11 16:16,nd1S05708,Right,Blue,No,nd1C00062,nd1T00051,nd1E00093,nd1N00020,"nd1I00027\,stdI00002",,Inside,733544,No,,No,No,No,Male,1988,White,
500307,nd1R792159,05708d919,3/9/11 16:20,nd1S05708,Right,Blue,No,nd1C00062,nd1T00053,nd1E00093,nd1N00059,"nd1I00026\,stdI00002",,Inside,792589,No,,No,No,No,Male,1988,White,
503195,nd1R795047,05708d930,3/9/11 16:20,nd1S05708,Right,Blue,No,nd1C00062,nd1T00049,nd1E00093,nd1N00049,"nd1I00023\,stdI00002",,Inside,795477,No,,No,No,No,Male,1988,White,
503746,nd1R795597,05708d935,3/9/11 16:20,nd1S05708,Right,Blue,No,nd1C00062,nd1T00050,nd1E00093,nd1N00048,"nd1I00022\,stdI00002",,Inside,796028,No,,No,No,No,Male,1988,White,
508354,nd1R799245,05708d943,3/9/11 16:20,nd1S05708,Right,Blue,No,nd1C00062,nd1T00051,nd1E00093,nd1N00020,"nd1I00027\,stdI00002",,Inside,800636,No,,No,No,No,Male,1988,White,
557496,nd1R859699,05708d1005,4/27/11 15:07,nd1S05708,Right,Blue,No,nd1C00062,nd1T00054,nd1E00101,nd1N00059,"nd1I00026\,stdI00002",,Inside,903081,No,,No,No,No,Male,1988,White,
559698,nd1R861900,05708d1034,4/27/11 15:07,nd1S05708,Right,Blue,No,nd1C00062,nd1T00050,nd1E00101,nd1N00048,"nd1I00022\,stdI00002",,Inside,905283,No,,No,No,No,Male,1988,White,
582845,nd1R891566,05708d1089,9/15/11 15:17,nd1S05708,Right,Blue,No,nd1C00068,nd1T00054,nd1E00107,nd1N00073,"nd1I00036\,stdI00002",,Inside,947747,No,,No,No,No,Male,1988,White,
592667,nd1R911068,05708d1151,9/29/11 15:06,nd1S05708,Right,Blue,No,nd1C00068,nd1T00054,nd1E00107,nd1N00073,"nd1I00036\,stdI00002",,Inside,970918,No,,No,No,No,Male,1988,White,
593523,nd1R911631,05708d1163,9/29/11 15:06,nd1S05708,Right,Blue,No,nd1C00068,nd1T00049,nd1E00107,nd1N00077,"nd1I00023\,stdI00002",,Inside,971774,No,,No,No,No,Male,1988,White,
595427,nd1R912921,05708d1181,9/29/11 15:06,nd1S05708,Right,Blue,No,nd1C00068,nd1T00051,nd1E00107,nd1N00074,"nd1I00027\,stdI00002",,Inside,973678,No,,No,No,No,Male,1988,White,
214273,nd4R54102,05713d5,10/30/08 0:00,nd1S05713,Left,Brown,No,nd1C00023,nd1T00014,nd1E00054,nd1N00020,nd1I00013,nd1I00013,Inside,275123,No,,No,No,No,Male,1990,White,
217420,nd4R57233,05713d7,10/30/08 0:00,nd1S05713,Left,Brown,No,nd1C00023,nd1T00014,nd1E00074,nd1N00006,"nd1I00016\,stdI00002",nd1I00012,Inside,278270,No,,No,No,No,Male,1990,White,
217421,nd4R57234,05713d8,10/30/08 0:00,nd1S05713,Left,Brown,No,nd1C00023,nd1T00014,nd1E00074,nd1N00006,"nd1I00017\,stdI00002",nd1I00012,Inside,278271,No,,No,No,No,Male,1990,White,
217424,nd4R57237,05713d11,10/30/08 0:00,nd1S05713,Left,Brown,No,nd1C00023,nd1T00014,nd1E00074,nd1N00006,"nd1I00017\,stdI00002",nd1I00012,Inside,278274,No,,No,No,No,Male,1990,White,
217425,nd4R57238,05713d12,10/30/08 0:00,nd1S05713,Left,Brown,No,nd1C00023,nd1T00014,nd1E00074,nd1N00006,"nd1I00015\,stdI00002",nd1I00012,Inside,278275,No,,No,No,No,Male,1990,White,
217426,nd4R57239,05713d13,10/30/08 0:00,nd1S05713,Left,Brown,No,nd1C00023,nd1T00014,nd1E00074,nd1N00006,"nd1I00016\,stdI00002",nd1I00012,Inside,278276,No,,No,No,No,Male,1990,White,
217427,nd4R57240,05713d14,10/30/08 0:00,nd1S05713,Left,Brown,No,nd1C00023,nd1T00014,nd1E00074,nd1N00006,"nd1I00017\,stdI00002",nd1I00012,Inside,278277,No,,No,No,No,Male,1990,White,
217429,nd4R57242,05713d16,10/30/08 0:00,nd1S05713,Left,Brown,No,nd1C00023,nd1T00014,nd1E00074,nd1N00006,"nd1I00016\,stdI00002",nd1I00012,Inside,278279,No,,No,No,No,Male,1990,White,
217430,nd4R57243,05713d17,10/30/08 0:00,nd1S05713,Left,Brown,No,nd1C00023,nd1T00014,nd1E00074,nd1N00006,"nd1I00017\,stdI00002",nd1I00012,Inside,278280,No,,No,No,No,Male,1990,White,
217431,nd4R57244,05713d18,10/30/08 0:00,nd1S05713,Left,Brown,No,nd1C00023,nd1T00014,nd1E00074,nd1N00006,"nd1I00015\,stdI00002",nd1I00012,Inside,278281,No,,No,No,No,Male,1990,White,
221554,nd4R61298,05713d36,11/12/08 0:00,nd1S05713,Left,Brown,No,nd1C00023,nd1T00014,nd1E00074,nd1N00006,"nd1I00016\,stdI00002",nd1I00012,Inside,282404,No,,No,No,No,Male,1990,White,
221558,nd4R61302,05713d40,11/12/08 0:00,nd1S05713,Left,Brown,No,nd1C00023,nd1T00014,nd1E00074,nd1N00006,"nd1I00017\,stdI00002",nd1I00012,Inside,282408,No,,No,No,No,Male,1990,White,
221564,nd4R61308,05713d46,11/12/08 0:00,nd1S05713,Left,Brown,No,nd1C00023,nd1T00014,nd1E00074,nd1N00006,"nd1I00017\,stdI00002",nd1I00012,Inside,282414,No,,No,No,No,Male,1990,White,
225402,nd4R65077,05713d66,12/3/08 0:00,nd1S05713,Left,Brown,No,nd1C00023,nd1T00014,nd1E00074,nd1N00006,"nd1I00016\,stdI00002",nd1I00012,Inside,286252,No,,No,No,No,Male,1990,White,
225404,nd4R65079,05713d68,12/3/08 0:00,nd1S05713,Left,Brown,No,nd1C00023,nd1T00014,nd1E00074,nd1N00006,"nd1I00015\,stdI00002",nd1I00012,Inside,286254,No,,No,No,No,Male,1990,White,
225407,nd4R65082,05713d71,12/3/08 0:00,nd1S05713,Left,Brown,No,nd1C00023,nd1T00014,nd1E00074,nd1N00006,"nd1I00015\,stdI00002",nd1I00012,Inside,286257,No,,No,No,No,Male,1990,White,
236666,nd5R04763,05713d146,1/22/09 0:00,nd1S05713,Left,Brown,No,nd1C00033,nd1T00014,nd1E00074,nd1N00006,"nd1I00016\,stdI00002",nd1I00012,Inside,313421,No,,No,No,No,Male,1990,White,
236667,nd5R04764,05713d147,1/22/09 0:00,nd1S05713,Left,Brown,No,nd1C00033,nd1T00014,nd1E00074,nd1N00006,"nd1I00017\,stdI00002",nd1I00012,Inside,313422,No,,No,No,No,Male,1990,White,
236668,nd5R04765,05713d148,1/22/09 0:00,nd1S05713,Left,Brown,No,nd1C00033,nd1T00014,nd1E00074,nd1N00006,"nd1I00015\,stdI00002",nd1I00012,Inside,313423,No,,No,No,No,Male,1990,White,
236669,nd5R04766,05713d149,1/22/09 0:00,nd1S05713,Left,Brown,No,nd1C00033,nd1T00014,nd1E00074,nd1N00006,"nd1I00016\,stdI00002",nd1I00012,Inside,313424,No,,No,No,No,Male,1990,White,
236670,nd5R04767,05713d150,1/22/09 0:00,nd1S05713,Left,Brown,No,nd1C00033,nd1T00014,nd1E00074,nd1N00006,"nd1I00017\,stdI00002",nd1I00012,Inside,313425,No,,No,No,No,Male,1990,White,
238103,nd5R06198,05713d172,1/22/09 0:00,nd1S05713,Left,Brown,No,nd1C00033,nd1T00014,nd1E00054,nd1N00020,nd1I00013,nd1I00013,Inside,314858,No,,No,No,No,Male,1990,White,
313317,nd5R33784,05713d202,2/17/09 0:00,nd1S05713,Left,Brown,No,nd1C00033,nd1T00014,nd1E00074,nd1N00006,"nd1I00015\,stdI00002",nd1I00012,Inside,397724,No,,No,No,No,Male,1990,White,
313318,,,2/17/09 0:00,nd1S05713,Left,Brown,No,,nd1T00014,nd1E00074,nd1N00006,"nd1I00016\,stdI00002",nd1I00012,Inside,397725,No,,No,No,No,Male,1990,White,
313325,nd5R33777,05713d195,2/17/09 0:00,nd1S05713,Left,Brown,No,nd1C00033,nd1T00014,nd1E00074,nd1N00006,"nd1I00017\,stdI00002",nd1I00012,Inside,397732,No,,No,No,No,Male,1990,White,
370198,nd6R35538,05713d245,12/3/09 0:00,nd1S05713,Left,Brown,No,nd1C00041,nd1T00002,nd1E00075,nd1N00006,"nd1I00017\,stdI00002",nd1I00004,Inside,521980,No,,No,No,No,Male,1990,White,contacts-NoContacts
370199,nd6R35539,05713d246,12/3/09 0:00,nd1S05713,Left,Brown,No,nd1C00041,nd1T00002,nd1E00075,nd1N00006,"nd1I00015\,stdI00002",nd1I00004,Inside,521981,No,,No,No,No,Male,1990,White,contacts-NoContacts
396258,nd6R52972,05713d338,2/23/10 13:50,nd1S05713,Left,Brown,No,nd1C00042,nd1T00016,nd1E00077,nd1N00020,"nd1I00004\,stdI00002",,Inside,578832,No,,No,No,No,Male,1990,White,
398074,nd6R54783,05713d340,2/23/10 13:50,nd1S05713,Left,Brown,No,nd1C00042,nd1T00002,nd1E00077,nd1N00006,"nd1I00016\,stdI00002",,Inside,580648,No,,No,No,No,Male,1990,White,
398075,nd6R54784,05713d341,2/23/10 13:50,nd1S05713,Left,Brown,No,nd1C00042,nd1T00002,nd1E00077,nd1N00006,"nd1I00017\,stdI00002",,Inside,580649,No,,No,No,No,Male,1990,White,
398079,nd6R54788,05713d345,2/23/10 13:50,nd1S05713,Left,Brown,No,nd1C00042,nd1T00002,nd1E00077,nd1N00006,"nd1I00015\,stdI00002",,Inside,580653,No,,No,No,No,Male,1990,White,
398080,nd6R54789,05713d346,2/23/10 13:50,nd1S05713,Left,Brown,No,nd1C00042,nd1T00002,nd1E00077,nd1N00006,"nd1I00016\,stdI00002",,Inside,580654,No,,No,No,No,Male,1990,White,
398083,nd6R54792,05713d349,2/23/10 13:50,nd1S05713,Left,Brown,No,nd1C00042,nd1T00002,nd1E00077,nd1N00006,"nd1I00016\,stdI00002",,Inside,580657,No,,No,No,No,Male,1990,White,
398084,nd6R54793,05713d350,2/23/10 13:50,nd1S05713,Left,Brown,No,nd1C00042,nd1T00002,nd1E00077,nd1N00006,"nd1I00017\,stdI00002",,Inside,580658,No,,No,No,No,Male,1990,White,
398085,nd6R54794,05713d351,2/23/10 13:50,nd1S05713,Left,Brown,No,nd1C00042,nd1T00002,nd1E00077,nd1N00006,"nd1I00015\,stdI00002",,Inside,580659,No,,No,No,No,Male,1990,White,
404241,nd6R60897,05713d368,3/17/10 15:57,nd1S05713,Left,Brown,No,nd1C00042,nd1T00016,nd1E00077,nd1N00020,"nd1I00004\,stdI00002",,Inside,586815,No,,No,No,No,Male,1990,White,
408635,nd6R65245,05713d370,3/17/10 15:57,nd1S05713,Left,Brown,No,nd1C00042,nd1T00002,nd1E00077,nd1N00006,"nd1I00016\,stdI00002",,Inside,591209,No,,No,No,No,Male,1990,White,
408637,nd6R65247,05713d372,3/17/10 15:57,nd1S05713,Left,Brown,No,nd1C00042,nd1T00002,nd1E00077,nd1N00006,"nd1I00015\,stdI00002",,Inside,591211,No,,No,No,No,Male,1990,White,off-axis
408638,nd6R65248,05713d373,3/17/10 15:57,nd1S05713,Left,Brown,No,nd1C00042,nd1T00002,nd1E00077,nd1N00006,"nd1I00016\,stdI00002",,Inside,591212,No,,No,No,No,Male,1990,White,
408639,nd6R65249,05713d374,3/17/10 15:57,nd1S05713,Left,Brown,No,nd1C00042,nd1T00002,nd1E00077,nd1N00006,"nd1I00017\,stdI00002",,Inside,591213,No,,No,No,No,Male,1990,White,
408640,nd6R65250,05713d375,3/17/10 15:57,nd1S05713,Left,Brown,No,nd1C00042,nd1T00002,nd1E00077,nd1N00006,"nd1I00015\,stdI00002",,Inside,591214,No,,No,No,No,Male,1990,White,
413983,,,4/13/10 14:02,nd1S05713,Left,Brown,No,,nd1T00002,nd1E00077,nd1N00006,"nd1I00016\,stdI00002",,Inside,603485,No,,No,No,No,Male,1990,White,off-axis
413984,nd6R70308,05713d408,4/13/10 14:02,nd1S05713,Left,Brown,No,nd1C00042,nd1T00002,nd1E00077,nd1N00006,"nd1I00017\,stdI00002",,Inside,603486,No,,No,No,No,Male,1990,White,
413985,nd6R70309,05713d409,4/13/10 14:02,nd1S05713,Left,Brown,No,nd1C00042,nd1T00002,nd1E00077,nd1N00006,"nd1I00015\,stdI00002",,Inside,603487,No,,No,No,No,Male,1990,White,
459587,,,11/30/10 13:56,nd1S05713,Left,Brown,No,,nd1T00052,nd1E00090,lg4000diff25,"nd1I00024\,stdI00002",,Inside,700982,No,,No,No,No,Male,1990,White,
459591,nd1R658384,05713d603,11/30/10 13:56,nd1S05713,Left,Brown,No,nd1C00059,nd1T00052,nd1E00090,lg4000diff25,"nd1I00024\,stdI00002",,Inside,700986,No,,No,No,No,Male,1990,White,
471284,nd1R678315,05713d606,2/9/11 15:07,nd1S05713,Left,Brown,No,nd1C00062,nd1T00054,nd1E00093,nd1N00059,"nd1I00026\,stdI00002",,Inside,724762,No,,No,No,No,Male,1990,White,
475429,nd1R683567,05713d628,2/9/11 15:07,nd1S05713,Left,Brown,No,nd1C00062,nd1T00049,nd1E00093,nd1N00049,"nd1I00023\,stdI00002",,Inside,728907,No,,No,No,No,Male,1990,White,
479206,nd1R686136,05713d641,2/9/11 15:07,nd1S05713,Left,Brown,No,nd1C00062,nd1T00051,nd1E00093,nd1N00020,"nd1I00028\,stdI00002",,Inside,732684,No,,No,No,No,Male,1990,White,
502903,nd1R794755,05713d856,3/9/11 14:52,nd1S05713,Left,Brown,No,nd1C00062,nd1T00049,nd1E00093,nd1N00049,"nd1I00023\,stdI00002",,Inside,795185,No,,No,No,No,Male,1990,White,
611314,nd1R946636,05713d1379,10/26/11 14:56,nd1S05713,Right,Brown,No,nd1C00068,nd1T00054,nd1E00107,nd1N00073,"nd1I00036\,stdI00002",,Inside,1014116,No,,No,No,No,Male,1990,White,
612396,nd1R981292,05713d1465,10/26/11 14:56,nd1S05713,Right,Brown,No,nd1C00068,nd1T00049,nd1E00107,nd1N00077,"nd1I00023\,stdI00002",,Inside,1015198,No,,No,No,No,Male,1990,White,
670426,nd1R1071445,05713d1559,3/28/12 13:18,nd1S05713,Right,Brown,No,nd1C00072,nd1T00051,nd1E00107,nd1N00074,"nd1I00027\,stdI00002",,Inside,1131718,No,,No,No,No,Male,1990,White,
217437,,,10/30/08 0:00,nd1S05713,Right,Brown,No,,nd1T00014,nd1E00074,nd1N00006,"nd1I00015\,stdI00002",nd1I00012,Inside,278287,No,,No,No,No,Male,1990,White,
217438,nd4R57250,05713d24,10/30/08 0:00,nd1S05713,Right,Brown,No,nd1C00023,nd1T00014,nd1E00074,nd1N00006,"nd1I00016\,stdI00002",nd1I00012,Inside,278288,No,,No,No,No,Male,1990,White,
225417,,,12/3/08 0:00,nd1S05713,Right,Brown,No,,nd1T00014,nd1E00074,nd1N00006,"nd1I00016\,stdI00002",nd1I00012,Inside,286267,No,,No,No,No,Male,1990,White,
225422,,,12/3/08 0:00,nd1S05713,Right,Brown,No,,nd1T00014,nd1E00074,nd1N00006,"nd1I00015\,stdI00002",nd1I00012,Inside,286272,No,,No,No,No,Male,1990,White,
236678,nd5R04775,05713d158,1/22/09 0:00,nd1S05713,Right,Brown,No,nd1C00033,nd1T00014,nd1E00074,nd1N00006,"nd1I00016\,stdI00002",nd1I00012,Inside,313433,No,,No,No,No,Male,1990,White,
236687,nd5R04784,05713d167,1/22/09 0:00,nd1S05713,Right,Brown,No,nd1C00033,nd1T00014,nd1E00074,nd1N00006,"nd1I00016\,stdI00002",nd1I00012,Inside,313442,No,,No,No,No,Male,1990,White,
313333,nd5R33769,05713d187,2/17/09 0:00,nd1S05713,Right,Brown,No,nd1C00033,nd1T00014,nd1E00074,nd1N00006,"nd1I00016\,stdI00002",nd1I00012,Inside,397740,No,,No,No,No,Male,1990,White,
313334,nd5R33768,05713d186,2/17/09 0:00,nd1S05713,Right,Brown,No,nd1C00033,nd1T00014,nd1E00074,nd1N00006,"nd1I00017\,stdI00002",nd1I00012,Inside,397741,No,,No,No,No,Male,1990,White,
314800,nd5R32309,05713d176,2/17/09 0:00,nd1S05713,Right,Brown,No,nd1C00033,nd1T00014,nd1E00054,nd1N00020,nd1I00013,nd1I00013,Inside,399207,No,,No,No,No,Male,1990,White,
370218,nd6R35558,05713d265,12/3/09 0:00,nd1S05713,Right,Brown,No,nd1C00041,nd1T00002,nd1E00075,nd1N00006,"nd1I00016\,stdI00002",nd1I00004,Inside,522000,No,,No,No,No,Male,1990,White,contacts-NoContacts
372506,nd6R37831,05713d273,12/3/09 0:00,nd1S05713,Right,Brown,No,nd1C00041,nd1T00016,nd1E00075,nd1N00020,nd1I00013,nd1I00013,Inside,524288,No,,No,No,No,Male,1990,White,contacts-NoContacts
382657,nd6R40354,05713d294,1/26/10 13:48,nd1S05713,Right,Brown,No,nd1C00042,nd1T00002,nd1E00075,nd1N00006,"nd1I00015\,stdI00002",nd1I00013,Inside,538317,No,,No,No,No,Male,1990,White,
382666,nd6R40363,05713d303,1/26/10 13:48,nd1S05713,Right,Brown,No,nd1C00042,nd1T00002,nd1E00075,nd1N00006,"nd1I00015\,stdI00002",nd1I00013,Inside,538326,No,,No,No,No,Male,1990,White,
390802,nd6R47663,05713d323,2/9/10 14:05,nd1S05713,Right,Brown,No,nd1C00042,nd1T00002,nd1E00075,nd1N00006,"nd1I00017\,stdI00002",nd1I00013,Inside,556012,No,,No,No,No,Male,1990,White,
390809,nd6R47670,05713d330,2/9/10 14:05,nd1S05713,Right,Brown,No,nd1C00042,nd1T00002,nd1E00075,nd1N00006,"nd1I00015\,stdI00002",nd1I00013,Inside,556019,No,,No,No,No,Male,1990,White,
398092,nd6R54801,05713d358,2/23/10 13:50,nd1S05713,Right,Brown,No,nd1C00042,nd1T00002,nd1E00077,nd1N00006,"nd1I00016\,stdI00002",,Inside,580666,No,,No,No,No,Male,1990,White,
408647,nd6R65257,05713d382,3/17/10 15:57,nd1S05713,Right,Brown,No,nd1C00042,nd1T00002,nd1E00077,nd1N00006,"nd1I00016\,stdI00002",,Inside,591221,No,,No,No,No,Male,1990,White,
408649,,,3/17/10 15:57,nd1S05713,Right,Brown,No,,nd1T00002,nd1E00077,nd1N00006,"nd1I00015\,stdI00002",,Inside,591223,No,,No,No,No,Male,1990,White,
452998,nd1R646283,05713d576,11/30/10 13:56,nd1S05713,Right,Brown,No,nd1C00055,nd1T00049,nd1E00090,nd1N00049,"nd1I00023\,stdI00002",,Inside,693835,No,,No,No,No,Male,1990,White,
459588,,,11/30/10 13:56,nd1S05713,Right,Brown,No,,nd1T00052,nd1E00090,lg4000diff25,"nd1I00024\,stdI00002",,Inside,700983,No,,No,No,No,Male,1990,White,
471290,nd1R678321,05713d612,2/9/11 15:07,nd1S05713,Right,Brown,No,nd1C00062,nd1T00054,nd1E00093,nd1N00059,"nd1I00026\,stdI00002",,Inside,724768,No,,No,No,No,Male,1990,White,
499648,nd1R791503,05713d838,3/9/11 14:52,nd1S05713,Right,Brown,No,nd1C00062,nd1T00054,nd1E00093,nd1N00059,"nd1I00026\,stdI00002",,Inside,791872,No,,No,No,No,Male,1990,White,
499662,nd1R791517,05713d852,3/9/11 14:52,nd1S05713,Right,Brown,No,nd1C00062,nd1T00053,nd1E00093,nd1N00059,"nd1I00026\,stdI00002",,Inside,791900,No,,No,No,No,Male,1990,White,
516639,nd1R806616,05713d884,3/24/11 12:42,nd1S05713,Right,Brown,No,nd1C00062,nd1T00049,nd1E00093,nd1N00049,"nd1I00023\,stdI00002",,Inside,824222,No,,No,No,No,Male,1990,White,
522143,nd1R811403,05713d916,3/24/11 12:42,nd1S05713,Right,Brown,No,nd1C00062,nd1T00053,nd1E00093,nd1N00059,"nd1I00026\,stdI00002",,Inside,829726,No,,No,No,No,Male,1990,White,
522985,nd1R832260,05713d965,3/24/11 12:42,nd1S05713,Right,Brown,No,nd1C00059,nd1T00051,nd1E00093,lg4000diff20,"nd1I00027\,stdI00002",,Inside,830568,No,,No,No,No,Male,1990,White,
541752,nd1R833574,05713d973,4/12/11 14:29,nd1S05713,Right,Brown,No,nd1C00059,nd1T00051,nd1E00101,lg4000diff20,"nd1I00027\,stdI00002",,Inside,865936,No,,No,No,No,Male,1990,White,
557337,nd1R859540,05713d1030,4/27/11 14:53,nd1S05713,Right,Brown,No,nd1C00062,nd1T00054,nd1E00101,nd1N00059,"nd1I00026\,stdI00002",,Inside,902922,No,,No,No,No,Male,1990,White,
572042,nd1R882288,05713d1127,9/13/11 15:43,nd1S05713,Right,Brown,No,nd1C00068,nd1T00050,nd1E00107,nd1N00048,"nd1I00022\,stdI00002",,Inside,936944,No,,No,No,No,Male,1990,White,
577498,nd1R886562,05713d1166,9/13/11 15:43,nd1S05713,Right,Brown,No,nd1C00068,nd1T00053,nd1E00107,nd1N00073,"nd1I00036\,stdI00002",,Inside,942400,No,,No,No,No,Male,1990,White,
602334,nd1R941603,05713d1374,10/12/11 14:55,nd1S05713,Right,Brown,No,nd1C00068,nd1T00051,nd1E00107,nd1N00074,"nd1I00027\,stdI00002",,Inside,993669,No,,No,No,No,Male,1990,White,
214281,nd4R54110,05714d1,10/30/08 0:00,nd1S05714,Left,Blue,No,nd1C00023,nd1T00014,nd1E00054,nd1N00020,nd1I00013,nd1I00013,Inside,275131,No,,No,No,No,Male,1989,White,
217478,nd4R57290,05714d17,10/30/08 0:00,nd1S05714,Left,Blue,No,nd1C00023,nd1T00014,nd1E00074,nd1N00006,"nd1I00017\,stdI00002",nd1I00012,Inside,278328,No,,No,No,No,Male,1989,White,
220936,nd4R60696,05714d31,11/11/08 0:00,nd1S05714,Left,Blue,No,nd1C00023,nd1T00014,nd1E00074,nd1N00006,"nd1I00016\,stdI00002",nd1I00012,Inside,281786,No,,No,No,No,Male,1989,White,
220937,nd4R60697,05714d32,11/11/08 0:00,nd1S05714,Left,Blue,No,nd1C00023,nd1T00014,nd1E00074,nd1N00006,"nd1I00017\,stdI00002",nd1I00012,Inside,281787,No,,No,No,No,Male,1989,White,
231631,nd4R98566,05714d159,12/2/08 0:00,nd1S05714,Left,Blue,No,nd1C00028,nd1T00014,nd1E00074,nd1N00006,"nd1I00015\,stdI00002",nd1I00004,Inside,305090,No,,No,No,No,Male,1989,White,
235709,,,1/22/09 0:00,nd1S05714,Left,Blue,No,,nd1T00014,nd1E00074,nd1N00006,"nd1I00016\,stdI00002",nd1I00012,Inside,312464,No,,No,No,No,Male,1989,White,
235711,nd5R03816,05714d191,1/22/09 0:00,nd1S05714,Left,Blue,No,nd1C00033,nd1T00014,nd1E00074,nd1N00006,"nd1I00015\,stdI00002",nd1I00012,Inside,312466,No,,No,No,No,Male,1989,White,
264775,nd5R16256,05714d259,2/3/09 0:00,nd1S05714,Left,Blue,No,nd1C00033,nd1T00014,nd1E00074,nd1N00006,"nd1I00017\,stdI00002",nd1I00012,Inside,343835,No,,No,No,No,Male,1989,White,
312748,,,2/17/09 0:00,nd1S05714,Left,Blue,No,,nd1T00014,nd1E00074,nd1N00006,"nd1I00016\,stdI00002",nd1I00012,Inside,397155,No,,No,No,No,Male,1989,White,
324765,nd5R22384,05714d308,3/4/09 0:00,nd1S05714,Left,Blue,No,nd1C00033,nd1T00014,nd1E00074,nd1N00006,"nd1I00016\,stdI00002",nd1I00012,Inside,416319,No,,No,No,No,Male,1989,White,
324769,nd5R22380,05714d304,3/4/09 0:00,nd1S05714,Left,Blue,No,nd1C00033,nd1T00014,nd1E00074,nd1N00006,"nd1I00017\,stdI00002",nd1I00012,Inside,416323,No,,No,No,No,Male,1989,White,
324770,nd5R22379,05714d303,3/4/09 0:00,nd1S05714,Left,Blue,No,nd1C00033,nd1T00014,nd1E00074,nd1N00006,"nd1I00015\,stdI00002",nd1I00012,Inside,416324,No,,No,No,No,Male,1989,White,
330120,nd5R14134,05714d244,3/24/09 0:00,nd1S05714,Left,Blue,No,nd1C00033,nd1T00014,nd1E00074,nd1N00006,"nd1I00017\,stdI00002",nd1I00012,Inside,427945,No,,No,No,No,Male,1989,White,
339724,nd5R42442,05714d342,4/21/09 0:00,nd1S05714,Left,Blue,No,nd1C00033,nd1T00014,nd1E00074,nd1N00006,"nd1I00017\,stdI00002",nd1I00012,Inside,442889,No,,No,No,No,Male,1989,White,
340624,nd5R43341,05714d366,4/21/09 0:00,nd1S05714,Left,Blue,No,nd1C00033,nd1T00014,nd1E00054,nd1N00020,nd1I00013,nd1I00013,Inside,443789,No,,No,No,No,Male,1989,White,
392621,nd6R49459,05714d470,2/10/10 13:54,nd1S05714,Left,Blue,No,nd1C00042,nd1T00002,nd1E00075,nd1N00006,"nd1I00015\,stdI00002",nd1I00013,Inside,557831,No,,No,No,No,Male,1989,White,
396392,nd6R53106,05714d486,2/23/10 14:52,nd1S05714,Left,Blue,No,nd1C00042,nd1T00016,nd1E00077,nd1N00020,"nd1I00004\,stdI00002",,Inside,578966,No,,No,No,No,Male,1989,White,
417801,nd6R74084,05714d554,4/15/10 14:00,nd1S05714,Left,Blue,No,nd1C00042,nd1T00002,nd1E00077,nd1N00006,"nd1I00015\,stdI00002",,Inside,607303,No,,No,No,No,Male,1989,White,
417807,nd6R74090,05714d560,4/15/10 14:00,nd1S05714,Left,Blue,No,nd1C00042,nd1T00002,nd1E00077,nd1N00006,"nd1I00015\,stdI00002",,Inside,607309,No,,No,No,No,Male,1989,White,
417808,nd6R74091,05714d561,4/15/10 14:00,nd1S05714,Left,Blue,No,nd1C00042,nd1T00002,nd1E00077,nd1N00006,"nd1I00016\,stdI00002",,Inside,607310,No,,No,No,No,Male,1989,White,
455869,nd1R649135,05714d825,12/2/10 12:20,nd1S05714,Left,Blue,No,nd1C00055,nd1T00050,nd1E00090,nd1N00048,"nd1I00022\,stdI00002",,Inside,696706,No,,No,No,No,Male,1989,White,
455871,nd1R649137,05714d827,12/2/10 12:20,nd1S05714,Left,Blue,No,nd1C00055,nd1T00049,nd1E00090,nd1N00049,"nd1I00023\,stdI00002",,Inside,696708,No,,No,No,No,Male,1989,White,
460479,nd1R657538,05714d862,12/2/10 12:20,nd1S05714,Left,Blue,No,nd1C00059,nd1T00052,nd1E00090,lg4000diff25,"nd1I00024\,stdI00002",,Inside,701874,No,,No,No,No,Male,1989,White,
464644,,,1/26/11 14:54,nd1S05714,Left,Blue,No,,nd1T00054,nd1E00093,nd1N00059,"nd1I00026\,stdI00002",,Inside,707665,No,,No,No,No,Male,1989,White,
464654,,,1/26/11 14:54,nd1S05714,Left,Blue,No,,nd1T00053,nd1E00093,nd1N00059,"nd1I00026\,stdI00002",,Inside,707675,No,,No,No,No,Male,1989,White,
469916,nd1R677172,05714d944,2/9/11 11:45,nd1S05714,Left,Blue,No,nd1C00062,nd1T00053,nd1E00093,nd1N00059,"nd1I00026\,stdI00002",,Inside,723394,No,,No,No,No,Male,1989,White,
499705,nd1R791560,05714d1208,3/9/11 14:55,nd1S05714,Left,Blue,No,nd1C00062,nd1T00054,nd1E00093,nd1N00059,"nd1I00026\,stdI00002",,Inside,791971,No,,No,No,No,Male,1989,White,
499713,nd1R791568,05714d1216,3/9/11 14:55,nd1S05714,Left,Blue,No,nd1C00062,nd1T00053,nd1E00093,nd1N00059,"nd1I00026\,stdI00002",,Inside,791987,No,,No,No,No,Male,1989,White,
544577,nd1R823786,05735d786,4/14/11 13:26,nd1S05735,Left,Hazel,No,nd1C00062,nd1T00054,nd1E00101,nd1N00059,"nd1I00026\,stdI00002",,Inside,868761,No,,No,No,No,Female,1988,Unknown,
544591,nd1R823800,05735d800,4/14/11 13:26,nd1S05735,Left,Hazel,No,nd1C00062,nd1T00053,nd1E00101,nd1N00059,"nd1I00026\,stdI00002",,Inside,868775,No,,No,No,No,Female,1988,Unknown,
546865,nd1R825783,05735d813,4/14/11 13:26,nd1S05735,Left,Hazel,No,nd1C00062,nd1T00051,nd1E00101,nd1N00020,"nd1I00028\,stdI00002",,Inside,871049,No,,No,No,No,Female,1988,Unknown,
547796,nd1R835289,05735d847,4/14/11 13:26,nd1S05735,Left,Hazel,No,nd1C00059,nd1T00051,nd1E00101,lg4000diff20,"nd1I00028\,stdI00002",,Inside,871980,No,,No,No,No,Female,1988,Unknown,
548393,nd1R826318,05735d816,4/14/11 13:26,nd1S05735,Left,Hazel,No,nd1C00062,nd1T00049,nd1E00101,nd1N00049,"nd1I00023\,stdI00002",,Inside,872577,No,,No,No,No,Female,1988,Unknown,
550858,nd1R854147,05735d899,4/26/11 13:21,nd1S05735,Left,Hazel,No,nd1C00062,nd1T00054,nd1E00101,nd1N00059,"nd1I00026\,stdI00002",,Inside,896443,No,,No,No,No,Female,1988,Unknown,
550868,nd1R854157,05735d909,4/26/11 13:21,nd1S05735,Left,Hazel,No,nd1C00062,nd1T00053,nd1E00101,nd1N00059,"nd1I00026\,stdI00002",,Inside,896453,No,,No,No,No,Female,1988,Unknown,
551941,nd1R855228,05735d919,4/26/11 13:21,nd1S05735,Left,Hazel,No,nd1C00062,nd1T00049,nd1E00101,nd1N00049,"nd1I00023\,stdI00002",,Inside,897526,No,,No,No,No,Female,1988,Unknown,
553092,nd1R856379,05735d929,4/26/11 13:21,nd1S05735,Left,Hazel,No,nd1C00062,nd1T00050,nd1E00101,nd1N00048,"nd1I00022\,stdI00002",,Inside,898677,No,,No,No,No,Female,1988,Unknown,
553094,nd1R856381,05735d931,4/26/11 13:21,nd1S05735,Left,Hazel,No,nd1C00062,nd1T00050,nd1E00101,nd1N00048,"nd1I00022\,stdI00002",,Inside,898679,No,,No,No,No,Female,1988,Unknown,
554201,nd1R857484,05735d933,4/26/11 13:21,nd1S05735,Left,Hazel,No,nd1C00062,nd1T00051,nd1E00101,nd1N00020,"nd1I00027\,stdI00002",,Inside,899786,No,,No,No,No,Female,1988,Unknown,
555591,nd1R868377,05735d944,4/26/11 13:21,nd1S05735,Left,Hazel,No,nd1C00059,nd1T00051,nd1E00101,lg4000diff25,"nd1I00027\,stdI00002",,Inside,901176,No,,No,No,No,Female,1988,Unknown,
555595,nd1R868381,05735d948,4/26/11 13:21,nd1S05735,Left,Hazel,No,nd1C00059,nd1T00051,nd1E00101,lg4000diff25,"nd1I00027\,stdI00002",,Inside,901180,No,,No,No,No,Female,1988,Unknown,
219147,nd4R58927,05735d6,11/12/08 0:00,nd1S05735,Right,Hazel,No,nd1C00023,nd1T00014,nd1E00054,nd1N00020,nd1I00013,nd1I00013,Inside,279997,No,,No,No,No,Female,1988,Unknown,
222409,,,11/12/08 0:00,nd1S05735,Right,Hazel,No,,nd1T00014,nd1E00074,nd1N00006,"nd1I00016\,stdI00002",nd1I00012,Inside,283259,No,,No,No,No,Female,1988,Unknown,
222414,nd4R62152,05735d22,11/12/08 0:00,nd1S05735,Right,Hazel,No,nd1C00023,nd1T00014,nd1E00074,nd1N00006,"nd1I00015\,stdI00002",nd1I00012,Inside,283264,No,,No,No,No,Female,1988,Unknown,
228753,nd4R95700,05735d86,12/2/08 0:00,nd1S05735,Right,Hazel,No,nd1C00028,nd1T00014,nd1E00054,nd1N00020,nd1I00004,nd1I00004,Inside,302212,No,,No,No,No,Female,1988,Unknown,
308304,nd5R36782,05735d209,2/4/09 0:00,nd1S05735,Right,Hazel,No,nd1C00033,nd1T00014,nd1E00074,nd1N00006,"nd1I00017\,stdI00002",nd1I00012,Inside,388506,No,,No,No,No,Female,1988,Unknown,
324755,nd5R22394,05735d162,3/4/09 0:00,nd1S05735,Right,Hazel,No,nd1C00033,nd1T00014,nd1E00074,nd1N00006,"nd1I00015\,stdI00002",nd1I00012,Inside,416309,No,,No,No,No,Female,1988,Unknown,
466536,nd1R674011,05735d319,1/27/11 13:30,nd1S05735,Right,Hazel,No,nd1C00062,nd1T00050,nd1E00093,nd1N00048,"nd1I00022\,stdI00002",,Inside,709557,No,,No,No,No,Female,1988,Unknown,
466542,nd1R674017,05735d325,1/27/11 13:30,nd1S05735,Right,Hazel,No,nd1C00062,nd1T00054,nd1E00093,nd1N00059,"nd1I00026\,stdI00002",,Inside,709563,No,,No,No,No,Female,1988,Unknown,
466547,nd1R674022,05735d330,1/27/11 13:30,nd1S05735,Right,Hazel,No,nd1C00062,nd1T00049,nd1E00093,nd1N00049,"nd1I00023\,stdI00002",,Inside,709568,No,,No,No,No,Female,1988,Unknown,
472193,nd1R679161,05735d345,2/10/11 13:19,nd1S05735,Right,Hazel,No,nd1C00062,nd1T00054,nd1E00093,nd1N00059,"nd1I00026\,stdI00002",,Inside,725671,No,,No,No,No,Female,1988,Unknown,
472204,nd1R679172,05735d356,2/10/11 13:19,nd1S05735,Right,Hazel,No,nd1C00062,nd1T00053,nd1E00093,nd1N00059,"nd1I00026\,stdI00002",,Inside,725682,No,,No,No,No,Female,1988,Unknown,
483403,nd1R707509,05735d461,2/22/11 13:27,nd1S05735,Right,Hazel,No,nd1C00062,nd1T00050,nd1E00093,nd1N00048,"nd1I00022\,stdI00002",,Inside,756467,No,,No,No,No,Female,1988,Unknown,
487301,nd1R710158,05735d481,2/22/11 13:27,nd1S05735,Right,Hazel,No,nd1C00062,nd1T00053,nd1E00093,nd1N00059,"nd1I00026\,stdI00002",,Inside,760365,No,,No,No,No,Female,1988,Unknown,
546398,nd1R825368,05735d807,4/14/11 13:26,nd1S05735,Right,Hazel,No,nd1C00062,nd1T00051,nd1E00101,nd1N00020,"nd1I00027\,stdI00002",,Inside,870582,No,,No,No,No,Female,1988,Unknown,
549245,nd1R827074,05735d823,4/14/11 13:26,nd1S05735,Right,Hazel,No,nd1C00062,nd1T00050,nd1E00101,nd1N00048,"nd1I00022\,stdI00002",,Inside,873429,No,,No,No,No,Female,1988,Unknown,
550876,nd1R854165,05735d917,4/26/11 13:21,nd1S05735,Right,Hazel,No,nd1C00062,nd1T00053,nd1E00101,nd1N00059,"nd1I00026\,stdI00002",,Inside,896461,No,,No,No,No,Female,1988,Unknown,
553093,nd1R856380,05735d930,4/26/11 13:21,nd1S05735,Right,Hazel,No,nd1C00062,nd1T00050,nd1E00101,nd1N00048,"nd1I00022\,stdI00002",,Inside,898678,No,,No,No,No,Female,1988,Unknown,
555593,nd1R868379,05735d946,4/26/11 13:21,nd1S05735,Right,Hazel,No,nd1C00059,nd1T00051,nd1E00101,lg4000diff25,"nd1I00028\,stdI00002",,Inside,901178,No,,No,No,No,Female,1988,Unknown,
219330,nd4R59109,05740d1,11/13/08 0:00,nd1S05740,Left,Brown,No,nd1C00023,nd1T00014,nd1E00054,nd1N00020,nd1I00013,nd1I00013,Inside,280180,No,,No,No,No,Male,1990,Black-or-African-American,
223176,nd4R62904,05740d9,11/13/08 0:00,nd1S05740,Left,Brown,No,nd1C00023,nd1T00014,nd1E00074,nd1N00006,"nd1I00015\,stdI00002",nd1I00012,Inside,284026,No,,No,No,No,Male,1990,Black-or-African-American,
227638,nd4R95552,05740d124,12/4/08 0:00,nd1S05740,Left,Brown,No,nd1C00028,nd1T00014,nd1E00074,nd1N00006,"nd1I00017\,stdI00002",nd1I00004,Inside,288488,No,,No,No,No,Male,1990,Black-or-African-American,
227641,nd4R67295,05740d39,12/4/08 0:00,nd1S05740,Left,Brown,No,nd1C00023,nd1T00014,nd1E00074,nd1N00006,"nd1I00017\,stdI00002",nd1I00012,Inside,288491,No,,No,No,No,Male,1990,Black-or-African-American,
230786,nd4R97723,05740d131,12/2/08 0:00,nd1S05740,Left,Brown,No,nd1C00028,nd1T00014,nd1E00074,nd1N00006,"nd1I00016\,stdI00002",nd1I00004,Inside,304245,No,,No,No,No,Male,1990,Black-or-African-American,
237398,nd5R05494,05740d165,1/22/09 0:00,nd1S05740,Left,Brown,No,nd1C00033,nd1T00014,nd1E00074,nd1N00006,"nd1I00016\,stdI00002",nd1I00012,Inside,314153,No,,No,No,No,Male,1990,Black-or-African-American,
237409,nd5R05505,05740d176,1/22/09 0:00,nd1S05740,Left,Brown,No,nd1C00033,nd1T00014,nd1E00074,nd1N00006,"nd1I00015\,stdI00002",nd1I00012,Inside,314164,No,,No,No,No,Male,1990,Black-or-African-American,
238275,nd5R06370,05740d191,1/22/09 0:00,nd1S05740,Left,Brown,No,nd1C00033,nd1T00014,nd1E00054,nd1N00020,nd1I00013,nd1I00013,Inside,315030,No,,No,No,No,Male,1990,Black-or-African-American,
310798,nd5R39271,05740d288,2/5/09 0:00,nd1S05740,Left,Brown,No,nd1C00033,nd1T00014,nd1E00074,nd1N00006,"nd1I00017\,stdI00002",nd1I00012,Inside,392522,No,,No,No,No,Male,1990,Black-or-African-American,
319388,,,2/19/09 0:00,nd1S05740,Left,Brown,No,,nd1T00014,nd1E00074,nd1N00006,"nd1I00017\,stdI00002",nd1I00012,Inside,406891,No,,No,No,No,Male,1990,Black-or-African-American,
319389,nd5R27733,05740d279,2/19/09 0:00,nd1S05740,Left,Brown,No,nd1C00033,nd1T00014,nd1E00074,nd1N00006,"nd1I00015\,stdI00002",nd1I00012,Inside,406892,No,,No,No,No,Male,1990,Black-or-African-American,
319394,nd5R27729,05740d275,2/19/09 0:00,nd1S05740,Left,Brown,No,nd1C00033,nd1T00014,nd1E00074,nd1N00006,"nd1I00017\,stdI00002",nd1I00012,Inside,406897,No,,No,No,No,Male,1990,Black-or-African-American,
329193,nd5R15060,05740d226,3/5/09 0:00,nd1S05740,Left,Brown,No,nd1C00033,nd1T00014,nd1E00054,nd1N00020,nd1I00013,nd1I00013,Inside,422630,No,,No,No,No,Male,1990,Black-or-African-American,
336958,nd5R07324,05740d223,3/26/09 0:00,nd1S05740,Left,Brown,No,nd1C00033,nd1T00014,nd1E00074,nd1N00006,"nd1I00017\,stdI00002",nd1I00012,Inside,437970,No,,No,No,No,Male,1990,Black-or-African-American,
607580,nd1R944841,05742d789,10/25/11 11:46,nd1S05742,Left,Black,No,nd1C00068,nd1T00050,nd1E00107,nd1N00048,"nd1I00022\,stdI00002",,Inside,1010382,Yes,Soft,,Unknown,Unknown,Female,1990,Asian,
620852,nd1R987609,05742d918,11/8/11 11:47,nd1S05742,Left,Black,No,nd1C00068,nd1T00054,nd1E00107,nd1N00073,"nd1I00036\,stdI00002",,Inside,1035266,Yes,Soft,No,Unknown,Unknown,Female,1990,Asian,
621819,nd1R988575,05742d928,11/8/11 11:47,nd1S05742,Left,Black,No,nd1C00068,nd1T00050,nd1E00107,nd1N00048,"nd1I00022\,stdI00002",,Inside,1036233,Yes,Soft,No,Unknown,Unknown,Female,1990,Asian,
659912,nd1R1049363,05742d974,3/7/12 15:05,nd1S05742,Left,Black,No,nd1C00072,nd1T00050,nd1E00107,nd1N00048,"nd1I00022\,stdI00002",,Inside,1109658,Yes,Soft,,Unknown,Unknown,Female,1990,Asian,
665236,nd1R1066282,05742d1038,3/27/12 15:27,nd1S05742,Left,Black,No,nd1C00072,nd1T00049,nd1E00107,nd1N00079,"nd1I00023\,stdI00002",,Inside,1126528,Yes,Soft,No,Unknown,Unknown,Female,1990,Asian,
667900,nd1R1068924,05742d1072,3/27/12 15:27,nd1S05742,Left,Black,No,nd1C00072,nd1T00053,nd1E00107,nd1N00073,"nd1I00036\,stdI00002",,Inside,1129192,Yes,Soft,No,Unknown,Unknown,Female,1990,Asian,
219348,nd4R59127,05742d1,11/13/08 0:00,nd1S05742,Left,Black,No,nd1C00023,nd1T00014,nd1E00054,nd1N00020,nd1I00013,nd1I00013,Inside,280198,Yes,Soft,No,No,No,Female,1990,Asian,"contacts-soft-given\,contacts-given"
223266,nd4R62994,05742d15,11/13/08 0:00,nd1S05742,Left,Black,No,nd1C00023,nd1T00014,nd1E00074,nd1N00006,"nd1I00015\,stdI00002",nd1I00012,Inside,284116,Yes,Soft,No,No,No,Female,1990,Asian,"contacts-soft-given\,contacts-given"
228192,nd4R95623,05742d99,12/4/08 0:00,nd1S05742,Left,Black,No,nd1C00028,nd1T00014,nd1E00074,nd1N00006,"nd1I00016\,stdI00002",nd1I00004,Inside,289042,No,,No,No,No,Female,1990,Asian,
228195,nd4R95626,05742d102,12/4/08 0:00,nd1S05742,Left,Black,No,nd1C00028,nd1T00014,nd1E00074,nd1N00006,"nd1I00016\,stdI00002",nd1I00004,Inside,289045,No,,No,No,No,Female,1990,Asian,
315178,,,2/18/09 0:00,nd1S05742,Left,Black,No,,nd1T00014,nd1E00074,nd1N00006,"nd1I00015\,stdI00002",nd1I00012,Inside,401479,Yes,Soft,No,No,No,Female,1990,Asian,"contacts-soft-given\,contacts-given"
323771,nd5R23366,05742d176,3/4/09 0:00,nd1S05742,Left,Black,No,nd1C00033,nd1T00014,nd1E00074,nd1N00006,"nd1I00017\,stdI00002",nd1I00012,Inside,415325,Yes,Soft,No,No,No,Female,1990,Asian,"contacts-soft-given\,contacts-given"
323772,,,3/4/09 0:00,nd1S05742,Left,Black,No,,nd1T00014,nd1E00074,nd1N00006,"nd1I00015\,stdI00002",nd1I00012,Inside,415326,Yes,Soft,No,No,No,Female,1990,Asian,"contacts-soft-given\,contacts-given"
448054,nd7R31805,05742d292,10/28/10 13:27,nd1S05742,Left,Black,No,nd1C00055,nd1T00039,nd1E00085,nd1N00048,"nd1I00022\,stdI00002",,Inside,676511,Yes,Soft,No,No,No,Female,1990,Asian,"contacts-given\,contacts-soft-given"
448056,nd7R31807,05742d294,10/28/10 13:27,nd1S05742,Left,Black,No,nd1C00055,nd1T00039,nd1E00085,nd1N00048,"nd1I00022\,stdI00002",,Inside,676513,Yes,Soft,No,No,No,Female,1990,Asian,"contacts-given\,contacts-soft-given"
448058,nd7R31809,05742d296,10/28/10 13:27,nd1S05742,Left,Black,No,nd1C00055,nd1T00040,nd1E00085,nd1N00049,"nd1I00023\,stdI00002",,Inside,676515,Yes,Soft,No,No,No,Female,1990,Asian,"contacts-given\,contacts-soft-given"
449725,nd1R637253,05742d332,11/9/10 15:33,nd1S05742,Left,Black,No,nd1C00055,nd1T00039,nd1E00085,nd1N00048,"nd1I00022\,stdI00002",,Inside,682831,Yes,Soft,No,No,No,Female,1990,Asian,"contacts-given\,contacts-soft-given"
453813,nd1R647096,05742d369,11/30/10 15:44,nd1S05742,Left,Black,No,nd1C00055,nd1T00050,nd1E00090,nd1N00048,"nd1I00022\,stdI00002",,Inside,694650,Yes,Soft,No,No,No,Female,1990,Asian,"contacts-given\,contacts-soft-given"
471244,nd1R678287,05742d405,2/9/11 15:04,nd1S05742,Left,Black,No,nd1C00062,nd1T00054,nd1E00093,nd1N00059,"nd1I00026\,stdI00002",,Inside,724722,No,,No,No,No,Female,1990,Asian,
471254,nd1R678297,05742d415,2/9/11 15:04,nd1S05742,Left,Black,No,nd1C00062,nd1T00053,nd1E00093,nd1N00059,"nd1I00026\,stdI00002",,Inside,724732,No,,No,No,No,Female,1990,Asian,
476116,nd1R681260,05742d425,2/9/11 15:04,nd1S05742,Left,Black,No,nd1C00062,nd1T00050,nd1E00093,nd1N00048,"nd1I00022\,stdI00002",,Inside,729594,No,,No,No,No,Female,1990,Asian,
476118,nd1R681262,05742d427,2/9/11 15:04,nd1S05742,Left,Black,No,nd1C00062,nd1T00050,nd1E00093,nd1N00048,"nd1I00022\,stdI00002",,Inside,729596,No,,No,No,No,Female,1990,Asian,
557470,nd1R859673,05742d561,4/27/11 15:05,nd1S05742,Left,Black,No,nd1C00062,nd1T00054,nd1E00101,nd1N00059,"nd1I00026\,stdI00002",,Inside,903055,Yes,Soft,,Unknown,Unknown,Female,1990,Asian,
557484,nd1R859687,05742d575,4/27/11 15:05,nd1S05742,Left,Black,No,nd1C00062,nd1T00053,nd1E00101,nd1N00059,"nd1I00026\,stdI00002",,Inside,903069,Yes,Soft,,Unknown,Unknown,Female,1990,Asian,
558840,nd1R861043,05742d584,4/27/11 15:05,nd1S05742,Left,Black,No,nd1C00062,nd1T00049,nd1E00101,nd1N00049,"nd1I00023\,stdI00002",,Inside,904425,Yes,Soft,,Unknown,Unknown,Female,1990,Asian,
559686,nd1R861888,05742d593,4/27/11 15:05,nd1S05742,Left,Black,No,nd1C00062,nd1T00050,nd1E00101,nd1N00048,"nd1I00022\,stdI00002",,Inside,905271,Yes,Soft,,Unknown,Unknown,Female,1990,Asian,
560385,nd1R862587,05742d599,4/27/11 15:05,nd1S05742,Left,Black,No,nd1C00062,nd1T00051,nd1E00101,nd1N00020,"nd1I00027\,stdI00002",,Inside,905970,Yes,Soft,,Unknown,Unknown,Female,1990,Asian,
579397,nd1R888352,05742d639,9/15/11 16:21,nd1S05742,Left,Black,No,nd1C00068,nd1T00049,nd1E00107,nd1N00077,"nd1I00023\,stdI00002",,Inside,944299,Yes,Soft,No,Unknown,Unknown,Female,1990,Asian,
580225,nd1R889137,05742d650,9/15/11 16:21,nd1S05742,Left,Black,No,nd1C00068,nd1T00050,nd1E00107,nd1N00048,"nd1I00022\,stdI00002",,Inside,945127,Yes,Soft,No,Unknown,Unknown,Female,1990,Asian,
597593,nd1R937771,05742d750,10/11/11 16:21,nd1S05742,Left,Black,No,nd1C00068,nd1T00050,nd1E00107,nd1N00048,"nd1I00022\,stdI00002",,Inside,988928,Yes,Soft,No,Unknown,Unknown,Female,1990,Asian,
597595,,,10/11/11 16:21,nd1S05742,Left,Black,No,,nd1T00050,nd1E00107,nd1N00048,"nd1I00022\,stdI00002",,Inside,988930,Yes,Soft,No,Unknown,Unknown,Female,1990,Asian,
607584,nd1R944845,05742d792,10/25/11 11:46,nd1S05742,Right,Black,No,nd1C00068,nd1T00050,nd1E00107,nd1N00048,"nd1I00022\,stdI00002",,Inside,1010386,Yes,Soft,,Unknown,Unknown,Female,1990,Asian,
618640,nd1R985403,05742d913,11/8/11 11:47,nd1S05742,Right,Black,No,nd1C00068,nd1T00053,nd1E00107,nd1N00073,"nd1I00036\,stdI00002",,Inside,1033054,Yes,Soft,No,Unknown,Unknown,Female,1990,Asian,
618642,nd1R985405,05742d915,11/8/11 11:47,nd1S05742,Right,Black,No,nd1C00068,nd1T00053,nd1E00107,nd1N00073,"nd1I00036\,stdI00002",,Inside,1033056,Yes,Soft,No,Unknown,Unknown,Female,1990,Asian,
659913,nd1R1049364,05742d975,3/7/12 15:05,nd1S05742,Right,Black,No,nd1C00072,nd1T00050,nd1E00107,nd1N00048,"nd1I00022\,stdI00002",,Inside,1109659,Yes,Soft,,Unknown,Unknown,Female,1990,Asian,
667943,nd1R1068967,05742d1077,3/27/12 15:27,nd1S05742,Right,Black,No,nd1C00072,nd1T00053,nd1E00107,nd1N00073,"nd1I00036\,stdI00002",,Inside,1129235,Yes,Soft,No,Unknown,Unknown,Female,1990,Asian,
667946,nd1R1068970,05742d1080,3/27/12 15:27,nd1S05742,Right,Black,No,nd1C00072,nd1T00053,nd1E00107,nd1N00073,"nd1I00036\,stdI00002",,Inside,1129238,Yes,Soft,No,Unknown,Unknown,Female,1990,Asian,
223270,nd4R95518,05742d82,11/13/08 0:00,nd1S05742,Right,Black,No,nd1C00028,nd1T00014,nd1E00074,nd1N00006,"nd1I00016\,stdI00002",nd1I00004,Inside,284120,Yes,Soft,No,No,No,Female,1990,Asian,"contacts-soft-given\,contacts-given"
223273,,,11/13/08 0:00,nd1S05742,Right,Black,No,,nd1T00014,nd1E00074,nd1N00006,"nd1I00016\,stdI00002",nd1I00012,Inside,284123,Yes,Soft,No,No,No,Female,1990,Asian,"contacts-soft-given\,contacts-given"
228185,nd4R95616,05742d92,12/4/08 0:00,nd1S05742,Right,Black,No,nd1C00028,nd1T00014,nd1E00074,nd1N00006,"nd1I00015\,stdI00002",nd1I00004,Inside,289035,No,,No,No,No,Female,1990,Asian,
228191,nd4R95622,05742d98,12/4/08 0:00,nd1S05742,Right,Black,No,nd1C00028,nd1T00014,nd1E00074,nd1N00006,"nd1I00015\,stdI00002",nd1I00004,Inside,289041,No,,No,No,No,Female,1990,Asian,
315186,nd5R31924,05742d200,2/18/09 0:00,nd1S05742,Right,Black,No,nd1C00033,nd1T00014,nd1E00074,nd1N00006,"nd1I00017\,stdI00002",nd1I00012,Inside,401487,Yes,Soft,No,No,No,Female,1990,Asian,"contacts-soft-given\,contacts-given"
323792,nd5R23346,05742d156,3/4/09 0:00,nd1S05742,Right,Black,No,nd1C00033,nd1T00014,nd1E00074,nd1N00006,"nd1I00017\,stdI00002",nd1I00012,Inside,415346,Yes,Soft,No,No,No,Female,1990,Asian,"contacts-soft-given\,contacts-given"
323793,nd5R23345,05742d155,3/4/09 0:00,nd1S05742,Right,Black,No,nd1C00033,nd1T00014,nd1E00074,nd1N00006,"nd1I00015\,stdI00002",nd1I00012,Inside,415347,Yes,Soft,No,No,No,Female,1990,Asian,"contacts-soft-given\,contacts-given"
342404,nd5R45112,05742d227,4/22/09 0:00,nd1S05742,Right,Black,No,nd1C00033,nd1T00014,nd1E00074,nd1N00006,"nd1I00015\,stdI00002",nd1I00012,Inside,447063,Yes,Soft,No,No,No,Female,1990,Asian,"contacts-soft-given\,contacts-given"
448057,nd7R31808,05742d295,10/28/10 13:27,nd1S05742,Right,Black,No,nd1C00055,nd1T00039,nd1E00085,nd1N00048,"nd1I00022\,stdI00002",,Inside,676514,Yes,Soft,No,No,No,Female,1990,Asian,"contacts-given\,contacts-soft-given"
448062,nd7R31813,05742d300,10/28/10 13:27,nd1S05742,Right,Black,No,nd1C00055,nd1T00040,nd1E00085,nd1N00049,"nd1I00023\,stdI00002",,Inside,676519,Yes,Soft,No,No,No,Female,1990,Asian,"contacts-given\,contacts-soft-given"
449714,nd1R637242,05742d323,11/9/10 15:33,nd1S05742,Right,Black,No,nd1C00055,nd1T00016,nd1E00085,nd1N00020,"nd1I00020\,stdI00002",,Inside,682820,Yes,Soft,No,No,No,Female,1990,Asian,"contacts-given\,contacts-soft-given"
449728,nd1R637256,05742d335,11/9/10 15:33,nd1S05742,Right,Black,No,nd1C00055,nd1T00039,nd1E00085,nd1N00048,"nd1I00022\,stdI00002",,Inside,682834,Yes,Soft,No,No,No,Female,1990,Asian,"contacts-given\,contacts-soft-given"
453819,nd1R647102,05742d375,11/30/10 15:44,nd1S05742,Right,Black,No,nd1C00055,nd1T00049,nd1E00090,nd1N00049,"nd1I00023\,stdI00002",,Inside,694656,Yes,Soft,No,No,No,Female,1990,Asian,"contacts-given\,contacts-soft-given"
471249,nd1R678292,05742d410,2/9/11 15:04,nd1S05742,Right,Black,No,nd1C00062,nd1T00054,nd1E00093,nd1N00059,"nd1I00026\,stdI00002",,Inside,724727,No,,No,No,No,Female,1990,Asian,
471259,nd1R678302,05742d420,2/9/11 15:04,nd1S05742,Right,Black,No,nd1C00062,nd1T00053,nd1E00093,nd1N00059,"nd1I00026\,stdI00002",,Inside,724737,No,,No,No,No,Female,1990,Asian,
471260,nd1R678303,05742d421,2/9/11 15:04,nd1S05742,Right,Black,No,nd1C00062,nd1T00053,nd1E00093,nd1N00059,"nd1I00026\,stdI00002",,Inside,724738,No,,No,No,No,Female,1990,Asian,
557475,nd1R859678,05742d566,4/27/11 15:05,nd1S05742,Right,Black,No,nd1C00062,nd1T00054,nd1E00101,nd1N00059,"nd1I00026\,stdI00002",,Inside,903060,Yes,Soft,,Unknown,Unknown,Female,1990,Asian,
557485,nd1R859688,05742d576,4/27/11 15:05,nd1S05742,Right,Black,No,nd1C00062,nd1T00053,nd1E00101,nd1N00059,"nd1I00026\,stdI00002",,Inside,903070,Yes,Soft,,Unknown,Unknown,Female,1990,Asian,
579407,nd1R888362,05742d646,9/15/11 16:21,nd1S05742,Right,Black,No,nd1C00068,nd1T00049,nd1E00107,nd1N00077,"nd1I00023\,stdI00002",,Inside,944309,Yes,Soft,No,Unknown,Unknown,Female,1990,Asian,
580226,nd1R889138,05742d651,9/15/11 16:21,nd1S05742,Right,Black,No,nd1C00068,nd1T00050,nd1E00107,nd1N00048,"nd1I00022\,stdI00002",,Inside,945128,Yes,Soft,No,Unknown,Unknown,Female,1990,Asian,
597025,nd1R975680,05742d885,10/11/11 16:21,nd1S05742,Right,Black,No,nd1C00068,nd1T00049,nd1E00107,nd1N00077,"nd1I00023\,stdI00002",,Inside,988360,Yes,Soft,No,Unknown,Unknown,Female,1990,Asian,
599865,nd1R939820,05742d775,10/11/11 16:21,nd1S05742,Right,Black,No,nd1C00068,nd1T00054,nd1E00107,nd1N00073,"nd1I00036\,stdI00002",,Inside,991200,Yes,Soft,No,Unknown,Unknown,Female,1990,Asian,
219354,nd4R59133,05743d1,11/13/08 0:00,nd1S05743,Left,Black,No,nd1C00023,nd1T00014,nd1E00054,nd1N00020,nd1I00013,nd1I00013,Inside,280204,Yes,Soft,No,No,No,Female,1990,Asian,"contacts-soft-given\,contacts-given"
223285,nd4R62999,05743d7,11/13/08 0:00,nd1S05743,Left,Black,No,nd1C00023,nd1T00014,nd1E00074,nd1N00006,"nd1I00016\,stdI00002",nd1I00012,Inside,284135,Yes,Soft,No,No,No,Female,1990,Asian,"contacts-soft-given\,contacts-given"
223289,nd4R63002,05743d10,11/13/08 0:00,nd1S05743,Left,Black,No,nd1C00023,nd1T00014,nd1E00074,nd1N00006,"nd1I00017\,stdI00002",nd1I00012,Inside,284139,Yes,Soft,No,No,No,Female,1990,Asian,"contacts-soft-given\,contacts-given"
223290,,,11/13/08 0:00,nd1S05743,Left,Black,No,,nd1T00014,nd1E00074,nd1N00006,"nd1I00015\,stdI00002",nd1I00012,Inside,284140,Yes,Soft,No,No,No,Female,1990,Asian,"contacts-soft-given\,contacts-given"
223293,nd4R63005,05743d13,11/13/08 0:00,nd1S05743,Left,Black,No,nd1C00023,nd1T00014,nd1E00074,nd1N00006,"nd1I00015\,stdI00002",nd1I00012,Inside,284143,Yes,Soft,No,No,No,Female,1990,Asian,"contacts-soft-given\,contacts-given"
223294,nd4R63006,05743d14,11/13/08 0:00,nd1S05743,Left,Black,No,nd1C00023,nd1T00014,nd1E00074,nd1N00006,"nd1I00016\,stdI00002",nd1I00012,Inside,284144,Yes,Soft,No,No,No,Female,1990,Asian,"contacts-soft-given\,contacts-given"
223295,,,11/13/08 0:00,nd1S05743,Left,Black,No,,nd1T00014,nd1E00074,nd1N00006,"nd1I00017\,stdI00002",nd1I00012,Inside,284145,Yes,Soft,No,No,No,Female,1990,Asian,"contacts-soft-given\,contacts-given"
223296,nd4R63007,05743d15,11/13/08 0:00,nd1S05743,Left,Black,No,nd1C00023,nd1T00014,nd1E00074,nd1N00006,"nd1I00015\,stdI00002",nd1I00012,Inside,284146,Yes,Soft,No,No,No,Female,1990,Asian,"contacts-soft-given\,contacts-given"
219470,nd4R59249,05749d3,11/13/08 0:00,nd1S05749,Left,Hazel,No,nd1C00023,nd1T00014,nd1E00054,nd1N00020,nd1I00013,nd1I00013,Inside,280320,No,,No,No,No,Male,1988,White,
219472,nd4R59251,05749d5,11/13/08 0:00,nd1S05749,Left,Hazel,No,nd1C00023,nd1T00014,nd1E00054,nd1N00020,nd1I00013,nd1I00013,Inside,280322,No,,No,No,No,Male,1988,White,
237007,nd5R05104,05749d160,1/22/09 0:00,nd1S05749,Left,Hazel,No,nd1C00033,nd1T00014,nd1E00074,nd1N00006,"nd1I00015\,stdI00002",nd1I00012,Inside,313762,No,,No,No,No,Male,1988,White,
328135,nd5R17333,05749d245,3/5/09 0:00,nd1S05749,Left,Hazel,No,nd1C00033,nd1T00014,nd1E00074,nd1N00006,"nd1I00016\,stdI00002",nd1I00012,Inside,421572,No,,No,No,No,Male,1988,White,
340564,nd5R43281,05749d340,4/21/09 0:00,nd1S05749,Left,Hazel,No,nd1C00033,nd1T00014,nd1E00054,nd1N00020,nd1I00013,nd1I00013,Inside,443729,No,,No,No,No,Male,1988,White,
359374,nd6R31640,05749d442,11/17/09 0:00,nd1S05749,Left,Hazel,No,nd1C00041,nd1T00016,nd1E00075,nd1N00021,nd1I00013,nd1I00013,Inside,511156,No,,No,No,No,Male,1988,White,
386420,nd6R44064,05749d466,1/28/10 13:50,nd1S05749,Left,Hazel,No,nd1C00042,nd1T00002,nd1E00075,nd1N00006,"nd1I00016\,stdI00002",nd1I00013,Inside,542080,No,,No,No,No,Male,1988,White,
409408,nd6R66010,05749d528,3/18/10 13:38,nd1S05749,Left,Hazel,No,nd1C00042,nd1T00002,nd1E00077,nd1N00006,"nd1I00015\,stdI00002",,Inside,591982,No,,No,No,No,Male,1988,White,
627546,nd1R994291,05766d1591,11/10/11 15:35,nd1S05766,Left,Gray,No,nd1C00068,nd1T00049,nd1E00107,nd1N00079,"nd1I00023\,stdI00002",,Inside,1041960,No,,No,No,No,Male,1990,White,
223951,nd4R63661,05766d1,12/3/08 0:00,nd1S05766,Left,Hazel,No,nd1C00023,nd1T00014,nd1E00054,nd1N00020,nd1I00013,nd1I00013,Inside,284801,No,,No,No,No,Male,1990,White,
225240,nd4R95534,05766d90,12/3/08 0:00,nd1S05766,Left,Hazel,No,nd1C00028,nd1T00014,nd1E00074,nd1N00006,"nd1I00016\,stdI00002",nd1I00004,Inside,286090,No,,No,No,No,Male,1990,White,
225241,nd4R95535,05766d91,12/3/08 0:00,nd1S05766,Left,Hazel,No,nd1C00028,nd1T00014,nd1E00074,nd1N00006,"nd1I00017\,stdI00002",nd1I00004,Inside,286091,No,,No,No,No,Male,1990,White,
225243,,,12/3/08 0:00,nd1S05766,Left,Hazel,No,,nd1T00014,nd1E00074,nd1N00006,"nd1I00016\,stdI00002",nd1I00012,Inside,286093,No,,No,No,No,Male,1990,White,
225244,nd4R95537,05766d93,12/3/08 0:00,nd1S05766,Left,Hazel,No,nd1C00028,nd1T00014,nd1E00074,nd1N00006,"nd1I00017\,stdI00002",nd1I00004,Inside,286094,No,,No,No,No,Male,1990,White,
225246,nd4R95538,05766d94,12/3/08 0:00,nd1S05766,Left,Hazel,No,nd1C00028,nd1T00014,nd1E00074,nd1N00006,"nd1I00016\,stdI00002",nd1I00004,Inside,286096,No,,No,No,No,Male,1990,White,
306993,nd5R35475,05766d250,2/4/09 0:00,nd1S05766,Left,Hazel,No,nd1C00033,nd1T00014,nd1E00074,nd1N00006,"nd1I00017\,stdI00002",nd1I00012,Inside,387195,No,,No,No,No,Male,1990,White,
306994,nd5R35476,05766d251,2/4/09 0:00,nd1S05766,Left,Hazel,No,nd1C00033,nd1T00014,nd1E00074,nd1N00006,"nd1I00015\,stdI00002",nd1I00012,Inside,387196,No,,No,No,No,Male,1990,White,
316766,nd5R30346,05766d239,2/18/09 0:00,nd1S05766,Left,Hazel,No,nd1C00033,nd1T00014,nd1E00074,nd1N00006,"nd1I00016\,stdI00002",nd1I00012,Inside,403067,No,,No,No,No,Male,1990,White,
316767,nd5R30345,05766d238,2/18/09 0:00,nd1S05766,Left,Hazel,No,nd1C00033,nd1T00014,nd1E00074,nd1N00006,"nd1I00017\,stdI00002",nd1I00012,Inside,403068,No,,No,No,No,Male,1990,White,
325791,nd5R21362,05766d209,3/4/09 0:00,nd1S05766,Left,Hazel,No,nd1C00033,nd1T00014,nd1E00074,nd1N00006,"nd1I00016\,stdI00002",nd1I00012,Inside,417345,No,,No,No,No,Male,1990,White,
325795,nd5R21358,05766d205,3/4/09 0:00,nd1S05766,Left,Hazel,No,nd1C00033,nd1T00014,nd1E00074,nd1N00006,"nd1I00017\,stdI00002",nd1I00012,Inside,417349,No,,No,No,No,Male,1990,White,
325796,nd5R21357,05766d204,3/4/09 0:00,nd1S05766,Left,Hazel,No,nd1C00033,nd1T00014,nd1E00074,nd1N00006,"nd1I00015\,stdI00002",nd1I00012,Inside,417350,No,,No,No,No,Male,1990,White,
332503,nd5R11759,05766d178,3/25/09 0:00,nd1S05766,Left,Hazel,No,nd1C00033,nd1T00014,nd1E00074,nd1N00006,"nd1I00017\,stdI00002",nd1I00012,Inside,431832,No,,No,No,No,Male,1990,White,
332507,nd5R11755,05766d174,3/25/09 0:00,nd1S05766,Left,Hazel,No,nd1C00033,nd1T00014,nd1E00074,nd1N00006,"nd1I00015\,stdI00002",nd1I00012,Inside,431836,No,,No,No,No,Male,1990,White,
360053,nd6R30964,05766d400,11/17/09 0:00,nd1S05766,Left,Blue,No,nd1C00041,nd1T00016,nd1E00075,nd1N00021,nd1I00013,nd1I00013,Inside,511835,No,,No,No,No,Male,1990,White,
362867,nd6R28165,05766d393,11/17/09 0:00,nd1S05766,Left,Blue,No,nd1C00041,nd1T00002,nd1E00075,nd1N00016,"nd1I00017\,stdI00002",nd1I00012,Inside,514649,No,,No,No,No,Male,1990,White,
418628,,,4/15/10 15:22,nd1S05766,Left,Other,No,,nd1T00002,nd1E00077,nd1N00006,"nd1I00017\,stdI00002",,Inside,608130,No,,No,No,No,Male,1990,White,
418630,nd6R74899,05766d538,4/15/10 15:22,nd1S05766,Left,Other,No,nd1C00042,nd1T00002,nd1E00077,nd1N00006,"nd1I00016\,stdI00002",,Inside,608132,No,,No,No,No,Male,1990,White,
418633,nd6R74902,05766d541,4/15/10 15:22,nd1S05766,Left,Other,No,nd1C00042,nd1T00002,nd1E00077,nd1N00006,"nd1I00016\,stdI00002",,Inside,608135,No,,No,No,No,Male,1990,White,
425412,nd6R81361,05766d573,4/28/10 15:57,nd1S05766,Left,Gray,No,nd1C00042,nd1T00002,nd1E00077,nd1N00006,"nd1I00015\,stdI00002",,Inside,614914,No,,No,No,No,Male,1990,White,
461779,nd1R669478,05766d758,1/25/11 13:35,nd1S05766,Left,Gray,No,nd1C00062,nd1T00054,nd1E00093,nd1N00059,"nd1I00026\,stdI00002",,Inside,704800,No,,No,No,No,Male,1990,White,
461787,nd1R669486,05766d766,1/25/11 13:35,nd1S05766,Left,Gray,No,nd1C00062,nd1T00049,nd1E00093,nd1N00049,"nd1I00023\,stdI00002",,Inside,704808,No,,No,No,No,Male,1990,White,
470440,nd1R677626,05766d778,2/9/11 13:19,nd1S05766,Left,Gray,No,nd1C00062,nd1T00054,nd1E00093,nd1N00059,"nd1I00026\,stdI00002",,Inside,723918,No,,No,No,No,Male,1990,White,
470446,nd1R677632,05766d784,2/9/11 13:19,nd1S05766,Left,Gray,No,nd1C00062,nd1T00053,nd1E00093,nd1N00059,"nd1I00026\,stdI00002",,Inside,723924,No,,No,No,No,Male,1990,White,
484641,nd1R708024,05766d894,2/23/11 12:49,nd1S05766,Left,Gray,No,nd1C00062,nd1T00049,nd1E00093,nd1N00049,"nd1I00023\,stdI00002",,Inside,757705,No,,No,No,No,Male,1990,White,
489273,nd1R712082,05766d922,2/23/11 12:49,nd1S05766,Left,Gray,No,nd1C00062,nd1T00053,nd1E00093,nd1N00059,"nd1I00026\,stdI00002",,Inside,762337,No,,No,No,No,Male,1990,White,
503488,,,3/9/11 14:34,nd1S05766,Left,Gray,No,,nd1T00050,nd1E00093,nd1N00048,"nd1I00022\,stdI00002",,Inside,795770,No,,No,No,No,Male,1990,White,
552592,nd1R855879,05766d1223,4/26/11 16:14,nd1S05766,Left,Gray,No,nd1C00062,nd1T00049,nd1E00101,nd1N00049,"nd1I00023\,stdI00002",,Inside,898177,No,,No,No,No,Male,1990,White,
553520,nd1R856807,05766d1228,4/26/11 16:14,nd1S05766,Left,Gray,No,nd1C00062,nd1T00050,nd1E00101,nd1N00048,"nd1I00022\,stdI00002",,Inside,899105,No,,No,No,No,Male,1990,White,
554519,nd1R857801,05766d1236,4/26/11 16:14,nd1S05766,Left,Gray,No,nd1C00062,nd1T00054,nd1E00101,nd1N00059,"nd1I00026\,stdI00002",,Inside,900104,No,,No,No,No,Male,1990,White,
571440,nd1R881839,05766d1278,9/13/11 15:31,nd1S05766,Left,Gray,No,nd1C00068,nd1T00049,nd1E00107,nd1N00077,"nd1I00023\,stdI00002",,Inside,936342,No,,No,No,No,Male,1990,White,
577361,nd1R886464,05766d1306,9/13/11 15:31,nd1S05766,Left,Gray,No,nd1C00068,nd1T00053,nd1E00107,nd1N00073,"nd1I00036\,stdI00002",,Inside,942263,No,,No,No,No,Male,1990,White,
605022,nd1R977320,05766d1575,10/13/11 15:38,nd1S05766,Left,Gray,No,nd1C00068,nd1T00049,nd1E00107,nd1N00077,"nd1I00023\,stdI00002",,Inside,996357,No,,No,No,No,Male,1990,White,
234288,nd5R02402,05808d73,1/21/09 0:00,nd1S05808,Right,Black,No,nd1C00033,nd1T00014,nd1E00074,nd1N00006,"nd1I00016\,stdI00002",nd1I00012,Inside,309411,Yes,Soft,No,No,No,Male,1989,Asian,"contacts-soft-given\,contacts-given"
234290,nd5R02404,05808d75,1/21/09 0:00,nd1S05808,Right,Black,No,nd1C00033,nd1T00014,nd1E00074,nd1N00006,"nd1I00015\,stdI00002",nd1I00012,Inside,309413,Yes,Soft,No,No,No,Male,1989,Asian,"contacts-soft-given\,contacts-given"
234291,nd5R02405,05808d76,1/21/09 0:00,nd1S05808,Right,Black,No,nd1C00033,nd1T00014,nd1E00074,nd1N00006,"nd1I00016\,stdI00002",nd1I00012,Inside,309414,Yes,Soft,No,No,No,Male,1989,Asian,"contacts-soft-given\,contacts-given"
235430,nd5R03536,05808d88,1/21/09 0:00,nd1S05808,Right,Black,No,nd1C00033,nd1T00014,nd1E00054,nd1N00020,nd1I00013,nd1I00013,Inside,310553,Yes,Soft,No,No,No,Male,1989,Asian,"contacts-soft-given\,contacts-given"
310043,,,2/5/09 0:00,nd1S05808,Right,Black,No,,nd1T00014,nd1E00074,nd1N00006,"nd1I00015\,stdI00002",nd1I00012,Inside,391767,Yes,Soft,Yes,No,No,Male,1989,Asian,"contacts-soft-given\,contacts-texture-given\,contacts-given"
310054,,,2/5/09 0:00,nd1S05808,Right,Black,No,,nd1T00014,nd1E00074,nd1N00006,"nd1I00017\,stdI00002",nd1I00012,Inside,391778,Yes,Soft,Yes,No,No,Male,1989,Asian,"contacts-soft-given\,contacts-texture-given\,contacts-given"
310059,nd5R38534,05808d227,2/5/09 0:00,nd1S05808,Right,Black,No,nd1C00033,nd1T00014,nd1E00074,nd1N00006,"nd1I00016\,stdI00002",nd1I00012,Inside,391783,Yes,Soft,Yes,No,No,Male,1989,Asian,"contacts-soft-given\,contacts-texture-given\,contacts-given"
327619,nd5R19543,05808d147,3/5/09 0:00,nd1S05808,Right,Brown,No,nd1C00033,nd1T00014,nd1E00074,nd1N00006,"nd1I00016\,stdI00002",nd1I00012,Inside,421056,Yes,Soft,No,No,No,Male,1989,Asian,"contacts-soft-given\,contacts-given"
335900,nd5R08377,05808d103,3/26/09 0:00,nd1S05808,Right,Black,No,nd1C00033,nd1T00014,nd1E00074,nd1N00006,"nd1I00015\,stdI00002",nd1I00012,Inside,436912,Yes,Soft,No,No,No,Male,1989,Asian,"contacts-soft-given\,contacts-given"
366633,nd6R31997,05808d444,12/1/09 0:00,nd1S05808,Right,Brown,No,nd1C00041,nd1T00002,nd1E00075,nd1N00006,"nd1I00016\,stdI00002",nd1I00004,Inside,518415,Yes,Soft,Yes,No,No,Male,1989,Asian,"contacts-Category2\,contacts-soft-given\,contacts-texture-given\,contacts-given"
374153,,,11/3/09 0:00,nd1S05808,Right,Brown,No,,nd1T00002,nd1E00075,nd1N00006,"nd1I00015\,stdI00002",nd1I00004,Inside,527769,Yes,Soft,No,Yes,No,Male,1989,Asian,"contacts-soft-given\,contacts-toric-given\,contacts-given"
383492,nd6R41184,05808d488,1/26/10 15:18,nd1S05808,Right,Brown,No,nd1C00042,nd1T00002,nd1E00075,nd1N00006,"nd1I00016\,stdI00002",nd1I00013,Inside,539152,Yes,Soft,Yes,No,No,Male,1989,Asian,"contacts-given\,contacts-soft-given\,contacts-texture-given"
391285,nd6R48131,05808d519,2/9/10 15:18,nd1S05808,Right,Brown,No,nd1C00042,nd1T00002,nd1E00075,nd1N00006,"nd1I00017\,stdI00002",nd1I00013,Inside,556495,Yes,Soft,Yes,No,No,Male,1989,Asian,"contacts-given\,contacts-soft-given\,contacts-texture-given"
410020,nd6R66618,05808d580,3/18/10 15:18,nd1S05808,Right,Brown,No,nd1C00042,nd1T00002,nd1E00077,nd1N00006,"nd1I00015\,stdI00002",,Inside,592594,Yes,Soft,Yes,No,No,Male,1989,Asian,"contacts-given\,contacts-soft-given\,contacts-texture-given"
422744,,,4/27/10 15:13,nd1S05808,Right,Brown,No,,nd1T00002,nd1E00077,nd1N00006,"nd1I00017\,stdI00002",,Inside,612246,Yes,Soft,Yes,No,No,Male,1989,Asian,"contacts-given\,contacts-soft-given\,contacts-texture-given"
448318,nd7R32065,05808d795,10/28/10 14:51,nd1S05808,Right,Brown,No,nd1C00055,nd1T00040,nd1E00085,nd1N00049,"nd1I00023\,stdI00002",,Inside,676774,Yes,Soft,No,No,No,Male,1989,Asian,"contacts-given\,contacts-soft-given"
460638,nd1R657382,05808d893,12/2/10 13:16,nd1S05808,Right,Brown,No,nd1C00059,nd1T00052,nd1E00090,lg4000diff25,"nd1I00024\,stdI00002",,Inside,702033,No,,No,No,No,Male,1989,Asian,
464050,nd1R671701,05808d944,1/26/11 13:31,nd1S05808,Right,Brown,No,nd1C00062,nd1T00053,nd1E00093,nd1N00059,"nd1I00026\,stdI00002",,Inside,707071,No,,No,No,No,Male,1989,Asian,
464051,nd1R671702,05808d945,1/26/11 13:31,nd1S05808,Right,Brown,No,nd1C00062,nd1T00054,nd1E00093,nd1N00059,"nd1I00026\,stdI00002",,Inside,707072,No,,No,No,No,Male,1989,Asian,
471211,,,2/9/11 15:01,nd1S05808,Right,Brown,No,,nd1T00054,nd1E00093,nd1N00059,"nd1I00026\,stdI00002",,Inside,724689,No,,No,No,No,Male,1989,Asian,
471212,nd1R678255,05808d962,2/9/11 15:01,nd1S05808,Right,Brown,No,nd1C00062,nd1T00054,nd1E00093,nd1N00059,"nd1I00026\,stdI00002",,Inside,724690,No,,No,No,No,Male,1989,Asian,
471222,nd1R678265,05808d972,2/9/11 15:01,nd1S05808,Right,Brown,No,nd1C00062,nd1T00053,nd1E00093,nd1N00059,"nd1I00026\,stdI00002",,Inside,724700,No,,No,No,No,Male,1989,Asian,
490045,nd1R712851,05808d1094,2/23/11 14:39,nd1S05808,Right,Brown,No,nd1C00062,nd1T00054,nd1E00093,nd1N00059,"nd1I00026\,stdI00002",,Inside,763109,Yes,Soft,Yes,No,No,Male,1989,Asian,
502668,nd1R794520,05808d1347,3/9/11 13:19,nd1S05808,Right,Brown,No,nd1C00062,nd1T00049,nd1E00093,nd1N00049,"nd1I00023\,stdI00002",,Inside,794950,Yes,Soft,Yes,No,No,Male,1989,Asian,
508100,nd1R798991,05808d1359,3/9/11 13:19,nd1S05808,Right,Brown,No,nd1C00062,nd1T00051,nd1E00093,nd1N00020,"nd1I00027\,stdI00002",,Inside,800382,Yes,Soft,Yes,No,No,Male,1989,Asian,
535442,nd1R815619,05808d1416,4/13/11 14:30,nd1S05808,Right,Brown,No,nd1C00062,nd1T00054,nd1E00101,nd1N00059,"nd1I00026\,stdI00002",,Inside,859626,Yes,Soft,Yes,No,No,Male,1989,Asian,
565907,nd1R866366,05808d1555,4/28/11 11:56,nd1S05808,Right,Brown,No,nd1C00062,nd1T00053,nd1E00101,nd1N00059,"nd1I00026\,stdI00002",,Inside,911492,Yes,Soft,Yes,No,No,Male,1989,Asian,
565908,nd1R866367,05808d1556,4/28/11 11:56,nd1S05808,Right,Brown,No,nd1C00062,nd1T00053,nd1E00101,nd1N00059,"nd1I00026\,stdI00002",,Inside,911493,Yes,Soft,Yes,No,No,Male,1989,Asian,
234324,nd5R02438,05810d51,1/21/09 0:00,nd1S05810,Left,Brown,No,nd1C00033,nd1T00014,nd1E00074,nd1N00006,"nd1I00016\,stdI00002",nd1I00012,Inside,309447,No,,No,No,No,Male,1989,White,
234331,nd5R02445,05810d58,1/21/09 0:00,nd1S05810,Left,Brown,No,nd1C00033,nd1T00014,nd1E00074,nd1N00006,"nd1I00017\,stdI00002",nd1I00012,Inside,309454,No,,No,No,No,Male,1989,White,
235439,nd5R03545,05810d75,1/21/09 0:00,nd1S05810,Left,Brown,No,nd1C00033,nd1T00014,nd1E00054,nd1N00020,nd1I00013,nd1I00013,Inside,310562,No,,No,No,No,Male,1989,White,
310220,nd5R38695,05810d143,2/5/09 0:00,nd1S05810,Left,Brown,No,nd1C00033,nd1T00014,nd1E00074,nd1N00006,"nd1I00015\,stdI00002",nd1I00012,Inside,391944,No,,No,No,No,Male,1989,White,
310223,nd5R38698,05810d146,2/5/09 0:00,nd1S05810,Left,Brown,No,nd1C00033,nd1T00014,nd1E00074,nd1N00006,"nd1I00015\,stdI00002",nd1I00012,Inside,391947,No,,No,No,No,Male,1989,White,
327168,nd5R19990,05810d138,3/5/09 0:00,nd1S05810,Left,Brown,No,nd1C00033,nd1T00014,nd1E00074,nd1N00006,"nd1I00015\,stdI00002",nd1I00012,Inside,420605,No,,No,No,No,Male,1989,White,
390470,nd6R47345,05810d423,2/9/10 13:42,nd1S05810,Left,Brown,No,nd1C00042,nd1T00002,nd1E00075,nd1N00006,"nd1I00015\,stdI00002",nd1I00013,Inside,555680,No,,No,No,No,Male,1989,White,
412280,nd6R68611,05810d474,4/15/10 12:19,nd1S05810,Left,Brown,No,nd1C00042,nd1T00016,nd1E00077,nd1N00020,"nd1I00004\,stdI00002",,Inside,601782,No,,No,No,No,Male,1989,White,
417084,nd6R73378,05810d485,4/15/10 12:12,nd1S05810,Left,Green,No,nd1C00042,nd1T00002,nd1E00077,nd1N00006,"nd1I00015\,stdI00002",,Inside,606586,No,,No,No,No,Male,1989,White,
417109,nd6R73403,05810d498,4/15/10 12:19,nd1S05810,Left,Brown,No,nd1C00042,nd1T00002,nd1E00077,nd1N00006,"nd1I00016\,stdI00002",,Inside,606611,No,,No,No,No,Male,1989,White,
423870,nd6R79830,05810d527,4/28/10 12:44,nd1S05810,Left,Brown,No,nd1C00042,nd1T00002,nd1E00077,nd1N00006,"nd1I00015\,stdI00002",,Inside,613372,No,,No,No,No,Male,1989,White,
446357,nd7R30157,05810d673,10/26/10 16:36,nd1S05810,Left,Brown,No,nd1C00055,nd1T00040,nd1E00085,nd1N00049,"nd1I00023\,stdI00002",,Inside,674814,No,,No,No,No,Male,1989,White,
451329,nd1R638855,05810d699,11/11/10 12:48,nd1S05810,Left,Brown,No,nd1C00055,nd1T00016,nd1E00085,nd1N00020,"nd1I00020\,stdI00002",,Inside,684435,No,,No,No,No,Male,1989,White,
456062,nd1R649326,05810d741,12/2/10 12:46,nd1S05810,Left,Brown,No,nd1C00055,nd1T00050,nd1E00090,nd1N00048,"nd1I00022\,stdI00002",,Inside,696899,No,,No,No,No,Male,1989,White,
463053,nd1R670741,05810d821,1/26/11 11:15,nd1S05810,Left,Brown,No,nd1C00062,nd1T00049,nd1E00093,nd1N00049,"nd1I00023\,stdI00002",,Inside,706074,No,,No,No,No,Male,1989,White,
491197,nd1R713995,05810d933,2/24/11 12:20,nd1S05810,Left,Brown,No,nd1C00062,nd1T00054,nd1E00093,nd1N00059,"nd1I00026\,stdI00002",,Inside,764261,No,,No,No,No,Male,1989,White,
491563,nd1R714361,05810d955,2/24/11 12:20,nd1S05810,Left,Brown,No,nd1C00062,nd1T00051,nd1E00093,nd1N00020,"nd1I00027\,stdI00002",,Inside,764627,No,,No,No,No,Male,1989,White,
494167,nd1R716948,05810d962,2/24/11 12:20,nd1S05810,Left,Brown,No,nd1C00062,nd1T00049,nd1E00093,nd1N00049,"nd1I00023\,stdI00002",,Inside,767231,No,,No,No,No,Male,1989,White,
496564,,,3/8/11 11:50,nd1S05810,Left,Brown,No,,nd1T00054,nd1E00093,nd1N00059,"nd1I00026\,stdI00002",,Inside,788788,No,,No,No,No,Male,1989,White,
556201,nd1R858404,05810d1374,4/27/11 11:20,nd1S05810,Left,Brown,No,nd1C00062,nd1T00054,nd1E00101,nd1N00059,"nd1I00026\,stdI00002",,Inside,901786,No,,No,No,No,Male,1989,White,
556211,nd1R858414,05810d1384,4/27/11 11:20,nd1S05810,Left,Brown,No,nd1C00062,nd1T00053,nd1E00101,nd1N00059,"nd1I00026\,stdI00002",,Inside,901796,No,,No,No,No,Male,1989,White,
558267,nd1R860470,05810d1394,4/27/11 11:20,nd1S05810,Left,Brown,No,nd1C00062,nd1T00049,nd1E00101,nd1N00049,"nd1I00023\,stdI00002",,Inside,903852,No,,No,No,No,Male,1989,White,
559209,nd1R861412,05810d1408,4/27/11 11:20,nd1S05810,Left,Brown,No,nd1C00062,nd1T00050,nd1E00101,nd1N00048,"nd1I00022\,stdI00002",,Inside,904794,No,,No,No,No,Male,1989,White,
560547,nd1R868988,05810d1420,4/27/11 11:20,nd1S05810,Left,Brown,No,nd1C00059,nd1T00051,nd1E00101,lg4000diff25,"nd1I00028\,stdI00002",,Inside,906132,No,,No,No,No,Male,1989,White,
410224,nd6R66822,05831d558,3/18/10 15:32,nd1S05831,Left,Brown,No,nd1C00042,nd1T00002,nd1E00077,nd1N00006,"nd1I00015\,stdI00002",,Inside,592798,No,,No,No,No,Female,1989,Unknown,
418653,nd6R74922,05831d579,4/15/10 15:24,nd1S05831,Left,Brown,No,nd1C00042,nd1T00002,nd1E00077,nd1N00006,"nd1I00015\,stdI00002",,Inside,608155,No,,No,No,No,Female,1989,Unknown,
425554,nd6R81502,05831d612,4/28/10 16:11,nd1S05831,Left,Brown,No,nd1C00042,nd1T00002,nd1E00077,nd1N00006,"nd1I00016\,stdI00002",,Inside,615056,No,,No,No,No,Female,1989,Unknown,off-axis
425555,nd6R81503,05831d613,4/28/10 16:11,nd1S05831,Left,Brown,No,nd1C00042,nd1T00002,nd1E00077,nd1N00006,"nd1I00017\,stdI00002",,Inside,615057,No,,No,No,No,Female,1989,Unknown,
425556,nd6R81504,05831d614,4/28/10 16:11,nd1S05831,Left,Brown,No,nd1C00042,nd1T00002,nd1E00077,nd1N00006,"nd1I00015\,stdI00002",,Inside,615058,No,,No,No,No,Female,1989,Unknown,
400334,nd6R57028,05831d536,2/24/10 14:37,nd1S05831,Right,Brown,No,nd1C00042,nd1T00002,nd1E00077,nd1N00006,"nd1I00017\,stdI00002",,Inside,582908,No,,No,No,No,Female,1989,Unknown,
400335,nd6R57029,05831d537,2/24/10 14:37,nd1S05831,Right,Brown,No,nd1C00042,nd1T00002,nd1E00077,nd1N00006,"nd1I00015\,stdI00002",,Inside,582909,No,,No,No,No,Female,1989,Unknown,
400338,nd6R57032,05831d540,2/24/10 14:37,nd1S05831,Right,Brown,No,nd1C00042,nd1T00002,nd1E00077,nd1N00006,"nd1I00015\,stdI00002",,Inside,582912,No,,No,No,No,Female,1989,Unknown,
404628,nd6R61284,05831d542,3/18/10 15:32,nd1S05831,Right,Brown,No,nd1C00042,nd1T00016,nd1E00077,nd1N00020,"nd1I00004\,stdI00002",,Inside,587202,No,,No,No,No,Female,1989,Unknown,
410226,nd6R66824,05831d560,3/18/10 15:32,nd1S05831,Right,Brown,No,nd1C00042,nd1T00002,nd1E00077,nd1N00006,"nd1I00017\,stdI00002",,Inside,592800,No,,No,No,No,Female,1989,Unknown,
410227,nd6R66825,05831d561,3/18/10 15:32,nd1S05831,Right,Brown,No,nd1C00042,nd1T00002,nd1E00077,nd1N00006,"nd1I00015\,stdI00002",,Inside,592801,No,,No,No,No,Female,1989,Unknown,
410228,nd6R66826,05831d562,3/18/10 15:32,nd1S05831,Right,Brown,No,nd1C00042,nd1T00002,nd1E00077,nd1N00006,"nd1I00016\,stdI00002",,Inside,592802,No,,No,No,No,Female,1989,Unknown,
410230,nd6R66828,05831d564,3/18/10 15:32,nd1S05831,Right,Brown,No,nd1C00042,nd1T00002,nd1E00077,nd1N00006,"nd1I00015\,stdI00002",,Inside,592804,No,,No,No,No,Female,1989,Unknown,
410231,nd6R66829,05831d565,3/18/10 15:32,nd1S05831,Right,Brown,No,nd1C00042,nd1T00002,nd1E00077,nd1N00006,"nd1I00016\,stdI00002",,Inside,592805,No,,No,No,No,Female,1989,Unknown,
410233,nd6R66831,05831d567,3/18/10 15:32,nd1S05831,Right,Brown,No,nd1C00042,nd1T00002,nd1E00077,nd1N00006,"nd1I00015\,stdI00002",,Inside,592807,No,,No,No,No,Female,1989,Unknown,
410234,nd6R66832,05831d568,3/18/10 15:32,nd1S05831,Right,Brown,No,nd1C00042,nd1T00002,nd1E00077,nd1N00006,"nd1I00016\,stdI00002",,Inside,592808,No,,No,No,No,Female,1989,Unknown,
410235,nd6R66833,05831d569,3/18/10 15:32,nd1S05831,Right,Brown,No,nd1C00042,nd1T00002,nd1E00077,nd1N00006,"nd1I00017\,stdI00002",,Inside,592809,No,,No,No,No,Female,1989,Unknown,
410236,nd6R66834,05831d570,3/18/10 15:32,nd1S05831,Right,Brown,No,nd1C00042,nd1T00002,nd1E00077,nd1N00006,"nd1I00015\,stdI00002",,Inside,592810,No,,No,No,No,Female,1989,Unknown,
412637,nd6R68968,05831d572,4/15/10 15:24,nd1S05831,Right,Brown,No,nd1C00042,nd1T00016,nd1E00077,nd1N00020,"nd1I00004\,stdI00002",,Inside,602139,No,,No,No,No,Female,1989,Unknown,
418664,nd6R74932,05831d589,4/15/10 15:24,nd1S05831,Right,Brown,No,nd1C00042,nd1T00002,nd1E00077,nd1N00006,"nd1I00017\,stdI00002",,Inside,608166,No,,No,No,No,Female,1989,Unknown,
418665,nd6R74933,05831d590,4/15/10 15:24,nd1S05831,Right,Brown,No,nd1C00042,nd1T00002,nd1E00077,nd1N00006,"nd1I00015\,stdI00002",,Inside,608167,No,,No,No,No,Female,1989,Unknown,
418666,nd6R74934,05831d591,4/15/10 15:24,nd1S05831,Right,Brown,No,nd1C00042,nd1T00002,nd1E00077,nd1N00006,"nd1I00016\,stdI00002",,Inside,608168,No,,No,No,No,Female,1989,Unknown,
418668,nd6R74936,05831d593,4/15/10 15:24,nd1S05831,Right,Brown,No,nd1C00042,nd1T00002,nd1E00077,nd1N00006,"nd1I00015\,stdI00002",,Inside,608170,No,,No,No,No,Female,1989,Unknown,
418669,nd6R74937,05831d594,4/15/10 15:24,nd1S05831,Right,Brown,No,nd1C00042,nd1T00002,nd1E00077,nd1N00006,"nd1I00016\,stdI00002",,Inside,608171,No,,No,No,No,Female,1989,Unknown,
418670,nd6R74938,05831d595,4/15/10 15:24,nd1S05831,Right,Brown,No,nd1C00042,nd1T00002,nd1E00077,nd1N00006,"nd1I00017\,stdI00002",,Inside,608172,No,,No,No,No,Female,1989,Unknown,off-axis
418671,nd6R74939,05831d596,4/15/10 15:24,nd1S05831,Right,Brown,No,nd1C00042,nd1T00002,nd1E00077,nd1N00006,"nd1I00015\,stdI00002",,Inside,608173,No,,No,No,No,Female,1989,Unknown,
418673,nd6R74941,05831d598,4/15/10 15:24,nd1S05831,Right,Brown,No,nd1C00042,nd1T00002,nd1E00077,nd1N00006,"nd1I00017\,stdI00002",,Inside,608175,No,,No,No,No,Female,1989,Unknown,
418674,nd6R74942,05831d599,4/15/10 15:24,nd1S05831,Right,Brown,No,nd1C00042,nd1T00002,nd1E00077,nd1N00006,"nd1I00015\,stdI00002",,Inside,608176,No,,No,No,No,Female,1989,Unknown,
420410,nd6R76670,05831d601,4/28/10 16:11,nd1S05831,Right,Brown,No,nd1C00042,nd1T00016,nd1E00077,nd1N00020,"nd1I00004\,stdI00002",,Inside,609912,No,,No,No,No,Female,1989,Unknown,
425562,nd6R81510,05831d620,4/28/10 16:11,nd1S05831,Right,Brown,No,nd1C00042,nd1T00002,nd1E00077,nd1N00006,"nd1I00015\,stdI00002",,Inside,615064,No,,No,No,No,Female,1989,Unknown,
425563,nd6R81511,05831d621,4/28/10 16:11,nd1S05831,Right,Brown,No,nd1C00042,nd1T00002,nd1E00077,nd1N00006,"nd1I00016\,stdI00002",,Inside,615065,No,,No,No,No,Female,1989,Unknown,
425564,nd6R81512,05831d622,4/28/10 16:11,nd1S05831,Right,Brown,No,nd1C00042,nd1T00002,nd1E00077,nd1N00006,"nd1I00017\,stdI00002",,Inside,615066,No,,No,No,No,Female,1989,Unknown,
425566,nd6R81514,05831d624,4/28/10 16:11,nd1S05831,Right,Brown,No,nd1C00042,nd1T00002,nd1E00077,nd1N00006,"nd1I00016\,stdI00002",,Inside,615068,No,,No,No,No,Female,1989,Unknown,
425567,nd6R81515,05831d625,4/28/10 16:11,nd1S05831,Right,Brown,No,nd1C00042,nd1T00002,nd1E00077,nd1N00006,"nd1I00017\,stdI00002",,Inside,615069,No,,No,No,No,Female,1989,Unknown,
425569,nd6R81517,05831d627,4/28/10 16:11,nd1S05831,Right,Brown,No,nd1C00042,nd1T00002,nd1E00077,nd1N00006,"nd1I00016\,stdI00002",,Inside,615071,No,,No,No,No,Female,1989,Unknown,
425571,nd6R81519,05831d629,4/28/10 16:11,nd1S05831,Right,Brown,No,nd1C00042,nd1T00002,nd1E00077,nd1N00006,"nd1I00015\,stdI00002",,Inside,615073,No,,No,No,No,Female,1989,Unknown,
237483,nd5R05579,05832d54,1/22/09 0:00,nd1S05832,Right,Brown,No,nd1C00033,nd1T00014,nd1E00074,nd1N00006,"nd1I00017\,stdI00002",nd1I00012,Inside,314238,No,,No,No,No,Female,1988,White,
238292,nd5R06387,05832d66,1/22/09 0:00,nd1S05832,Right,Brown,No,nd1C00033,nd1T00014,nd1E00054,nd1N00020,nd1I00013,nd1I00013,Inside,315047,No,,No,No,No,Female,1988,White,
318801,nd5R28314,05832d107,2/19/09 0:00,nd1S05832,Right,Brown,No,nd1C00033,nd1T00014,nd1E00074,nd1N00006,"nd1I00015\,stdI00002",nd1I00012,Inside,406304,No,,No,No,No,Female,1988,White,
381201,nd6R38902,05832d286,1/26/10 15:28,nd1S05832,Right,Brown,No,nd1C00042,nd1T00016,nd1E00075,nd1N00020,nd1I00004,nd1I00004,Inside,536861,No,,No,No,No,Female,1988,White,
391468,,,2/9/10 15:32,nd1S05832,Right,Brown,No,,nd1T00002,nd1E00075,nd1N00006,"nd1I00017\,stdI00002",nd1I00013,Inside,556678,No,,No,No,No,Female,1988,White,
402361,nd6R59029,05832d366,2/25/10 15:22,nd1S05832,Right,Brown,No,nd1C00042,nd1T00002,nd1E00077,nd1N00006,"nd1I00016\,stdI00002",,Inside,584935,No,,No,No,No,Female,1988,White,
414680,nd6R70998,05832d394,4/13/10 15:23,nd1S05832,Right,Brown,No,nd1C00042,nd1T00002,nd1E00077,nd1N00006,"nd1I00017\,stdI00002",,Inside,604182,No,,No,No,No,Female,1988,White,off-axis
414684,nd6R71002,05832d398,4/13/10 15:23,nd1S05832,Right,Brown,No,nd1C00042,nd1T00002,nd1E00077,nd1N00006,"nd1I00015\,stdI00002",,Inside,604186,No,,No,No,No,Female,1988,White,
265605,nd5R16940,05842d81,2/3/09 0:00,nd1S05842,Left,Brown,No,nd1C00033,nd1T00014,nd1E00074,nd1N00006,"nd1I00016\,stdI00002",nd1I00012,Inside,344665,Yes,Soft,No,No,No,Male,1990,White,"contacts-soft-given\,contacts-given"
265608,nd5R16942,05842d83,2/3/09 0:00,nd1S05842,Left,Brown,No,nd1C00033,nd1T00014,nd1E00074,nd1N00006,"nd1I00015\,stdI00002",nd1I00012,Inside,344668,Yes,Soft,No,No,No,Male,1990,White,"contacts-soft-given\,contacts-given"
267671,nd5R18756,05842d107,2/3/09 0:00,nd1S05842,Left,Brown,No,nd1C00033,nd1T00014,nd1E00054,nd1N00020,nd1I00013,nd1I00013,Inside,346731,Yes,Soft,No,No,No,Male,1990,White,"contacts-soft-given\,contacts-given"
313471,nd5R33631,05842d164,2/17/09 0:00,nd1S05842,Left,Brown,No,nd1C00033,nd1T00014,nd1E00074,nd1N00006,"nd1I00016\,stdI00002",nd1I00012,Inside,397878,Yes,Soft,No,No,No,Male,1990,White,"contacts-soft-given\,contacts-given"
313473,nd5R33629,05842d162,2/17/09 0:00,nd1S05842,Left,Brown,No,nd1C00033,nd1T00014,nd1E00074,nd1N00006,"nd1I00015\,stdI00002",nd1I00012,Inside,397880,Yes,Soft,No,No,No,Male,1990,White,"contacts-soft-given\,contacts-given"
321963,nd5R25171,05842d138,3/3/09 0:00,nd1S05842,Left,Brown,No,nd1C00033,nd1T00014,nd1E00074,nd1N00006,"nd1I00015\,stdI00002",nd1I00012,Inside,411551,Yes,Soft,No,No,No,Male,1990,White,"contacts-soft-given\,contacts-given"
329976,nd5R14278,05842d76,3/24/09 0:00,nd1S05842,Left,Brown,No,nd1C00033,nd1T00014,nd1E00074,nd1N00006,"nd1I00017\,stdI00002",nd1I00012,Inside,427801,Yes,Soft,No,No,No,Male,1990,White,"contacts-soft-given\,contacts-given"
329978,nd5R14276,05842d74,3/24/09 0:00,nd1S05842,Left,Brown,No,nd1C00033,nd1T00014,nd1E00074,nd1N00006,"nd1I00016\,stdI00002",nd1I00012,Inside,427803,Yes,Soft,No,No,No,Male,1990,White,"contacts-soft-given\,contacts-given"
331691,nd5R12569,05842d54,3/24/09 0:00,nd1S05842,Left,Brown,No,nd1C00033,nd1T00014,nd1E00054,nd1N00020,nd1I00013,nd1I00013,Inside,429516,Yes,Soft,No,No,No,Male,1990,White,"contacts-soft-given\,contacts-given"
369446,nd6R34788,05842d319,12/2/09 0:00,nd1S05842,Left,Brown,No,nd1C00041,nd1T00002,nd1E00075,nd1N00006,"nd1I00015\,stdI00002",nd1I00004,Inside,521228,Yes,Soft,No,No,No,Male,1990,White,"contacts-Category1\,contacts-soft-given\,contacts-given"
369449,nd6R34791,05842d322,12/2/09 0:00,nd1S05842,Left,Brown,No,nd1C00041,nd1T00002,nd1E00075,nd1N00006,"nd1I00015\,stdI00002",nd1I00004,Inside,521231,Yes,Soft,No,No,No,Male,1990,White,"contacts-Category1\,contacts-soft-given\,contacts-given"
374381,nd6R23201,05842d295,11/3/09 0:00,nd1S05842,Left,Brown,No,nd1C00041,nd1T00002,nd1E00075,nd1N00006,"nd1I00015\,stdI00002",nd1I00004,Inside,527997,Yes,Soft,No,No,No,Male,1990,White,"contacts-soft-given\,contacts-given"
374386,,,11/3/09 0:00,nd1S05842,Left,Brown,No,,nd1T00002,nd1E00075,nd1N00006,"nd1I00017\,stdI00002",nd1I00004,Inside,528002,Yes,Soft,No,No,No,Male,1990,White,"contacts-soft-given\,contacts-given"
389595,nd6R46476,05842d343,2/11/10 13:54,nd1S05842,Left,Brown,No,nd1C00042,nd1T00016,nd1E00075,nd1N00020,nd1I00004,nd1I00004,Inside,554805,Yes,Soft,No,No,No,Male,1990,White,"contacts-given\,contacts-soft-given"
394785,nd6R51590,05842d353,2/11/10 13:54,nd1S05842,Left,Brown,No,nd1C00042,nd1T00002,nd1E00075,nd1N00006,"nd1I00016\,stdI00002",nd1I00013,Inside,559995,Yes,Soft,No,No,No,Male,1990,White,"contacts-given\,contacts-soft-given"
397108,nd6R53820,05842d371,2/25/10 13:52,nd1S05842,Left,Brown,No,nd1C00042,nd1T00016,nd1E00077,nd1N00020,"nd1I00004\,stdI00002",,Inside,579682,Yes,Soft,No,No,No,Male,1990,White,"contacts-given\,contacts-soft-given"
401718,nd6R58388,05842d379,2/25/10 13:52,nd1S05842,Left,Brown,No,nd1C00042,nd1T00002,nd1E00077,nd1N00006,"nd1I00015\,stdI00002",,Inside,584292,Yes,Soft,No,No,No,Male,1990,White,"contacts-given\,contacts-soft-given"
401719,nd6R58389,05842d380,2/25/10 13:52,nd1S05842,Left,Brown,No,nd1C00042,nd1T00002,nd1E00077,nd1N00006,"nd1I00016\,stdI00002",,Inside,584293,Yes,Soft,No,No,No,Male,1990,White,"contacts-given\,contacts-soft-given"
401724,nd6R58394,05842d385,2/25/10 13:52,nd1S05842,Left,Brown,No,nd1C00042,nd1T00002,nd1E00077,nd1N00006,"nd1I00015\,stdI00002",,Inside,584298,Yes,Soft,No,No,No,Male,1990,White,"contacts-given\,contacts-soft-given"
405564,nd6R62208,05842d411,3/16/10 13:51,nd1S05842,Left,Brown,No,nd1C00042,nd1T00002,nd1E00077,nd1N00006,"nd1I00017\,stdI00002",,Inside,588138,Yes,Soft,No,No,No,Male,1990,White,"contacts-given\,contacts-soft-given"
405565,nd6R62209,05842d412,3/16/10 13:51,nd1S05842,Left,Brown,No,nd1C00042,nd1T00002,nd1E00077,nd1N00006,"nd1I00015\,stdI00002",,Inside,588139,Yes,Soft,No,No,No,Male,1990,White,"contacts-given\,contacts-soft-given"
405566,nd6R62210,05842d413,3/16/10 13:51,nd1S05842,Left,Brown,No,nd1C00042,nd1T00002,nd1E00077,nd1N00006,"nd1I00016\,stdI00002",,Inside,588140,Yes,Soft,No,No,No,Male,1990,White,"contacts-given\,contacts-soft-given"
405567,nd6R62211,05842d414,3/16/10 13:51,nd1S05842,Left,Brown,No,nd1C00042,nd1T00002,nd1E00077,nd1N00006,"nd1I00017\,stdI00002",,Inside,588141,Yes,Soft,No,No,No,Male,1990,White,"contacts-given\,contacts-soft-given"
405568,nd6R62212,05842d415,3/16/10 13:51,nd1S05842,Left,Brown,No,nd1C00042,nd1T00002,nd1E00077,nd1N00006,"nd1I00015\,stdI00002",,Inside,588142,Yes,Soft,No,No,No,Male,1990,White,"contacts-given\,contacts-soft-given"
412396,nd6R68727,05842d435,4/15/10 13:49,nd1S05842,Left,Brown,No,nd1C00042,nd1T00016,nd1E00077,nd1N00020,"nd1I00004\,stdI00002",,Inside,601898,Yes,Soft,No,No,No,Male,1990,White,"contacts-given\,contacts-soft-given"
417656,nd6R73943,05842d438,4/15/10 13:49,nd1S05842,Left,Brown,No,nd1C00042,nd1T00002,nd1E00077,nd1N00006,"nd1I00017\,stdI00002",,Inside,607158,Yes,Soft,No,No,No,Male,1990,White,"contacts-given\,contacts-soft-given"
417658,nd6R73945,05842d440,4/15/10 13:49,nd1S05842,Left,Brown,No,nd1C00042,nd1T00002,nd1E00077,nd1N00006,"nd1I00016\,stdI00002",,Inside,607160,Yes,Soft,No,No,No,Male,1990,White,"contacts-given\,contacts-soft-given"
417666,nd6R73953,05842d448,4/15/10 13:49,nd1S05842,Left,Brown,No,nd1C00042,nd1T00002,nd1E00077,nd1N00006,"nd1I00015\,stdI00002",,Inside,607168,Yes,Soft,No,No,No,Male,1990,White,"contacts-given\,contacts-soft-given"
421999,nd6R77973,05842d470,4/27/10 13:52,nd1S05842,Left,Brown,No,nd1C00042,nd1T00002,nd1E00077,nd1N00006,"nd1I00016\,stdI00002",,Inside,611501,Yes,Soft,No,No,No,Male,1990,White,"contacts-given\,contacts-soft-given"
422002,nd6R77976,05842d473,4/27/10 13:52,nd1S05842,Left,Brown,No,nd1C00042,nd1T00002,nd1E00077,nd1N00006,"nd1I00016\,stdI00002",,Inside,611504,Yes,Soft,No,No,No,Male,1990,White,"contacts-given\,contacts-soft-given"
446573,nd7R30373,05842d622,10/27/10 12:05,nd1S05842,Left,Brown,No,nd1C00055,nd1T00039,nd1E00085,nd1N00048,"nd1I00022\,stdI00002",,Inside,675030,Yes,Soft,No,No,No,Male,1990,White,"contacts-given\,contacts-soft-given"
446580,nd7R30380,05842d629,10/27/10 12:05,nd1S05842,Left,Brown,No,nd1C00055,nd1T00040,nd1E00085,nd1N00049,"nd1I00023\,stdI00002",,Inside,675037,Yes,Soft,No,No,No,Male,1990,White,"contacts-given\,contacts-soft-given"
448743,nd1R636273,05842d659,11/9/10 11:02,nd1S05842,Left,Brown,No,nd1C00055,nd1T00039,nd1E00085,nd1N00048,"nd1I00022\,stdI00002",,Inside,681849,Yes,Soft,No,No,No,Male,1990,White,"contacts-given\,contacts-soft-given"
452101,nd1R645389,05842d700,11/30/10 11:06,nd1S05842,Left,Brown,No,nd1C00055,nd1T00049,nd1E00090,nd1N00049,"nd1I00023\,stdI00002",,Inside,692938,Yes,Soft,No,No,No,Male,1990,White,"contacts-given\,contacts-soft-given"
459311,nd1R658754,05842d736,11/30/10 11:06,nd1S05842,Left,Brown,No,nd1C00059,nd1T00052,nd1E00090,lg4000diff25,"nd1I00024\,stdI00002",,Inside,700706,No,,No,No,No,Male,1990,White,
465599,nd1R673145,05842d776,1/27/11 11:05,nd1S05842,Left,Brown,No,nd1C00062,nd1T00050,nd1E00093,nd1N00048,"nd1I00022\,stdI00002",,Inside,708620,No,,No,No,No,Male,1990,White,
465601,nd1R673147,05842d778,1/27/11 11:05,nd1S05842,Left,Brown,No,nd1C00062,nd1T00056,nd1E00093,nd1N00059,"nd1I00026\,stdI00002",,Inside,708622,No,,No,No,No,Male,1990,White,
465612,nd1R673157,05842d788,1/27/11 11:05,nd1S05842,Left,Brown,No,nd1C00062,nd1T00049,nd1E00093,nd1N00049,"nd1I00023\,stdI00002",,Inside,708633,No,,No,No,No,Male,1990,White,
465615,nd1R673160,05842d791,1/27/11 11:05,nd1S05842,Left,Brown,No,nd1C00062,nd1T00049,nd1E00093,nd1N00049,"nd1I00023\,stdI00002",,Inside,708636,No,,No,No,No,Male,1990,White,
474570,nd1R680497,05842d796,2/8/11 14:40,nd1S05842,Left,Brown,No,nd1C00062,nd1T00050,nd1E00093,nd1N00048,"nd1I00022\,stdI00002",,Inside,728048,No,,No,No,No,Male,1990,White,
490690,nd1R713491,05842d871,2/24/11 11:01,nd1S05842,Left,Brown,No,nd1C00062,nd1T00054,nd1E00093,nd1N00059,"nd1I00026\,stdI00002",,Inside,763754,Yes,Soft,No,No,No,Male,1990,White,
490696,nd1R713497,05842d877,2/24/11 11:01,nd1S05842,Left,Brown,No,nd1C00062,nd1T00053,nd1E00093,nd1N00059,"nd1I00026\,stdI00002",,Inside,763760,Yes,Soft,No,No,No,Male,1990,White,
493956,nd1R716737,05842d887,2/24/11 11:01,nd1S05842,Left,Brown,No,nd1C00062,nd1T00049,nd1E00093,nd1N00049,"nd1I00023\,stdI00002",,Inside,767020,Yes,Soft,No,No,No,Male,1990,White,
497888,nd1R789748,05842d1016,3/8/11 15:14,nd1S05842,Left,Brown,No,nd1C00062,nd1T00054,nd1E00093,nd1N00059,"nd1I00026\,stdI00002",,Inside,790112,Yes,Soft,No,No,No,Male,1990,White,
506388,nd1R798228,05842d1050,3/8/11 15:14,nd1S05842,Left,Brown,No,nd1C00062,nd1T00051,nd1E00093,nd1N00020,"nd1I00028\,stdI00002",,Inside,798670,Yes,Soft,No,No,No,Male,1990,White,
507343,nd1R830079,05842d1064,3/8/11 15:14,nd1S05842,Left,Brown,No,nd1C00059,nd1T00051,nd1E00093,lg4000diff30,"nd1I00028\,stdI00002",,Inside,799625,Yes,Soft,No,No,No,Male,1990,White,
564640,nd1R869803,05842d1156,4/28/11 11:01,nd1S05842,Left,Brown,No,nd1C00059,nd1T00051,nd1E00101,lg4000diff25,"nd1I00028\,stdI00002",,Inside,910225,Yes,Soft,No,No,No,Male,1990,White,
564641,nd1R869804,05842d1157,4/28/11 11:01,nd1S05842,Left,Brown,No,nd1C00059,nd1T00051,nd1E00101,lg4000diff25,"nd1I00027\,stdI00002",,Inside,910226,Yes,Soft,No,No,No,Male,1990,White,
565561,nd1R866020,05842d1135,4/28/11 11:01,nd1S05842,Left,Brown,No,nd1C00062,nd1T00054,nd1E00101,nd1N00059,"nd1I00026\,stdI00002",,Inside,911146,Yes,Soft,No,No,No,Male,1990,White,
565568,nd1R866027,05842d1142,4/28/11 11:01,nd1S05842,Left,Brown,No,nd1C00062,nd1T00053,nd1E00101,nd1N00059,"nd1I00026\,stdI00002",,Inside,911153,Yes,Soft,No,No,No,Male,1990,White,
366162,nd6R24891,05845d202,11/19/09 0:00,nd1S05845,Left,Brown,No,nd1C00041,nd1T00002,nd1E00075,nd1N00016,"nd1I00016\,stdI00002",nd1I00012,Inside,517944,Yes,Soft,Yes,No,No,Male,1989,White,"contacts-soft-given\,contacts-texture-given\,contacts-given"
366166,nd6R24887,05845d198,11/19/09 0:00,nd1S05845,Left,Brown,No,nd1C00041,nd1T00002,nd1E00075,nd1N00016,"nd1I00017\,stdI00002",nd1I00012,Inside,517948,Yes,Soft,Yes,No,No,Male,1989,White,"contacts-soft-given\,contacts-texture-given\,contacts-given"
366169,nd6R24884,05845d195,11/19/09 0:00,nd1S05845,Left,Brown,No,nd1C00041,nd1T00002,nd1E00075,nd1N00016,"nd1I00017\,stdI00002",nd1I00012,Inside,517951,Yes,Soft,Yes,No,No,Male,1989,White,"contacts-soft-given\,contacts-texture-given\,contacts-given"
367425,nd6R32784,05845d224,12/1/09 0:00,nd1S05845,Left,Brown,No,nd1C00041,nd1T00002,nd1E00075,nd1N00006,"nd1I00016\,stdI00002",nd1I00004,Inside,519207,No,,No,No,No,Male,1989,White,contacts-NoContacts
367426,nd6R32785,05845d225,12/1/09 0:00,nd1S05845,Left,Brown,No,nd1C00041,nd1T00002,nd1E00075,nd1N00006,"nd1I00017\,stdI00002",nd1I00004,Inside,519208,No,,No,No,No,Male,1989,White,contacts-NoContacts
367435,nd6R32794,05845d234,12/1/09 0:00,nd1S05845,Left,Brown,No,nd1C00041,nd1T00002,nd1E00075,nd1N00006,"nd1I00017\,stdI00002",nd1I00004,Inside,519217,No,,No,No,No,Male,1989,White,contacts-NoContacts
652626,nd1R1031047,05853d1588,2/23/12 15:20,nd1S05853,Left,Blue,No,nd1C00072,nd1T00051,nd1E00107,nd1N00074,"nd1I00027\,stdI00002",,Inside,1091857,Yes,Soft,Yes,Yes,No,Male,1991,White,
661526,nd1R1050973,05853d1644,3/8/12 12:20,nd1S05853,Left,Blue,No,nd1C00072,nd1T00049,nd1E00107,nd1N00079,"nd1I00023\,stdI00002",,Inside,1111272,Yes,Soft,Yes,Yes,No,Male,1991,White,
662669,nd1R1052114,05853d1659,3/8/12 12:20,nd1S05853,Left,Blue,No,nd1C00072,nd1T00051,nd1E00107,nd1N00074,"nd1I00027\,stdI00002",,Inside,1112415,Yes,Soft,Yes,Yes,No,Male,1991,White,
663512,nd1R1052954,05853d1672,3/8/12 12:20,nd1S05853,Left,Blue,No,nd1C00072,nd1T00054,nd1E00107,nd1N00073,"nd1I00036\,stdI00002",,Inside,1113258,Yes,Soft,Yes,Yes,No,Male,1991,White,
663513,nd1R1052955,05853d1673,3/8/12 12:20,nd1S05853,Left,Blue,No,nd1C00072,nd1T00054,nd1E00107,nd1N00073,"nd1I00036\,stdI00002",,Inside,1113259,Yes,Soft,Yes,Yes,No,Male,1991,White,
663518,nd1R1052960,05853d1678,3/8/12 12:20,nd1S05853,Left,Blue,No,nd1C00072,nd1T00053,nd1E00107,nd1N00073,"nd1I00036\,stdI00002",,Inside,1113264,Yes,Soft,Yes,Yes,No,Male,1991,White,
669036,nd1R1070055,05853d1744,3/28/12 13:49,nd1S05853,Left,Blue,No,nd1C00072,nd1T00049,nd1E00107,nd1N00079,"nd1I00023\,stdI00002",,Inside,1130328,Yes,Soft,Yes,Yes,No,Male,1991,White,
669709,nd1R1070728,05853d1771,3/28/12 13:49,nd1S05853,Left,Blue,No,nd1C00072,nd1T00050,nd1E00107,nd1N00048,"nd1I00022\,stdI00002",,Inside,1131001,Yes,Soft,Yes,Yes,No,Male,1991,White,
669710,nd1R1070729,05853d1772,3/28/12 13:49,nd1S05853,Left,Blue,No,nd1C00072,nd1T00053,nd1E00107,nd1N00073,"nd1I00036\,stdI00002",,Inside,1131002,Yes,Soft,Yes,Yes,No,Male,1991,White,
670473,nd1R1071492,05853d1774,3/28/12 13:49,nd1S05853,Left,Blue,No,nd1C00072,nd1T00051,nd1E00107,nd1N00074,"nd1I00027\,stdI00002",,Inside,1131765,Yes,Soft,Yes,Yes,No,Male,1991,White,
670476,nd1R1071495,05853d1777,3/28/12 13:49,nd1S05853,Left,Blue,No,nd1C00072,nd1T00051,nd1E00107,nd1N00074,"nd1I00028\,stdI00002",,Inside,1131768,Yes,Soft,Yes,Yes,No,Male,1991,White,
652633,nd1R1031054,05853d1595,2/23/12 15:20,nd1S05853,Right,Blue,No,nd1C00072,nd1T00051,nd1E00107,nd1N00074,"nd1I00028\,stdI00002",,Inside,1091864,Yes,Soft,Yes,No,No,Male,1991,White,
662678,nd1R1052123,05853d1668,3/8/12 12:20,nd1S05853,Right,Blue,No,nd1C00072,nd1T00051,nd1E00107,nd1N00074,"nd1I00027\,stdI00002",,Inside,1112424,Yes,Soft,Yes,No,No,Male,1991,White,
663514,nd1R1052956,05853d1674,3/8/12 12:20,nd1S05853,Right,Blue,No,nd1C00072,nd1T00054,nd1E00107,nd1N00073,"nd1I00036\,stdI00002",,Inside,1113260,Yes,Soft,Yes,No,No,Male,1991,White,
663516,nd1R1052958,05853d1676,3/8/12 12:20,nd1S05853,Right,Blue,No,nd1C00072,nd1T00054,nd1E00107,nd1N00073,"nd1I00036\,stdI00002",,Inside,1113262,Yes,Soft,Yes,No,No,Male,1991,White,
663517,nd1R1052959,05853d1677,3/8/12 12:20,nd1S05853,Right,Blue,No,nd1C00072,nd1T00054,nd1E00107,nd1N00073,"nd1I00036\,stdI00002",,Inside,1113263,Yes,Soft,Yes,No,No,Male,1991,White,
663525,nd1R1052967,05853d1685,3/8/12 12:20,nd1S05853,Right,Blue,No,nd1C00072,nd1T00053,nd1E00107,nd1N00073,"nd1I00036\,stdI00002",,Inside,1113271,Yes,Soft,Yes,No,No,Male,1991,White,
669040,nd1R1070059,05853d1748,3/28/12 13:49,nd1S05853,Right,Blue,No,nd1C00072,nd1T00049,nd1E00107,nd1N00079,"nd1I00023\,stdI00002",,Inside,1130332,Yes,Soft,Yes,No,No,Male,1991,White,
670484,nd1R1071503,05853d1785,3/28/12 13:49,nd1S05853,Right,Blue,No,nd1C00072,nd1T00051,nd1E00107,nd1N00074,"nd1I00027\,stdI00002",,Inside,1131776,Yes,Soft,Yes,No,No,Male,1991,White,
325828,nd5R21325,05854d77,3/4/09 0:00,nd1S05854,Right,Blue,No,nd1C00033,nd1T00014,nd1E00074,nd1N00006,"nd1I00017\,stdI00002",nd1I00012,Inside,417382,Yes,Soft,Yes,No,No,Male,1988,White,"contacts-soft-given\,contacts-texture-given\,contacts-given"
390722,,,2/9/10 14:00,nd1S05854,Right,Blue,No,,nd1T00002,nd1E00075,nd1N00006,"nd1I00015\,stdI00002",nd1I00013,Inside,555932,No,,No,No,No,Male,1988,White,
390731,,,2/9/10 14:00,nd1S05854,Right,Blue,No,,nd1T00002,nd1E00075,nd1N00006,"nd1I00015\,stdI00002",nd1I00013,Inside,555941,No,,No,No,No,Male,1988,White,
396769,nd6R53483,05854d208,2/24/10 14:11,nd1S05854,Right,Blue,No,nd1C00042,nd1T00016,nd1E00077,nd1N00020,"nd1I00004\,stdI00002",,Inside,579343,No,,No,No,No,Male,1988,White,
400239,nd6R56933,05854d242,2/24/10 14:11,nd1S05854,Right,Blue,No,nd1C00042,nd1T00002,nd1E00077,nd1N00006,"nd1I00015\,stdI00002",,Inside,582813,No,,No,No,No,Male,1988,White,
422163,nd6R78136,05854d335,4/27/10 14:00,nd1S05854,Right,Blue,No,nd1C00042,nd1T00002,nd1E00077,nd1N00006,"nd1I00015\,stdI00002",,Inside,611665,Yes,Soft,No,No,No,Male,1988,White,"contacts-given\,contacts-soft-given"
665310,nd1R1066356,05856d2056,3/27/12 15:56,nd1S05856,Left,Blue,No,nd1C00072,nd1T00049,nd1E00107,nd1N00079,"nd1I00023\,stdI00002",,Inside,1126602,Yes,Soft,No,No,No,Male,1991,White,
666934,nd1R1067968,05856d2072,3/27/12 15:56,nd1S05856,Left,Blue,No,nd1C00072,nd1T00051,nd1E00107,nd1N00074,"nd1I00028\,stdI00002",,Inside,1128226,Yes,Soft,No,No,No,Male,1991,White,
668105,,,3/27/12 15:56,nd1S05856,Left,Blue,No,,nd1T00053,nd1E00107,nd1N00073,"nd1I00036\,stdI00002",,Inside,1129397,Yes,Soft,No,No,No,Male,1991,White,
668106,nd1R1069127,05856d2085,3/27/12 15:56,nd1S05856,Left,Blue,No,nd1C00072,nd1T00053,nd1E00107,nd1N00073,"nd1I00036\,stdI00002",,Inside,1129398,Yes,Soft,No,No,No,Male,1991,White,
668117,nd1R1069138,05856d2096,3/27/12 15:56,nd1S05856,Left,Blue,No,nd1C00072,nd1T00054,nd1E00107,nd1N00073,"nd1I00036\,stdI00002",,Inside,1129409,Yes,Soft,No,No,No,Male,1991,White,
648116,nd1R1026549,05856d1900,2/22/12 14:53,nd1S05856,Right,Blue,No,nd1C00072,nd1T00050,nd1E00107,nd1N00048,"nd1I00022\,stdI00002",,Inside,1087347,Yes,Soft,No,No,No,Male,1991,White,
665313,nd1R1066359,05856d2059,3/27/12 15:56,nd1S05856,Right,Blue,No,nd1C00072,nd1T00049,nd1E00107,nd1N00079,"nd1I00023\,stdI00002",,Inside,1126605,Yes,Soft,No,No,No,Male,1991,White,
306907,nd5R35389,05856d185,2/4/09 0:00,nd1S05856,Right,Blue,No,nd1C00033,nd1T00014,nd1E00074,nd1N00006,"nd1I00015\,stdI00002",nd1I00012,Inside,387109,Yes,Soft,No,No,No,Male,1991,White,"contacts-soft-given\,contacts-given"
367950,nd6R33306,05856d354,12/2/09 0:00,nd1S05856,Right,Blue,No,nd1C00041,nd1T00002,nd1E00075,nd1N00006,"nd1I00016\,stdI00002",nd1I00004,Inside,519732,Yes,Soft,No,No,No,Male,1991,White,"contacts-Category1\,contacts-soft-given\,contacts-given"
376274,,,11/4/09 0:00,nd1S05856,Right,Blue,No,,nd1T00002,nd1E00075,nd1N00006,"nd1I00015\,stdI00002",nd1I00004,Inside,529890,Yes,Soft,No,No,No,Male,1991,White,"contacts-soft-given\,contacts-given"
385897,,,1/28/10 12:26,nd1S05856,Right,Blue,No,,nd1T00002,nd1E00075,nd1N00006,"nd1I00015\,stdI00002",nd1I00013,Inside,541557,Yes,Soft,No,No,No,Male,1991,White,"contacts-given\,contacts-soft-given"
403282,nd6R59943,05856d417,2/25/10 16:58,nd1S05856,Right,Blue,No,nd1C00042,nd1T00002,nd1E00077,nd1N00006,"nd1I00016\,stdI00002",,Inside,585856,Yes,,No,No,No,Male,1991,White,contacts-given
408935,nd6R65539,05856d447,3/18/10 12:23,nd1S05856,Right,Blue,No,nd1C00042,nd1T00002,nd1E00077,nd1N00006,"nd1I00016\,stdI00002",,Inside,591509,Yes,Soft,No,No,No,Male,1991,White,"contacts-given\,contacts-soft-given"
408940,nd6R65544,05856d452,3/18/10 12:23,nd1S05856,Right,Blue,No,nd1C00042,nd1T00002,nd1E00077,nd1N00006,"nd1I00015\,stdI00002",,Inside,591514,Yes,Soft,No,No,No,Male,1991,White,"contacts-given\,contacts-soft-given"
411301,nd6R67637,05856d454,4/13/10 12:30,nd1S05856,Right,Blue,No,nd1C00042,nd1T00016,nd1E00077,nd1N00020,"nd1I00004\,stdI00002",,Inside,600803,Yes,,No,No,No,Male,1991,White,contacts-given
459896,nd1R658079,05856d658,11/30/10 16:46,nd1S05856,Right,Blue,No,nd1C00059,nd1T00052,nd1E00090,lg4000diff25,"nd1I00024\,stdI00002",,Inside,701291,No,,No,No,No,Male,1991,White,
464478,nd1R672105,05856d702,1/26/11 14:32,nd1S05856,Right,Blue,No,nd1C00062,nd1T00054,nd1E00093,nd1N00059,"nd1I00026\,stdI00002",,Inside,707499,No,,No,No,No,Male,1991,White,
464480,nd1R672106,05856d703,1/26/11 14:32,nd1S05856,Right,Blue,No,nd1C00062,nd1T00054,nd1E00093,nd1N00059,"nd1I00026\,stdI00002",,Inside,707501,No,,No,No,No,Male,1991,White,
483545,nd1R707648,05856d841,2/22/11 14:39,nd1S05856,Right,Blue,No,nd1C00062,nd1T00050,nd1E00093,nd1N00048,"nd1I00022\,stdI00002",,Inside,756609,Yes,Soft,No,No,No,Male,1991,White,
484263,nd1R827911,05856d1164,2/22/11 14:39,nd1S05856,Right,Blue,No,nd1C00059,nd1T00051,nd1E00093,lg4000diff30,"nd1I00029\,stdI00002",,Inside,757327,Yes,Soft,No,No,No,Male,1991,White,
507224,nd1R829960,05856d1175,3/8/11 14:44,nd1S05856,Right,Blue,No,nd1C00059,nd1T00051,nd1E00093,lg4000diff30,"nd1I00028\,stdI00002",,Inside,799506,Yes,Soft,No,No,No,Male,1991,White,
538308,nd1R852066,05856d1253,4/12/11 14:41,nd1S05856,Right,Blue,No,nd1C00062,nd1T00050,nd1E00101,nd1N00048,"nd1I00022\,stdI00002",,Inside,862492,Yes,Soft,No,No,No,Male,1991,White,
541831,nd1R867633,05856d1318,4/12/11 14:41,nd1S05856,Right,Blue,No,nd1C00059,nd1T00051,nd1E00101,lg4000diff20,"nd1I00027\,stdI00002",,Inside,866015,Yes,Soft,No,No,No,Male,1991,White,
584565,nd1R905480,05856d1447,9/27/11 15:20,nd1S05856,Right,Blue,No,nd1C00068,nd1T00049,nd1E00107,nd1N00077,"nd1I00023\,stdI00002",,Inside,962816,Yes,Soft,No,No,No,Male,1991,White,
659400,nd1R1048851,05857d1874,3/8/12 11:40,nd1S05857,Left,Green,No,nd1C00072,nd1T00049,nd1E00107,nd1N00079,"nd1I00023\,stdI00002",,Inside,1109146,No,,No,No,No,Female,1990,White,
659409,nd1R1048860,05857d1875,3/8/12 11:40,nd1S05857,Left,Green,No,nd1C00072,nd1T00049,nd1E00107,nd1N00079,"nd1I00023\,stdI00002",,Inside,1109155,No,,No,No,No,Female,1990,White,
661401,nd1R1050848,05857d1881,3/8/12 11:40,nd1S05857,Left,Green,No,nd1C00072,nd1T00054,nd1E00107,nd1N00073,"nd1I00036\,stdI00002",,Inside,1111147,No,,No,No,No,Female,1990,White,
661415,nd1R1050862,05857d1895,3/8/12 11:40,nd1S05857,Left,Green,No,nd1C00072,nd1T00053,nd1E00107,nd1N00073,"nd1I00036\,stdI00002",,Inside,1111161,No,,No,No,No,Female,1990,White,
662003,nd1R1051448,05857d1909,3/8/12 11:40,nd1S05857,Left,Green,No,nd1C00072,nd1T00050,nd1E00107,nd1N00048,"nd1I00022\,stdI00002",,Inside,1111749,No,,No,No,No,Female,1990,White,
662005,nd1R1051450,05857d1911,3/8/12 11:40,nd1S05857,Left,Green,No,nd1C00072,nd1T00050,nd1E00107,nd1N00048,"nd1I00022\,stdI00002",,Inside,1111751,No,,No,No,No,Female,1990,White,
662007,nd1R1051452,05857d1913,3/8/12 11:40,nd1S05857,Left,Green,No,nd1C00072,nd1T00050,nd1E00107,nd1N00048,"nd1I00022\,stdI00002",,Inside,1111753,No,,No,No,No,Female,1990,White,
662536,nd1R1051981,05857d1915,3/8/12 11:40,nd1S05857,Left,Green,No,nd1C00072,nd1T00051,nd1E00107,nd1N00074,"nd1I00027\,stdI00002",,Inside,1112282,No,,No,No,No,Female,1990,White,
662537,nd1R1051982,05857d1916,3/8/12 11:40,nd1S05857,Left,Green,No,nd1C00072,nd1T00051,nd1E00107,nd1N00074,"nd1I00027\,stdI00002",,Inside,1112283,No,,No,No,No,Female,1990,White,
662538,nd1R1051983,05857d1917,3/8/12 11:40,nd1S05857,Left,Green,No,nd1C00072,nd1T00051,nd1E00107,nd1N00074,"nd1I00027\,stdI00002",,Inside,1112284,No,,No,No,No,Female,1990,White,
662539,nd1R1051984,05857d1918,3/8/12 11:40,nd1S05857,Left,Green,No,nd1C00072,nd1T00051,nd1E00107,nd1N00074,"nd1I00028\,stdI00002",,Inside,1112285,No,,No,No,No,Female,1990,White,
662540,nd1R1051985,05857d1919,3/8/12 11:40,nd1S05857,Left,Green,No,nd1C00072,nd1T00051,nd1E00107,nd1N00074,"nd1I00028\,stdI00002",,Inside,1112286,No,,No,No,No,Female,1990,White,
662541,nd1R1051986,05857d1920,3/8/12 11:40,nd1S05857,Left,Green,No,nd1C00072,nd1T00051,nd1E00107,nd1N00074,"nd1I00028\,stdI00002",,Inside,1112287,No,,No,No,No,Female,1990,White,
664999,nd1R1066045,05857d1971,3/27/12 13:50,nd1S05857,Left,Green,No,nd1C00072,nd1T00049,nd1E00107,nd1N00079,"nd1I00023\,stdI00002",,Inside,1126291,No,,No,No,No,Female,1990,White,
665630,nd1R1066673,05857d1979,3/27/12 13:50,nd1S05857,Left,Green,No,nd1C00072,nd1T00050,nd1E00107,nd1N00048,"nd1I00022\,stdI00002",,Inside,1126922,No,,No,No,No,Female,1990,White,
665634,nd1R1066677,05857d1983,3/27/12 13:50,nd1S05857,Left,Green,No,nd1C00072,nd1T00050,nd1E00107,nd1N00048,"nd1I00022\,stdI00002",,Inside,1126926,No,,No,No,No,Female,1990,White,
666455,nd1R1067495,05857d1985,3/27/12 13:50,nd1S05857,Left,Green,No,nd1C00072,nd1T00051,nd1E00107,nd1N00074,"nd1I00027\,stdI00002",,Inside,1127747,No,,No,No,No,Female,1990,White,
666457,nd1R1067497,05857d1986,3/27/12 13:50,nd1S05857,Left,Green,No,nd1C00072,nd1T00051,nd1E00107,nd1N00074,"nd1I00027\,stdI00002",,Inside,1127749,No,,No,No,No,Female,1990,White,
667337,nd1R1068370,05857d1997,3/27/12 13:50,nd1S05857,Left,Green,No,nd1C00072,nd1T00054,nd1E00107,nd1N00073,"nd1I00036\,stdI00002",,Inside,1128629,No,,No,No,No,Female,1990,White,
667347,nd1R1068380,05857d2007,3/27/12 13:50,nd1S05857,Left,Green,No,nd1C00072,nd1T00053,nd1E00107,nd1N00073,"nd1I00036\,stdI00002",,Inside,1128639,No,,No,No,No,Female,1990,White,
667348,nd1R1068381,05857d2008,3/27/12 13:50,nd1S05857,Left,Green,No,nd1C00072,nd1T00053,nd1E00107,nd1N00073,"nd1I00036\,stdI00002",,Inside,1128640,No,,No,No,No,Female,1990,White,
667349,nd1R1068382,05857d2009,3/27/12 13:50,nd1S05857,Left,Green,No,nd1C00072,nd1T00053,nd1E00107,nd1N00073,"nd1I00036\,stdI00002",,Inside,1128641,No,,No,No,No,Female,1990,White,
667350,nd1R1068383,05857d2010,3/27/12 13:50,nd1S05857,Left,Green,No,nd1C00072,nd1T00053,nd1E00107,nd1N00073,"nd1I00036\,stdI00002",,Inside,1128642,No,,No,No,No,Female,1990,White,
606989,nd1R978065,05857d1637,10/26/11 13:06,nd1S05857,Right,Green,No,nd1C00068,nd1T00049,nd1E00107,nd1N00077,"nd1I00023\,stdI00002",,Inside,1009791,No,,No,No,No,Female,1990,White,
610498,nd1R946167,05857d1492,10/26/11 13:06,nd1S05857,Right,Green,No,nd1C00068,nd1T00054,nd1E00107,nd1N00073,"nd1I00036\,stdI00002",,Inside,1013300,No,,No,No,No,Female,1990,White,
610508,nd1R946177,05857d1502,10/26/11 13:06,nd1S05857,Right,Green,No,nd1C00068,nd1T00053,nd1E00107,nd1N00073,"nd1I00036\,stdI00002",,Inside,1013310,No,,No,No,No,Female,1990,White,
610513,nd1R946182,05857d1507,10/26/11 13:06,nd1S05857,Right,Green,No,nd1C00068,nd1T00053,nd1E00107,nd1N00073,"nd1I00036\,stdI00002",,Inside,1013315,No,,No,No,No,Female,1990,White,
612729,nd1R946992,05857d1511,10/26/11 13:06,nd1S05857,Right,Green,No,nd1C00068,nd1T00050,nd1E00107,nd1N00048,"nd1I00022\,stdI00002",,Inside,1015531,No,,No,No,No,Female,1990,White,
621049,nd1R987806,05857d1646,11/9/11 13:11,nd1S05857,Right,Green,No,nd1C00068,nd1T00049,nd1E00107,nd1N00079,"nd1I00023\,stdI00002",,Inside,1035463,No,,No,No,No,Female,1990,White,
623859,nd1R990613,05857d1656,11/9/11 13:11,nd1S05857,Right,Green,No,nd1C00068,nd1T00054,nd1E00107,nd1N00073,"nd1I00036\,stdI00002",,Inside,1038273,No,,No,No,No,Female,1990,White,
625542,nd1R992290,05857d1672,11/9/11 13:11,nd1S05857,Right,Green,No,nd1C00068,nd1T00050,nd1E00107,nd1N00048,"nd1I00022\,stdI00002",,Inside,1039956,No,,No,No,No,Female,1990,White,
637599,nd1R1002858,05857d1706,2/9/12 13:53,nd1S05857,Right,Green,No,nd1C00072,nd1T00053,nd1E00107,nd1N00073,"nd1I00036\,stdI00002",,Inside,1063489,No,,No,No,No,Female,1990,White,
639223,nd1R1004045,05857d1715,2/9/12 13:53,nd1S05857,Right,Green,No,nd1C00072,nd1T00049,nd1E00107,nd1N00079,"nd1I00023\,stdI00002",,Inside,1065113,No,,No,No,No,Female,1990,White,
641057,nd1R1005478,05857d1734,2/9/12 13:53,nd1S05857,Right,Green,No,nd1C00072,nd1T00051,nd1E00107,nd1N00074,"nd1I00027\,stdI00002",,Inside,1066947,No,,No,No,No,Female,1990,White,
643212,nd1R1021655,05857d1800,2/21/12 11:59,nd1S05857,Right,Green,No,nd1C00072,nd1T00054,nd1E00107,nd1N00073,"nd1I00036\,stdI00002",,Inside,1082443,No,,No,No,No,Female,1990,White,
659427,nd1R1048878,05857d1877,3/8/12 11:40,nd1S05857,Right,Green,No,nd1C00072,nd1T00049,nd1E00107,nd1N00079,"nd1I00023\,stdI00002",,Inside,1109173,No,,No,No,No,Female,1990,White,
661413,nd1R1050860,05857d1893,3/8/12 11:40,nd1S05857,Right,Green,No,nd1C00072,nd1T00054,nd1E00107,nd1N00073,"nd1I00036\,stdI00002",,Inside,1111159,No,,No,No,No,Female,1990,White,
661425,nd1R1050872,05857d1905,3/8/12 11:40,nd1S05857,Right,Green,No,nd1C00072,nd1T00053,nd1E00107,nd1N00073,"nd1I00036\,stdI00002",,Inside,1111171,No,,No,No,No,Female,1990,White,
666466,nd1R1067506,05857d1995,3/27/12 13:50,nd1S05857,Right,Green,No,nd1C00072,nd1T00051,nd1E00107,nd1N00074,"nd1I00027\,stdI00002",,Inside,1127758,No,,No,No,No,Female,1990,White,
667345,nd1R1068378,05857d2005,3/27/12 13:50,nd1S05857,Right,Green,No,nd1C00072,nd1T00054,nd1E00107,nd1N00073,"nd1I00036\,stdI00002",,Inside,1128637,No,,No,No,No,Female,1990,White,
667358,nd1R1068391,05857d2018,3/27/12 13:50,nd1S05857,Right,Green,No,nd1C00072,nd1T00053,nd1E00107,nd1N00073,"nd1I00036\,stdI00002",,Inside,1128650,No,,No,No,No,Female,1990,White,
320116,nd5R27011,05857d112,2/19/09 0:00,nd1S05857,Right,Green,No,nd1C00033,nd1T00014,nd1E00054,nd1N00020,nd1I00013,nd1I00013,Inside,407619,No,,No,No,No,Female,1990,White,
323948,nd5R23190,05857d90,3/4/09 0:00,nd1S05857,Right,Green,No,nd1C00033,nd1T00014,nd1E00074,nd1N00006,"nd1I00017\,stdI00002",nd1I00012,Inside,415502,No,,No,No,No,Female,1990,White,
323950,nd5R23188,05857d88,3/4/09 0:00,nd1S05857,Right,Green,No,nd1C00033,nd1T00014,nd1E00074,nd1N00006,"nd1I00016\,stdI00002",nd1I00012,Inside,415504,No,,No,No,No,Female,1990,White,
323952,,,3/4/09 0:00,nd1S05857,Right,Green,No,,nd1T00014,nd1E00074,nd1N00006,"nd1I00015\,stdI00002",nd1I00012,Inside,415506,No,,No,No,No,Female,1990,White,
335175,nd5R09096,05857d65,3/26/09 0:00,nd1S05857,Right,Green,No,nd1C00033,nd1T00014,nd1E00074,nd1N00006,"nd1I00016\,stdI00002",nd1I00012,Inside,436187,No,,No,No,No,Female,1990,White,
335179,nd5R09092,05857d61,3/26/09 0:00,nd1S05857,Right,Green,No,nd1C00033,nd1T00014,nd1E00074,nd1N00006,"nd1I00017\,stdI00002",nd1I00012,Inside,436191,No,,No,No,No,Female,1990,White,
375699,nd6R21903,05857d298,11/4/09 0:00,nd1S05857,Right,Green,No,nd1C00041,nd1T00016,nd1E00075,nd1N00020,nd1I00013,nd1I00013,Inside,529315,No,,No,No,No,Female,1990,White,
375703,,,11/4/09 0:00,nd1S05857,Right,Green,No,,nd1T00016,nd1E00075,nd1N00020,nd1I00013,nd1I00013,Inside,529319,No,,No,No,No,Female,1990,White,
381527,nd6R39227,05857d336,1/27/10 14:53,nd1S05857,Right,Green,No,nd1C00042,nd1T00016,nd1E00075,nd1N00020,nd1I00004,nd1I00004,Inside,537187,No,,No,No,No,Female,1990,White,
393144,nd6R49981,05857d384,2/10/10 14:55,nd1S05857,Right,Green,No,nd1C00042,nd1T00002,nd1E00075,nd1N00006,"nd1I00016\,stdI00002",nd1I00013,Inside,558354,No,,No,No,No,Female,1990,White,
412501,nd6R68832,05857d423,4/15/10 14:34,nd1S05857,Right,Green,No,nd1C00042,nd1T00016,nd1E00077,nd1N00020,"nd1I00004\,stdI00002",,Inside,602003,No,,No,No,No,Female,1990,White,
446376,nd7R30176,05857d606,10/26/10 16:40,nd1S05857,Right,Green,No,nd1C00055,nd1T00039,nd1E00085,nd1N00048,"nd1I00022\,stdI00002",,Inside,674833,No,,No,No,No,Female,1990,White,
446381,nd7R30181,05857d611,10/26/10 16:40,nd1S05857,Right,Green,No,nd1C00055,nd1T00040,nd1E00085,nd1N00049,"nd1I00023\,stdI00002",,Inside,674838,No,,No,No,No,Female,1990,White,
468899,nd1R676237,05857d730,2/8/11 13:41,nd1S05857,Right,Green,No,nd1C00062,nd1T00053,nd1E00093,nd1N00059,"nd1I00026\,stdI00002",,Inside,722377,No,,No,No,No,Female,1990,White,
473627,nd1R682463,05857d751,2/8/11 13:41,nd1S05857,Right,Green,No,nd1C00062,nd1T00049,nd1E00093,nd1N00049,"nd1I00023\,stdI00002",,Inside,727105,No,,No,No,No,Female,1990,White,
485344,nd1R708727,05857d822,2/23/11 12:41,nd1S05857,Right,Green,No,nd1C00062,nd1T00050,nd1E00093,nd1N00048,"nd1I00022\,stdI00002",,Inside,758408,No,,No,No,No,Female,1990,White,
489126,nd1R711935,05857d834,2/23/11 12:41,nd1S05857,Right,Green,No,nd1C00062,nd1T00054,nd1E00093,nd1N00059,"nd1I00026\,stdI00002",,Inside,762190,No,,No,No,No,Female,1990,White,
489137,nd1R711946,05857d845,2/23/11 12:41,nd1S05857,Right,Green,No,nd1C00062,nd1T00053,nd1E00093,nd1N00059,"nd1I00026\,stdI00002",,Inside,762201,No,,No,No,No,Female,1990,White,
513921,nd1R803900,05857d1129,3/22/11 12:00,nd1S05857,Right,Green,No,nd1C00062,nd1T00049,nd1E00093,nd1N00049,"nd1I00023\,stdI00002",,Inside,821504,No,,No,No,No,Female,1990,White,
537615,nd1R851975,05857d1213,4/12/11 15:46,nd1S05857,Right,Green,No,nd1C00062,nd1T00049,nd1E00101,nd1N00049,"nd1I00023\,stdI00002",,Inside,861799,No,,No,No,No,Female,1990,White,
571312,nd1R881751,05857d1307,9/14/11 13:10,nd1S05857,Right,Green,No,nd1C00068,nd1T00049,nd1E00107,nd1N00077,"nd1I00023\,stdI00002",,Inside,936214,No,,No,No,No,Female,1990,White,
574082,nd1R883895,05857d1326,9/14/11 13:10,nd1S05857,Right,Green,No,nd1C00068,nd1T00051,nd1E00107,nd1N00074,"nd1I00027\,stdI00002",,Inside,938984,No,,No,No,No,Female,1990,White,
596928,nd1R975592,05857d1632,10/12/11 13:33,nd1S05857,Right,Green,No,nd1C00068,nd1T00049,nd1E00107,nd1N00077,"nd1I00023\,stdI00002",,Inside,988263,No,,No,No,No,Female,1990,White,
600073,nd1R940005,05857d1452,10/12/11 13:33,nd1S05857,Right,Green,No,nd1C00068,nd1T00054,nd1E00107,nd1N00073,"nd1I00036\,stdI00002",,Inside,991408,No,,No,No,No,Female,1990,White,
600088,nd1R940020,05857d1467,10/12/11 13:33,nd1S05857,Right,Green,No,nd1C00068,nd1T00053,nd1E00107,nd1N00073,"nd1I00036\,stdI00002",,Inside,991423,No,,No,No,No,Female,1990,White,
602080,nd1R941373,05857d1482,10/12/11 13:33,nd1S05857,Right,Green,No,nd1C00068,nd1T00051,nd1E00107,nd1N00074,"nd1I00028\,stdI00002",,Inside,993415,No,,No,No,No,Female,1990,White,
663921,,,3/8/12 13:44,nd1S05863,Left,Gray,No,,nd1T00053,nd1E00107,nd1N00073,"nd1I00036\,stdI00002",,Inside,1113667,No,,No,No,No,Male,1990,White,
672571,nd1R1073577,05863d567,3/29/12 15:27,nd1S05863,Left,Gray,No,nd1C00072,nd1T00049,nd1E00107,nd1N00079,"nd1I00023\,stdI00002",,Inside,1133863,No,,No,No,No,Male,1990,White,
307940,nd5R36419,05863d21,2/4/09 0:00,nd1S05863,Left,Gray,No,nd1C00033,nd1T00014,nd1E00074,nd1N00006,"nd1I00016\,stdI00002",nd1I00012,Inside,388142,No,,No,No,No,Male,1990,White,
307941,nd5R36420,05863d22,2/4/09 0:00,nd1S05863,Left,Gray,No,nd1C00033,nd1T00014,nd1E00074,nd1N00006,"nd1I00017\,stdI00002",nd1I00012,Inside,388143,No,,No,No,No,Male,1990,White,
307942,nd5R36421,05863d23,2/4/09 0:00,nd1S05863,Left,Gray,No,nd1C00033,nd1T00014,nd1E00074,nd1N00006,"nd1I00015\,stdI00002",nd1I00012,Inside,388144,No,,No,No,No,Male,1990,White,
307948,nd5R36427,05863d29,2/4/09 0:00,nd1S05863,Left,Gray,No,nd1C00033,nd1T00014,nd1E00074,nd1N00006,"nd1I00015\,stdI00002",nd1I00012,Inside,388150,No,,No,No,No,Male,1990,White,
338771,nd5R41498,05863d53,4/21/09 0:00,nd1S05863,Left,Gray,No,nd1C00033,nd1T00014,nd1E00074,nd1N00006,"nd1I00015\,stdI00002",nd1I00012,Inside,441936,No,,No,No,No,Male,1990,White,
338774,nd5R41501,05863d56,4/21/09 0:00,nd1S05863,Left,Gray,No,nd1C00033,nd1T00014,nd1E00074,nd1N00006,"nd1I00015\,stdI00002",nd1I00012,Inside,441939,No,,No,No,No,Male,1990,White,
340390,,,4/21/09 0:00,nd1S05863,Left,Gray,No,,nd1T00014,nd1E00054,nd1N00020,nd1I00013,nd1I00013,Inside,443555,No,,No,No,No,Male,1990,White,
418533,nd6R74804,05863d100,4/15/10 15:14,nd1S05863,Left,Gray,No,nd1C00042,nd1T00002,nd1E00077,nd1N00006,"nd1I00015\,stdI00002",,Inside,608035,No,,No,No,No,Male,1990,White,
418534,nd6R74805,05863d101,4/15/10 15:14,nd1S05863,Left,Gray,No,nd1C00042,nd1T00002,nd1E00077,nd1N00006,"nd1I00016\,stdI00002",,Inside,608036,No,,No,No,No,Male,1990,White,
418536,nd6R74807,05863d103,4/15/10 15:14,nd1S05863,Left,Gray,No,nd1C00042,nd1T00002,nd1E00077,nd1N00006,"nd1I00015\,stdI00002",,Inside,608038,No,,No,No,No,Male,1990,White,
418537,,,4/15/10 15:14,nd1S05863,Left,Gray,No,,nd1T00002,nd1E00077,nd1N00006,"nd1I00016\,stdI00002",,Inside,608039,No,,No,No,No,Male,1990,White,
418538,nd6R74808,05863d104,4/15/10 15:14,nd1S05863,Left,Gray,No,nd1C00042,nd1T00002,nd1E00077,nd1N00006,"nd1I00017\,stdI00002",,Inside,608040,No,,No,No,No,Male,1990,White,
418539,nd6R74809,05863d105,4/15/10 15:14,nd1S05863,Left,Gray,No,nd1C00042,nd1T00002,nd1E00077,nd1N00006,"nd1I00015\,stdI00002",,Inside,608041,No,,No,No,No,Male,1990,White,
418540,nd6R74810,05863d106,4/15/10 15:14,nd1S05863,Left,Gray,No,nd1C00042,nd1T00002,nd1E00077,nd1N00006,"nd1I00016\,stdI00002",,Inside,608042,No,,No,No,No,Male,1990,White,
420479,nd6R76739,05863d125,4/28/10 17:01,nd1S05863,Left,Gray,No,nd1C00042,nd1T00016,nd1E00077,nd1N00020,"nd1I00004\,stdI00002",,Inside,609981,No,,No,No,No,Male,1990,White,
425803,nd6R81750,05863d127,4/28/10 17:01,nd1S05863,Left,Gray,No,nd1C00042,nd1T00002,nd1E00077,nd1N00006,"nd1I00016\,stdI00002",,Inside,615305,No,,No,No,No,Male,1990,White,
425805,nd6R81752,05863d129,4/28/10 17:01,nd1S05863,Left,Gray,No,nd1C00042,nd1T00002,nd1E00077,nd1N00006,"nd1I00015\,stdI00002",,Inside,615307,No,,No,No,No,Male,1990,White,
425807,nd6R81754,05863d131,4/28/10 17:01,nd1S05863,Left,Gray,No,nd1C00042,nd1T00002,nd1E00077,nd1N00006,"nd1I00017\,stdI00002",,Inside,615309,No,,No,No,No,Male,1990,White,
425808,nd6R81755,05863d132,4/28/10 17:01,nd1S05863,Left,Gray,No,nd1C00042,nd1T00002,nd1E00077,nd1N00006,"nd1I00015\,stdI00002",,Inside,615310,No,,No,No,No,Male,1990,White,
425809,nd6R81756,05863d133,4/28/10 17:01,nd1S05863,Left,Gray,No,nd1C00042,nd1T00002,nd1E00077,nd1N00006,"nd1I00016\,stdI00002",,Inside,615311,No,,No,No,No,Male,1990,White,
449255,nd1R636785,05863d203,11/9/10 13:45,nd1S05863,Left,Gray,No,nd1C00055,nd1T00016,nd1E00085,nd1N00020,"nd1I00020\,stdI00002",,Inside,682361,No,,No,No,No,Male,1990,White,
449257,nd1R636787,05863d205,11/9/10 13:45,nd1S05863,Left,Gray,No,nd1C00055,nd1T00039,nd1E00085,nd1N00048,"nd1I00022\,stdI00002",,Inside,682363,No,,No,No,No,Male,1990,White,
449259,nd1R636789,05863d207,11/9/10 13:45,nd1S05863,Left,Gray,No,nd1C00055,nd1T00039,nd1E00085,nd1N00048,"nd1I00022\,stdI00002",,Inside,682365,No,,No,No,No,Male,1990,White,
452939,nd1R646224,05863d223,11/30/10 13:51,nd1S05863,Left,Gray,No,nd1C00055,nd1T00051,nd1E00090,nd1N00020,"nd1I00020\,stdI00002",,Inside,693776,No,,No,No,No,Male,1990,White,
452941,nd1R646226,05863d225,11/30/10 13:51,nd1S05863,Left,Gray,No,nd1C00055,nd1T00051,nd1E00090,nd1N00020,"nd1I00020\,stdI00002",,Inside,693778,No,,No,No,No,Male,1990,White,
452945,nd1R646230,05863d229,11/30/10 13:51,nd1S05863,Left,Gray,No,nd1C00055,nd1T00050,nd1E00090,nd1N00048,"nd1I00022\,stdI00002",,Inside,693782,No,,No,No,No,Male,1990,White,
452951,nd1R646236,05863d235,11/30/10 13:51,nd1S05863,Left,Gray,No,nd1C00055,nd1T00049,nd1E00090,nd1N00049,"nd1I00023\,stdI00002",,Inside,693788,No,,No,No,No,Male,1990,White,
459575,nd1R658398,05863d273,11/30/10 13:51,nd1S05863,Left,Gray,No,nd1C00059,nd1T00052,nd1E00090,lg4000diff25,"nd1I00024\,stdI00002",,Inside,700970,No,,No,No,No,Male,1990,White,
536225,nd1R814837,05863d343,4/13/11 16:25,nd1S05863,Left,Gray,No,nd1C00062,nd1T00054,nd1E00101,nd1N00059,"nd1I00026\,stdI00002",,Inside,860409,No,,No,No,No,Male,1990,White,
536228,nd1R814834,05863d340,4/13/11 16:25,nd1S05863,Left,Gray,No,nd1C00062,nd1T00054,nd1E00101,nd1N00059,"nd1I00026\,stdI00002",,Inside,860412,No,,No,No,No,Male,1990,White,
536229,nd1R814833,05863d339,4/13/11 16:25,nd1S05863,Left,Gray,No,nd1C00062,nd1T00054,nd1E00101,nd1N00059,"nd1I00026\,stdI00002",,Inside,860413,No,,No,No,No,Male,1990,White,
536238,nd1R814824,05863d330,4/13/11 16:25,nd1S05863,Left,Gray,No,nd1C00062,nd1T00053,nd1E00101,nd1N00059,"nd1I00026\,stdI00002",,Inside,860422,No,,No,No,No,Male,1990,White,
539317,nd1R852185,05863d392,4/13/11 16:25,nd1S05863,Left,Gray,No,nd1C00062,nd1T00049,nd1E00101,nd1N00049,"nd1I00023\,stdI00002",,Inside,863501,No,,No,No,No,Male,1990,White,
539958,nd1R852271,05863d400,4/13/11 16:25,nd1S05863,Left,Gray,No,nd1C00062,nd1T00050,nd1E00101,nd1N00048,"nd1I00022\,stdI00002",,Inside,864142,No,,No,No,No,Male,1990,White,
539962,nd1R852275,05863d404,4/13/11 16:25,nd1S05863,Left,Gray,No,nd1C00062,nd1T00050,nd1E00101,nd1N00048,"nd1I00022\,stdI00002",,Inside,864146,No,,No,No,No,Male,1990,White,
543025,nd1R852497,05863d406,4/13/11 16:25,nd1S05863,Left,Gray,No,nd1C00062,nd1T00051,nd1E00101,nd1N00020,"nd1I00027\,stdI00002",,Inside,867209,No,,No,No,No,Male,1990,White,
557924,nd1R860127,05863d414,4/27/11 16:12,nd1S05863,Left,Gray,No,nd1C00062,nd1T00054,nd1E00101,nd1N00059,"nd1I00026\,stdI00002",,Inside,903509,No,,No,No,No,Male,1990,White,
557927,nd1R860130,05863d417,4/27/11 16:12,nd1S05863,Left,Gray,No,nd1C00062,nd1T00054,nd1E00101,nd1N00059,"nd1I00026\,stdI00002",,Inside,903512,No,,No,No,No,Male,1990,White,
637412,nd1R1002691,05868d1751,2/9/12 13:29,nd1S05868,Left,Green,No,nd1C00072,nd1T00053,nd1E00107,nd1N00073,"nd1I00036\,stdI00002",,Inside,1063302,No,,No,No,No,Male,1990,White,
318289,nd5R28825,05868d141,2/19/09 0:00,nd1S05868,Left,Blue,No,nd1C00033,nd1T00014,nd1E00074,nd1N00006,"nd1I00016\,stdI00002",nd1I00012,Inside,405792,No,,No,No,No,Male,1990,White,
318291,nd5R28823,05868d139,2/19/09 0:00,nd1S05868,Left,Blue,No,nd1C00033,nd1T00014,nd1E00074,nd1N00006,"nd1I00015\,stdI00002",nd1I00012,Inside,405794,No,,No,No,No,Male,1990,White,
318292,nd5R28822,05868d138,2/19/09 0:00,nd1S05868,Left,Blue,No,nd1C00033,nd1T00014,nd1E00074,nd1N00006,"nd1I00016\,stdI00002",nd1I00012,Inside,405795,No,,No,No,No,Male,1990,White,
318293,nd5R28821,05868d137,2/19/09 0:00,nd1S05868,Left,Blue,No,nd1C00033,nd1T00014,nd1E00074,nd1N00006,"nd1I00017\,stdI00002",nd1I00012,Inside,405796,No,,No,No,No,Male,1990,White,
318294,nd5R28820,05868d136,2/19/09 0:00,nd1S05868,Left,Blue,No,nd1C00033,nd1T00014,nd1E00074,nd1N00006,"nd1I00015\,stdI00002",nd1I00012,Inside,405797,No,,No,No,No,Male,1990,White,
318299,nd5R28815,05868d131,2/19/09 0:00,nd1S05868,Left,Blue,No,nd1C00033,nd1T00014,nd1E00074,nd1N00006,"nd1I00017\,stdI00002",nd1I00012,Inside,405802,No,,No,No,No,Male,1990,White,
336017,nd5R08260,05868d73,3/26/09 0:00,nd1S05868,Left,Blue,No,nd1C00033,nd1T00014,nd1E00074,nd1N00006,"nd1I00015\,stdI00002",nd1I00012,Inside,437029,No,,No,No,No,Male,1990,White,
341910,nd5R44619,05868d175,4/22/09 0:00,nd1S05868,Left,Blue,No,nd1C00033,nd1T00014,nd1E00074,nd1N00006,"nd1I00016\,stdI00002",nd1I00012,Inside,446569,No,,No,No,No,Male,1990,White,
341914,nd5R44623,05868d179,4/22/09 0:00,nd1S05868,Left,Blue,No,nd1C00033,nd1T00014,nd1E00074,nd1N00006,"nd1I00017\,stdI00002",nd1I00012,Inside,446573,No,,No,No,No,Male,1990,White,
376550,,,11/4/09 0:00,nd1S05868,Left,Blue,No,,nd1T00002,nd1E00075,nd1N00006,"nd1I00015\,stdI00002",nd1I00004,Inside,530166,No,,No,No,No,Male,1990,White,
407448,nd6R64075,05868d440,3/17/10 12:41,nd1S05868,Left,Green,No,nd1C00042,nd1T00002,nd1E00077,nd1N00006,"nd1I00017\,stdI00002",,Inside,590022,No,,No,No,No,Male,1990,White,
425336,nd6R81285,05868d499,4/28/10 15:12,nd1S05868,Left,Green,No,nd1C00042,nd1T00002,nd1E00077,nd1N00006,"nd1I00017\,stdI00002",,Inside,614838,No,,No,No,No,Male,1990,White,
453313,nd1R646597,05868d725,11/30/10 14:59,nd1S05868,Left,Green,No,nd1C00055,nd1T00051,nd1E00090,nd1N00020,"nd1I00020\,stdI00002",,Inside,694150,No,,No,No,No,Male,1990,White,
459691,nd1R658284,05868d768,11/30/10 14:59,nd1S05868,Left,Green,No,nd1C00059,nd1T00052,nd1E00090,lg4000diff25,"nd1I00024\,stdI00002",,Inside,701086,No,,No,No,No,Male,1990,White,
464571,,,1/26/11 14:51,nd1S05868,Left,Green,No,,nd1T00054,nd1E00093,nd1N00059,"nd1I00026\,stdI00002",,Inside,707592,No,,No,No,No,Male,1990,White,
464574,,,1/26/11 14:51,nd1S05868,Left,Green,No,,nd1T00053,nd1E00093,nd1N00059,"nd1I00026\,stdI00002",,Inside,707595,No,,No,No,No,Male,1990,White,
464576,nd1R672193,05868d822,1/26/11 14:51,nd1S05868,Left,Green,No,nd1C00062,nd1T00049,nd1E00093,nd1N00049,"nd1I00023\,stdI00002",,Inside,707597,No,,No,No,No,Male,1990,White,
469132,nd1R676460,05868d837,2/8/11 15:33,nd1S05868,Left,Green,No,nd1C00062,nd1T00053,nd1E00093,nd1N00059,"nd1I00026\,stdI00002",,Inside,722610,No,,No,No,No,Male,1990,White,
485053,nd1R708436,05868d934,2/23/11 14:58,nd1S05868,Left,Green,No,nd1C00062,nd1T00049,nd1E00093,nd1N00049,"nd1I00023\,stdI00002",,Inside,758117,No,,No,No,No,Male,1990,White,
490200,,,2/23/11 14:58,nd1S05868,Left,Green,No,,nd1T00054,nd1E00093,nd1N00059,"nd1I00026\,stdI00002",,Inside,763264,No,,No,No,No,Male,1990,White,
490209,nd1R713014,05868d953,2/23/11 14:58,nd1S05868,Left,Green,No,nd1C00062,nd1T00053,nd1E00093,nd1N00059,"nd1I00026\,stdI00002",,Inside,763273,No,,No,No,No,Male,1990,White,
496674,nd1R788538,05868d1195,3/8/11 12:25,nd1S05868,Left,Green,No,nd1C00062,nd1T00053,nd1E00093,nd1N00059,"nd1I00026\,stdI00002",,Inside,788898,No,,No,No,No,Male,1990,White,
500746,nd1R792598,05868d1204,3/8/11 12:25,nd1S05868,Left,Green,No,nd1C00062,nd1T00049,nd1E00093,nd1N00049,"nd1I00023\,stdI00002",,Inside,793028,No,,No,No,No,Male,1990,White,
506855,nd1R829595,05868d1272,3/8/11 12:25,nd1S05868,Left,Green,No,nd1C00059,nd1T00051,nd1E00093,lg4000diff30,"nd1I00028\,stdI00002",,Inside,799137,No,,No,No,No,Male,1990,White,
516573,nd1R806550,05868d1222,3/24/11 12:30,nd1S05868,Left,Green,No,nd1C00062,nd1T00049,nd1E00093,nd1N00049,"nd1I00023\,stdI00002",,Inside,824156,No,,No,No,No,Male,1990,White,
517378,nd1R807347,05868d1227,3/24/11 12:30,nd1S05868,Left,Green,No,nd1C00062,nd1T00050,nd1E00093,nd1N00048,"nd1I00022\,stdI00002",,Inside,824961,No,,No,No,No,Male,1990,White,
549041,nd1R852964,05868d1340,4/14/11 16:53,nd1S05868,Left,Green,No,nd1C00062,nd1T00049,nd1E00101,nd1N00049,"nd1I00023\,stdI00002",,Inside,873225,No,,No,No,No,Male,1990,White,
549746,nd1R853043,05868d1347,4/14/11 16:53,nd1S05868,Left,Green,No,nd1C00062,nd1T00050,nd1E00101,nd1N00048,"nd1I00022\,stdI00002",,Inside,873930,No,,No,No,No,Male,1990,White,
309264,nd5R37742,05870d61,2/5/09 0:00,nd1S05870,Left,Brown,No,nd1C00033,nd1T00014,nd1E00074,nd1N00006,"nd1I00016\,stdI00002",nd1I00012,Inside,390988,No,,No,No,No,Female,1990,White,
309265,nd5R37743,05870d62,2/5/09 0:00,nd1S05870,Left,Brown,No,nd1C00033,nd1T00014,nd1E00074,nd1N00006,"nd1I00017\,stdI00002",nd1I00012,Inside,390989,No,,No,No,No,Female,1990,White,
309266,nd5R37744,05870d63,2/5/09 0:00,nd1S05870,Left,Brown,No,nd1C00033,nd1T00014,nd1E00074,nd1N00006,"nd1I00015\,stdI00002",nd1I00012,Inside,390990,No,,No,No,No,Female,1990,White,
309270,nd5R37748,05870d67,2/5/09 0:00,nd1S05870,Left,Brown,No,nd1C00033,nd1T00014,nd1E00074,nd1N00006,"nd1I00016\,stdI00002",nd1I00012,Inside,390994,No,,No,No,No,Female,1990,White,
311577,nd5R40047,05870d87,2/5/09 0:00,nd1S05870,Left,Brown,No,nd1C00033,nd1T00014,nd1E00054,nd1N00020,nd1I00013,nd1I00013,Inside,393301,No,,No,No,No,Female,1990,White,
335356,nd5R08918,05870d59,3/26/09 0:00,nd1S05870,Left,Brown,No,nd1C00033,nd1T00014,nd1E00074,nd1N00006,"nd1I00017\,stdI00002",nd1I00012,Inside,436368,No,,No,No,No,Female,1990,White,
335363,nd5R08911,05870d52,3/26/09 0:00,nd1S05870,Left,Brown,No,nd1C00033,nd1T00014,nd1E00074,nd1N00006,"nd1I00015\,stdI00002",nd1I00012,Inside,436375,No,,No,No,No,Female,1990,White,
335366,nd5R08908,05870d49,3/26/09 0:00,nd1S05870,Left,Brown,No,nd1C00033,nd1T00014,nd1E00074,nd1N00006,"nd1I00015\,stdI00002",nd1I00012,Inside,436378,No,,No,No,No,Female,1990,White,
344227,,,4/23/09 0:00,nd1S05870,Left,Brown,No,,nd1T00014,nd1E00074,nd1N00006,"nd1I00017\,stdI00002",nd1I00012,Inside,450345,No,,No,No,No,Female,1990,White,
344228,nd5R46928,05870d92,4/23/09 0:00,nd1S05870,Left,Brown,No,nd1C00033,nd1T00014,nd1E00074,nd1N00006,"nd1I00015\,stdI00002",nd1I00012,Inside,450346,No,,No,No,No,Female,1990,White,
344230,nd5R46930,05870d94,4/23/09 0:00,nd1S05870,Left,Brown,No,nd1C00033,nd1T00014,nd1E00074,nd1N00006,"nd1I00017\,stdI00002",nd1I00012,Inside,450348,No,,No,No,No,Female,1990,White,
344231,nd5R46931,05870d95,4/23/09 0:00,nd1S05870,Left,Brown,No,nd1C00033,nd1T00014,nd1E00074,nd1N00006,"nd1I00015\,stdI00002",nd1I00012,Inside,450349,No,,No,No,No,Female,1990,White,
360337,nd6R30682,05870d190,11/17/09 0:00,nd1S05870,Left,Brown,No,nd1C00041,nd1T00016,nd1E00075,nd1N00021,nd1I00013,nd1I00013,Inside,512119,No,,No,No,No,Female,1990,White,
363484,nd6R27554,05870d178,11/17/09 0:00,nd1S05870,Left,Brown,No,nd1C00041,nd1T00002,nd1E00075,nd1N00016,"nd1I00017\,stdI00002",nd1I00012,Inside,515266,No,,No,No,No,Female,1990,White,
640006,nd1R1004641,05871d860,2/9/12 13:52,nd1S05871,Left,Blue,No,nd1C00072,nd1T00050,nd1E00107,nd1N00048,"nd1I00022\,stdI00002",,Inside,1065896,Yes,Soft,No,No,No,Male,1990,White,
641035,nd1R1005456,05871d863,2/9/12 13:52,nd1S05871,Left,Blue,No,nd1C00072,nd1T00051,nd1E00107,nd1N00074,"nd1I00027\,stdI00002",,Inside,1066925,Yes,Soft,No,No,No,Male,1990,White,
647012,nd1R1025446,05871d917,2/22/12 14:57,nd1S05871,Left,Blue,No,nd1C00072,nd1T00054,nd1E00107,nd1N00073,"nd1I00036\,stdI00002",,Inside,1086243,Yes,Soft,No,No,No,Male,1990,White,
647021,nd1R1025455,05871d926,2/22/12 14:57,nd1S05871,Left,Blue,No,nd1C00072,nd1T00053,nd1E00107,nd1N00073,"nd1I00036\,stdI00002",,Inside,1086252,Yes,Soft,No,No,No,Male,1990,White,
647651,nd1R1026085,05871d935,2/22/12 14:57,nd1S05871,Left,Blue,No,nd1C00072,nd1T00049,nd1E00107,nd1N00079,"nd1I00023\,stdI00002",,Inside,1086882,Yes,Soft,No,No,No,Male,1990,White,
648121,nd1R1026554,05871d940,2/22/12 14:57,nd1S05871,Left,Blue,No,nd1C00072,nd1T00050,nd1E00107,nd1N00048,"nd1I00022\,stdI00002",,Inside,1087352,Yes,Soft,No,No,No,Male,1990,White,
648841,nd1R1027274,05871d948,2/22/12 14:57,nd1S05871,Left,Blue,No,nd1C00072,nd1T00051,nd1E00107,nd1N00074,"nd1I00027\,stdI00002",,Inside,1088072,Yes,Soft,No,No,No,Male,1990,White,
658053,nd1R1047504,05871d1007,3/7/12 14:38,nd1S05871,Left,Blue,No,nd1C00072,nd1T00054,nd1E00107,nd1N00073,"nd1I00036\,stdI00002",,Inside,1107799,Yes,Soft,No,No,No,Male,1990,White,
658060,nd1R1047511,05871d1014,3/7/12 14:38,nd1S05871,Left,Blue,No,nd1C00072,nd1T00053,nd1E00107,nd1N00073,"nd1I00036\,stdI00002",,Inside,1107806,Yes,Soft,No,No,No,Male,1990,White,
658061,nd1R1047512,05871d1015,3/7/12 14:38,nd1S05871,Left,Blue,No,nd1C00072,nd1T00053,nd1E00107,nd1N00073,"nd1I00036\,stdI00002",,Inside,1107807,Yes,Soft,No,No,No,Male,1990,White,
659192,nd1R1048643,05871d1020,3/7/12 14:38,nd1S05871,Left,Blue,No,nd1C00072,nd1T00049,nd1E00107,nd1N00079,"nd1I00023\,stdI00002",,Inside,1108938,Yes,Soft,No,No,No,Male,1990,White,
659828,nd1R1049279,05871d1025,3/7/12 14:38,nd1S05871,Left,Blue,No,nd1C00072,nd1T00050,nd1E00107,nd1N00048,"nd1I00022\,stdI00002",,Inside,1109574,Yes,Soft,No,No,No,Male,1990,White,
640007,nd1R1004642,05871d861,2/9/12 13:52,nd1S05871,Right,Blue,No,nd1C00072,nd1T00050,nd1E00107,nd1N00048,"nd1I00022\,stdI00002",,Inside,1065897,Yes,Soft,No,No,No,Male,1990,White,
641043,nd1R1005464,05871d871,2/9/12 13:52,nd1S05871,Right,Blue,No,nd1C00072,nd1T00051,nd1E00107,nd1N00074,"nd1I00027\,stdI00002",,Inside,1066933,Yes,Soft,No,No,No,Male,1990,White,
647015,nd1R1025449,05871d920,2/22/12 14:57,nd1S05871,Right,Blue,No,nd1C00072,nd1T00054,nd1E00107,nd1N00073,"nd1I00036\,stdI00002",,Inside,1086246,Yes,Soft,No,No,No,Male,1990,White,
647023,nd1R1025457,05871d928,2/22/12 14:57,nd1S05871,Right,Blue,No,nd1C00072,nd1T00053,nd1E00107,nd1N00073,"nd1I00036\,stdI00002",,Inside,1086254,Yes,Soft,No,No,No,Male,1990,White,
648122,nd1R1026555,05871d941,2/22/12 14:57,nd1S05871,Right,Blue,No,nd1C00072,nd1T00050,nd1E00107,nd1N00048,"nd1I00022\,stdI00002",,Inside,1087353,Yes,Soft,No,No,No,Male,1990,White,
658047,nd1R1047498,05871d1001,3/7/12 14:38,nd1S05871,Right,Blue,No,nd1C00072,nd1T00054,nd1E00107,nd1N00073,"nd1I00036\,stdI00002",,Inside,1107793,Yes,Soft,No,No,No,Male,1990,White,
658059,nd1R1047510,05871d1013,3/7/12 14:38,nd1S05871,Right,Blue,No,nd1C00072,nd1T00053,nd1E00107,nd1N00073,"nd1I00036\,stdI00002",,Inside,1107805,Yes,Soft,No,No,No,Male,1990,White,
659196,nd1R1048647,05871d1024,3/7/12 14:38,nd1S05871,Right,Blue,No,nd1C00072,nd1T00049,nd1E00107,nd1N00079,"nd1I00023\,stdI00002",,Inside,1108942,Yes,Soft,No,No,No,Male,1990,White,
659829,nd1R1049280,05871d1026,3/7/12 14:38,nd1S05871,Right,Blue,No,nd1C00072,nd1T00050,nd1E00107,nd1N00048,"nd1I00022\,stdI00002",,Inside,1109575,Yes,Soft,No,No,No,Male,1990,White,
660687,nd1R1050134,05871d1040,3/7/12 14:38,nd1S05871,Right,Blue,No,nd1C00072,nd1T00051,nd1E00107,nd1N00074,"nd1I00027\,stdI00002",,Inside,1110433,Yes,Soft,No,No,No,Male,1990,White,
653984,nd1R1043451,05880d1736,3/6/12 15:00,nd1S05880,Left,Blue,No,nd1C00072,nd1T00054,nd1E00107,nd1N00073,"nd1I00036\,stdI00002",,Inside,1103730,No,,No,No,No,Male,1990,White,
653992,nd1R1043459,05880d1744,3/6/12 15:00,nd1S05880,Left,Blue,No,nd1C00072,nd1T00053,nd1E00107,nd1N00073,"nd1I00036\,stdI00002",,Inside,1103738,No,,No,No,No,Male,1990,White,
655003,nd1R1044464,05880d1752,3/6/12 15:00,nd1S05880,Left,Blue,No,nd1C00072,nd1T00049,nd1E00107,nd1N00079,"nd1I00023\,stdI00002",,Inside,1104749,No,,No,No,No,Male,1990,White,
667560,nd1R1068593,05880d1839,3/27/12 14:42,nd1S05880,Left,Blue,No,nd1C00072,nd1T00054,nd1E00107,nd1N00073,"nd1I00036\,stdI00002",,Inside,1128852,No,,No,No,No,Male,1990,White,
667569,nd1R1068602,05880d1848,3/27/12 14:42,nd1S05880,Left,Blue,No,nd1C00072,nd1T00053,nd1E00107,nd1N00073,"nd1I00036\,stdI00002",,Inside,1128861,No,,No,No,No,Male,1990,White,
336308,nd5R07970,05880d62,3/26/09 0:00,nd1S05880,Left,Blue,No,nd1C00033,nd1T00014,nd1E00074,nd1N00006,"nd1I00015\,stdI00002",nd1I00012,Inside,437320,No,,No,No,No,Male,1990,White,
336309,nd5R07969,05880d61,3/26/09 0:00,nd1S05880,Left,Blue,No,nd1C00033,nd1T00014,nd1E00074,nd1N00006,"nd1I00016\,stdI00002",nd1I00012,Inside,437321,No,,No,No,No,Male,1990,White,
362361,nd6R28664,05880d239,11/17/09 0:00,nd1S05880,Left,Blue,No,nd1C00041,nd1T00002,nd1E00075,nd1N00016,"nd1I00017\,stdI00002",nd1I00012,Inside,514143,No,,No,No,No,Male,1990,White,
370928,nd6R36263,05880d266,12/3/09 0:00,nd1S05880,Left,Blue,No,nd1C00041,nd1T00002,nd1E00075,nd1N00006,"nd1I00015\,stdI00002",nd1I00004,Inside,522710,No,,No,No,No,Male,1990,White,contacts-NoContacts
370929,,,12/3/09 0:00,nd1S05880,Left,Blue,No,,nd1T00002,nd1E00075,nd1N00006,"nd1I00016\,stdI00002",nd1I00004,Inside,522711,No,,No,No,No,Male,1990,White,contacts-NoContacts
370930,nd6R36264,05880d267,12/3/09 0:00,nd1S05880,Left,Blue,No,nd1C00041,nd1T00002,nd1E00075,nd1N00006,"nd1I00017\,stdI00002",nd1I00004,Inside,522712,No,,No,No,No,Male,1990,White,contacts-NoContacts
461434,nd1R669135,05880d714,1/25/11 12:27,nd1S05880,Left,Blue,No,nd1C00062,nd1T00049,nd1E00093,nd1N00049,"nd1I00023\,stdI00002",,Inside,704455,No,,No,No,No,Male,1990,White,
472452,nd1R679399,05880d721,2/10/11 15:11,nd1S05880,Left,Blue,No,nd1C00062,nd1T00054,nd1E00093,nd1N00059,"nd1I00026\,stdI00002",,Inside,725930,No,,No,No,No,Male,1990,White,
472455,nd1R679402,05880d724,2/10/11 15:11,nd1S05880,Left,Blue,No,nd1C00062,nd1T00053,nd1E00093,nd1N00059,"nd1I00026\,stdI00002",,Inside,725933,No,,No,No,No,Male,1990,White,
555652,nd1R868438,05880d1196,4/26/11 13:34,nd1S05880,Left,Blue,No,nd1C00059,nd1T00051,nd1E00101,lg4000diff25,"nd1I00028\,stdI00002",,Inside,901237,No,,No,No,No,Male,1990,White,
573191,nd1R883176,05880d1211,9/14/11 13:39,nd1S05880,Left,Blue,No,nd1C00068,nd1T00049,nd1E00107,nd1N00077,"nd1I00023\,stdI00002",,Inside,938093,No,,No,No,No,Male,1990,White,
650396,nd1R1028828,05880d1692,2/23/12 12:42,nd1S05880,Right,Blue,No,nd1C00072,nd1T00049,nd1E00107,nd1N00079,"nd1I00023\,stdI00002",,Inside,1089627,No,,No,No,No,Male,1990,White,
651125,nd1R1029556,05880d1695,2/23/12 12:42,nd1S05880,Right,Blue,No,nd1C00072,nd1T00050,nd1E00107,nd1N00048,"nd1I00022\,stdI00002",,Inside,1090356,No,,No,No,No,Male,1990,White,
651941,nd1R1030363,05880d1709,2/23/12 12:42,nd1S05880,Right,Blue,No,nd1C00072,nd1T00051,nd1E00107,nd1N00074,"nd1I00027\,stdI00002",,Inside,1091172,No,,No,No,No,Male,1990,White,
655004,nd1R1044465,05880d1753,3/6/12 15:00,nd1S05880,Right,Blue,No,nd1C00072,nd1T00049,nd1E00107,nd1N00079,"nd1I00023\,stdI00002",,Inside,1104750,No,,No,No,No,Male,1990,White,
655672,nd1R1045131,05880d1759,3/6/12 15:00,nd1S05880,Right,Blue,No,nd1C00072,nd1T00050,nd1E00107,nd1N00048,"nd1I00022\,stdI00002",,Inside,1105418,No,,No,No,No,Male,1990,White,
656693,nd1R1046148,05880d1773,3/6/12 15:00,nd1S05880,Right,Blue,No,nd1C00072,nd1T00051,nd1E00107,nd1N00074,"nd1I00027\,stdI00002",,Inside,1106439,No,,No,No,No,Male,1990,White,
666601,nd1R1067639,05880d1830,3/27/12 14:42,nd1S05880,Right,Blue,No,nd1C00072,nd1T00051,nd1E00107,nd1N00074,"nd1I00028\,stdI00002",,Inside,1127893,No,,No,No,No,Male,1990,White,
667561,nd1R1068594,05880d1840,3/27/12 14:42,nd1S05880,Right,Blue,No,nd1C00072,nd1T00054,nd1E00107,nd1N00073,"nd1I00036\,stdI00002",,Inside,1128853,No,,No,No,No,Male,1990,White,
667573,nd1R1068606,05880d1852,3/27/12 14:42,nd1S05880,Right,Blue,No,nd1C00072,nd1T00053,nd1E00107,nd1N00073,"nd1I00036\,stdI00002",,Inside,1128865,No,,No,No,No,Male,1990,White,
667574,nd1R1068607,05880d1853,3/27/12 14:42,nd1S05880,Right,Blue,No,nd1C00072,nd1T00053,nd1E00107,nd1N00073,"nd1I00036\,stdI00002",,Inside,1128866,No,,No,No,No,Male,1990,White,
625903,nd1R992651,05881d1778,11/9/11 16:14,nd1S05881,Left,Black,No,nd1C00068,nd1T00050,nd1E00107,nd1N00048,"nd1I00022\,stdI00002",,Inside,1040317,No,,No,No,No,Male,1986,Asian-Southern,
651202,nd1R1029632,05881d1812,2/23/12 13:20,nd1S05881,Left,Black,No,nd1C00072,nd1T00050,nd1E00107,nd1N00048,"nd1I00022\,stdI00002",,Inside,1090433,No,,No,No,No,Male,1986,Asian-Southern,
659726,nd1R1049177,05881d1896,3/7/12 13:31,nd1S05881,Left,Black,No,nd1C00072,nd1T00050,nd1E00107,nd1N00048,"nd1I00022\,stdI00002",,Inside,1109472,No,,No,No,No,Male,1986,Asian-Southern,
311097,nd5R39569,05881d21,2/5/09 0:00,nd1S05881,Left,Black,No,nd1C00033,nd1T00014,nd1E00074,nd1N00006,"nd1I00016\,stdI00002",nd1I00012,Inside,392821,No,,No,No,No,Male,1986,Asian-Southern,
311099,nd5R39571,05881d23,2/5/09 0:00,nd1S05881,Left,Black,No,nd1C00033,nd1T00014,nd1E00074,nd1N00006,"nd1I00015\,stdI00002",nd1I00012,Inside,392823,No,,No,No,No,Male,1986,Asian-Southern,
311977,nd5R40447,05881d45,2/5/09 0:00,nd1S05881,Left,Black,No,nd1C00033,nd1T00014,nd1E00054,nd1N00020,nd1I00013,nd1I00013,Inside,393701,No,,No,No,No,Male,1986,Asian-Southern,
340801,nd5R43518,05881d52,4/22/09 0:00,nd1S05881,Left,Black,No,nd1C00033,nd1T00014,nd1E00074,nd1N00006,"nd1I00017\,stdI00002",nd1I00012,Inside,445460,No,,No,No,No,Male,1986,Asian-Southern,
360880,nd6R30142,05881d189,11/18/09 0:00,nd1S05881,Left,Black,No,nd1C00041,nd1T00016,nd1E00075,nd1N00020,nd1I00013,nd1I00013,Inside,512662,No,,No,No,No,Male,1986,Asian-Southern,
372599,nd6R37924,05881d220,12/3/09 0:00,nd1S05881,Left,Black,No,nd1C00041,nd1T00016,nd1E00075,nd1N00020,nd1I00013,nd1I00013,Inside,524381,No,,No,No,No,Male,1986,Asian-Southern,contacts-NoContacts
376874,nd6R20741,05881d140,11/4/09 0:00,nd1S05881,Left,Brown,No,nd1C00041,nd1T00002,nd1E00075,nd1N00006,"nd1I00015\,stdI00002",nd1I00004,Inside,530490,No,,No,No,No,Male,1986,Asian-Southern,
391094,,,2/9/10 14:47,nd1S05881,Left,Black,No,,nd1T00002,nd1E00075,nd1N00006,"nd1I00015\,stdI00002",nd1I00013,Inside,556304,No,,No,No,No,Male,1986,Asian-Southern,
409453,nd6R66055,05881d265,3/18/10 13:47,nd1S05881,Left,Black,No,nd1C00042,nd1T00002,nd1E00077,nd1N00006,"nd1I00015\,stdI00002",,Inside,592027,No,,No,No,No,Male,1986,Asian-Southern,
418068,nd6R74348,05881d289,4/15/10 14:33,nd1S05881,Left,Black,No,nd1C00042,nd1T00002,nd1E00077,nd1N00006,"nd1I00015\,stdI00002",,Inside,607570,No,,No,No,No,Male,1986,Asian-Southern,
418070,nd6R74350,05881d291,4/15/10 14:33,nd1S05881,Left,Black,No,nd1C00042,nd1T00002,nd1E00077,nd1N00006,"nd1I00017\,stdI00002",,Inside,607572,No,,No,No,No,Male,1986,Asian-Southern,off-axis
426123,nd6R84206,05881d335,4/29/10 13:58,nd1S05881,Left,Black,No,nd1C00042,nd1T00002,nd1E00077,nd1N00006,"nd1I00015\,stdI00002",,Inside,615625,No,,No,No,No,Male,1986,Asian-Southern,
448444,nd7R32191,05881d450,10/28/10 15:18,nd1S05881,Left,Black,No,nd1C00055,nd1T00039,nd1E00085,nd1N00048,"nd1I00022\,stdI00002",,Inside,676900,No,,No,No,No,Male,1986,Asian-Southern,
455159,nd1R648425,05881d530,12/1/10 15:12,nd1S05881,Left,Black,No,nd1C00055,nd1T00049,nd1E00090,nd1N00049,"nd1I00023\,stdI00002",,Inside,695996,No,,No,No,No,Male,1986,Asian-Southern,
460259,nd1R658725,05881d563,12/1/10 15:12,nd1S05881,Left,Black,No,nd1C00059,nd1T00052,nd1E00090,lg4000diff25,"nd1I00024\,stdI00002",,Inside,701654,No,,No,No,No,Male,1986,Asian-Southern,
467719,,,1/27/11 16:56,nd1S05881,Left,Black,No,,nd1T00050,nd1E00093,nd1N00048,"nd1I00022\,stdI00002",,Inside,710740,No,,No,No,No,Male,1986,Asian-Southern,
467725,nd1R675168,05881d624,1/27/11 16:56,nd1S05881,Left,Black,No,nd1C00062,nd1T00053,nd1E00093,nd1N00059,"nd1I00026\,stdI00002",,Inside,710746,No,,No,No,No,Male,1986,Asian-Southern,
467726,nd1R675169,05881d625,1/27/11 16:56,nd1S05881,Left,Black,No,nd1C00062,nd1T00053,nd1E00093,nd1N00059,"nd1I00026\,stdI00002",,Inside,710747,No,,No,No,No,Male,1986,Asian-Southern,
467729,nd1R675172,05881d628,1/27/11 16:56,nd1S05881,Left,Black,No,nd1C00062,nd1T00054,nd1E00093,nd1N00059,"nd1I00026\,stdI00002",,Inside,710750,No,,No,No,No,Male,1986,Asian-Southern,
491814,nd1R714604,05881d641,2/24/11 13:42,nd1S05881,Left,Black,No,nd1C00062,nd1T00051,nd1E00093,nd1N00020,"nd1I00028\,stdI00002",,Inside,764878,No,,No,No,No,Male,1986,Asian-Southern,
492287,nd1R715075,05881d652,2/24/11 13:42,nd1S05881,Left,Black,No,nd1C00062,nd1T00054,nd1E00093,nd1N00059,"nd1I00026\,stdI00002",,Inside,765351,No,,No,No,No,Male,1986,Asian-Southern,
504028,nd1R795879,05881d888,3/10/11 14:01,nd1S05881,Left,Black,No,nd1C00062,nd1T00053,nd1E00093,nd1N00059,"nd1I00026\,stdI00002",,Inside,796310,No,,No,No,No,Male,1986,Asian-Southern,
509537,nd1R830746,05881d964,3/10/11 14:01,nd1S05881,Left,Black,No,nd1C00059,nd1T00051,nd1E00093,lg4000diff30,"nd1I00028\,stdI00002",,Inside,817120,No,,No,No,No,Male,1986,Asian-Southern,
515747,nd1R805725,05881d913,3/23/11 12:00,nd1S05881,Left,Black,No,nd1C00062,nd1T00049,nd1E00093,nd1N00049,"nd1I00023\,stdI00002",,Inside,823330,No,,No,No,No,Male,1986,Asian-Southern,
516369,nd1R806346,05881d923,3/23/11 12:00,nd1S05881,Left,Black,No,nd1C00062,nd1T00050,nd1E00093,nd1N00048,"nd1I00022\,stdI00002",,Inside,823952,No,,No,No,No,Male,1986,Asian-Southern,
519410,nd1R809374,05881d941,3/23/11 12:00,nd1S05881,Left,Black,No,nd1C00062,nd1T00053,nd1E00093,nd1N00059,"nd1I00026\,stdI00002",,Inside,826993,No,,No,No,No,Male,1986,Asian-Southern,
521094,nd1R831926,05881d970,3/23/11 12:00,nd1S05881,Left,Black,No,nd1C00059,nd1T00051,nd1E00093,lg4000diff20,"nd1I00028\,stdI00002",,Inside,828677,No,,No,No,No,Male,1986,Asian-Southern,
567902,nd1R877567,05881d1215,7/15/11 14:47,nd1S05881,Left,Black,No,nd1C00065,nd1T00049,nd1E00101,nd1N00049,"nd1I00023\,stdI00002",,Inside,932095,No,,No,No,No,Male,1986,Asian-Southern,
568440,nd1R878099,05881d1260,7/18/11 15:55,nd1S05881,Left,Black,No,nd1C00065,nd1T00051,nd1E00101,nd1N00020,"nd1I00028\,stdI00002",,Inside,933168,No,,No,No,No,Male,1986,Asian-Southern,
569485,nd1R879144,05881d1343,7/25/11 15:02,nd1S05881,Left,Black,No,nd1C00065,nd1T00049,nd1E00101,nd1N00049,"nd1I00023\,stdI00002",,Inside,934409,No,,No,No,No,Male,1986,Asian-Southern,
589822,nd1R909133,05881d1453,9/28/11 16:17,nd1S05881,Left,Black,No,nd1C00068,nd1T00054,nd1E00107,nd1N00073,"nd1I00036\,stdI00002",,Inside,968073,No,,No,No,No,Male,1986,Asian-Southern,
589823,nd1R909134,05881d1454,9/28/11 16:17,nd1S05881,Left,Black,No,nd1C00068,nd1T00054,nd1E00107,nd1N00073,"nd1I00036\,stdI00002",,Inside,968074,No,,No,No,No,Male,1986,Asian-Southern,
589824,nd1R909135,05881d1455,9/28/11 16:17,nd1S05881,Left,Black,No,nd1C00068,nd1T00054,nd1E00107,nd1N00073,"nd1I00036\,stdI00002",,Inside,968075,No,,No,No,No,Male,1986,Asian-Southern,
604301,nd1R943325,05881d1582,10/13/11 15:39,nd1S05881,Left,Black,No,nd1C00068,nd1T00053,nd1E00107,nd1N00073,"nd1I00036\,stdI00002",,Inside,995636,No,,No,No,No,Male,1986,Asian-Southern,
604302,nd1R943326,05881d1583,10/13/11 15:39,nd1S05881,Left,Black,No,nd1C00068,nd1T00053,nd1E00107,nd1N00073,"nd1I00036\,stdI00002",,Inside,995637,No,,No,No,No,Male,1986,Asian-Southern,
605480,nd1R943903,05881d1597,10/13/11 15:39,nd1S05881,Left,Black,No,nd1C00068,nd1T00050,nd1E00107,nd1N00048,"nd1I00022\,stdI00002",,Inside,996815,No,,No,No,No,Male,1986,Asian-Southern,
625446,nd1R992194,05881d1774,11/9/11 16:14,nd1S05881,Right,Black,No,nd1C00068,nd1T00049,nd1E00107,nd1N00079,"nd1I00023\,stdI00002",,Inside,1039860,No,,No,No,No,Male,1986,Asian-Southern,
625904,nd1R992652,05881d1779,11/9/11 16:14,nd1S05881,Right,Black,No,nd1C00068,nd1T00050,nd1E00107,nd1N00048,"nd1I00022\,stdI00002",,Inside,1040318,No,,No,No,No,Male,1986,Asian-Southern,
650103,nd1R1028535,05881d1796,2/23/12 13:20,nd1S05881,Right,Black,No,nd1C00072,nd1T00054,nd1E00107,nd1N00073,"nd1I00036\,stdI00002",,Inside,1089334,No,,No,No,No,Male,1986,Asian-Southern,
650473,nd1R1028905,05881d1809,2/23/12 13:20,nd1S05881,Right,Black,No,nd1C00072,nd1T00049,nd1E00107,nd1N00079,"nd1I00023\,stdI00002",,Inside,1089704,No,,No,No,No,Male,1986,Asian-Southern,
651203,nd1R1029633,05881d1813,2/23/12 13:20,nd1S05881,Right,Black,No,nd1C00072,nd1T00050,nd1E00107,nd1N00048,"nd1I00022\,stdI00002",,Inside,1090434,No,,No,No,No,Male,1986,Asian-Southern,
657723,nd1R1047174,05881d1879,3/7/12 13:31,nd1S05881,Right,Black,No,nd1C00072,nd1T00053,nd1E00107,nd1N00073,"nd1I00036\,stdI00002",,Inside,1107469,No,,No,No,No,Male,1986,Asian-Southern,
659066,nd1R1048517,05881d1892,3/7/12 13:31,nd1S05881,Right,Black,No,nd1C00072,nd1T00049,nd1E00107,nd1N00079,"nd1I00023\,stdI00002",,Inside,1108812,No,,No,No,No,Male,1986,Asian-Southern,
311110,nd5R39582,05881d34,2/5/09 0:00,nd1S05881,Right,Black,No,nd1C00033,nd1T00014,nd1E00074,nd1N00006,"nd1I00017\,stdI00002",nd1I00012,Inside,392834,No,,No,No,No,Male,1986,Asian-Southern,
311116,nd5R39588,05881d40,2/5/09 0:00,nd1S05881,Right,Black,No,nd1C00033,nd1T00014,nd1E00074,nd1N00006,"nd1I00017\,stdI00002",nd1I00012,Inside,392840,No,,No,No,No,Male,1986,Asian-Southern,
311120,nd5R39592,05881d44,2/5/09 0:00,nd1S05881,Right,Black,No,nd1C00033,nd1T00014,nd1E00074,nd1N00006,"nd1I00015\,stdI00002",nd1I00012,Inside,392844,No,,No,No,No,Male,1986,Asian-Southern,
311978,nd5R40448,05881d46,2/5/09 0:00,nd1S05881,Right,Black,No,nd1C00033,nd1T00014,nd1E00054,nd1N00020,nd1I00013,nd1I00013,Inside,393702,No,,No,No,No,Male,1986,Asian-Southern,
360886,nd6R30136,05881d183,11/18/09 0:00,nd1S05881,Right,Black,No,nd1C00041,nd1T00016,nd1E00075,nd1N00020,nd1I00013,nd1I00013,Inside,512668,No,,No,No,No,Male,1986,Asian-Southern,
364620,,,11/18/09 0:00,nd1S05881,Right,Black,No,,nd1T00002,nd1E00075,nd1N00016,"nd1I00016\,stdI00002",nd1I00012,Inside,516402,No,,No,No,No,Male,1986,Asian-Southern,
372602,nd6R37927,05881d223,12/3/09 0:00,nd1S05881,Right,Black,No,nd1C00041,nd1T00016,nd1E00075,nd1N00020,nd1I00013,nd1I00013,Inside,524384,No,,No,No,No,Male,1986,Asian-Southern,contacts-NoContacts
376878,nd6R20738,05881d137,11/4/09 0:00,nd1S05881,Right,Brown,No,nd1C00041,nd1T00002,nd1E00075,nd1N00006,"nd1I00016\,stdI00002",nd1I00004,Inside,530494,No,,No,No,No,Male,1986,Asian-Southern,
388720,nd6R45603,05881d225,2/9/10 14:47,nd1S05881,Right,Black,No,nd1C00042,nd1T00016,nd1E00075,nd1N00020,nd1I00004,nd1I00004,Inside,553930,No,,No,No,No,Male,1986,Asian-Southern,
404436,nd6R61092,05881d252,3/18/10 13:47,nd1S05881,Right,Black,No,nd1C00042,nd1T00016,nd1E00077,nd1N00020,"nd1I00004\,stdI00002",,Inside,587010,No,,No,No,No,Male,1986,Asian-Southern,
409459,nd6R66061,05881d271,3/18/10 13:47,nd1S05881,Right,Black,No,nd1C00042,nd1T00002,nd1E00077,nd1N00006,"nd1I00015\,stdI00002",,Inside,592033,No,,No,No,No,Male,1986,Asian-Southern,
409465,nd6R66067,05881d277,3/18/10 13:47,nd1S05881,Right,Black,No,nd1C00042,nd1T00002,nd1E00077,nd1N00006,"nd1I00015\,stdI00002",,Inside,592039,No,,No,No,No,Male,1986,Asian-Southern,
448450,nd7R32197,05881d456,10/28/10 15:18,nd1S05881,Right,Black,No,nd1C00055,nd1T00040,nd1E00085,nd1N00049,"nd1I00023\,stdI00002",,Inside,676906,No,,No,No,No,Male,1986,Asian-Southern,
455151,nd1R648417,05881d522,12/1/10 15:12,nd1S05881,Right,Black,No,nd1C00055,nd1T00050,nd1E00090,nd1N00048,"nd1I00022\,stdI00002",,Inside,695988,No,,No,No,No,Male,1986,Asian-Southern,
455161,nd1R648427,05881d532,12/1/10 15:12,nd1S05881,Right,Black,No,nd1C00055,nd1T00049,nd1E00090,nd1N00049,"nd1I00023\,stdI00002",,Inside,695998,No,,No,No,No,Male,1986,Asian-Southern,
460260,nd1R658724,05881d562,12/1/10 15:12,nd1S05881,Right,Black,No,nd1C00059,nd1T00052,nd1E00090,lg4000diff25,"nd1I00024\,stdI00002",,Inside,701655,No,,No,No,No,Male,1986,Asian-Southern,
467731,nd1R675174,05881d630,1/27/11 16:56,nd1S05881,Right,Black,No,nd1C00062,nd1T00054,nd1E00093,nd1N00059,"nd1I00026\,stdI00002",,Inside,710752,No,,No,No,No,Male,1986,Asian-Southern,
467732,nd1R675175,05881d631,1/27/11 16:56,nd1S05881,Right,Black,No,nd1C00062,nd1T00053,nd1E00093,nd1N00059,"nd1I00026\,stdI00002",,Inside,710753,No,,No,No,No,Male,1986,Asian-Southern,
467734,nd1R675177,05881d633,1/27/11 16:56,nd1S05881,Right,Black,No,nd1C00062,nd1T00053,nd1E00093,nd1N00059,"nd1I00026\,stdI00002",,Inside,710755,No,,No,No,No,Male,1986,Asian-Southern,
492289,nd1R715077,05881d653,2/24/11 13:42,nd1S05881,Right,Black,No,nd1C00062,nd1T00054,nd1E00093,nd1N00059,"nd1I00026\,stdI00002",,Inside,765353,No,,No,No,No,Male,1986,Asian-Southern,
492325,nd1R715113,05881d663,2/24/11 13:42,nd1S05881,Right,Black,No,nd1C00062,nd1T00053,nd1E00093,nd1N00059,"nd1I00026\,stdI00002",,Inside,765389,No,,No,No,No,Male,1986,Asian-Southern,
495564,nd1R829031,05881d960,2/24/11 13:42,nd1S05881,Right,Black,No,nd1C00059,nd1T00051,nd1E00093,lg4000diff30,"nd1I00029\,stdI00002",,Inside,768628,No,,No,No,No,Male,1986,Asian-Southern,
504025,nd1R795876,05881d885,3/10/11 14:01,nd1S05881,Right,Black,No,nd1C00062,nd1T00054,nd1E00093,nd1N00059,"nd1I00026\,stdI00002",,Inside,796307,No,,No,No,No,Male,1986,Asian-Southern,
504030,nd1R795881,05881d890,3/10/11 14:01,nd1S05881,Right,Black,No,nd1C00062,nd1T00053,nd1E00093,nd1N00059,"nd1I00026\,stdI00002",,Inside,796312,No,,No,No,No,Male,1986,Asian-Southern,
504614,nd1R796465,05881d895,3/10/11 14:01,nd1S05881,Right,Black,No,nd1C00062,nd1T00049,nd1E00093,nd1N00049,"nd1I00023\,stdI00002",,Inside,796896,No,,No,No,No,Male,1986,Asian-Southern,
509901,nd1R831110,05881d966,3/10/11 14:01,nd1S05881,Right,Black,No,nd1C00059,nd1T00051,nd1E00093,lg4000diff30,"nd1I00027\,stdI00002",,Inside,817484,No,,No,No,No,Male,1986,Asian-Southern,
546542,nd1R852785,05881d1048,4/14/11 15:06,nd1S05881,Right,Black,No,nd1C00062,nd1T00051,nd1E00101,nd1N00020,"nd1I00028\,stdI00002",,Inside,870726,No,,No,No,No,Male,1986,Asian-Southern,
561334,nd1R869774,05881d1126,4/27/11 16:39,nd1S05881,Right,Black,No,nd1C00059,nd1T00051,nd1E00101,lg4000diff25,"nd1I00027\,stdI00002",,Inside,906919,No,,No,No,No,Male,1986,Asian-Southern,
589834,nd1R909145,05881d1465,9/28/11 16:17,nd1S05881,Right,Black,No,nd1C00068,nd1T00054,nd1E00107,nd1N00073,"nd1I00036\,stdI00002",,Inside,968085,No,,No,No,No,Male,1986,Asian-Southern,
605034,nd1R977332,05881d1738,10/13/11 15:39,nd1S05881,Right,Black,No,nd1C00068,nd1T00049,nd1E00107,nd1N00077,"nd1I00023\,stdI00002",,Inside,996369,No,,No,No,No,Male,1986,Asian-Southern,
312337,nd5R34753,05884d145,2/17/09 0:00,nd1S05884,Left,Brown,No,nd1C00033,nd1T00014,nd1E00074,nd1N00006,"nd1I00016\,stdI00002",nd1I00012,Inside,396744,Yes,Soft,No,No,No,Female,1988,Asian,"contacts-soft-given\,contacts-given"
312348,nd5R34742,05884d134,2/17/09 0:00,nd1S05884,Left,Brown,No,nd1C00033,nd1T00014,nd1E00074,nd1N00006,"nd1I00015\,stdI00002",nd1I00012,Inside,396755,Yes,Soft,No,No,No,Female,1988,Asian,"contacts-soft-given\,contacts-given"
314571,nd5R32536,05884d115,2/17/09 0:00,nd1S05884,Left,Brown,No,nd1C00033,nd1T00014,nd1E00054,nd1N00020,nd1I00013,nd1I00013,Inside,398978,Yes,Soft,No,No,No,Female,1988,Asian,"contacts-soft-given\,contacts-given"
322256,nd5R24878,05884d109,3/3/09 0:00,nd1S05884,Left,Brown,No,nd1C00033,nd1T00014,nd1E00074,nd1N00006,"nd1I00017\,stdI00002",nd1I00012,Inside,411844,Yes,Soft,No,No,No,Female,1988,Asian,"contacts-soft-given\,contacts-given"
330434,nd5R13821,05884d80,3/24/09 0:00,nd1S05884,Left,Brown,No,nd1C00033,nd1T00014,nd1E00074,nd1N00006,"nd1I00016\,stdI00002",nd1I00012,Inside,428259,Yes,Soft,No,No,No,Female,1988,Asian,"contacts-soft-given\,contacts-given"
330439,nd5R13816,05884d75,3/24/09 0:00,nd1S05884,Left,Brown,No,nd1C00033,nd1T00014,nd1E00074,nd1N00006,"nd1I00015\,stdI00002",nd1I00012,Inside,428264,Yes,Soft,No,No,No,Female,1988,Asian,"contacts-soft-given\,contacts-given"
345350,nd5R48035,05884d148,4/23/09 0:00,nd1S05884,Left,Brown,No,nd1C00033,nd1T00014,nd1E00074,nd1N00006,"nd1I00015\,stdI00002",nd1I00012,Inside,451468,No,,No,No,No,Female,1988,Asian,
359591,nd6R31423,05884d315,11/17/09 0:00,nd1S05884,Left,Brown,No,nd1C00041,nd1T00016,nd1E00075,nd1N00021,nd1I00013,nd1I00013,Inside,511373,Yes,Soft,No,No,No,Female,1988,Asian,"contacts-soft-given\,contacts-given"
361850,nd6R29174,05884d295,11/17/09 0:00,nd1S05884,Left,Brown,No,nd1C00041,nd1T00002,nd1E00075,nd1N00016,"nd1I00016\,stdI00002",nd1I00012,Inside,513632,Yes,Soft,No,No,No,Female,1988,Asian,"contacts-soft-given\,contacts-given"
384808,nd6R42481,05884d373,1/27/10 13:53,nd1S05884,Left,Brown,No,nd1C00042,nd1T00002,nd1E00075,nd1N00006,"nd1I00015\,stdI00002",nd1I00013,Inside,540468,Yes,Soft,No,No,No,Female,1988,Asian,"contacts-given\,contacts-soft-given"
389049,nd6R45932,05884d392,2/10/10 13:44,nd1S05884,Left,Brown,No,nd1C00042,nd1T00016,nd1E00075,nd1N00020,nd1I00004,nd1I00004,Inside,554259,Yes,Soft,No,No,No,Female,1988,Asian,"contacts-given\,contacts-soft-given"
413788,,,4/13/10 13:49,nd1S05884,Left,Brown,No,,nd1T00002,nd1E00077,nd1N00006,"nd1I00016\,stdI00002",,Inside,603290,Yes,Soft,No,No,No,Female,1988,Asian,"contacts-given\,contacts-soft-given"
413790,nd6R70115,05884d522,4/13/10 13:49,nd1S05884,Left,Brown,No,nd1C00042,nd1T00002,nd1E00077,nd1N00006,"nd1I00015\,stdI00002",,Inside,603292,Yes,Soft,No,No,No,Female,1988,Asian,"contacts-given\,contacts-soft-given"
612179,nd1R981080,05889d1244,10/27/11 11:38,nd1S05889,Left,Hazel,No,nd1C00068,nd1T00049,nd1E00107,nd1N00077,"nd1I00023\,stdI00002",,Inside,1014981,No,,No,No,No,Male,1990,White,
614223,nd1R947689,05889d1099,10/27/11 11:38,nd1S05889,Left,Hazel,No,nd1C00068,nd1T00054,nd1E00107,nd1N00073,"nd1I00036\,stdI00002",,Inside,1017025,No,,No,No,No,Male,1990,White,
614234,nd1R947700,05889d1110,10/27/11 11:38,nd1S05889,Left,Hazel,No,nd1C00068,nd1T00053,nd1E00107,nd1N00073,"nd1I00036\,stdI00002",,Inside,1017036,No,,No,No,No,Male,1990,White,
617423,nd1R948678,05889d1131,10/27/11 11:38,nd1S05889,Left,Hazel,No,nd1C00068,nd1T00051,nd1E00107,nd1N00074,"nd1I00028\,stdI00002",,Inside,1020225,No,,No,No,No,Male,1990,White,
625140,nd1R991888,05889d1251,11/10/11 11:39,nd1S05889,Left,Hazel,No,nd1C00068,nd1T00049,nd1E00107,nd1N00079,"nd1I00023\,stdI00002",,Inside,1039554,No,,No,No,No,Male,1990,White,
626856,nd1R993601,05889d1263,11/10/11 11:39,nd1S05889,Left,Hazel,No,nd1C00068,nd1T00054,nd1E00107,nd1N00073,"nd1I00036\,stdI00002",,Inside,1041270,No,,No,No,No,Male,1990,White,
626865,nd1R993610,05889d1272,11/10/11 11:39,nd1S05889,Left,Hazel,No,nd1C00068,nd1T00053,nd1E00107,nd1N00073,"nd1I00036\,stdI00002",,Inside,1041279,No,,No,No,No,Male,1990,White,
627678,nd1R994421,05889d1292,11/10/11 11:39,nd1S05889,Left,Hazel,No,nd1C00068,nd1T00051,nd1E00107,nd1N00074,"nd1I00027\,stdI00002",,Inside,1042092,No,,No,No,No,Male,1990,White,
636983,nd1R1002325,05889d1303,2/9/12 12:17,nd1S05889,Left,Hazel,No,nd1C00072,nd1T00054,nd1E00107,nd1N00073,"nd1I00036\,stdI00002",,Inside,1062873,No,,No,No,No,Male,1990,White,
636993,nd1R1002335,05889d1313,2/9/12 12:17,nd1S05889,Left,Hazel,No,nd1C00072,nd1T00053,nd1E00107,nd1N00073,"nd1I00036\,stdI00002",,Inside,1062883,No,,No,No,No,Male,1990,White,
661495,nd1R1050942,05889d1437,3/8/12 12:07,nd1S05889,Left,Hazel,No,nd1C00072,nd1T00049,nd1E00107,nd1N00079,"nd1I00023\,stdI00002",,Inside,1111241,No,,No,No,No,Male,1990,White,
662625,nd1R1052070,05889d1455,3/8/12 12:07,nd1S05889,Left,Hazel,No,nd1C00072,nd1T00051,nd1E00107,nd1N00074,"nd1I00028\,stdI00002",,Inside,1112371,No,,No,No,No,Male,1990,White,
663417,nd1R1052859,05889d1463,3/8/12 12:07,nd1S05889,Left,Hazel,No,nd1C00072,nd1T00054,nd1E00107,nd1N00073,"nd1I00036\,stdI00002",,Inside,1113163,No,,No,No,No,Male,1990,White,
663422,nd1R1052864,05889d1468,3/8/12 12:07,nd1S05889,Left,Hazel,No,nd1C00072,nd1T00054,nd1E00107,nd1N00073,"nd1I00036\,stdI00002",,Inside,1113168,No,,No,No,No,Male,1990,White,
663436,nd1R1052878,05889d1482,3/8/12 12:07,nd1S05889,Left,Hazel,No,nd1C00072,nd1T00053,nd1E00107,nd1N00073,"nd1I00036\,stdI00002",,Inside,1113182,No,,No,No,No,Male,1990,White,
672178,nd1R1073184,05889d1543,3/29/12 12:12,nd1S05889,Left,Hazel,No,nd1C00072,nd1T00049,nd1E00107,nd1N00079,"nd1I00023\,stdI00002",,Inside,1133470,No,,No,No,No,Male,1990,White,
672728,nd1R1073734,05889d1548,3/29/12 12:12,nd1S05889,Left,Hazel,No,nd1C00072,nd1T00050,nd1E00107,nd1N00048,"nd1I00022\,stdI00002",,Inside,1134020,No,,No,No,No,Male,1990,White,
673241,nd1R1074246,05889d1559,3/29/12 12:12,nd1S05889,Left,Hazel,No,nd1C00072,nd1T00051,nd1E00107,nd1N00074,"nd1I00028\,stdI00002",,Inside,1134533,No,,No,No,No,Male,1990,White,
673995,nd1R1074999,05889d1578,3/29/12 12:12,nd1S05889,Left,Hazel,No,nd1C00072,nd1T00054,nd1E00107,nd1N00073,"nd1I00036\,stdI00002",,Inside,1135287,No,,No,No,No,Male,1990,White,
673996,nd1R1075000,05889d1579,3/29/12 12:12,nd1S05889,Left,Hazel,No,nd1C00072,nd1T00054,nd1E00107,nd1N00073,"nd1I00036\,stdI00002",,Inside,1135288,No,,No,No,No,Male,1990,White,
674004,,,3/29/12 12:12,nd1S05889,Left,Hazel,No,,nd1T00053,nd1E00107,nd1N00073,"nd1I00036\,stdI00002",,Inside,1135296,No,,No,No,No,Male,1990,White,
674007,nd1R1075010,05889d1589,3/29/12 12:12,nd1S05889,Left,Hazel,No,nd1C00072,nd1T00053,nd1E00107,nd1N00073,"nd1I00036\,stdI00002",,Inside,1135299,No,,No,No,No,Male,1990,White,
313932,nd5R33173,05889d107,2/17/09 0:00,nd1S05889,Left,Brown,No,nd1C00033,nd1T00014,nd1E00074,nd1N00006,"nd1I00015\,stdI00002",nd1I00012,Inside,398339,No,,No,No,No,Male,1990,White,
328224,nd5R16028,05889d77,3/5/09 0:00,nd1S05889,Left,Brown,No,nd1C00033,nd1T00014,nd1E00074,nd1N00006,"nd1I00015\,stdI00002",nd1I00012,Inside,421661,No,,No,No,No,Male,1990,White,
329285,nd5R14968,05889d64,3/5/09 0:00,nd1S05889,Left,Brown,No,nd1C00033,nd1T00014,nd1E00054,nd1N00020,nd1I00013,nd1I00013,Inside,422722,No,,No,No,No,Male,1990,White,
331402,nd5R12858,05889d47,3/24/09 0:00,nd1S05889,Left,Brown,No,nd1C00033,nd1T00014,nd1E00074,nd1N00006,"nd1I00015\,stdI00002",nd1I00012,Inside,429227,No,,No,No,No,Male,1990,White,
455789,nd1R649055,05889d190,12/2/10 12:16,nd1S05889,Left,Hazel,No,nd1C00055,nd1T00050,nd1E00090,nd1N00048,"nd1I00022\,stdI00002",,Inside,696626,No,,No,No,No,Male,1990,White,
455791,nd1R649057,05889d192,12/2/10 12:16,nd1S05889,Left,Hazel,No,nd1C00055,nd1T00049,nd1E00090,nd1N00049,"nd1I00023\,stdI00002",,Inside,696628,No,,No,No,No,Male,1990,White,
465879,nd1R673402,05889d296,1/27/11 12:03,nd1S05889,Left,Hazel,No,nd1C00062,nd1T00049,nd1E00093,nd1N00049,"nd1I00023\,stdI00002",,Inside,708900,No,,No,No,No,Male,1990,White,
470974,nd1R678039,05889d300,2/9/11 14:42,nd1S05889,Left,Hazel,No,nd1C00062,nd1T00054,nd1E00093,nd1N00059,"nd1I00026\,stdI00002",,Inside,724452,No,,No,No,No,Male,1990,White,
475296,nd1R683434,05889d332,2/9/11 14:42,nd1S05889,Left,Hazel,No,nd1C00062,nd1T00049,nd1E00093,nd1N00049,"nd1I00023\,stdI00002",,Inside,728774,No,,No,No,No,Male,1990,White,
479045,nd1R685975,05889d338,2/9/11 14:42,nd1S05889,Left,Hazel,No,nd1C00062,nd1T00051,nd1E00093,nd1N00020,"nd1I00027\,stdI00002",,Inside,732523,No,,No,No,No,Male,1990,White,
499574,nd1R791429,05889d672,3/9/11 14:45,nd1S05889,Left,Hazel,No,nd1C00062,nd1T00054,nd1E00093,nd1N00059,"nd1I00026\,stdI00002",,Inside,791798,No,,No,No,No,Male,1990,White,
499586,nd1R791441,05889d684,3/9/11 14:45,nd1S05889,Left,Hazel,No,nd1C00062,nd1T00053,nd1E00093,nd1N00059,"nd1I00026\,stdI00002",,Inside,791810,No,,No,No,No,Male,1990,White,
515338,nd1R805316,05889d722,3/24/11 11:09,nd1S05889,Left,Hazel,No,nd1C00062,nd1T00049,nd1E00093,nd1N00049,"nd1I00023\,stdI00002",,Inside,822921,No,,No,No,No,Male,1990,White,
520326,,,3/24/11 11:09,nd1S05889,Left,Hazel,No,,nd1T00053,nd1E00093,nd1N00059,"nd1I00026\,stdI00002",,Inside,827909,No,,No,No,No,Male,1990,White,
544607,nd1R852553,05889d813,4/14/11 13:26,nd1S05889,Left,Hazel,No,nd1C00062,nd1T00053,nd1E00101,nd1N00059,"nd1I00026\,stdI00002",,Inside,868791,No,,No,No,No,Male,1990,White,
546866,nd1R852823,05889d827,4/14/11 13:26,nd1S05889,Left,Hazel,No,nd1C00062,nd1T00051,nd1E00101,nd1N00020,"nd1I00027\,stdI00002",,Inside,871050,No,,No,No,No,Male,1990,White,
591651,nd1R910398,05889d1019,9/29/11 12:22,nd1S05889,Left,Hazel,No,nd1C00068,nd1T00054,nd1E00107,nd1N00073,"nd1I00036\,stdI00002",,Inside,969902,No,,No,No,No,Male,1990,White,
592926,nd1R911245,05889d1027,9/29/11 12:22,nd1S05889,Left,Hazel,No,nd1C00068,nd1T00049,nd1E00107,nd1N00077,"nd1I00023\,stdI00002",,Inside,971177,No,,No,No,No,Male,1990,White,
614226,nd1R947692,05889d1102,10/27/11 11:38,nd1S05889,Right,Hazel,No,nd1C00068,nd1T00054,nd1E00107,nd1N00073,"nd1I00036\,stdI00002",,Inside,1017028,No,,No,No,No,Male,1990,White,
638955,nd1R1003817,05889d1325,2/9/12 12:17,nd1S05889,Right,Hazel,No,nd1C00072,nd1T00049,nd1E00107,nd1N00079,"nd1I00023\,stdI00002",,Inside,1064845,No,,No,No,No,Male,1990,White,
673244,nd1R1074249,05889d1562,3/29/12 12:12,nd1S05889,Right,Hazel,No,nd1C00072,nd1T00051,nd1E00107,nd1N00074,"nd1I00028\,stdI00002",,Inside,1134536,No,,No,No,No,Male,1990,White,
673997,nd1R1075001,05889d1580,3/29/12 12:12,nd1S05889,Right,Hazel,No,nd1C00072,nd1T00053,nd1E00107,nd1N00073,"nd1I00036\,stdI00002",,Inside,1135289,No,,No,No,No,Male,1990,White,
674003,nd1R1075007,05889d1586,3/29/12 12:12,nd1S05889,Right,Hazel,No,nd1C00072,nd1T00053,nd1E00107,nd1N00073,"nd1I00036\,stdI00002",,Inside,1135295,No,,No,No,No,Male,1990,White,
455795,nd1R649061,05889d196,12/2/10 12:16,nd1S05889,Right,Hazel,No,nd1C00055,nd1T00049,nd1E00090,nd1N00049,"nd1I00023\,stdI00002",,Inside,696632,No,,No,No,No,Male,1990,White,
465873,nd1R673397,05889d291,1/27/11 12:03,nd1S05889,Right,Hazel,No,nd1C00062,nd1T00053,nd1E00093,nd1N00059,"nd1I00026\,stdI00002",,Inside,708894,No,,No,No,No,Male,1990,White,
465884,,,1/27/11 12:03,nd1S05889,Right,Hazel,No,,nd1T00049,nd1E00093,nd1N00049,"nd1I00023\,stdI00002",,Inside,708905,No,,No,No,No,Male,1990,White,
481731,nd1R705841,05889d421,2/23/11 14:49,nd1S05889,Right,Hazel,No,nd1C00062,nd1T00051,nd1E00093,nd1N00020,"nd1I00027\,stdI00002",,Inside,754795,No,,No,No,No,Male,1990,White,
485014,nd1R708397,05889d432,2/23/11 14:49,nd1S05889,Right,Hazel,No,nd1C00062,nd1T00049,nd1E00093,nd1N00049,"nd1I00023\,stdI00002",,Inside,758078,No,,No,No,No,Male,1990,White,
508205,nd1R799096,05889d715,3/9/11 14:45,nd1S05889,Right,Hazel,No,nd1C00062,nd1T00051,nd1E00093,nd1N00020,"nd1I00028\,stdI00002",,Inside,800487,No,,No,No,No,Male,1990,White,
522666,nd1R832031,05889d768,3/24/11 11:09,nd1S05889,Right,Hazel,No,nd1C00059,nd1T00051,nd1E00093,lg4000diff20,"nd1I00028\,stdI00002",,Inside,830249,No,,No,No,No,Male,1990,White,
544606,nd1R852552,05889d812,4/14/11 13:26,nd1S05889,Right,Hazel,No,nd1C00062,nd1T00054,nd1E00101,nd1N00059,"nd1I00026\,stdI00002",,Inside,868790,No,,No,No,No,Male,1990,White,
620144,nd1R986904,05932d560,11/8/11 15:16,nd1S05932,Left,Brown,No,nd1C00068,nd1T00054,nd1E00107,nd1N00073,"nd1I00036\,stdI00002",,Inside,1034558,No,,No,No,No,Male,1990,White,
631954,nd1R998256,05932d602,2/7/12 15:36,nd1S05932,Left,Brown,No,nd1C00072,nd1T00054,nd1E00107,nd1N00073,"nd1I00036\,stdI00002",,Inside,1057844,No,,No,No,No,Male,1990,White,
631963,,,2/7/12 15:36,nd1S05932,Left,Brown,No,,nd1T00053,nd1E00107,nd1N00073,"nd1I00036\,stdI00002",,Inside,1057853,No,,No,No,No,Male,1990,White,
633204,nd1R999187,05932d628,2/7/12 15:36,nd1S05932,Left,Brown,No,nd1C00072,nd1T00050,nd1E00107,nd1N00048,"nd1I00022\,stdI00002",,Inside,1059094,No,,No,No,No,Male,1990,White,
661864,nd1R1051311,05932d741,3/8/12 15:23,nd1S05932,Left,Brown,No,nd1C00072,nd1T00049,nd1E00107,nd1N00079,"nd1I00023\,stdI00002",,Inside,1111610,No,,No,No,No,Male,1990,White,
323830,nd5R23308,05932d65,3/4/09 0:00,nd1S05932,Left,Brown,No,nd1C00033,nd1T00014,nd1E00074,nd1N00006,"nd1I00016\,stdI00002",nd1I00012,Inside,415384,No,,No,No,No,Male,1990,White,
323832,nd5R23306,05932d63,3/4/09 0:00,nd1S05932,Left,Brown,No,nd1C00033,nd1T00014,nd1E00074,nd1N00006,"nd1I00015\,stdI00002",nd1I00012,Inside,415386,No,,No,No,No,Male,1990,White,
323834,nd5R23304,05932d61,3/4/09 0:00,nd1S05932,Left,Brown,No,nd1C00033,nd1T00014,nd1E00074,nd1N00006,"nd1I00017\,stdI00002",nd1I00012,Inside,415388,No,,No,No,No,Male,1990,White,
323842,nd5R23296,05932d53,3/4/09 0:00,nd1S05932,Left,Brown,No,nd1C00033,nd1T00014,nd1E00074,nd1N00006,"nd1I00016\,stdI00002",nd1I00012,Inside,415396,No,,No,No,No,Male,1990,White,
323844,nd5R23294,05932d51,3/4/09 0:00,nd1S05932,Left,Brown,No,nd1C00033,nd1T00014,nd1E00074,nd1N00006,"nd1I00015\,stdI00002",nd1I00012,Inside,415398,No,,No,No,No,Male,1990,White,
323849,nd5R23289,05932d46,3/4/09 0:00,nd1S05932,Left,Brown,No,nd1C00033,nd1T00014,nd1E00074,nd1N00006,"nd1I00017\,stdI00002",nd1I00012,Inside,415403,No,,No,No,No,Male,1990,White,
323851,nd5R23287,05932d44,3/4/09 0:00,nd1S05932,Left,Brown,No,nd1C00033,nd1T00014,nd1E00074,nd1N00006,"nd1I00016\,stdI00002",nd1I00012,Inside,415405,No,,No,No,No,Male,1990,White,
323855,nd5R23283,05932d40,3/4/09 0:00,nd1S05932,Left,Brown,No,nd1C00033,nd1T00014,nd1E00074,nd1N00006,"nd1I00017\,stdI00002",nd1I00012,Inside,415409,No,,No,No,No,Male,1990,White,
326103,nd5R21050,05932d26,3/4/09 0:00,nd1S05932,Left,Brown,No,nd1C00033,nd1T00014,nd1E00054,nd1N00020,nd1I00013,nd1I00013,Inside,417657,No,,No,No,No,Male,1990,White,
346156,nd5R48836,05932d67,4/23/09 0:00,nd1S05932,Left,Brown,No,nd1C00033,nd1T00014,nd1E00074,nd1N00006,"nd1I00017\,stdI00002",nd1I00012,Inside,452274,No,,No,No,No,Male,1990,White,
346157,nd5R48837,05932d68,4/23/09 0:00,nd1S05932,Left,Brown,No,nd1C00033,nd1T00014,nd1E00074,nd1N00006,"nd1I00015\,stdI00002",nd1I00012,Inside,452275,No,,No,No,No,Male,1990,White,
346158,nd5R48838,05932d69,4/23/09 0:00,nd1S05932,Left,Brown,No,nd1C00033,nd1T00014,nd1E00074,nd1N00006,"nd1I00016\,stdI00002",nd1I00012,Inside,452276,No,,No,No,No,Male,1990,White,
346159,nd5R48839,05932d70,4/23/09 0:00,nd1S05932,Left,Brown,No,nd1C00033,nd1T00014,nd1E00074,nd1N00006,"nd1I00017\,stdI00002",nd1I00012,Inside,452277,No,,No,No,No,Male,1990,White,
346166,nd5R48846,05932d77,4/23/09 0:00,nd1S05932,Left,Brown,No,nd1C00033,nd1T00014,nd1E00074,nd1N00006,"nd1I00015\,stdI00002",nd1I00012,Inside,452284,No,,No,No,No,Male,1990,White,
346783,nd5R49463,05932d90,4/23/09 0:00,nd1S05932,Left,Brown,No,nd1C00033,nd1T00014,nd1E00054,nd1N00020,nd1I00013,nd1I00013,Inside,452901,No,,No,No,No,Male,1990,White,
448460,nd7R32207,05932d120,10/28/10 15:23,nd1S05932,Left,Brown,No,nd1C00055,nd1T00039,nd1E00085,nd1N00048,"nd1I00022\,stdI00002",,Inside,676916,No,,No,No,No,Male,1990,White,
448462,nd7R32209,05932d122,10/28/10 15:23,nd1S05932,Left,Brown,No,nd1C00055,nd1T00039,nd1E00085,nd1N00048,"nd1I00022\,stdI00002",,Inside,676918,No,,No,No,No,Male,1990,White,
448464,nd7R32211,05932d124,10/28/10 15:23,nd1S05932,Left,Brown,No,nd1C00055,nd1T00039,nd1E00085,nd1N00048,"nd1I00022\,stdI00002",,Inside,676920,No,,No,No,No,Male,1990,White,
450893,nd1R638421,05932d147,11/10/10 16:15,nd1S05932,Left,Brown,No,nd1C00055,nd1T00016,nd1E00085,nd1N00020,"nd1I00020\,stdI00002",,Inside,683999,No,,No,No,No,Male,1990,White,
450899,nd1R638427,05932d153,11/10/10 16:15,nd1S05932,Left,Brown,No,nd1C00055,nd1T00039,nd1E00085,nd1N00048,"nd1I00022\,stdI00002",,Inside,684005,No,,No,No,No,Male,1990,White,
453617,nd1R646900,05932d186,11/30/10 15:31,nd1S05932,Left,Brown,No,nd1C00055,nd1T00050,nd1E00090,nd1N00048,"nd1I00022\,stdI00002",,Inside,694454,No,,No,No,No,Male,1990,White,
453621,nd1R646904,05932d190,11/30/10 15:31,nd1S05932,Left,Brown,No,nd1C00055,nd1T00049,nd1E00090,nd1N00049,"nd1I00023\,stdI00002",,Inside,694458,No,,No,No,No,Male,1990,White,
459779,nd1R658196,05932d227,11/30/10 15:31,nd1S05932,Left,Brown,No,nd1C00059,nd1T00052,nd1E00090,lg4000diff25,"nd1I00024\,stdI00002",,Inside,701174,No,,No,No,No,Male,1990,White,
576568,nd1R885864,05932d261,9/13/11 13:57,nd1S05932,Left,Brown,No,nd1C00068,nd1T00053,nd1E00107,nd1N00073,"nd1I00036\,stdI00002",,Inside,941470,No,,No,No,No,Male,1990,White,
576576,nd1R885872,05932d265,9/13/11 13:57,nd1S05932,Left,Brown,No,nd1C00068,nd1T00053,nd1E00107,nd1N00073,"nd1I00036\,stdI00002",,Inside,941478,No,,No,No,No,Male,1990,White,
604903,nd1R977201,05932d548,10/13/11 14:40,nd1S05932,Left,Brown,No,nd1C00068,nd1T00049,nd1E00107,nd1N00077,"nd1I00023\,stdI00002",,Inside,996238,No,,No,No,No,Male,1990,White,
605382,nd1R943811,05932d482,10/13/11 14:40,nd1S05932,Left,Brown,No,nd1C00068,nd1T00050,nd1E00107,nd1N00048,"nd1I00022\,stdI00002",,Inside,996717,No,,No,No,No,Male,1990,White,
645874,nd1R1024310,05953d1946,2/21/12 15:03,nd1S05953,Right,Hazel,No,nd1C00072,nd1T00051,nd1E00107,nd1N00074,"nd1I00027\,stdI00002",,Inside,1085105,No,,No,No,No,Female,1990,White,
661755,nd1R1051202,05953d1993,3/8/12 14:48,nd1S05953,Right,Hazel,No,nd1C00072,nd1T00049,nd1E00107,nd1N00079,"nd1I00023\,stdI00002",,Inside,1111501,Yes,Soft,No,No,No,Female,1990,White,
662270,nd1R1051715,05953d1998,3/8/12 14:48,nd1S05953,Right,Hazel,No,nd1C00072,nd1T00050,nd1E00107,nd1N00048,"nd1I00022\,stdI00002",,Inside,1112016,Yes,Soft,No,No,No,Female,1990,White,
663074,nd1R1052516,05953d2011,3/8/12 14:48,nd1S05953,Right,Hazel,No,nd1C00072,nd1T00051,nd1E00107,nd1N00074,"nd1I00028\,stdI00002",,Inside,1112820,Yes,Soft,No,No,No,Female,1990,White,
663997,nd1R1053424,05953d2019,3/8/12 14:48,nd1S05953,Right,Hazel,No,nd1C00072,nd1T00054,nd1E00107,nd1N00073,"nd1I00036\,stdI00002",,Inside,1113743,Yes,Soft,No,No,No,Female,1990,White,
664008,nd1R1053435,05953d2030,3/8/12 14:48,nd1S05953,Right,Hazel,No,nd1C00072,nd1T00053,nd1E00107,nd1N00073,"nd1I00036\,stdI00002",,Inside,1113754,Yes,Soft,No,No,No,Female,1990,White,
664011,nd1R1053438,05953d2033,3/8/12 14:48,nd1S05953,Right,Hazel,No,nd1C00072,nd1T00053,nd1E00107,nd1N00073,"nd1I00036\,stdI00002",,Inside,1113757,Yes,Soft,No,No,No,Female,1990,White,
668679,nd1R1069700,05953d2082,3/28/12 13:03,nd1S05953,Right,Hazel,No,nd1C00072,nd1T00054,nd1E00107,nd1N00073,"nd1I00036\,stdI00002",,Inside,1129971,Yes,Soft,No,No,No,Female,1990,White,
668689,nd1R1069710,05953d2092,3/28/12 13:03,nd1S05953,Right,Hazel,No,nd1C00072,nd1T00053,nd1E00107,nd1N00073,"nd1I00036\,stdI00002",,Inside,1129981,Yes,Soft,No,No,No,Female,1990,White,
668690,nd1R1069711,05953d2093,3/28/12 13:03,nd1S05953,Right,Hazel,No,nd1C00072,nd1T00053,nd1E00107,nd1N00073,"nd1I00036\,stdI00002",,Inside,1129982,Yes,Soft,No,No,No,Female,1990,White,
668953,nd1R1069972,05953d2107,3/28/12 13:03,nd1S05953,Right,Hazel,No,nd1C00072,nd1T00049,nd1E00107,nd1N00079,"nd1I00023\,stdI00002",,Inside,1130245,Yes,Soft,No,No,No,Female,1990,White,
669645,nd1R1070664,05953d2109,3/28/12 13:03,nd1S05953,Right,Hazel,No,nd1C00072,nd1T00050,nd1E00107,nd1N00048,"nd1I00022\,stdI00002",,Inside,1130937,Yes,Soft,No,No,No,Female,1990,White,
651464,nd1R1029891,05954d1017,2/23/12 15:16,nd1S05954,Left,Green,No,nd1C00072,nd1T00050,nd1E00107,nd1N00048,"nd1I00022\,stdI00002",,Inside,1090695,No,,No,No,No,Female,1990,White,
652603,nd1R1031024,05954d1020,2/23/12 15:16,nd1S05954,Left,Green,No,nd1C00072,nd1T00051,nd1E00107,nd1N00074,"nd1I00027\,stdI00002",,Inside,1091834,No,,No,No,No,Female,1990,White,
652606,nd1R1031027,05954d1023,2/23/12 15:16,nd1S05954,Left,Green,No,nd1C00072,nd1T00051,nd1E00107,nd1N00074,"nd1I00028\,stdI00002",,Inside,1091837,No,,No,No,No,Female,1990,White,
661815,nd1R1051262,05954d1076,3/8/12 15:04,nd1S05954,Left,Green,No,nd1C00072,nd1T00049,nd1E00107,nd1N00079,"nd1I00023\,stdI00002",,Inside,1111561,No,,No,No,No,Female,1990,White,
662331,nd1R1051776,05954d1084,3/8/12 15:04,nd1S05954,Left,Green,No,nd1C00072,nd1T00050,nd1E00107,nd1N00048,"nd1I00022\,stdI00002",,Inside,1112077,No,,No,No,No,Female,1990,White,
663162,nd1R1052604,05954d1090,3/8/12 15:04,nd1S05954,Left,Green,No,nd1C00072,nd1T00051,nd1E00107,nd1N00074,"nd1I00027\,stdI00002",,Inside,1112908,No,,No,No,No,Female,1990,White,
663165,nd1R1052607,05954d1092,3/8/12 15:04,nd1S05954,Left,Green,No,nd1C00072,nd1T00051,nd1E00107,nd1N00074,"nd1I00027\,stdI00002",,Inside,1112911,No,,No,No,No,Female,1990,White,
664137,nd1R1053564,05954d1102,3/8/12 15:04,nd1S05954,Left,Green,No,nd1C00072,nd1T00054,nd1E00107,nd1N00073,"nd1I00036\,stdI00002",,Inside,1113883,No,,No,No,No,Female,1990,White,
664147,nd1R1053574,05954d1112,3/8/12 15:04,nd1S05954,Left,Green,No,nd1C00072,nd1T00053,nd1E00107,nd1N00073,"nd1I00036\,stdI00002",,Inside,1113893,No,,No,No,No,Female,1990,White,
669018,nd1R1070037,05954d1168,3/28/12 13:30,nd1S05954,Left,Green,No,nd1C00072,nd1T00049,nd1E00107,nd1N00079,"nd1I00023\,stdI00002",,Inside,1130310,No,,No,No,No,Female,1990,White,
669148,nd1R1070167,05954d1181,3/28/12 13:30,nd1S05954,Left,Green,No,nd1C00072,nd1T00054,nd1E00107,nd1N00073,"nd1I00036\,stdI00002",,Inside,1130440,No,,No,No,No,Female,1990,White,
669161,nd1R1070180,05954d1183,3/28/12 13:30,nd1S05954,Left,Green,No,nd1C00072,nd1T00054,nd1E00107,nd1N00073,"nd1I00036\,stdI00002",,Inside,1130453,No,,No,No,No,Female,1990,White,
669274,nd1R1070293,05954d1191,3/28/12 13:30,nd1S05954,Left,Green,No,nd1C00072,nd1T00053,nd1E00107,nd1N00073,"nd1I00036\,stdI00002",,Inside,1130566,No,,No,No,No,Female,1990,White,
669693,nd1R1070712,05954d1196,3/28/12 13:30,nd1S05954,Left,Green,No,nd1C00072,nd1T00050,nd1E00107,nd1N00048,"nd1I00022\,stdI00002",,Inside,1130985,No,,No,No,No,Female,1990,White,
670445,nd1R1071464,05954d1198,3/28/12 13:30,nd1S05954,Left,Green,No,nd1C00072,nd1T00051,nd1E00107,nd1N00074,"nd1I00027\,stdI00002",,Inside,1131737,No,,No,No,No,Female,1990,White,
670450,nd1R1071469,05954d1202,3/28/12 13:30,nd1S05954,Left,Green,No,nd1C00072,nd1T00051,nd1E00107,nd1N00074,"nd1I00028\,stdI00002",,Inside,1131742,No,,No,No,No,Female,1990,White,
670452,nd1R1071471,05954d1203,3/28/12 13:30,nd1S05954,Left,Green,No,nd1C00072,nd1T00051,nd1E00107,nd1N00074,"nd1I00028\,stdI00002",,Inside,1131744,No,,No,No,No,Female,1990,White,
652607,nd1R1031028,05954d1024,2/23/12 15:16,nd1S05954,Right,Green,No,nd1C00072,nd1T00051,nd1E00107,nd1N00074,"nd1I00028\,stdI00002",,Inside,1091838,No,,No,No,No,Female,1990,White,
652608,nd1R1031029,05954d1025,2/23/12 15:16,nd1S05954,Right,Green,No,nd1C00072,nd1T00051,nd1E00107,nd1N00074,"nd1I00028\,stdI00002",,Inside,1091839,No,,No,No,No,Female,1990,White,
652609,nd1R1031030,05954d1026,2/23/12 15:16,nd1S05954,Right,Green,No,nd1C00072,nd1T00051,nd1E00107,nd1N00074,"nd1I00028\,stdI00002",,Inside,1091840,No,,No,No,No,Female,1990,White,
652610,nd1R1031031,05954d1027,2/23/12 15:16,nd1S05954,Right,Green,No,nd1C00072,nd1T00051,nd1E00107,nd1N00074,"nd1I00027\,stdI00002",,Inside,1091841,No,,No,No,No,Female,1990,White,
652611,nd1R1031032,05954d1028,2/23/12 15:16,nd1S05954,Right,Green,No,nd1C00072,nd1T00051,nd1E00107,nd1N00074,"nd1I00027\,stdI00002",,Inside,1091842,No,,No,No,No,Female,1990,White,
652612,nd1R1031033,05954d1029,2/23/12 15:16,nd1S05954,Right,Green,No,nd1C00072,nd1T00051,nd1E00107,nd1N00074,"nd1I00027\,stdI00002",,Inside,1091843,No,,No,No,No,Female,1990,White,
661819,nd1R1051266,05954d1080,3/8/12 15:04,nd1S05954,Right,Green,No,nd1C00072,nd1T00049,nd1E00107,nd1N00079,"nd1I00023\,stdI00002",,Inside,1111565,No,,No,No,No,Female,1990,White,
662332,nd1R1051777,05954d1085,3/8/12 15:04,nd1S05954,Right,Green,No,nd1C00072,nd1T00050,nd1E00107,nd1N00048,"nd1I00022\,stdI00002",,Inside,1112078,No,,No,No,No,Female,1990,White,
662336,nd1R1051781,05954d1089,3/8/12 15:04,nd1S05954,Right,Green,No,nd1C00072,nd1T00050,nd1E00107,nd1N00048,"nd1I00022\,stdI00002",,Inside,1112082,No,,No,No,No,Female,1990,White,
663171,nd1R1052613,05954d1096,3/8/12 15:04,nd1S05954,Right,Green,No,nd1C00072,nd1T00051,nd1E00107,nd1N00074,"nd1I00028\,stdI00002",,Inside,1112917,No,,No,No,No,Female,1990,White,
663175,nd1R1052617,05954d1099,3/8/12 15:04,nd1S05954,Right,Green,No,nd1C00072,nd1T00051,nd1E00107,nd1N00074,"nd1I00027\,stdI00002",,Inside,1112921,No,,No,No,No,Female,1990,White,
663177,nd1R1052619,05954d1100,3/8/12 15:04,nd1S05954,Right,Green,No,nd1C00072,nd1T00051,nd1E00107,nd1N00074,"nd1I00027\,stdI00002",,Inside,1112923,No,,No,No,No,Female,1990,White,
663179,nd1R1052621,05954d1101,3/8/12 15:04,nd1S05954,Right,Green,No,nd1C00072,nd1T00051,nd1E00107,nd1N00074,"nd1I00027\,stdI00002",,Inside,1112925,No,,No,No,No,Female,1990,White,
664142,nd1R1053569,05954d1107,3/8/12 15:04,nd1S05954,Right,Green,No,nd1C00072,nd1T00054,nd1E00107,nd1N00073,"nd1I00036\,stdI00002",,Inside,1113888,No,,No,No,No,Female,1990,White,
664145,nd1R1053572,05954d1110,3/8/12 15:04,nd1S05954,Right,Green,No,nd1C00072,nd1T00054,nd1E00107,nd1N00073,"nd1I00036\,stdI00002",,Inside,1113891,No,,No,No,No,Female,1990,White,
664146,nd1R1053573,05954d1111,3/8/12 15:04,nd1S05954,Right,Green,No,nd1C00072,nd1T00054,nd1E00107,nd1N00073,"nd1I00036\,stdI00002",,Inside,1113892,No,,No,No,No,Female,1990,White,
664152,nd1R1053579,05954d1117,3/8/12 15:04,nd1S05954,Right,Green,No,nd1C00072,nd1T00053,nd1E00107,nd1N00073,"nd1I00036\,stdI00002",,Inside,1113898,No,,No,No,No,Female,1990,White,
664153,nd1R1053580,05954d1118,3/8/12 15:04,nd1S05954,Right,Green,No,nd1C00072,nd1T00053,nd1E00107,nd1N00073,"nd1I00036\,stdI00002",,Inside,1113899,No,,No,No,No,Female,1990,White,
669022,nd1R1070041,05954d1172,3/28/12 13:30,nd1S05954,Right,Green,No,nd1C00072,nd1T00049,nd1E00107,nd1N00079,"nd1I00023\,stdI00002",,Inside,1130314,No,,No,No,No,Female,1990,White,
669023,nd1R1070042,05954d1173,3/28/12 13:30,nd1S05954,Right,Green,No,nd1C00072,nd1T00049,nd1E00107,nd1N00079,"nd1I00023\,stdI00002",,Inside,1130315,No,,No,No,No,Female,1990,White,
669130,nd1R1070149,05954d1176,3/28/12 13:30,nd1S05954,Right,Green,No,nd1C00072,nd1T00054,nd1E00107,nd1N00073,"nd1I00036\,stdI00002",,Inside,1130422,No,,No,No,No,Female,1990,White,
669133,nd1R1070152,05954d1177,3/28/12 13:30,nd1S05954,Right,Green,No,nd1C00072,nd1T00054,nd1E00107,nd1N00073,"nd1I00036\,stdI00002",,Inside,1130425,No,,No,No,No,Female,1990,White,
669137,nd1R1070156,05954d1178,3/28/12 13:30,nd1S05954,Right,Green,No,nd1C00072,nd1T00054,nd1E00107,nd1N00073,"nd1I00036\,stdI00002",,Inside,1130429,No,,No,No,No,Female,1990,White,
669140,nd1R1070159,05954d1179,3/28/12 13:30,nd1S05954,Right,Green,No,nd1C00072,nd1T00054,nd1E00107,nd1N00073,"nd1I00036\,stdI00002",,Inside,1130432,No,,No,No,No,Female,1990,White,
669254,nd1R1070273,05954d1184,3/28/12 13:30,nd1S05954,Right,Green,No,nd1C00072,nd1T00053,nd1E00107,nd1N00073,"nd1I00036\,stdI00002",,Inside,1130546,No,,No,No,No,Female,1990,White,
669258,nd1R1070277,05954d1186,3/28/12 13:30,nd1S05954,Right,Green,No,nd1C00072,nd1T00053,nd1E00107,nd1N00073,"nd1I00036\,stdI00002",,Inside,1130550,No,,No,No,No,Female,1990,White,
669690,nd1R1070709,05954d1193,3/28/12 13:30,nd1S05954,Right,Green,No,nd1C00072,nd1T00050,nd1E00107,nd1N00048,"nd1I00022\,stdI00002",,Inside,1130982,No,,No,No,No,Female,1990,White,
669692,nd1R1070711,05954d1195,3/28/12 13:30,nd1S05954,Right,Green,No,nd1C00072,nd1T00050,nd1E00107,nd1N00048,"nd1I00022\,stdI00002",,Inside,1130984,No,,No,No,No,Female,1990,White,
669694,nd1R1070713,05954d1197,3/28/12 13:30,nd1S05954,Right,Green,No,nd1C00072,nd1T00050,nd1E00107,nd1N00048,"nd1I00022\,stdI00002",,Inside,1130986,No,,No,No,No,Female,1990,White,
670453,nd1R1071472,05954d1204,3/28/12 13:30,nd1S05954,Right,Green,No,nd1C00072,nd1T00051,nd1E00107,nd1N00074,"nd1I00028\,stdI00002",,Inside,1131745,No,,No,No,No,Female,1990,White,
670455,nd1R1071474,05954d1206,3/28/12 13:30,nd1S05954,Right,Green,No,nd1C00072,nd1T00051,nd1E00107,nd1N00074,"nd1I00028\,stdI00002",,Inside,1131747,No,,No,No,No,Female,1990,White,
670457,nd1R1071476,05954d1207,3/28/12 13:30,nd1S05954,Right,Green,No,nd1C00072,nd1T00051,nd1E00107,nd1N00074,"nd1I00027\,stdI00002",,Inside,1131749,No,,No,No,No,Female,1990,White,
670458,nd1R1071477,05954d1208,3/28/12 13:30,nd1S05954,Right,Green,No,nd1C00072,nd1T00051,nd1E00107,nd1N00074,"nd1I00027\,stdI00002",,Inside,1131750,No,,No,No,No,Female,1990,White,
670459,nd1R1071478,05954d1209,3/28/12 13:30,nd1S05954,Right,Green,No,nd1C00072,nd1T00051,nd1E00107,nd1N00074,"nd1I00027\,stdI00002",,Inside,1131751,No,,No,No,No,Female,1990,White,
615899,nd1R948293,05956d537,10/27/11 15:27,nd1S05956,Right,Hazel,No,nd1C00068,nd1T00054,nd1E00107,nd1N00073,"nd1I00036\,stdI00002",,Inside,1018701,No,,No,No,No,Female,1990,White,
616726,nd1R984110,05956d618,10/27/11 15:27,nd1S05956,Right,Hazel,No,nd1C00068,nd1T00049,nd1E00107,nd1N00077,"nd1I00023\,stdI00002",,Inside,1019528,No,,No,No,No,Female,1990,White,
618244,nd1R948971,05956d567,10/27/11 15:27,nd1S05956,Right,Hazel,No,nd1C00068,nd1T00051,nd1E00107,nd1N00074,"nd1I00027\,stdI00002",,Inside,1021046,No,,No,No,No,Female,1990,White,
648778,nd1R1027211,05956d702,2/22/12 14:36,nd1S05956,Right,Hazel,No,nd1C00072,nd1T00051,nd1E00107,nd1N00074,"nd1I00027\,stdI00002",,Inside,1088009,No,,No,No,No,Female,1990,White,
658017,nd1R1047468,05956d754,3/7/12 14:36,nd1S05956,Right,Hazel,No,nd1C00072,nd1T00053,nd1E00107,nd1N00073,"nd1I00036\,stdI00002",,Inside,1107763,No,,No,No,No,Female,1990,White,
659187,nd1R1048638,05956d773,3/7/12 14:36,nd1S05956,Right,Hazel,No,nd1C00072,nd1T00049,nd1E00107,nd1N00079,"nd1I00023\,stdI00002",,Inside,1108933,No,,No,No,No,Female,1990,White,
669170,nd1R1070189,05956d840,3/28/12 14:49,nd1S05956,Right,Hazel,No,nd1C00072,nd1T00049,nd1E00107,nd1N00079,"nd1I00023\,stdI00002",,Inside,1130462,No,,No,No,No,Female,1990,White,
670670,nd1R1071689,05956d860,3/28/12 14:49,nd1S05956,Right,Hazel,No,nd1C00072,nd1T00051,nd1E00107,nd1N00074,"nd1I00027\,stdI00002",,Inside,1131962,No,,No,No,No,Female,1990,White,
671283,nd1R1072301,05956d878,3/28/12 14:49,nd1S05956,Right,Hazel,No,nd1C00072,nd1T00053,nd1E00107,nd1N00073,"nd1I00036\,stdI00002",,Inside,1132575,No,,No,No,No,Female,1990,White,
331255,nd5R13003,05956d36,3/24/09 0:00,nd1S05956,Right,Hazel,No,nd1C00033,nd1T00014,nd1E00074,nd1N00006,"nd1I00015\,stdI00002",nd1I00012,Inside,429080,No,,No,No,No,Female,1990,White,
331257,nd5R13001,05956d34,3/24/09 0:00,nd1S05956,Right,Hazel,No,nd1C00033,nd1T00014,nd1E00074,nd1N00006,"nd1I00017\,stdI00002",nd1I00012,Inside,429082,No,,No,No,No,Female,1990,White,
345073,nd5R47765,05956d63,4/23/09 0:00,nd1S05956,Right,Hazel,No,nd1C00033,nd1T00014,nd1E00074,nd1N00006,"nd1I00017\,stdI00002",nd1I00012,Inside,451191,No,,No,No,No,Female,1990,White,
345074,,,4/23/09 0:00,nd1S05956,Right,Hazel,No,,nd1T00014,nd1E00074,nd1N00006,"nd1I00015\,stdI00002",nd1I00012,Inside,451192,No,,No,No,No,Female,1990,White,
366014,nd6R25038,05956d166,11/19/09 0:00,nd1S05956,Right,Hazel,No,nd1C00041,nd1T00002,nd1E00075,nd1N00016,"nd1I00015\,stdI00002",nd1I00012,Inside,517796,No,,No,No,No,Female,1990,White,
367629,,,12/1/09 0:00,nd1S05956,Right,Hazel,No,,nd1T00002,nd1E00075,nd1N00006,"nd1I00016\,stdI00002",nd1I00004,Inside,519411,No,,No,No,No,Female,1990,White,contacts-NoContacts
367631,,,12/1/09 0:00,nd1S05956,Right,Hazel,No,,nd1T00002,nd1E00075,nd1N00006,"nd1I00015\,stdI00002",nd1I00004,Inside,519413,No,,No,No,No,Female,1990,White,contacts-NoContacts
371888,,,12/1/09 0:00,nd1S05956,Right,Hazel,No,,nd1T00016,nd1E00075,nd1N00020,nd1I00013,nd1I00013,Inside,523670,No,,No,No,No,Female,1990,White,contacts-NoContacts
388371,nd6R38478,05956d240,11/19/09 0:00,nd1S05956,Right,Brown,No,nd1C00041,nd1T00016,nd1E00075,nd1N00020,nd1I00004,nd1I00004,Inside,546499,No,,No,No,No,Female,1990,White,
395556,nd6R52356,05956d261,2/11/10 15:35,nd1S05956,Right,Hazel,No,nd1C00042,nd1T00002,nd1E00075,nd1N00006,"nd1I00016\,stdI00002",nd1I00013,Inside,560766,No,,No,No,No,Female,1990,White,
447377,nd7R31152,05956d417,10/27/10 16:34,nd1S05956,Right,Hazel,No,nd1C00055,nd1T00039,nd1E00085,nd1N00048,"nd1I00022\,stdI00002",,Inside,675834,No,,No,No,No,Female,1990,White,
447383,nd7R31158,05956d423,10/27/10 16:34,nd1S05956,Right,Hazel,No,nd1C00055,nd1T00040,nd1E00085,nd1N00049,"nd1I00023\,stdI00002",,Inside,675840,No,,No,No,No,Female,1990,White,
419189,nd6R75451,05957d248,4/15/10 16:56,nd1S05957,Left,Blue,No,nd1C00042,nd1T00002,nd1E00077,nd1N00006,"nd1I00017\,stdI00002",,Inside,608691,Yes,Soft,No,No,No,Female,1990,White,"contacts-given\,contacts-soft-given"
573438,nd1R883359,05957d352,9/14/11 15:49,nd1S05957,Left,Blue,No,nd1C00068,nd1T00049,nd1E00107,nd1N00077,"nd1I00023\,stdI00002",,Inside,938340,Yes,Soft,No,No,No,Female,1990,White,
574502,nd1R884193,05957d369,9/14/11 15:49,nd1S05957,Left,Blue,No,nd1C00068,nd1T00051,nd1E00107,nd1N00074,"nd1I00028\,stdI00002",,Inside,939404,Yes,Soft,No,No,No,Female,1990,White,contacts-Category2
576505,nd1R885804,05957d382,9/14/11 15:49,nd1S05957,Left,Blue,No,nd1C00068,nd1T00054,nd1E00107,nd1N00073,"nd1I00036\,stdI00002",,Inside,941407,Yes,Soft,No,No,No,Female,1990,White,
591203,nd1R910075,05957d424,9/29/11 15:02,nd1S05957,Left,Blue,No,nd1C00068,nd1T00053,nd1E00107,nd1N00073,"nd1I00036\,stdI00002",,Inside,969454,Yes,Soft,No,No,No,Female,1990,White,
592627,nd1R911048,05957d433,9/29/11 15:02,nd1S05957,Left,Blue,No,nd1C00068,nd1T00054,nd1E00107,nd1N00073,"nd1I00036\,stdI00002",,Inside,970878,Yes,Soft,No,No,No,Female,1990,White,
593487,nd1R911611,05957d442,9/29/11 15:02,nd1S05957,Left,Blue,No,nd1C00068,nd1T00049,nd1E00107,nd1N00077,"nd1I00023\,stdI00002",,Inside,971738,Yes,Soft,No,No,No,Female,1990,White,
594218,nd1R912100,05957d447,9/29/11 15:02,nd1S05957,Left,Blue,No,nd1C00068,nd1T00050,nd1E00107,nd1N00048,"nd1I00022\,stdI00002",,Inside,972469,Yes,Soft,No,No,No,Female,1990,White,
594222,nd1R912104,05957d451,9/29/11 15:02,nd1S05957,Left,Blue,No,nd1C00068,nd1T00050,nd1E00107,nd1N00048,"nd1I00022\,stdI00002",,Inside,972473,Yes,Soft,No,No,No,Female,1990,White,
595373,nd1R912891,05957d458,9/29/11 15:02,nd1S05957,Left,Blue,No,nd1C00068,nd1T00051,nd1E00107,nd1N00074,"nd1I00028\,stdI00002",,Inside,973624,Yes,Soft,No,No,No,Female,1990,White,
332646,nd5R11616,05957d40,3/25/09 0:00,nd1S05957,Right,Blue,No,nd1C00033,nd1T00014,nd1E00074,nd1N00006,"nd1I00016\,stdI00002",nd1I00012,Inside,431975,Yes,Soft,No,No,No,Female,1990,White,"contacts-soft-given\,contacts-given"
332648,nd5R11614,05957d38,3/25/09 0:00,nd1S05957,Right,Blue,No,nd1C00033,nd1T00014,nd1E00074,nd1N00006,"nd1I00015\,stdI00002",nd1I00012,Inside,431977,Yes,Soft,No,No,No,Female,1990,White,"contacts-soft-given\,contacts-given"
332657,nd5R11605,05957d29,3/25/09 0:00,nd1S05957,Right,Blue,No,nd1C00033,nd1T00014,nd1E00074,nd1N00006,"nd1I00015\,stdI00002",nd1I00012,Inside,431986,Yes,Soft,No,No,No,Female,1990,White,"contacts-soft-given\,contacts-given"
332663,nd5R11599,05957d23,3/25/09 0:00,nd1S05957,Right,Blue,No,nd1C00033,nd1T00014,nd1E00074,nd1N00006,"nd1I00015\,stdI00002",nd1I00012,Inside,431992,Yes,Soft,No,No,No,Female,1990,White,"contacts-soft-given\,contacts-given"
359344,nd6R31670,05957d142,11/17/09 0:00,nd1S05957,Right,Blue,No,nd1C00041,nd1T00016,nd1E00075,nd1N00020,nd1I00013,nd1I00013,Inside,511126,Yes,Soft,No,No,No,Female,1990,White,"contacts-soft-given\,contacts-given"
359353,nd6R31661,05957d133,11/17/09 0:00,nd1S05957,Right,Blue,No,nd1C00041,nd1T00016,nd1E00075,nd1N00021,nd1I00013,nd1I00013,Inside,511135,Yes,Soft,No,No,No,Female,1990,White,"contacts-soft-given\,contacts-given"
375732,nd6R21871,05957d105,11/4/09 0:00,nd1S05957,Right,Blue,No,nd1C00041,nd1T00016,nd1E00075,nd1N00021,nd1I00013,nd1I00013,Inside,529348,No,,No,No,No,Female,1990,White,
376370,nd6R21242,05957d81,11/4/09 0:00,nd1S05957,Right,Blue,No,nd1C00041,nd1T00002,nd1E00075,nd1N00006,"nd1I00015\,stdI00002",nd1I00004,Inside,529986,No,,No,No,No,Female,1990,White,
395462,,,2/11/10 15:29,nd1S05957,Right,Blue,No,,nd1T00002,nd1E00075,nd1N00006,"nd1I00015\,stdI00002",nd1I00013,Inside,560672,Yes,Soft,No,No,No,Female,1990,White,"contacts-given\,contacts-soft-given"
573440,nd1R883361,05957d354,9/14/11 15:49,nd1S05957,Right,Blue,No,nd1C00068,nd1T00049,nd1E00107,nd1N00077,"nd1I00023\,stdI00002",,Inside,938342,Yes,Soft,No,No,No,Female,1990,White,
573443,nd1R883364,05957d357,9/14/11 15:49,nd1S05957,Right,Blue,No,nd1C00068,nd1T00049,nd1E00107,nd1N00077,"nd1I00023\,stdI00002",,Inside,938345,Yes,Soft,No,No,No,Female,1990,White,
576509,nd1R885808,05957d384,9/14/11 15:49,nd1S05957,Right,Blue,No,nd1C00068,nd1T00054,nd1E00107,nd1N00073,"nd1I00036\,stdI00002",,Inside,941411,Yes,Soft,No,No,No,Female,1990,White,
576511,nd1R885810,05957d385,9/14/11 15:49,nd1S05957,Right,Blue,No,nd1C00068,nd1T00053,nd1E00107,nd1N00073,"nd1I00036\,stdI00002",,Inside,941413,Yes,Soft,No,No,No,Female,1990,White,
593488,nd1R911612,05957d443,9/29/11 15:02,nd1S05957,Right,Blue,No,nd1C00068,nd1T00049,nd1E00107,nd1N00077,"nd1I00023\,stdI00002",,Inside,971739,Yes,Soft,No,No,No,Female,1990,White,
595379,nd1R912897,05957d464,9/29/11 15:02,nd1S05957,Right,Blue,No,nd1C00068,nd1T00051,nd1E00107,nd1N00074,"nd1I00027\,stdI00002",,Inside,973630,Yes,Soft,No,No,No,Female,1990,White,
620519,nd1R987279,05963d1577,11/8/11 15:38,nd1S05963,Left,Brown,No,nd1C00068,nd1T00053,nd1E00107,nd1N00073,"nd1I00036\,stdI00002",,Inside,1034933,No,,No,No,No,Male,1990,Black-or-African-American,
639505,nd1R1004255,05963d1626,2/9/12 15:19,nd1S05963,Left,Brown,No,nd1C00072,nd1T00049,nd1E00107,nd1N00079,"nd1I00023\,stdI00002",,Inside,1065395,No,,No,No,No,Male,1990,Black-or-African-American,
642802,nd1R1021247,05963d1698,2/21/12 16:44,nd1S05963,Left,Brown,No,nd1C00072,nd1T00054,nd1E00107,nd1N00073,"nd1I00036\,stdI00002",,Inside,1082033,No,,No,No,No,Male,1990,Black-or-African-American,
666587,nd1R1067625,05963d1887,3/27/12 14:19,nd1S05963,Left,Brown,No,nd1C00072,nd1T00051,nd1E00107,nd1N00074,"nd1I00028\,stdI00002",,Inside,1127879,No,,No,No,No,Male,1990,Black-or-African-American,
667536,nd1R1068569,05963d1894,3/27/12 14:19,nd1S05963,Left,Brown,No,nd1C00072,nd1T00054,nd1E00107,nd1N00073,"nd1I00036\,stdI00002",,Inside,1128828,No,,No,No,No,Male,1990,Black-or-African-American,
667550,nd1R1068583,05963d1908,3/27/12 14:19,nd1S05963,Left,Brown,No,nd1C00072,nd1T00053,nd1E00107,nd1N00073,"nd1I00036\,stdI00002",,Inside,1128842,No,,No,No,No,Male,1990,Black-or-African-American,
340458,nd5R43175,05963d85,4/21/09 0:00,nd1S05963,Left,Black,No,nd1C00033,nd1T00014,nd1E00054,nd1N00020,nd1I00013,nd1I00013,Inside,443623,Yes,Soft,No,No,No,Male,1990,Black-or-African-American,"contacts-soft-given\,contacts-given"
341202,nd5R43914,05963d94,4/22/09 0:00,nd1S05963,Left,Black,No,nd1C00033,nd1T00014,nd1E00074,nd1N00006,"nd1I00016\,stdI00002",nd1I00012,Inside,445861,Yes,Soft,No,No,No,Male,1990,Black-or-African-American,"contacts-soft-given\,contacts-given"
368002,,,12/2/09 0:00,nd1S05963,Left,Brown,No,,nd1T00002,nd1E00075,nd1N00006,"nd1I00017\,stdI00002",nd1I00004,Inside,519784,Yes,Soft,No,No,No,Male,1990,Black-or-African-American,"contacts-Category2\,contacts-soft-given\,contacts-given"
382872,nd6R40569,05963d271,1/26/10 14:09,nd1S05963,Left,Brown,No,nd1C00042,nd1T00002,nd1E00075,nd1N00006,"nd1I00017\,stdI00002",nd1I00013,Inside,538532,Yes,Soft,No,No,No,Male,1990,Black-or-African-American,"contacts-given\,contacts-soft-given"
382881,,,1/26/10 14:09,nd1S05963,Left,Brown,No,,nd1T00002,nd1E00075,nd1N00006,"nd1I00017\,stdI00002",nd1I00013,Inside,538541,Yes,Soft,No,No,No,Male,1990,Black-or-African-American,"contacts-given\,contacts-soft-given"
422199,nd6R78171,05963d421,4/27/10 14:01,nd1S05963,Left,Brown,No,nd1C00042,nd1T00002,nd1E00077,nd1N00006,"nd1I00015\,stdI00002",,Inside,611701,No,,No,No,No,Male,1990,Black-or-African-American,
487575,nd1R710428,05963d857,2/22/11 14:00,nd1S05963,Left,Brown,No,nd1C00062,nd1T00053,nd1E00093,nd1N00059,"nd1I00026\,stdI00002",,Inside,760639,Yes,Soft,No,No,No,Male,1990,Black-or-African-American,
616787,nd1R984171,05963d1559,10/27/11 15:39,nd1S05963,Right,Brown,No,nd1C00068,nd1T00049,nd1E00107,nd1N00077,"nd1I00023\,stdI00002",,Inside,1019589,No,,No,No,No,Male,1990,Black-or-African-American,
618338,nd1R949005,05963d1467,10/27/11 15:39,nd1S05963,Right,Brown,No,nd1C00068,nd1T00051,nd1E00107,nd1N00074,"nd1I00027\,stdI00002",,Inside,1021140,No,,No,No,No,Male,1990,Black-or-African-American,
620522,nd1R987282,05963d1580,11/8/11 15:38,nd1S05963,Right,Brown,No,nd1C00068,nd1T00053,nd1E00107,nd1N00073,"nd1I00036\,stdI00002",,Inside,1034936,No,,No,No,No,Male,1990,Black-or-African-American,
621654,nd1R988411,05963d1588,11/8/11 15:38,nd1S05963,Right,Brown,No,nd1C00068,nd1T00049,nd1E00107,nd1N00079,"nd1I00023\,stdI00002",,Inside,1036068,No,,No,No,No,Male,1990,Black-or-African-American,
623657,nd1R990411,05963d1608,11/8/11 15:38,nd1S05963,Right,Brown,No,nd1C00068,nd1T00051,nd1E00107,nd1N00074,"nd1I00027\,stdI00002",,Inside,1038071,No,,No,No,No,Male,1990,Black-or-African-American,
638285,nd1R1003372,05963d1612,2/9/12 15:19,nd1S05963,Right,Brown,No,nd1C00072,nd1T00054,nd1E00107,nd1N00073,"nd1I00036\,stdI00002",,Inside,1064175,No,,No,No,No,Male,1990,Black-or-African-American,
639508,nd1R1004258,05963d1629,2/9/12 15:19,nd1S05963,Right,Brown,No,nd1C00072,nd1T00049,nd1E00107,nd1N00079,"nd1I00023\,stdI00002",,Inside,1065398,No,,No,No,No,Male,1990,Black-or-African-American,
660700,nd1R1050147,05963d1823,3/7/12 14:43,nd1S05963,Right,Brown,No,nd1C00072,nd1T00051,nd1E00107,nd1N00074,"nd1I00027\,stdI00002",,Inside,1110446,No,,No,No,No,Male,1990,Black-or-African-American,
665695,nd1R1066738,05963d1881,3/27/12 14:19,nd1S05963,Right,Brown,No,nd1C00072,nd1T00050,nd1E00107,nd1N00048,"nd1I00022\,stdI00002",,Inside,1126987,No,,No,No,No,Male,1990,Black-or-African-American,
666592,nd1R1067630,05963d1892,3/27/12 14:19,nd1S05963,Right,Brown,No,nd1C00072,nd1T00051,nd1E00107,nd1N00074,"nd1I00027\,stdI00002",,Inside,1127884,No,,No,No,No,Male,1990,Black-or-African-American,
667555,nd1R1068588,05963d1913,3/27/12 14:19,nd1S05963,Right,Brown,No,nd1C00072,nd1T00053,nd1E00107,nd1N00073,"nd1I00036\,stdI00002",,Inside,1128847,No,,No,No,No,Male,1990,Black-or-African-American,
334249,nd5R10018,05963d47,3/25/09 0:00,nd1S05963,Right,Black,No,nd1C00033,nd1T00014,nd1E00074,nd1N00006,"nd1I00017\,stdI00002",nd1I00012,Inside,433578,No,,No,No,No,Male,1990,Black-or-African-American,
334965,nd5R09305,05963d33,3/25/09 0:00,nd1S05963,Right,Black,No,nd1C00033,nd1T00014,nd1E00054,nd1N00020,nd1I00013,nd1I00013,Inside,434294,No,,No,No,No,Male,1990,Black-or-African-American,
339070,nd5R41796,05963d74,4/21/09 0:00,nd1S05963,Right,Black,No,nd1C00033,nd1T00014,nd1E00074,nd1N00006,"nd1I00017\,stdI00002",nd1I00012,Inside,442235,Yes,Soft,No,No,No,Male,1990,Black-or-African-American,"contacts-soft-given\,contacts-given"
368015,nd6R33368,05963d248,12/2/09 0:00,nd1S05963,Right,Brown,No,nd1C00041,nd1T00002,nd1E00075,nd1N00006,"nd1I00015\,stdI00002",nd1I00004,Inside,519797,Yes,Soft,No,No,No,Male,1990,Black-or-African-American,"contacts-Category2\,contacts-soft-given\,contacts-given"
374720,,,11/3/09 0:00,nd1S05963,Right,Brown,No,,nd1T00002,nd1E00075,nd1N00006,"nd1I00015\,stdI00002",nd1I00004,Inside,528336,Yes,Soft,No,No,No,Male,1990,Black-or-African-American,"contacts-soft-given\,contacts-given"
403598,,,3/16/10 14:11,nd1S05963,Right,Brown,No,,nd1T00016,nd1E00077,nd1N00020,"nd1I00004\,stdI00002",,Inside,586172,Yes,Soft,No,No,No,Male,1990,Black-or-African-American,"contacts-given\,contacts-soft-given"
403600,nd6R60259,05963d353,3/16/10 14:11,nd1S05963,Right,Brown,No,nd1C00042,nd1T00016,nd1E00077,nd1N00020,"nd1I00004\,stdI00002",,Inside,586174,Yes,Soft,No,No,No,Male,1990,Black-or-African-American,"contacts-given\,contacts-soft-given"
414084,nd6R70405,05963d394,4/13/10 14:07,nd1S05963,Right,Brown,No,nd1C00042,nd1T00002,nd1E00077,nd1N00006,"nd1I00015\,stdI00002",,Inside,603586,Yes,Soft,No,No,No,Male,1990,Black-or-African-American,"contacts-given\,contacts-soft-given"
414091,nd6R70412,05963d401,4/13/10 14:07,nd1S05963,Right,Brown,No,nd1C00042,nd1T00002,nd1E00077,nd1N00006,"nd1I00016\,stdI00002",,Inside,603593,Yes,Soft,No,No,No,Male,1990,Black-or-African-American,"contacts-given\,contacts-soft-given"
446426,nd7R30226,05963d582,10/27/10 10:48,nd1S05963,Right,Brown,No,nd1C00055,nd1T00016,nd1E00085,nd1N00020,"nd1I00020\,stdI00002",,Inside,674883,Yes,Soft,No,Yes,No,Male,1990,Black-or-African-American,"contacts-given\,contacts-soft-given\,contacts-toric-given"
462006,nd1R669705,05963d737,1/25/11 14:07,nd1S05963,Right,Brown,No,nd1C00062,nd1T00051,nd1E00093,nd1N00020,"nd1I00020\,stdI00002",,Inside,705027,No,,No,No,No,Male,1990,Black-or-African-American,
487579,nd1R710432,05963d861,2/22/11 14:00,nd1S05963,Right,Brown,No,nd1C00062,nd1T00053,nd1E00093,nd1N00059,"nd1I00026\,stdI00002",,Inside,760643,Yes,Soft,No,No,No,Male,1990,Black-or-African-American,
573930,nd1R883762,05963d1370,9/14/11 16:13,nd1S05963,Right,Brown,No,nd1C00068,nd1T00050,nd1E00107,nd1N00048,"nd1I00022\,stdI00002",,Inside,938832,No,,No,No,No,Male,1990,Black-or-African-American,
638479,nd1R1003466,05970d852,2/9/12 15:30,nd1S05970,Left,Brown,No,nd1C00072,nd1T00054,nd1E00107,nd1N00073,"nd1I00036\,stdI00002",,Inside,1064369,No,,No,No,No,Male,1982,Asian-Middle-Eastern,
638488,nd1R1003475,05970d861,2/9/12 15:30,nd1S05970,Left,Brown,No,nd1C00072,nd1T00053,nd1E00107,nd1N00073,"nd1I00036\,stdI00002",,Inside,1064378,No,,No,No,No,Male,1982,Asian-Middle-Eastern,
639575,nd1R1004293,05970d869,2/9/12 15:30,nd1S05970,Left,Brown,No,nd1C00072,nd1T00049,nd1E00107,nd1N00079,"nd1I00023\,stdI00002",,Inside,1065465,No,,No,No,No,Male,1982,Asian-Middle-Eastern,
651414,nd1R1029844,05970d962,2/23/12 15:02,nd1S05970,Left,Brown,No,nd1C00072,nd1T00050,nd1E00107,nd1N00048,"nd1I00022\,stdI00002",,Inside,1090645,No,,No,No,No,Male,1982,Asian-Middle-Eastern,
658229,nd1R1047680,05970d1047,3/7/12 14:57,nd1S05970,Left,Brown,No,nd1C00072,nd1T00053,nd1E00107,nd1N00073,"nd1I00036\,stdI00002",,Inside,1107975,No,,No,No,No,Male,1982,Asian-Middle-Eastern,
723047,,,1/27/15 16:02,nd1S05970,Left,Brown,No,,nd1T00049,nd1E00130,nd1N00079,"nd1I00023\,stdI00002",,Inside,1204108,No,,No,No,No,Male,1982,Asian-Middle-Eastern,
337947,nd5R40680,05970d11,4/21/09 0:00,nd1S05970,Left,Brown,No,nd1C00033,nd1T00014,nd1E00074,nd1N00006,"nd1I00016\,stdI00002",nd1I00012,Inside,441112,No,,No,No,No,Male,1982,Asian-Middle-Eastern,
337955,nd5R40688,05970d19,4/21/09 0:00,nd1S05970,Left,Brown,No,nd1C00033,nd1T00014,nd1E00074,nd1N00006,"nd1I00015\,stdI00002",nd1I00012,Inside,441120,No,,No,No,No,Male,1982,Asian-Middle-Eastern,
340196,nd5R42914,05970d37,4/21/09 0:00,nd1S05970,Left,Brown,No,nd1C00033,nd1T00014,nd1E00054,nd1N00020,nd1I00013,nd1I00013,Inside,443361,No,,No,No,No,Male,1982,Asian-Middle-Eastern,
363679,nd6R27359,05970d90,11/18/09 0:00,nd1S05970,Left,Brown,No,nd1C00041,nd1T00002,nd1E00075,nd1N00016,"nd1I00017\,stdI00002",nd1I00012,Inside,515461,No,,No,No,No,Male,1982,Asian-Middle-Eastern,
363684,nd6R27354,05970d85,11/18/09 0:00,nd1S05970,Left,Brown,No,nd1C00041,nd1T00002,nd1E00075,nd1N00016,"nd1I00016\,stdI00002",nd1I00012,Inside,515466,No,,No,No,No,Male,1982,Asian-Middle-Eastern,
368814,nd6R34164,05970d104,12/2/09 0:00,nd1S05970,Left,Brown,No,nd1C00041,nd1T00002,nd1E00075,nd1N00006,"nd1I00016\,stdI00002",nd1I00004,Inside,520596,No,,No,No,No,Male,1982,Asian-Middle-Eastern,contacts-NoContacts
368820,nd6R34170,05970d110,12/2/09 0:00,nd1S05970,Left,Brown,No,nd1C00041,nd1T00002,nd1E00075,nd1N00006,"nd1I00016\,stdI00002",nd1I00004,Inside,520602,No,,No,No,No,Male,1982,Asian-Middle-Eastern,contacts-NoContacts
368821,nd6R34171,05970d111,12/2/09 0:00,nd1S05970,Left,Brown,No,nd1C00041,nd1T00002,nd1E00075,nd1N00006,"nd1I00017\,stdI00002",nd1I00004,Inside,520603,No,,No,No,No,Male,1982,Asian-Middle-Eastern,contacts-NoContacts
372169,nd6R37494,05970d130,12/2/09 0:00,nd1S05970,Left,Brown,No,nd1C00041,nd1T00016,nd1E00075,nd1N00020,nd1I00013,nd1I00013,Inside,523951,No,,No,No,No,Male,1982,Asian-Middle-Eastern,contacts-NoContacts
393552,nd6R50386,05970d165,2/10/10 15:31,nd1S05970,Left,Brown,No,nd1C00042,nd1T00002,nd1E00075,nd1N00006,"nd1I00016\,stdI00002",nd1I00013,Inside,558762,No,,No,No,No,Male,1982,Asian-Middle-Eastern,
398019,nd6R54729,05970d197,2/23/10 13:47,nd1S05970,Left,Brown,No,nd1C00042,nd1T00002,nd1E00077,nd1N00006,"nd1I00015\,stdI00002",,Inside,580593,No,,No,No,No,Male,1982,Asian-Middle-Eastern,
403987,nd6R60645,05970d217,3/17/10 12:55,nd1S05970,Left,Brown,No,nd1C00042,nd1T00016,nd1E00077,nd1N00020,"nd1I00004\,stdI00002",,Inside,586561,No,,No,No,No,Male,1982,Asian-Middle-Eastern,
407588,nd6R64214,05970d221,3/17/10 12:55,nd1S05970,Left,Brown,No,nd1C00042,nd1T00002,nd1E00077,nd1N00006,"nd1I00016\,stdI00002",,Inside,590162,No,,No,No,No,Male,1982,Asian-Middle-Eastern,
413203,nd6R69530,05970d266,4/13/10 12:43,nd1S05970,Left,Brown,No,nd1C00042,nd1T00002,nd1E00077,nd1N00006,"nd1I00016\,stdI00002",,Inside,602705,No,,No,No,No,Male,1982,Asian-Middle-Eastern,
413206,nd6R69533,05970d269,4/13/10 12:43,nd1S05970,Left,Brown,No,nd1C00042,nd1T00002,nd1E00077,nd1N00006,"nd1I00016\,stdI00002",,Inside,602708,No,,No,No,No,Male,1982,Asian-Middle-Eastern,
447064,nd7R30843,05970d416,10/27/10 14:57,nd1S05970,Left,Brown,No,nd1C00055,nd1T00016,nd1E00085,nd1N00020,"nd1I00020\,stdI00002",,Inside,675521,No,,No,No,No,Male,1982,Asian-Middle-Eastern,
450301,nd1R637829,05970d458,11/10/10 13:08,nd1S05970,Left,Brown,No,nd1C00055,nd1T00039,nd1E00085,nd1N00048,"nd1I00022\,stdI00002",,Inside,683407,No,,No,No,No,Male,1982,Asian-Middle-Eastern,
459965,nd1R658011,05970d533,12/1/10 11:51,nd1S05970,Left,Brown,No,nd1C00059,nd1T00052,nd1E00090,lg4000diff25,"nd1I00024\,stdI00002",,Inside,701360,No,,No,No,No,Male,1982,Asian-Middle-Eastern,
470794,nd1R677879,05970d534,2/9/11 14:11,nd1S05970,Left,Brown,No,nd1C00062,nd1T00054,nd1E00093,nd1N00059,"nd1I00026\,stdI00002",,Inside,724272,No,,No,No,No,Male,1982,Asian-Middle-Eastern,
470804,nd1R677889,05970d544,2/9/11 14:11,nd1S05970,Left,Brown,No,nd1C00062,nd1T00053,nd1E00093,nd1N00059,"nd1I00026\,stdI00002",,Inside,724282,No,,No,No,No,Male,1982,Asian-Middle-Eastern,
516251,nd1R806228,05970d709,3/23/11 12:00,nd1S05970,Left,Brown,No,nd1C00062,nd1T00050,nd1E00093,nd1N00048,"nd1I00022\,stdI00002",,Inside,823834,No,,No,No,No,Male,1982,Asian-Middle-Eastern,
518096,nd1R808061,05970d716,3/23/11 12:00,nd1S05970,Left,Brown,No,nd1C00062,nd1T00054,nd1E00093,nd1N00059,"nd1I00026\,stdI00002",,Inside,825679,No,,No,No,No,Male,1982,Asian-Middle-Eastern,
518132,nd1R808097,05970d723,3/23/11 12:00,nd1S05970,Left,Brown,No,nd1C00062,nd1T00053,nd1E00093,nd1N00059,"nd1I00026\,stdI00002",,Inside,825715,No,,No,No,No,Male,1982,Asian-Middle-Eastern,
520892,nd1R831784,05970d741,3/23/11 12:00,nd1S05970,Left,Brown,No,nd1C00059,nd1T00051,nd1E00093,lg4000diff20,"nd1I00027\,stdI00002",,Inside,828475,No,,No,No,No,Male,1982,Asian-Middle-Eastern,
520893,nd1R831785,05970d742,3/23/11 12:00,nd1S05970,Left,Brown,No,nd1C00059,nd1T00051,nd1E00093,lg4000diff20,"nd1I00028\,stdI00002",,Inside,828476,No,,No,No,No,Male,1982,Asian-Middle-Eastern,
520897,nd1R831789,05970d746,3/23/11 12:00,nd1S05970,Left,Brown,No,nd1C00059,nd1T00051,nd1E00093,lg4000diff20,"nd1I00028\,stdI00002",,Inside,828480,No,,No,No,No,Male,1982,Asian-Middle-Eastern,
579945,nd1R888872,05970d765,9/15/11 14:48,nd1S05970,Left,Brown,No,nd1C00068,nd1T00050,nd1E00107,nd1N00048,"nd1I00022\,stdI00002",,Inside,944847,No,,No,No,No,Male,1982,Asian-Middle-Eastern,
649591,nd1R1028023,05970d938,2/23/12 15:02,nd1S05970,Right,Brown,No,nd1C00072,nd1T00054,nd1E00107,nd1N00073,"nd1I00036\,stdI00002",,Inside,1088822,No,,No,No,No,Male,1982,Asian-Middle-Eastern,
651417,nd1R1029847,05970d965,2/23/12 15:02,nd1S05970,Right,Brown,No,nd1C00072,nd1T00050,nd1E00107,nd1N00048,"nd1I00022\,stdI00002",,Inside,1090648,No,,No,No,No,Male,1982,Asian-Middle-Eastern,
722666,,,11/18/14 12:08,nd1S05970,Right,Brown,No,,nd1T00049,nd1E00130,nd1N00079,"nd1I00023\,stdI00002",,Inside,1203727,No,,No,No,No,Male,1982,Asian-Middle-Eastern,
337959,nd5R40692,05970d23,4/21/09 0:00,nd1S05970,Right,Brown,No,nd1C00033,nd1T00014,nd1E00074,nd1N00006,"nd1I00016\,stdI00002",nd1I00012,Inside,441124,No,,No,No,No,Male,1982,Asian-Middle-Eastern,
340199,nd5R42917,05970d40,4/21/09 0:00,nd1S05970,Right,Brown,No,nd1C00033,nd1T00014,nd1E00054,nd1N00020,nd1I00013,nd1I00013,Inside,443364,No,,No,No,No,Male,1982,Asian-Middle-Eastern,
360439,nd6R30580,05970d96,11/18/09 0:00,nd1S05970,Right,Brown,No,nd1C00041,nd1T00016,nd1E00075,nd1N00021,nd1I00013,nd1I00013,Inside,512221,No,,No,No,No,Male,1982,Asian-Middle-Eastern,
363692,nd6R27346,05970d77,11/18/09 0:00,nd1S05970,Right,Brown,No,nd1C00041,nd1T00002,nd1E00075,nd1N00016,"nd1I00015\,stdI00002",nd1I00012,Inside,515474,No,,No,No,No,Male,1982,Asian-Middle-Eastern,
363693,nd6R27345,05970d76,11/18/09 0:00,nd1S05970,Right,Brown,No,nd1C00041,nd1T00002,nd1E00075,nd1N00016,"nd1I00016\,stdI00002",nd1I00012,Inside,515475,No,,No,No,No,Male,1982,Asian-Middle-Eastern,
363697,nd6R27341,05970d72,11/18/09 0:00,nd1S05970,Right,Brown,No,nd1C00041,nd1T00002,nd1E00075,nd1N00016,"nd1I00017\,stdI00002",nd1I00012,Inside,515479,No,,No,No,No,Male,1982,Asian-Middle-Eastern,
363699,nd6R27339,05970d70,11/18/09 0:00,nd1S05970,Right,Brown,No,nd1C00041,nd1T00002,nd1E00075,nd1N00016,"nd1I00016\,stdI00002",nd1I00012,Inside,515481,No,,No,No,No,Male,1982,Asian-Middle-Eastern,
368828,nd6R34176,05970d116,12/2/09 0:00,nd1S05970,Right,Brown,No,nd1C00041,nd1T00002,nd1E00075,nd1N00006,"nd1I00015\,stdI00002",nd1I00004,Inside,520610,No,,No,No,No,Male,1982,Asian-Middle-Eastern,contacts-NoContacts
368830,nd6R34178,05970d118,12/2/09 0:00,nd1S05970,Right,Brown,No,nd1C00041,nd1T00002,nd1E00075,nd1N00006,"nd1I00017\,stdI00002",nd1I00004,Inside,520612,No,,No,No,No,Male,1982,Asian-Middle-Eastern,contacts-NoContacts
383375,nd6R41068,05970d150,1/26/10 15:03,nd1S05970,Right,Brown,No,nd1C00042,nd1T00002,nd1E00075,nd1N00006,"nd1I00016\,stdI00002",nd1I00013,Inside,539035,No,,No,No,No,Male,1982,Asian-Middle-Eastern,
383376,nd6R41069,05970d151,1/26/10 15:03,nd1S05970,Right,Brown,No,nd1C00042,nd1T00002,nd1E00075,nd1N00006,"nd1I00017\,stdI00002",nd1I00013,Inside,539036,No,,No,No,No,Male,1982,Asian-Middle-Eastern,
383377,nd6R41070,05970d152,1/26/10 15:03,nd1S05970,Right,Brown,No,nd1C00042,nd1T00002,nd1E00075,nd1N00006,"nd1I00015\,stdI00002",nd1I00013,Inside,539037,No,,No,No,No,Male,1982,Asian-Middle-Eastern,
383385,nd6R41078,05970d160,1/26/10 15:03,nd1S05970,Right,Brown,No,nd1C00042,nd1T00002,nd1E00075,nd1N00006,"nd1I00017\,stdI00002",nd1I00013,Inside,539045,No,,No,No,No,Male,1982,Asian-Middle-Eastern,
383386,nd6R41079,05970d161,1/26/10 15:03,nd1S05970,Right,Brown,No,nd1C00042,nd1T00002,nd1E00075,nd1N00006,"nd1I00015\,stdI00002",nd1I00013,Inside,539046,No,,No,No,No,Male,1982,Asian-Middle-Eastern,
393562,nd6R50396,05970d175,2/10/10 15:31,nd1S05970,Right,Brown,No,nd1C00042,nd1T00002,nd1E00075,nd1N00006,"nd1I00017\,stdI00002",nd1I00013,Inside,558772,No,,No,No,No,Male,1982,Asian-Middle-Eastern,
393564,nd6R50398,05970d177,2/10/10 15:31,nd1S05970,Right,Brown,No,nd1C00042,nd1T00002,nd1E00075,nd1N00006,"nd1I00016\,stdI00002",nd1I00013,Inside,558774,No,,No,No,No,Male,1982,Asian-Middle-Eastern,
398026,nd6R54736,05970d204,2/23/10 13:47,nd1S05970,Right,Brown,No,nd1C00042,nd1T00002,nd1E00077,nd1N00006,"nd1I00016\,stdI00002",,Inside,580600,No,,No,No,No,Male,1982,Asian-Middle-Eastern,
398031,,,2/23/10 13:47,nd1S05970,Right,Brown,No,,nd1T00002,nd1E00077,nd1N00006,"nd1I00015\,stdI00002",,Inside,580605,No,,No,No,No,Male,1982,Asian-Middle-Eastern,
398035,nd6R54744,05970d212,2/23/10 13:47,nd1S05970,Right,Brown,No,nd1C00042,nd1T00002,nd1E00077,nd1N00006,"nd1I00016\,stdI00002",,Inside,580609,No,,No,No,No,Male,1982,Asian-Middle-Eastern,
407604,nd6R64230,05970d237,3/17/10 12:55,nd1S05970,Right,Brown,No,nd1C00042,nd1T00002,nd1E00077,nd1N00006,"nd1I00017\,stdI00002",,Inside,590178,No,,No,No,No,Male,1982,Asian-Middle-Eastern,
407605,nd6R64231,05970d238,3/17/10 12:55,nd1S05970,Right,Brown,No,nd1C00042,nd1T00002,nd1E00077,nd1N00006,"nd1I00015\,stdI00002",,Inside,590179,No,,No,No,No,Male,1982,Asian-Middle-Eastern,
407608,nd6R64234,05970d241,3/17/10 12:55,nd1S05970,Right,Brown,No,nd1C00042,nd1T00002,nd1E00077,nd1N00006,"nd1I00015\,stdI00002",,Inside,590182,No,,No,No,No,Male,1982,Asian-Middle-Eastern,
407623,nd6R64249,05970d256,3/17/10 12:55,nd1S05970,Right,Brown,No,nd1C00042,nd1T00002,nd1E00077,nd1N00006,"nd1I00015\,stdI00002",,Inside,590197,No,,No,No,No,Male,1982,Asian-Middle-Eastern,
413212,nd6R69539,05970d275,4/13/10 12:43,nd1S05970,Right,Brown,No,nd1C00042,nd1T00002,nd1E00077,nd1N00006,"nd1I00016\,stdI00002",,Inside,602714,No,,No,No,No,Male,1982,Asian-Middle-Eastern,
413213,nd6R69540,05970d276,4/13/10 12:43,nd1S05970,Right,Brown,No,nd1C00042,nd1T00002,nd1E00077,nd1N00006,"nd1I00017\,stdI00002",,Inside,602715,No,,No,No,No,Male,1982,Asian-Middle-Eastern,
413214,nd6R69541,05970d277,4/13/10 12:43,nd1S05970,Right,Brown,No,nd1C00042,nd1T00002,nd1E00077,nd1N00006,"nd1I00015\,stdI00002",,Inside,602716,No,,No,No,No,Male,1982,Asian-Middle-Eastern,
413215,nd6R69542,05970d278,4/13/10 12:43,nd1S05970,Right,Brown,No,nd1C00042,nd1T00002,nd1E00077,nd1N00006,"nd1I00016\,stdI00002",,Inside,602717,No,,No,No,No,Male,1982,Asian-Middle-Eastern,
413216,nd6R69543,05970d279,4/13/10 12:43,nd1S05970,Right,Brown,No,nd1C00042,nd1T00002,nd1E00077,nd1N00006,"nd1I00017\,stdI00002",,Inside,602718,No,,No,No,No,Male,1982,Asian-Middle-Eastern,
447073,nd7R30852,05970d425,10/27/10 14:57,nd1S05970,Right,Brown,No,nd1C00055,nd1T00039,nd1E00085,nd1N00048,"nd1I00022\,stdI00002",,Inside,675530,No,,No,No,No,Male,1982,Asian-Middle-Eastern,
450294,nd1R637822,05970d451,11/10/10 13:08,nd1S05970,Right,Brown,No,nd1C00055,nd1T00016,nd1E00085,nd1N00020,"nd1I00020\,stdI00002",,Inside,683400,No,,No,No,No,Male,1982,Asian-Middle-Eastern,
450304,nd1R637832,05970d461,11/10/10 13:08,nd1S05970,Right,Brown,No,nd1C00055,nd1T00039,nd1E00085,nd1N00048,"nd1I00022\,stdI00002",,Inside,683410,No,,No,No,No,Male,1982,Asian-Middle-Eastern,
454181,nd1R647453,05970d496,12/1/10 11:51,nd1S05970,Right,Brown,No,nd1C00055,nd1T00050,nd1E00090,nd1N00048,"nd1I00022\,stdI00002",,Inside,695018,No,,No,No,No,Male,1982,Asian-Middle-Eastern,
454186,nd1R647458,05970d501,12/1/10 11:51,nd1S05970,Right,Brown,No,nd1C00055,nd1T00049,nd1E00090,nd1N00049,"nd1I00023\,stdI00002",,Inside,695023,No,,No,No,No,Male,1982,Asian-Middle-Eastern,
459966,nd1R658010,05970d532,12/1/10 11:51,nd1S05970,Right,Brown,No,nd1C00059,nd1T00052,nd1E00090,lg4000diff25,"nd1I00024\,stdI00002",,Inside,701361,No,,No,No,No,Male,1982,Asian-Middle-Eastern,
470799,nd1R677884,05970d539,2/9/11 14:11,nd1S05970,Right,Brown,No,nd1C00062,nd1T00054,nd1E00093,nd1N00059,"nd1I00026\,stdI00002",,Inside,724277,No,,No,No,No,Male,1982,Asian-Middle-Eastern,
470809,nd1R677894,05970d549,2/9/11 14:11,nd1S05970,Right,Brown,No,nd1C00062,nd1T00053,nd1E00093,nd1N00059,"nd1I00026\,stdI00002",,Inside,724287,No,,No,No,No,Male,1982,Asian-Middle-Eastern,
518099,nd1R808064,05970d718,3/23/11 12:00,nd1S05970,Right,Brown,No,nd1C00062,nd1T00054,nd1E00093,nd1N00059,"nd1I00026\,stdI00002",,Inside,825682,No,,No,No,No,Male,1982,Asian-Middle-Eastern,
627378,nd1R994123,05974d1518,11/10/11 14:24,nd1S05974,Left,Black,No,nd1C00068,nd1T00049,nd1E00107,nd1N00079,"nd1I00023\,stdI00002",,Inside,1041792,No,,No,No,No,Male,1986,Asian-Southern,
641823,nd1R1020278,05974d1672,2/21/12 15:38,nd1S05974,Left,Black,No,nd1C00072,nd1T00054,nd1E00107,nd1N00073,"nd1I00036\,stdI00002",,Inside,1081054,No,,No,No,No,Male,1986,Asian-Southern,
644835,nd1R1023276,05974d1685,2/21/12 15:38,nd1S05974,Left,Black,No,nd1C00072,nd1T00050,nd1E00107,nd1N00048,"nd1I00022\,stdI00002",,Inside,1084066,No,,No,No,No,Male,1986,Asian-Southern,
658156,nd1R1047607,05974d1763,3/7/12 14:51,nd1S05974,Left,Black,No,nd1C00072,nd1T00053,nd1E00107,nd1N00073,"nd1I00036\,stdI00002",,Inside,1107902,No,,No,No,No,Male,1986,Asian-Southern,
659235,nd1R1048686,05974d1769,3/7/12 14:51,nd1S05974,Left,Black,No,nd1C00072,nd1T00049,nd1E00107,nd1N00079,"nd1I00023\,stdI00002",,Inside,1108981,No,,No,No,No,Male,1986,Asian-Southern,
672587,nd1R1073593,05974d1841,3/29/12 15:47,nd1S05974,Left,Black,No,nd1C00072,nd1T00049,nd1E00107,nd1N00079,"nd1I00023\,stdI00002",,Inside,1133879,No,,No,No,No,Male,1986,Asian-Southern,
673871,nd1R1074875,05974d1857,3/29/12 15:47,nd1S05974,Left,Black,No,nd1C00072,nd1T00051,nd1E00107,nd1N00074,"nd1I00028\,stdI00002",,Inside,1135163,No,,No,No,No,Male,1986,Asian-Southern,
674914,nd1R1075913,05974d1881,3/29/12 15:47,nd1S05974,Left,Black,No,nd1C00072,nd1T00053,nd1E00107,nd1N00073,"nd1I00036\,stdI00002",,Inside,1136206,No,,No,No,No,Male,1986,Asian-Southern,
340825,nd5R43542,05974d12,4/22/09 0:00,nd1S05974,Left,Black,No,nd1C00033,nd1T00014,nd1E00074,nd1N00006,"nd1I00017\,stdI00002",nd1I00012,Inside,445484,No,,No,No,No,Male,1986,Asian-Southern,
388725,nd6R45608,05974d155,2/9/10 14:49,nd1S05974,Left,Black,No,nd1C00042,nd1T00016,nd1E00075,nd1N00020,nd1I00004,nd1I00004,Inside,553935,No,,No,No,No,Male,1986,Asian-Southern,
400881,nd6R57569,05974d200,2/24/10 16:30,nd1S05974,Left,Black,No,nd1C00042,nd1T00002,nd1E00077,nd1N00006,"nd1I00015\,stdI00002",,Inside,583455,No,,No,No,No,Male,1986,Asian-Southern,
405154,nd6R61805,05974d225,3/16/10 13:00,nd1S05974,Left,Black,No,nd1C00042,nd1T00002,nd1E00077,nd1N00006,"nd1I00015\,stdI00002",,Inside,587728,No,,No,No,No,Male,1986,Asian-Southern,
405155,nd6R61806,05974d226,3/16/10 13:00,nd1S05974,Left,Black,No,nd1C00042,nd1T00002,nd1E00077,nd1N00006,"nd1I00016\,stdI00002",,Inside,587729,No,,No,No,No,Male,1986,Asian-Southern,
467602,,,1/27/11 16:07,nd1S05974,Left,Black,No,,nd1T00053,nd1E00093,nd1N00059,"nd1I00026\,stdI00002",,Inside,710623,No,,No,No,No,Male,1986,Asian-Southern,
471728,nd1R678716,05974d545,2/9/11 16:44,nd1S05974,Left,Black,No,nd1C00062,nd1T00053,nd1E00093,nd1N00059,"nd1I00026\,stdI00002",,Inside,725206,No,,No,No,No,Male,1986,Asian-Southern,
476260,nd1R681404,05974d551,2/9/11 16:44,nd1S05974,Left,Black,No,nd1C00062,nd1T00050,nd1E00093,nd1N00048,"nd1I00022\,stdI00002",,Inside,729738,No,,No,No,No,Male,1986,Asian-Southern,
482050,nd1R706159,05974d642,2/22/11 11:13,nd1S05974,Left,Black,No,nd1C00062,nd1T00049,nd1E00093,nd1N00049,"nd1I00023\,stdI00002",,Inside,755114,No,,No,No,No,Male,1986,Asian-Southern,
483918,nd1R827568,05974d1000,2/22/11 11:13,nd1S05974,Left,Black,No,nd1C00059,nd1T00051,nd1E00093,lg4000diff30,"nd1I00029\,stdI00002",,Inside,756982,No,,No,No,No,Male,1986,Asian-Southern,
486472,nd1R709342,05974d657,2/22/11 11:13,nd1S05974,Left,Black,No,nd1C00062,nd1T00054,nd1E00093,nd1N00059,"nd1I00026\,stdI00002",,Inside,759536,No,,No,No,No,Male,1986,Asian-Southern,
558164,nd1R860367,05974d1082,4/27/11 16:41,nd1S05974,Left,Black,No,nd1C00062,nd1T00054,nd1E00101,nd1N00059,"nd1I00026\,stdI00002",,Inside,903749,No,,No,No,No,Male,1986,Asian-Southern,
340838,nd5R43553,05974d23,4/22/09 0:00,nd1S05974,Right,Black,No,nd1C00033,nd1T00014,nd1E00074,nd1N00006,"nd1I00015\,stdI00002",nd1I00012,Inside,445497,No,,No,No,No,Male,1986,Asian-Southern,
343181,nd5R45884,05974d38,4/22/09 0:00,nd1S05974,Right,Black,No,nd1C00033,nd1T00014,nd1E00054,nd1N00020,nd1I00013,nd1I00013,Inside,447840,No,,No,No,No,Male,1986,Asian-Southern,
360034,nd6R30983,05974d95,11/17/09 0:00,nd1S05974,Right,Black,No,nd1C00041,nd1T00016,nd1E00075,nd1N00020,nd1I00013,nd1I00013,Inside,511816,No,,No,No,No,Male,1986,Asian-Southern,
360035,nd6R30982,05974d94,11/17/09 0:00,nd1S05974,Right,Black,No,nd1C00041,nd1T00016,nd1E00075,nd1N00021,nd1I00013,nd1I00013,Inside,511817,No,,No,No,No,Male,1986,Asian-Southern,
360043,nd6R30974,05974d86,11/17/09 0:00,nd1S05974,Right,Black,No,nd1C00041,nd1T00016,nd1E00075,nd1N00021,nd1I00013,nd1I00013,Inside,511825,No,,No,No,No,Male,1986,Asian-Southern,
362852,nd6R28179,05974d75,11/17/09 0:00,nd1S05974,Right,Black,No,nd1C00041,nd1T00002,nd1E00075,nd1N00016,"nd1I00017\,stdI00002",nd1I00012,Inside,514634,No,,No,No,No,Male,1986,Asian-Southern,
362856,nd6R28175,05974d71,11/17/09 0:00,nd1S05974,Right,Black,No,nd1C00041,nd1T00002,nd1E00075,nd1N00016,"nd1I00015\,stdI00002",nd1I00012,Inside,514638,No,,No,No,No,Male,1986,Asian-Southern,
362857,,,11/17/09 0:00,nd1S05974,Right,Black,No,,nd1T00002,nd1E00075,nd1N00016,"nd1I00016\,stdI00002",nd1I00012,Inside,514639,No,,No,No,No,Male,1986,Asian-Southern,
367997,nd6R33352,05974d117,12/2/09 0:00,nd1S05974,Right,Black,No,nd1C00041,nd1T00002,nd1E00075,nd1N00006,"nd1I00015\,stdI00002",nd1I00004,Inside,519779,No,,No,No,No,Male,1986,Asian-Southern,contacts-NoContacts
367999,nd6R33354,05974d119,12/2/09 0:00,nd1S05974,Right,Black,No,nd1C00041,nd1T00002,nd1E00075,nd1N00006,"nd1I00017\,stdI00002",nd1I00004,Inside,519781,No,,No,No,No,Male,1986,Asian-Southern,contacts-NoContacts
368000,nd6R33355,05974d120,12/2/09 0:00,nd1S05974,Right,Black,No,nd1C00041,nd1T00002,nd1E00075,nd1N00006,"nd1I00015\,stdI00002",nd1I00004,Inside,519782,No,,No,No,No,Male,1986,Asian-Southern,contacts-NoContacts
383857,,,1/26/10 15:44,nd1S05974,Right,Black,No,,nd1T00002,nd1E00075,nd1N00006,"nd1I00015\,stdI00002",nd1I00013,Inside,539517,No,,No,No,No,Male,1986,Asian-Southern,
391120,nd6R47967,05974d173,2/9/10 14:49,nd1S05974,Right,Black,No,nd1C00042,nd1T00002,nd1E00075,nd1N00006,"nd1I00017\,stdI00002",nd1I00013,Inside,556330,No,,No,No,No,Male,1986,Asian-Southern,
391125,,,2/9/10 14:49,nd1S05974,Right,Black,No,,nd1T00002,nd1E00075,nd1N00006,"nd1I00016\,stdI00002",nd1I00013,Inside,556335,No,,No,No,No,Male,1986,Asian-Southern,
391127,nd6R47973,05974d179,2/9/10 14:49,nd1S05974,Right,Black,No,nd1C00042,nd1T00002,nd1E00075,nd1N00006,"nd1I00015\,stdI00002",nd1I00013,Inside,556337,No,,No,No,No,Male,1986,Asian-Southern,
405160,,,3/16/10 13:00,nd1S05974,Right,Black,No,,nd1T00002,nd1E00077,nd1N00006,"nd1I00015\,stdI00002",,Inside,587734,No,,No,No,No,Male,1986,Asian-Southern,
405161,,,3/16/10 13:00,nd1S05974,Right,Black,No,,nd1T00002,nd1E00077,nd1N00006,"nd1I00016\,stdI00002",,Inside,587735,No,,No,No,No,Male,1986,Asian-Southern,
421333,nd6R77316,05974d266,4/27/10 12:53,nd1S05974,Right,Black,No,nd1C00042,nd1T00002,nd1E00077,nd1N00006,"nd1I00016\,stdI00002",,Inside,610835,No,,No,No,No,Male,1986,Asian-Southern,
448479,nd7R32225,05974d384,10/28/10 15:34,nd1S05974,Right,Black,No,nd1C00055,nd1T00016,nd1E00085,nd1N00020,"nd1I00020\,stdI00002",,Inside,676935,No,,No,No,No,Male,1986,Asian-Southern,
448494,nd7R32240,05974d399,10/28/10 15:34,nd1S05974,Right,Black,No,nd1C00055,nd1T00040,nd1E00085,nd1N00049,"nd1I00023\,stdI00002",,Inside,676950,No,,No,No,No,Male,1986,Asian-Southern,
467605,,,1/27/11 16:07,nd1S05974,Right,Black,No,,nd1T00053,nd1E00093,nd1N00059,"nd1I00026\,stdI00002",,Inside,710626,No,,No,No,No,Male,1986,Asian-Southern,
471719,nd1R678707,05974d536,2/9/11 16:44,nd1S05974,Right,Black,No,nd1C00062,nd1T00054,nd1E00093,nd1N00059,"nd1I00026\,stdI00002",,Inside,725197,No,,No,No,No,Male,1986,Asian-Southern,
471731,nd1R678719,05974d548,2/9/11 16:44,nd1S05974,Right,Black,No,nd1C00062,nd1T00053,nd1E00093,nd1N00059,"nd1I00026\,stdI00002",,Inside,725209,No,,No,No,No,Male,1986,Asian-Southern,
480207,nd1R704317,05974d634,2/22/11 11:13,nd1S05974,Right,Black,No,nd1C00062,nd1T00051,nd1E00093,nd1N00020,"nd1I00027\,stdI00002",,Inside,753271,No,,No,No,No,Male,1986,Asian-Southern,
483919,nd1R827569,05974d1001,2/22/11 11:13,nd1S05974,Right,Black,No,nd1C00059,nd1T00051,nd1E00093,lg4000diff30,"nd1I00029\,stdI00002",,Inside,756983,No,,No,No,No,Male,1986,Asian-Southern,
486473,nd1R709343,05974d658,2/22/11 11:13,nd1S05974,Right,Black,No,nd1C00062,nd1T00054,nd1E00093,nd1N00059,"nd1I00026\,stdI00002",,Inside,759537,No,,No,No,No,Male,1986,Asian-Southern,
519936,nd1R809900,05974d974,3/23/11 12:00,nd1S05974,Right,Black,No,nd1C00062,nd1T00051,nd1E00093,nd1N00020,"nd1I00028\,stdI00002",,Inside,827519,No,,No,No,No,Male,1986,Asian-Southern,
374095,nd6R23485,05999d92,11/3/09 0:00,nd1S05999,Left,Blue,No,nd1C00041,nd1T00002,nd1E00075,nd1N00006,"nd1I00017\,stdI00002",nd1I00004,Inside,527711,No,,No,No,No,Female,1988,White,
374096,nd6R23484,05999d91,11/3/09 0:00,nd1S05999,Left,Blue,No,nd1C00041,nd1T00002,nd1E00075,nd1N00006,"nd1I00015\,stdI00002",nd1I00004,Inside,527712,No,,No,No,No,Female,1988,White,
374097,nd6R23483,05999d90,11/3/09 0:00,nd1S05999,Left,Blue,No,nd1C00041,nd1T00002,nd1E00075,nd1N00006,"nd1I00016\,stdI00002",nd1I00004,Inside,527713,No,,No,No,No,Female,1988,White,
374099,nd6R23481,05999d88,11/3/09 0:00,nd1S05999,Left,Blue,No,nd1C00041,nd1T00002,nd1E00075,nd1N00006,"nd1I00015\,stdI00002",nd1I00004,Inside,527715,No,,No,No,No,Female,1988,White,
409181,nd6R65783,05999d174,3/18/10 13:18,nd1S05999,Left,Blue,No,nd1C00042,nd1T00002,nd1E00077,nd1N00006,"nd1I00016\,stdI00002",,Inside,591755,No,,No,No,No,Female,1988,White,
409184,nd6R65786,05999d177,3/18/10 13:18,nd1S05999,Left,Blue,No,nd1C00042,nd1T00002,nd1E00077,nd1N00006,"nd1I00016\,stdI00002",,Inside,591758,No,,No,No,No,Female,1988,White,
409185,nd6R65787,05999d178,3/18/10 13:18,nd1S05999,Left,Blue,No,nd1C00042,nd1T00002,nd1E00077,nd1N00006,"nd1I00017\,stdI00002",,Inside,591759,No,,No,No,No,Female,1988,White,
409186,nd6R65788,05999d179,3/18/10 13:18,nd1S05999,Left,Blue,No,nd1C00042,nd1T00002,nd1E00077,nd1N00006,"nd1I00015\,stdI00002",,Inside,591760,No,,No,No,No,Female,1988,White,
409187,nd6R65789,05999d180,3/18/10 13:18,nd1S05999,Left,Blue,No,nd1C00042,nd1T00002,nd1E00077,nd1N00006,"nd1I00016\,stdI00002",,Inside,591761,No,,No,No,No,Female,1988,White,
409189,nd6R65791,05999d182,3/18/10 13:18,nd1S05999,Left,Blue,No,nd1C00042,nd1T00002,nd1E00077,nd1N00006,"nd1I00015\,stdI00002",,Inside,591763,No,,No,No,No,Female,1988,White,
409192,nd6R65794,05999d185,3/18/10 13:18,nd1S05999,Left,Blue,No,nd1C00042,nd1T00002,nd1E00077,nd1N00006,"nd1I00015\,stdI00002",,Inside,591766,No,,No,No,No,Female,1988,White,
412348,nd6R68679,05999d198,4/15/10 13:11,nd1S05999,Left,Blue,No,nd1C00042,nd1T00016,nd1E00077,nd1N00020,"nd1I00004\,stdI00002",,Inside,601850,No,,No,No,No,Female,1988,White,
412350,nd6R68681,05999d200,4/15/10 13:11,nd1S05999,Left,Blue,No,nd1C00042,nd1T00016,nd1E00077,nd1N00020,"nd1I00004\,stdI00002",,Inside,601852,No,,No,No,No,Female,1988,White,
412352,nd6R68683,05999d202,4/15/10 13:11,nd1S05999,Left,Blue,No,nd1C00042,nd1T00016,nd1E00077,nd1N00020,"nd1I00004\,stdI00002",,Inside,601854,No,,No,No,No,Female,1988,White,
417424,nd6R73716,05999d204,4/15/10 13:11,nd1S05999,Left,Blue,No,nd1C00042,nd1T00002,nd1E00077,nd1N00006,"nd1I00016\,stdI00002",,Inside,606926,No,,No,No,No,Female,1988,White,
417426,nd6R73718,05999d206,4/15/10 13:11,nd1S05999,Left,Blue,No,nd1C00042,nd1T00002,nd1E00077,nd1N00006,"nd1I00015\,stdI00002",,Inside,606928,No,,No,No,No,Female,1988,White,
417429,,,4/15/10 13:11,nd1S05999,Left,Blue,No,,nd1T00002,nd1E00077,nd1N00006,"nd1I00015\,stdI00002",,Inside,606931,No,,No,No,No,Female,1988,White,
417430,nd6R73721,05999d209,4/15/10 13:11,nd1S05999,Left,Blue,No,nd1C00042,nd1T00002,nd1E00077,nd1N00006,"nd1I00016\,stdI00002",,Inside,606932,No,,No,No,No,Female,1988,White,
417431,nd6R73722,05999d210,4/15/10 13:11,nd1S05999,Left,Blue,No,nd1C00042,nd1T00002,nd1E00077,nd1N00006,"nd1I00017\,stdI00002",,Inside,606933,No,,No,No,No,Female,1988,White,
417432,nd6R73723,05999d211,4/15/10 13:11,nd1S05999,Left,Blue,No,nd1C00042,nd1T00002,nd1E00077,nd1N00006,"nd1I00015\,stdI00002",,Inside,606934,No,,No,No,No,Female,1988,White,
417433,nd6R73724,05999d212,4/15/10 13:11,nd1S05999,Left,Blue,No,nd1C00042,nd1T00002,nd1E00077,nd1N00006,"nd1I00016\,stdI00002",,Inside,606935,No,,No,No,No,Female,1988,White,
417434,nd6R73725,05999d213,4/15/10 13:11,nd1S05999,Left,Blue,No,nd1C00042,nd1T00002,nd1E00077,nd1N00006,"nd1I00017\,stdI00002",,Inside,606936,No,,No,No,No,Female,1988,White,
417435,nd6R73726,05999d214,4/15/10 13:11,nd1S05999,Left,Blue,No,nd1C00042,nd1T00002,nd1E00077,nd1N00006,"nd1I00015\,stdI00002",,Inside,606937,No,,No,No,No,Female,1988,White,
420231,nd6R76491,05999d227,4/28/10 14:22,nd1S05999,Left,Blue,No,nd1C00042,nd1T00016,nd1E00077,nd1N00020,"nd1I00004\,stdI00002",,Inside,609733,No,,No,No,No,Female,1988,White,
420235,nd6R76495,05999d231,4/28/10 14:22,nd1S05999,Left,Blue,No,nd1C00042,nd1T00016,nd1E00077,nd1N00020,"nd1I00004\,stdI00002",,Inside,609737,No,,No,No,No,Female,1988,White,
424828,nd6R80781,05999d233,4/28/10 14:22,nd1S05999,Left,Blue,No,nd1C00042,nd1T00002,nd1E00077,nd1N00006,"nd1I00016\,stdI00002",,Inside,614330,No,,No,No,No,Female,1988,White,
424829,nd6R80782,05999d234,4/28/10 14:22,nd1S05999,Left,Blue,No,nd1C00042,nd1T00002,nd1E00077,nd1N00006,"nd1I00017\,stdI00002",,Inside,614331,No,,No,No,No,Female,1988,White,
424831,nd6R80783,05999d235,4/28/10 14:22,nd1S05999,Left,Blue,No,nd1C00042,nd1T00002,nd1E00077,nd1N00006,"nd1I00016\,stdI00002",,Inside,614333,No,,No,No,No,Female,1988,White,
424832,nd6R80784,05999d236,4/28/10 14:22,nd1S05999,Left,Blue,No,nd1C00042,nd1T00002,nd1E00077,nd1N00006,"nd1I00017\,stdI00002",,Inside,614334,No,,No,No,No,Female,1988,White,
424833,nd6R80785,05999d237,4/28/10 14:22,nd1S05999,Left,Blue,No,nd1C00042,nd1T00002,nd1E00077,nd1N00006,"nd1I00015\,stdI00002",,Inside,614335,No,,No,No,No,Female,1988,White,
424834,nd6R80786,05999d238,4/28/10 14:22,nd1S05999,Left,Blue,No,nd1C00042,nd1T00002,nd1E00077,nd1N00006,"nd1I00016\,stdI00002",,Inside,614336,No,,No,No,No,Female,1988,White,
424835,nd6R80787,05999d239,4/28/10 14:22,nd1S05999,Left,Blue,No,nd1C00042,nd1T00002,nd1E00077,nd1N00006,"nd1I00017\,stdI00002",,Inside,614337,No,,No,No,No,Female,1988,White,
424836,nd6R80788,05999d240,4/28/10 14:22,nd1S05999,Left,Blue,No,nd1C00042,nd1T00002,nd1E00077,nd1N00006,"nd1I00015\,stdI00002",,Inside,614338,No,,No,No,No,Female,1988,White,
424837,nd6R80789,05999d241,4/28/10 14:22,nd1S05999,Left,Blue,No,nd1C00042,nd1T00002,nd1E00077,nd1N00006,"nd1I00016\,stdI00002",,Inside,614339,No,,No,No,No,Female,1988,White,
424838,nd6R80790,05999d242,4/28/10 14:22,nd1S05999,Left,Blue,No,nd1C00042,nd1T00002,nd1E00077,nd1N00006,"nd1I00017\,stdI00002",,Inside,614340,No,,No,No,No,Female,1988,White,
424839,nd6R80791,05999d243,4/28/10 14:22,nd1S05999,Left,Blue,No,nd1C00042,nd1T00002,nd1E00077,nd1N00006,"nd1I00015\,stdI00002",,Inside,614341,No,,No,No,No,Female,1988,White,
346032,nd5R48713,05999d30,4/23/09 0:00,nd1S05999,Right,Blue,No,nd1C00033,nd1T00014,nd1E00074,nd1N00006,"nd1I00016\,stdI00002",nd1I00012,Inside,452150,No,,No,No,No,Female,1988,White,
346033,nd5R48714,05999d31,4/23/09 0:00,nd1S05999,Right,Blue,No,nd1C00033,nd1T00014,nd1E00074,nd1N00006,"nd1I00017\,stdI00002",nd1I00012,Inside,452151,No,,No,No,No,Female,1988,White,
346034,nd5R48715,05999d32,4/23/09 0:00,nd1S05999,Right,Blue,No,nd1C00033,nd1T00014,nd1E00074,nd1N00006,"nd1I00015\,stdI00002",nd1I00012,Inside,452152,No,,No,No,No,Female,1988,White,
346754,nd5R49434,05999d34,4/23/09 0:00,nd1S05999,Right,Blue,No,nd1C00033,nd1T00014,nd1E00054,nd1N00020,nd1I00013,nd1I00013,Inside,452872,No,,No,No,No,Female,1988,White,
346756,nd5R49436,05999d36,4/23/09 0:00,nd1S05999,Right,Blue,No,nd1C00033,nd1T00014,nd1E00054,nd1N00020,nd1I00013,nd1I00013,Inside,452874,No,,No,No,No,Female,1988,White,
346758,nd5R49438,05999d38,4/23/09 0:00,nd1S05999,Right,Blue,No,nd1C00033,nd1T00014,nd1E00054,nd1N00020,nd1I00013,nd1I00013,Inside,452876,No,,No,No,No,Female,1988,White,
359474,nd6R31540,05999d129,11/17/09 0:00,nd1S05999,Right,Blue,No,nd1C00041,nd1T00016,nd1E00075,nd1N00020,nd1I00013,nd1I00013,Inside,511256,No,,No,No,No,Female,1988,White,
359475,nd6R31539,05999d128,11/17/09 0:00,nd1S05999,Right,Blue,No,nd1C00041,nd1T00016,nd1E00075,nd1N00021,nd1I00013,nd1I00013,Inside,511257,No,,No,No,No,Female,1988,White,
359478,nd6R31536,05999d125,11/17/09 0:00,nd1S05999,Right,Blue,No,nd1C00041,nd1T00016,nd1E00075,nd1N00020,nd1I00013,nd1I00013,Inside,511260,No,,No,No,No,Female,1988,White,
359479,nd6R31535,05999d124,11/17/09 0:00,nd1S05999,Right,Blue,No,nd1C00041,nd1T00016,nd1E00075,nd1N00021,nd1I00013,nd1I00013,Inside,511261,No,,No,No,No,Female,1988,White,
359481,nd6R31533,05999d122,11/17/09 0:00,nd1S05999,Right,Blue,No,nd1C00041,nd1T00016,nd1E00075,nd1N00021,nd1I00013,nd1I00013,Inside,511263,No,,No,No,No,Female,1988,White,
361613,nd6R29411,05999d121,11/17/09 0:00,nd1S05999,Right,Blue,No,nd1C00041,nd1T00002,nd1E00075,nd1N00016,"nd1I00016\,stdI00002",nd1I00012,Inside,513395,No,,No,No,No,Female,1988,White,
361614,nd6R29410,05999d120,11/17/09 0:00,nd1S05999,Right,Blue,No,nd1C00041,nd1T00002,nd1E00075,nd1N00016,"nd1I00017\,stdI00002",nd1I00012,Inside,513396,No,,No,No,No,Female,1988,White,
361615,nd6R29409,05999d119,11/17/09 0:00,nd1S05999,Right,Blue,No,nd1C00041,nd1T00002,nd1E00075,nd1N00016,"nd1I00015\,stdI00002",nd1I00012,Inside,513397,No,,No,No,No,Female,1988,White,
361616,nd6R29408,05999d118,11/17/09 0:00,nd1S05999,Right,Blue,No,nd1C00041,nd1T00002,nd1E00075,nd1N00016,"nd1I00016\,stdI00002",nd1I00012,Inside,513398,No,,No,No,No,Female,1988,White,
361617,nd6R29407,05999d117,11/17/09 0:00,nd1S05999,Right,Blue,No,nd1C00041,nd1T00002,nd1E00075,nd1N00016,"nd1I00017\,stdI00002",nd1I00012,Inside,513399,No,,No,No,No,Female,1988,White,
361618,nd6R29406,05999d116,11/17/09 0:00,nd1S05999,Right,Blue,No,nd1C00041,nd1T00002,nd1E00075,nd1N00016,"nd1I00015\,stdI00002",nd1I00012,Inside,513400,No,,No,No,No,Female,1988,White,
361619,nd6R29405,05999d115,11/17/09 0:00,nd1S05999,Right,Blue,No,nd1C00041,nd1T00002,nd1E00075,nd1N00016,"nd1I00016\,stdI00002",nd1I00012,Inside,513401,No,,No,No,No,Female,1988,White,
361620,nd6R29404,05999d114,11/17/09 0:00,nd1S05999,Right,Blue,No,nd1C00041,nd1T00002,nd1E00075,nd1N00016,"nd1I00017\,stdI00002",nd1I00012,Inside,513402,No,,No,No,No,Female,1988,White,
361621,nd6R29403,05999d113,11/17/09 0:00,nd1S05999,Right,Blue,No,nd1C00041,nd1T00002,nd1E00075,nd1N00016,"nd1I00015\,stdI00002",nd1I00012,Inside,513403,No,,No,No,No,Female,1988,White,
361622,nd6R29402,05999d112,11/17/09 0:00,nd1S05999,Right,Blue,No,nd1C00041,nd1T00002,nd1E00075,nd1N00016,"nd1I00016\,stdI00002",nd1I00012,Inside,513404,No,,No,No,No,Female,1988,White,
361623,nd6R29401,05999d111,11/17/09 0:00,nd1S05999,Right,Blue,No,nd1C00041,nd1T00002,nd1E00075,nd1N00016,"nd1I00017\,stdI00002",nd1I00012,Inside,513405,No,,No,No,No,Female,1988,White,
361624,nd6R29400,05999d110,11/17/09 0:00,nd1S05999,Right,Blue,No,nd1C00041,nd1T00002,nd1E00075,nd1N00016,"nd1I00015\,stdI00002",nd1I00012,Inside,513406,No,,No,No,No,Female,1988,White,
370287,nd6R35627,05999d150,12/3/09 0:00,nd1S05999,Right,Blue,No,nd1C00041,nd1T00002,nd1E00075,nd1N00006,"nd1I00016\,stdI00002",nd1I00004,Inside,522069,No,,No,No,No,Female,1988,White,contacts-NoContacts
370288,nd6R35628,05999d151,12/3/09 0:00,nd1S05999,Right,Blue,No,nd1C00041,nd1T00002,nd1E00075,nd1N00006,"nd1I00017\,stdI00002",nd1I00004,Inside,522070,No,,No,No,No,Female,1988,White,contacts-NoContacts
370289,nd6R35629,05999d152,12/3/09 0:00,nd1S05999,Right,Blue,No,nd1C00041,nd1T00002,nd1E00075,nd1N00006,"nd1I00015\,stdI00002",nd1I00004,Inside,522071,No,,No,No,No,Female,1988,White,contacts-NoContacts
370290,nd6R35630,05999d153,12/3/09 0:00,nd1S05999,Right,Blue,No,nd1C00041,nd1T00002,nd1E00075,nd1N00006,"nd1I00016\,stdI00002",nd1I00004,Inside,522072,No,,No,No,No,Female,1988,White,contacts-NoContacts
370291,nd6R35631,05999d154,12/3/09 0:00,nd1S05999,Right,Blue,No,nd1C00041,nd1T00002,nd1E00075,nd1N00006,"nd1I00017\,stdI00002",nd1I00004,Inside,522073,No,,No,No,No,Female,1988,White,contacts-NoContacts
370292,nd6R35632,05999d155,12/3/09 0:00,nd1S05999,Right,Blue,No,nd1C00041,nd1T00002,nd1E00075,nd1N00006,"nd1I00015\,stdI00002",nd1I00004,Inside,522074,No,,No,No,No,Female,1988,White,contacts-NoContacts
370293,nd6R35633,05999d156,12/3/09 0:00,nd1S05999,Right,Blue,No,nd1C00041,nd1T00002,nd1E00075,nd1N00006,"nd1I00016\,stdI00002",nd1I00004,Inside,522075,No,,No,No,No,Female,1988,White,contacts-NoContacts
370294,nd6R35634,05999d157,12/3/09 0:00,nd1S05999,Right,Blue,No,nd1C00041,nd1T00002,nd1E00075,nd1N00006,"nd1I00017\,stdI00002",nd1I00004,Inside,522076,No,,No,No,No,Female,1988,White,contacts-NoContacts
370295,nd6R35635,05999d158,12/3/09 0:00,nd1S05999,Right,Blue,No,nd1C00041,nd1T00002,nd1E00075,nd1N00006,"nd1I00015\,stdI00002",nd1I00004,Inside,522077,No,,No,No,No,Female,1988,White,contacts-NoContacts
370296,nd6R35636,05999d159,12/3/09 0:00,nd1S05999,Right,Blue,No,nd1C00041,nd1T00002,nd1E00075,nd1N00006,"nd1I00016\,stdI00002",nd1I00004,Inside,522078,No,,No,No,No,Female,1988,White,contacts-NoContacts
370297,nd6R35637,05999d160,12/3/09 0:00,nd1S05999,Right,Blue,No,nd1C00041,nd1T00002,nd1E00075,nd1N00006,"nd1I00017\,stdI00002",nd1I00004,Inside,522079,No,,No,No,No,Female,1988,White,contacts-NoContacts
370298,nd6R35638,05999d161,12/3/09 0:00,nd1S05999,Right,Blue,No,nd1C00041,nd1T00002,nd1E00075,nd1N00006,"nd1I00015\,stdI00002",nd1I00004,Inside,522080,No,,No,No,No,Female,1988,White,contacts-NoContacts
372520,nd6R37845,05999d163,12/3/09 0:00,nd1S05999,Right,Blue,No,nd1C00041,nd1T00016,nd1E00075,nd1N00020,nd1I00013,nd1I00013,Inside,524302,No,,No,No,No,Female,1988,White,contacts-NoContacts
372522,nd6R37847,05999d165,12/3/09 0:00,nd1S05999,Right,Blue,No,nd1C00041,nd1T00016,nd1E00075,nd1N00020,nd1I00013,nd1I00013,Inside,524304,No,,No,No,No,Female,1988,White,contacts-NoContacts
372524,nd6R37849,05999d167,12/3/09 0:00,nd1S05999,Right,Blue,No,nd1C00041,nd1T00016,nd1E00075,nd1N00020,nd1I00013,nd1I00013,Inside,524306,No,,No,No,No,Female,1988,White,contacts-NoContacts
373025,nd6R24552,05999d107,11/3/09 0:00,nd1S05999,Right,Blue,No,nd1C00041,nd1T00016,nd1E00075,nd1N00020,nd1I00013,nd1I00013,Inside,526641,No,,No,No,No,Female,1988,White,
373026,nd6R24551,05999d106,11/3/09 0:00,nd1S05999,Right,Blue,No,nd1C00041,nd1T00016,nd1E00075,nd1N00021,nd1I00013,nd1I00013,Inside,526642,No,,No,No,No,Female,1988,White,
373028,nd6R24549,05999d104,11/3/09 0:00,nd1S05999,Right,Blue,No,nd1C00041,nd1T00016,nd1E00075,nd1N00020,nd1I00013,nd1I00013,Inside,526644,No,,No,No,No,Female,1988,White,
373031,nd6R24546,05999d101,11/3/09 0:00,nd1S05999,Right,Blue,No,nd1C00041,nd1T00016,nd1E00075,nd1N00020,nd1I00013,nd1I00013,Inside,526647,No,,No,No,No,Female,1988,White,
373032,nd6R24545,05999d100,11/3/09 0:00,nd1S05999,Right,Blue,No,nd1C00041,nd1T00016,nd1E00075,nd1N00021,nd1I00013,nd1I00013,Inside,526648,No,,No,No,No,Female,1988,White,
374100,nd6R23480,05999d87,11/3/09 0:00,nd1S05999,Right,Blue,No,nd1C00041,nd1T00002,nd1E00075,nd1N00006,"nd1I00016\,stdI00002",nd1I00004,Inside,527716,No,,No,No,No,Female,1988,White,
374101,nd6R23479,05999d86,11/3/09 0:00,nd1S05999,Right,Blue,No,nd1C00041,nd1T00002,nd1E00075,nd1N00006,"nd1I00017\,stdI00002",nd1I00004,Inside,527717,No,,No,No,No,Female,1988,White,
374102,nd6R23478,05999d85,11/3/09 0:00,nd1S05999,Right,Blue,No,nd1C00041,nd1T00002,nd1E00075,nd1N00006,"nd1I00015\,stdI00002",nd1I00004,Inside,527718,No,,No,No,No,Female,1988,White,
374103,nd6R23477,05999d84,11/3/09 0:00,nd1S05999,Right,Blue,No,nd1C00041,nd1T00002,nd1E00075,nd1N00006,"nd1I00016\,stdI00002",nd1I00004,Inside,527719,No,,No,No,No,Female,1988,White,
374104,nd6R23476,05999d83,11/3/09 0:00,nd1S05999,Right,Blue,No,nd1C00041,nd1T00002,nd1E00075,nd1N00006,"nd1I00017\,stdI00002",nd1I00004,Inside,527720,No,,No,No,No,Female,1988,White,
374105,nd6R23475,05999d82,11/3/09 0:00,nd1S05999,Right,Blue,No,nd1C00041,nd1T00002,nd1E00075,nd1N00006,"nd1I00015\,stdI00002",nd1I00004,Inside,527721,No,,No,No,No,Female,1988,White,
374106,nd6R23474,05999d81,11/3/09 0:00,nd1S05999,Right,Blue,No,nd1C00041,nd1T00002,nd1E00075,nd1N00006,"nd1I00016\,stdI00002",nd1I00004,Inside,527722,No,,No,No,No,Female,1988,White,
680473,nd1R1112209,06017d3133,8/15/12 18:02,nd1S06017,Left,Brown,No,nd1C00076,nd1T00051,nd1E00130,nd1N00074,"nd1I00028\,stdI00002",,Inside,1153166,Yes,Soft,Yes,No,Yes,Male,1985,White,"contacts-brand-acuvue2colours\,contacts-manufacturer-johnson&johnson\,contacts-color-green\,contacts-not-toric-given\,contacts-cosmetic-given\,contacts-texture-given\,contacts-soft-given"
680745,nd1R1112481,06017d3405,8/15/12 18:05,nd1S06017,Left,Brown,No,nd1C00076,nd1T00051,nd1E00130,nd1N00074,"nd1I00027\,stdI00002",,Inside,1153438,Yes,Soft,Yes,Yes,No,Male,1985,White,"contacts-toric-given\,contacts-color-none\,contacts-soft-given"
680752,nd1R1112488,06017d3412,8/15/12 18:05,nd1S06017,Left,Brown,No,nd1C00076,nd1T00051,nd1E00130,nd1N00074,"nd1I00027\,stdI00002",,Inside,1153445,Yes,Soft,Yes,Yes,No,Male,1985,White,"contacts-toric-given\,contacts-color-none\,contacts-soft-given"
680778,nd1R1112514,06017d3438,8/15/12 18:05,nd1S06017,Left,Brown,No,nd1C00076,nd1T00051,nd1E00130,nd1N00074,"nd1I00027\,stdI00002",,Inside,1153471,Yes,Soft,Yes,Yes,No,Male,1985,White,"contacts-toric-given\,contacts-color-none\,contacts-soft-given"
680792,nd1R1112528,06017d3452,8/15/12 18:05,nd1S06017,Left,Brown,No,nd1C00076,nd1T00051,nd1E00130,nd1N00074,"nd1I00028\,stdI00002",,Inside,1153485,Yes,Soft,Yes,Yes,No,Male,1985,White,"contacts-toric-given\,contacts-color-none\,contacts-soft-given"
683797,nd1R1115529,06017d3737,8/16/12 21:37,nd1S06017,Left,Brown,No,nd1C00076,nd1T00051,nd1E00130,nd1N00074,"nd1I00027\,stdI00002",,Inside,1156490,Yes,Soft,Yes,No,Yes,Male,1985,White,"contacts-manufacturer-johnson&johnson\,contacts-brand-acuvue2colours\,contacts-color-blue\,contacts-not-toric-given\,contacts-cosmetic-given\,contacts-soft-given\,contacts-texture-given"
683837,nd1R1115569,06017d3777,8/16/12 21:37,nd1S06017,Left,Brown,No,nd1C00076,nd1T00051,nd1E00130,nd1N00074,"nd1I00028\,stdI00002",,Inside,1156530,Yes,Soft,Yes,No,Yes,Male,1985,White,"contacts-manufacturer-johnson&johnson\,contacts-brand-acuvue2colours\,contacts-color-blue\,contacts-not-toric-given\,contacts-cosmetic-given\,contacts-soft-given\,contacts-texture-given"
683945,nd1R1115675,06017d3883,8/16/12 21:39,nd1S06017,Left,Brown,No,nd1C00076,nd1T00051,nd1E00130,nd1N00074,"nd1I00027\,stdI00002",,Inside,1156638,Yes,Soft,Yes,No,Yes,Male,1985,White,"contacts-brand-acuvue2colours\,contacts-manufacturer-johnson&johnson\,contacts-color-green\,contacts-not-toric-given\,contacts-cosmetic-given\,contacts-texture-given\,contacts-soft-given"
683983,nd1R1115712,06017d3920,8/16/12 21:39,nd1S06017,Left,Brown,No,nd1C00076,nd1T00051,nd1E00130,nd1N00074,"nd1I00028\,stdI00002",,Inside,1156676,Yes,Soft,Yes,No,Yes,Male,1985,White,"contacts-brand-acuvue2colours\,contacts-manufacturer-johnson&johnson\,contacts-color-green\,contacts-not-toric-given\,contacts-cosmetic-given\,contacts-texture-given\,contacts-soft-given"
684021,nd1R1115750,06017d3958,8/16/12 21:39,nd1S06017,Left,Brown,No,nd1C00076,nd1T00051,nd1E00130,nd1N00074,"nd1I00028\,stdI00002",,Inside,1156714,Yes,Soft,Yes,No,Yes,Male,1985,White,"contacts-brand-acuvue2colours\,contacts-manufacturer-johnson&johnson\,contacts-color-green\,contacts-not-toric-given\,contacts-cosmetic-given\,contacts-texture-given\,contacts-soft-given"
684146,nd1R1115875,06017d4083,8/16/12 21:40,nd1S06017,Left,Brown,No,nd1C00076,nd1T00051,nd1E00130,nd1N00074,"nd1I00028\,stdI00002",,Inside,1156839,No,,No,No,No,Male,1985,White,contacts-NoContacts
684297,nd1R1116026,06017d4234,8/16/12 21:42,nd1S06017,Left,Brown,No,nd1C00076,nd1T00051,nd1E00130,nd1N00074,"nd1I00027\,stdI00002",,Inside,1156990,Yes,Soft,Yes,Yes,No,Male,1985,White,"contacts-toric-given\,contacts-color-none\,contacts-soft-given"
684336,nd1R1116065,06017d4273,8/16/12 21:42,nd1S06017,Left,Brown,No,nd1C00076,nd1T00051,nd1E00130,nd1N00074,"nd1I00028\,stdI00002",,Inside,1157029,Yes,Soft,Yes,Yes,No,Male,1985,White,"contacts-toric-given\,contacts-color-none\,contacts-soft-given"
685552,nd1R1117281,06017d4463,8/14/12 17:27,nd1S06017,Left,Brown,No,nd1C00076,nd1T00049,nd1E00130,nd1N00079,"nd1I00023\,stdI00002",,Inside,1158245,Yes,Soft,Yes,No,Yes,Male,1985,White,"contacts-manufacturer-johnson&johnson\,contacts-brand-acuvue2colours\,contacts-color-blue\,contacts-not-toric-given\,contacts-cosmetic-given\,contacts-soft-given\,contacts-texture-given"
687237,nd1R1118966,06017d5034,8/15/12 18:04,nd1S06017,Left,Brown,No,nd1C00076,nd1T00049,nd1E00130,nd1N00079,"nd1I00023\,stdI00002",,Inside,1159930,No,,No,No,No,Male,1985,White,contacts-NoContacts
687286,nd1R1119015,06017d5083,8/15/12 18:05,nd1S06017,Left,Brown,No,nd1C00076,nd1T00049,nd1E00130,nd1N00079,"nd1I00023\,stdI00002",,Inside,1159979,Yes,Soft,Yes,Yes,No,Male,1985,White,"contacts-toric-given\,contacts-color-none\,contacts-soft-given"
687321,nd1R1119050,06017d5118,8/15/12 18:05,nd1S06017,Left,Brown,No,nd1C00076,nd1T00049,nd1E00130,nd1N00079,"nd1I00023\,stdI00002",,Inside,1160014,Yes,Soft,Yes,Yes,No,Male,1985,White,"contacts-toric-given\,contacts-color-none\,contacts-soft-given"
688803,nd1R1120532,06017d5355,8/16/12 21:39,nd1S06017,Left,Brown,No,nd1C00076,nd1T00049,nd1E00130,nd1N00079,"nd1I00023\,stdI00002",,Inside,1161496,Yes,Soft,Yes,No,Yes,Male,1985,White,"contacts-brand-acuvue2colours\,contacts-manufacturer-johnson&johnson\,contacts-color-green\,contacts-not-toric-given\,contacts-cosmetic-given\,contacts-texture-given\,contacts-soft-given"
688862,nd1R1120591,06017d5414,8/16/12 21:40,nd1S06017,Left,Brown,No,nd1C00076,nd1T00049,nd1E00130,nd1N00079,"nd1I00023\,stdI00002",,Inside,1161555,No,,No,No,No,Male,1985,White,contacts-NoContacts
688883,nd1R1120612,06017d5435,8/16/12 21:40,nd1S06017,Left,Brown,No,nd1C00076,nd1T00049,nd1E00130,nd1N00079,"nd1I00023\,stdI00002",,Inside,1161576,No,,No,No,No,Male,1985,White,contacts-NoContacts
683897,nd1R1115628,06017d3836,8/16/12 21:37,nd1S06017,Right,Brown,No,nd1C00076,nd1T00051,nd1E00130,nd1N00074,"nd1I00028\,stdI00002",,Inside,1156590,Yes,Soft,Yes,No,Yes,Male,1985,White,"contacts-manufacturer-johnson&johnson\,contacts-brand-acuvue2colours\,contacts-color-blue\,contacts-not-toric-given\,contacts-cosmetic-given\,contacts-soft-given\,contacts-texture-given"
683930,nd1R1115660,06017d3868,8/16/12 21:37,nd1S06017,Right,Brown,No,nd1C00076,nd1T00051,nd1E00130,nd1N00074,"nd1I00027\,stdI00002",,Inside,1156623,Yes,Soft,Yes,No,Yes,Male,1985,White,"contacts-manufacturer-johnson&johnson\,contacts-brand-acuvue2colours\,contacts-color-blue\,contacts-not-toric-given\,contacts-cosmetic-given\,contacts-soft-given\,contacts-texture-given"
683932,nd1R1115662,06017d3870,8/16/12 21:37,nd1S06017,Right,Brown,No,nd1C00076,nd1T00051,nd1E00130,nd1N00074,"nd1I00027\,stdI00002",,Inside,1156625,Yes,Soft,Yes,No,Yes,Male,1985,White,"contacts-manufacturer-johnson&johnson\,contacts-brand-acuvue2colours\,contacts-color-blue\,contacts-not-toric-given\,contacts-cosmetic-given\,contacts-soft-given\,contacts-texture-given"
684081,nd1R1115810,06017d4018,8/16/12 21:39,nd1S06017,Right,Brown,No,nd1C00076,nd1T00051,nd1E00130,nd1N00074,"nd1I00027\,stdI00002",,Inside,1156774,Yes,Soft,Yes,No,Yes,Male,1985,White,"contacts-brand-acuvue2colours\,contacts-manufacturer-johnson&johnson\,contacts-color-green\,contacts-not-toric-given\,contacts-cosmetic-given\,contacts-texture-given\,contacts-soft-given"
684208,nd1R1115937,06017d4145,8/16/12 21:40,nd1S06017,Right,Brown,No,nd1C00076,nd1T00051,nd1E00130,nd1N00074,"nd1I00028\,stdI00002",,Inside,1156901,No,,No,No,No,Male,1985,White,contacts-NoContacts
684346,nd1R1116075,06017d4283,8/16/12 21:42,nd1S06017,Right,Brown,No,nd1C00076,nd1T00051,nd1E00130,nd1N00074,"nd1I00028\,stdI00002",,Inside,1157039,Yes,Soft,Yes,Yes,No,Male,1985,White,"contacts-toric-given\,contacts-color-none\,contacts-soft-given"
684370,nd1R1116099,06017d4307,8/16/12 21:42,nd1S06017,Right,Brown,No,nd1C00076,nd1T00051,nd1E00130,nd1N00074,"nd1I00028\,stdI00002",,Inside,1157063,Yes,Soft,Yes,Yes,No,Male,1985,White,"contacts-toric-given\,contacts-color-none\,contacts-soft-given"
684380,nd1R1116109,06017d4317,8/16/12 21:42,nd1S06017,Right,Brown,No,nd1C00076,nd1T00051,nd1E00130,nd1N00074,"nd1I00028\,stdI00002",,Inside,1157073,Yes,Soft,Yes,Yes,No,Male,1985,White,"contacts-toric-given\,contacts-color-none\,contacts-soft-given"
684400,nd1R1116129,06017d4337,8/16/12 21:42,nd1S06017,Right,Brown,No,nd1C00076,nd1T00051,nd1E00130,nd1N00074,"nd1I00027\,stdI00002",,Inside,1157093,Yes,Soft,Yes,Yes,No,Male,1985,White,"contacts-toric-given\,contacts-color-none\,contacts-soft-given"
687110,nd1R1118839,06017d4907,8/15/12 18:01,nd1S06017,Right,Brown,No,nd1C00076,nd1T00049,nd1E00130,nd1N00079,"nd1I00023\,stdI00002",,Inside,1159803,Yes,Soft,Yes,No,Yes,Male,1985,White,"contacts-manufacturer-johnson&johnson\,contacts-brand-acuvue2colours\,contacts-color-blue\,contacts-not-toric-given\,contacts-cosmetic-given\,contacts-soft-given\,contacts-texture-given"
687121,nd1R1118850,06017d4918,8/15/12 18:01,nd1S06017,Right,Brown,No,nd1C00076,nd1T00049,nd1E00130,nd1N00079,"nd1I00023\,stdI00002",,Inside,1159814,Yes,Soft,Yes,No,Yes,Male,1985,White,"contacts-manufacturer-johnson&johnson\,contacts-brand-acuvue2colours\,contacts-color-blue\,contacts-not-toric-given\,contacts-cosmetic-given\,contacts-soft-given\,contacts-texture-given"
687355,nd1R1119084,06017d5152,8/15/12 18:05,nd1S06017,Right,Brown,No,nd1C00076,nd1T00049,nd1E00130,nd1N00079,"nd1I00023\,stdI00002",,Inside,1160048,Yes,Soft,Yes,Yes,No,Male,1985,White,"contacts-toric-given\,contacts-color-none\,contacts-soft-given"
688923,nd1R1120652,06017d5475,8/16/12 21:40,nd1S06017,Right,Brown,No,nd1C00076,nd1T00049,nd1E00130,nd1N00079,"nd1I00023\,stdI00002",,Inside,1161616,No,,No,No,No,Male,1985,White,contacts-NoContacts
688978,nd1R1120707,06017d5530,8/16/12 21:42,nd1S06017,Right,Brown,No,nd1C00076,nd1T00049,nd1E00130,nd1N00079,"nd1I00023\,stdI00002",,Inside,1161671,Yes,Soft,Yes,Yes,No,Male,1985,White,"contacts-toric-given\,contacts-color-none\,contacts-soft-given"
688984,nd1R1120713,06017d5536,8/16/12 21:42,nd1S06017,Right,Brown,No,nd1C00076,nd1T00049,nd1E00130,nd1N00079,"nd1I00023\,stdI00002",,Inside,1161677,Yes,Soft,Yes,Yes,No,Male,1985,White,"contacts-toric-given\,contacts-color-none\,contacts-soft-given"
508926,nd1R799644,06044d635,3/10/11 13:45,nd1S06044,Left,Brown,No,nd1C00062,nd1T00051,nd1E00093,nd1N00020,"nd1I00027\,stdI00002",,Inside,801208,No,,No,No,No,Male,1986,Asian,
509506,nd1R830715,06044d717,3/10/11 13:45,nd1S06044,Left,Brown,No,nd1C00059,nd1T00051,nd1E00093,lg4000diff30,"nd1I00027\,stdI00002",,Inside,817089,No,,No,No,No,Male,1986,Asian,
509507,nd1R830716,06044d718,3/10/11 13:45,nd1S06044,Left,Brown,No,nd1C00059,nd1T00051,nd1E00093,lg4000diff30,"nd1I00028\,stdI00002",,Inside,817090,No,,No,No,No,Male,1986,Asian,
509508,nd1R830717,06044d719,3/10/11 13:45,nd1S06044,Left,Brown,No,nd1C00059,nd1T00051,nd1E00093,lg4000diff30,"nd1I00027\,stdI00002",,Inside,817091,No,,No,No,No,Male,1986,Asian,
509509,nd1R830718,06044d720,3/10/11 13:45,nd1S06044,Left,Brown,No,nd1C00059,nd1T00051,nd1E00093,lg4000diff30,"nd1I00028\,stdI00002",,Inside,817092,No,,No,No,No,Male,1986,Asian,
517731,nd1R807700,06044d639,3/24/11 15:05,nd1S06044,Left,Brown,No,nd1C00062,nd1T00050,nd1E00093,nd1N00048,"nd1I00022\,stdI00002",,Inside,825314,No,,No,No,No,Male,1986,Asian,
517734,nd1R807703,06044d641,3/24/11 15:05,nd1S06044,Left,Brown,No,nd1C00062,nd1T00050,nd1E00093,nd1N00048,"nd1I00022\,stdI00002",,Inside,825317,No,,No,No,No,Male,1986,Asian,
522356,nd1R811615,06044d649,3/24/11 15:05,nd1S06044,Left,Brown,No,nd1C00062,nd1T00051,nd1E00093,nd1N00020,"nd1I00027\,stdI00002",,Inside,829939,No,,No,No,No,Male,1986,Asian,
522357,nd1R811616,06044d650,3/24/11 15:05,nd1S06044,Left,Brown,No,nd1C00062,nd1T00051,nd1E00093,nd1N00020,"nd1I00028\,stdI00002",,Inside,829940,No,,No,No,No,Male,1986,Asian,
523509,nd1R832634,06044d725,3/24/11 15:05,nd1S06044,Left,Brown,No,nd1C00059,nd1T00051,nd1E00093,lg4000diff20,"nd1I00027\,stdI00002",,Inside,831092,No,,No,No,No,Male,1986,Asian,
523512,nd1R832635,06044d726,3/24/11 15:05,nd1S06044,Left,Brown,No,nd1C00059,nd1T00051,nd1E00093,lg4000diff20,"nd1I00028\,stdI00002",,Inside,831095,No,,No,No,No,Male,1986,Asian,
523521,nd1R832638,06044d729,3/24/11 15:05,nd1S06044,Left,Brown,No,nd1C00059,nd1T00051,nd1E00093,lg4000diff20,"nd1I00027\,stdI00002",,Inside,831104,No,,No,No,No,Male,1986,Asian,
523523,nd1R832639,06044d730,3/24/11 15:05,nd1S06044,Left,Brown,No,nd1C00059,nd1T00051,nd1E00093,lg4000diff20,"nd1I00028\,stdI00002",,Inside,831106,No,,No,No,No,Male,1986,Asian,
524406,nd1R812661,06044d653,3/24/11 15:05,nd1S06044,Left,Brown,No,nd1C00062,nd1T00054,nd1E00093,nd1N00059,"nd1I00026\,stdI00002",,Inside,831989,No,,No,No,No,Male,1986,Asian,
524416,nd1R812671,06044d663,3/24/11 15:05,nd1S06044,Left,Brown,No,nd1C00062,nd1T00053,nd1E00093,nd1N00059,"nd1I00026\,stdI00002",,Inside,831999,No,,No,No,No,Male,1986,Asian,
524417,nd1R812672,06044d664,3/24/11 15:05,nd1S06044,Left,Brown,No,nd1C00062,nd1T00053,nd1E00093,nd1N00059,"nd1I00026\,stdI00002",,Inside,832000,No,,No,No,No,Male,1986,Asian,
544677,nd1R823866,06044d669,4/14/11 13:38,nd1S06044,Left,Brown,No,nd1C00062,nd1T00054,nd1E00101,nd1N00059,"nd1I00026\,stdI00002",,Inside,868861,No,,No,No,No,Male,1986,Asian,
544678,nd1R823867,06044d670,4/14/11 13:38,nd1S06044,Left,Brown,No,nd1C00062,nd1T00054,nd1E00101,nd1N00059,"nd1I00026\,stdI00002",,Inside,868862,No,,No,No,No,Male,1986,Asian,
544687,nd1R823876,06044d679,4/14/11 13:38,nd1S06044,Left,Brown,No,nd1C00062,nd1T00053,nd1E00101,nd1N00059,"nd1I00026\,stdI00002",,Inside,868871,No,,No,No,No,Male,1986,Asian,
546882,nd1R825796,06044d693,4/14/11 13:38,nd1S06044,Left,Brown,No,nd1C00062,nd1T00051,nd1E00101,nd1N00020,"nd1I00027\,stdI00002",,Inside,871066,No,,No,No,No,Male,1986,Asian,
547815,nd1R835304,06044d737,4/14/11 13:38,nd1S06044,Left,Brown,No,nd1C00059,nd1T00051,nd1E00101,lg4000diff20,"nd1I00027\,stdI00002",,Inside,871999,No,,No,No,No,Male,1986,Asian,
547816,nd1R835305,06044d738,4/14/11 13:38,nd1S06044,Left,Brown,No,nd1C00059,nd1T00051,nd1E00101,lg4000diff20,"nd1I00028\,stdI00002",,Inside,872000,No,,No,No,No,Male,1986,Asian,
547817,nd1R835306,06044d739,4/14/11 13:38,nd1S06044,Left,Brown,No,nd1C00059,nd1T00051,nd1E00101,lg4000diff20,"nd1I00027\,stdI00002",,Inside,872001,No,,No,No,No,Male,1986,Asian,
547818,nd1R835307,06044d740,4/14/11 13:38,nd1S06044,Left,Brown,No,nd1C00059,nd1T00051,nd1E00101,lg4000diff20,"nd1I00028\,stdI00002",,Inside,872002,No,,No,No,No,Male,1986,Asian,
548430,nd1R826347,06044d697,4/14/11 13:38,nd1S06044,Left,Brown,No,nd1C00062,nd1T00049,nd1E00101,nd1N00049,"nd1I00023\,stdI00002",,Inside,872614,No,,No,No,No,Male,1986,Asian,
548431,nd1R826348,06044d698,4/14/11 13:38,nd1S06044,Left,Brown,No,nd1C00062,nd1T00049,nd1E00101,nd1N00049,"nd1I00023\,stdI00002",,Inside,872615,No,,No,No,No,Male,1986,Asian,
549274,nd1R827097,06044d705,4/14/11 13:38,nd1S06044,Left,Brown,No,nd1C00062,nd1T00050,nd1E00101,nd1N00048,"nd1I00022\,stdI00002",,Inside,873458,No,,No,No,No,Male,1986,Asian,
549276,nd1R827099,06044d707,4/14/11 13:38,nd1S06044,Left,Brown,No,nd1C00062,nd1T00050,nd1E00101,nd1N00048,"nd1I00022\,stdI00002",,Inside,873460,No,,No,No,No,Male,1986,Asian,
549278,nd1R827101,06044d709,4/14/11 13:38,nd1S06044,Left,Brown,No,nd1C00062,nd1T00050,nd1E00101,nd1N00048,"nd1I00022\,stdI00002",,Inside,873462,No,,No,No,No,Male,1986,Asian,
359722,nd6R31294,06044d56,11/17/09 0:00,nd1S06044,Right,Brown,No,nd1C00041,nd1T00016,nd1E00075,nd1N00020,nd1I00013,nd1I00013,Inside,511504,No,,No,No,No,Male,1986,Asian,
362125,nd6R28900,06044d32,11/17/09 0:00,nd1S06044,Right,Brown,No,nd1C00041,nd1T00002,nd1E00075,nd1N00016,"nd1I00015\,stdI00002",nd1I00012,Inside,513907,No,,No,No,No,Male,1986,Asian,
387170,nd6R44804,06044d109,1/28/10 15:37,nd1S06044,Right,Brown,No,nd1C00042,nd1T00002,nd1E00075,nd1N00006,"nd1I00016\,stdI00002",nd1I00013,Inside,542830,No,,No,No,No,Male,1986,Asian,
409249,nd6R65851,06044d144,3/18/10 13:25,nd1S06044,Right,Brown,No,nd1C00042,nd1T00002,nd1E00077,nd1N00006,"nd1I00015\,stdI00002",,Inside,591823,No,,No,No,No,Male,1986,Asian,
426847,,,4/29/10 15:51,nd1S06044,Right,Brown,No,,nd1T00002,nd1E00077,nd1N00006,"nd1I00016\,stdI00002",,Inside,616349,No,,No,No,No,Male,1986,Asian,
426851,nd6R84927,06044d199,4/29/10 15:51,nd1S06044,Right,Brown,No,nd1C00042,nd1T00002,nd1E00077,nd1N00006,"nd1I00017\,stdI00002",,Inside,616353,No,,No,No,No,Male,1986,Asian,
448041,nd1R636244,06044d307,10/28/10 13:24,nd1S06044,Right,Brown,No,nd1C00055,nd1T00039,nd1E00085,nd1N00048,"nd1I00022\,stdI00002",,Inside,676498,No,,No,No,No,Male,1986,Asian,
456222,nd1R649484,06044d334,12/2/10 13:05,nd1S06044,Right,Brown,No,nd1C00055,nd1T00049,nd1E00090,nd1N00049,"nd1I00023\,stdI00002",,Inside,697059,No,,No,No,No,Male,1986,Asian,
460588,nd1R657432,06044d357,12/2/10 13:05,nd1S06044,Right,Brown,No,nd1C00059,nd1T00052,nd1E00090,lg4000diff25,"nd1I00024\,stdI00002",,Inside,701983,No,,No,No,No,Male,1986,Asian,
490809,nd1R713610,06044d374,2/24/11 11:20,nd1S06044,Right,Brown,No,nd1C00062,nd1T00054,nd1E00093,nd1N00059,"nd1I00026\,stdI00002",,Inside,763873,No,,No,No,No,Male,1986,Asian,
490821,nd1R713622,06044d386,2/24/11 11:20,nd1S06044,Right,Brown,No,nd1C00062,nd1T00053,nd1E00093,nd1N00059,"nd1I00026\,stdI00002",,Inside,763885,No,,No,No,No,Male,1986,Asian,
494008,nd1R716789,06044d393,2/24/11 11:20,nd1S06044,Right,Brown,No,nd1C00062,nd1T00049,nd1E00093,nd1N00049,"nd1I00023\,stdI00002",,Inside,767072,No,,No,No,No,Male,1986,Asian,
503973,nd1R795824,06044d615,3/10/11 13:45,nd1S06044,Right,Brown,No,nd1C00062,nd1T00053,nd1E00093,nd1N00059,"nd1I00026\,stdI00002",,Inside,796255,No,,No,No,No,Male,1986,Asian,
504548,nd1R796399,06044d623,3/10/11 13:45,nd1S06044,Right,Brown,No,nd1C00062,nd1T00049,nd1E00093,nd1N00049,"nd1I00023\,stdI00002",,Inside,796830,No,,No,No,No,Male,1986,Asian,
509875,nd1R831084,06044d724,3/10/11 13:45,nd1S06044,Right,Brown,No,nd1C00059,nd1T00051,nd1E00093,lg4000diff30,"nd1I00027\,stdI00002",,Inside,817458,No,,No,No,No,Male,1986,Asian,
524414,nd1R812669,06044d661,3/24/11 15:05,nd1S06044,Right,Brown,No,nd1C00062,nd1T00054,nd1E00093,nd1N00059,"nd1I00026\,stdI00002",,Inside,831997,No,,No,No,No,Male,1986,Asian,
548434,nd1R826351,06044d701,4/14/11 13:38,nd1S06044,Right,Brown,No,nd1C00062,nd1T00049,nd1E00101,nd1N00049,"nd1I00023\,stdI00002",,Inside,872618,No,,No,No,No,Male,1986,Asian,
549277,nd1R827100,06044d708,4/14/11 13:38,nd1S06044,Right,Brown,No,nd1C00062,nd1T00050,nd1E00101,nd1N00048,"nd1I00022\,stdI00002",,Inside,873461,No,,No,No,No,Male,1986,Asian,
549279,nd1R827102,06044d710,4/14/11 13:38,nd1S06044,Right,Brown,No,nd1C00062,nd1T00050,nd1E00101,nd1N00048,"nd1I00022\,stdI00002",,Inside,873463,No,,No,No,No,Male,1986,Asian,
360864,nd6R30158,06069d53,11/18/09 0:00,nd1S06069,Left,Blue,No,nd1C00041,nd1T00016,nd1E00075,nd1N00020,nd1I00013,nd1I00013,Inside,512646,No,,No,No,No,Male,1988,White,
364555,nd1R1145070,06069d399,11/18/09 0:00,nd1S06069,Left,Blue,No,nd1C00041,nd1T00002,nd1E00075,nd1N00016,"nd1I00017\,stdI00002",nd1I00012,Inside,516337,Yes,Soft,No,No,No,Male,1988,White,"contacts-soft-given\,contacts-given"
385206,nd6R42871,06069d61,1/27/10 15:22,nd1S06069,Left,Blue,No,nd1C00042,nd1T00002,nd1E00075,nd1N00006,"nd1I00017\,stdI00002",nd1I00013,Inside,540866,No,,No,No,No,Male,1988,White,
385215,nd6R42880,06069d70,1/27/10 15:22,nd1S06069,Left,Blue,No,nd1C00042,nd1T00002,nd1E00075,nd1N00006,"nd1I00017\,stdI00002",nd1I00013,Inside,540875,No,,No,No,No,Male,1988,White,
394713,nd6R51524,06069d96,2/11/10 13:50,nd1S06069,Left,Blue,No,nd1C00042,nd1T00002,nd1E00075,nd1N00006,"nd1I00016\,stdI00002",nd1I00013,Inside,559923,No,,No,No,No,Male,1988,White,
402277,nd6R58945,06069d129,2/25/10 15:18,nd1S06069,Left,Blue,No,nd1C00042,nd1T00002,nd1E00077,nd1N00006,"nd1I00016\,stdI00002",,Inside,584851,No,,No,No,No,Male,1988,White,
402279,nd6R58947,06069d131,2/25/10 15:18,nd1S06069,Left,Blue,No,nd1C00042,nd1T00002,nd1E00077,nd1N00006,"nd1I00015\,stdI00002",,Inside,584853,No,,No,No,No,Male,1988,White,
466032,nd1R673532,06069d248,1/27/11 12:21,nd1S06069,Left,Blue,No,nd1C00062,nd1T00051,nd1E00093,nd1N00020,"nd1I00020\,stdI00002",,Inside,709053,No,,No,No,No,Male,1988,White,
466045,,,1/27/11 12:21,nd1S06069,Left,Blue,No,,nd1T00055,nd1E00093,nd1N00059,"nd1I00026\,stdI00002",,Inside,709066,No,,No,No,No,Male,1988,White,
466048,nd1R673546,06069d262,1/27/11 12:21,nd1S06069,Left,Blue,No,nd1C00062,nd1T00049,nd1E00093,nd1N00049,"nd1I00023\,stdI00002",,Inside,709069,No,,No,No,No,Male,1988,White,
498936,nd1R790791,06069d343,3/9/11 12:44,nd1S06069,Left,Blue,No,nd1C00062,nd1T00053,nd1E00093,nd1N00059,"nd1I00026\,stdI00002",,Inside,791160,No,,No,No,No,Male,1988,White,
507712,nd1R798603,06069d366,3/9/11 12:44,nd1S06069,Left,Blue,No,nd1C00062,nd1T00051,nd1E00093,nd1N00020,"nd1I00028\,stdI00002",,Inside,799994,No,,No,No,No,Male,1988,White,
508462,nd1R830490,06069d378,3/9/11 12:44,nd1S06069,Left,Blue,No,nd1C00059,nd1T00051,nd1E00093,lg4000diff30,"nd1I00028\,stdI00002",,Inside,800744,No,,No,No,No,Male,1988,White,
365951,nd6R25101,06078d12,11/19/09 0:00,nd1S06078,Right,Brown,No,nd1C00041,nd1T00002,nd1E00075,nd1N00016,"nd1I00015\,stdI00002",nd1I00012,Inside,517733,Yes,Soft,No,No,No,Female,1988,White,"contacts-soft-given\,contacts-given"
382027,nd6R39727,06078d53,1/28/10 15:27,nd1S06078,Right,Brown,No,nd1C00042,nd1T00016,nd1E00075,nd1N00020,nd1I00004,nd1I00004,Inside,537687,Yes,Soft,No,No,No,Female,1988,White,"contacts-given\,contacts-soft-given"
387089,,,1/28/10 15:27,nd1S06078,Right,Brown,No,,nd1T00002,nd1E00075,nd1N00006,"nd1I00016\,stdI00002",nd1I00013,Inside,542749,Yes,Soft,No,No,No,Female,1988,White,"contacts-given\,contacts-soft-given"
387090,,,1/28/10 15:27,nd1S06078,Right,Brown,No,,nd1T00002,nd1E00075,nd1N00006,"nd1I00017\,stdI00002",nd1I00013,Inside,542750,Yes,Soft,No,No,No,Female,1988,White,"contacts-given\,contacts-soft-given"
387097,nd6R44732,06078d75,1/28/10 15:27,nd1S06078,Right,Brown,No,nd1C00042,nd1T00002,nd1E00075,nd1N00006,"nd1I00015\,stdI00002",nd1I00013,Inside,542757,Yes,Soft,No,No,No,Female,1988,White,"contacts-given\,contacts-soft-given"
388359,nd6R38466,06078d47,11/19/09 0:00,nd1S06078,Right,Green,No,nd1C00041,nd1T00016,nd1E00075,nd1N00020,nd1I00004,nd1I00004,Inside,546487,Yes,Soft,No,No,No,Female,1988,White,"contacts-soft-given\,contacts-given"
418794,nd6R75062,06078d105,4/15/10 15:32,nd1S06078,Right,Brown,No,nd1C00042,nd1T00002,nd1E00077,nd1N00006,"nd1I00015\,stdI00002",,Inside,608296,Yes,Soft,No,No,No,Female,1988,White,"contacts-given\,contacts-soft-given"
420398,nd6R76658,06078d107,4/28/10 16:04,nd1S06078,Right,Brown,No,nd1C00042,nd1T00016,nd1E00077,nd1N00020,"nd1I00004\,stdI00002",,Inside,609900,Yes,Soft,No,No,No,Female,1988,White,"contacts-given\,contacts-soft-given"
420400,nd6R76660,06078d109,4/28/10 16:04,nd1S06078,Right,Brown,No,nd1C00042,nd1T00016,nd1E00077,nd1N00020,"nd1I00004\,stdI00002",,Inside,609902,Yes,Soft,No,No,No,Female,1988,White,"contacts-given\,contacts-soft-given"
425514,nd6R81462,06078d126,4/28/10 16:04,nd1S06078,Right,Brown,No,nd1C00042,nd1T00002,nd1E00077,nd1N00006,"nd1I00015\,stdI00002",,Inside,615016,Yes,Soft,No,No,No,Female,1988,White,"contacts-given\,contacts-soft-given"
425519,nd6R81467,06078d131,4/28/10 16:04,nd1S06078,Right,Brown,No,nd1C00042,nd1T00002,nd1E00077,nd1N00006,"nd1I00017\,stdI00002",,Inside,615021,Yes,Soft,No,No,No,Female,1988,White,"contacts-given\,contacts-soft-given"
361252,nd6R29772,06079d52,11/19/09 0:00,nd1S06079,Left,Black,No,nd1C00041,nd1T00016,nd1E00075,nd1N00021,nd1I00013,nd1I00013,Inside,513034,No,,No,No,No,Female,1984,Asian-Southern,
366027,nd6R25025,06079d46,11/19/09 0:00,nd1S06079,Left,Black,No,nd1C00041,nd1T00002,nd1E00075,nd1N00016,"nd1I00016\,stdI00002",nd1I00012,Inside,517809,No,,No,No,No,Female,1984,Asian-Southern,
366038,nd6R25014,06079d35,11/19/09 0:00,nd1S06079,Left,Black,No,nd1C00041,nd1T00002,nd1E00075,nd1N00016,"nd1I00015\,stdI00002",nd1I00012,Inside,517820,No,,No,No,No,Female,1984,Asian-Southern,
369148,nd6R34494,06079d63,12/2/09 0:00,nd1S06079,Left,Black,No,nd1C00041,nd1T00002,nd1E00075,nd1N00006,"nd1I00017\,stdI00002",nd1I00004,Inside,520930,No,,No,No,No,Female,1984,Asian-Southern,contacts-NoContacts
369149,nd6R34495,06079d64,12/2/09 0:00,nd1S06079,Left,Black,No,nd1C00041,nd1T00002,nd1E00075,nd1N00006,"nd1I00015\,stdI00002",nd1I00004,Inside,520931,No,,No,No,No,Female,1984,Asian-Southern,contacts-NoContacts
397172,nd6R53884,06079d116,2/25/10 14:33,nd1S06079,Left,Black,No,nd1C00042,nd1T00016,nd1E00077,nd1N00020,"nd1I00004\,stdI00002",,Inside,579746,No,,No,No,No,Female,1984,Asian-Southern,
407278,nd6R63905,06079d150,3/17/10 12:20,nd1S06079,Left,Black,No,nd1C00042,nd1T00002,nd1E00077,nd1N00006,"nd1I00015\,stdI00002",,Inside,589852,No,,No,No,No,Female,1984,Asian-Southern,
407279,nd6R63906,06079d151,3/17/10 12:20,nd1S06079,Left,Black,No,nd1C00042,nd1T00002,nd1E00077,nd1N00006,"nd1I00016\,stdI00002",,Inside,589853,No,,No,No,No,Female,1984,Asian-Southern,
416731,,,4/14/10 15:33,nd1S06079,Left,Black,No,,nd1T00002,nd1E00077,nd1N00006,"nd1I00016\,stdI00002",,Inside,606233,No,,No,No,No,Female,1984,Asian-Southern,
423766,nd6R79726,06079d202,4/28/10 12:38,nd1S06079,Left,Black,No,nd1C00042,nd1T00002,nd1E00077,nd1N00006,"nd1I00016\,stdI00002",,Inside,613268,No,,No,No,No,Female,1984,Asian-Southern,
423776,nd6R79736,06079d212,4/28/10 12:38,nd1S06079,Left,Black,No,nd1C00042,nd1T00002,nd1E00077,nd1N00006,"nd1I00017\,stdI00002",,Inside,613278,No,,No,No,No,Female,1984,Asian-Southern,
445446,nd7R29285,06079d353,10/26/10 14:06,nd1S06079,Left,Black,No,nd1C00055,nd1T00039,nd1E00085,nd1N00048,"nd1I00022\,stdI00002",,Inside,673903,No,,No,No,No,Female,1984,Asian-Southern,
454892,nd1R648164,06079d433,12/1/10 14:40,nd1S06079,Left,Black,No,nd1C00055,nd1T00049,nd1E00090,nd1N00049,"nd1I00023\,stdI00002",,Inside,695729,No,,No,No,No,Female,1984,Asian-Southern,
460179,nd1R657814,06079d454,12/1/10 14:40,nd1S06079,Left,Black,No,nd1C00059,nd1T00052,nd1E00090,lg4000diff25,"nd1I00024\,stdI00002",,Inside,701574,No,,No,No,No,Female,1984,Asian-Southern,
472032,nd1R679004,06079d459,2/10/11 12:37,nd1S06079,Left,Black,No,nd1C00062,nd1T00054,nd1E00093,nd1N00059,"nd1I00026\,stdI00002",,Inside,725510,No,,No,No,No,Female,1984,Asian-Southern,
476315,nd1R683817,06079d491,2/10/11 12:37,nd1S06079,Left,Black,No,nd1C00062,nd1T00049,nd1E00093,nd1N00049,"nd1I00023\,stdI00002",,Inside,729793,No,,No,No,No,Female,1984,Asian-Southern,
491018,nd1R713817,06079d558,2/24/11 12:00,nd1S06079,Left,Black,No,nd1C00062,nd1T00054,nd1E00093,nd1N00059,"nd1I00026\,stdI00002",,Inside,764082,No,,No,No,No,Female,1984,Asian-Southern,
491031,nd1R713830,06079d571,2/24/11 12:00,nd1S06079,Left,Black,No,nd1C00062,nd1T00053,nd1E00093,nd1N00059,"nd1I00026\,stdI00002",,Inside,764095,No,,No,No,No,Female,1984,Asian-Southern,
494094,nd1R716875,06079d587,2/24/11 12:00,nd1S06079,Left,Black,No,nd1C00062,nd1T00049,nd1E00093,nd1N00049,"nd1I00023\,stdI00002",,Inside,767158,No,,No,No,No,Female,1984,Asian-Southern,
495381,nd1R828854,06079d656,2/24/11 12:00,nd1S06079,Left,Black,No,nd1C00059,nd1T00051,nd1E00093,lg4000diff30,"nd1I00029\,stdI00002",,Inside,768445,No,,No,No,No,Female,1984,Asian-Southern,
454897,nd1R648169,06079d438,12/1/10 14:40,nd1S06079,Right,Black,No,nd1C00055,nd1T00049,nd1E00090,nd1N00049,"nd1I00023\,stdI00002",,Inside,695734,No,,No,No,No,Female,1984,Asian-Southern,
460176,nd1R657817,06079d457,12/1/10 14:40,nd1S06079,Right,Black,No,nd1C00059,nd1T00052,nd1E00090,lg4000diff25,"nd1I00024\,stdI00002",,Inside,701571,No,,No,No,No,Female,1984,Asian-Southern,
472039,nd1R679011,06079d466,2/10/11 12:37,nd1S06079,Right,Black,No,nd1C00062,nd1T00054,nd1E00093,nd1N00059,"nd1I00026\,stdI00002",,Inside,725517,No,,No,No,No,Female,1984,Asian-Southern,
472041,nd1R679013,06079d468,2/10/11 12:37,nd1S06079,Right,Black,No,nd1C00062,nd1T00054,nd1E00093,nd1N00059,"nd1I00026\,stdI00002",,Inside,725519,No,,No,No,No,Female,1984,Asian-Southern,
472047,nd1R679019,06079d474,2/10/11 12:37,nd1S06079,Right,Black,No,nd1C00062,nd1T00053,nd1E00093,nd1N00059,"nd1I00026\,stdI00002",,Inside,725525,No,,No,No,No,Female,1984,Asian-Southern,
472051,nd1R679023,06079d478,2/10/11 12:37,nd1S06079,Right,Black,No,nd1C00062,nd1T00053,nd1E00093,nd1N00059,"nd1I00026\,stdI00002",,Inside,725529,No,,No,No,No,Female,1984,Asian-Southern,
476322,nd1R683824,06079d498,2/10/11 12:37,nd1S06079,Right,Black,No,nd1C00062,nd1T00049,nd1E00093,nd1N00049,"nd1I00023\,stdI00002",,Inside,729800,No,,No,No,No,Female,1984,Asian-Southern,
477098,nd1R681551,06079d482,2/10/11 12:37,nd1S06079,Right,Black,No,nd1C00062,nd1T00050,nd1E00093,nd1N00048,"nd1I00022\,stdI00002",,Inside,730576,No,,No,No,No,Female,1984,Asian-Southern,
479508,nd1R686436,06079d502,2/10/11 12:37,nd1S06079,Right,Black,No,nd1C00062,nd1T00051,nd1E00093,nd1N00020,"nd1I00027\,stdI00002",,Inside,732986,No,,No,No,No,Female,1984,Asian-Southern,
491026,nd1R713825,06079d566,2/24/11 12:00,nd1S06079,Right,Black,No,nd1C00062,nd1T00054,nd1E00093,nd1N00059,"nd1I00026\,stdI00002",,Inside,764090,No,,No,No,No,Female,1984,Asian-Southern,
491036,nd1R713835,06079d576,2/24/11 12:00,nd1S06079,Right,Black,No,nd1C00062,nd1T00053,nd1E00093,nd1N00059,"nd1I00026\,stdI00002",,Inside,764100,No,,No,No,No,Female,1984,Asian-Southern,
491464,nd1R714262,06079d584,2/24/11 12:00,nd1S06079,Right,Black,No,nd1C00062,nd1T00051,nd1E00093,nd1N00020,"nd1I00027\,stdI00002",,Inside,764528,No,,No,No,No,Female,1984,Asian-Southern,
494099,nd1R716880,06079d592,2/24/11 12:00,nd1S06079,Right,Black,No,nd1C00062,nd1T00049,nd1E00093,nd1N00049,"nd1I00023\,stdI00002",,Inside,767163,No,,No,No,No,Female,1984,Asian-Southern,
494656,nd1R717437,06079d598,2/24/11 12:00,nd1S06079,Right,Black,No,nd1C00062,nd1T00050,nd1E00093,nd1N00048,"nd1I00022\,stdI00002",,Inside,767720,No,,No,No,No,Female,1984,Asian-Southern,
495382,nd1R828855,06079d657,2/24/11 12:00,nd1S06079,Right,Black,No,nd1C00059,nd1T00051,nd1E00093,lg4000diff30,"nd1I00029\,stdI00002",,Inside,768446,No,,No,No,No,Female,1984,Asian-Southern,
367406,,,12/1/09 0:00,nd1S06082,Left,Brown,No,,nd1T00002,nd1E00075,nd1N00006,"nd1I00015\,stdI00002",nd1I00004,Inside,519188,No,,No,No,No,Male,1981,Hispanic,contacts-NoContacts
367411,nd6R32770,06082d21,12/1/09 0:00,nd1S06082,Left,Brown,No,nd1C00041,nd1T00002,nd1E00075,nd1N00006,"nd1I00017\,stdI00002",nd1I00004,Inside,519193,No,,No,No,No,Male,1981,Hispanic,contacts-NoContacts
371833,nd6R37161,06082d39,12/1/09 0:00,nd1S06082,Left,Brown,No,nd1C00041,nd1T00016,nd1E00075,nd1N00020,nd1I00013,nd1I00013,Inside,523615,No,,No,No,No,Male,1981,Hispanic,contacts-NoContacts
380926,nd6R38627,06082d41,1/26/10 13:24,nd1S06082,Left,Brown,No,nd1C00042,nd1T00016,nd1E00075,nd1N00020,nd1I00004,nd1I00004,Inside,536586,No,,No,No,No,Male,1981,Hispanic,
382487,nd6R40185,06082d47,1/26/10 13:24,nd1S06082,Left,Brown,No,nd1C00042,nd1T00002,nd1E00075,nd1N00006,"nd1I00016\,stdI00002",nd1I00013,Inside,538147,No,,No,No,No,Male,1981,Hispanic,
382489,nd6R40187,06082d49,1/26/10 13:24,nd1S06082,Left,Brown,No,nd1C00042,nd1T00002,nd1E00075,nd1N00006,"nd1I00015\,stdI00002",nd1I00013,Inside,538149,No,,No,No,No,Male,1981,Hispanic,
382492,nd6R40190,06082d52,1/26/10 13:24,nd1S06082,Left,Brown,No,nd1C00042,nd1T00002,nd1E00075,nd1N00006,"nd1I00015\,stdI00002",nd1I00013,Inside,538152,No,,No,No,No,Male,1981,Hispanic,
382494,nd6R40192,06082d54,1/26/10 13:24,nd1S06082,Left,Brown,No,nd1C00042,nd1T00002,nd1E00075,nd1N00006,"nd1I00017\,stdI00002",nd1I00013,Inside,538154,No,,No,No,No,Male,1981,Hispanic,
382496,nd6R40194,06082d56,1/26/10 13:24,nd1S06082,Left,Brown,No,nd1C00042,nd1T00002,nd1E00075,nd1N00006,"nd1I00016\,stdI00002",nd1I00013,Inside,538156,No,,No,No,No,Male,1981,Hispanic,
382498,nd6R40196,06082d58,1/26/10 13:24,nd1S06082,Left,Brown,No,nd1C00042,nd1T00002,nd1E00075,nd1N00006,"nd1I00015\,stdI00002",nd1I00013,Inside,538158,No,,No,No,No,Male,1981,Hispanic,
388575,nd6R45458,06082d82,2/9/10 13:34,nd1S06082,Left,Brown,No,nd1C00042,nd1T00016,nd1E00075,nd1N00020,nd1I00004,nd1I00004,Inside,553785,No,,No,No,No,Male,1981,Hispanic,
390443,nd6R47318,06082d90,2/9/10 13:34,nd1S06082,Left,Brown,No,nd1C00042,nd1T00002,nd1E00075,nd1N00006,"nd1I00015\,stdI00002",nd1I00013,Inside,555653,No,,No,No,No,Male,1981,Hispanic,
390451,nd6R47326,06082d98,2/9/10 13:34,nd1S06082,Left,Brown,No,nd1C00042,nd1T00002,nd1E00075,nd1N00006,"nd1I00017\,stdI00002",nd1I00013,Inside,555661,No,,No,No,No,Male,1981,Hispanic,
390452,nd6R47327,06082d99,2/9/10 13:34,nd1S06082,Left,Brown,No,nd1C00042,nd1T00002,nd1E00075,nd1N00006,"nd1I00015\,stdI00002",nd1I00013,Inside,555662,No,,No,No,No,Male,1981,Hispanic,
396470,nd6R53184,06082d112,2/23/10 15:34,nd1S06082,Left,Brown,No,nd1C00042,nd1T00016,nd1E00077,nd1N00020,"nd1I00004\,stdI00002",,Inside,579044,No,,No,No,No,Male,1981,Hispanic,
396474,nd6R53188,06082d116,2/23/10 15:34,nd1S06082,Left,Brown,No,nd1C00042,nd1T00016,nd1E00077,nd1N00020,"nd1I00004\,stdI00002",,Inside,579048,No,,No,No,No,Male,1981,Hispanic,
398971,nd6R55676,06082d118,2/23/10 15:34,nd1S06082,Left,Brown,No,nd1C00042,nd1T00002,nd1E00077,nd1N00006,"nd1I00016\,stdI00002",,Inside,581545,No,,No,No,No,Male,1981,Hispanic,
645794,nd1R1024230,06082d1529,2/21/12 14:45,nd1S06082,Right,Brown,No,nd1C00072,nd1T00051,nd1E00107,nd1N00074,"nd1I00027\,stdI00002",,Inside,1085025,No,,No,No,No,Male,1981,Hispanic,
654086,nd1R1043552,06082d1580,3/6/12 15:17,nd1S06082,Right,Brown,No,nd1C00072,nd1T00054,nd1E00107,nd1N00073,"nd1I00036\,stdI00002",,Inside,1103832,No,,No,No,No,Male,1981,Hispanic,
654087,,,3/6/12 15:17,nd1S06082,Right,Brown,No,,nd1T00054,nd1E00107,nd1N00073,"nd1I00036\,stdI00002",,Inside,1103833,No,,No,No,No,Male,1981,Hispanic,
654092,nd1R1043556,06082d1584,3/6/12 15:17,nd1S06082,Right,Brown,No,nd1C00072,nd1T00053,nd1E00107,nd1N00073,"nd1I00036\,stdI00002",,Inside,1103838,No,,No,No,No,Male,1981,Hispanic,
654095,,,3/6/12 15:17,nd1S06082,Right,Brown,No,,nd1T00053,nd1E00107,nd1N00073,"nd1I00036\,stdI00002",,Inside,1103841,No,,No,No,No,Male,1981,Hispanic,
655055,nd1R1044516,06082d1591,3/6/12 15:17,nd1S06082,Right,Brown,No,nd1C00072,nd1T00049,nd1E00107,nd1N00079,"nd1I00023\,stdI00002",,Inside,1104801,No,,No,No,No,Male,1981,Hispanic,
656764,nd1R1046219,06082d1611,3/6/12 15:17,nd1S06082,Right,Brown,No,nd1C00072,nd1T00051,nd1E00107,nd1N00074,"nd1I00027\,stdI00002",,Inside,1106510,No,,No,No,No,Male,1981,Hispanic,
656765,nd1R1046220,06082d1612,3/6/12 15:17,nd1S06082,Right,Brown,No,nd1C00072,nd1T00051,nd1E00107,nd1N00074,"nd1I00027\,stdI00002",,Inside,1106511,No,,No,No,No,Male,1981,Hispanic,
669154,nd1R1070173,06082d1663,3/28/12 14:41,nd1S06082,Right,Brown,No,nd1C00072,nd1T00049,nd1E00107,nd1N00079,"nd1I00023\,stdI00002",,Inside,1130446,No,,No,No,No,Male,1981,Hispanic,
670642,nd1R1071661,06082d1676,3/28/12 14:41,nd1S06082,Right,Brown,No,nd1C00072,nd1T00051,nd1E00107,nd1N00074,"nd1I00028\,stdI00002",,Inside,1131934,No,,No,No,No,Male,1981,Hispanic,
670647,nd1R1071666,06082d1681,3/28/12 14:41,nd1S06082,Right,Brown,No,nd1C00072,nd1T00051,nd1E00107,nd1N00074,"nd1I00027\,stdI00002",,Inside,1131939,No,,No,No,No,Male,1981,Hispanic,
671224,nd1R1072242,06082d1683,3/28/12 14:41,nd1S06082,Right,Brown,No,nd1C00072,nd1T00054,nd1E00107,nd1N00073,"nd1I00036\,stdI00002",,Inside,1132516,No,,No,No,No,Male,1981,Hispanic,
671228,nd1R1072246,06082d1687,3/28/12 14:41,nd1S06082,Right,Brown,No,nd1C00072,nd1T00054,nd1E00107,nd1N00073,"nd1I00036\,stdI00002",,Inside,1132520,No,,No,No,No,Male,1981,Hispanic,
671235,nd1R1072253,06082d1694,3/28/12 14:41,nd1S06082,Right,Brown,No,nd1C00072,nd1T00053,nd1E00107,nd1N00073,"nd1I00036\,stdI00002",,Inside,1132527,No,,No,No,No,Male,1981,Hispanic,
671236,nd1R1072254,06082d1695,3/28/12 14:41,nd1S06082,Right,Brown,No,nd1C00072,nd1T00053,nd1E00107,nd1N00073,"nd1I00036\,stdI00002",,Inside,1132528,No,,No,No,No,Male,1981,Hispanic,
671237,nd1R1072255,06082d1696,3/28/12 14:41,nd1S06082,Right,Brown,No,nd1C00072,nd1T00053,nd1E00107,nd1N00073,"nd1I00036\,stdI00002",,Inside,1132529,No,,No,No,No,Male,1981,Hispanic,
368442,nd6R33794,06085d24,12/2/09 0:00,nd1S06085,Right,Brown,No,nd1C00041,nd1T00002,nd1E00075,nd1N00006,"nd1I00016\,stdI00002",nd1I00004,Inside,520224,No,,No,No,No,Female,1989,White,contacts-NoContacts
368450,nd6R33802,06085d32,12/2/09 0:00,nd1S06085,Right,Brown,No,nd1C00041,nd1T00002,nd1E00075,nd1N00006,"nd1I00015\,stdI00002",nd1I00004,Inside,520232,No,,No,No,No,Female,1989,White,contacts-NoContacts
368453,nd6R33805,06085d35,12/2/09 0:00,nd1S06085,Right,Brown,No,nd1C00041,nd1T00002,nd1E00075,nd1N00006,"nd1I00015\,stdI00002",nd1I00004,Inside,520235,No,,No,No,No,Female,1989,White,contacts-NoContacts
382331,nd6R40031,06085d60,1/26/10 12:34,nd1S06085,Right,Brown,No,nd1C00042,nd1T00002,nd1E00075,nd1N00006,"nd1I00016\,stdI00002",nd1I00013,Inside,537991,No,,No,No,No,Female,1989,White,
413095,nd6R69423,06085d93,4/13/10 12:34,nd1S06085,Right,Brown,No,nd1C00042,nd1T00002,nd1E00077,nd1N00006,"nd1I00016\,stdI00002",,Inside,602597,No,,No,No,No,Female,1989,White,
413102,,,4/13/10 12:34,nd1S06085,Right,Brown,No,,nd1T00002,nd1E00077,nd1N00006,"nd1I00017\,stdI00002",,Inside,602604,No,,No,No,No,Female,1989,White,
413103,nd6R69430,06085d100,4/13/10 12:34,nd1S06085,Right,Brown,No,nd1C00042,nd1T00002,nd1E00077,nd1N00006,"nd1I00015\,stdI00002",,Inside,602605,No,,No,No,No,Female,1989,White,
464318,nd1R671951,06085d172,1/26/11 14:02,nd1S06085,Right,Brown,No,nd1C00062,nd1T00050,nd1E00093,nd1N00048,"nd1I00022\,stdI00002",,Inside,707339,No,,No,No,No,Female,1989,White,
464320,nd1R671953,06085d174,1/26/11 14:02,nd1S06085,Right,Brown,No,nd1C00062,nd1T00050,nd1E00093,nd1N00048,"nd1I00022\,stdI00002",,Inside,707341,No,,No,No,No,Female,1989,White,
464322,,,1/26/11 14:02,nd1S06085,Right,Brown,No,,nd1T00050,nd1E00093,nd1N00048,"nd1I00022\,stdI00002",,Inside,707343,No,,No,No,No,Female,1989,White,
464324,nd1R671956,06085d177,1/26/11 14:02,nd1S06085,Right,Brown,No,nd1C00062,nd1T00054,nd1E00093,nd1N00059,"nd1I00026\,stdI00002",,Inside,707345,No,,No,No,No,Female,1989,White,
464325,nd1R671957,06085d178,1/26/11 14:02,nd1S06085,Right,Brown,No,nd1C00062,nd1T00054,nd1E00093,nd1N00059,"nd1I00026\,stdI00002",,Inside,707346,No,,No,No,No,Female,1989,White,
464328,nd1R671958,06085d179,1/26/11 14:02,nd1S06085,Right,Brown,No,nd1C00062,nd1T00053,nd1E00093,nd1N00059,"nd1I00026\,stdI00002",,Inside,707349,No,,No,No,No,Female,1989,White,
464333,nd1R671963,06085d184,1/26/11 14:02,nd1S06085,Right,Brown,No,nd1C00062,nd1T00049,nd1E00093,nd1N00049,"nd1I00023\,stdI00002",,Inside,707354,No,,No,No,No,Female,1989,White,
464336,nd1R671966,06085d187,1/26/11 14:02,nd1S06085,Right,Brown,No,nd1C00062,nd1T00049,nd1E00093,nd1N00049,"nd1I00023\,stdI00002",,Inside,707357,No,,No,No,No,Female,1989,White,
368527,nd6R33879,06086d13,12/2/09 0:00,nd1S06086,Left,Black,No,nd1C00041,nd1T00002,nd1E00075,nd1N00006,"nd1I00017\,stdI00002",nd1I00004,Inside,520309,No,,No,No,No,Male,1984,Asian-Southern,contacts-NoContacts
368534,nd6R33885,06086d19,12/2/09 0:00,nd1S06086,Left,Black,No,nd1C00041,nd1T00002,nd1E00075,nd1N00006,"nd1I00015\,stdI00002",nd1I00004,Inside,520316,No,,No,No,No,Male,1984,Asian-Southern,contacts-NoContacts
372099,nd6R37424,06086d46,12/2/09 0:00,nd1S06086,Left,Black,No,nd1C00041,nd1T00016,nd1E00075,nd1N00020,nd1I00013,nd1I00013,Inside,523881,No,,No,No,No,Male,1984,Asian-Southern,contacts-NoContacts
412604,nd6R68935,06086d56,4/15/10 15:12,nd1S06086,Left,Black,No,nd1C00042,nd1T00016,nd1E00077,nd1N00020,"nd1I00004\,stdI00002",,Inside,602106,No,,No,No,No,Male,1984,Asian-Southern,
418512,,,4/15/10 15:12,nd1S06086,Left,Black,No,,nd1T00002,nd1E00077,nd1N00006,"nd1I00015\,stdI00002",,Inside,608014,No,,No,No,No,Male,1984,Asian-Southern,
418518,nd6R74789,06086d67,4/15/10 15:12,nd1S06086,Left,Black,No,nd1C00042,nd1T00002,nd1E00077,nd1N00006,"nd1I00015\,stdI00002",,Inside,608020,No,,No,No,No,Male,1984,Asian-Southern,
499557,nd1R791412,06086d166,3/9/11 14:44,nd1S06086,Left,Black,No,nd1C00062,nd1T00054,nd1E00093,nd1N00059,"nd1I00026\,stdI00002",,Inside,791781,No,,No,No,No,Male,1984,Asian-Southern,
499567,nd1R791422,06086d176,3/9/11 14:44,nd1S06086,Left,Black,No,nd1C00062,nd1T00053,nd1E00093,nd1N00059,"nd1I00026\,stdI00002",,Inside,791791,No,,No,No,No,Male,1984,Asian-Southern,
503506,nd1R795357,06086d184,3/9/11 14:44,nd1S06086,Left,Black,No,nd1C00062,nd1T00050,nd1E00093,nd1N00048,"nd1I00022\,stdI00002",,Inside,795788,No,,No,No,No,Male,1984,Asian-Southern,
507846,nd1R798737,06086d189,3/9/11 14:44,nd1S06086,Left,Black,No,nd1C00062,nd1T00051,nd1E00093,nd1N00020,"nd1I00028\,stdI00002",,Inside,800128,No,,No,No,No,Male,1984,Asian-Southern,
507849,nd1R798740,06086d192,3/9/11 14:44,nd1S06086,Left,Black,No,nd1C00062,nd1T00051,nd1E00093,nd1N00020,"nd1I00027\,stdI00002",,Inside,800131,No,,No,No,No,Male,1984,Asian-Southern,
372465,nd6R37790,06091d27,12/3/09 0:00,nd1S06091,Left,Black,No,nd1C00041,nd1T00016,nd1E00075,nd1N00020,nd1I00013,nd1I00013,Inside,524247,No,,No,No,No,Female,1990,Black-or-African-American,contacts-Category1
386486,nd6R44130,06091d42,1/28/10 13:59,nd1S06091,Left,Black,No,nd1C00042,nd1T00002,nd1E00075,nd1N00006,"nd1I00016\,stdI00002",nd1I00013,Inside,542146,Yes,Soft,No,No,No,Female,1990,Black-or-African-American,"contacts-given\,contacts-soft-given"
401741,nd6R58411,06091d100,2/25/10 13:53,nd1S06091,Left,Black,No,nd1C00042,nd1T00002,nd1E00077,nd1N00006,"nd1I00017\,stdI00002",,Inside,584315,No,,No,No,No,Female,1990,Black-or-African-American,
417735,,,4/15/10 13:56,nd1S06091,Left,Brown,No,,nd1T00002,nd1E00077,nd1N00006,"nd1I00015\,stdI00002",,Inside,607237,No,,No,No,No,Female,1990,Black-or-African-American,
469852,nd1R677108,06091d468,2/9/11 11:42,nd1S06091,Left,Brown,No,nd1C00062,nd1T00053,nd1E00093,nd1N00059,"nd1I00026\,stdI00002",,Inside,723330,No,,No,No,No,Female,1990,Black-or-African-American,
478539,nd1R685469,06091d498,2/9/11 11:42,nd1S06091,Left,Brown,No,nd1C00062,nd1T00051,nd1E00093,nd1N00020,"nd1I00027\,stdI00002",,Inside,732017,No,,No,No,No,Female,1990,Black-or-African-American,
604443,nd1R943443,06091d918,10/13/11 15:55,nd1S06091,Left,Brown,No,nd1C00068,nd1T00054,nd1E00107,nd1N00073,"nd1I00036\,stdI00002",,Inside,995778,Yes,Soft,No,No,No,Female,1990,Black-or-African-American,
604459,nd1R943459,06091d934,10/13/11 15:55,nd1S06091,Left,Brown,No,nd1C00068,nd1T00053,nd1E00107,nd1N00073,"nd1I00036\,stdI00002",,Inside,995794,Yes,Soft,No,No,No,Female,1990,Black-or-African-American,
606314,nd1R944616,06091d953,10/13/11 15:55,nd1S06091,Left,Brown,No,nd1C00068,nd1T00051,nd1E00107,nd1N00074,"nd1I00028\,stdI00002",,Inside,997649,Yes,Soft,No,No,No,Female,1990,Black-or-African-American,
616444,nd1R983828,06107d1478,10/27/11 13:40,nd1S06107,Right,Brown,No,nd1C00068,nd1T00049,nd1E00107,nd1N00077,"nd1I00023\,stdI00002",,Inside,1019246,Yes,Soft,No,No,No,Female,1990,Unknown,
635908,,,2/8/12 12:59,nd1S06107,Right,Brown,No,,nd1T00054,nd1E00107,nd1N00073,"nd1I00036\,stdI00002",,Inside,1061798,No,,No,No,No,Female,1990,Unknown,
645376,nd1R1023813,06107d1669,2/21/12 13:49,nd1S06107,Right,Brown,No,nd1C00072,nd1T00051,nd1E00107,nd1N00074,"nd1I00027\,stdI00002",,Inside,1084607,No,,No,No,No,Female,1990,Unknown,
666179,nd1R1067219,06107d1827,3/27/12 12:21,nd1S06107,Right,Brown,No,nd1C00072,nd1T00051,nd1E00107,nd1N00074,"nd1I00028\,stdI00002",,Inside,1127471,No,,No,No,No,Female,1990,Unknown,
666995,nd1R1068029,06107d1846,3/27/12 12:21,nd1S06107,Right,Brown,No,nd1C00072,nd1T00053,nd1E00107,nd1N00073,"nd1I00036\,stdI00002",,Inside,1128287,No,,No,No,No,Female,1990,Unknown,
666996,nd1R1068030,06107d1847,3/27/12 12:21,nd1S06107,Right,Brown,No,nd1C00072,nd1T00053,nd1E00107,nd1N00073,"nd1I00036\,stdI00002",,Inside,1128288,No,,No,No,No,Female,1990,Unknown,
397475,nd6R54187,06107d62,2/25/10 16:55,nd1S06107,Right,Brown,No,nd1C00042,nd1T00016,nd1E00077,nd1N00020,"nd1I00004\,stdI00002",,Inside,580049,No,,No,No,No,Female,1990,Unknown,
406239,nd6R62868,06107d119,3/16/10 15:00,nd1S06107,Right,Brown,No,nd1C00042,nd1T00002,nd1E00077,nd1N00006,"nd1I00017\,stdI00002",,Inside,588813,Yes,Soft,No,No,No,Female,1990,Unknown,"contacts-given\,contacts-soft-given"
422224,nd6R78196,06107d169,4/27/10 14:06,nd1S06107,Right,Brown,No,nd1C00042,nd1T00002,nd1E00077,nd1N00006,"nd1I00016\,stdI00002",,Inside,611726,Yes,Soft,No,No,No,Female,1990,Unknown,"contacts-given\,contacts-soft-given"
469147,nd1R676475,06107d476,2/8/11 15:35,nd1S06107,Right,Brown,No,nd1C00062,nd1T00054,nd1E00093,nd1N00059,"nd1I00026\,stdI00002",,Inside,722625,No,,No,No,No,Female,1990,Unknown,
515455,nd1R805433,06107d886,3/23/11 12:00,nd1S06107,Right,Brown,No,nd1C00062,nd1T00049,nd1E00093,nd1N00049,"nd1I00023\,stdI00002",,Inside,823038,No,,No,No,No,Female,1990,Unknown,
532300,nd1R818538,06107d923,4/12/11 12:52,nd1S06107,Right,Brown,No,nd1C00062,nd1T00054,nd1E00101,nd1N00059,"nd1I00026\,stdI00002",,Inside,856484,Yes,Soft,No,No,No,Female,1990,Unknown,
536817,nd1R814258,06107d901,4/12/11 12:52,nd1S06107,Right,Brown,No,nd1C00062,nd1T00049,nd1E00101,nd1N00049,"nd1I00023\,stdI00002",,Inside,861001,Yes,Soft,No,No,No,Female,1990,Unknown,
540256,nd1R821719,06107d942,4/12/11 12:52,nd1S06107,Right,Brown,No,nd1C00062,nd1T00051,nd1E00101,nd1N00020,"nd1I00027\,stdI00002",,Inside,864440,Yes,Soft,No,No,No,Female,1990,Unknown,
563878,nd1R865256,06107d1021,4/28/11 15:27,nd1S06107,Right,Brown,No,nd1C00062,nd1T00049,nd1E00101,nd1N00049,"nd1I00023\,stdI00002",,Inside,909463,Yes,Soft,No,No,No,Female,1990,Unknown,
585482,nd1R906160,06107d1168,9/27/11 13:15,nd1S06107,Right,Brown,No,nd1C00068,nd1T00051,nd1E00107,nd1N00074,"nd1I00027\,stdI00002",,Inside,963733,Yes,Soft,No,No,No,Female,1990,Unknown,
604120,nd1R943172,06107d1298,10/13/11 15:28,nd1S06107,Right,Brown,No,nd1C00068,nd1T00054,nd1E00107,nd1N00073,"nd1I00036\,stdI00002",,Inside,995455,No,,No,No,No,Female,1990,Unknown,
604130,nd1R943182,06107d1308,10/13/11 15:28,nd1S06107,Right,Brown,No,nd1C00068,nd1T00053,nd1E00107,nd1N00073,"nd1I00036\,stdI00002",,Inside,995465,No,,No,No,No,Female,1990,Unknown,
381047,nd6R38748,06110d2,1/26/10 14:34,nd1S06110,Right,Brown,No,nd1C00042,nd1T00016,nd1E00075,nd1N00020,nd1I00004,nd1I00004,Inside,536707,No,,No,No,No,Female,1988,White,
381049,nd6R38750,06110d4,1/26/10 14:34,nd1S06110,Right,Brown,No,nd1C00042,nd1T00016,nd1E00075,nd1N00020,nd1I00004,nd1I00004,Inside,536709,No,,No,No,No,Female,1988,White,
383003,nd6R40697,06110d19,1/26/10 14:34,nd1S06110,Right,Brown,No,nd1C00042,nd1T00002,nd1E00075,nd1N00006,"nd1I00016\,stdI00002",nd1I00013,Inside,538663,No,,No,No,No,Female,1988,White,
383004,nd6R40698,06110d20,1/26/10 14:34,nd1S06110,Right,Brown,No,nd1C00042,nd1T00002,nd1E00075,nd1N00006,"nd1I00017\,stdI00002",nd1I00013,Inside,538664,No,,No,No,No,Female,1988,White,
392185,nd6R49026,06110d50,2/10/10 12:39,nd1S06110,Right,Brown,No,nd1C00042,nd1T00002,nd1E00075,nd1N00006,"nd1I00017\,stdI00002",nd1I00013,Inside,557395,No,,No,No,No,Female,1988,White,
392186,nd6R49027,06110d51,2/10/10 12:39,nd1S06110,Right,Brown,No,nd1C00042,nd1T00002,nd1E00075,nd1N00006,"nd1I00015\,stdI00002",nd1I00013,Inside,557396,No,,No,No,No,Female,1988,White,
392189,nd6R49030,06110d54,2/10/10 12:39,nd1S06110,Right,Brown,No,nd1C00042,nd1T00002,nd1E00075,nd1N00006,"nd1I00015\,stdI00002",nd1I00013,Inside,557399,No,,No,No,No,Female,1988,White,
392190,nd6R49031,06110d55,2/10/10 12:39,nd1S06110,Right,Brown,No,nd1C00042,nd1T00002,nd1E00075,nd1N00006,"nd1I00016\,stdI00002",nd1I00013,Inside,557400,No,,No,No,No,Female,1988,White,
392195,nd6R49036,06110d60,2/10/10 12:39,nd1S06110,Right,Brown,No,nd1C00042,nd1T00002,nd1E00075,nd1N00006,"nd1I00015\,stdI00002",nd1I00013,Inside,557405,No,,No,No,No,Female,1988,White,
399546,nd6R56247,06110d84,2/24/10 12:42,nd1S06110,Right,Brown,No,nd1C00042,nd1T00002,nd1E00077,nd1N00006,"nd1I00015\,stdI00002",,Inside,582120,No,,No,No,No,Female,1988,White,
407408,nd6R64035,06110d109,3/17/10 12:38,nd1S06110,Right,Brown,No,nd1C00042,nd1T00002,nd1E00077,nd1N00006,"nd1I00016\,stdI00002",,Inside,589982,No,,No,No,No,Female,1988,White,
407416,nd6R64043,06110d117,3/17/10 12:38,nd1S06110,Right,Brown,No,nd1C00042,nd1T00002,nd1E00077,nd1N00006,"nd1I00015\,stdI00002",,Inside,589990,No,,No,No,No,Female,1988,White,
411923,nd6R68258,06110d126,4/14/10 12:42,nd1S06110,Right,Brown,No,nd1C00042,nd1T00016,nd1E00077,nd1N00020,"nd1I00004\,stdI00002",,Inside,601425,No,,No,No,No,Female,1988,White,
415603,nd6R71913,06110d139,4/14/10 12:42,nd1S06110,Right,Brown,No,nd1C00042,nd1T00002,nd1E00077,nd1N00006,"nd1I00016\,stdI00002",,Inside,605105,No,,No,No,No,Female,1988,White,
445396,nd7R29255,06110d321,10/26/10 13:57,nd1S06110,Right,Brown,No,nd1C00055,nd1T00040,nd1E00085,nd1N00049,"nd1I00023\,stdI00002",,Inside,673853,No,,No,No,No,Female,1988,White,
449354,nd1R636884,06110d350,11/9/10 13:58,nd1S06110,Right,Brown,No,nd1C00055,nd1T00039,nd1E00085,nd1N00048,"nd1I00022\,stdI00002",,Inside,682460,No,,No,No,No,Female,1988,White,
453880,nd1R647152,06110d394,11/30/10 16:25,nd1S06110,Right,Brown,No,nd1C00055,nd1T00049,nd1E00090,nd1N00049,"nd1I00023\,stdI00002",,Inside,694717,No,,No,No,No,Female,1988,White,
459868,nd1R658107,06110d422,11/30/10 16:25,nd1S06110,Right,Brown,No,nd1C00059,nd1T00052,nd1E00090,lg4000diff25,"nd1I00024\,stdI00002",,Inside,701263,No,,No,No,No,Female,1988,White,
462633,nd1R670322,06110d460,1/25/11 15:34,nd1S06110,Right,Brown,No,nd1C00062,nd1T00050,nd1E00093,nd1N00048,"nd1I00022\,stdI00002",,Inside,705654,No,,No,No,No,Female,1988,White,
462640,nd1R670329,06110d467,1/25/11 15:34,nd1S06110,Right,Brown,No,nd1C00062,nd1T00049,nd1E00093,nd1N00049,"nd1I00023\,stdI00002",,Inside,705661,No,,No,No,No,Female,1988,White,
471419,nd1R678428,06110d473,2/9/11 15:50,nd1S06110,Right,Brown,No,nd1C00062,nd1T00054,nd1E00093,nd1N00059,"nd1I00026\,stdI00002",,Inside,724897,No,,No,No,No,Female,1988,White,
471429,nd1R678438,06110d483,2/9/11 15:50,nd1S06110,Right,Brown,No,nd1C00062,nd1T00053,nd1E00093,nd1N00059,"nd1I00026\,stdI00002",,Inside,724907,No,,No,No,No,Female,1988,White,
475490,nd1R683628,06110d504,2/9/11 15:50,nd1S06110,Right,Brown,No,nd1C00062,nd1T00049,nd1E00093,nd1N00049,"nd1I00023\,stdI00002",,Inside,728968,No,,No,No,No,Female,1988,White,
497489,nd1R789351,06110d746,3/8/11 14:17,nd1S06110,Right,Brown,No,nd1C00062,nd1T00054,nd1E00093,nd1N00059,"nd1I00026\,stdI00002",,Inside,789713,No,,No,No,No,Female,1988,White,
497500,,,3/8/11 14:17,nd1S06110,Right,Brown,No,,nd1T00053,nd1E00093,nd1N00059,"nd1I00026\,stdI00002",,Inside,789724,No,,No,No,No,Female,1988,White,
501170,nd1R793022,06110d763,3/8/11 14:17,nd1S06110,Right,Brown,No,nd1C00062,nd1T00049,nd1E00093,nd1N00049,"nd1I00023\,stdI00002",,Inside,793452,No,,No,No,No,Female,1988,White,
558467,nd1R860670,06110d968,4/27/11 12:59,nd1S06110,Right,Brown,No,nd1C00062,nd1T00049,nd1E00101,nd1N00049,"nd1I00023\,stdI00002",,Inside,904052,No,,No,No,No,Female,1988,White,
559375,nd1R861577,06110d978,4/27/11 12:59,nd1S06110,Right,Brown,No,nd1C00062,nd1T00050,nd1E00101,nd1N00048,"nd1I00022\,stdI00002",,Inside,904960,No,,No,No,No,Female,1988,White,
561043,nd1R869484,06110d991,4/27/11 12:59,nd1S06110,Right,Brown,No,nd1C00059,nd1T00051,nd1E00101,lg4000diff25,"nd1I00027\,stdI00002",,Inside,906628,No,,No,No,No,Female,1988,White,
561044,nd1R869485,06110d992,4/27/11 12:59,nd1S06110,Right,Brown,No,nd1C00059,nd1T00051,nd1E00101,lg4000diff25,"nd1I00028\,stdI00002",,Inside,906629,No,,No,No,No,Female,1988,White,
614617,nd1R982692,06118d1291,10/27/11 12:52,nd1S06118,Left,Blue,No,nd1C00068,nd1T00053,nd1E00107,nd1N00073,"nd1I00036\,stdI00002",,Inside,1017419,No,,No,No,No,Female,1990,White,
648021,nd1R1026455,06118d1476,2/22/12 13:30,nd1S06118,Left,Blue,No,nd1C00072,nd1T00050,nd1E00107,nd1N00048,"nd1I00022\,stdI00002",,Inside,1087252,No,,No,No,No,Female,1990,White,
661169,nd1R1050616,06118d1564,3/7/12 16:22,nd1S06118,Left,Blue,No,nd1C00072,nd1T00051,nd1E00107,nd1N00074,"nd1I00027\,stdI00002",,Inside,1110915,No,,No,No,No,Female,1990,White,
668869,nd1R1069888,06118d1623,3/28/12 13:26,nd1S06118,Left,Blue,No,nd1C00072,nd1T00054,nd1E00107,nd1N00073,"nd1I00036\,stdI00002",,Inside,1130161,No,,No,No,No,Female,1990,White,
669007,nd1R1070026,06118d1633,3/28/12 13:26,nd1S06118,Left,Blue,No,nd1C00072,nd1T00053,nd1E00107,nd1N00073,"nd1I00036\,stdI00002",,Inside,1130299,No,,No,No,No,Female,1990,White,
669011,nd1R1070030,06118d1637,3/28/12 13:26,nd1S06118,Left,Blue,No,nd1C00072,nd1T00053,nd1E00107,nd1N00073,"nd1I00036\,stdI00002",,Inside,1130303,No,,No,No,No,Female,1990,White,
669012,nd1R1070031,06118d1638,3/28/12 13:26,nd1S06118,Left,Blue,No,nd1C00072,nd1T00049,nd1E00107,nd1N00079,"nd1I00023\,stdI00002",,Inside,1130304,No,,No,No,No,Female,1990,White,
670436,nd1R1071455,06118d1654,3/28/12 13:26,nd1S06118,Left,Blue,No,nd1C00072,nd1T00051,nd1E00107,nd1N00074,"nd1I00028\,stdI00002",,Inside,1131728,No,,No,No,No,Female,1990,White,
383599,,,1/26/10 15:27,nd1S06118,Left,Blue,No,,nd1T00002,nd1E00075,nd1N00006,"nd1I00015\,stdI00002",nd1I00013,Inside,539259,No,,No,No,No,Female,1990,White,
446558,nd7R30358,06118d311,10/27/10 11:35,nd1S06118,Left,Blue,No,nd1C00055,nd1T00040,nd1E00085,nd1N00049,"nd1I00023\,stdI00002",,Inside,675015,No,,No,No,No,Female,1990,White,
451465,nd1R638991,06118d344,11/11/10 13:46,nd1S06118,Left,Blue,No,nd1C00055,nd1T00039,nd1E00085,nd1N00048,"nd1I00022\,stdI00002",,Inside,684571,No,,No,No,No,Female,1990,White,
456246,nd1R1088764,06118d1730,12/2/10 13:08,nd1S06118,Left,Unknown,No,nd1C00055,nd1T00051,nd1E00090,nd1N00020,"nd1I00020\,stdI00002",,Inside,697083,Unknown,,,,,Female,1990,White,
472324,nd1R679283,06118d427,2/10/11 14:50,nd1S06118,Left,Blue,No,nd1C00062,nd1T00053,nd1E00093,nd1N00059,"nd1I00026\,stdI00002",,Inside,725802,No,,No,No,No,Female,1990,White,
480871,nd1R704981,06118d485,2/22/11 14:59,nd1S06118,Left,Blue,No,nd1C00062,nd1T00051,nd1E00093,nd1N00020,"nd1I00028\,stdI00002",,Inside,753935,No,,No,No,No,Female,1990,White,
482696,nd1R706805,06118d495,2/22/11 14:59,nd1S06118,Left,Blue,No,nd1C00062,nd1T00049,nd1E00093,nd1N00049,"nd1I00023\,stdI00002",,Inside,755760,No,,No,No,No,Female,1990,White,
487934,nd1R710776,06118d518,2/22/11 14:59,nd1S06118,Left,Blue,No,nd1C00062,nd1T00053,nd1E00093,nd1N00059,"nd1I00026\,stdI00002",,Inside,760998,No,,No,No,No,Female,1990,White,
513456,nd1R803435,06118d804,3/23/11 12:00,nd1S06118,Left,Blue,No,nd1C00062,nd1T00049,nd1E00093,nd1N00049,"nd1I00023\,stdI00002",,Inside,821039,No,,No,No,No,Female,1990,White,
561715,nd1R863097,06118d955,4/28/11 13:48,nd1S06118,Left,Blue,No,nd1C00062,nd1T00053,nd1E00101,nd1N00059,"nd1I00026\,stdI00002",,Inside,907300,No,,No,No,No,Female,1990,White,
564162,nd1R865540,06118d969,4/28/11 13:48,nd1S06118,Left,Blue,No,nd1C00062,nd1T00049,nd1E00101,nd1N00049,"nd1I00023\,stdI00002",,Inside,909747,No,,No,No,No,Female,1990,White,
564266,nd1R865644,06118d977,4/28/11 13:48,nd1S06118,Left,Blue,No,nd1C00062,nd1T00051,nd1E00101,nd1N00020,"nd1I00028\,stdI00002",,Inside,909851,No,,No,No,No,Female,1990,White,
595528,nd1R912970,06118d1042,9/29/11 15:34,nd1S06118,Left,Blue,No,nd1C00068,nd1T00051,nd1E00107,nd1N00074,"nd1I00028\,stdI00002",,Inside,973779,No,,No,No,No,Female,1990,White,
617598,,,10/27/11 12:52,nd1S06118,Right,Blue,No,,nd1T00051,nd1E00107,nd1N00074,"nd1I00027\,stdI00002",,Inside,1020400,No,,No,No,No,Female,1990,White,
629713,nd1R996453,06118d1377,11/10/11 13:31,nd1S06118,Right,Blue,No,nd1C00068,nd1T00053,nd1E00107,nd1N00073,"nd1I00036\,stdI00002",,Inside,1044127,No,,No,No,No,Female,1990,White,
639682,nd1R1004369,06118d1403,2/9/12 16:25,nd1S06118,Right,Blue,No,nd1C00072,nd1T00049,nd1E00107,nd1N00079,"nd1I00023\,stdI00002",,Inside,1065572,No,,No,No,No,Female,1990,White,
641804,nd1R1006010,06118d1417,2/9/12 16:25,nd1S06118,Right,Blue,No,nd1C00072,nd1T00051,nd1E00107,nd1N00074,"nd1I00028\,stdI00002",,Inside,1067694,No,,No,No,No,Female,1990,White,
668856,nd1R1069876,06118d1620,3/28/12 13:26,nd1S06118,Right,Blue,No,nd1C00072,nd1T00054,nd1E00107,nd1N00073,"nd1I00036\,stdI00002",,Inside,1130148,No,,No,No,No,Female,1990,White,
668991,nd1R1070010,06118d1628,3/28/12 13:26,nd1S06118,Right,Blue,No,nd1C00072,nd1T00053,nd1E00107,nd1N00073,"nd1I00036\,stdI00002",,Inside,1130283,No,,No,No,No,Female,1990,White,
669016,nd1R1070035,06118d1642,3/28/12 13:26,nd1S06118,Right,Blue,No,nd1C00072,nd1T00049,nd1E00107,nd1N00079,"nd1I00023\,stdI00002",,Inside,1130308,No,,No,No,No,Female,1990,White,
670444,nd1R1071463,06118d1660,3/28/12 13:26,nd1S06118,Right,Blue,No,nd1C00072,nd1T00051,nd1E00107,nd1N00074,"nd1I00027\,stdI00002",,Inside,1131736,No,,No,No,No,Female,1990,White,
472325,nd1R679284,06118d428,2/10/11 14:50,nd1S06118,Right,Blue,No,nd1C00062,nd1T00053,nd1E00093,nd1N00059,"nd1I00026\,stdI00002",,Inside,725803,No,,No,No,No,Female,1990,White,
482698,nd1R706807,06118d497,2/22/11 14:59,nd1S06118,Right,Blue,No,nd1C00062,nd1T00049,nd1E00093,nd1N00049,"nd1I00023\,stdI00002",,Inside,755762,No,,No,No,No,Female,1990,White,
487926,,,2/22/11 14:59,nd1S06118,Right,Blue,No,,nd1T00054,nd1E00093,nd1N00059,"nd1I00026\,stdI00002",,Inside,760990,No,,No,No,No,Female,1990,White,
512476,nd1R802455,06118d790,3/23/11 12:00,nd1S06118,Right,Blue,No,nd1C00062,nd1T00054,nd1E00093,nd1N00059,"nd1I00026\,stdI00002",,Inside,820059,No,,No,No,No,Female,1990,White,
561708,nd1R863090,06118d948,4/28/11 13:48,nd1S06118,Right,Blue,No,nd1C00062,nd1T00054,nd1E00101,nd1N00059,"nd1I00026\,stdI00002",,Inside,907293,No,,No,No,No,Female,1990,White,
561721,nd1R863103,06118d961,4/28/11 13:48,nd1S06118,Right,Blue,No,nd1C00062,nd1T00053,nd1E00101,nd1N00059,"nd1I00026\,stdI00002",,Inside,907306,No,,No,No,No,Female,1990,White,
564166,nd1R865544,06118d972,4/28/11 13:48,nd1S06118,Right,Blue,No,nd1C00062,nd1T00049,nd1E00101,nd1N00049,"nd1I00023\,stdI00002",,Inside,909751,No,,No,No,No,Female,1990,White,
592760,nd1R911117,06118d1025,9/29/11 15:34,nd1S06118,Right,Blue,No,nd1C00068,nd1T00054,nd1E00107,nd1N00073,"nd1I00036\,stdI00002",,Inside,971011,No,,No,No,No,Female,1990,White,
381611,nd6R39311,06126d4,1/27/10 15:39,nd1S06126,Right,Blue,No,nd1C00042,nd1T00016,nd1E00075,nd1N00020,nd1I00004,nd1I00004,Inside,537271,Yes,Soft,Yes,No,No,Male,1988,White,"contacts-given\,contacts-soft-given\,contacts-texture-given"
385337,nd6R43002,06126d19,1/27/10 15:39,nd1S06126,Right,Blue,No,nd1C00042,nd1T00002,nd1E00075,nd1N00006,"nd1I00016\,stdI00002",nd1I00013,Inside,540997,Yes,Soft,Yes,No,No,Male,1988,White,"contacts-given\,contacts-soft-given\,contacts-texture-given"
385339,nd6R43004,06126d21,1/27/10 15:39,nd1S06126,Right,Blue,No,nd1C00042,nd1T00002,nd1E00075,nd1N00006,"nd1I00015\,stdI00002",nd1I00013,Inside,540999,Yes,Soft,Yes,No,No,Male,1988,White,"contacts-given\,contacts-soft-given\,contacts-texture-given"
385342,nd6R43007,06126d24,1/27/10 15:39,nd1S06126,Right,Blue,No,nd1C00042,nd1T00002,nd1E00075,nd1N00006,"nd1I00015\,stdI00002",nd1I00013,Inside,541002,Yes,Soft,Yes,No,No,Male,1988,White,"contacts-given\,contacts-soft-given\,contacts-texture-given"
390175,nd6R47054,06126d49,2/9/10 12:25,nd1S06126,Right,Blue,No,nd1C00042,nd1T00002,nd1E00075,nd1N00006,"nd1I00017\,stdI00002",nd1I00013,Inside,555385,Yes,Soft,Yes,No,No,Male,1988,White,"contacts-given\,contacts-soft-given\,contacts-texture-given"
396145,nd6R52859,06126d65,2/23/10 12:20,nd1S06126,Right,Blue,No,nd1C00042,nd1T00016,nd1E00077,nd1N00020,"nd1I00004\,stdI00002",,Inside,578719,Yes,Soft,Yes,No,No,Male,1988,White,"contacts-given\,contacts-soft-given\,contacts-texture-given"
397590,nd6R54301,06126d80,2/23/10 12:20,nd1S06126,Right,Blue,No,nd1C00042,nd1T00002,nd1E00077,nd1N00006,"nd1I00015\,stdI00002",,Inside,580164,Yes,Soft,Yes,No,No,Male,1988,White,"contacts-given\,contacts-soft-given\,contacts-texture-given"
397598,nd6R54309,06126d88,2/23/10 12:20,nd1S06126,Right,Blue,No,nd1C00042,nd1T00002,nd1E00077,nd1N00006,"nd1I00017\,stdI00002",,Inside,580172,Yes,Soft,Yes,No,No,Male,1988,White,"contacts-given\,contacts-soft-given\,contacts-texture-given"
403372,nd6R60032,06126d93,3/16/10 12:22,nd1S06126,Right,Blue,No,nd1C00042,nd1T00016,nd1E00077,nd1N00020,"nd1I00004\,stdI00002",,Inside,585946,Yes,Soft,No,No,No,Male,1988,White,"contacts-given\,contacts-soft-given"
419272,nd6R75534,06126d123,4/27/10 12:09,nd1S06126,Right,Blue,No,nd1C00042,nd1T00016,nd1E00077,nd1N00020,"nd1I00004\,stdI00002",,Inside,608774,Yes,Soft,Yes,No,No,Male,1988,White,"contacts-given\,contacts-soft-given\,contacts-texture-given"
420841,nd6R76825,06126d138,4/27/10 12:09,nd1S06126,Right,Blue,No,nd1C00042,nd1T00002,nd1E00077,nd1N00006,"nd1I00016\,stdI00002",,Inside,610343,Yes,Soft,Yes,No,No,Male,1988,White,"contacts-given\,contacts-soft-given\,contacts-texture-given"
450156,nd1R637684,06126d253,11/10/10 12:34,nd1S06126,Right,Blue,No,nd1C00055,nd1T00039,nd1E00085,nd1N00048,"nd1I00022\,stdI00002",,Inside,683262,Yes,Soft,Yes,No,No,Male,1988,White,"contacts-given\,contacts-soft-given\,contacts-texture-given"
471885,nd1R678861,06126d284,2/10/11 11:58,nd1S06126,Right,Blue,No,nd1C00062,nd1T00054,nd1E00093,nd1N00059,"nd1I00026\,stdI00002",,Inside,725363,No,,No,No,No,Male,1988,White,
471889,nd1R678865,06126d288,2/10/11 11:58,nd1S06126,Right,Blue,No,nd1C00062,nd1T00053,nd1E00093,nd1N00059,"nd1I00026\,stdI00002",,Inside,725367,No,,No,No,No,Male,1988,White,
471890,nd1R678866,06126d289,2/10/11 11:58,nd1S06126,Right,Blue,No,nd1C00062,nd1T00053,nd1E00093,nd1N00059,"nd1I00026\,stdI00002",,Inside,725368,No,,No,No,No,Male,1988,White,
475366,nd1R683504,06126d308,2/10/11 11:58,nd1S06126,Right,Blue,No,nd1C00062,nd1T00049,nd1E00093,nd1N00049,"nd1I00023\,stdI00002",,Inside,728844,No,,No,No,No,Male,1988,White,
477052,nd1R681505,06126d295,2/10/11 11:58,nd1S06126,Right,Blue,No,nd1C00062,nd1T00050,nd1E00093,nd1N00048,"nd1I00022\,stdI00002",,Inside,730530,No,,No,No,No,Male,1988,White,
479443,,,2/10/11 11:58,nd1S06126,Right,Blue,No,,nd1T00051,nd1E00093,nd1N00020,"nd1I00028\,stdI00002",,Inside,732921,No,,No,No,No,Male,1988,White,
479444,,,2/10/11 11:58,nd1S06126,Right,Blue,No,,nd1T00051,nd1E00093,nd1N00020,"nd1I00027\,stdI00002",,Inside,732922,No,,No,No,No,Male,1988,White,
381734,nd6R39434,06128d3,1/28/10 12:24,nd1S06128,Left,Brown,No,nd1C00042,nd1T00016,nd1E00075,nd1N00020,nd1I00004,nd1I00004,Inside,537394,No,,No,No,No,Female,1990,Asian,
385856,nd6R43507,06128d7,1/28/10 12:24,nd1S06128,Left,Brown,No,nd1C00042,nd1T00002,nd1E00075,nd1N00006,"nd1I00016\,stdI00002",nd1I00013,Inside,541516,No,,No,No,No,Female,1990,Asian,
393335,nd6R50171,06128d39,2/10/10 15:07,nd1S06128,Left,Brown,No,nd1C00042,nd1T00002,nd1E00075,nd1N00006,"nd1I00015\,stdI00002",nd1I00013,Inside,558545,No,,No,No,No,Female,1990,Asian,
401011,nd6R57698,06128d88,2/24/10 16:53,nd1S06128,Left,Black,No,nd1C00042,nd1T00002,nd1E00077,nd1N00006,"nd1I00016\,stdI00002",,Inside,583585,No,,No,No,No,Female,1990,Asian,
491795,nd1R714585,06128d271,2/24/11 13:26,nd1S06128,Left,Brown,No,nd1C00062,nd1T00054,nd1E00093,nd1N00059,"nd1I00026\,stdI00002",,Inside,764859,No,,No,No,No,Female,1990,Asian,
491800,nd1R714590,06128d274,2/24/11 13:26,nd1S06128,Left,Brown,No,nd1C00062,nd1T00054,nd1E00093,nd1N00059,"nd1I00026\,stdI00002",,Inside,764864,No,,No,No,No,Female,1990,Asian,
491830,nd1R714620,06128d281,2/24/11 13:26,nd1S06128,Left,Brown,No,nd1C00062,nd1T00053,nd1E00093,nd1N00059,"nd1I00026\,stdI00002",,Inside,764894,No,,No,No,No,Female,1990,Asian,
494283,nd1R717064,06128d294,2/24/11 13:26,nd1S06128,Left,Brown,No,nd1C00062,nd1T00049,nd1E00093,nd1N00049,"nd1I00023\,stdI00002",,Inside,767347,No,,No,No,No,Female,1990,Asian,
517574,nd1R807543,06128d421,3/24/11 14:11,nd1S06128,Left,Brown,No,nd1C00062,nd1T00050,nd1E00093,nd1N00048,"nd1I00022\,stdI00002",,Inside,825157,No,,No,No,No,Female,1990,Asian,
523222,nd1R832428,06128d454,3/24/11 14:11,nd1S06128,Left,Brown,No,nd1C00059,nd1T00051,nd1E00093,lg4000diff20,"nd1I00028\,stdI00002",,Inside,830805,No,,No,No,No,Female,1990,Asian,
523581,nd1R812150,06128d435,3/24/11 14:11,nd1S06128,Left,Brown,No,nd1C00062,nd1T00054,nd1E00093,nd1N00059,"nd1I00026\,stdI00002",,Inside,831164,No,,No,No,No,Female,1990,Asian,
523614,nd1R812158,06128d443,3/24/11 14:11,nd1S06128,Left,Brown,No,nd1C00062,nd1T00053,nd1E00093,nd1N00059,"nd1I00026\,stdI00002",,Inside,831197,No,,No,No,No,Female,1990,Asian,
385870,nd6R43521,06128d21,1/28/10 12:24,nd1S06128,Right,Brown,No,nd1C00042,nd1T00002,nd1E00075,nd1N00006,"nd1I00015\,stdI00002",nd1I00013,Inside,541530,No,,No,No,No,Female,1990,Asian,
385871,nd6R43522,06128d22,1/28/10 12:24,nd1S06128,Right,Brown,No,nd1C00042,nd1T00002,nd1E00075,nd1N00006,"nd1I00016\,stdI00002",nd1I00013,Inside,541531,No,,No,No,No,Female,1990,Asian,
385873,nd6R43524,06128d24,1/28/10 12:24,nd1S06128,Right,Brown,No,nd1C00042,nd1T00002,nd1E00075,nd1N00006,"nd1I00015\,stdI00002",nd1I00013,Inside,541533,No,,No,No,No,Female,1990,Asian,
385874,nd6R43525,06128d25,1/28/10 12:24,nd1S06128,Right,Brown,No,nd1C00042,nd1T00002,nd1E00075,nd1N00006,"nd1I00016\,stdI00002",nd1I00013,Inside,541534,No,,No,No,No,Female,1990,Asian,
385876,nd6R43527,06128d27,1/28/10 12:24,nd1S06128,Right,Brown,No,nd1C00042,nd1T00002,nd1E00075,nd1N00006,"nd1I00015\,stdI00002",nd1I00013,Inside,541536,No,,No,No,No,Female,1990,Asian,
393348,nd6R50184,06128d52,2/10/10 15:07,nd1S06128,Right,Brown,No,nd1C00042,nd1T00002,nd1E00075,nd1N00006,"nd1I00016\,stdI00002",nd1I00013,Inside,558558,No,,No,No,No,Female,1990,Asian,
393349,nd6R50185,06128d53,2/10/10 15:07,nd1S06128,Right,Brown,No,nd1C00042,nd1T00002,nd1E00075,nd1N00006,"nd1I00017\,stdI00002",nd1I00013,Inside,558559,No,,No,No,No,Female,1990,Asian,
393350,nd6R50186,06128d54,2/10/10 15:07,nd1S06128,Right,Brown,No,nd1C00042,nd1T00002,nd1E00075,nd1N00006,"nd1I00015\,stdI00002",nd1I00013,Inside,558560,No,,No,No,No,Female,1990,Asian,
393354,nd6R50190,06128d58,2/10/10 15:07,nd1S06128,Right,Brown,No,nd1C00042,nd1T00002,nd1E00075,nd1N00006,"nd1I00016\,stdI00002",nd1I00013,Inside,558564,No,,No,No,No,Female,1990,Asian,
393356,nd6R50192,06128d60,2/10/10 15:07,nd1S06128,Right,Brown,No,nd1C00042,nd1T00002,nd1E00075,nd1N00006,"nd1I00015\,stdI00002",nd1I00013,Inside,558566,No,,No,No,No,Female,1990,Asian,
401019,nd6R57706,06128d96,2/24/10 16:53,nd1S06128,Right,Black,No,nd1C00042,nd1T00002,nd1E00077,nd1N00006,"nd1I00015\,stdI00002",,Inside,583593,No,,No,No,No,Female,1990,Asian,
404234,nd6R60890,06128d106,3/17/10 15:45,nd1S06128,Right,Black,No,nd1C00042,nd1T00016,nd1E00077,nd1N00020,"nd1I00004\,stdI00002",,Inside,586808,No,,No,No,No,Female,1990,Asian,
408623,nd6R65233,06128d121,3/17/10 15:45,nd1S06128,Right,Black,No,nd1C00042,nd1T00002,nd1E00077,nd1N00006,"nd1I00016\,stdI00002",,Inside,591197,No,,No,No,No,Female,1990,Asian,
408632,nd6R65242,06128d130,3/17/10 15:45,nd1S06128,Right,Black,No,nd1C00042,nd1T00002,nd1E00077,nd1N00006,"nd1I00016\,stdI00002",,Inside,591206,No,,No,No,No,Female,1990,Asian,
408633,nd6R65243,06128d131,3/17/10 15:45,nd1S06128,Right,Black,No,nd1C00042,nd1T00002,nd1E00077,nd1N00006,"nd1I00017\,stdI00002",,Inside,591207,No,,No,No,No,Female,1990,Asian,
411291,nd6R67627,06128d136,4/13/10 12:26,nd1S06128,Right,Black,No,nd1C00042,nd1T00016,nd1E00077,nd1N00020,"nd1I00004\,stdI00002",,Inside,600793,No,,No,No,No,Female,1990,Asian,
411293,nd6R67629,06128d138,4/13/10 12:26,nd1S06128,Right,Black,No,nd1C00042,nd1T00016,nd1E00077,nd1N00020,"nd1I00004\,stdI00002",,Inside,600795,No,,No,No,No,Female,1990,Asian,
491803,nd1R714593,06128d276,2/24/11 13:26,nd1S06128,Right,Brown,No,nd1C00062,nd1T00054,nd1E00093,nd1N00059,"nd1I00026\,stdI00002",,Inside,764867,No,,No,No,No,Female,1990,Asian,
491805,nd1R714595,06128d277,2/24/11 13:26,nd1S06128,Right,Brown,No,nd1C00062,nd1T00054,nd1E00093,nd1N00059,"nd1I00026\,stdI00002",,Inside,764869,No,,No,No,No,Female,1990,Asian,
491811,nd1R714601,06128d280,2/24/11 13:26,nd1S06128,Right,Brown,No,nd1C00062,nd1T00054,nd1E00093,nd1N00059,"nd1I00026\,stdI00002",,Inside,764875,No,,No,No,No,Female,1990,Asian,
491838,nd1R714628,06128d286,2/24/11 13:26,nd1S06128,Right,Brown,No,nd1C00062,nd1T00053,nd1E00093,nd1N00059,"nd1I00026\,stdI00002",,Inside,764902,No,,No,No,No,Female,1990,Asian,
491842,nd1R714632,06128d289,2/24/11 13:26,nd1S06128,Right,Brown,No,nd1C00062,nd1T00053,nd1E00093,nd1N00059,"nd1I00026\,stdI00002",,Inside,764906,No,,No,No,No,Female,1990,Asian,
491844,nd1R714634,06128d290,2/24/11 13:26,nd1S06128,Right,Brown,No,nd1C00062,nd1T00053,nd1E00093,nd1N00059,"nd1I00026\,stdI00002",,Inside,764908,No,,No,No,No,Female,1990,Asian,
494284,nd1R717065,06128d295,2/24/11 13:26,nd1S06128,Right,Brown,No,nd1C00062,nd1T00049,nd1E00093,nd1N00049,"nd1I00023\,stdI00002",,Inside,767348,No,,No,No,No,Female,1990,Asian,
494796,nd1R717577,06128d300,2/24/11 13:26,nd1S06128,Right,Brown,No,nd1C00062,nd1T00050,nd1E00093,nd1N00048,"nd1I00022\,stdI00002",,Inside,767860,No,,No,No,No,Female,1990,Asian,
516845,nd1R806822,06128d417,3/24/11 14:11,nd1S06128,Right,Brown,No,nd1C00062,nd1T00049,nd1E00093,nd1N00049,"nd1I00023\,stdI00002",,Inside,824428,No,,No,No,No,Female,1990,Asian,
521496,nd1R810756,06128d425,3/24/11 14:11,nd1S06128,Right,Brown,No,nd1C00062,nd1T00051,nd1E00093,nd1N00020,"nd1I00028\,stdI00002",,Inside,829079,No,,No,No,No,Female,1990,Asian,
523587,nd1R812154,06128d439,3/24/11 14:11,nd1S06128,Right,Brown,No,nd1C00062,nd1T00054,nd1E00093,nd1N00059,"nd1I00026\,stdI00002",,Inside,831170,No,,No,No,No,Female,1990,Asian,
523589,nd1R812155,06128d440,3/24/11 14:11,nd1S06128,Right,Brown,No,nd1C00062,nd1T00054,nd1E00093,nd1N00059,"nd1I00026\,stdI00002",,Inside,831172,No,,No,No,No,Female,1990,Asian,
523622,nd1R812163,06128d448,3/24/11 14:11,nd1S06128,Right,Brown,No,nd1C00062,nd1T00053,nd1E00093,nd1N00059,"nd1I00026\,stdI00002",,Inside,831205,No,,No,No,No,Female,1990,Asian,
517066,nd1R807035,06129d630,3/24/11 16:05,nd1S06129,Left,Green,No,nd1C00062,nd1T00049,nd1E00093,nd1N00049,"nd1I00023\,stdI00002",,Inside,824649,No,,No,No,No,Female,1991,White,
522531,nd1R811790,06129d651,3/24/11 16:05,nd1S06129,Left,Green,No,nd1C00062,nd1T00051,nd1E00093,nd1N00020,"nd1I00028\,stdI00002",,Inside,830114,No,,No,No,No,Female,1991,White,
523847,nd1R832873,06129d723,3/24/11 16:05,nd1S06129,Left,Green,No,nd1C00059,nd1T00051,nd1E00093,lg4000diff20,"nd1I00028\,stdI00002",,Inside,831430,No,,No,No,No,Female,1991,White,
525034,nd1R813289,06129d652,3/24/11 16:05,nd1S06129,Left,Green,No,nd1C00062,nd1T00054,nd1E00093,nd1N00059,"nd1I00026\,stdI00002",,Inside,832617,No,,No,No,No,Female,1991,White,
525048,nd1R813303,06129d666,3/24/11 16:05,nd1S06129,Left,Green,No,nd1C00062,nd1T00053,nd1E00093,nd1N00059,"nd1I00026\,stdI00002",,Inside,832631,No,,No,No,No,Female,1991,White,
545612,nd1R824716,06129d673,4/14/11 15:45,nd1S06129,Left,Blue,No,nd1C00062,nd1T00054,nd1E00101,nd1N00059,"nd1I00026\,stdI00002",,Inside,869796,No,,No,No,No,Female,1991,White,
545614,nd1R824718,06129d675,4/14/11 15:45,nd1S06129,Left,Blue,No,nd1C00062,nd1T00054,nd1E00101,nd1N00059,"nd1I00026\,stdI00002",,Inside,869798,No,,No,No,No,Female,1991,White,
545621,nd1R824725,06129d682,4/14/11 15:45,nd1S06129,Left,Blue,No,nd1C00062,nd1T00053,nd1E00101,nd1N00059,"nd1I00026\,stdI00002",,Inside,869805,No,,No,No,No,Female,1991,White,
545622,,,4/14/11 15:45,nd1S06129,Left,Blue,No,,nd1T00053,nd1E00101,nd1N00059,"nd1I00026\,stdI00002",,Inside,869806,No,,No,No,No,Female,1991,White,
545625,nd1R824728,06129d685,4/14/11 15:45,nd1S06129,Left,Blue,No,nd1C00062,nd1T00053,nd1E00101,nd1N00059,"nd1I00026\,stdI00002",,Inside,869809,No,,No,No,No,Female,1991,White,
547070,nd1R825968,06129d694,4/14/11 15:45,nd1S06129,Left,Blue,No,nd1C00062,nd1T00051,nd1E00101,nd1N00020,"nd1I00027\,stdI00002",,Inside,871254,No,,No,No,No,Female,1991,White,
548003,nd1R835476,06129d730,4/14/11 15:45,nd1S06129,Left,Blue,No,nd1C00059,nd1T00051,nd1E00101,lg4000diff20,"nd1I00027\,stdI00002",,Inside,872187,No,,No,No,No,Female,1991,White,
548794,nd1R826679,06129d699,4/14/11 15:45,nd1S06129,Left,Blue,No,nd1C00062,nd1T00049,nd1E00101,nd1N00049,"nd1I00023\,stdI00002",,Inside,872978,No,,No,No,No,Female,1991,White,
549556,nd1R827354,06129d706,4/14/11 15:45,nd1S06129,Left,Blue,No,nd1C00062,nd1T00050,nd1E00101,nd1N00048,"nd1I00022\,stdI00002",,Inside,873740,No,,No,No,No,Female,1991,White,
630778,nd1R997476,06131d609,2/7/12 12:18,nd1S06131,Left,Brown,No,nd1C00072,nd1T00054,nd1E00107,nd1N00073,"nd1I00036\,stdI00002",,Inside,1056668,Yes,Soft,,Unknown,No,Female,1990,Asian,
630789,nd1R997487,06131d620,2/7/12 12:18,nd1S06131,Left,Brown,No,nd1C00072,nd1T00053,nd1E00107,nd1N00073,"nd1I00036\,stdI00002",,Inside,1056679,Yes,Soft,,Unknown,No,Female,1990,Asian,
633351,nd1R999316,06131d634,2/7/12 12:18,nd1S06131,Left,Brown,No,nd1C00072,nd1T00051,nd1E00107,nd1N00074,"nd1I00028\,stdI00002",,Inside,1059241,Yes,Soft,,Unknown,No,Female,1990,Asian,
649808,nd1R1028240,06131d695,2/23/12 15:21,nd1S06131,Left,Brown,No,nd1C00072,nd1T00054,nd1E00107,nd1N00073,"nd1I00036\,stdI00002",,Inside,1089039,Yes,Soft,No,Unknown,No,Female,1990,Asian,
649819,nd1R1028251,06131d706,2/23/12 15:21,nd1S06131,Left,Brown,No,nd1C00072,nd1T00053,nd1E00107,nd1N00073,"nd1I00036\,stdI00002",,Inside,1089050,Yes,Soft,No,Unknown,No,Female,1990,Asian,
650801,nd1R1029233,06131d710,2/23/12 15:21,nd1S06131,Left,Brown,No,nd1C00072,nd1T00049,nd1E00107,nd1N00079,"nd1I00023\,stdI00002",,Inside,1090032,Yes,Soft,No,Unknown,No,Female,1990,Asian,
651478,,,2/23/12 15:21,nd1S06131,Left,Brown,No,,nd1T00050,nd1E00107,nd1N00048,"nd1I00022\,stdI00002",,Inside,1090709,Yes,Soft,No,Unknown,No,Female,1990,Asian,
652642,nd1R1031063,06131d723,2/23/12 15:21,nd1S06131,Left,Brown,No,nd1C00072,nd1T00051,nd1E00107,nd1N00074,"nd1I00028\,stdI00002",,Inside,1091873,Yes,Soft,No,Unknown,No,Female,1990,Asian,
665836,nd1R1066879,06131d776,3/27/12 15:36,nd1S06131,Left,Brown,No,nd1C00072,nd1T00050,nd1E00107,nd1N00048,"nd1I00022\,stdI00002",,Inside,1127128,No,,No,No,No,Female,1990,Asian,
666873,,,3/27/12 15:36,nd1S06131,Left,Brown,No,,nd1T00051,nd1E00107,nd1N00074,"nd1I00027\,stdI00002",,Inside,1128165,No,,No,No,No,Female,1990,Asian,
666875,nd1R1067910,06131d783,3/27/12 15:36,nd1S06131,Left,Brown,No,nd1C00072,nd1T00051,nd1E00107,nd1N00074,"nd1I00027\,stdI00002",,Inside,1128167,No,,No,No,No,Female,1990,Asian,
668013,nd1R1069037,06131d792,3/27/12 15:36,nd1S06131,Left,Brown,No,nd1C00072,nd1T00054,nd1E00107,nd1N00073,"nd1I00036\,stdI00002",,Inside,1129305,No,,No,No,No,Female,1990,Asian,
668024,nd1R1069048,06131d803,3/27/12 15:36,nd1S06131,Left,Brown,No,nd1C00072,nd1T00053,nd1E00107,nd1N00073,"nd1I00036\,stdI00002",,Inside,1129316,No,,No,No,No,Female,1990,Asian,
413009,nd6R69338,06131d43,4/13/10 12:29,nd1S06131,Left,Brown,No,nd1C00042,nd1T00002,nd1E00077,nd1N00006,"nd1I00017\,stdI00002",,Inside,602511,No,,No,No,No,Female,1990,Asian,
413011,nd6R69340,06131d45,4/13/10 12:29,nd1S06131,Left,Brown,No,nd1C00042,nd1T00002,nd1E00077,nd1N00006,"nd1I00016\,stdI00002",,Inside,602513,No,,No,No,No,Female,1990,Asian,
456178,nd1R649440,06131d178,12/2/10 12:57,nd1S06131,Left,Brown,No,nd1C00055,nd1T00050,nd1E00090,nd1N00048,"nd1I00022\,stdI00002",,Inside,697015,No,,No,No,No,Female,1990,Asian,
456185,nd1R649447,06131d185,12/2/10 12:57,nd1S06131,Left,Brown,No,nd1C00055,nd1T00049,nd1E00090,nd1N00049,"nd1I00023\,stdI00002",,Inside,697022,No,,No,No,No,Female,1990,Asian,
491692,nd1R714490,06131d220,2/24/11 13:25,nd1S06131,Left,Brown,No,nd1C00062,nd1T00053,nd1E00093,nd1N00059,"nd1I00026\,stdI00002",,Inside,764756,No,,No,No,No,Female,1990,Asian,
491716,nd1R714514,06131d235,2/24/11 13:25,nd1S06131,Left,Brown,No,nd1C00062,nd1T00051,nd1E00093,nd1N00020,"nd1I00028\,stdI00002",,Inside,764780,No,,No,No,No,Female,1990,Asian,
495509,nd1R828982,06131d494,2/24/11 13:25,nd1S06131,Left,Brown,No,nd1C00059,nd1T00051,nd1E00093,lg4000diff30,"nd1I00029\,stdI00002",,Inside,768573,No,,No,No,No,Female,1990,Asian,
516832,nd1R806809,06131d408,3/24/11 14:11,nd1S06131,Left,Brown,No,nd1C00062,nd1T00049,nd1E00093,nd1N00049,"nd1I00023\,stdI00002",,Inside,824415,No,,No,No,No,Female,1990,Asian,
523218,nd1R832424,06131d501,3/24/11 14:11,nd1S06131,Left,Brown,No,nd1C00059,nd1T00051,nd1E00093,lg4000diff20,"nd1I00028\,stdI00002",,Inside,830801,No,,No,No,No,Female,1990,Asian,
523508,nd1R812128,06131d428,3/24/11 14:11,nd1S06131,Left,Brown,No,nd1C00062,nd1T00054,nd1E00093,nd1N00059,"nd1I00026\,stdI00002",,Inside,831091,No,,No,No,No,Female,1990,Asian,
545184,nd1R824328,06131d461,4/14/11 14:53,nd1S06131,Left,Brown,No,nd1C00062,nd1T00053,nd1E00101,nd1N00059,"nd1I00026\,stdI00002",,Inside,869368,No,,No,No,No,Female,1990,Asian,
548619,nd1R826520,06131d476,4/14/11 14:53,nd1S06131,Left,Brown,No,nd1C00062,nd1T00049,nd1E00101,nd1N00049,"nd1I00023\,stdI00002",,Inside,872803,No,,No,No,No,Female,1990,Asian,
583729,nd1R904868,06131d532,9/27/11 12:01,nd1S06131,Left,Brown,No,nd1C00068,nd1T00054,nd1E00107,nd1N00073,"nd1I00036\,stdI00002",,Inside,961980,Yes,Soft,No,Unknown,No,Female,1990,Asian,
583741,nd1R904880,06131d544,9/27/11 12:01,nd1S06131,Left,Brown,No,nd1C00068,nd1T00053,nd1E00107,nd1N00073,"nd1I00036\,stdI00002",,Inside,961992,Yes,Soft,No,Unknown,No,Female,1990,Asian,
584094,nd1R905132,06131d553,9/27/11 12:01,nd1S06131,Left,Brown,No,nd1C00068,nd1T00049,nd1E00107,nd1N00077,"nd1I00023\,stdI00002",,Inside,962345,Yes,Soft,No,Unknown,No,Female,1990,Asian,
585331,nd1R906042,06131d565,9/27/11 12:01,nd1S06131,Left,Brown,No,nd1C00068,nd1T00051,nd1E00107,nd1N00074,"nd1I00027\,stdI00002",,Inside,963582,Yes,Soft,No,Unknown,No,Female,1990,Asian,
382034,nd6R39734,06139d1,1/28/10 15:31,nd1S06139,Left,Brown,No,nd1C00042,nd1T00016,nd1E00075,nd1N00020,nd1I00004,nd1I00004,Inside,537694,No,,No,No,No,Female,1989,White,
387122,nd6R44756,06139d7,1/28/10 15:31,nd1S06139,Left,Brown,No,nd1C00042,nd1T00002,nd1E00075,nd1N00006,"nd1I00016\,stdI00002",nd1I00013,Inside,542782,No,,No,No,No,Female,1989,White,
402399,nd6R59066,06139d87,2/25/10 15:25,nd1S06139,Left,Brown,No,nd1C00042,nd1T00002,nd1E00077,nd1N00006,"nd1I00015\,stdI00002",,Inside,584973,No,,No,No,No,Female,1989,White,
425079,nd6R81029,06139d165,4/28/10 14:40,nd1S06139,Left,Brown,No,nd1C00042,nd1T00002,nd1E00077,nd1N00006,"nd1I00015\,stdI00002",,Inside,614581,No,,No,No,No,Female,1989,White,
445062,nd7R28921,06139d309,10/26/10 12:31,nd1S06139,Left,Brown,No,nd1C00055,nd1T00039,nd1E00085,nd1N00048,"nd1I00022\,stdI00002",,Inside,673519,No,,No,No,No,Female,1989,White,
466114,,,1/27/11 12:26,nd1S06139,Left,Brown,No,,nd1T00050,nd1E00093,nd1N00048,"nd1I00022\,stdI00002",,Inside,709135,No,,No,No,No,Female,1989,White,
466120,nd1R673611,06139d468,1/27/11 12:26,nd1S06139,Left,Brown,No,nd1C00062,nd1T00054,nd1E00093,nd1N00059,"nd1I00026\,stdI00002",,Inside,709141,No,,No,No,No,Female,1989,White,
466127,nd1R673617,06139d474,1/27/11 12:26,nd1S06139,Left,Brown,No,nd1C00062,nd1T00049,nd1E00093,nd1N00049,"nd1I00023\,stdI00002",,Inside,709148,No,,No,No,No,Female,1989,White,
469701,nd1R676967,06139d481,2/9/11 11:04,nd1S06139,Left,Brown,No,nd1C00062,nd1T00054,nd1E00093,nd1N00059,"nd1I00026\,stdI00002",,Inside,723179,No,,No,No,No,Female,1989,White,
469713,nd1R676979,06139d493,2/9/11 11:04,nd1S06139,Left,Brown,No,nd1C00062,nd1T00053,nd1E00093,nd1N00059,"nd1I00026\,stdI00002",,Inside,723191,No,,No,No,No,Female,1989,White,
469714,nd1R676980,06139d494,2/9/11 11:04,nd1S06139,Left,Brown,No,nd1C00062,nd1T00053,nd1E00093,nd1N00059,"nd1I00026\,stdI00002",,Inside,723192,No,,No,No,No,Female,1989,White,
478475,nd1R685405,06139d526,2/9/11 11:04,nd1S06139,Left,Brown,No,nd1C00062,nd1T00051,nd1E00093,nd1N00020,"nd1I00028\,stdI00002",,Inside,731953,No,,No,No,No,Female,1989,White,
615648,nd1R983337,06181d478,10/27/11 14:43,nd1S06181,Right,Blue,No,nd1C00068,nd1T00053,nd1E00107,nd1N00073,"nd1I00036\,stdI00002",,Inside,1018450,No,,No,No,No,Male,1990,White,
618101,nd1R985042,06181d508,10/27/11 14:43,nd1S06181,Right,Blue,No,nd1C00068,nd1T00051,nd1E00107,nd1N00074,"nd1I00027\,stdI00002",,Inside,1020903,No,,No,No,No,Male,1990,White,
394646,,,2/11/10 13:35,nd1S06181,Right,Blue,No,,nd1T00002,nd1E00075,nd1N00006,"nd1I00015\,stdI00002",nd1I00013,Inside,559856,No,,No,No,No,Male,1990,White,
394649,,,2/11/10 13:35,nd1S06181,Right,Blue,No,,nd1T00002,nd1E00075,nd1N00006,"nd1I00015\,stdI00002",nd1I00013,Inside,559859,No,,No,No,No,Male,1990,White,
394657,,,2/11/10 13:35,nd1S06181,Right,Blue,No,,nd1T00002,nd1E00075,nd1N00006,"nd1I00017\,stdI00002",nd1I00013,Inside,559867,No,,No,No,No,Male,1990,White,
410397,nd6R66995,06181d49,3/18/10 15:42,nd1S06181,Right,Blue,No,nd1C00042,nd1T00002,nd1E00077,nd1N00006,"nd1I00017\,stdI00002",,Inside,592971,No,,No,No,No,Male,1990,White,
410398,nd6R66996,06181d50,3/18/10 15:42,nd1S06181,Right,Blue,No,nd1C00042,nd1T00002,nd1E00077,nd1N00006,"nd1I00015\,stdI00002",,Inside,592972,No,,No,No,No,Male,1990,White,
419073,nd6R75337,06181d80,4/15/10 16:28,nd1S06181,Right,Blue,No,nd1C00042,nd1T00002,nd1E00077,nd1N00006,"nd1I00015\,stdI00002",,Inside,608575,No,,No,No,No,Male,1990,White,
509072,nd1R799790,06181d246,3/10/11 14:49,nd1S06181,Right,Blue,No,nd1C00062,nd1T00051,nd1E00093,nd1N00020,"nd1I00027\,stdI00002",,Inside,801354,No,,No,No,No,Male,1990,White,
509944,nd1R831153,06181d251,3/10/11 14:49,nd1S06181,Right,Blue,No,nd1C00059,nd1T00051,nd1E00093,lg4000diff30,"nd1I00028\,stdI00002",,Inside,817527,No,,No,No,No,Male,1990,White,
564094,nd1R865472,06181d292,4/28/11 16:45,nd1S06181,Right,Blue,No,nd1C00062,nd1T00049,nd1E00101,nd1N00049,"nd1I00023\,stdI00002",,Inside,909679,No,,No,No,No,Male,1990,White,
564476,nd1R865854,06181d312,4/28/11 16:45,nd1S06181,Right,Blue,No,nd1C00062,nd1T00053,nd1E00101,nd1N00059,"nd1I00026\,stdI00002",,Inside,910061,No,,No,No,No,Male,1990,White,
577391,nd1R886493,06181d368,9/13/11 15:35,nd1S06181,Right,Blue,No,nd1C00068,nd1T00054,nd1E00107,nd1N00073,"nd1I00036\,stdI00002",,Inside,942293,No,,No,No,No,Male,1990,White,
396823,nd6R53537,06197d2,2/24/10 14:53,nd1S06197,Right,Blue,No,nd1C00042,nd1T00016,nd1E00077,nd1N00020,"nd1I00004\,stdI00002",,Inside,579397,Yes,Soft,No,No,No,Female,1987,White,"contacts-given\,contacts-soft-given"
400435,,,2/24/10 14:53,nd1S06197,Right,Blue,No,,nd1T00002,nd1E00077,nd1N00006,"nd1I00016\,stdI00002",,Inside,583009,Yes,Soft,No,No,No,Female,1987,White,"contacts-given\,contacts-soft-given"
400436,,,2/24/10 14:53,nd1S06197,Right,Blue,No,,nd1T00002,nd1E00077,nd1N00006,"nd1I00017\,stdI00002",,Inside,583010,Yes,Soft,No,No,No,Female,1987,White,"contacts-given\,contacts-soft-given"
400450,nd6R57141,06197d19,2/24/10 14:53,nd1S06197,Right,Blue,No,nd1C00042,nd1T00002,nd1E00077,nd1N00006,"nd1I00016\,stdI00002",,Inside,583024,Yes,Soft,No,No,No,Female,1987,White,"contacts-given\,contacts-soft-given"
400453,nd6R57144,06197d22,2/24/10 14:53,nd1S06197,Right,Blue,No,nd1C00042,nd1T00002,nd1E00077,nd1N00006,"nd1I00016\,stdI00002",,Inside,583027,Yes,Soft,No,No,No,Female,1987,White,"contacts-given\,contacts-soft-given"
400457,nd6R57148,06197d26,2/24/10 14:53,nd1S06197,Right,Blue,No,nd1C00042,nd1T00002,nd1E00077,nd1N00006,"nd1I00017\,stdI00002",,Inside,583031,Yes,Soft,No,No,No,Female,1987,White,"contacts-given\,contacts-soft-given"
403698,nd6R60357,06197d32,3/16/10 15:06,nd1S06197,Right,Blue,No,nd1C00042,nd1T00016,nd1E00077,nd1N00020,"nd1I00004\,stdI00002",,Inside,586272,Yes,Soft,No,No,No,Female,1987,White,"contacts-given\,contacts-soft-given"
411611,nd6R67946,06197d62,4/13/10 14:38,nd1S06197,Right,Blue,No,nd1C00042,nd1T00016,nd1E00077,nd1N00020,"nd1I00004\,stdI00002",,Inside,601113,Yes,Soft,No,No,No,Female,1987,White,"contacts-given\,contacts-soft-given"
414336,nd6R70656,06197d90,4/13/10 14:38,nd1S06197,Right,Blue,No,nd1C00042,nd1T00002,nd1E00077,nd1N00006,"nd1I00015\,stdI00002",,Inside,603838,Yes,Soft,No,No,No,Female,1987,White,"contacts-given\,contacts-soft-given"
419654,nd6R75916,06197d92,4/27/10 14:15,nd1S06197,Right,Blue,No,nd1C00042,nd1T00016,nd1E00077,nd1N00020,"nd1I00004\,stdI00002",,Inside,609156,Yes,Soft,No,No,No,Female,1987,White,"contacts-given\,contacts-soft-given"
422426,nd6R78397,06197d110,4/27/10 14:15,nd1S06197,Right,Blue,No,nd1C00042,nd1T00002,nd1E00077,nd1N00006,"nd1I00017\,stdI00002",,Inside,611928,Yes,Soft,No,No,No,Female,1987,White,"contacts-given\,contacts-soft-given"
397043,nd6R53755,06202d2,2/25/10 13:07,nd1S06202,Right,Brown,No,nd1C00042,nd1T00016,nd1E00077,nd1N00020,"nd1I00004\,stdI00002",,Inside,579617,Yes,Soft,Yes,No,Yes,Female,1990,White,"contacts-cosmetic-given\,contacts-given\,contacts-soft-given\,contacts-texture-given"
401410,nd6R58081,06202d31,2/25/10 13:07,nd1S06202,Right,Brown,No,nd1C00042,nd1T00002,nd1E00077,nd1N00006,"nd1I00016\,stdI00002",,Inside,583984,Yes,Soft,Yes,No,Yes,Female,1990,White,"contacts-cosmetic-given\,contacts-given\,contacts-soft-given\,contacts-texture-given"
401416,nd6R58087,06202d37,2/25/10 13:07,nd1S06202,Right,Brown,No,nd1C00042,nd1T00002,nd1E00077,nd1N00006,"nd1I00016\,stdI00002",,Inside,583990,Yes,Soft,Yes,No,Yes,Female,1990,White,"contacts-cosmetic-given\,contacts-given\,contacts-soft-given\,contacts-texture-given"
401421,nd6R58092,06202d42,2/25/10 13:07,nd1S06202,Right,Brown,No,nd1C00042,nd1T00002,nd1E00077,nd1N00006,"nd1I00015\,stdI00002",,Inside,583995,Yes,Soft,Yes,No,Yes,Female,1990,White,"contacts-cosmetic-given\,contacts-given\,contacts-soft-given\,contacts-texture-given"
401423,nd6R58094,06202d44,2/25/10 13:07,nd1S06202,Right,Brown,No,nd1C00042,nd1T00002,nd1E00077,nd1N00006,"nd1I00017\,stdI00002",,Inside,583997,Yes,Soft,Yes,No,Yes,Female,1990,White,"contacts-cosmetic-given\,contacts-given\,contacts-soft-given\,contacts-texture-given"
408477,nd6R65091,06202d67,3/17/10 15:07,nd1S06202,Right,Brown,No,nd1C00042,nd1T00002,nd1E00077,nd1N00006,"nd1I00017\,stdI00002",,Inside,591051,Yes,Soft,Yes,No,Yes,Female,1990,White,"contacts-cosmetic-given\,contacts-given\,contacts-soft-given\,contacts-texture-given"
408481,nd6R65095,06202d71,3/17/10 15:07,nd1S06202,Right,Brown,No,nd1C00042,nd1T00002,nd1E00077,nd1N00006,"nd1I00015\,stdI00002",,Inside,591055,Yes,Soft,Yes,No,Yes,Female,1990,White,"contacts-cosmetic-given\,contacts-given\,contacts-soft-given\,contacts-texture-given"
408485,,,3/17/10 15:07,nd1S06202,Right,Brown,No,,nd1T00002,nd1E00077,nd1N00006,"nd1I00016\,stdI00002",,Inside,591059,Yes,Soft,Yes,No,Yes,Female,1990,White,"contacts-cosmetic-given\,contacts-given\,contacts-soft-given\,contacts-texture-given"
408487,nd6R65100,06202d76,3/17/10 15:07,nd1S06202,Right,Brown,No,nd1C00042,nd1T00002,nd1E00077,nd1N00006,"nd1I00015\,stdI00002",,Inside,591061,Yes,Soft,Yes,No,Yes,Female,1990,White,"contacts-cosmetic-given\,contacts-given\,contacts-soft-given\,contacts-texture-given"
425370,nd6R81319,06202d97,4/28/10 15:26,nd1S06202,Right,Brown,No,nd1C00042,nd1T00002,nd1E00077,nd1N00006,"nd1I00015\,stdI00002",,Inside,614872,Yes,Soft,Yes,No,Yes,Female,1990,White,"contacts-cosmetic-given\,contacts-given\,contacts-soft-given\,contacts-texture-given"
425379,nd6R81328,06202d106,4/28/10 15:26,nd1S06202,Right,Brown,No,nd1C00042,nd1T00002,nd1E00077,nd1N00006,"nd1I00015\,stdI00002",,Inside,614881,Yes,Soft,Yes,No,Yes,Female,1990,White,"contacts-cosmetic-given\,contacts-given\,contacts-soft-given\,contacts-texture-given"
449448,nd1R636977,06202d175,11/9/10 14:23,nd1S06202,Right,Brown,No,nd1C00055,nd1T00016,nd1E00085,nd1N00020,"nd1I00020\,stdI00002",,Inside,682554,Yes,Soft,Yes,No,Yes,Female,1990,White,"contacts-cosmetic-given\,contacts-given\,contacts-soft-given\,contacts-texture-given"
449454,nd1R636983,06202d181,11/9/10 14:23,nd1S06202,Right,Brown,No,nd1C00055,nd1T00039,nd1E00085,nd1N00048,"nd1I00022\,stdI00002",,Inside,682560,Yes,Soft,Yes,No,Yes,Female,1990,White,"contacts-cosmetic-given\,contacts-given\,contacts-soft-given\,contacts-texture-given"
403393,nd6R60053,06217d1,3/16/10 12:34,nd1S06217,Left,Blue,No,nd1C00042,nd1T00016,nd1E00077,nd1N00020,"nd1I00004\,stdI00002",,Inside,585967,Yes,Soft,No,No,No,Female,1989,White,"contacts-given\,contacts-soft-given"
404993,,,3/16/10 12:34,nd1S06217,Left,Blue,No,,nd1T00002,nd1E00077,nd1N00006,"nd1I00016\,stdI00002",,Inside,587567,Yes,Soft,No,No,No,Female,1989,White,"contacts-given\,contacts-soft-given"
404994,nd6R61649,06217d7,3/16/10 12:34,nd1S06217,Left,Blue,No,nd1C00042,nd1T00002,nd1E00077,nd1N00006,"nd1I00017\,stdI00002",,Inside,587568,Yes,Soft,No,No,No,Female,1989,White,"contacts-given\,contacts-soft-given"
404998,nd6R61653,06217d11,3/16/10 12:34,nd1S06217,Left,Blue,No,nd1C00042,nd1T00002,nd1E00077,nd1N00006,"nd1I00015\,stdI00002",,Inside,587572,Yes,Soft,No,No,No,Female,1989,White,"contacts-given\,contacts-soft-given"
405000,nd6R61655,06217d13,3/16/10 12:34,nd1S06217,Left,Blue,No,nd1C00042,nd1T00002,nd1E00077,nd1N00006,"nd1I00017\,stdI00002",,Inside,587574,Yes,Soft,No,No,No,Female,1989,White,"contacts-given\,contacts-soft-given"
405001,nd6R61656,06217d14,3/16/10 12:34,nd1S06217,Left,Blue,No,nd1C00042,nd1T00002,nd1E00077,nd1N00006,"nd1I00015\,stdI00002",,Inside,587575,Yes,Soft,No,No,No,Female,1989,White,"contacts-given\,contacts-soft-given"
497235,nd1R789097,06217d213,3/8/11 13:39,nd1S06217,Left,Blue,No,nd1C00062,nd1T00054,nd1E00093,nd1N00059,"nd1I00026\,stdI00002",,Inside,789459,Yes,Soft,No,No,No,Female,1989,White,
497245,nd1R789107,06217d223,3/8/11 13:39,nd1S06217,Left,Blue,No,nd1C00062,nd1T00053,nd1E00093,nd1N00059,"nd1I00026\,stdI00002",,Inside,789469,Yes,Soft,No,No,No,Female,1989,White,
501050,nd1R792902,06217d233,3/8/11 13:39,nd1S06217,Left,Blue,No,nd1C00062,nd1T00049,nd1E00093,nd1N00049,"nd1I00023\,stdI00002",,Inside,793332,Yes,Soft,No,No,No,Female,1989,White,
502136,nd1R793988,06217d240,3/8/11 13:39,nd1S06217,Left,Blue,No,nd1C00062,nd1T00050,nd1E00093,nd1N00048,"nd1I00022\,stdI00002",,Inside,794418,Yes,Soft,No,No,No,Female,1989,White,
502142,nd1R793994,06217d244,3/8/11 13:39,nd1S06217,Left,Blue,No,nd1C00062,nd1T00050,nd1E00093,nd1N00048,"nd1I00022\,stdI00002",,Inside,794424,Yes,Soft,No,No,No,Female,1989,White,
506040,nd1R797880,06217d247,3/8/11 13:39,nd1S06217,Left,Blue,No,nd1C00062,nd1T00051,nd1E00093,nd1N00020,"nd1I00028\,stdI00002",,Inside,798322,Yes,Soft,No,No,No,Female,1989,White,
506043,nd1R797883,06217d250,3/8/11 13:39,nd1S06217,Left,Blue,No,nd1C00062,nd1T00051,nd1E00093,nd1N00020,"nd1I00027\,stdI00002",,Inside,798325,Yes,Soft,No,No,No,Female,1989,White,
507083,nd1R829823,06217d338,3/8/11 13:39,nd1S06217,Left,Blue,No,nd1C00059,nd1T00051,nd1E00093,lg4000diff30,"nd1I00028\,stdI00002",,Inside,799365,Yes,Soft,No,No,No,Female,1989,White,
510133,nd1R800119,06217d255,3/22/11 12:00,nd1S06217,Left,Blue,No,nd1C00062,nd1T00054,nd1E00093,nd1N00059,"nd1I00026\,stdI00002",,Inside,817716,Yes,Soft,No,No,No,Female,1989,White,
510135,nd1R800121,06217d257,3/22/11 12:00,nd1S06217,Left,Blue,No,nd1C00062,nd1T00054,nd1E00093,nd1N00059,"nd1I00026\,stdI00002",,Inside,817718,Yes,Soft,No,No,No,Female,1989,White,
510143,nd1R800129,06217d265,3/22/11 12:00,nd1S06217,Left,Blue,No,nd1C00062,nd1T00053,nd1E00093,nd1N00059,"nd1I00026\,stdI00002",,Inside,817726,Yes,Soft,No,No,No,Female,1989,White,
539700,,,4/13/11 14:22,nd1S06217,Left,Blue,No,,nd1T00050,nd1E00101,nd1N00048,"nd1I00022\,stdI00002",,Inside,863884,Yes,Soft,No,No,No,Female,1989,White,
539704,nd1R821225,06217d327,4/13/11 14:22,nd1S06217,Left,Blue,No,nd1C00062,nd1T00050,nd1E00101,nd1N00048,"nd1I00022\,stdI00002",,Inside,863888,Yes,Soft,No,No,No,Female,1989,White,
542687,nd1R822794,06217d329,4/13/11 14:22,nd1S06217,Left,Blue,No,nd1C00062,nd1T00051,nd1E00101,nd1N00020,"nd1I00027\,stdI00002",,Inside,866871,Yes,Soft,No,No,No,Female,1989,White,
549908,,,4/26/11 11:12,nd1S06217,Left,Blue,No,,nd1T00054,nd1E00101,nd1N00059,"nd1I00026\,stdI00002",,Inside,895493,Yes,Soft,No,No,No,Female,1989,White,
549909,nd1R853199,06217d404,4/26/11 11:12,nd1S06217,Left,Blue,No,nd1C00062,nd1T00054,nd1E00101,nd1N00059,"nd1I00026\,stdI00002",,Inside,895494,Yes,Soft,No,No,No,Female,1989,White,
555149,nd1R867975,06217d452,4/26/11 11:12,nd1S06217,Left,Blue,No,nd1C00059,nd1T00051,nd1E00101,lg4000diff25,"nd1I00028\,stdI00002",,Inside,900734,Yes,Soft,No,No,No,Female,1989,White,
403608,nd6R60267,06221d2,3/16/10 14:16,nd1S06221,Right,Hazel,No,nd1C00042,nd1T00016,nd1E00077,nd1N00020,"nd1I00004\,stdI00002",,Inside,586182,No,,No,No,No,Female,1990,White,
403610,nd6R60269,06221d4,3/16/10 14:16,nd1S06221,Right,Hazel,No,nd1C00042,nd1T00016,nd1E00077,nd1N00020,"nd1I00004\,stdI00002",,Inside,586184,No,,No,No,No,Female,1990,White,
405911,nd6R62547,06221d22,3/16/10 14:16,nd1S06221,Right,Hazel,No,nd1C00042,nd1T00002,nd1E00077,nd1N00006,"nd1I00016\,stdI00002",,Inside,588485,No,,No,No,No,Female,1990,White,
405912,nd6R62548,06221d23,3/16/10 14:16,nd1S06221,Right,Hazel,No,nd1C00042,nd1T00002,nd1E00077,nd1N00006,"nd1I00017\,stdI00002",,Inside,588486,No,,No,No,No,Female,1990,White,off-axis
405916,nd6R62552,06221d27,3/16/10 14:16,nd1S06221,Right,Hazel,No,nd1C00042,nd1T00002,nd1E00077,nd1N00006,"nd1I00015\,stdI00002",,Inside,588490,No,,No,No,No,Female,1990,White,
405917,nd6R62553,06221d28,3/16/10 14:16,nd1S06221,Right,Hazel,No,nd1C00042,nd1T00002,nd1E00077,nd1N00006,"nd1I00016\,stdI00002",,Inside,588491,No,,No,No,No,Female,1990,White,off-axis
405921,nd6R62557,06221d32,3/16/10 14:16,nd1S06221,Right,Hazel,No,nd1C00042,nd1T00002,nd1E00077,nd1N00006,"nd1I00017\,stdI00002",,Inside,588495,No,,No,No,No,Female,1990,White,
405922,nd6R62558,06221d33,3/16/10 14:16,nd1S06221,Right,Hazel,No,nd1C00042,nd1T00002,nd1E00077,nd1N00006,"nd1I00015\,stdI00002",,Inside,588496,No,,No,No,No,Female,1990,White,
405923,nd6R62559,06221d34,3/16/10 14:16,nd1S06221,Right,Hazel,No,nd1C00042,nd1T00002,nd1E00077,nd1N00006,"nd1I00016\,stdI00002",,Inside,588497,No,,No,No,No,Female,1990,White,off-axis
412433,nd6R68764,06221d38,4/15/10 14:02,nd1S06221,Right,Hazel,No,nd1C00042,nd1T00016,nd1E00077,nd1N00020,"nd1I00004\,stdI00002",,Inside,601935,No,,No,No,No,Female,1990,White,
412435,nd6R68766,06221d40,4/15/10 14:02,nd1S06221,Right,Hazel,No,nd1C00042,nd1T00016,nd1E00077,nd1N00020,"nd1I00004\,stdI00002",,Inside,601937,No,,No,No,No,Female,1990,White,
417837,nd6R74120,06221d57,4/15/10 14:02,nd1S06221,Right,Hazel,No,nd1C00042,nd1T00002,nd1E00077,nd1N00006,"nd1I00015\,stdI00002",,Inside,607339,No,,No,No,No,Female,1990,White,
417846,nd6R74129,06221d66,4/15/10 14:02,nd1S06221,Right,Hazel,No,nd1C00042,nd1T00002,nd1E00077,nd1N00006,"nd1I00015\,stdI00002",,Inside,607348,No,,No,No,No,Female,1990,White,
445910,nd7R29735,06221d123,10/26/10 15:25,nd1S06221,Right,Hazel,No,nd1C00055,nd1T00016,nd1E00085,nd1N00020,"nd1I00020\,stdI00002",,Inside,674367,No,,No,No,No,Female,1990,White,
445924,nd7R29747,06221d135,10/26/10 15:25,nd1S06221,Right,Hazel,No,nd1C00055,nd1T00040,nd1E00085,nd1N00049,"nd1I00023\,stdI00002",,Inside,674381,No,,No,No,No,Female,1990,White,
445926,nd7R29749,06221d137,10/26/10 15:25,nd1S06221,Right,Hazel,No,nd1C00055,nd1T00040,nd1E00085,nd1N00049,"nd1I00023\,stdI00002",,Inside,674383,No,,No,No,No,Female,1990,White,
445934,nd1R1145123,06221d1501,10/26/10 15:31,nd1S06221,Right,Hazel,No,nd1C00055,nd1T00039,nd1E00085,nd1N00048,"nd1I00022\,stdI00002",,Inside,674391,No,,No,No,No,Female,1990,White,
491260,nd1R714058,06221d383,2/24/11 12:27,nd1S06221,Right,Hazel,No,nd1C00062,nd1T00054,nd1E00093,nd1N00059,"nd1I00026\,stdI00002",,Inside,764324,No,,No,No,No,Female,1990,White,
491269,nd1R714067,06221d392,2/24/11 12:27,nd1S06221,Right,Hazel,No,nd1C00062,nd1T00053,nd1E00093,nd1N00059,"nd1I00026\,stdI00002",,Inside,764333,No,,No,No,No,Female,1990,White,
607438,nd1R978513,06245d817,10/25/11 15:36,nd1S06245,Left,Hazel,No,nd1C00068,nd1T00049,nd1E00107,nd1N00077,"nd1I00023\,stdI00002",,Inside,1010240,No,,No,No,No,Female,1990,Unknown,
608029,nd1R978874,06245d822,10/25/11 15:36,nd1S06245,Left,Hazel,No,nd1C00068,nd1T00050,nd1E00107,nd1N00048,"nd1I00022\,stdI00002",,Inside,1010831,No,,No,No,No,Female,1990,Unknown,
610222,nd1R980072,06245d851,10/25/11 15:36,nd1S06245,Left,Hazel,No,nd1C00068,nd1T00053,nd1E00107,nd1N00073,"nd1I00036\,stdI00002",,Inside,1013024,No,,No,No,No,Female,1990,Unknown,
618693,nd1R985456,06245d870,11/8/11 11:52,nd1S06245,Left,Hazel,No,nd1C00068,nd1T00053,nd1E00107,nd1N00073,"nd1I00036\,stdI00002",,Inside,1033107,No,,No,No,No,Female,1990,Unknown,
621008,nd1R987765,06245d881,11/8/11 11:52,nd1S06245,Left,Hazel,No,nd1C00068,nd1T00049,nd1E00107,nd1N00079,"nd1I00023\,stdI00002",,Inside,1035422,No,,No,No,No,Female,1990,Unknown,
638717,nd1R1003622,06245d908,2/9/12 15:53,nd1S06245,Left,Hazel,No,nd1C00072,nd1T00054,nd1E00107,nd1N00073,"nd1I00036\,stdI00002",,Inside,1064607,No,,No,No,No,Female,1990,Unknown,
638723,nd1R1003628,06245d914,2/9/12 15:53,nd1S06245,Left,Hazel,No,nd1C00072,nd1T00053,nd1E00107,nd1N00073,"nd1I00036\,stdI00002",,Inside,1064613,No,,No,No,No,Female,1990,Unknown,
639653,nd1R1004348,06245d923,2/9/12 15:53,nd1S06245,Left,Hazel,No,nd1C00072,nd1T00049,nd1E00107,nd1N00079,"nd1I00023\,stdI00002",,Inside,1065543,No,,No,No,No,Female,1990,Unknown,
640368,nd1R1004894,06245d934,2/9/12 15:53,nd1S06245,Left,Hazel,No,nd1C00072,nd1T00050,nd1E00107,nd1N00048,"nd1I00022\,stdI00002",,Inside,1066258,No,,No,No,No,Female,1990,Unknown,
665776,nd1R1066819,06245d988,3/27/12 15:22,nd1S06245,Left,Hazel,No,nd1C00072,nd1T00050,nd1E00107,nd1N00048,"nd1I00022\,stdI00002",,Inside,1127068,No,,No,No,No,Female,1990,Unknown,
666751,nd1R1067789,06245d999,3/27/12 15:22,nd1S06245,Left,Hazel,No,nd1C00072,nd1T00051,nd1E00107,nd1N00074,"nd1I00028\,stdI00002",,Inside,1128043,No,,No,No,No,Female,1990,Unknown,
667781,nd1R1068814,06245d1009,3/27/12 15:22,nd1S06245,Left,Hazel,No,nd1C00072,nd1T00054,nd1E00107,nd1N00073,"nd1I00036\,stdI00002",,Inside,1129073,No,,No,No,No,Female,1990,Unknown,
667789,,,3/27/12 15:22,nd1S06245,Left,Hazel,No,,nd1T00053,nd1E00107,nd1N00073,"nd1I00036\,stdI00002",,Inside,1129081,No,,No,No,No,Female,1990,Unknown,
411450,nd6R67786,06245d1,4/13/10 13:38,nd1S06245,Left,Hazel,No,nd1C00042,nd1T00016,nd1E00077,nd1N00020,"nd1I00004\,stdI00002",,Inside,600952,No,,No,No,No,Female,1990,Unknown,
413647,nd6R69973,06245d7,4/13/10 13:38,nd1S06245,Left,Hazel,No,nd1C00042,nd1T00002,nd1E00077,nd1N00006,"nd1I00016\,stdI00002",,Inside,603149,No,,No,No,No,Female,1990,Unknown,
421543,nd6R77525,06245d43,4/27/10 13:11,nd1S06245,Left,Hazel,No,nd1C00042,nd1T00002,nd1E00077,nd1N00006,"nd1I00016\,stdI00002",,Inside,611045,No,,No,No,No,Female,1990,Unknown,
445126,nd7R28985,06245d114,10/26/10 12:39,nd1S06245,Left,Hazel,No,nd1C00055,nd1T00040,nd1E00085,nd1N00049,"nd1I00023\,stdI00002",,Inside,673583,No,,No,No,No,Female,1990,Unknown,
445129,nd7R28988,06245d117,10/26/10 12:39,nd1S06245,Left,Hazel,No,nd1C00055,nd1T00040,nd1E00085,nd1N00049,"nd1I00023\,stdI00002",,Inside,673586,No,,No,No,No,Female,1990,Unknown,
452539,nd1R645827,06245d155,11/30/10 12:33,nd1S06245,Left,Hazel,No,nd1C00055,nd1T00050,nd1E00090,nd1N00048,"nd1I00022\,stdI00002",,Inside,693376,No,,No,No,No,Female,1990,Unknown,
474596,,,2/8/11 14:49,nd1S06245,Left,Hazel,No,,nd1T00050,nd1E00093,nd1N00048,"nd1I00022\,stdI00002",,Inside,728074,No,,No,No,No,Female,1990,Unknown,
511006,nd1R800988,06245d368,3/22/11 12:00,nd1S06245,Left,Hazel,No,nd1C00062,nd1T00053,nd1E00093,nd1N00059,"nd1I00026\,stdI00002",,Inside,818589,No,,No,No,No,Female,1990,Unknown,
518429,nd1R808394,06245d389,3/22/11 12:00,nd1S06245,Left,Hazel,No,nd1C00062,nd1T00051,nd1E00093,nd1N00020,"nd1I00028\,stdI00002",,Inside,826012,No,,No,No,No,Female,1990,Unknown,
539938,nd1R821429,06245d428,4/13/11 16:08,nd1S06245,Left,Hazel,No,nd1C00062,nd1T00050,nd1E00101,nd1N00048,"nd1I00022\,stdI00002",,Inside,864122,No,,No,No,No,Female,1990,Unknown,
542997,nd1R823068,06245d434,4/13/11 16:08,nd1S06245,Left,Hazel,No,nd1C00062,nd1T00051,nd1E00101,nd1N00020,"nd1I00027\,stdI00002",,Inside,867181,No,,No,No,No,Female,1990,Unknown,
550892,nd1R854181,06245d505,4/26/11 13:22,nd1S06245,Left,Hazel,No,nd1C00062,nd1T00053,nd1E00101,nd1N00059,"nd1I00026\,stdI00002",,Inside,896477,No,,No,No,No,Female,1990,Unknown,
551950,nd1R855237,06245d511,4/26/11 13:22,nd1S06245,Left,Hazel,No,nd1C00062,nd1T00049,nd1E00101,nd1N00049,"nd1I00023\,stdI00002",,Inside,897535,No,,No,No,No,Female,1990,Unknown,
555604,nd1R868390,06245d540,4/26/11 13:22,nd1S06245,Left,Hazel,No,nd1C00059,nd1T00051,nd1E00101,lg4000diff25,"nd1I00028\,stdI00002",,Inside,901189,No,,No,No,No,Female,1990,Unknown,
595489,,,9/29/11 15:20,nd1S06245,Left,Hazel,No,,nd1T00051,nd1E00107,nd1N00074,"nd1I00027\,stdI00002",,Inside,973740,No,,No,No,No,Female,1990,Unknown,
599368,nd1R939343,06245d697,10/11/11 14:57,nd1S06245,Left,Hazel,No,nd1C00068,nd1T00054,nd1E00107,nd1N00073,"nd1I00036\,stdI00002",,Inside,990703,No,,No,No,No,Female,1990,Unknown,
618880,nd1R985643,06300d826,11/8/11 12:20,nd1S06300,Left,Blue,No,nd1C00068,nd1T00053,nd1E00107,nd1N00073,"nd1I00036\,stdI00002",,Inside,1033294,Yes,Hard,No,No,No,Female,1989,White,
621899,nd1R988655,06300d843,11/8/11 12:20,nd1S06300,Left,Blue,No,nd1C00068,nd1T00050,nd1E00107,nd1N00048,"nd1I00022\,stdI00002",,Inside,1036313,Yes,Hard,No,No,No,Female,1989,White,
649360,nd1R1027792,06300d873,2/23/12 14:36,nd1S06300,Left,Blue,No,nd1C00072,nd1T00053,nd1E00107,nd1N00073,"nd1I00036\,stdI00002",,Inside,1088591,Yes,Hard,No,No,No,Female,1989,White,
419437,nd6R75699,06300d1,4/27/10 13:10,nd1S06300,Left,Blue,No,nd1C00042,nd1T00016,nd1E00077,nd1N00020,"nd1I00004\,stdI00002",,Inside,608939,Yes,Hard,No,No,No,Female,1989,White,"contacts-hard-given\,contacts-given"
421513,nd6R77495,06300d7,4/27/10 13:10,nd1S06300,Left,Blue,No,nd1C00042,nd1T00002,nd1E00077,nd1N00006,"nd1I00016\,stdI00002",,Inside,611015,Yes,Hard,No,No,No,Female,1989,White,"contacts-hard-given\,contacts-given"
421518,nd6R77500,06300d12,4/27/10 13:10,nd1S06300,Left,Blue,No,nd1C00042,nd1T00002,nd1E00077,nd1N00006,"nd1I00015\,stdI00002",,Inside,611020,Yes,Hard,No,No,No,Female,1989,White,"contacts-hard-given\,contacts-given"
445106,nd7R28965,06300d57,10/26/10 12:38,nd1S06300,Left,Blue,No,nd1C00055,nd1T00040,nd1E00085,nd1N00049,"nd1I00023\,stdI00002",,Inside,673563,Yes,Hard,No,No,No,Female,1989,White,"contacts-hard-given\,contacts-given"
463221,nd1R670909,06300d163,1/26/11 11:42,nd1S06300,Left,Blue,No,nd1C00062,nd1T00050,nd1E00093,nd1N00048,"nd1I00022\,stdI00002",,Inside,706242,No,,No,No,No,Female,1989,White,
463227,nd1R670915,06300d169,1/26/11 11:42,nd1S06300,Left,Blue,No,nd1C00062,nd1T00053,nd1E00093,nd1N00059,"nd1I00026\,stdI00002",,Inside,706248,No,,No,No,No,Female,1989,White,
463228,nd1R670916,06300d170,1/26/11 11:42,nd1S06300,Left,Blue,No,nd1C00062,nd1T00056,nd1E00093,nd1N00059,"nd1I00026\,stdI00002",,Inside,706249,No,,No,No,No,Female,1989,White,
463235,nd1R670923,06300d177,1/26/11 11:42,nd1S06300,Left,Blue,No,nd1C00062,nd1T00049,nd1E00093,nd1N00049,"nd1I00023\,stdI00002",,Inside,706256,No,,No,No,No,Female,1989,White,
468828,nd1R676166,06300d188,2/8/11 13:36,nd1S06300,Left,Blue,No,nd1C00062,nd1T00054,nd1E00093,nd1N00059,"nd1I00026\,stdI00002",,Inside,722306,No,,No,No,No,Female,1989,White,
468829,nd1R676167,06300d189,2/8/11 13:36,nd1S06300,Left,Blue,No,nd1C00062,nd1T00054,nd1E00093,nd1N00059,"nd1I00026\,stdI00002",,Inside,722307,No,,No,No,No,Female,1989,White,
468836,nd1R676174,06300d196,2/8/11 13:36,nd1S06300,Left,Blue,No,nd1C00062,nd1T00053,nd1E00093,nd1N00059,"nd1I00026\,stdI00002",,Inside,722314,No,,No,No,No,Female,1989,White,
468837,nd1R676175,06300d197,2/8/11 13:36,nd1S06300,Left,Blue,No,nd1C00062,nd1T00053,nd1E00093,nd1N00059,"nd1I00026\,stdI00002",,Inside,722315,No,,No,No,No,Female,1989,White,
473595,nd1R682431,06300d217,2/8/11 13:36,nd1S06300,Left,Blue,No,nd1C00062,nd1T00049,nd1E00093,nd1N00049,"nd1I00023\,stdI00002",,Inside,727073,No,,No,No,No,Female,1989,White,
474468,,,2/8/11 13:36,nd1S06300,Left,Blue,No,,nd1T00050,nd1E00093,nd1N00048,"nd1I00022\,stdI00002",,Inside,727946,No,,No,No,No,Female,1989,White,
474470,nd1R680382,06300d206,2/8/11 13:36,nd1S06300,Left,Blue,No,nd1C00062,nd1T00050,nd1E00093,nd1N00048,"nd1I00022\,stdI00002",,Inside,727948,No,,No,No,No,Female,1989,White,
477933,nd1R684863,06300d223,2/8/11 13:36,nd1S06300,Left,Blue,No,nd1C00062,nd1T00051,nd1E00093,nd1N00020,"nd1I00028\,stdI00002",,Inside,731411,No,,No,No,No,Female,1989,White,
499413,nd1R791268,06300d438,3/9/11 14:16,nd1S06300,Left,Blue,No,nd1C00062,nd1T00054,nd1E00093,nd1N00059,"nd1I00026\,stdI00002",,Inside,791637,Yes,Hard,No,No,No,Female,1989,White,
499425,nd1R791280,06300d450,3/9/11 14:16,nd1S06300,Left,Blue,No,nd1C00062,nd1T00053,nd1E00093,nd1N00059,"nd1I00026\,stdI00002",,Inside,791649,Yes,Hard,No,No,No,Female,1989,White,
499426,nd1R791281,06300d451,3/9/11 14:16,nd1S06300,Left,Blue,No,nd1C00062,nd1T00053,nd1E00093,nd1N00059,"nd1I00026\,stdI00002",,Inside,791650,Yes,Hard,No,No,No,Female,1989,White,
523463,nd1R832599,06300d559,3/24/11 15:01,nd1S06300,Left,Blue,No,nd1C00059,nd1T00051,nd1E00093,lg4000diff20,"nd1I00028\,stdI00002",,Inside,831046,Yes,Hard,No,No,No,Female,1989,White,
524318,,,3/24/11 15:01,nd1S06300,Left,Blue,No,,nd1T00053,nd1E00093,nd1N00059,"nd1I00026\,stdI00002",,Inside,831901,Yes,Hard,No,No,No,Female,1989,White,
524319,nd1R812574,06300d503,3/24/11 15:01,nd1S06300,Left,Blue,No,nd1C00062,nd1T00053,nd1E00093,nd1N00059,"nd1I00026\,stdI00002",,Inside,831902,Yes,Hard,No,No,No,Female,1989,White,
550938,nd1R854227,06300d614,4/26/11 13:29,nd1S06300,Left,Blue,No,nd1C00062,nd1T00054,nd1E00101,nd1N00059,"nd1I00026\,stdI00002",,Inside,896523,Yes,Hard,No,No,No,Female,1989,White,
550951,,,4/26/11 13:29,nd1S06300,Left,Blue,No,,nd1T00053,nd1E00101,nd1N00059,"nd1I00026\,stdI00002",,Inside,896536,Yes,Hard,No,No,No,Female,1989,White,
577913,nd1R886933,06300d674,9/15/11 12:18,nd1S06300,Left,Blue,No,nd1C00068,nd1T00054,nd1E00107,nd1N00073,"nd1I00036\,stdI00002",,Inside,942815,Yes,Hard,No,No,No,Female,1989,White,
607025,nd1R978101,06344d989,10/27/11 11:35,nd1S06344,Left,Blue,No,nd1C00068,nd1T00049,nd1E00107,nd1N00077,"nd1I00023\,stdI00002",,Inside,1009827,No,,No,No,No,Female,1961,White,
621076,nd1R987833,06344d1036,11/10/11 11:36,nd1S06344,Left,Blue,No,nd1C00068,nd1T00049,nd1E00107,nd1N00079,"nd1I00023\,stdI00002",,Inside,1035490,No,,No,No,No,Female,1961,White,
627652,,,11/10/11 11:36,nd1S06344,Left,Blue,No,,nd1T00051,nd1E00107,nd1N00074,"nd1I00027\,stdI00002",,Inside,1042066,No,,No,No,No,Female,1961,White,
638848,nd1R1003734,06344d1105,2/9/12 11:32,nd1S06344,Left,Blue,No,nd1C00072,nd1T00049,nd1E00107,nd1N00079,"nd1I00023\,stdI00002",,Inside,1064738,No,,No,No,No,Female,1961,White,
651650,nd1R1030073,06344d1192,2/23/12 11:31,nd1S06344,Left,Blue,No,nd1C00072,nd1T00051,nd1E00107,nd1N00074,"nd1I00028\,stdI00002",,Inside,1090881,No,,No,No,No,Female,1961,White,
658921,nd1R1048372,06344d1224,3/8/12 11:31,nd1S06344,Left,Blue,No,nd1C00072,nd1T00049,nd1E00107,nd1N00079,"nd1I00023\,stdI00002",,Inside,1108667,No,,No,No,No,Female,1961,White,
661262,nd1R1050709,06344d1249,3/8/12 11:31,nd1S06344,Left,Blue,No,nd1C00072,nd1T00053,nd1E00107,nd1N00073,"nd1I00036\,stdI00002",,Inside,1111008,No,,No,No,No,Female,1961,White,
662454,nd1R1051899,06344d1266,3/8/12 11:31,nd1S06344,Left,Blue,No,nd1C00072,nd1T00051,nd1E00107,nd1N00074,"nd1I00028\,stdI00002",,Inside,1112200,No,,No,No,No,Female,1961,White,
672067,nd1R1073073,06344d1356,3/29/12 11:30,nd1S06344,Left,Blue,No,nd1C00072,nd1T00053,nd1E00107,nd1N00073,"nd1I00036\,stdI00002",,Inside,1133359,No,,No,No,No,Female,1961,White,
447558,nd7R31333,06344d3,10/28/10 11:33,nd1S06344,Left,Blue,No,nd1C00055,nd1T00016,nd1E00085,nd1N00020,"nd1I00020\,stdI00002",,Inside,676015,No,,No,No,No,Female,1961,White,
447562,nd7R31337,06344d7,10/28/10 11:33,nd1S06344,Left,Blue,No,nd1C00055,nd1T00039,nd1E00085,nd1N00048,"nd1I00022\,stdI00002",,Inside,676019,No,,No,No,No,Female,1961,White,
447568,nd7R31343,06344d13,10/28/10 11:33,nd1S06344,Left,Blue,No,nd1C00055,nd1T00040,nd1E00085,nd1N00049,"nd1I00023\,stdI00002",,Inside,676025,No,,No,No,No,Female,1961,White,
451111,nd1R638637,06344d39,11/11/10 11:09,nd1S06344,Left,Blue,No,nd1C00055,nd1T00016,nd1E00085,nd1N00020,"nd1I00020\,stdI00002",,Inside,684217,No,,No,No,No,Female,1961,White,
451121,nd1R638647,06344d49,11/11/10 11:09,nd1S06344,Left,Blue,No,nd1C00055,nd1T00039,nd1E00085,nd1N00048,"nd1I00022\,stdI00002",,Inside,684227,No,,No,No,No,Female,1961,White,
452139,nd1R645427,06344d86,11/30/10 11:25,nd1S06344,Left,Blue,No,nd1C00055,nd1T00049,nd1E00090,nd1N00049,"nd1I00023\,stdI00002",,Inside,692976,No,,No,No,No,Female,1961,White,
459325,nd1R658641,06344d114,11/30/10 11:25,nd1S06344,Left,Blue,No,nd1C00059,nd1T00052,nd1E00090,lg4000diff25,"nd1I00024\,stdI00002",,Inside,700720,No,,No,No,No,Female,1961,White,
462892,nd1R670580,06344d163,1/26/11 11:04,nd1S06344,Left,Blue,No,nd1C00062,nd1T00053,nd1E00093,nd1N00059,"nd1I00026\,stdI00002",,Inside,705913,No,,No,No,No,Female,1961,White,
480155,nd1R704265,06344d177,2/22/11 11:07,nd1S06344,Left,Blue,No,nd1C00062,nd1T00051,nd1E00093,nd1N00020,"nd1I00027\,stdI00002",,Inside,753219,No,,No,No,No,Female,1961,White,
486349,nd1R709221,06344d200,2/22/11 11:07,nd1S06344,Left,Blue,No,nd1C00062,nd1T00054,nd1E00093,nd1N00059,"nd1I00026\,stdI00002",,Inside,759413,No,,No,No,No,Female,1961,White,
486359,nd1R709231,06344d210,2/22/11 11:07,nd1S06344,Left,Blue,No,nd1C00062,nd1T00053,nd1E00093,nd1N00059,"nd1I00026\,stdI00002",,Inside,759423,No,,No,No,No,Female,1961,White,
496353,nd1R788229,06344d445,3/8/11 11:11,nd1S06344,Left,Blue,No,nd1C00062,nd1T00054,nd1E00093,nd1N00059,"nd1I00026\,stdI00002",,Inside,788577,No,,No,No,No,Female,1961,White,
496364,nd1R788218,06344d434,3/8/11 11:11,nd1S06344,Left,Blue,No,nd1C00062,nd1T00053,nd1E00093,nd1N00059,"nd1I00026\,stdI00002",,Inside,788588,No,,No,No,No,Female,1961,White,
500594,nd1R792446,06344d449,3/8/11 11:11,nd1S06344,Left,Blue,No,nd1C00062,nd1T00049,nd1E00093,nd1N00049,"nd1I00023\,stdI00002",,Inside,792876,No,,No,No,No,Female,1961,White,
506770,nd1R829510,06344d563,3/8/11 11:11,nd1S06344,Left,Blue,No,nd1C00059,nd1T00051,nd1E00093,lg4000diff30,"nd1I00027\,stdI00002",,Inside,799052,No,,No,No,No,Female,1961,White,
520170,nd1R810134,06344d483,3/24/11 11:05,nd1S06344,Left,Blue,No,nd1C00062,nd1T00054,nd1E00093,nd1N00059,"nd1I00026\,stdI00002",,Inside,827753,No,,No,No,No,Female,1961,White,
580258,nd1R889170,06344d743,9/15/11 11:34,nd1S06344,Left,Blue,No,nd1C00068,nd1T00051,nd1E00107,nd1N00074,"nd1I00028\,stdI00002",,Inside,945160,No,,No,No,No,Female,1961,White,
586356,nd1R906763,06344d799,9/29/11 11:37,nd1S06344,Left,Blue,No,nd1C00068,nd1T00049,nd1E00107,nd1N00077,"nd1I00023\,stdI00002",,Inside,964607,No,,No,No,No,Female,1961,White,
490598,nd1R713399,06345d275,2/23/11 16:47,nd1S06345,Left,Green,No,nd1C00062,nd1T00053,nd1E00093,nd1N00059,"nd1I00026\,stdI00002",,Inside,763662,No,,No,No,No,Male,1987,Black-African-American-or-Negro,
490599,nd1R713400,06345d276,2/23/11 16:47,nd1S06345,Left,Green,No,nd1C00062,nd1T00053,nd1E00093,nd1N00059,"nd1I00026\,stdI00002",,Inside,763663,No,,No,No,No,Male,1987,Black-African-American-or-Negro,
490600,nd1R713401,06345d277,2/23/11 16:47,nd1S06345,Left,Green,No,nd1C00062,nd1T00053,nd1E00093,nd1N00059,"nd1I00026\,stdI00002",,Inside,763664,No,,No,No,No,Male,1987,Black-African-American-or-Negro,
498464,nd1R790321,06345d503,3/8/11 16:26,nd1S06345,Left,Green,No,nd1C00062,nd1T00054,nd1E00093,nd1N00059,"nd1I00026\,stdI00002",,Inside,790688,No,,No,No,No,Male,1987,Black-African-American-or-Negro,
498465,nd1R790322,06345d504,3/8/11 16:26,nd1S06345,Left,Green,No,nd1C00062,nd1T00054,nd1E00093,nd1N00059,"nd1I00026\,stdI00002",,Inside,790689,No,,No,No,No,Male,1987,Black-African-American-or-Negro,
498466,nd1R790323,06345d505,3/8/11 16:26,nd1S06345,Left,Green,No,nd1C00062,nd1T00054,nd1E00093,nd1N00059,"nd1I00026\,stdI00002",,Inside,790690,No,,No,No,No,Male,1987,Black-African-American-or-Negro,
498467,nd1R790324,06345d506,3/8/11 16:26,nd1S06345,Left,Green,No,nd1C00062,nd1T00054,nd1E00093,nd1N00059,"nd1I00026\,stdI00002",,Inside,790691,No,,No,No,No,Male,1987,Black-African-American-or-Negro,
498468,nd1R790325,06345d507,3/8/11 16:26,nd1S06345,Left,Green,No,nd1C00062,nd1T00054,nd1E00093,nd1N00059,"nd1I00026\,stdI00002",,Inside,790692,No,,No,No,No,Male,1987,Black-African-American-or-Negro,
498474,nd1R790331,06345d513,3/8/11 16:26,nd1S06345,Left,Green,No,nd1C00062,nd1T00053,nd1E00093,nd1N00059,"nd1I00026\,stdI00002",,Inside,790698,No,,No,No,No,Male,1987,Black-African-American-or-Negro,
498475,nd1R790332,06345d514,3/8/11 16:26,nd1S06345,Left,Green,No,nd1C00062,nd1T00053,nd1E00093,nd1N00059,"nd1I00026\,stdI00002",,Inside,790699,No,,No,No,No,Male,1987,Black-African-American-or-Negro,
498476,nd1R790333,06345d515,3/8/11 16:26,nd1S06345,Left,Green,No,nd1C00062,nd1T00053,nd1E00093,nd1N00059,"nd1I00026\,stdI00002",,Inside,790700,No,,No,No,No,Male,1987,Black-African-American-or-Negro,
498477,nd1R790334,06345d516,3/8/11 16:26,nd1S06345,Left,Green,No,nd1C00062,nd1T00053,nd1E00093,nd1N00059,"nd1I00026\,stdI00002",,Inside,790701,No,,No,No,No,Male,1987,Black-African-American-or-Negro,
498478,nd1R790335,06345d517,3/8/11 16:26,nd1S06345,Left,Green,No,nd1C00062,nd1T00053,nd1E00093,nd1N00059,"nd1I00026\,stdI00002",,Inside,790702,No,,No,No,No,Male,1987,Black-African-American-or-Negro,
501645,nd1R793497,06345d523,3/8/11 16:26,nd1S06345,Left,Green,No,nd1C00062,nd1T00049,nd1E00093,nd1N00049,"nd1I00023\,stdI00002",,Inside,793927,No,,No,No,No,Male,1987,Black-African-American-or-Negro,
501646,nd1R793498,06345d524,3/8/11 16:26,nd1S06345,Left,Green,No,nd1C00062,nd1T00049,nd1E00093,nd1N00049,"nd1I00023\,stdI00002",,Inside,793928,No,,No,No,No,Male,1987,Black-African-American-or-Negro,
501648,nd1R793500,06345d525,3/8/11 16:26,nd1S06345,Left,Green,No,nd1C00062,nd1T00049,nd1E00093,nd1N00049,"nd1I00023\,stdI00002",,Inside,793930,No,,No,No,No,Male,1987,Black-African-American-or-Negro,
501650,nd1R793502,06345d526,3/8/11 16:26,nd1S06345,Left,Green,No,nd1C00062,nd1T00049,nd1E00093,nd1N00049,"nd1I00023\,stdI00002",,Inside,793932,No,,No,No,No,Male,1987,Black-African-American-or-Negro,
502540,nd1R794392,06345d531,3/8/11 16:26,nd1S06345,Left,Green,No,nd1C00062,nd1T00050,nd1E00093,nd1N00048,"nd1I00022\,stdI00002",,Inside,794822,No,,No,No,No,Male,1987,Black-African-American-or-Negro,
502542,nd1R794394,06345d533,3/8/11 16:26,nd1S06345,Left,Green,No,nd1C00062,nd1T00050,nd1E00093,nd1N00048,"nd1I00022\,stdI00002",,Inside,794824,No,,No,No,No,Male,1987,Black-African-American-or-Negro,
502544,nd1R794396,06345d535,3/8/11 16:26,nd1S06345,Left,Green,No,nd1C00062,nd1T00050,nd1E00093,nd1N00048,"nd1I00022\,stdI00002",,Inside,794826,No,,No,No,No,Male,1987,Black-African-American-or-Negro,
506622,nd1R798462,06345d537,3/8/11 16:26,nd1S06345,Left,Green,No,nd1C00062,nd1T00051,nd1E00093,nd1N00020,"nd1I00027\,stdI00002",,Inside,798904,No,,No,No,No,Male,1987,Black-African-American-or-Negro,
506623,nd1R798463,06345d538,3/8/11 16:26,nd1S06345,Left,Green,No,nd1C00062,nd1T00051,nd1E00093,nd1N00020,"nd1I00028\,stdI00002",,Inside,798905,No,,No,No,No,Male,1987,Black-African-American-or-Negro,
506626,nd1R798466,06345d541,3/8/11 16:26,nd1S06345,Left,Green,No,nd1C00062,nd1T00051,nd1E00093,nd1N00020,"nd1I00027\,stdI00002",,Inside,798908,No,,No,No,No,Male,1987,Black-African-American-or-Negro,
506627,nd1R798467,06345d542,3/8/11 16:26,nd1S06345,Left,Green,No,nd1C00062,nd1T00051,nd1E00093,nd1N00020,"nd1I00028\,stdI00002",,Inside,798909,No,,No,No,No,Male,1987,Black-African-American-or-Negro,
507571,nd1R830307,06345d634,3/8/11 16:26,nd1S06345,Left,Green,No,nd1C00059,nd1T00051,nd1E00093,lg4000diff30,"nd1I00027\,stdI00002",,Inside,799853,No,,No,No,No,Male,1987,Black-African-American-or-Negro,
507572,nd1R830308,06345d635,3/8/11 16:26,nd1S06345,Left,Green,No,nd1C00059,nd1T00051,nd1E00093,lg4000diff30,"nd1I00028\,stdI00002",,Inside,799854,No,,No,No,No,Male,1987,Black-African-American-or-Negro,
507575,nd1R830311,06345d638,3/8/11 16:26,nd1S06345,Left,Green,No,nd1C00059,nd1T00051,nd1E00093,lg4000diff30,"nd1I00027\,stdI00002",,Inside,799857,No,,No,No,No,Male,1987,Black-African-American-or-Negro,
507576,nd1R830312,06345d639,3/8/11 16:26,nd1S06345,Left,Green,No,nd1C00059,nd1T00051,nd1E00093,lg4000diff30,"nd1I00028\,stdI00002",,Inside,799858,No,,No,No,No,Male,1987,Black-African-American-or-Negro,
512690,nd1R802669,06345d545,3/23/11 12:00,nd1S06345,Left,Green,No,nd1C00062,nd1T00054,nd1E00093,nd1N00059,"nd1I00026\,stdI00002",,Inside,820273,No,,No,No,No,Male,1987,Black-African-American-or-Negro,
512691,nd1R802670,06345d546,3/23/11 12:00,nd1S06345,Left,Green,No,nd1C00062,nd1T00054,nd1E00093,nd1N00059,"nd1I00026\,stdI00002",,Inside,820274,No,,No,No,No,Male,1987,Black-African-American-or-Negro,
512692,nd1R802671,06345d547,3/23/11 12:00,nd1S06345,Left,Green,No,nd1C00062,nd1T00054,nd1E00093,nd1N00059,"nd1I00026\,stdI00002",,Inside,820275,No,,No,No,No,Male,1987,Black-African-American-or-Negro,
512693,nd1R802672,06345d548,3/23/11 12:00,nd1S06345,Left,Green,No,nd1C00062,nd1T00054,nd1E00093,nd1N00059,"nd1I00026\,stdI00002",,Inside,820276,No,,No,No,No,Male,1987,Black-African-American-or-Negro,
512694,nd1R802673,06345d549,3/23/11 12:00,nd1S06345,Left,Green,No,nd1C00062,nd1T00054,nd1E00093,nd1N00059,"nd1I00026\,stdI00002",,Inside,820277,No,,No,No,No,Male,1987,Black-African-American-or-Negro,
512700,nd1R802679,06345d555,3/23/11 12:00,nd1S06345,Left,Green,No,nd1C00062,nd1T00053,nd1E00093,nd1N00059,"nd1I00026\,stdI00002",,Inside,820283,No,,No,No,No,Male,1987,Black-African-American-or-Negro,
512701,nd1R802680,06345d556,3/23/11 12:00,nd1S06345,Left,Green,No,nd1C00062,nd1T00053,nd1E00093,nd1N00059,"nd1I00026\,stdI00002",,Inside,820284,No,,No,No,No,Male,1987,Black-African-American-or-Negro,
512702,nd1R802681,06345d557,3/23/11 12:00,nd1S06345,Left,Green,No,nd1C00062,nd1T00053,nd1E00093,nd1N00059,"nd1I00026\,stdI00002",,Inside,820285,No,,No,No,No,Male,1987,Black-African-American-or-Negro,
512703,nd1R802682,06345d558,3/23/11 12:00,nd1S06345,Left,Green,No,nd1C00062,nd1T00053,nd1E00093,nd1N00059,"nd1I00026\,stdI00002",,Inside,820286,No,,No,No,No,Male,1987,Black-African-American-or-Negro,
515931,nd1R805908,06345d572,3/23/11 12:00,nd1S06345,Left,Green,No,nd1C00062,nd1T00050,nd1E00093,nd1N00048,"nd1I00022\,stdI00002",,Inside,823514,No,,No,No,No,Male,1987,Black-African-American-or-Negro,
515933,nd1R805910,06345d574,3/23/11 12:00,nd1S06345,Left,Green,No,nd1C00062,nd1T00050,nd1E00093,nd1N00048,"nd1I00022\,stdI00002",,Inside,823516,No,,No,No,No,Male,1987,Black-African-American-or-Negro,
515935,nd1R805912,06345d576,3/23/11 12:00,nd1S06345,Left,Green,No,nd1C00062,nd1T00050,nd1E00093,nd1N00048,"nd1I00022\,stdI00002",,Inside,823518,No,,No,No,No,Male,1987,Black-African-American-or-Negro,
519365,nd1R809329,06345d578,3/23/11 12:00,nd1S06345,Left,Green,No,nd1C00062,nd1T00051,nd1E00093,nd1N00020,"nd1I00027\,stdI00002",,Inside,826948,No,,No,No,No,Male,1987,Black-African-American-or-Negro,
519366,nd1R809330,06345d579,3/23/11 12:00,nd1S06345,Left,Green,No,nd1C00062,nd1T00051,nd1E00093,nd1N00020,"nd1I00028\,stdI00002",,Inside,826949,No,,No,No,No,Male,1987,Black-African-American-or-Negro,
519369,nd1R809333,06345d582,3/23/11 12:00,nd1S06345,Left,Green,No,nd1C00062,nd1T00051,nd1E00093,nd1N00020,"nd1I00027\,stdI00002",,Inside,826952,No,,No,No,No,Male,1987,Black-African-American-or-Negro,
519370,nd1R809334,06345d583,3/23/11 12:00,nd1S06345,Left,Green,No,nd1C00062,nd1T00051,nd1E00093,nd1N00020,"nd1I00028\,stdI00002",,Inside,826953,No,,No,No,No,Male,1987,Black-African-American-or-Negro,
520351,nd1R831411,06345d642,3/23/11 12:00,nd1S06345,Left,Green,No,nd1C00059,nd1T00051,nd1E00093,lg4000diff20,"nd1I00027\,stdI00002",,Inside,827934,No,,No,No,No,Male,1987,Black-African-American-or-Negro,
520352,nd1R831412,06345d643,3/23/11 12:00,nd1S06345,Left,Green,No,nd1C00059,nd1T00051,nd1E00093,lg4000diff20,"nd1I00028\,stdI00002",,Inside,827935,No,,No,No,No,Male,1987,Black-African-American-or-Negro,
520355,nd1R831415,06345d646,3/23/11 12:00,nd1S06345,Left,Green,No,nd1C00059,nd1T00051,nd1E00093,lg4000diff20,"nd1I00027\,stdI00002",,Inside,827938,No,,No,No,No,Male,1987,Black-African-American-or-Negro,
520356,nd1R831416,06345d647,3/23/11 12:00,nd1S06345,Left,Green,No,nd1C00059,nd1T00051,nd1E00093,lg4000diff20,"nd1I00028\,stdI00002",,Inside,827939,No,,No,No,No,Male,1987,Black-African-American-or-Negro,
534835,nd1R816226,06345d605,4/13/11 12:25,nd1S06345,Left,Green,No,nd1C00062,nd1T00054,nd1E00101,nd1N00059,"nd1I00026\,stdI00002",,Inside,859019,Yes,Soft,No,No,No,Male,1987,Black-African-American-or-Negro,
534836,nd1R816225,06345d604,4/13/11 12:25,nd1S06345,Left,Green,No,nd1C00062,nd1T00054,nd1E00101,nd1N00059,"nd1I00026\,stdI00002",,Inside,859020,Yes,Soft,No,No,No,Male,1987,Black-African-American-or-Negro,
451174,nd1R638700,06345d42,11/11/10 12:03,nd1S06345,Right,Green,No,nd1C00055,nd1T00016,nd1E00085,nd1N00020,"nd1I00020\,stdI00002",,Inside,684280,Yes,Soft,No,Yes,No,Male,1987,Black-African-American-or-Negro,"contacts-given\,contacts-soft-given\,contacts-toric-given"
451176,nd1R638702,06345d44,11/11/10 12:03,nd1S06345,Right,Green,No,nd1C00055,nd1T00016,nd1E00085,nd1N00020,"nd1I00020\,stdI00002",,Inside,684282,Yes,Soft,No,Yes,No,Male,1987,Black-African-American-or-Negro,"contacts-given\,contacts-soft-given\,contacts-toric-given"
451178,nd1R638704,06345d46,11/11/10 12:03,nd1S06345,Right,Green,No,nd1C00055,nd1T00039,nd1E00085,nd1N00048,"nd1I00022\,stdI00002",,Inside,684284,Yes,Soft,No,Yes,No,Male,1987,Black-African-American-or-Negro,"contacts-given\,contacts-soft-given\,contacts-toric-given"
451180,nd1R638706,06345d48,11/11/10 12:03,nd1S06345,Right,Green,No,nd1C00055,nd1T00039,nd1E00085,nd1N00048,"nd1I00022\,stdI00002",,Inside,684286,Yes,Soft,No,Yes,No,Male,1987,Black-African-American-or-Negro,"contacts-given\,contacts-soft-given\,contacts-toric-given"
451182,nd1R638708,06345d50,11/11/10 12:03,nd1S06345,Right,Green,No,nd1C00055,nd1T00039,nd1E00085,nd1N00048,"nd1I00022\,stdI00002",,Inside,684288,Yes,Soft,No,Yes,No,Male,1987,Black-African-American-or-Negro,"contacts-given\,contacts-soft-given\,contacts-toric-given"
454007,nd1R647279,06345d75,12/1/10 11:32,nd1S06345,Right,Green,No,nd1C00055,nd1T00051,nd1E00090,nd1N00020,"nd1I00020\,stdI00002",,Inside,694844,Yes,Soft,No,No,No,Male,1987,Black-African-American-or-Negro,"contacts-given\,contacts-soft-given"
454017,nd1R647289,06345d85,12/1/10 11:32,nd1S06345,Right,Green,No,nd1C00055,nd1T00050,nd1E00090,nd1N00048,"nd1I00022\,stdI00002",,Inside,694854,Yes,Soft,No,No,No,Male,1987,Black-African-American-or-Negro,"contacts-given\,contacts-soft-given"
459912,nd1R658063,06345d105,12/1/10 11:32,nd1S06345,Right,Green,No,nd1C00059,nd1T00052,nd1E00090,lg4000diff25,"nd1I00024\,stdI00002",,Inside,701307,No,,No,No,No,Male,1987,Black-African-American-or-Negro,
459914,nd1R658061,06345d103,12/1/10 11:32,nd1S06345,Right,Green,No,nd1C00059,nd1T00052,nd1E00090,lg4000diff25,"nd1I00024\,stdI00002",,Inside,701309,No,,No,No,No,Male,1987,Black-African-American-or-Negro,
463106,nd1R670794,06345d134,1/26/11 11:21,nd1S06345,Right,Green,No,nd1C00062,nd1T00051,nd1E00093,nd1N00020,"nd1I00020\,stdI00002",,Inside,706127,No,,No,No,No,Male,1987,Black-African-American-or-Negro,
463114,nd1R670802,06345d142,1/26/11 11:21,nd1S06345,Right,Green,No,nd1C00062,nd1T00050,nd1E00093,nd1N00048,"nd1I00022\,stdI00002",,Inside,706135,No,,No,No,No,Male,1987,Black-African-American-or-Negro,
463122,nd1R670810,06345d150,1/26/11 11:21,nd1S06345,Right,Green,No,nd1C00062,nd1T00049,nd1E00093,nd1N00049,"nd1I00023\,stdI00002",,Inside,706143,No,,No,No,No,Male,1987,Black-African-American-or-Negro,
472144,nd1R679112,06345d153,2/10/11 13:05,nd1S06345,Right,Green,No,nd1C00062,nd1T00054,nd1E00093,nd1N00059,"nd1I00026\,stdI00002",,Inside,725622,No,,No,No,No,Male,1987,Black-African-American-or-Negro,
472148,nd1R679116,06345d157,2/10/11 13:05,nd1S06345,Right,Green,No,nd1C00062,nd1T00053,nd1E00093,nd1N00059,"nd1I00026\,stdI00002",,Inside,725626,No,,No,No,No,Male,1987,Black-African-American-or-Negro,
476957,nd1R684455,06345d175,2/10/11 13:05,nd1S06345,Right,Green,No,nd1C00062,nd1T00049,nd1E00093,nd1N00049,"nd1I00023\,stdI00002",,Inside,730435,No,,No,No,No,Male,1987,Black-African-American-or-Negro,
477132,nd1R681585,06345d160,2/10/11 13:05,nd1S06345,Right,Green,No,nd1C00062,nd1T00050,nd1E00093,nd1N00048,"nd1I00022\,stdI00002",,Inside,730610,No,,No,No,No,Male,1987,Black-African-American-or-Negro,
477136,nd1R681589,06345d164,2/10/11 13:05,nd1S06345,Right,Green,No,nd1C00062,nd1T00050,nd1E00093,nd1N00048,"nd1I00022\,stdI00002",,Inside,730614,No,,No,No,No,Male,1987,Black-African-American-or-Negro,
479551,nd1R686479,06345d181,2/10/11 13:05,nd1S06345,Right,Green,No,nd1C00062,nd1T00051,nd1E00093,nd1N00020,"nd1I00028\,stdI00002",,Inside,733029,No,,No,No,No,Male,1987,Black-African-American-or-Negro,
479556,nd1R686484,06345d186,2/10/11 13:05,nd1S06345,Right,Green,No,nd1C00062,nd1T00051,nd1E00093,nd1N00020,"nd1I00027\,stdI00002",,Inside,733034,No,,No,No,No,Male,1987,Black-African-American-or-Negro,
481945,nd1R706054,06345d243,2/23/11 16:47,nd1S06345,Right,Green,No,nd1C00062,nd1T00051,nd1E00093,nd1N00020,"nd1I00028\,stdI00002",,Inside,755009,No,,No,No,No,Male,1987,Black-African-American-or-Negro,
481950,nd1R706059,06345d248,2/23/11 16:47,nd1S06345,Right,Green,No,nd1C00062,nd1T00051,nd1E00093,nd1N00020,"nd1I00027\,stdI00002",,Inside,755014,No,,No,No,No,Male,1987,Black-African-American-or-Negro,
485232,nd1R708615,06345d253,2/23/11 16:47,nd1S06345,Right,Green,No,nd1C00062,nd1T00049,nd1E00093,nd1N00049,"nd1I00023\,stdI00002",,Inside,758296,No,,No,No,No,Male,1987,Black-African-American-or-Negro,
485780,nd1R709162,06345d260,2/23/11 16:47,nd1S06345,Right,Green,No,nd1C00062,nd1T00050,nd1E00093,nd1N00048,"nd1I00022\,stdI00002",,Inside,758844,No,,No,No,No,Male,1987,Black-African-American-or-Negro,
617520,nd1R984670,06350d1093,10/27/11 12:07,nd1S06350,Left,Brown,No,nd1C00068,nd1T00051,nd1E00107,nd1N00074,"nd1I00028\,stdI00002",,Inside,1020322,No,,No,No,No,Male,1989,White,
627037,nd1R993782,06350d1104,11/10/11 12:14,nd1S06350,Left,Brown,No,nd1C00068,nd1T00049,nd1E00107,nd1N00079,"nd1I00023\,stdI00002",,Inside,1041451,No,,No,No,No,Male,1989,White,
627563,nd1R994308,06350d1109,11/10/11 12:14,nd1S06350,Left,Brown,No,nd1C00068,nd1T00050,nd1E00107,nd1N00048,"nd1I00022\,stdI00002",,Inside,1041977,No,,No,No,No,Male,1989,White,
627617,nd1R994362,06350d1115,11/10/11 12:14,nd1S06350,Left,Brown,No,nd1C00068,nd1T00054,nd1E00107,nd1N00073,"nd1I00036\,stdI00002",,Inside,1042031,No,,No,No,No,Male,1989,White,
627799,nd1R994542,06350d1121,11/10/11 12:14,nd1S06350,Left,Brown,No,nd1C00068,nd1T00051,nd1E00107,nd1N00074,"nd1I00028\,stdI00002",,Inside,1042213,No,,No,No,No,Male,1989,White,
628687,nd1R995427,06350d1132,11/10/11 12:14,nd1S06350,Left,Brown,No,nd1C00068,nd1T00054,nd1E00107,nd1N00073,"nd1I00036\,stdI00002",,Inside,1043101,No,,No,No,No,Male,1989,White,
628700,nd1R995440,06350d1145,11/10/11 12:14,nd1S06350,Left,Brown,No,nd1C00068,nd1T00053,nd1E00107,nd1N00073,"nd1I00036\,stdI00002",,Inside,1043114,No,,No,No,No,Male,1989,White,
637954,nd1R1003117,06350d1156,2/9/12 14:47,nd1S06350,Left,Brown,No,nd1C00072,nd1T00054,nd1E00107,nd1N00073,"nd1I00036\,stdI00002",,Inside,1063844,No,,No,No,No,Male,1989,White,
637964,nd1R1003127,06350d1166,2/9/12 14:47,nd1S06350,Left,Brown,No,nd1C00072,nd1T00053,nd1E00107,nd1N00073,"nd1I00036\,stdI00002",,Inside,1063854,No,,No,No,No,Male,1989,White,
639364,nd1R1004146,06350d1175,2/9/12 14:47,nd1S06350,Left,Brown,No,nd1C00072,nd1T00049,nd1E00107,nd1N00079,"nd1I00023\,stdI00002",,Inside,1065254,No,,No,No,No,Male,1989,White,
640122,nd1R1004727,06350d1180,2/9/12 14:47,nd1S06350,Left,Brown,No,nd1C00072,nd1T00050,nd1E00107,nd1N00048,"nd1I00022\,stdI00002",,Inside,1066012,No,,No,No,No,Male,1989,White,
640126,nd1R1004731,06350d1184,2/9/12 14:47,nd1S06350,Left,Brown,No,nd1C00072,nd1T00050,nd1E00107,nd1N00048,"nd1I00022\,stdI00002",,Inside,1066016,No,,No,No,No,Male,1989,White,
641274,nd1R1005636,06350d1187,2/9/12 14:47,nd1S06350,Left,Brown,No,nd1C00072,nd1T00051,nd1E00107,nd1N00074,"nd1I00027\,stdI00002",,Inside,1067164,No,,No,No,No,Male,1989,White,
450067,nd1R637595,06352d42,11/10/10 11:15,nd1S06352,Left,Blue,No,nd1C00055,nd1T00016,nd1E00085,nd1N00020,"nd1I00020\,stdI00002",,Inside,683173,No,,No,No,No,Female,1992,White,
450069,nd1R637597,06352d44,11/10/10 11:15,nd1S06352,Left,Blue,No,nd1C00055,nd1T00016,nd1E00085,nd1N00020,"nd1I00020\,stdI00002",,Inside,683175,No,,No,No,No,Female,1992,White,
450071,nd1R637599,06352d46,11/10/10 11:15,nd1S06352,Left,Blue,No,nd1C00055,nd1T00039,nd1E00085,nd1N00048,"nd1I00022\,stdI00002",,Inside,683177,No,,No,No,No,Female,1992,White,
450073,nd1R637601,06352d48,11/10/10 11:15,nd1S06352,Left,Blue,No,nd1C00055,nd1T00039,nd1E00085,nd1N00048,"nd1I00022\,stdI00002",,Inside,683179,No,,No,No,No,Female,1992,White,
450075,nd1R637603,06352d50,11/10/10 11:15,nd1S06352,Left,Blue,No,nd1C00055,nd1T00039,nd1E00085,nd1N00048,"nd1I00022\,stdI00002",,Inside,683181,No,,No,No,No,Female,1992,White,
455700,nd1R648966,06352d75,12/2/10 11:58,nd1S06352,Left,Blue,No,nd1C00055,nd1T00051,nd1E00090,nd1N00020,"nd1I00020\,stdI00002",,Inside,696537,No,,No,No,No,Female,1992,White,
455702,nd1R648968,06352d77,12/2/10 11:58,nd1S06352,Left,Blue,No,nd1C00055,nd1T00051,nd1E00090,nd1N00020,"nd1I00020\,stdI00002",,Inside,696539,No,,No,No,No,Female,1992,White,
455706,nd1R648972,06352d81,12/2/10 11:58,nd1S06352,Left,Blue,No,nd1C00055,nd1T00050,nd1E00090,nd1N00048,"nd1I00022\,stdI00002",,Inside,696543,No,,No,No,No,Female,1992,White,
455708,nd1R648974,06352d83,12/2/10 11:58,nd1S06352,Left,Blue,No,nd1C00055,nd1T00050,nd1E00090,nd1N00048,"nd1I00022\,stdI00002",,Inside,696545,No,,No,No,No,Female,1992,White,
455710,nd1R648976,06352d85,12/2/10 11:58,nd1S06352,Left,Blue,No,nd1C00055,nd1T00050,nd1E00090,nd1N00048,"nd1I00022\,stdI00002",,Inside,696547,No,,No,No,No,Female,1992,White,
455712,nd1R648978,06352d87,12/2/10 11:58,nd1S06352,Left,Blue,No,nd1C00055,nd1T00049,nd1E00090,nd1N00049,"nd1I00023\,stdI00002",,Inside,696549,No,,No,No,No,Female,1992,White,
455715,nd1R648981,06352d90,12/2/10 11:58,nd1S06352,Left,Blue,No,nd1C00055,nd1T00049,nd1E00090,nd1N00049,"nd1I00023\,stdI00002",,Inside,696552,No,,No,No,No,Female,1992,White,
460429,nd1R658694,06352d124,12/2/10 11:58,nd1S06352,Left,Blue,No,nd1C00059,nd1T00052,nd1E00090,lg4000diff25,"nd1I00024\,stdI00002",,Inside,701824,No,,No,No,No,Female,1992,White,
460433,nd1R657584,06352d120,12/2/10 11:58,nd1S06352,Left,Blue,No,nd1C00059,nd1T00052,nd1E00090,lg4000diff25,"nd1I00024\,stdI00002",,Inside,701828,No,,No,No,No,Female,1992,White,
466709,nd1R674180,06352d174,1/27/11 14:03,nd1S06352,Left,Blue,No,nd1C00062,nd1T00051,nd1E00093,nd1N00020,"nd1I00020\,stdI00002",,Inside,709730,No,,No,No,No,Female,1992,White,
466715,nd1R674186,06352d180,1/27/11 14:03,nd1S06352,Left,Blue,No,nd1C00062,nd1T00050,nd1E00093,nd1N00048,"nd1I00022\,stdI00002",,Inside,709736,No,,No,No,No,Female,1992,White,
466721,nd1R674192,06352d186,1/27/11 14:03,nd1S06352,Left,Blue,No,nd1C00062,nd1T00054,nd1E00093,nd1N00059,"nd1I00026\,stdI00002",,Inside,709742,No,,No,No,No,Female,1992,White,
466722,nd1R674193,06352d187,1/27/11 14:03,nd1S06352,Left,Blue,No,nd1C00062,nd1T00053,nd1E00093,nd1N00059,"nd1I00026\,stdI00002",,Inside,709743,No,,No,No,No,Female,1992,White,
466724,nd1R674195,06352d189,1/27/11 14:03,nd1S06352,Left,Blue,No,nd1C00062,nd1T00053,nd1E00093,nd1N00059,"nd1I00026\,stdI00002",,Inside,709745,No,,No,No,No,Female,1992,White,
481069,nd1R705179,06352d197,2/22/11 15:36,nd1S06352,Left,Blue,No,nd1C00062,nd1T00051,nd1E00093,nd1N00020,"nd1I00027\,stdI00002",,Inside,754133,No,,No,No,No,Female,1992,White,
482907,nd1R707016,06352d205,2/22/11 15:36,nd1S06352,Left,Blue,No,nd1C00062,nd1T00049,nd1E00093,nd1N00049,"nd1I00023\,stdI00002",,Inside,755971,No,,No,No,No,Female,1992,White,
483740,nd1R707843,06352d213,2/22/11 15:36,nd1S06352,Left,Blue,No,nd1C00062,nd1T00050,nd1E00093,nd1N00048,"nd1I00022\,stdI00002",,Inside,756804,No,,No,No,No,Female,1992,White,
483742,nd1R707845,06352d215,2/22/11 15:36,nd1S06352,Left,Blue,No,nd1C00062,nd1T00050,nd1E00093,nd1N00048,"nd1I00022\,stdI00002",,Inside,756806,No,,No,No,No,Female,1992,White,
483744,nd1R707847,06352d217,2/22/11 15:36,nd1S06352,Left,Blue,No,nd1C00062,nd1T00050,nd1E00093,nd1N00048,"nd1I00022\,stdI00002",,Inside,756808,No,,No,No,No,Female,1992,White,
484460,nd1R828108,06352d560,2/22/11 15:36,nd1S06352,Left,Blue,No,nd1C00059,nd1T00051,nd1E00093,lg4000diff30,"nd1I00029\,stdI00002",,Inside,757524,No,,No,No,No,Female,1992,White,
484464,nd1R828112,06352d564,2/22/11 15:36,nd1S06352,Left,Blue,No,nd1C00059,nd1T00051,nd1E00093,lg4000diff30,"nd1I00029\,stdI00002",,Inside,757528,No,,No,No,No,Female,1992,White,
488420,nd1R711244,06352d219,2/22/11 15:36,nd1S06352,Left,Blue,No,nd1C00062,nd1T00054,nd1E00093,nd1N00059,"nd1I00026\,stdI00002",,Inside,761484,No,,No,No,No,Female,1992,White,
488423,nd1R711247,06352d222,2/22/11 15:36,nd1S06352,Left,Blue,No,nd1C00062,nd1T00054,nd1E00093,nd1N00059,"nd1I00026\,stdI00002",,Inside,761487,No,,No,No,No,Female,1992,White,
488430,,,2/22/11 15:36,nd1S06352,Left,Blue,No,,nd1T00053,nd1E00093,nd1N00059,"nd1I00026\,stdI00002",,Inside,761494,No,,No,No,No,Female,1992,White,
488431,nd1R711254,06352d229,2/22/11 15:36,nd1S06352,Left,Blue,No,nd1C00062,nd1T00053,nd1E00093,nd1N00059,"nd1I00026\,stdI00002",,Inside,761495,No,,No,No,No,Female,1992,White,
488432,nd1R711255,06352d230,2/22/11 15:36,nd1S06352,Left,Blue,No,nd1C00062,nd1T00053,nd1E00093,nd1N00059,"nd1I00026\,stdI00002",,Inside,761496,No,,No,No,No,Female,1992,White,
516793,nd1R806770,06352d484,3/24/11 13:56,nd1S06352,Right,Blue,No,nd1C00062,nd1T00049,nd1E00093,nd1N00049,"nd1I00023\,stdI00002",,Inside,824376,No,,No,No,No,Female,1992,White,
517529,nd1R807498,06352d486,3/24/11 13:56,nd1S06352,Right,Blue,No,nd1C00062,nd1T00050,nd1E00093,nd1N00048,"nd1I00022\,stdI00002",,Inside,825112,No,,No,No,No,Female,1992,White,
517532,nd1R807501,06352d488,3/24/11 13:56,nd1S06352,Right,Blue,No,nd1C00062,nd1T00050,nd1E00093,nd1N00048,"nd1I00022\,stdI00002",,Inside,825115,No,,No,No,No,Female,1992,White,
517535,nd1R807504,06352d490,3/24/11 13:56,nd1S06352,Right,Blue,No,nd1C00062,nd1T00050,nd1E00093,nd1N00048,"nd1I00022\,stdI00002",,Inside,825118,No,,No,No,No,Female,1992,White,
521462,nd1R810722,06352d491,3/24/11 13:56,nd1S06352,Right,Blue,No,nd1C00062,nd1T00051,nd1E00093,nd1N00020,"nd1I00028\,stdI00002",,Inside,829045,No,,No,No,No,Female,1992,White,
521465,nd1R810725,06352d492,3/24/11 13:56,nd1S06352,Right,Blue,No,nd1C00062,nd1T00051,nd1E00093,nd1N00020,"nd1I00027\,stdI00002",,Inside,829048,No,,No,No,No,Female,1992,White,
521468,nd1R810728,06352d493,3/24/11 13:56,nd1S06352,Right,Blue,No,nd1C00062,nd1T00051,nd1E00093,nd1N00020,"nd1I00028\,stdI00002",,Inside,829051,No,,No,No,No,Female,1992,White,
521470,nd1R810730,06352d494,3/24/11 13:56,nd1S06352,Right,Blue,No,nd1C00062,nd1T00051,nd1E00093,nd1N00020,"nd1I00027\,stdI00002",,Inside,829053,No,,No,No,No,Female,1992,White,
523156,nd1R832383,06352d576,3/24/11 13:56,nd1S06352,Right,Blue,No,nd1C00059,nd1T00051,nd1E00093,lg4000diff20,"nd1I00028\,stdI00002",,Inside,830739,No,,No,No,No,Female,1992,White,
523157,nd1R832384,06352d577,3/24/11 13:56,nd1S06352,Right,Blue,No,nd1C00059,nd1T00051,nd1E00093,lg4000diff20,"nd1I00027\,stdI00002",,Inside,830740,No,,No,No,No,Female,1992,White,
523163,nd1R832387,06352d580,3/24/11 13:56,nd1S06352,Right,Blue,No,nd1C00059,nd1T00051,nd1E00093,lg4000diff20,"nd1I00028\,stdI00002",,Inside,830746,No,,No,No,No,Female,1992,White,
523166,nd1R832388,06352d581,3/24/11 13:56,nd1S06352,Right,Blue,No,nd1C00059,nd1T00051,nd1E00093,lg4000diff20,"nd1I00027\,stdI00002",,Inside,830749,No,,No,No,No,Female,1992,White,
523167,nd1R812034,06352d504,3/24/11 13:56,nd1S06352,Right,Blue,No,nd1C00062,nd1T00054,nd1E00093,nd1N00059,"nd1I00026\,stdI00002",,Inside,830750,No,,No,No,No,Female,1992,White,
523168,nd1R812035,06352d505,3/24/11 13:56,nd1S06352,Right,Blue,No,nd1C00062,nd1T00054,nd1E00093,nd1N00059,"nd1I00026\,stdI00002",,Inside,830751,No,,No,No,No,Female,1992,White,
523170,nd1R812036,06352d506,3/24/11 13:56,nd1S06352,Right,Blue,No,nd1C00062,nd1T00054,nd1E00093,nd1N00059,"nd1I00026\,stdI00002",,Inside,830753,No,,No,No,No,Female,1992,White,
523171,nd1R812037,06352d507,3/24/11 13:56,nd1S06352,Right,Blue,No,nd1C00062,nd1T00054,nd1E00093,nd1N00059,"nd1I00026\,stdI00002",,Inside,830754,No,,No,No,No,Female,1992,White,
523202,nd1R812043,06352d513,3/24/11 13:56,nd1S06352,Right,Blue,No,nd1C00062,nd1T00053,nd1E00093,nd1N00059,"nd1I00026\,stdI00002",,Inside,830785,No,,No,No,No,Female,1992,White,
523204,nd1R812044,06352d514,3/24/11 13:56,nd1S06352,Right,Blue,No,nd1C00062,nd1T00053,nd1E00093,nd1N00059,"nd1I00026\,stdI00002",,Inside,830787,No,,No,No,No,Female,1992,White,
523205,nd1R812045,06352d515,3/24/11 13:56,nd1S06352,Right,Blue,No,nd1C00062,nd1T00053,nd1E00093,nd1N00059,"nd1I00026\,stdI00002",,Inside,830788,No,,No,No,No,Female,1992,White,
523207,nd1R812046,06352d516,3/24/11 13:56,nd1S06352,Right,Blue,No,nd1C00062,nd1T00053,nd1E00093,nd1N00059,"nd1I00026\,stdI00002",,Inside,830790,No,,No,No,No,Female,1992,White,
523208,nd1R812047,06352d517,3/24/11 13:56,nd1S06352,Right,Blue,No,nd1C00062,nd1T00053,nd1E00093,nd1N00059,"nd1I00026\,stdI00002",,Inside,830791,No,,No,No,No,Female,1992,White,
533980,nd1R817008,06352d532,4/12/11 15:35,nd1S06352,Right,Blue,No,nd1C00062,nd1T00054,nd1E00101,nd1N00059,"nd1I00026\,stdI00002",,Inside,858164,No,,No,No,No,Female,1992,White,
533981,nd1R817007,06352d531,4/12/11 15:35,nd1S06352,Right,Blue,No,nd1C00062,nd1T00054,nd1E00101,nd1N00059,"nd1I00026\,stdI00002",,Inside,858165,No,,No,No,No,Female,1992,White,
533982,nd1R817006,06352d530,4/12/11 15:35,nd1S06352,Right,Blue,No,nd1C00062,nd1T00054,nd1E00101,nd1N00059,"nd1I00026\,stdI00002",,Inside,858166,No,,No,No,No,Female,1992,White,
533983,nd1R817005,06352d529,4/12/11 15:35,nd1S06352,Right,Blue,No,nd1C00062,nd1T00054,nd1E00101,nd1N00059,"nd1I00026\,stdI00002",,Inside,858167,No,,No,No,No,Female,1992,White,
533984,nd1R817004,06352d528,4/12/11 15:35,nd1S06352,Right,Blue,No,nd1C00062,nd1T00054,nd1E00101,nd1N00059,"nd1I00026\,stdI00002",,Inside,858168,No,,No,No,No,Female,1992,White,
533990,nd1R816998,06352d522,4/12/11 15:35,nd1S06352,Right,Blue,No,nd1C00062,nd1T00053,nd1E00101,nd1N00059,"nd1I00026\,stdI00002",,Inside,858174,No,,No,No,No,Female,1992,White,
533991,nd1R816997,06352d521,4/12/11 15:35,nd1S06352,Right,Blue,No,nd1C00062,nd1T00053,nd1E00101,nd1N00059,"nd1I00026\,stdI00002",,Inside,858175,No,,No,No,No,Female,1992,White,
533992,nd1R816996,06352d520,4/12/11 15:35,nd1S06352,Right,Blue,No,nd1C00062,nd1T00053,nd1E00101,nd1N00059,"nd1I00026\,stdI00002",,Inside,858176,No,,No,No,No,Female,1992,White,
533993,nd1R816995,06352d519,4/12/11 15:35,nd1S06352,Right,Blue,No,nd1C00062,nd1T00053,nd1E00101,nd1N00059,"nd1I00026\,stdI00002",,Inside,858177,No,,No,No,No,Female,1992,White,
533994,nd1R816994,06352d518,4/12/11 15:35,nd1S06352,Right,Blue,No,nd1C00062,nd1T00053,nd1E00101,nd1N00059,"nd1I00026\,stdI00002",,Inside,858178,No,,No,No,No,Female,1992,White,
537572,nd1R819361,06352d542,4/12/11 15:35,nd1S06352,Right,Blue,No,nd1C00062,nd1T00049,nd1E00101,nd1N00049,"nd1I00023\,stdI00002",,Inside,861756,No,,No,No,No,Female,1992,White,
537573,nd1R819362,06352d543,4/12/11 15:35,nd1S06352,Right,Blue,No,nd1C00062,nd1T00049,nd1E00101,nd1N00049,"nd1I00023\,stdI00002",,Inside,861757,No,,No,No,No,Female,1992,White,
537574,nd1R819363,06352d544,4/12/11 15:35,nd1S06352,Right,Blue,No,nd1C00062,nd1T00049,nd1E00101,nd1N00049,"nd1I00023\,stdI00002",,Inside,861758,No,,No,No,No,Female,1992,White,
537575,nd1R819364,06352d545,4/12/11 15:35,nd1S06352,Right,Blue,No,nd1C00062,nd1T00049,nd1E00101,nd1N00049,"nd1I00023\,stdI00002",,Inside,861759,No,,No,No,No,Female,1992,White,
538530,nd1R820210,06352d547,4/12/11 15:35,nd1S06352,Right,Blue,No,nd1C00062,nd1T00050,nd1E00101,nd1N00048,"nd1I00022\,stdI00002",,Inside,862714,No,,No,No,No,Female,1992,White,
538532,nd1R820212,06352d549,4/12/11 15:35,nd1S06352,Right,Blue,No,nd1C00062,nd1T00050,nd1E00101,nd1N00048,"nd1I00022\,stdI00002",,Inside,862716,No,,No,No,No,Female,1992,White,
538534,nd1R820214,06352d551,4/12/11 15:35,nd1S06352,Right,Blue,No,nd1C00062,nd1T00050,nd1E00101,nd1N00048,"nd1I00022\,stdI00002",,Inside,862718,No,,No,No,No,Female,1992,White,
540928,nd1R822334,06352d554,4/12/11 15:35,nd1S06352,Right,Blue,No,nd1C00062,nd1T00051,nd1E00101,nd1N00020,"nd1I00028\,stdI00002",,Inside,865112,No,,No,No,No,Female,1992,White,
540929,nd1R822335,06352d555,4/12/11 15:35,nd1S06352,Right,Blue,No,nd1C00062,nd1T00051,nd1E00101,nd1N00020,"nd1I00027\,stdI00002",,Inside,865113,No,,No,No,No,Female,1992,White,
540932,nd1R822338,06352d558,4/12/11 15:35,nd1S06352,Right,Blue,No,nd1C00062,nd1T00051,nd1E00101,nd1N00020,"nd1I00028\,stdI00002",,Inside,865116,No,,No,No,No,Female,1992,White,
540933,nd1R822339,06352d559,4/12/11 15:35,nd1S06352,Right,Blue,No,nd1C00062,nd1T00051,nd1E00101,nd1N00020,"nd1I00027\,stdI00002",,Inside,865117,No,,No,No,No,Female,1992,White,
542121,nd1R833919,06352d584,4/12/11 15:35,nd1S06352,Right,Blue,No,nd1C00059,nd1T00051,nd1E00101,lg4000diff20,"nd1I00028\,stdI00002",,Inside,866305,No,,No,No,No,Female,1992,White,
542122,nd1R833920,06352d585,4/12/11 15:35,nd1S06352,Right,Blue,No,nd1C00059,nd1T00051,nd1E00101,lg4000diff20,"nd1I00027\,stdI00002",,Inside,866306,No,,No,No,No,Female,1992,White,
542125,nd1R833923,06352d588,4/12/11 15:35,nd1S06352,Right,Blue,No,nd1C00059,nd1T00051,nd1E00101,lg4000diff20,"nd1I00028\,stdI00002",,Inside,866309,No,,No,No,No,Female,1992,White,
542126,nd1R833924,06352d589,4/12/11 15:35,nd1S06352,Right,Blue,No,nd1C00059,nd1T00051,nd1E00101,lg4000diff20,"nd1I00027\,stdI00002",,Inside,866310,No,,No,No,No,Female,1992,White,
561787,nd1R863169,06352d643,4/28/11 14:02,nd1S06352,Right,Blue,No,nd1C00062,nd1T00054,nd1E00101,nd1N00059,"nd1I00026\,stdI00002",,Inside,907372,No,,No,No,No,Female,1992,White,
561788,nd1R863170,06352d644,4/28/11 14:02,nd1S06352,Right,Blue,No,nd1C00062,nd1T00054,nd1E00101,nd1N00059,"nd1I00026\,stdI00002",,Inside,907373,No,,No,No,No,Female,1992,White,
561789,nd1R863171,06352d645,4/28/11 14:02,nd1S06352,Right,Blue,No,nd1C00062,nd1T00054,nd1E00101,nd1N00059,"nd1I00026\,stdI00002",,Inside,907374,No,,No,No,No,Female,1992,White,
561790,nd1R863172,06352d646,4/28/11 14:02,nd1S06352,Right,Blue,No,nd1C00062,nd1T00054,nd1E00101,nd1N00059,"nd1I00026\,stdI00002",,Inside,907375,No,,No,No,No,Female,1992,White,
451507,nd1R639033,06391d1,11/11/10 13:51,nd1S06391,Left,Blue,No,nd1C00055,nd1T00016,nd1E00085,nd1N00020,"nd1I00020\,stdI00002",,Inside,684613,Yes,Soft,No,Yes,No,Female,1984,White,"contacts-given\,contacts-soft-given\,contacts-toric-given"
451515,nd1R639041,06391d9,11/11/10 13:51,nd1S06391,Left,Blue,No,nd1C00055,nd1T00039,nd1E00085,nd1N00048,"nd1I00022\,stdI00002",,Inside,684621,Yes,Soft,No,Yes,No,Female,1984,White,"contacts-given\,contacts-soft-given\,contacts-toric-given"
454786,nd1R648058,06391d36,12/1/10 14:01,nd1S06391,Left,Blue,No,nd1C00055,nd1T00050,nd1E00090,nd1N00048,"nd1I00022\,stdI00002",,Inside,695623,Yes,Soft,No,Yes,No,Female,1984,White,"contacts-given\,contacts-soft-given\,contacts-toric-given"
454792,nd1R648064,06391d42,12/1/10 14:01,nd1S06391,Left,Blue,No,nd1C00055,nd1T00049,nd1E00090,nd1N00049,"nd1I00023\,stdI00002",,Inside,695629,Yes,Soft,No,Yes,No,Female,1984,White,"contacts-given\,contacts-soft-given\,contacts-toric-given"
470704,nd1R677802,06391d123,2/9/11 14:01,nd1S06391,Left,Hazel,No,nd1C00062,nd1T00054,nd1E00093,nd1N00059,"nd1I00026\,stdI00002",,Inside,724182,No,,No,No,No,Female,1984,White,
470707,nd1R677805,06391d126,2/9/11 14:01,nd1S06391,Left,Hazel,No,nd1C00062,nd1T00054,nd1E00093,nd1N00059,"nd1I00026\,stdI00002",,Inside,724185,No,,No,No,No,Female,1984,White,
470717,nd1R677812,06391d133,2/9/11 14:01,nd1S06391,Left,Hazel,No,nd1C00062,nd1T00053,nd1E00093,nd1N00059,"nd1I00026\,stdI00002",,Inside,724195,No,,No,No,No,Female,1984,White,
470718,nd1R677813,06391d134,2/9/11 14:01,nd1S06391,Left,Hazel,No,nd1C00062,nd1T00053,nd1E00093,nd1N00059,"nd1I00026\,stdI00002",,Inside,724196,No,,No,No,No,Female,1984,White,
475169,nd1R683307,06391d152,2/9/11 14:01,nd1S06391,Left,Hazel,No,nd1C00062,nd1T00049,nd1E00093,nd1N00049,"nd1I00023\,stdI00002",,Inside,728647,No,,No,No,No,Female,1984,White,
475950,nd1R681095,06391d142,2/9/11 14:01,nd1S06391,Left,Hazel,No,nd1C00062,nd1T00050,nd1E00093,nd1N00048,"nd1I00022\,stdI00002",,Inside,729428,No,,No,No,No,Female,1984,White,
484838,nd1R708221,06391d236,2/23/11 13:52,nd1S06391,Left,Green,No,nd1C00062,nd1T00049,nd1E00093,nd1N00049,"nd1I00023\,stdI00002",,Inside,757902,Yes,Soft,No,Yes,No,Female,1984,White,
489699,nd1R712505,06391d250,2/23/11 13:52,nd1S06391,Left,Green,No,nd1C00062,nd1T00054,nd1E00093,nd1N00059,"nd1I00026\,stdI00002",,Inside,762763,Yes,Soft,No,Yes,No,Female,1984,White,
489709,nd1R712515,06391d260,2/23/11 13:52,nd1S06391,Left,Green,No,nd1C00062,nd1T00053,nd1E00093,nd1N00059,"nd1I00026\,stdI00002",,Inside,762773,Yes,Soft,No,Yes,No,Female,1984,White,
489713,nd1R712519,06391d264,2/23/11 13:52,nd1S06391,Left,Green,No,nd1C00062,nd1T00053,nd1E00093,nd1N00059,"nd1I00026\,stdI00002",,Inside,762777,Yes,Soft,No,Yes,No,Female,1984,White,
501563,nd1R793415,06391d504,3/8/11 16:02,nd1S06391,Left,Blue,No,nd1C00062,nd1T00049,nd1E00093,nd1N00049,"nd1I00023\,stdI00002",,Inside,793845,Yes,Soft,No,Yes,No,Female,1984,White,
502482,nd1R794334,06391d512,3/8/11 16:02,nd1S06391,Left,Blue,No,nd1C00062,nd1T00050,nd1E00093,nd1N00048,"nd1I00022\,stdI00002",,Inside,794764,Yes,Soft,No,Yes,No,Female,1984,White,
507510,nd1R830246,06391d617,3/8/11 16:02,nd1S06391,Left,Blue,No,nd1C00059,nd1T00051,nd1E00093,lg4000diff30,"nd1I00028\,stdI00002",,Inside,799792,Yes,Soft,No,Yes,No,Female,1984,White,
519498,nd1R809462,06391d561,3/23/11 12:00,nd1S06391,Left,Blue,No,nd1C00062,nd1T00051,nd1E00093,nd1N00020,"nd1I00028\,stdI00002",,Inside,827081,Yes,Soft,No,Yes,No,Female,1984,White,
544430,nd1R823639,06391d581,4/14/11 13:11,nd1S06391,Left,Blue,No,nd1C00062,nd1T00053,nd1E00101,nd1N00059,"nd1I00026\,stdI00002",,Inside,868614,Yes,Soft,No,Yes,No,Female,1984,White,
544431,nd1R823640,06391d582,4/14/11 13:11,nd1S06391,Left,Blue,No,nd1C00062,nd1T00053,nd1E00101,nd1N00059,"nd1I00026\,stdI00002",,Inside,868615,Yes,Soft,No,Yes,No,Female,1984,White,
552854,nd1R856141,06391d710,4/26/11 11:47,nd1S06391,Left,Green,No,nd1C00062,nd1T00050,nd1E00101,nd1N00048,"nd1I00022\,stdI00002",,Inside,898439,Yes,Soft,No,Yes,No,Female,1984,White,
552858,nd1R856145,06391d714,4/26/11 11:47,nd1S06391,Left,Green,No,nd1C00062,nd1T00050,nd1E00101,nd1N00048,"nd1I00022\,stdI00002",,Inside,898443,Yes,Soft,No,Yes,No,Female,1984,White,
555317,nd1R868103,06391d731,4/26/11 11:47,nd1S06391,Left,Green,No,nd1C00059,nd1T00051,nd1E00101,lg4000diff25,"nd1I00028\,stdI00002",,Inside,900902,Yes,Soft,No,Yes,No,Female,1984,White,
456962,nd1R650224,06406d1,12/2/10 15:00,nd1S06406,Left,Brown,No,nd1C00055,nd1T00051,nd1E00090,nd1N00020,"nd1I00020\,stdI00002",,Inside,697799,Yes,Soft,Yes,Yes,No,Female,1992,Asian-Other,"contacts-given\,contacts-soft-given\,contacts-texture-given\,contacts-toric-given"
456966,nd1R650228,06406d5,12/2/10 15:00,nd1S06406,Left,Brown,No,nd1C00055,nd1T00051,nd1E00090,nd1N00020,"nd1I00020\,stdI00002",,Inside,697803,Yes,Soft,Yes,Yes,No,Female,1992,Asian-Other,"contacts-given\,contacts-soft-given\,contacts-texture-given\,contacts-toric-given"
456968,nd1R650230,06406d7,12/2/10 15:00,nd1S06406,Left,Brown,No,nd1C00055,nd1T00050,nd1E00090,nd1N00048,"nd1I00022\,stdI00002",,Inside,697805,Yes,Soft,Yes,Yes,No,Female,1992,Asian-Other,"contacts-given\,contacts-soft-given\,contacts-texture-given\,contacts-toric-given"
456974,nd1R650236,06406d13,12/2/10 15:00,nd1S06406,Left,Brown,No,nd1C00055,nd1T00049,nd1E00090,nd1N00049,"nd1I00023\,stdI00002",,Inside,697811,Yes,Soft,Yes,Yes,No,Female,1992,Asian-Other,"contacts-given\,contacts-soft-given\,contacts-texture-given\,contacts-toric-given"
460821,nd1R657241,06406d42,12/2/10 15:00,nd1S06406,Left,Brown,No,nd1C00059,nd1T00052,nd1E00090,lg4000diff25,"nd1I00024\,stdI00002",,Inside,702216,No,,No,No,No,Female,1992,Asian-Other,
464800,nd1R672399,06406d89,1/26/11 15:03,nd1S06406,Left,Brown,No,nd1C00062,nd1T00051,nd1E00093,nd1N00020,"nd1I00020\,stdI00002",,Inside,707821,No,,No,No,No,Female,1992,Asian-Other,
464804,nd1R672403,06406d93,1/26/11 15:03,nd1S06406,Left,Brown,No,nd1C00062,nd1T00050,nd1E00093,nd1N00048,"nd1I00022\,stdI00002",,Inside,707825,No,,No,No,No,Female,1992,Asian-Other,
464806,nd1R672405,06406d95,1/26/11 15:03,nd1S06406,Left,Brown,No,nd1C00062,nd1T00050,nd1E00093,nd1N00048,"nd1I00022\,stdI00002",,Inside,707827,No,,No,No,No,Female,1992,Asian-Other,
464808,nd1R672407,06406d97,1/26/11 15:03,nd1S06406,Left,Brown,No,nd1C00062,nd1T00054,nd1E00093,nd1N00059,"nd1I00026\,stdI00002",,Inside,707829,No,,No,No,No,Female,1992,Asian-Other,
464809,nd1R672408,06406d98,1/26/11 15:03,nd1S06406,Left,Brown,No,nd1C00062,nd1T00054,nd1E00093,nd1N00059,"nd1I00026\,stdI00002",,Inside,707830,No,,No,No,No,Female,1992,Asian-Other,
464810,nd1R672409,06406d99,1/26/11 15:03,nd1S06406,Left,Brown,No,nd1C00062,nd1T00054,nd1E00093,nd1N00059,"nd1I00026\,stdI00002",,Inside,707831,No,,No,No,No,Female,1992,Asian-Other,
464811,nd1R672410,06406d100,1/26/11 15:03,nd1S06406,Left,Brown,No,nd1C00062,nd1T00053,nd1E00093,nd1N00059,"nd1I00026\,stdI00002",,Inside,707832,No,,No,No,No,Female,1992,Asian-Other,
464815,,,1/26/11 15:03,nd1S06406,Left,Brown,No,,nd1T00053,nd1E00093,nd1N00059,"nd1I00026\,stdI00002",,Inside,707836,No,,No,No,No,Female,1992,Asian-Other,
464818,,,1/26/11 15:03,nd1S06406,Left,Brown,No,,nd1T00053,nd1E00093,nd1N00059,"nd1I00026\,stdI00002",,Inside,707839,No,,No,No,No,Female,1992,Asian-Other,
464819,nd1R672414,06406d104,1/26/11 15:03,nd1S06406,Left,Brown,No,nd1C00062,nd1T00049,nd1E00093,nd1N00049,"nd1I00023\,stdI00002",,Inside,707840,No,,No,No,No,Female,1992,Asian-Other,
474638,nd1R680563,06406d114,2/8/11 15:19,nd1S06406,Left,Brown,No,nd1C00062,nd1T00050,nd1E00093,nd1N00048,"nd1I00022\,stdI00002",,Inside,728116,No,,No,No,No,Female,1992,Asian-Other,
478156,nd1R685086,06406d132,2/8/11 15:19,nd1S06406,Left,Brown,No,nd1C00062,nd1T00051,nd1E00093,nd1N00020,"nd1I00028\,stdI00002",,Inside,731634,No,,No,No,No,Female,1992,Asian-Other,
483650,nd1R707753,06406d179,2/22/11 15:15,nd1S06406,Left,Brown,No,nd1C00062,nd1T00050,nd1E00093,nd1N00048,"nd1I00022\,stdI00002",,Inside,756714,Yes,Soft,No,Unknown,No,Female,1992,Asian-Other,
488120,nd1R710962,06406d185,2/22/11 15:15,nd1S06406,Left,Brown,No,nd1C00062,nd1T00054,nd1E00093,nd1N00059,"nd1I00026\,stdI00002",,Inside,761184,Yes,Soft,No,Unknown,No,Female,1992,Asian-Other,
488130,,,2/22/11 15:15,nd1S06406,Left,Brown,No,,nd1T00053,nd1E00093,nd1N00059,"nd1I00026\,stdI00002",,Inside,761194,Yes,Soft,No,Unknown,No,Female,1992,Asian-Other,
488131,,,2/22/11 15:15,nd1S06406,Left,Brown,No,,nd1T00053,nd1E00093,nd1N00059,"nd1I00026\,stdI00002",,Inside,761195,Yes,Soft,No,Unknown,No,Female,1992,Asian-Other,
488132,,,2/22/11 15:15,nd1S06406,Left,Brown,No,,nd1T00053,nd1E00093,nd1N00059,"nd1I00026\,stdI00002",,Inside,761196,Yes,Soft,No,Unknown,No,Female,1992,Asian-Other,
505143,nd1R796986,06406d423,3/10/11 15:28,nd1S06406,Left,Brown,No,nd1C00062,nd1T00054,nd1E00093,nd1N00059,"nd1I00026\,stdI00002",,Inside,797425,Yes,Soft,No,Unknown,No,Female,1992,Asian-Other,
505193,nd1R797036,06406d427,3/10/11 15:28,nd1S06406,Left,Brown,No,nd1C00062,nd1T00053,nd1E00093,nd1N00059,"nd1I00026\,stdI00002",,Inside,797475,Yes,Soft,No,Unknown,No,Female,1992,Asian-Other,
517758,nd1R807727,06406d449,3/24/11 15:09,nd1S06406,Left,Brown,No,nd1C00062,nd1T00050,nd1E00093,nd1N00048,"nd1I00022\,stdI00002",,Inside,825341,Yes,Soft,,Unknown,No,Female,1992,Asian-Other,
523543,nd1R832659,06406d533,3/24/11 15:09,nd1S06406,Left,Brown,No,nd1C00059,nd1T00051,nd1E00093,lg4000diff20,"nd1I00028\,stdI00002",,Inside,831126,Yes,Soft,,Unknown,No,Female,1992,Asian-Other,
524464,nd1R812719,06406d460,3/24/11 15:09,nd1S06406,Left,Brown,No,nd1C00062,nd1T00054,nd1E00093,nd1N00059,"nd1I00026\,stdI00002",,Inside,832047,Yes,Soft,,Unknown,No,Female,1992,Asian-Other,
545162,nd1R824306,06406d487,4/14/11 14:52,nd1S06406,Left,Brown,No,nd1C00062,nd1T00053,nd1E00101,nd1N00059,"nd1I00026\,stdI00002",,Inside,869346,Yes,Soft,No,Unknown,No,Female,1992,Asian-Other,
547912,nd1R835393,06406d544,4/14/11 14:52,nd1S06406,Left,Brown,No,nd1C00059,nd1T00051,nd1E00101,lg4000diff20,"nd1I00028\,stdI00002",,Inside,872096,Yes,Soft,No,Unknown,No,Female,1992,Asian-Other,
562334,,,4/28/11 15:00,nd1S06406,Left,Brown,No,,nd1T00053,nd1E00101,nd1N00059,"nd1I00026\,stdI00002",,Inside,907919,Yes,Soft,No,Unknown,No,Female,1992,Asian-Other,
573375,nd1R883304,06406d658,9/14/11 15:06,nd1S06406,Left,Brown,No,nd1C00068,nd1T00049,nd1E00107,nd1N00077,"nd1I00023\,stdI00002",,Inside,938277,Yes,Soft,No,Yes,No,Female,1992,Asian-Other,
456969,nd1R650231,06406d8,12/2/10 15:00,nd1S06406,Right,Brown,No,nd1C00055,nd1T00050,nd1E00090,nd1N00048,"nd1I00022\,stdI00002",,Inside,697806,Yes,Soft,Yes,Yes,No,Female,1992,Asian-Other,"contacts-given\,contacts-soft-given\,contacts-texture-given\,contacts-toric-given"
460820,nd1R657242,06406d43,12/2/10 15:00,nd1S06406,Right,Brown,No,nd1C00059,nd1T00052,nd1E00090,lg4000diff25,"nd1I00024\,stdI00002",,Inside,702215,No,,No,No,No,Female,1992,Asian-Other,
464803,nd1R672402,06406d92,1/26/11 15:03,nd1S06406,Right,Brown,No,nd1C00062,nd1T00050,nd1E00093,nd1N00048,"nd1I00022\,stdI00002",,Inside,707824,No,,No,No,No,Female,1992,Asian-Other,
464812,nd1R672411,06406d101,1/26/11 15:03,nd1S06406,Right,Brown,No,nd1C00062,nd1T00054,nd1E00093,nd1N00059,"nd1I00026\,stdI00002",,Inside,707833,No,,No,No,No,Female,1992,Asian-Other,
464813,,,1/26/11 15:03,nd1S06406,Right,Brown,No,,nd1T00053,nd1E00093,nd1N00059,"nd1I00026\,stdI00002",,Inside,707834,No,,No,No,No,Female,1992,Asian-Other,
464814,nd1R672412,06406d102,1/26/11 15:03,nd1S06406,Right,Brown,No,nd1C00062,nd1T00054,nd1E00093,nd1N00059,"nd1I00026\,stdI00002",,Inside,707835,No,,No,No,No,Female,1992,Asian-Other,
464816,nd1R672413,06406d103,1/26/11 15:03,nd1S06406,Right,Brown,No,nd1C00062,nd1T00054,nd1E00093,nd1N00059,"nd1I00026\,stdI00002",,Inside,707837,No,,No,No,No,Female,1992,Asian-Other,
464817,,,1/26/11 15:03,nd1S06406,Right,Brown,No,,nd1T00053,nd1E00093,nd1N00059,"nd1I00026\,stdI00002",,Inside,707838,No,,No,No,No,Female,1992,Asian-Other,
464823,nd1R672418,06406d108,1/26/11 15:03,nd1S06406,Right,Brown,No,nd1C00062,nd1T00049,nd1E00093,nd1N00049,"nd1I00023\,stdI00002",,Inside,707844,No,,No,No,No,Female,1992,Asian-Other,
473849,nd1R682685,06406d129,2/8/11 15:19,nd1S06406,Right,Brown,No,nd1C00062,nd1T00049,nd1E00093,nd1N00049,"nd1I00023\,stdI00002",,Inside,727327,No,,No,No,No,Female,1992,Asian-Other,
474637,nd1R680562,06406d113,2/8/11 15:19,nd1S06406,Right,Brown,No,nd1C00062,nd1T00050,nd1E00093,nd1N00048,"nd1I00022\,stdI00002",,Inside,728115,No,,No,No,No,Female,1992,Asian-Other,
478159,nd1R685089,06406d135,2/8/11 15:19,nd1S06406,Right,Brown,No,nd1C00062,nd1T00051,nd1E00093,nd1N00020,"nd1I00027\,stdI00002",,Inside,731637,No,,No,No,No,Female,1992,Asian-Other,
482780,nd1R706889,06406d175,2/22/11 15:15,nd1S06406,Right,Brown,No,nd1C00062,nd1T00049,nd1E00093,nd1N00049,"nd1I00023\,stdI00002",,Inside,755844,Yes,Soft,No,Unknown,No,Female,1992,Asian-Other,
484371,nd1R828019,06406d519,2/22/11 15:15,nd1S06406,Right,Brown,No,nd1C00059,nd1T00051,nd1E00093,lg4000diff30,"nd1I00029\,stdI00002",,Inside,757435,Yes,Soft,No,Unknown,No,Female,1992,Asian-Other,
488125,,,2/22/11 15:15,nd1S06406,Right,Brown,No,,nd1T00054,nd1E00093,nd1N00059,"nd1I00026\,stdI00002",,Inside,761189,Yes,Soft,No,Unknown,No,Female,1992,Asian-Other,
488128,,,2/22/11 15:15,nd1S06406,Right,Brown,No,,nd1T00054,nd1E00093,nd1N00059,"nd1I00026\,stdI00002",,Inside,761192,Yes,Soft,No,Unknown,No,Female,1992,Asian-Other,
488135,,,2/22/11 15:15,nd1S06406,Right,Brown,No,,nd1T00053,nd1E00093,nd1N00059,"nd1I00026\,stdI00002",,Inside,761199,Yes,Soft,No,Unknown,No,Female,1992,Asian-Other,
488136,,,2/22/11 15:15,nd1S06406,Right,Brown,No,,nd1T00053,nd1E00093,nd1N00059,"nd1I00026\,stdI00002",,Inside,761200,Yes,Soft,No,Unknown,No,Female,1992,Asian-Other,
505149,nd1R796992,06406d425,3/10/11 15:28,nd1S06406,Right,Brown,No,nd1C00062,nd1T00054,nd1E00093,nd1N00059,"nd1I00026\,stdI00002",,Inside,797431,Yes,Soft,No,Unknown,No,Female,1992,Asian-Other,
505263,nd1R797106,06406d434,3/10/11 15:28,nd1S06406,Right,Brown,No,nd1C00062,nd1T00050,nd1E00093,nd1N00048,"nd1I00022\,stdI00002",,Inside,797545,Yes,Soft,No,Unknown,No,Female,1992,Asian-Other,
524467,nd1R812722,06406d463,3/24/11 15:09,nd1S06406,Right,Brown,No,nd1C00062,nd1T00054,nd1E00093,nd1N00059,"nd1I00026\,stdI00002",,Inside,832050,Yes,Soft,,Unknown,No,Female,1992,Asian-Other,
545167,nd1R824311,06406d492,4/14/11 14:52,nd1S06406,Right,Brown,No,nd1C00062,nd1T00053,nd1E00101,nd1N00059,"nd1I00026\,stdI00002",,Inside,869351,Yes,Soft,No,Unknown,No,Female,1992,Asian-Other,
545168,nd1R824312,06406d493,4/14/11 14:52,nd1S06406,Right,Brown,No,nd1C00062,nd1T00053,nd1E00101,nd1N00059,"nd1I00026\,stdI00002",,Inside,869352,Yes,Soft,No,Unknown,No,Female,1992,Asian-Other,
547446,nd1R834979,06406d540,4/14/11 14:52,nd1S06406,Right,Brown,No,nd1C00059,nd1T00051,nd1E00101,lg4000diff20,"nd1I00027\,stdI00002",,Inside,871630,Yes,Soft,No,Unknown,No,Female,1992,Asian-Other,
562339,nd1R863718,06406d613,4/28/11 15:00,nd1S06406,Right,Brown,No,nd1C00062,nd1T00053,nd1E00101,nd1N00059,"nd1I00026\,stdI00002",,Inside,907924,Yes,Soft,No,Unknown,No,Female,1992,Asian-Other,
562340,nd1R863719,06406d614,4/28/11 15:00,nd1S06406,Right,Brown,No,nd1C00062,nd1T00053,nd1E00101,nd1N00059,"nd1I00026\,stdI00002",,Inside,907925,Yes,Soft,No,Unknown,No,Female,1992,Asian-Other,
576289,nd1R885642,06406d691,9/14/11 15:06,nd1S06406,Right,Brown,No,nd1C00068,nd1T00054,nd1E00107,nd1N00073,"nd1I00036\,stdI00002",,Inside,941191,Yes,Soft,No,Yes,No,Female,1992,Asian-Other,
576299,nd1R885652,06406d696,9/14/11 15:06,nd1S06406,Right,Brown,No,nd1C00068,nd1T00053,nd1E00107,nd1N00073,"nd1I00036\,stdI00002",,Inside,941201,Yes,Soft,No,Yes,No,Female,1992,Asian-Other,
576303,nd1R885656,06406d698,9/14/11 15:06,nd1S06406,Right,Brown,No,nd1C00068,nd1T00053,nd1E00107,nd1N00073,"nd1I00036\,stdI00002",,Inside,941205,Yes,Soft,No,Yes,No,Female,1992,Asian-Other,
456073,nd1R649337,06413d2,12/2/10 12:47,nd1S06413,Right,Brown,No,nd1C00055,nd1T00051,nd1E00090,nd1N00020,"nd1I00020\,stdI00002",,Inside,696910,No,,No,No,No,Female,1989,White,
456079,,,12/2/10 12:47,nd1S06413,Right,Brown,No,,nd1T00050,nd1E00090,nd1N00048,"nd1I00022\,stdI00002",,Inside,696916,No,,No,No,No,Female,1989,White,
456081,nd1R649343,06413d8,12/2/10 12:47,nd1S06413,Right,Brown,No,nd1C00055,nd1T00050,nd1E00090,nd1N00048,"nd1I00022\,stdI00002",,Inside,696918,No,,No,No,No,Female,1989,White,
456083,nd1R649345,06413d10,12/2/10 12:47,nd1S06413,Right,Brown,No,nd1C00055,nd1T00050,nd1E00090,nd1N00048,"nd1I00022\,stdI00002",,Inside,696920,No,,No,No,No,Female,1989,White,
456088,nd1R649350,06413d15,12/2/10 12:47,nd1S06413,Right,Brown,No,nd1C00055,nd1T00049,nd1E00090,nd1N00049,"nd1I00023\,stdI00002",,Inside,696925,No,,No,No,No,Female,1989,White,
460548,nd1R657469,06413d37,12/2/10 12:47,nd1S06413,Right,Brown,No,nd1C00059,nd1T00052,nd1E00090,lg4000diff25,"nd1I00024\,stdI00002",,Inside,701943,No,,No,No,No,Female,1989,White,
480438,nd1R704548,06413d45,2/22/11 12:35,nd1S06413,Right,Brown,No,nd1C00062,nd1T00051,nd1E00093,nd1N00020,"nd1I00028\,stdI00002",,Inside,753502,Yes,Soft,No,Unknown,No,Female,1989,White,
482311,nd1R706420,06413d55,2/22/11 12:35,nd1S06413,Right,Brown,No,nd1C00062,nd1T00049,nd1E00093,nd1N00049,"nd1I00023\,stdI00002",,Inside,755375,Yes,Soft,No,Unknown,No,Female,1989,White,
487047,nd1R709907,06413d70,2/22/11 12:35,nd1S06413,Right,Brown,No,nd1C00062,nd1T00054,nd1E00093,nd1N00059,"nd1I00026\,stdI00002",,Inside,760111,Yes,Soft,No,Unknown,No,Female,1989,White,
487057,nd1R709917,06413d80,2/22/11 12:35,nd1S06413,Right,Brown,No,nd1C00062,nd1T00053,nd1E00093,nd1N00059,"nd1I00026\,stdI00002",,Inside,760121,Yes,Soft,No,Unknown,No,Female,1989,White,
610935,nd1R980397,06441d967,10/26/11 13:51,nd1S06441,Right,Green,No,nd1C00068,nd1T00053,nd1E00107,nd1N00073,"nd1I00036\,stdI00002",,Inside,1013737,No,,No,No,No,Female,1992,White,
612865,nd1R981677,06441d977,10/26/11 13:51,nd1S06441,Right,Green,No,nd1C00068,nd1T00050,nd1E00107,nd1N00048,"nd1I00022\,stdI00002",,Inside,1015667,No,,No,No,No,Female,1992,White,
625083,nd1R991831,06441d1019,11/9/11 13:50,nd1S06441,Right,Green,No,nd1C00068,nd1T00049,nd1E00107,nd1N00079,"nd1I00023\,stdI00002",,Inside,1039497,No,,No,No,No,Female,1992,White,
637471,nd1R1002750,06441d1042,2/9/12 13:37,nd1S06441,Right,Green,No,nd1C00072,nd1T00054,nd1E00107,nd1N00073,"nd1I00036\,stdI00002",,Inside,1063361,No,,No,No,No,Female,1992,White,
637479,nd1R1002758,06441d1050,2/9/12 13:37,nd1S06441,Right,Green,No,nd1C00072,nd1T00053,nd1E00107,nd1N00073,"nd1I00036\,stdI00002",,Inside,1063369,No,,No,No,No,Female,1992,White,
639176,nd1R1004006,06441d1058,2/9/12 13:37,nd1S06441,Right,Green,No,nd1C00072,nd1T00049,nd1E00107,nd1N00079,"nd1I00023\,stdI00002",,Inside,1065066,No,,No,No,No,Female,1992,White,
649569,nd1R1028001,06441d1134,2/23/12 15:00,nd1S06441,Right,Green,No,nd1C00072,nd1T00053,nd1E00107,nd1N00073,"nd1I00036\,stdI00002",,Inside,1088800,No,,No,No,No,Female,1992,White,
650701,nd1R1029133,06441d1144,2/23/12 15:00,nd1S06441,Right,Green,No,nd1C00072,nd1T00049,nd1E00107,nd1N00079,"nd1I00023\,stdI00002",,Inside,1089932,No,,No,No,No,Female,1992,White,
652493,,,2/23/12 15:00,nd1S06441,Right,Green,No,,nd1T00051,nd1E00107,nd1N00074,"nd1I00027\,stdI00002",,Inside,1091724,No,,No,No,No,Female,1992,White,
668429,nd1R1069450,06441d1219,3/28/12 12:13,nd1S06441,Right,Green,No,nd1C00072,nd1T00053,nd1E00107,nd1N00073,"nd1I00036\,stdI00002",,Inside,1129721,No,,No,No,No,Female,1992,White,
668847,nd1R1069867,06441d1236,3/28/12 12:13,nd1S06441,Right,Green,No,nd1C00072,nd1T00049,nd1E00107,nd1N00079,"nd1I00023\,stdI00002",,Inside,1130139,No,,No,No,No,Female,1992,White,
670207,nd1R1071226,06441d1250,3/28/12 12:13,nd1S06441,Right,Green,No,nd1C00072,nd1T00051,nd1E00107,nd1N00074,"nd1I00028\,stdI00002",,Inside,1131499,No,,No,No,No,Female,1992,White,
452730,nd1R646018,06441d2,11/30/10 13:22,nd1S06441,Right,Green,No,nd1C00055,nd1T00051,nd1E00090,nd1N00020,"nd1I00020\,stdI00002",,Inside,693567,No,,No,No,No,Female,1992,White,
452736,nd1R646024,06441d8,11/30/10 13:22,nd1S06441,Right,Green,No,nd1C00055,nd1T00050,nd1E00090,nd1N00048,"nd1I00022\,stdI00002",,Inside,693573,No,,No,No,No,Female,1992,White,
452745,nd1R646033,06441d17,11/30/10 13:22,nd1S06441,Right,Green,No,nd1C00055,nd1T00049,nd1E00090,nd1N00049,"nd1I00023\,stdI00002",,Inside,693582,No,,No,No,No,Female,1992,White,
459512,nd1R658461,06441d42,11/30/10 13:22,nd1S06441,Right,Green,No,nd1C00059,nd1T00052,nd1E00090,lg4000diff25,"nd1I00024\,stdI00002",,Inside,700907,No,,No,No,No,Female,1992,White,
464858,nd1R672452,06441d80,1/26/11 15:21,nd1S06441,Right,Green,No,nd1C00062,nd1T00051,nd1E00093,nd1N00020,"nd1I00020\,stdI00002",,Inside,707879,No,,No,No,No,Female,1992,White,
464874,nd1R672468,06441d96,1/26/11 15:21,nd1S06441,Right,Green,No,nd1C00062,nd1T00054,nd1E00093,nd1N00059,"nd1I00026\,stdI00002",,Inside,707895,No,,No,No,No,Female,1992,White,
464877,nd1R672470,06441d98,1/26/11 15:21,nd1S06441,Right,Green,No,nd1C00062,nd1T00053,nd1E00093,nd1N00059,"nd1I00026\,stdI00002",,Inside,707898,No,,No,No,No,Female,1992,White,
471342,nd1R1088343,06441d1310,2/9/11 15:18,nd1S06441,Right,Green,No,nd1C00062,nd1T00054,nd1E00093,nd1N00059,"nd1I00026\,stdI00002",,Inside,724820,No,,No,No,No,Female,1992,White,
471349,nd1R678369,06441d114,2/9/11 15:18,nd1S06441,Right,Green,No,nd1C00062,nd1T00053,nd1E00093,nd1N00059,"nd1I00026\,stdI00002",,Inside,724827,No,,No,No,No,Female,1992,White,
471352,,,2/9/11 15:18,nd1S06441,Right,Green,No,,nd1T00053,nd1E00093,nd1N00059,"nd1I00026\,stdI00002",,Inside,724830,No,,No,No,No,Female,1992,White,
479228,nd1R686158,06441d141,2/9/11 15:18,nd1S06441,Right,Green,No,nd1C00062,nd1T00051,nd1E00093,nd1N00020,"nd1I00027\,stdI00002",,Inside,732706,No,,No,No,No,Female,1992,White,
487686,nd1R710535,06441d235,2/22/11 14:19,nd1S06441,Right,Green,No,nd1C00062,nd1T00054,nd1E00093,nd1N00059,"nd1I00026\,stdI00002",,Inside,760750,No,,No,No,No,Female,1992,White,
511876,nd1R801856,06441d414,3/22/11 12:00,nd1S06441,Right,Green,No,nd1C00062,nd1T00054,nd1E00093,nd1N00059,"nd1I00026\,stdI00002",,Inside,819459,No,,No,No,No,Female,1992,White,
511886,nd1R801866,06441d424,3/22/11 12:00,nd1S06441,Right,Green,No,nd1C00062,nd1T00053,nd1E00093,nd1N00059,"nd1I00026\,stdI00002",,Inside,819469,No,,No,No,No,Female,1992,White,
514038,nd1R804017,06441d433,3/22/11 12:00,nd1S06441,Right,Green,No,nd1C00062,nd1T00049,nd1E00093,nd1N00049,"nd1I00023\,stdI00002",,Inside,821621,No,,No,No,No,Female,1992,White,
544522,nd1R823731,06441d455,4/14/11 13:16,nd1S06441,Right,Green,No,nd1C00062,nd1T00054,nd1E00101,nd1N00059,"nd1I00026\,stdI00002",,Inside,868706,No,,No,No,No,Female,1992,White,
576004,nd1R885439,06441d650,9/13/11 13:19,nd1S06441,Right,Green,No,nd1C00068,nd1T00054,nd1E00107,nd1N00073,"nd1I00036\,stdI00002",,Inside,940906,No,,No,No,No,Female,1992,White,
576006,nd1R885441,06441d651,9/13/11 13:19,nd1S06441,Right,Green,No,nd1C00068,nd1T00053,nd1E00107,nd1N00073,"nd1I00036\,stdI00002",,Inside,940908,No,,No,No,No,Female,1992,White,
590287,nd1R935351,06441d773,9/29/11 12:29,nd1S06441,Right,Green,No,nd1C00068,nd1T00053,nd1E00107,nd1N00073,"nd1I00036\,stdI00002",,Inside,968538,No,,No,No,No,Female,1992,White,
591721,nd1R935780,06441d786,9/29/11 12:29,nd1S06441,Right,Green,No,nd1C00068,nd1T00054,nd1E00107,nd1N00073,"nd1I00036\,stdI00002",,Inside,969972,No,,No,No,No,Female,1992,White,
484782,nd1R708165,06469d172,2/23/11 13:39,nd1S06469,Right,Blue,No,nd1C00062,nd1T00049,nd1E00093,nd1N00049,"nd1I00023\,stdI00002",,Inside,757846,Yes,Soft,No,No,No,Female,1989,White,
485988,nd1R828420,06469d442,2/23/11 13:39,nd1S06469,Right,Blue,No,nd1C00059,nd1T00051,nd1E00093,lg4000diff30,"nd1I00029\,stdI00002",,Inside,759052,Yes,Soft,No,No,No,Female,1989,White,
489568,nd1R712374,06469d188,2/23/11 13:39,nd1S06469,Right,Blue,No,nd1C00062,nd1T00054,nd1E00093,nd1N00059,"nd1I00026\,stdI00002",,Inside,762632,Yes,Soft,No,No,No,Female,1989,White,
516050,nd1R806027,06469d382,3/23/11 12:00,nd1S06469,Right,Blue,No,nd1C00062,nd1T00050,nd1E00093,nd1N00048,"nd1I00022\,stdI00002",,Inside,823633,Yes,Soft,No,No,No,Female,1989,White,
556894,nd1R859097,06469d525,4/27/11 13:28,nd1S06469,Right,Blue,No,nd1C00062,nd1T00053,nd1E00101,nd1N00059,"nd1I00026\,stdI00002",,Inside,902479,Yes,Soft,No,No,No,Female,1989,White,
561091,nd1R869532,06469d559,4/27/11 13:28,nd1S06469,Right,Blue,No,nd1C00059,nd1T00051,nd1E00101,lg4000diff25,"nd1I00027\,stdI00002",,Inside,906676,Yes,Soft,No,No,No,Female,1989,White,
627308,nd1R994053,06500d1047,11/10/11 14:04,nd1S06500,Left,Blue,No,nd1C00068,nd1T00049,nd1E00107,nd1N00079,"nd1I00023\,stdI00002",,Inside,1041722,Yes,Soft,No,No,No,Male,1991,White,
628193,nd1R994936,06500d1055,11/10/11 14:04,nd1S06500,Left,Blue,No,nd1C00068,nd1T00051,nd1E00107,nd1N00074,"nd1I00028\,stdI00002",,Inside,1042607,Yes,Soft,No,No,No,Male,1991,White,
629922,,,11/10/11 14:04,nd1S06500,Left,Blue,No,,nd1T00054,nd1E00107,nd1N00073,"nd1I00036\,stdI00002",,Inside,1044336,Yes,Soft,No,No,No,Male,1991,White,
629923,nd1R996662,06500d1073,11/10/11 14:04,nd1S06500,Left,Blue,No,nd1C00068,nd1T00054,nd1E00107,nd1N00073,"nd1I00036\,stdI00002",,Inside,1044337,Yes,Soft,No,No,No,Male,1991,White,
646719,nd1R1025153,06500d1166,2/22/12 13:15,nd1S06500,Left,Blue,No,nd1C00072,nd1T00054,nd1E00107,nd1N00073,"nd1I00036\,stdI00002",,Inside,1085950,No,,No,No,No,Male,1991,White,
647500,nd1R1025934,06500d1191,2/22/12 13:15,nd1S06500,Left,Blue,No,nd1C00072,nd1T00049,nd1E00107,nd1N00079,"nd1I00023\,stdI00002",,Inside,1086731,No,,No,No,No,Male,1991,White,
669836,nd1R1070855,06500d1367,3/28/12 13:54,nd1S06500,Left,Blue,No,nd1C00072,nd1T00054,nd1E00107,nd1N00073,"nd1I00036\,stdI00002",,Inside,1131128,Yes,Soft,No,No,No,Male,1991,White,
467066,nd1R1087918,06500d1435,1/27/11 15:01,nd1S06500,Left,Unknown,No,nd1C00062,nd1T00051,nd1E00093,nd1N00020,"nd1I00020\,stdI00002",,Inside,710087,Unknown,,,,,Male,1991,White,
467074,,,1/27/11 15:01,nd1S06500,Left,Blue,No,,nd1T00050,nd1E00093,nd1N00048,"nd1I00022\,stdI00002",,Inside,710095,No,,No,No,No,Male,1991,White,
467082,nd1R674546,06500d61,1/27/11 15:01,nd1S06500,Left,Blue,No,nd1C00062,nd1T00054,nd1E00093,nd1N00059,"nd1I00026\,stdI00002",,Inside,710103,No,,No,No,No,Male,1991,White,
472367,nd1R679322,06500d67,2/10/11 15:02,nd1S06500,Left,Blue,No,nd1C00062,nd1T00054,nd1E00093,nd1N00059,"nd1I00026\,stdI00002",,Inside,725845,No,,No,No,No,Male,1991,White,
472372,nd1R679327,06500d72,2/10/11 15:02,nd1S06500,Left,Blue,No,nd1C00062,nd1T00053,nd1E00093,nd1N00059,"nd1I00026\,stdI00002",,Inside,725850,No,,No,No,No,Male,1991,White,
476527,nd1R1088540,06500d1449,2/10/11 15:01,nd1S06500,Left,Blue,No,nd1C00062,nd1T00049,nd1E00093,nd1N00049,"nd1I00023\,stdI00002",,Inside,730005,Unknown,,,,,Male,1991,White,
477233,nd1R1088558,06500d1461,2/10/11 15:01,nd1S06500,Left,Blue,No,nd1C00062,nd1T00050,nd1E00093,nd1N00048,"nd1I00022\,stdI00002",,Inside,730711,Unknown,,,,,Male,1991,White,
493073,nd1R715859,06500d144,2/24/11 14:58,nd1S06500,Left,Blue,No,nd1C00062,nd1T00054,nd1E00093,nd1N00059,"nd1I00026\,stdI00002",,Inside,766137,Yes,Soft,No,No,No,Male,1991,White,
493082,nd1R715868,06500d153,2/24/11 14:58,nd1S06500,Left,Blue,No,nd1C00062,nd1T00053,nd1E00093,nd1N00059,"nd1I00026\,stdI00002",,Inside,766146,Yes,Soft,No,No,No,Male,1991,White,
502951,nd1R794803,06500d397,3/9/11 15:04,nd1S06500,Left,Blue,No,nd1C00062,nd1T00049,nd1E00093,nd1N00049,"nd1I00023\,stdI00002",,Inside,795233,Yes,Soft,No,No,No,Male,1991,White,
523492,nd1R832618,06500d498,3/24/11 15:04,nd1S06500,Left,Blue,No,nd1C00059,nd1T00051,nd1E00093,lg4000diff20,"nd1I00027\,stdI00002",,Inside,831075,Yes,Soft,No,No,No,Male,1991,White,
523493,nd1R832619,06500d499,3/24/11 15:04,nd1S06500,Left,Blue,No,nd1C00059,nd1T00051,nd1E00093,lg4000diff20,"nd1I00028\,stdI00002",,Inside,831076,Yes,Soft,No,No,No,Male,1991,White,
524376,nd1R812631,06500d440,3/24/11 15:04,nd1S06500,Left,Blue,No,nd1C00062,nd1T00053,nd1E00093,nd1N00059,"nd1I00026\,stdI00002",,Inside,831959,Yes,Soft,No,No,No,Male,1991,White,
524377,nd1R812632,06500d441,3/24/11 15:04,nd1S06500,Left,Blue,No,nd1C00062,nd1T00053,nd1E00093,nd1N00059,"nd1I00026\,stdI00002",,Inside,831960,Yes,Soft,No,No,No,Male,1991,White,
548651,nd1R826552,06500d478,4/14/11 14:57,nd1S06500,Left,Blue,No,nd1C00062,nd1T00049,nd1E00101,nd1N00049,"nd1I00023\,stdI00002",,Inside,872835,Yes,Soft,No,No,No,Male,1991,White,
549448,nd1R827259,06500d486,4/14/11 14:57,nd1S06500,Left,Blue,No,nd1C00062,nd1T00050,nd1E00101,nd1N00048,"nd1I00022\,stdI00002",,Inside,873632,Yes,Soft,No,No,No,Male,1991,White,
603426,nd1R942560,06500d859,10/13/11 13:37,nd1S06500,Left,Blue,No,nd1C00068,nd1T00053,nd1E00107,nd1N00073,"nd1I00036\,stdI00002",,Inside,994761,Yes,Soft,No,No,No,Male,1991,White,
605274,nd1R943721,06500d872,10/13/11 13:37,nd1S06500,Left,Blue,No,nd1C00068,nd1T00050,nd1E00107,nd1N00048,"nd1I00022\,stdI00002",,Inside,996609,Yes,Soft,No,No,No,Male,1991,White,
647171,nd1R1025605,06505d439,2/22/12 15:49,nd1S06505,Left,Brown,No,nd1C00072,nd1T00054,nd1E00107,nd1N00073,"nd1I00036\,stdI00002",,Inside,1086402,Yes,Soft,No,No,No,Male,1992,White,
647172,nd1R1025606,06505d440,2/22/12 15:49,nd1S06505,Left,Brown,No,nd1C00072,nd1T00054,nd1E00107,nd1N00073,"nd1I00036\,stdI00002",,Inside,1086403,Yes,Soft,No,No,No,Male,1992,White,
647179,nd1R1025613,06505d447,2/22/12 15:49,nd1S06505,Left,Brown,No,nd1C00072,nd1T00053,nd1E00107,nd1N00073,"nd1I00036\,stdI00002",,Inside,1086410,Yes,Soft,No,No,No,Male,1992,White,
647180,nd1R1025614,06505d448,2/22/12 15:49,nd1S06505,Left,Brown,No,nd1C00072,nd1T00053,nd1E00107,nd1N00073,"nd1I00036\,stdI00002",,Inside,1086411,Yes,Soft,No,No,No,Male,1992,White,
647181,nd1R1025615,06505d449,2/22/12 15:49,nd1S06505,Left,Brown,No,nd1C00072,nd1T00053,nd1E00107,nd1N00073,"nd1I00036\,stdI00002",,Inside,1086412,Yes,Soft,No,No,No,Male,1992,White,
647736,nd1R1026170,06505d455,2/22/12 15:49,nd1S06505,Left,Brown,No,nd1C00072,nd1T00049,nd1E00107,nd1N00079,"nd1I00023\,stdI00002",,Inside,1086967,Yes,Soft,No,No,No,Male,1992,White,
648181,nd1R1026614,06505d463,2/22/12 15:49,nd1S06505,Left,Brown,No,nd1C00072,nd1T00050,nd1E00107,nd1N00048,"nd1I00022\,stdI00002",,Inside,1087412,Yes,Soft,No,No,No,Male,1992,White,
648183,nd1R1026616,06505d465,2/22/12 15:49,nd1S06505,Left,Brown,No,nd1C00072,nd1T00050,nd1E00107,nd1N00048,"nd1I00022\,stdI00002",,Inside,1087414,Yes,Soft,No,No,No,Male,1992,White,
648185,nd1R1026618,06505d467,2/22/12 15:49,nd1S06505,Left,Brown,No,nd1C00072,nd1T00050,nd1E00107,nd1N00048,"nd1I00022\,stdI00002",,Inside,1087416,Yes,Soft,No,No,No,Male,1992,White,
648958,nd1R1027391,06505d469,2/22/12 15:49,nd1S06505,Left,Brown,No,nd1C00072,nd1T00051,nd1E00107,nd1N00074,"nd1I00027\,stdI00002",,Inside,1088189,Yes,Soft,No,No,No,Male,1992,White,
648959,nd1R1027392,06505d470,2/22/12 15:49,nd1S06505,Left,Brown,No,nd1C00072,nd1T00051,nd1E00107,nd1N00074,"nd1I00027\,stdI00002",,Inside,1088190,Yes,Soft,No,No,No,Male,1992,White,
648960,nd1R1027393,06505d471,2/22/12 15:49,nd1S06505,Left,Brown,No,nd1C00072,nd1T00051,nd1E00107,nd1N00074,"nd1I00027\,stdI00002",,Inside,1088191,Yes,Soft,No,No,No,Male,1992,White,
654062,nd1R1043529,06505d523,3/6/12 15:12,nd1S06505,Left,Brown,No,nd1C00072,nd1T00054,nd1E00107,nd1N00073,"nd1I00036\,stdI00002",,Inside,1103808,Yes,Soft,No,No,No,Male,1992,White,
654063,nd1R1043530,06505d524,3/6/12 15:12,nd1S06505,Left,Brown,No,nd1C00072,nd1T00054,nd1E00107,nd1N00073,"nd1I00036\,stdI00002",,Inside,1103809,Yes,Soft,No,No,No,Male,1992,White,
654070,nd1R1043537,06505d531,3/6/12 15:12,nd1S06505,Left,Brown,No,nd1C00072,nd1T00053,nd1E00107,nd1N00073,"nd1I00036\,stdI00002",,Inside,1103816,Yes,Soft,No,No,No,Male,1992,White,
654071,nd1R1043538,06505d532,3/6/12 15:12,nd1S06505,Left,Brown,No,nd1C00072,nd1T00053,nd1E00107,nd1N00073,"nd1I00036\,stdI00002",,Inside,1103817,Yes,Soft,No,No,No,Male,1992,White,
654072,nd1R1043539,06505d533,3/6/12 15:12,nd1S06505,Left,Brown,No,nd1C00072,nd1T00053,nd1E00107,nd1N00073,"nd1I00036\,stdI00002",,Inside,1103818,Yes,Soft,No,No,No,Male,1992,White,
655042,nd1R1044503,06505d541,3/6/12 15:12,nd1S06505,Left,Brown,No,nd1C00072,nd1T00049,nd1E00107,nd1N00079,"nd1I00023\,stdI00002",,Inside,1104788,Yes,Soft,No,No,No,Male,1992,White,
655699,nd1R1045158,06505d549,3/6/12 15:12,nd1S06505,Left,Brown,No,nd1C00072,nd1T00050,nd1E00107,nd1N00048,"nd1I00022\,stdI00002",,Inside,1105445,Yes,Soft,No,No,No,Male,1992,White,
655701,nd1R1045160,06505d551,3/6/12 15:12,nd1S06505,Left,Brown,No,nd1C00072,nd1T00050,nd1E00107,nd1N00048,"nd1I00022\,stdI00002",,Inside,1105447,Yes,Soft,No,No,No,Male,1992,White,
655703,nd1R1045162,06505d553,3/6/12 15:12,nd1S06505,Left,Brown,No,nd1C00072,nd1T00050,nd1E00107,nd1N00048,"nd1I00022\,stdI00002",,Inside,1105449,Yes,Soft,No,No,No,Male,1992,White,
656742,nd1R1046197,06505d555,3/6/12 15:12,nd1S06505,Left,Brown,No,nd1C00072,nd1T00051,nd1E00107,nd1N00074,"nd1I00027\,stdI00002",,Inside,1106488,Yes,Soft,No,No,No,Male,1992,White,
656744,nd1R1046199,06505d557,3/6/12 15:12,nd1S06505,Left,Brown,No,nd1C00072,nd1T00051,nd1E00107,nd1N00074,"nd1I00027\,stdI00002",,Inside,1106490,Yes,Soft,No,No,No,Male,1992,White,
656745,nd1R1046200,06505d558,3/6/12 15:12,nd1S06505,Left,Brown,No,nd1C00072,nd1T00051,nd1E00107,nd1N00074,"nd1I00028\,stdI00002",,Inside,1106491,Yes,Soft,No,No,No,Male,1992,White,
656747,nd1R1046202,06505d560,3/6/12 15:12,nd1S06505,Left,Brown,No,nd1C00072,nd1T00051,nd1E00107,nd1N00074,"nd1I00028\,stdI00002",,Inside,1106493,Yes,Soft,No,No,No,Male,1992,White,
524605,nd1R812860,06505d386,3/24/11 15:19,nd1S06505,Left,Brown,No,nd1C00062,nd1T00054,nd1E00093,nd1N00059,"nd1I00026\,stdI00002",,Inside,832188,Yes,Soft,No,No,No,Male,1992,White,
524606,nd1R812861,06505d387,3/24/11 15:19,nd1S06505,Left,Brown,No,nd1C00062,nd1T00054,nd1E00093,nd1N00059,"nd1I00026\,stdI00002",,Inside,832189,Yes,Soft,No,No,No,Male,1992,White,
524612,nd1R812867,06505d393,3/24/11 15:19,nd1S06505,Left,Brown,No,nd1C00062,nd1T00053,nd1E00093,nd1N00059,"nd1I00026\,stdI00002",,Inside,832195,Yes,Soft,No,No,No,Male,1992,White,
524613,nd1R812868,06505d394,3/24/11 15:19,nd1S06505,Left,Brown,No,nd1C00062,nd1T00053,nd1E00093,nd1N00059,"nd1I00026\,stdI00002",,Inside,832196,Yes,Soft,No,No,No,Male,1992,White,
524614,nd1R812869,06505d395,3/24/11 15:19,nd1S06505,Left,Brown,No,nd1C00062,nd1T00053,nd1E00093,nd1N00059,"nd1I00026\,stdI00002",,Inside,832197,Yes,Soft,No,No,No,Male,1992,White,
524615,nd1R812870,06505d396,3/24/11 15:19,nd1S06505,Left,Brown,No,nd1C00062,nd1T00053,nd1E00093,nd1N00059,"nd1I00026\,stdI00002",,Inside,832198,Yes,Soft,No,No,No,Male,1992,White,
524616,nd1R812871,06505d397,3/24/11 15:19,nd1S06505,Left,Brown,No,nd1C00062,nd1T00053,nd1E00093,nd1N00059,"nd1I00026\,stdI00002",,Inside,832199,Yes,Soft,No,No,No,Male,1992,White,
647741,nd1R1026175,06505d460,2/22/12 15:49,nd1S06505,Right,Brown,No,nd1C00072,nd1T00049,nd1E00107,nd1N00079,"nd1I00023\,stdI00002",,Inside,1086972,Yes,Soft,No,No,No,Male,1992,White,
648186,nd1R1026619,06505d468,2/22/12 15:49,nd1S06505,Right,Brown,No,nd1C00072,nd1T00050,nd1E00107,nd1N00048,"nd1I00022\,stdI00002",,Inside,1087417,Yes,Soft,No,No,No,Male,1992,White,
654069,nd1R1043536,06505d530,3/6/12 15:12,nd1S06505,Right,Brown,No,nd1C00072,nd1T00054,nd1E00107,nd1N00073,"nd1I00036\,stdI00002",,Inside,1103815,Yes,Soft,No,No,No,Male,1992,White,
654075,nd1R1043542,06505d536,3/6/12 15:12,nd1S06505,Right,Brown,No,nd1C00072,nd1T00053,nd1E00107,nd1N00073,"nd1I00036\,stdI00002",,Inside,1103821,Yes,Soft,No,No,No,Male,1992,White,
655046,nd1R1044507,06505d545,3/6/12 15:12,nd1S06505,Right,Brown,No,nd1C00072,nd1T00049,nd1E00107,nd1N00079,"nd1I00023\,stdI00002",,Inside,1104792,Yes,Soft,No,No,No,Male,1992,White,
467314,nd1R674775,06505d47,1/27/11 15:23,nd1S06505,Right,Brown,No,nd1C00062,nd1T00050,nd1E00093,nd1N00048,"nd1I00022\,stdI00002",,Inside,710335,No,,No,No,No,Male,1992,White,
467323,nd1R674784,06505d56,1/27/11 15:23,nd1S06505,Right,Brown,No,nd1C00062,nd1T00054,nd1E00093,nd1N00059,"nd1I00026\,stdI00002",,Inside,710344,No,,No,No,No,Male,1992,White,
472478,nd1R679417,06505d61,2/10/11 15:17,nd1S06505,Right,Brown,No,nd1C00062,nd1T00054,nd1E00093,nd1N00059,"nd1I00026\,stdI00002",,Inside,725956,No,,No,No,No,Male,1992,White,
472482,nd1R679421,06505d65,2/10/11 15:17,nd1S06505,Right,Brown,No,nd1C00062,nd1T00053,nd1E00093,nd1N00059,"nd1I00026\,stdI00002",,Inside,725960,No,,No,No,No,Male,1992,White,
476635,nd1R684133,06505d82,2/10/11 15:17,nd1S06505,Right,Brown,No,nd1C00062,nd1T00049,nd1E00093,nd1N00049,"nd1I00023\,stdI00002",,Inside,730113,No,,No,No,No,Male,1992,White,
479827,nd1R686755,06505d89,2/10/11 15:17,nd1S06505,Right,Brown,No,nd1C00062,nd1T00051,nd1E00093,nd1N00020,"nd1I00027\,stdI00002",,Inside,733305,No,,No,No,No,Male,1992,White,
493300,nd1R716086,06505d164,2/24/11 15:23,nd1S06505,Right,Brown,No,nd1C00062,nd1T00054,nd1E00093,nd1N00059,"nd1I00026\,stdI00002",,Inside,766364,Yes,Soft,No,No,No,Male,1992,White,
493306,nd1R716092,06505d170,2/24/11 15:23,nd1S06505,Right,Brown,No,nd1C00062,nd1T00053,nd1E00093,nd1N00059,"nd1I00026\,stdI00002",,Inside,766370,Yes,Soft,No,No,No,Male,1992,White,
495796,nd1R829263,06505d406,2/24/11 15:23,nd1S06505,Right,Brown,No,nd1C00059,nd1T00051,nd1E00093,lg4000diff30,"nd1I00029\,stdI00002",,Inside,768860,Yes,Soft,No,No,No,Male,1992,White,
504722,nd1R796573,06505d352,3/10/11 14:50,nd1S06505,Right,Brown,No,nd1C00062,nd1T00049,nd1E00093,nd1N00049,"nd1I00023\,stdI00002",,Inside,797004,No,,No,No,No,Male,1992,White,
517043,,,3/24/11 15:19,nd1S06505,Right,Brown,No,,nd1T00049,nd1E00093,nd1N00049,"nd1I00023\,stdI00002",,Inside,824626,Yes,Soft,No,No,No,Male,1992,White,
523630,nd1R832716,06505d424,3/24/11 15:19,nd1S06505,Right,Brown,No,nd1C00059,nd1T00051,nd1E00093,lg4000diff20,"nd1I00027\,stdI00002",,Inside,831213,Yes,Soft,No,No,No,Male,1992,White,
524608,nd1R812863,06505d389,3/24/11 15:19,nd1S06505,Right,Brown,No,nd1C00062,nd1T00054,nd1E00093,nd1N00059,"nd1I00026\,stdI00002",,Inside,832191,Yes,Soft,No,No,No,Male,1992,White,
524621,nd1R812876,06505d402,3/24/11 15:19,nd1S06505,Right,Brown,No,nd1C00062,nd1T00053,nd1E00093,nd1N00059,"nd1I00026\,stdI00002",,Inside,832204,Yes,Soft,No,No,No,Male,1992,White,
467746,nd1R675189,06516d46,1/27/11 16:58,nd1S06516,Right,Blue,No,nd1C00062,nd1T00050,nd1E00093,nd1N00048,"nd1I00022\,stdI00002",,Inside,710767,No,,No,No,No,Female,1989,White,
467767,,,1/27/11 16:58,nd1S06516,Right,Blue,No,,nd1T00054,nd1E00093,nd1N00059,"nd1I00026\,stdI00002",,Inside,710788,No,,No,No,No,Female,1989,White,
518007,nd1R807972,06516d233,3/24/11 16:51,nd1S06516,Right,Blue,No,nd1C00062,nd1T00050,nd1E00093,nd1N00048,"nd1I00022\,stdI00002",,Inside,825590,No,,No,No,No,Female,1989,White,
557841,nd1R860044,06516d336,4/27/11 16:03,nd1S06516,Right,Blue,No,nd1C00062,nd1T00053,nd1E00101,nd1N00059,"nd1I00026\,stdI00002",,Inside,903426,No,,No,No,No,Female,1989,White,
559003,nd1R861206,06516d345,4/27/11 16:03,nd1S06516,Right,Blue,No,nd1C00062,nd1T00049,nd1E00101,nd1N00049,"nd1I00023\,stdI00002",,Inside,904588,No,,No,No,No,Female,1989,White,
560047,nd1R862249,06516d356,4/27/11 16:03,nd1S06516,Right,Blue,No,nd1C00062,nd1T00051,nd1E00101,nd1N00020,"nd1I00027\,stdI00002",,Inside,905632,No,,No,No,No,Female,1989,White,
561277,nd1R869717,06516d371,4/27/11 16:03,nd1S06516,Right,Blue,No,nd1C00059,nd1T00051,nd1E00101,lg4000diff25,"nd1I00027\,stdI00002",,Inside,906862,No,,No,No,No,Female,1989,White,
467938,nd1R675356,06543d10,2/8/11 12:49,nd1S06543,Right,Green,No,nd1C00062,nd1T00054,nd1E00093,nd1N00059,"nd1I00026\,stdI00002",,Inside,721416,No,,No,No,No,Female,1992,White,
473460,nd1R682296,06543d40,2/8/11 12:49,nd1S06543,Right,Green,No,nd1C00062,nd1T00049,nd1E00093,nd1N00049,"nd1I00023\,stdI00002",,Inside,726938,No,,No,No,No,Female,1992,White,
477804,nd1R684734,06543d48,2/8/11 12:49,nd1S06543,Right,Green,No,nd1C00062,nd1T00051,nd1E00093,nd1N00020,"nd1I00027\,stdI00002",,Inside,731282,No,,No,No,No,Female,1992,White,
591081,nd1R935602,06543d153,9/29/11 14:35,nd1S06543,Right,Green,No,nd1C00068,nd1T00053,nd1E00107,nd1N00073,"nd1I00036\,stdI00002",,Inside,969332,No,,No,No,No,Female,1992,White,
591082,nd1R935603,06543d154,9/29/11 14:35,nd1S06543,Right,Green,No,nd1C00068,nd1T00053,nd1E00107,nd1N00073,"nd1I00036\,stdI00002",,Inside,969333,No,,No,No,No,Female,1992,White,
591084,nd1R935605,06543d156,9/29/11 14:35,nd1S06543,Right,Green,No,nd1C00068,nd1T00053,nd1E00107,nd1N00073,"nd1I00036\,stdI00002",,Inside,969335,No,,No,No,No,Female,1992,White,
592511,nd1R936027,06543d169,9/29/11 14:35,nd1S06543,Right,Green,No,nd1C00068,nd1T00054,nd1E00107,nd1N00073,"nd1I00036\,stdI00002",,Inside,970762,No,,No,No,No,Female,1992,White,
592515,nd1R936031,06543d173,9/29/11 14:35,nd1S06543,Right,Green,No,nd1C00068,nd1T00054,nd1E00107,nd1N00073,"nd1I00036\,stdI00002",,Inside,970766,No,,No,No,No,Female,1992,White,
593420,nd1R974757,06543d196,9/29/11 14:35,nd1S06543,Right,Green,No,nd1C00068,nd1T00049,nd1E00107,nd1N00077,"nd1I00023\,stdI00002",,Inside,971671,No,,No,No,No,Female,1992,White,
595272,nd1R936611,06543d189,9/29/11 14:35,nd1S06543,Right,Green,No,nd1C00068,nd1T00051,nd1E00107,nd1N00074,"nd1I00027\,stdI00002",,Inside,973523,No,,No,No,No,Female,1992,White,
611558,nd1R946747,06745d169,10/26/11 15:31,nd1S06745,Left,Blue,No,nd1C00068,nd1T00054,nd1E00107,nd1N00073,"nd1I00036\,stdI00002",,Inside,1014360,No,,No,No,No,Female,1989,Unknown,
611570,nd1R946759,06745d181,10/26/11 15:31,nd1S06745,Left,Blue,No,nd1C00068,nd1T00053,nd1E00107,nd1N00073,"nd1I00036\,stdI00002",,Inside,1014372,No,,No,No,No,Female,1989,Unknown,
612502,nd1R981392,06745d296,10/26/11 15:31,nd1S06745,Left,Blue,No,nd1C00068,nd1T00049,nd1E00107,nd1N00077,"nd1I00023\,stdI00002",,Inside,1015304,No,,No,No,No,Female,1989,Unknown,
638451,,,2/9/12 15:28,nd1S06745,Left,Blue,No,,nd1T00053,nd1E00107,nd1N00073,"nd1I00036\,stdI00002",,Inside,1064341,No,,No,No,No,Female,1989,Unknown,
640284,,,2/9/12 15:28,nd1S06745,Left,Blue,No,,nd1T00050,nd1E00107,nd1N00048,"nd1I00022\,stdI00002",,Inside,1066174,No,,No,No,No,Female,1989,Unknown,
644038,nd1R1022481,06745d423,2/22/12 11:38,nd1S06745,Left,Blue,No,nd1C00072,nd1T00049,nd1E00107,nd1N00079,"nd1I00023\,stdI00002",,Inside,1083269,No,,No,No,No,Female,1989,Unknown,
646172,nd1R1024608,06745d439,2/22/12 11:38,nd1S06745,Left,Blue,No,nd1C00072,nd1T00053,nd1E00107,nd1N00073,"nd1I00036\,stdI00002",,Inside,1085403,No,,No,No,No,Female,1989,Unknown,
646175,,,2/22/12 11:38,nd1S06745,Left,Blue,No,,nd1T00053,nd1E00107,nd1N00073,"nd1I00036\,stdI00002",,Inside,1085406,No,,No,No,No,Female,1989,Unknown,
648318,nd1R1026751,06745d458,2/22/12 11:38,nd1S06745,Left,Blue,No,nd1C00072,nd1T00051,nd1E00107,nd1N00074,"nd1I00028\,stdI00002",,Inside,1087549,No,,No,No,No,Female,1989,Unknown,
571369,nd1R903217,06745d38,9/13/11 15:15,nd1S06745,Left,Blue,No,nd1C00068,nd1T00049,nd1E00107,nd1N00077,"nd1I00023\,stdI00002",,Inside,936271,No,,No,No,No,Female,1989,Unknown,
572859,nd1R903523,06745d54,9/13/11 15:15,nd1S06745,Left,Blue,No,nd1C00068,nd1T00051,nd1E00107,nd1N00074,"nd1I00028\,stdI00002",,Inside,937761,No,,No,No,No,Female,1989,Unknown,
577186,nd1R904296,06745d67,9/13/11 15:15,nd1S06745,Left,Blue,No,nd1C00068,nd1T00053,nd1E00107,nd1N00073,"nd1I00036\,stdI00002",,Inside,942088,No,,No,No,No,Female,1989,Unknown,
577189,nd1R904299,06745d70,9/13/11 15:15,nd1S06745,Left,Blue,No,nd1C00068,nd1T00053,nd1E00107,nd1N00073,"nd1I00036\,stdI00002",,Inside,942091,No,,No,No,No,Female,1989,Unknown,
586656,nd1R906991,06745d84,9/28/11 15:33,nd1S06745,Left,Blue,No,nd1C00068,nd1T00049,nd1E00107,nd1N00077,"nd1I00023\,stdI00002",,Inside,964907,No,,No,No,No,Female,1989,Unknown,
587872,nd1R907822,06745d97,9/28/11 15:33,nd1S06745,Left,Blue,No,nd1C00068,nd1T00051,nd1E00107,nd1N00074,"nd1I00027\,stdI00002",,Inside,966123,No,,No,No,No,Female,1989,Unknown,
611566,nd1R946755,06745d177,10/26/11 15:31,nd1S06745,Right,Blue,No,nd1C00068,nd1T00054,nd1E00107,nd1N00073,"nd1I00036\,stdI00002",,Inside,1014368,No,,No,No,No,Female,1989,Unknown,
611578,nd1R946767,06745d189,10/26/11 15:31,nd1S06745,Right,Blue,No,nd1C00068,nd1T00053,nd1E00107,nd1N00073,"nd1I00036\,stdI00002",,Inside,1014380,No,,No,No,No,Female,1989,Unknown,
620308,nd1R987068,06745d320,11/8/11 15:26,nd1S06745,Right,Blue,No,nd1C00068,nd1T00053,nd1E00107,nd1N00073,"nd1I00036\,stdI00002",,Inside,1034722,No,,No,No,No,Female,1989,Unknown,
623521,nd1R990275,06745d334,11/8/11 15:26,nd1S06745,Right,Blue,No,nd1C00068,nd1T00051,nd1E00107,nd1N00074,"nd1I00028\,stdI00002",,Inside,1037935,No,,No,No,No,Female,1989,Unknown,
638456,,,2/9/12 15:28,nd1S06745,Right,Blue,No,,nd1T00053,nd1E00107,nd1N00073,"nd1I00036\,stdI00002",,Inside,1064346,No,,No,No,No,Female,1989,Unknown,
641589,nd1R1020200,06745d415,2/9/12 15:28,nd1S06745,Right,Blue,No,nd1C00072,nd1T00051,nd1E00107,nd1N00074,"nd1I00028\,stdI00002",,Inside,1067479,No,,No,No,No,Female,1989,Unknown,
641592,nd1R1042381,06745d510,2/9/12 15:28,nd1S06745,Right,Blue,No,nd1C00072,nd1T00051,nd1E00107,nd1N00074,"nd1I00027\,stdI00002",,Inside,1067482,No,,No,No,No,Female,1989,Unknown,
644074,nd1R1022517,06745d427,2/22/12 11:38,nd1S06745,Right,Blue,No,nd1C00072,nd1T00049,nd1E00107,nd1N00079,"nd1I00023\,stdI00002",,Inside,1083305,No,,No,No,No,Female,1989,Unknown,
646170,nd1R1024606,06745d437,2/22/12 11:38,nd1S06745,Right,Blue,No,nd1C00072,nd1T00054,nd1E00107,nd1N00073,"nd1I00036\,stdI00002",,Inside,1085401,No,,No,No,No,Female,1989,Unknown,
646176,nd1R1024611,06745d442,2/22/12 11:38,nd1S06745,Right,Blue,No,nd1C00072,nd1T00053,nd1E00107,nd1N00073,"nd1I00036\,stdI00002",,Inside,1085407,No,,No,No,No,Female,1989,Unknown,
646180,nd1R1024615,06745d446,2/22/12 11:38,nd1S06745,Right,Blue,No,nd1C00072,nd1T00053,nd1E00107,nd1N00073,"nd1I00036\,stdI00002",,Inside,1085411,No,,No,No,No,Female,1989,Unknown,
648324,nd1R1026757,06745d464,2/22/12 11:38,nd1S06745,Right,Blue,No,nd1C00072,nd1T00051,nd1E00107,nd1N00074,"nd1I00027\,stdI00002",,Inside,1087555,No,,No,No,No,Female,1989,Unknown,
571374,nd1R903222,06745d43,9/13/11 15:15,nd1S06745,Right,Blue,No,nd1C00068,nd1T00049,nd1E00107,nd1N00077,"nd1I00023\,stdI00002",,Inside,936276,No,,No,No,No,Female,1989,Unknown,
572863,nd1R903527,06745d58,9/13/11 15:15,nd1S06745,Right,Blue,No,nd1C00068,nd1T00051,nd1E00107,nd1N00074,"nd1I00027\,stdI00002",,Inside,937765,No,,No,No,No,Female,1989,Unknown,
577190,,,9/13/11 15:15,nd1S06745,Right,Blue,No,,nd1T00054,nd1E00107,nd1N00073,"nd1I00036\,stdI00002",,Inside,942092,No,,No,No,No,Female,1989,Unknown,
577192,nd1R904302,06745d73,9/13/11 15:15,nd1S06745,Right,Blue,No,nd1C00068,nd1T00053,nd1E00107,nd1N00073,"nd1I00036\,stdI00002",,Inside,942094,No,,No,No,No,Female,1989,Unknown,
577195,nd1R904305,06745d76,9/13/11 15:15,nd1S06745,Right,Blue,No,nd1C00068,nd1T00053,nd1E00107,nd1N00073,"nd1I00036\,stdI00002",,Inside,942097,No,,No,No,No,Female,1989,Unknown,
587881,nd1R907831,06745d106,9/28/11 15:33,nd1S06745,Right,Blue,No,nd1C00068,nd1T00051,nd1E00107,nd1N00074,"nd1I00027\,stdI00002",,Inside,966132,No,,No,No,No,Female,1989,Unknown,
573352,nd1R883281,06760d6,9/14/11 15:02,nd1S06760,Right,Hazel,No,nd1C00068,nd1T00049,nd1E00107,nd1N00077,"nd1I00023\,stdI00002",,Inside,938254,No,,No,No,No,Female,1992,White,
574384,,,9/14/11 15:02,nd1S06760,Right,Hazel,No,,nd1T00051,nd1E00107,nd1N00074,"nd1I00028\,stdI00002",,Inside,939286,No,,No,No,No,Female,1992,White,
586504,nd1R906877,06760d86,9/28/11 14:55,nd1S06760,Right,Green,No,nd1C00068,nd1T00049,nd1E00107,nd1N00077,"nd1I00023\,stdI00002",,Inside,964755,No,,No,No,No,Female,1992,White,
589247,nd1R908812,06760d123,9/28/11 14:55,nd1S06760,Right,Green,No,nd1C00068,nd1T00053,nd1E00107,nd1N00073,"nd1I00036\,stdI00002",,Inside,967498,No,,No,No,No,Female,1992,White,
604027,nd1R943080,06760d229,10/13/11 15:10,nd1S06760,Right,Green,No,nd1C00068,nd1T00053,nd1E00107,nd1N00073,"nd1I00036\,stdI00002",,Inside,995362,No,,No,No,No,Female,1992,White,
606117,nd1R944444,06760d251,10/13/11 15:10,nd1S06760,Right,Green,No,nd1C00068,nd1T00051,nd1E00107,nd1N00074,"nd1I00027\,stdI00002",,Inside,997452,No,,No,No,No,Female,1992,White,
573568,nd1R883473,06768d1,9/15/11 11:46,nd1S06768,Left,Green,No,nd1C00068,nd1T00049,nd1E00107,nd1N00077,"nd1I00023\,stdI00002",,Inside,938470,No,,No,No,No,Male,1989,White,
573595,nd1R883500,06768d4,9/15/11 11:46,nd1S06768,Left,Green,No,nd1C00068,nd1T00049,nd1E00107,nd1N00077,"nd1I00023\,stdI00002",,Inside,938497,No,,No,No,No,Male,1989,White,
577966,nd1R886986,06768d12,9/15/11 11:46,nd1S06768,Left,Green,No,nd1C00068,nd1T00053,nd1E00107,nd1N00073,"nd1I00036\,stdI00002",,Inside,942868,No,,No,No,No,Male,1989,White,
577969,nd1R886989,06768d15,9/15/11 11:46,nd1S06768,Left,Green,No,nd1C00068,nd1T00053,nd1E00107,nd1N00073,"nd1I00036\,stdI00002",,Inside,942871,No,,No,No,No,Male,1989,White,
577972,nd1R886992,06768d17,9/15/11 11:46,nd1S06768,Left,Green,No,nd1C00068,nd1T00053,nd1E00107,nd1N00073,"nd1I00036\,stdI00002",,Inside,942874,No,,No,No,No,Male,1989,White,
579469,nd1R888424,06768d28,9/15/11 11:46,nd1S06768,Left,Green,No,nd1C00068,nd1T00050,nd1E00107,nd1N00048,"nd1I00022\,stdI00002",,Inside,944371,No,,No,No,No,Male,1989,White,
579473,nd1R888428,06768d32,9/15/11 11:46,nd1S06768,Left,Green,No,nd1C00068,nd1T00050,nd1E00107,nd1N00048,"nd1I00022\,stdI00002",,Inside,944375,No,,No,No,No,Male,1989,White,
583486,nd1R892159,06768d46,9/15/11 11:46,nd1S06768,Left,Green,No,nd1C00068,nd1T00054,nd1E00107,nd1N00073,"nd1I00036\,stdI00002",,Inside,948388,No,,No,No,No,Male,1989,White,
583488,nd1R892161,06768d48,9/15/11 11:46,nd1S06768,Left,Green,No,nd1C00068,nd1T00054,nd1E00107,nd1N00073,"nd1I00036\,stdI00002",,Inside,948390,No,,No,No,No,Male,1989,White,
583489,nd1R892162,06768d49,9/15/11 11:46,nd1S06768,Left,Green,No,nd1C00068,nd1T00054,nd1E00107,nd1N00073,"nd1I00036\,stdI00002",,Inside,948391,No,,No,No,No,Male,1989,White,
573612,nd1R883517,06768d6,9/15/11 11:46,nd1S06768,Right,Green,No,nd1C00068,nd1T00049,nd1E00107,nd1N00077,"nd1I00023\,stdI00002",,Inside,938514,No,,No,No,No,Male,1989,White,
577958,nd1R886978,06768d11,9/15/11 11:46,nd1S06768,Right,Green,No,nd1C00068,nd1T00054,nd1E00107,nd1N00073,"nd1I00036\,stdI00002",,Inside,942860,No,,No,No,No,Male,1989,White,
577976,nd1R886996,06768d19,9/15/11 11:46,nd1S06768,Right,Green,No,nd1C00068,nd1T00053,nd1E00107,nd1N00073,"nd1I00036\,stdI00002",,Inside,942878,No,,No,No,No,Male,1989,White,
577978,nd1R886998,06768d20,9/15/11 11:46,nd1S06768,Right,Green,No,nd1C00068,nd1T00053,nd1E00107,nd1N00073,"nd1I00036\,stdI00002",,Inside,942880,No,,No,No,No,Male,1989,White,
577982,nd1R887002,06768d22,9/15/11 11:46,nd1S06768,Right,Green,No,nd1C00068,nd1T00053,nd1E00107,nd1N00073,"nd1I00036\,stdI00002",,Inside,942884,No,,No,No,No,Male,1989,White,
577984,nd1R887004,06768d23,9/15/11 11:46,nd1S06768,Right,Green,No,nd1C00068,nd1T00053,nd1E00107,nd1N00073,"nd1I00036\,stdI00002",,Inside,942886,No,,No,No,No,Male,1989,White,
578395,nd1R887415,06768d26,9/15/11 11:46,nd1S06768,Right,Green,No,nd1C00068,nd1T00049,nd1E00107,nd1N00077,"nd1I00023\,stdI00002",,Inside,943297,No,,No,No,No,Male,1989,White,
579474,nd1R888429,06768d33,9/15/11 11:46,nd1S06768,Right,Green,No,nd1C00068,nd1T00050,nd1E00107,nd1N00048,"nd1I00022\,stdI00002",,Inside,944376,No,,No,No,No,Male,1989,White,
580332,nd1R889244,06768d41,9/15/11 11:46,nd1S06768,Right,Green,No,nd1C00068,nd1T00051,nd1E00107,nd1N00074,"nd1I00028\,stdI00002",,Inside,945234,No,,No,No,No,Male,1989,White,
580336,nd1R889248,06768d45,9/15/11 11:46,nd1S06768,Right,Green,No,nd1C00068,nd1T00051,nd1E00107,nd1N00074,"nd1I00027\,stdI00002",,Inside,945238,No,,No,No,No,Male,1989,White,
583493,nd1R892166,06768d53,9/15/11 11:46,nd1S06768,Right,Green,No,nd1C00068,nd1T00054,nd1E00107,nd1N00073,"nd1I00036\,stdI00002",,Inside,948395,No,,No,No,No,Male,1989,White,
614772,nd1R947859,06775d293,10/27/11 13:16,nd1S06775,Right,Brown,No,nd1C00068,nd1T00054,nd1E00107,nd1N00073,"nd1I00036\,stdI00002",,Inside,1017574,No,,No,No,No,Male,1989,White,
614791,nd1R947878,06775d312,10/27/11 13:16,nd1S06775,Right,Brown,No,nd1C00068,nd1T00053,nd1E00107,nd1N00073,"nd1I00036\,stdI00002",,Inside,1017593,No,,No,No,No,Male,1989,White,
616373,nd1R983765,06775d393,10/27/11 13:16,nd1S06775,Right,Brown,No,nd1C00068,nd1T00049,nd1E00107,nd1N00077,"nd1I00023\,stdI00002",,Inside,1019175,No,,No,No,No,Male,1989,White,
616995,nd1R948502,06775d314,10/27/11 13:16,nd1S06775,Right,Brown,No,nd1C00068,nd1T00050,nd1E00107,nd1N00048,"nd1I00022\,stdI00002",,Inside,1019797,No,,No,No,No,Male,1989,White,
617666,nd1R948742,06775d326,10/27/11 13:16,nd1S06775,Right,Brown,No,nd1C00068,nd1T00051,nd1E00107,nd1N00074,"nd1I00028\,stdI00002",,Inside,1020468,No,,No,No,No,Male,1989,White,
603172,nd1R942389,06775d253,10/13/11 13:24,nd1S06775,Right,Brown,No,nd1C00068,nd1T00054,nd1E00107,nd1N00073,"nd1I00036\,stdI00002",,Inside,994507,No,,No,No,No,Male,1989,White,
603182,nd1R942399,06775d263,10/13/11 13:24,nd1S06775,Right,Brown,No,nd1C00068,nd1T00053,nd1E00107,nd1N00073,"nd1I00036\,stdI00002",,Inside,994517,No,,No,No,No,Male,1989,White,
604703,nd1R977001,06775d385,10/13/11 13:24,nd1S06775,Right,Brown,No,nd1C00068,nd1T00049,nd1E00107,nd1N00077,"nd1I00023\,stdI00002",,Inside,996038,No,,No,No,No,Male,1989,White,
605223,nd1R943688,06775d273,10/13/11 13:24,nd1S06775,Right,Brown,No,nd1C00068,nd1T00050,nd1E00107,nd1N00048,"nd1I00022\,stdI00002",,Inside,996558,No,,No,No,No,Male,1989,White,
605732,nd1R944131,06775d282,10/13/11 13:24,nd1S06775,Right,Brown,No,nd1C00068,nd1T00051,nd1E00107,nd1N00074,"nd1I00027\,stdI00002",,Inside,997067,No,,No,No,No,Male,1989,White,
607048,nd1R978124,06788d327,10/25/11 13:20,nd1S06788,Right,Brown,No,nd1C00068,nd1T00049,nd1E00107,nd1N00077,"nd1I00023\,stdI00002",,Inside,1009850,Yes,Soft,No,Yes,No,Female,1989,Asian-Vietnamese,
608530,nd1R945247,06788d231,10/25/11 13:20,nd1S06788,Right,Brown,No,nd1C00068,nd1T00051,nd1E00107,nd1N00074,"nd1I00028\,stdI00002",,Inside,1011332,Yes,Soft,No,Yes,No,Female,1989,Asian-Vietnamese,
632774,nd1R1018395,06788d384,2/8/12 11:38,nd1S06788,Right,Brown,No,nd1C00072,nd1T00050,nd1E00107,nd1N00048,"nd1I00022\,stdI00002",,Inside,1058664,No,,No,No,No,Female,1989,Asian-Vietnamese,
634285,nd1R1018818,06788d404,2/8/12 11:38,nd1S06788,Right,Brown,No,nd1C00072,nd1T00053,nd1E00107,nd1N00073,"nd1I00036\,stdI00002",,Inside,1060175,No,,No,No,No,Female,1989,Asian-Vietnamese,
634920,nd1R1018922,06788d420,2/8/12 11:38,nd1S06788,Right,Brown,No,nd1C00072,nd1T00051,nd1E00107,nd1N00074,"nd1I00027\,stdI00002",,Inside,1060810,No,,No,No,No,Female,1989,Asian-Vietnamese,
581451,nd1R890252,06788d24,9/15/11 15:08,nd1S06788,Right,Brown,No,nd1C00068,nd1T00051,nd1E00107,nd1N00074,"nd1I00027\,stdI00002",,Inside,946353,No,,No,No,No,Female,1989,Asian-Vietnamese,
581453,,,9/15/11 15:08,nd1S06788,Right,Brown,No,,nd1T00051,nd1E00107,nd1N00074,"nd1I00027\,stdI00002",,Inside,946355,No,,No,No,No,Female,1989,Asian-Vietnamese,
583179,nd1R891867,06788d36,9/15/11 15:08,nd1S06788,Right,Brown,No,nd1C00068,nd1T00053,nd1E00107,nd1N00073,"nd1I00036\,stdI00002",,Inside,948081,No,,No,No,No,Female,1989,Asian-Vietnamese,
607389,nd1R978464,06793d382,10/25/11 15:23,nd1S06793,Left,Hazel,No,nd1C00068,nd1T00049,nd1E00107,nd1N00077,"nd1I00023\,stdI00002",,Inside,1010191,Yes,Soft,Yes,Unknown,No,Female,1992,White,
608000,nd1R945041,06793d241,10/25/11 15:23,nd1S06793,Left,Hazel,No,nd1C00068,nd1T00050,nd1E00107,nd1N00048,"nd1I00022\,stdI00002",,Inside,1010802,Yes,Soft,Yes,Unknown,No,Female,1992,White,
610103,nd1R945968,06793d255,10/25/11 15:23,nd1S06793,Left,Hazel,No,nd1C00068,nd1T00054,nd1E00107,nd1N00073,"nd1I00036\,stdI00002",,Inside,1012905,Yes,Soft,Yes,Unknown,No,Female,1992,White,
610106,nd1R945971,06793d258,10/25/11 15:23,nd1S06793,Left,Hazel,No,nd1C00068,nd1T00054,nd1E00107,nd1N00073,"nd1I00036\,stdI00002",,Inside,1012908,Yes,Soft,Yes,Unknown,No,Female,1992,White,
610107,nd1R945972,06793d259,10/25/11 15:23,nd1S06793,Left,Hazel,No,nd1C00068,nd1T00054,nd1E00107,nd1N00073,"nd1I00036\,stdI00002",,Inside,1012909,Yes,Soft,Yes,Unknown,No,Female,1992,White,
610113,nd1R945978,06793d265,10/25/11 15:23,nd1S06793,Left,Hazel,No,nd1C00068,nd1T00053,nd1E00107,nd1N00073,"nd1I00036\,stdI00002",,Inside,1012915,Yes,Soft,Yes,Unknown,No,Female,1992,White,
620340,nd1R987100,06793d400,11/8/11 15:28,nd1S06793,Left,Hazel,No,nd1C00068,nd1T00053,nd1E00107,nd1N00073,"nd1I00036\,stdI00002",,Inside,1034754,No,,No,No,No,Female,1992,White,
620343,nd1R987103,06793d403,11/8/11 15:28,nd1S06793,Left,Hazel,No,nd1C00068,nd1T00053,nd1E00107,nd1N00073,"nd1I00036\,stdI00002",,Inside,1034757,No,,No,No,No,Female,1992,White,
620344,nd1R987104,06793d404,11/8/11 15:28,nd1S06793,Left,Hazel,No,nd1C00068,nd1T00053,nd1E00107,nd1N00073,"nd1I00036\,stdI00002",,Inside,1034758,No,,No,No,No,Female,1992,White,
622307,nd1R989061,06793d418,11/8/11 15:28,nd1S06793,Left,Hazel,No,nd1C00068,nd1T00050,nd1E00107,nd1N00048,"nd1I00022\,stdI00002",,Inside,1036721,No,,No,No,No,Female,1992,White,
631160,nd1R1017982,06793d492,2/7/12 14:07,nd1S06793,Left,Hazel,No,nd1C00072,nd1T00053,nd1E00107,nd1N00073,"nd1I00036\,stdI00002",,Inside,1057050,Yes,Soft,Yes,Unknown,No,Female,1992,White,
632970,nd1R1018460,06793d505,2/7/12 14:07,nd1S06793,Left,Hazel,No,nd1C00072,nd1T00050,nd1E00107,nd1N00048,"nd1I00022\,stdI00002",,Inside,1058860,Yes,Soft,Yes,Unknown,No,Female,1992,White,
655335,,,3/6/12 11:53,nd1S06793,Left,Hazel,No,,nd1T00050,nd1E00107,nd1N00048,"nd1I00022\,stdI00002",,Inside,1105081,Yes,Soft,Yes,Unknown,No,Female,1992,White,
655337,,,3/6/12 11:53,nd1S06793,Left,Hazel,No,,nd1T00050,nd1E00107,nd1N00048,"nd1I00022\,stdI00002",,Inside,1105083,Yes,Soft,Yes,Unknown,No,Female,1992,White,
577727,nd1R886750,06793d1,9/15/11 15:41,nd1S06793,Left,Hazel,No,nd1C00068,nd1T00054,nd1E00107,nd1N00073,"nd1I00036\,stdI00002",,Inside,942629,Yes,Soft,Yes,Unknown,No,Female,1992,White,
577731,nd1R886754,06793d3,9/15/11 15:41,nd1S06793,Left,Hazel,No,nd1C00068,nd1T00054,nd1E00107,nd1N00073,"nd1I00036\,stdI00002",,Inside,942633,Yes,Soft,Yes,Unknown,No,Female,1992,White,
577740,,,9/15/11 15:41,nd1S06793,Left,Hazel,No,,nd1T00053,nd1E00107,nd1N00073,"nd1I00036\,stdI00002",,Inside,942642,Yes,Soft,Yes,Unknown,No,Female,1992,White,
577742,nd1R886764,06793d8,9/15/11 15:41,nd1S06793,Left,Hazel,No,nd1C00068,nd1T00053,nd1E00107,nd1N00073,"nd1I00036\,stdI00002",,Inside,942644,Yes,Soft,Yes,Unknown,No,Female,1992,White,
577745,nd1R886767,06793d11,9/15/11 15:41,nd1S06793,Left,Hazel,No,nd1C00068,nd1T00053,nd1E00107,nd1N00073,"nd1I00036\,stdI00002",,Inside,942647,Yes,Soft,Yes,Unknown,No,Female,1992,White,
579294,nd1R888249,06793d16,9/15/11 15:41,nd1S06793,Left,Hazel,No,nd1C00068,nd1T00049,nd1E00107,nd1N00077,"nd1I00023\,stdI00002",,Inside,944196,Yes,Soft,Yes,Unknown,No,Female,1992,White,
580145,nd1R889060,06793d26,9/15/11 15:41,nd1S06793,Left,Hazel,No,nd1C00068,nd1T00050,nd1E00107,nd1N00048,"nd1I00022\,stdI00002",,Inside,945047,Yes,Soft,Yes,Unknown,No,Female,1992,White,
581686,nd1R890457,06793d31,9/15/11 15:41,nd1S06793,Left,Hazel,No,nd1C00068,nd1T00051,nd1E00107,nd1N00074,"nd1I00027\,stdI00002",,Inside,946588,Yes,Soft,Yes,Unknown,No,Female,1992,White,
583887,nd1R904992,06793d76,9/27/11 15:25,nd1S06793,Left,Hazel,No,nd1C00068,nd1T00054,nd1E00107,nd1N00073,"nd1I00036\,stdI00002",,Inside,962138,Yes,Soft,Yes,Unknown,No,Female,1992,White,
583897,nd1R905002,06793d86,9/27/11 15:25,nd1S06793,Left,Hazel,No,nd1C00068,nd1T00053,nd1E00107,nd1N00073,"nd1I00036\,stdI00002",,Inside,962148,Yes,Soft,Yes,Unknown,No,Female,1992,White,
584602,nd1R905500,06793d90,9/27/11 15:25,nd1S06793,Left,Hazel,No,nd1C00068,nd1T00049,nd1E00107,nd1N00077,"nd1I00023\,stdI00002",,Inside,962853,Yes,Soft,Yes,Unknown,No,Female,1992,White,
585133,nd1R905898,06793d98,9/27/11 15:25,nd1S06793,Left,Hazel,No,nd1C00068,nd1T00050,nd1E00107,nd1N00048,"nd1I00022\,stdI00002",,Inside,963384,Yes,Soft,Yes,Unknown,No,Female,1992,White,
586019,nd1R906541,06793d105,9/27/11 15:25,nd1S06793,Left,Hazel,No,nd1C00068,nd1T00051,nd1E00107,nd1N00074,"nd1I00027\,stdI00002",,Inside,964270,Yes,Soft,Yes,Unknown,No,Female,1992,White,
596859,nd1R975523,06793d375,10/11/11 15:27,nd1S06793,Left,Hazel,No,nd1C00068,nd1T00049,nd1E00107,nd1N00077,"nd1I00023\,stdI00002",,Inside,988194,Yes,Soft,Yes,Unknown,No,Female,1992,White,
597471,,,10/11/11 15:27,nd1S06793,Left,Hazel,No,,nd1T00050,nd1E00107,nd1N00048,"nd1I00022\,stdI00002",,Inside,988806,Yes,Soft,Yes,Unknown,No,Female,1992,White,
597475,,,10/11/11 15:27,nd1S06793,Left,Hazel,No,,nd1T00050,nd1E00107,nd1N00048,"nd1I00022\,stdI00002",,Inside,988810,Yes,Soft,Yes,Unknown,No,Female,1992,White,
598483,nd1R938544,06793d207,10/11/11 15:27,nd1S06793,Left,Hazel,No,nd1C00068,nd1T00051,nd1E00107,nd1N00074,"nd1I00027\,stdI00002",,Inside,989818,Yes,Soft,Yes,Unknown,No,Female,1992,White,
598486,nd1R938547,06793d210,10/11/11 15:27,nd1S06793,Left,Hazel,No,nd1C00068,nd1T00051,nd1E00107,nd1N00074,"nd1I00028\,stdI00002",,Inside,989821,Yes,Soft,Yes,Unknown,No,Female,1992,White,
599488,nd1R939463,06793d218,10/11/11 15:27,nd1S06793,Left,Hazel,No,nd1C00068,nd1T00054,nd1E00107,nd1N00073,"nd1I00036\,stdI00002",,Inside,990823,Yes,Soft,Yes,Unknown,No,Female,1992,White,
599490,nd1R939465,06793d220,10/11/11 15:27,nd1S06793,Left,Hazel,No,nd1C00068,nd1T00054,nd1E00107,nd1N00073,"nd1I00036\,stdI00002",,Inside,990825,Yes,Soft,Yes,Unknown,No,Female,1992,White,
599492,nd1R939467,06793d222,10/11/11 15:27,nd1S06793,Left,Hazel,No,nd1C00068,nd1T00054,nd1E00107,nd1N00073,"nd1I00036\,stdI00002",,Inside,990827,Yes,Soft,Yes,Unknown,No,Female,1992,White,
599497,nd1R939472,06793d227,10/11/11 15:27,nd1S06793,Left,Hazel,No,nd1C00068,nd1T00053,nd1E00107,nd1N00073,"nd1I00036\,stdI00002",,Inside,990832,Yes,Soft,Yes,Unknown,No,Female,1992,White,
607396,nd1R978471,06793d389,10/25/11 15:23,nd1S06793,Right,Hazel,No,nd1C00068,nd1T00049,nd1E00107,nd1N00077,"nd1I00023\,stdI00002",,Inside,1010198,Yes,Soft,Yes,Unknown,No,Female,1992,White,
620346,nd1R987106,06793d406,11/8/11 15:28,nd1S06793,Right,Hazel,No,nd1C00068,nd1T00053,nd1E00107,nd1N00073,"nd1I00036\,stdI00002",,Inside,1034760,No,,No,No,No,Female,1992,White,
621602,nd1R988359,06793d417,11/8/11 15:28,nd1S06793,Right,Hazel,No,nd1C00068,nd1T00049,nd1E00107,nd1N00079,"nd1I00023\,stdI00002",,Inside,1036016,No,,No,No,No,Female,1992,White,
623548,nd1R990302,06793d433,11/8/11 15:28,nd1S06793,Right,Hazel,No,nd1C00068,nd1T00051,nd1E00107,nd1N00074,"nd1I00027\,stdI00002",,Inside,1037962,No,,No,No,No,Female,1992,White,
631156,nd1R1017978,06793d488,2/7/12 14:07,nd1S06793,Right,Hazel,No,nd1C00072,nd1T00054,nd1E00107,nd1N00073,"nd1I00036\,stdI00002",,Inside,1057046,Yes,Soft,Yes,Unknown,No,Female,1992,White,
631164,nd1R1017986,06793d496,2/7/12 14:07,nd1S06793,Right,Hazel,No,nd1C00072,nd1T00053,nd1E00107,nd1N00073,"nd1I00036\,stdI00002",,Inside,1057054,Yes,Soft,Yes,Unknown,No,Female,1992,White,
631166,nd1R1017988,06793d498,2/7/12 14:07,nd1S06793,Right,Hazel,No,nd1C00072,nd1T00053,nd1E00107,nd1N00073,"nd1I00036\,stdI00002",,Inside,1057056,Yes,Soft,Yes,Unknown,No,Female,1992,White,
633619,,,2/7/12 14:07,nd1S06793,Right,Hazel,No,,nd1T00051,nd1E00107,nd1N00074,"nd1I00028\,stdI00002",,Inside,1059509,Yes,Soft,Yes,Unknown,No,Female,1992,White,
633620,nd1R1018652,06793d515,2/7/12 14:07,nd1S06793,Right,Hazel,No,nd1C00072,nd1T00051,nd1E00107,nd1N00074,"nd1I00027\,stdI00002",,Inside,1059510,Yes,Soft,Yes,Unknown,No,Female,1992,White,
633622,nd1R1018654,06793d517,2/7/12 14:07,nd1S06793,Right,Hazel,No,nd1C00072,nd1T00051,nd1E00107,nd1N00074,"nd1I00027\,stdI00002",,Inside,1059512,Yes,Soft,Yes,Unknown,No,Female,1992,White,
653064,nd1R1042533,06793d524,3/6/12 11:53,nd1S06793,Right,Hazel,No,nd1C00072,nd1T00054,nd1E00107,nd1N00073,"nd1I00036\,stdI00002",,Inside,1102810,Yes,Soft,Yes,Unknown,No,Female,1992,White,
653073,nd1R1042542,06793d533,3/6/12 11:53,nd1S06793,Right,Hazel,No,nd1C00072,nd1T00053,nd1E00107,nd1N00073,"nd1I00036\,stdI00002",,Inside,1102819,Yes,Soft,Yes,Unknown,No,Female,1992,White,
654591,nd1R1044052,06793d541,3/6/12 11:53,nd1S06793,Right,Hazel,No,nd1C00072,nd1T00049,nd1E00107,nd1N00079,"nd1I00023\,stdI00002",,Inside,1104337,Yes,Soft,Yes,Unknown,No,Female,1992,White,
656024,nd1R1045483,06793d557,3/6/12 11:53,nd1S06793,Right,Hazel,No,nd1C00072,nd1T00051,nd1E00107,nd1N00074,"nd1I00027\,stdI00002",,Inside,1105770,Yes,Soft,Yes,Unknown,No,Female,1992,White,
577746,,,9/15/11 15:41,nd1S06793,Right,Hazel,No,,nd1T00053,nd1E00107,nd1N00073,"nd1I00036\,stdI00002",,Inside,942648,Yes,Soft,Yes,Unknown,No,Female,1992,White,
579301,nd1R888256,06793d23,9/15/11 15:41,nd1S06793,Right,Hazel,No,nd1C00068,nd1T00049,nd1E00107,nd1N00077,"nd1I00023\,stdI00002",,Inside,944203,Yes,Soft,Yes,Unknown,No,Female,1992,White,
581695,,,9/15/11 15:41,nd1S06793,Right,Hazel,No,,nd1T00051,nd1E00107,nd1N00074,"nd1I00027\,stdI00002",,Inside,946597,Yes,Soft,Yes,Unknown,No,Female,1992,White,
584609,nd1R905507,06793d97,9/27/11 15:25,nd1S06793,Right,Hazel,No,nd1C00068,nd1T00049,nd1E00107,nd1N00077,"nd1I00023\,stdI00002",,Inside,962860,Yes,Soft,Yes,Unknown,No,Female,1992,White,
596863,nd1R975527,06793d379,10/11/11 15:27,nd1S06793,Right,Hazel,No,nd1C00068,nd1T00049,nd1E00107,nd1N00077,"nd1I00023\,stdI00002",,Inside,988198,Yes,Soft,Yes,Unknown,No,Female,1992,White,
598492,nd1R938553,06793d216,10/11/11 15:27,nd1S06793,Right,Hazel,No,nd1C00068,nd1T00051,nd1E00107,nd1N00074,"nd1I00027\,stdI00002",,Inside,989827,Yes,Soft,Yes,Unknown,No,Female,1992,White,
599502,nd1R939477,06793d232,10/11/11 15:27,nd1S06793,Right,Hazel,No,nd1C00068,nd1T00053,nd1E00107,nd1N00073,"nd1I00036\,stdI00002",,Inside,990837,Yes,Soft,Yes,Unknown,No,Female,1992,White,
607115,nd1R978190,06859d56,10/25/11 13:43,nd1S06859,Right,Hazel,No,nd1C00068,nd1T00049,nd1E00107,nd1N00077,"nd1I00023\,stdI00002",,Inside,1009917,No,,No,No,No,Female,1991,White,
607799,nd1R978746,06859d62,10/25/11 13:43,nd1S06859,Right,Hazel,No,nd1C00068,nd1T00050,nd1E00107,nd1N00048,"nd1I00022\,stdI00002",,Inside,1010601,No,,No,No,No,Female,1991,White,
608606,nd1R979230,06859d75,10/25/11 13:43,nd1S06859,Right,Hazel,No,nd1C00068,nd1T00051,nd1E00107,nd1N00074,"nd1I00027\,stdI00002",,Inside,1011408,No,,No,No,No,Female,1991,White,
609370,nd1R979629,06859d83,10/25/11 13:43,nd1S06859,Right,Hazel,No,nd1C00068,nd1T00054,nd1E00107,nd1N00073,"nd1I00036\,stdI00002",,Inside,1012172,No,,No,No,No,Female,1991,White,
609373,nd1R979632,06859d86,10/25/11 13:43,nd1S06859,Right,Hazel,No,nd1C00068,nd1T00054,nd1E00107,nd1N00073,"nd1I00036\,stdI00002",,Inside,1012175,No,,No,No,No,Female,1991,White,
609389,,,10/25/11 13:43,nd1S06859,Right,Hazel,No,,nd1T00053,nd1E00107,nd1N00073,"nd1I00036\,stdI00002",,Inside,1012191,No,,No,No,No,Female,1991,White,
615465,nd1R983179,06868d84,10/27/11 14:20,nd1S06868,Left,Black,No,nd1C00068,nd1T00054,nd1E00107,nd1N00073,"nd1I00036\,stdI00002",,Inside,1018267,No,,No,No,No,Male,1986,Asian-Chinese,
615477,nd1R983191,06868d96,10/27/11 14:20,nd1S06868,Left,Black,No,nd1C00068,nd1T00053,nd1E00107,nd1N00073,"nd1I00036\,stdI00002",,Inside,1018279,No,,No,No,No,Male,1986,Asian-Chinese,
615478,nd1R983192,06868d97,10/27/11 14:20,nd1S06868,Left,Black,No,nd1C00068,nd1T00053,nd1E00107,nd1N00073,"nd1I00036\,stdI00002",,Inside,1018280,No,,No,No,No,Male,1986,Asian-Chinese,
615479,,,10/27/11 14:20,nd1S06868,Left,Black,No,,nd1T00053,nd1E00107,nd1N00073,"nd1I00036\,stdI00002",,Inside,1018281,No,,No,No,No,Male,1986,Asian-Chinese,
615480,nd1R983193,06868d98,10/27/11 14:20,nd1S06868,Left,Black,No,nd1C00068,nd1T00053,nd1E00107,nd1N00073,"nd1I00036\,stdI00002",,Inside,1018282,No,,No,No,No,Male,1986,Asian-Chinese,
615481,nd1R983194,06868d99,10/27/11 14:20,nd1S06868,Left,Black,No,nd1C00068,nd1T00053,nd1E00107,nd1N00073,"nd1I00036\,stdI00002",,Inside,1018283,No,,No,No,No,Male,1986,Asian-Chinese,
615482,nd1R983195,06868d100,10/27/11 14:20,nd1S06868,Left,Black,No,nd1C00068,nd1T00053,nd1E00107,nd1N00073,"nd1I00036\,stdI00002",,Inside,1018284,No,,No,No,No,Male,1986,Asian-Chinese,
616585,nd1R983969,06868d106,10/27/11 14:20,nd1S06868,Left,Black,No,nd1C00068,nd1T00049,nd1E00107,nd1N00077,"nd1I00023\,stdI00002",,Inside,1019387,No,,No,No,No,Male,1986,Asian-Chinese,
616588,nd1R983972,06868d109,10/27/11 14:20,nd1S06868,Left,Black,No,nd1C00068,nd1T00049,nd1E00107,nd1N00077,"nd1I00023\,stdI00002",,Inside,1019390,No,,No,No,No,Male,1986,Asian-Chinese,
617170,,,10/27/11 14:20,nd1S06868,Left,Black,No,,nd1T00050,nd1E00107,nd1N00048,"nd1I00022\,stdI00002",,Inside,1019972,No,,No,No,No,Male,1986,Asian-Chinese,
618006,,,10/27/11 14:20,nd1S06868,Left,Black,No,,nd1T00051,nd1E00107,nd1N00074,"nd1I00027\,stdI00002",,Inside,1020808,No,,No,No,No,Male,1986,Asian-Chinese,
618007,nd1R984963,06868d118,10/27/11 14:20,nd1S06868,Left,Black,No,nd1C00068,nd1T00051,nd1E00107,nd1N00074,"nd1I00027\,stdI00002",,Inside,1020809,No,,No,No,No,Male,1986,Asian-Chinese,
619955,nd1R986715,06868d126,11/8/11 14:55,nd1S06868,Left,Black,No,nd1C00068,nd1T00054,nd1E00107,nd1N00073,"nd1I00036\,stdI00002",,Inside,1034369,No,,No,No,No,Male,1986,Asian-Chinese,
619969,nd1R986729,06868d140,11/8/11 14:55,nd1S06868,Left,Black,No,nd1C00068,nd1T00053,nd1E00107,nd1N00073,"nd1I00036\,stdI00002",,Inside,1034383,No,,No,No,No,Male,1986,Asian-Chinese,
622201,nd1R988955,06868d148,11/8/11 14:55,nd1S06868,Left,Black,No,nd1C00068,nd1T00050,nd1E00107,nd1N00048,"nd1I00022\,stdI00002",,Inside,1036615,No,,No,No,No,Male,1986,Asian-Chinese,
622203,nd1R988957,06868d150,11/8/11 14:55,nd1S06868,Left,Black,No,nd1C00068,nd1T00050,nd1E00107,nd1N00048,"nd1I00022\,stdI00002",,Inside,1036617,No,,No,No,No,Male,1986,Asian-Chinese,
653810,nd1R1043277,06868d165,3/6/12 14:05,nd1S06868,Left,Black,No,nd1C00072,nd1T00054,nd1E00107,nd1N00073,"nd1I00036\,stdI00002",,Inside,1103556,No,,No,No,No,Male,1986,Asian-Chinese,
653821,nd1R1043288,06868d176,3/6/12 14:05,nd1S06868,Left,Black,No,nd1C00072,nd1T00053,nd1E00107,nd1N00073,"nd1I00036\,stdI00002",,Inside,1103567,No,,No,No,No,Male,1986,Asian-Chinese,
653822,nd1R1043289,06868d177,3/6/12 14:05,nd1S06868,Left,Black,No,nd1C00072,nd1T00053,nd1E00107,nd1N00073,"nd1I00036\,stdI00002",,Inside,1103568,No,,No,No,No,Male,1986,Asian-Chinese,
653823,nd1R1043290,06868d178,3/6/12 14:05,nd1S06868,Left,Black,No,nd1C00072,nd1T00053,nd1E00107,nd1N00073,"nd1I00036\,stdI00002",,Inside,1103569,No,,No,No,No,Male,1986,Asian-Chinese,
655617,nd1R1045076,06868d190,3/6/12 14:05,nd1S06868,Left,Black,No,nd1C00072,nd1T00050,nd1E00107,nd1N00048,"nd1I00022\,stdI00002",,Inside,1105363,No,,No,No,No,Male,1986,Asian-Chinese,
655619,nd1R1045078,06868d192,3/6/12 14:05,nd1S06868,Left,Black,No,nd1C00072,nd1T00050,nd1E00107,nd1N00048,"nd1I00022\,stdI00002",,Inside,1105365,No,,No,No,No,Male,1986,Asian-Chinese,
619936,nd1R986696,06896d44,11/8/11 14:54,nd1S06896,Left,Black,No,nd1C00068,nd1T00054,nd1E00107,nd1N00073,"nd1I00036\,stdI00002",,Inside,1034350,No,,No,No,No,Male,1986,Asian-Chinese,
619947,nd1R986707,06896d55,11/8/11 14:54,nd1S06896,Left,Black,No,nd1C00068,nd1T00053,nd1E00107,nd1N00073,"nd1I00036\,stdI00002",,Inside,1034361,No,,No,No,No,Male,1986,Asian-Chinese,
622195,nd1R988950,06896d64,11/8/11 14:54,nd1S06896,Left,Black,No,nd1C00068,nd1T00050,nd1E00107,nd1N00048,"nd1I00022\,stdI00002",,Inside,1036609,No,,No,No,No,Male,1986,Asian-Chinese,
622197,nd1R988951,06896d65,11/8/11 14:54,nd1S06896,Left,Black,No,nd1C00068,nd1T00050,nd1E00107,nd1N00048,"nd1I00022\,stdI00002",,Inside,1036611,No,,No,No,No,Male,1986,Asian-Chinese,
623312,nd1R990066,06896d67,11/8/11 14:54,nd1S06896,Left,Black,No,nd1C00068,nd1T00051,nd1E00107,nd1N00074,"nd1I00027\,stdI00002",,Inside,1037726,No,,No,No,No,Male,1986,Asian-Chinese,
638144,nd1R1019333,06927d49,2/9/12 15:02,nd1S06927,Right,Blue,No,nd1C00072,nd1T00054,nd1E00107,nd1N00073,"nd1I00036\,stdI00002",,Inside,1064034,No,,No,No,No,Male,1993,White,
638152,nd1R1019341,06927d57,2/9/12 15:02,nd1S06927,Right,Blue,No,nd1C00072,nd1T00053,nd1E00107,nd1N00073,"nd1I00036\,stdI00002",,Inside,1064042,No,,No,No,No,Male,1993,White,
638154,nd1R1019343,06927d59,2/9/12 15:02,nd1S06927,Right,Blue,No,nd1C00072,nd1T00053,nd1E00107,nd1N00073,"nd1I00036\,stdI00002",,Inside,1064044,No,,No,No,No,Male,1993,White,
639445,nd1R1019709,06927d65,2/9/12 15:02,nd1S06927,Right,Blue,No,nd1C00072,nd1T00049,nd1E00107,nd1N00079,"nd1I00023\,stdI00002",,Inside,1065335,No,,No,No,No,Male,1993,White,
640185,,,2/9/12 15:02,nd1S06927,Right,Blue,No,,nd1T00050,nd1E00107,nd1N00048,"nd1I00022\,stdI00002",,Inside,1066075,No,,No,No,No,Male,1993,White,
640189,,,2/9/12 15:02,nd1S06927,Right,Blue,No,,nd1T00050,nd1E00107,nd1N00048,"nd1I00022\,stdI00002",,Inside,1066079,No,,No,No,No,Male,1993,White,
649621,nd1R1028053,06927d84,2/23/12 15:05,nd1S06927,Right,Blue,No,nd1C00072,nd1T00054,nd1E00107,nd1N00073,"nd1I00036\,stdI00002",,Inside,1088852,No,,No,No,No,Male,1993,White,
649629,nd1R1028061,06927d92,2/23/12 15:05,nd1S06927,Right,Blue,No,nd1C00072,nd1T00053,nd1E00107,nd1N00073,"nd1I00036\,stdI00002",,Inside,1088860,No,,No,No,No,Male,1993,White,
650732,nd1R1029164,06927d106,2/23/12 15:05,nd1S06927,Right,Blue,No,nd1C00072,nd1T00049,nd1E00107,nd1N00079,"nd1I00023\,stdI00002",,Inside,1089963,No,,No,No,No,Male,1993,White,
651425,nd1R1029852,06927d111,2/23/12 15:05,nd1S06927,Right,Blue,No,nd1C00072,nd1T00050,nd1E00107,nd1N00048,"nd1I00022\,stdI00002",,Inside,1090656,No,,No,No,No,Male,1993,White,
654166,nd1R1043627,06927d177,3/6/12 15:23,nd1S06927,Right,Blue,No,nd1C00072,nd1T00054,nd1E00107,nd1N00073,"nd1I00036\,stdI00002",,Inside,1103912,No,,No,No,No,Male,1993,White,
654174,nd1R1043635,06927d185,3/6/12 15:23,nd1S06927,Right,Blue,No,nd1C00072,nd1T00053,nd1E00107,nd1N00073,"nd1I00036\,stdI00002",,Inside,1103920,No,,No,No,No,Male,1993,White,
655101,nd1R1044562,06927d194,3/6/12 15:23,nd1S06927,Right,Blue,No,nd1C00072,nd1T00049,nd1E00107,nd1N00079,"nd1I00023\,stdI00002",,Inside,1104847,No,,No,No,No,Male,1993,White,
664997,nd1R1066043,06927d266,3/27/12 13:49,nd1S06927,Right,Blue,No,nd1C00072,nd1T00049,nd1E00107,nd1N00079,"nd1I00023\,stdI00002",,Inside,1126289,No,,No,No,No,Male,1993,White,
667323,nd1R1068356,06927d291,3/27/12 13:49,nd1S06927,Right,Blue,No,nd1C00072,nd1T00054,nd1E00107,nd1N00073,"nd1I00036\,stdI00002",,Inside,1128615,No,,No,No,No,Male,1993,White,
667334,nd1R1068367,06927d302,3/27/12 13:49,nd1S06927,Right,Blue,No,nd1C00072,nd1T00053,nd1E00107,nd1N00073,"nd1I00036\,stdI00002",,Inside,1128626,No,,No,No,No,Male,1993,White,
647436,nd1R1025870,06932d5,2/23/12 11:30,nd1S06932,Right,Hazel,No,nd1C00072,nd1T00049,nd1E00107,nd1N00079,"nd1I00023\,stdI00002",,Inside,1086667,No,,No,No,No,Female,1992,White,
650977,nd1R1029409,06932d12,2/23/12 11:30,nd1S06932,Right,Hazel,No,nd1C00072,nd1T00050,nd1E00107,nd1N00048,"nd1I00022\,stdI00002",,Inside,1090208,No,,No,No,No,Female,1992,White,
650979,nd1R1029411,06932d14,2/23/12 11:30,nd1S06932,Right,Hazel,No,nd1C00072,nd1T00050,nd1E00107,nd1N00048,"nd1I00022\,stdI00002",,Inside,1090210,No,,No,No,No,Female,1992,White,
651643,,,2/23/12 11:30,nd1S06932,Right,Hazel,No,,nd1T00051,nd1E00107,nd1N00074,"nd1I00027\,stdI00002",,Inside,1090874,No,,No,No,No,Female,1992,White,
651644,nd1R1030067,06932d23,2/23/12 11:30,nd1S06932,Right,Hazel,No,nd1C00072,nd1T00051,nd1E00107,nd1N00074,"nd1I00027\,stdI00002",,Inside,1090875,No,,No,No,No,Female,1992,White,
651645,nd1R1030068,06932d24,2/23/12 11:30,nd1S06932,Right,Hazel,No,nd1C00072,nd1T00051,nd1E00107,nd1N00074,"nd1I00027\,stdI00002",,Inside,1090876,No,,No,No,No,Female,1992,White,
642369,nd1R1020820,06943d5,2/21/12 14:19,nd1S06943,Right,Blue,No,nd1C00072,nd1T00053,nd1E00107,nd1N00073,"nd1I00036\,stdI00002",,Inside,1081600,Yes,Soft,No,No,No,Female,1992,White,
642376,nd1R1020827,06943d12,2/21/12 14:19,nd1S06943,Right,Blue,No,nd1C00072,nd1T00054,nd1E00107,nd1N00073,"nd1I00036\,stdI00002",,Inside,1081607,Yes,Soft,No,No,No,Female,1992,White,
642379,nd1R1020830,06943d15,2/21/12 14:19,nd1S06943,Right,Blue,No,nd1C00072,nd1T00054,nd1E00107,nd1N00073,"nd1I00036\,stdI00002",,Inside,1081610,Yes,Soft,No,No,No,Female,1992,White,
643911,nd1R1022354,06943d29,2/21/12 14:19,nd1S06943,Right,Blue,No,nd1C00072,nd1T00049,nd1E00107,nd1N00079,"nd1I00023\,stdI00002",,Inside,1083142,Yes,Soft,No,No,No,Female,1992,White,
644626,nd1R1023069,06943d31,2/21/12 14:19,nd1S06943,Right,Blue,No,nd1C00072,nd1T00050,nd1E00107,nd1N00048,"nd1I00022\,stdI00002",,Inside,1083857,Yes,Soft,No,No,No,Female,1992,White,
644628,nd1R1023071,06943d33,2/21/12 14:19,nd1S06943,Right,Blue,No,nd1C00072,nd1T00050,nd1E00107,nd1N00048,"nd1I00022\,stdI00002",,Inside,1083859,Yes,Soft,No,No,No,Female,1992,White,
644630,,,2/21/12 14:19,nd1S06943,Right,Blue,No,,nd1T00050,nd1E00107,nd1N00048,"nd1I00022\,stdI00002",,Inside,1083861,Yes,Soft,No,No,No,Female,1992,White,
645598,nd1R1024035,06943d40,2/21/12 14:19,nd1S06943,Right,Blue,No,nd1C00072,nd1T00051,nd1E00107,nd1N00074,"nd1I00028\,stdI00002",,Inside,1084829,Yes,Soft,No,No,No,Female,1992,White,
645602,nd1R1024039,06943d44,2/21/12 14:19,nd1S06943,Right,Blue,No,nd1C00072,nd1T00051,nd1E00107,nd1N00074,"nd1I00027\,stdI00002",,Inside,1084833,Yes,Soft,No,No,No,Female,1992,White,
709881,nd1R1144052,07015d4550,10/29/13 11:24,nd1S07015,Left,Brown,No,nd1C00082,nd1T00051,nd1E00131,nd1N00074,"nd1I00028\,stdI00002",,Inside,1189964,No,,No,No,No,Female,1962,White,contacts-NoContacts
712133,nd1R1141801,07015d3657,10/31/13 11:34,nd1S07015,Left,Brown,No,nd1C00082,nd1T00051,nd1E00131,nd1N00074,"nd1I00027\,stdI00002",,Inside,1192216,No,,No,No,No,Female,1962,White,contacts-NoContacts
712134,nd1R1141800,07015d3656,10/31/13 11:34,nd1S07015,Left,Brown,No,nd1C00082,nd1T00051,nd1E00131,nd1N00074,"nd1I00027\,stdI00002",,Inside,1192217,No,,No,No,No,Female,1962,White,contacts-NoContacts
712137,,,10/31/13 11:34,nd1S07015,Left,Brown,No,,nd1T00051,nd1E00131,nd1N00074,"nd1I00027\,stdI00002",,Inside,1192220,No,,No,No,No,Female,1962,White,contacts-NoContacts
712148,nd1R1141787,07015d3643,10/31/13 11:34,nd1S07015,Left,Brown,No,nd1C00082,nd1T00051,nd1E00131,nd1N00074,"nd1I00027\,stdI00002",,Inside,1192231,No,,No,No,No,Female,1962,White,contacts-NoContacts
712155,,,10/31/13 11:34,nd1S07015,Left,Brown,No,,nd1T00051,nd1E00131,nd1N00074,"nd1I00027\,stdI00002",,Inside,1192238,No,,No,No,No,Female,1962,White,contacts-NoContacts
712156,nd1R1141780,07015d3636,10/31/13 11:34,nd1S07015,Left,Brown,No,nd1C00082,nd1T00051,nd1E00131,nd1N00074,"nd1I00027\,stdI00002",,Inside,1192239,No,,No,No,No,Female,1962,White,contacts-NoContacts
712161,,,10/31/13 11:34,nd1S07015,Left,Brown,No,,nd1T00051,nd1E00131,nd1N00074,"nd1I00027\,stdI00002",,Inside,1192244,No,,No,No,No,Female,1962,White,contacts-NoContacts
712188,nd1R1141749,07015d3605,10/31/13 11:34,nd1S07015,Left,Brown,No,nd1C00082,nd1T00051,nd1E00131,nd1N00074,"nd1I00028\,stdI00002",,Inside,1192271,No,,No,No,No,Female,1962,White,contacts-NoContacts
712193,nd1R1141744,07015d3600,10/31/13 11:34,nd1S07015,Left,Brown,No,nd1C00082,nd1T00051,nd1E00131,nd1N00074,"nd1I00028\,stdI00002",,Inside,1192276,No,,No,No,No,Female,1962,White,contacts-NoContacts
712196,nd1R1141741,07015d3597,10/31/13 11:34,nd1S07015,Left,Brown,No,nd1C00082,nd1T00051,nd1E00131,nd1N00074,"nd1I00028\,stdI00002",,Inside,1192279,No,,No,No,No,Female,1962,White,contacts-NoContacts
712201,nd1R1141736,07015d3592,10/31/13 11:34,nd1S07015,Left,Brown,No,nd1C00082,nd1T00051,nd1E00131,nd1N00074,"nd1I00028\,stdI00002",,Inside,1192284,No,,No,No,No,Female,1962,White,contacts-NoContacts
712205,nd1R1141732,07015d3588,10/31/13 11:34,nd1S07015,Left,Brown,No,nd1C00082,nd1T00051,nd1E00131,nd1N00074,"nd1I00028\,stdI00002",,Inside,1192288,No,,No,No,No,Female,1962,White,contacts-NoContacts
676215,nd1R1107964,07015d81,8/14/12 17:05,nd1S07015,Right,Brown,No,nd1C00076,nd1T00051,nd1E00130,nd1N00074,"nd1I00028\,stdI00002",,Inside,1148908,Yes,Soft,Yes,No,Yes,Female,1962,White,"contacts-brand-ExpressionsColors\,contacts-color-blue\,contacts-cosmetic-given\,contacts-manufacturer-Coopervision\,contacts-not-toric-given\,contacts-soft-given\,contacts-texture-given"
676252,nd1R1108001,07015d118,8/14/12 17:05,nd1S07015,Right,Brown,No,nd1C00076,nd1T00051,nd1E00130,nd1N00074,"nd1I00028\,stdI00002",,Inside,1148945,Yes,Soft,Yes,No,Yes,Female,1962,White,"contacts-brand-ExpressionsColors\,contacts-color-blue\,contacts-cosmetic-given\,contacts-manufacturer-Coopervision\,contacts-not-toric-given\,contacts-soft-given\,contacts-texture-given"
676291,nd1R1108040,07015d157,8/14/12 17:05,nd1S07015,Right,Brown,No,nd1C00076,nd1T00051,nd1E00130,nd1N00074,"nd1I00027\,stdI00002",,Inside,1148984,Yes,Soft,Yes,No,Yes,Female,1962,White,"contacts-brand-ExpressionsColors\,contacts-color-blue\,contacts-cosmetic-given\,contacts-manufacturer-Coopervision\,contacts-not-toric-given\,contacts-soft-given\,contacts-texture-given"
676375,nd1R1108121,07015d238,8/14/12 17:11,nd1S07015,Right,Brown,No,nd1C00076,nd1T00051,nd1E00130,nd1N00074,"nd1I00028\,stdI00002",,Inside,1149068,Yes,Soft,Yes,No,Yes,Female,1962,White,"contacts-brand-FreshLook_Colorblends\,contacts-manufacturer-CibaVision\,contacts-color-green\,contacts-soft-given\,contacts-not-toric-given\,contacts-texture-given\,contacts-cosmetic-given"
676596,nd1R1108342,07015d459,8/14/12 17:12,nd1S07015,Right,Brown,No,nd1C00076,nd1T00051,nd1E00130,nd1N00074,"nd1I00027\,stdI00002",,Inside,1149289,No,,No,No,No,Female,1962,White,contacts-NoContacts
679091,nd1R1110834,07015d554,8/15/12 17:49,nd1S07015,Right,Brown,No,nd1C00076,nd1T00051,nd1E00130,nd1N00074,"nd1I00028\,stdI00002",,Inside,1151784,Yes,Soft,Yes,No,Yes,Female,1962,White,"contacts-brand-ExpressionsColors\,contacts-color-blue\,contacts-cosmetic-given\,contacts-manufacturer-Coopervision\,contacts-not-toric-given\,contacts-soft-given\,contacts-texture-given"
679410,nd1R1111152,07015d872,8/15/12 17:52,nd1S07015,Right,Brown,No,nd1C00076,nd1T00051,nd1E00130,nd1N00074,"nd1I00028\,stdI00002",,Inside,1152103,No,,No,No,No,Female,1962,White,contacts-NoContacts
679411,nd1R1111153,07015d873,8/15/12 17:52,nd1S07015,Right,Brown,No,nd1C00076,nd1T00051,nd1E00130,nd1N00074,"nd1I00028\,stdI00002",,Inside,1152104,No,,No,No,No,Female,1962,White,contacts-NoContacts
679424,nd1R1111166,07015d886,8/15/12 17:52,nd1S07015,Right,Brown,No,nd1C00076,nd1T00051,nd1E00130,nd1N00074,"nd1I00027\,stdI00002",,Inside,1152117,No,,No,No,No,Female,1962,White,contacts-NoContacts
679450,,,8/15/12 17:52,nd1S07015,Right,Brown,No,,nd1T00051,nd1E00130,nd1N00074,"nd1I00027\,stdI00002",,Inside,1152143,No,,No,No,No,Female,1962,White,contacts-NoContacts
679546,nd1R1111284,07015d1004,8/15/12 17:53,nd1S07015,Right,Brown,No,nd1C00076,nd1T00051,nd1E00130,nd1N00074,"nd1I00028\,stdI00002",,Inside,1152239,Yes,Soft,No,No,No,Female,1962,White,"contacts-not-toric-given\,contacts-color-none\,contacts-soft-given"
679549,nd1R1111287,07015d1007,8/15/12 17:53,nd1S07015,Right,Brown,No,nd1C00076,nd1T00051,nd1E00130,nd1N00074,"nd1I00028\,stdI00002",,Inside,1152242,Yes,Soft,No,No,No,Female,1962,White,"contacts-not-toric-given\,contacts-color-none\,contacts-soft-given"
679550,nd1R1111288,07015d1008,8/15/12 17:53,nd1S07015,Right,Brown,No,nd1C00076,nd1T00051,nd1E00130,nd1N00074,"nd1I00028\,stdI00002",,Inside,1152243,Yes,Soft,No,No,No,Female,1962,White,"contacts-not-toric-given\,contacts-color-none\,contacts-soft-given"
679575,nd1R1111313,07015d1033,8/15/12 17:53,nd1S07015,Right,Brown,No,nd1C00076,nd1T00051,nd1E00130,nd1N00074,"nd1I00028\,stdI00002",,Inside,1152268,Yes,Soft,No,No,No,Female,1962,White,"contacts-not-toric-given\,contacts-color-none\,contacts-soft-given"
679589,nd1R1111327,07015d1047,8/15/12 17:53,nd1S07015,Right,Brown,No,nd1C00076,nd1T00051,nd1E00130,nd1N00074,"nd1I00027\,stdI00002",,Inside,1152282,Yes,Soft,No,No,No,Female,1962,White,"contacts-not-toric-given\,contacts-color-none\,contacts-soft-given"
679596,nd1R1111334,07015d1054,8/15/12 17:53,nd1S07015,Right,Brown,No,nd1C00076,nd1T00051,nd1E00130,nd1N00074,"nd1I00027\,stdI00002",,Inside,1152289,Yes,Soft,No,No,No,Female,1962,White,"contacts-not-toric-given\,contacts-color-none\,contacts-soft-given"
682585,nd1R1114320,07015d1163,8/16/12 21:24,nd1S07015,Right,Brown,No,nd1C00076,nd1T00051,nd1E00130,nd1N00074,"nd1I00028\,stdI00002",,Inside,1155278,Yes,Soft,Yes,No,Yes,Female,1962,White,"contacts-brand-ExpressionsColors\,contacts-color-blue\,contacts-cosmetic-given\,contacts-manufacturer-Coopervision\,contacts-not-toric-given\,contacts-soft-given\,contacts-texture-given"
682586,nd1R1114321,07015d1164,8/16/12 21:24,nd1S07015,Right,Brown,No,nd1C00076,nd1T00051,nd1E00130,nd1N00074,"nd1I00028\,stdI00002",,Inside,1155279,Yes,Soft,Yes,No,Yes,Female,1962,White,"contacts-brand-ExpressionsColors\,contacts-color-blue\,contacts-cosmetic-given\,contacts-manufacturer-Coopervision\,contacts-not-toric-given\,contacts-soft-given\,contacts-texture-given"
682596,,,8/16/12 21:24,nd1S07015,Right,Brown,No,,nd1T00051,nd1E00130,nd1N00074,"nd1I00028\,stdI00002",,Inside,1155289,Yes,Soft,Yes,No,Yes,Female,1962,White,"contacts-brand-ExpressionsColors\,contacts-color-blue\,contacts-cosmetic-given\,contacts-manufacturer-Coopervision\,contacts-not-toric-given\,contacts-soft-given\,contacts-texture-given"
682625,nd1R1114359,07015d1202,8/16/12 21:24,nd1S07015,Right,Brown,No,nd1C00076,nd1T00051,nd1E00130,nd1N00074,"nd1I00027\,stdI00002",,Inside,1155318,Yes,Soft,Yes,No,Yes,Female,1962,White,"contacts-brand-ExpressionsColors\,contacts-color-blue\,contacts-cosmetic-given\,contacts-manufacturer-Coopervision\,contacts-not-toric-given\,contacts-soft-given\,contacts-texture-given"
682644,nd1R1114378,07015d1221,8/16/12 21:24,nd1S07015,Right,Brown,No,nd1C00076,nd1T00051,nd1E00130,nd1N00074,"nd1I00027\,stdI00002",,Inside,1155337,Yes,Soft,Yes,No,Yes,Female,1962,White,"contacts-brand-ExpressionsColors\,contacts-color-blue\,contacts-cosmetic-given\,contacts-manufacturer-Coopervision\,contacts-not-toric-given\,contacts-soft-given\,contacts-texture-given"
683066,nd1R1114800,07015d1643,8/16/12 21:29,nd1S07015,Right,Brown,No,nd1C00076,nd1T00051,nd1E00130,nd1N00074,"nd1I00028\,stdI00002",,Inside,1155759,Yes,Soft,No,No,No,Female,1962,White,"contacts-not-toric-given\,contacts-color-none\,contacts-soft-given"
683079,nd1R1114813,07015d1656,8/16/12 21:29,nd1S07015,Right,Brown,No,nd1C00076,nd1T00051,nd1E00130,nd1N00074,"nd1I00028\,stdI00002",,Inside,1155772,Yes,Soft,No,No,No,Female,1962,White,"contacts-not-toric-given\,contacts-color-none\,contacts-soft-given"
685019,nd1R1116748,07015d1764,8/14/12 17:05,nd1S07015,Right,Brown,No,nd1C00076,nd1T00049,nd1E00130,nd1N00079,"nd1I00023\,stdI00002",,Inside,1157712,Yes,Soft,Yes,No,Yes,Female,1962,White,"contacts-brand-ExpressionsColors\,contacts-color-blue\,contacts-cosmetic-given\,contacts-manufacturer-Coopervision\,contacts-not-toric-given\,contacts-soft-given\,contacts-texture-given"
685028,nd1R1116757,07015d1773,8/14/12 17:05,nd1S07015,Right,Brown,No,nd1C00076,nd1T00049,nd1E00130,nd1N00079,"nd1I00023\,stdI00002",,Inside,1157721,Yes,Soft,Yes,No,Yes,Female,1962,White,"contacts-brand-ExpressionsColors\,contacts-color-blue\,contacts-cosmetic-given\,contacts-manufacturer-Coopervision\,contacts-not-toric-given\,contacts-soft-given\,contacts-texture-given"
688136,nd1R1119865,07015d2353,8/16/12 21:24,nd1S07015,Right,Brown,No,nd1C00076,nd1T00049,nd1E00130,nd1N00079,"nd1I00023\,stdI00002",,Inside,1160829,Yes,Soft,Yes,No,Yes,Female,1962,White,"contacts-brand-ExpressionsColors\,contacts-color-blue\,contacts-cosmetic-given\,contacts-manufacturer-Coopervision\,contacts-not-toric-given\,contacts-soft-given\,contacts-texture-given"
688201,nd1R1119930,07015d2418,8/16/12 21:26,nd1S07015,Right,Brown,No,nd1C00076,nd1T00049,nd1E00130,nd1N00079,"nd1I00023\,stdI00002",,Inside,1160894,Yes,Soft,Yes,No,Yes,Female,1962,White,"contacts-brand-FreshLook_Colorblends\,contacts-manufacturer-CibaVision\,contacts-color-green\,contacts-soft-given\,contacts-not-toric-given\,contacts-texture-given\,contacts-cosmetic-given"
709891,nd1R1144042,07015d4540,10/29/13 11:24,nd1S07015,Right,Brown,No,nd1C00082,nd1T00051,nd1E00131,nd1N00074,"nd1I00028\,stdI00002",,Inside,1189974,No,,No,No,No,Female,1962,White,contacts-NoContacts
709897,nd1R1144036,07015d4534,10/29/13 11:24,nd1S07015,Right,Brown,No,nd1C00082,nd1T00051,nd1E00131,nd1N00074,"nd1I00028\,stdI00002",,Inside,1189980,No,,No,No,No,Female,1962,White,contacts-NoContacts
709927,nd1R1144006,07015d4504,10/29/13 11:24,nd1S07015,Right,Brown,No,nd1C00082,nd1T00051,nd1E00131,nd1N00074,"nd1I00028\,stdI00002",,Inside,1190010,No,,No,No,No,Female,1962,White,contacts-NoContacts
709948,nd1R1143985,07015d4483,10/29/13 11:24,nd1S07015,Right,Brown,No,nd1C00082,nd1T00051,nd1E00131,nd1N00074,"nd1I00027\,stdI00002",,Inside,1190031,No,,No,No,No,Female,1962,White,contacts-NoContacts
710465,nd1R1143469,07015d3967,10/31/13 11:34,nd1S07015,Right,Brown,No,nd1C00082,nd1T00049,nd1E00131,nd1N00079,"nd1I00023\,stdI00002",,Inside,1190548,No,,No,No,No,Female,1962,White,contacts-NoContacts